date,series,value,unit,source_id,frequency
2024-06-30,PAK_GGO_NR_GR_TR_S_CL_XDC,0.0,million PKR,mof_general_govt_operations_sdmx,quarterly
2024-09-30,PAK_GGO_NR_GR_TR_S_CL_XDC,10193.410254,million PKR,mof_general_govt_operations_sdmx,quarterly
2024-12-31,PAK_GGO_NR_GR_TR_S_CL_XDC,25484.948359,million PKR,mof_general_govt_operations_sdmx,quarterly
2025-03-31,PAK_GGO_NR_GR_TR_S_CL_XDC,37268.190907,million PKR,mof_general_govt_operations_sdmx,quarterly
2024-06-30,PAK_GGO_NR_GR_TR_S_NAL_XDC,0.0,million PKR,mof_general_govt_operations_sdmx,quarterly
2024-09-30,PAK_GGO_NR_GR_TR_S_NAL_XDC,3010.82,million PKR,mof_general_govt_operations_sdmx,quarterly
2024-12-31,PAK_GGO_NR_GR_TR_S_NAL_XDC,10215.71,million PKR,mof_general_govt_operations_sdmx,quarterly
2025-03-31,PAK_GGO_NR_GR_TR_S_NAL_XDC,17774.72,million PKR,mof_general_govt_operations_sdmx,quarterly
2023-09-30,PAK_GGO_NR_GR_TR_S_OTG_XDC,0.0,million PKR,mof_general_govt_operations_sdmx,quarterly
2023-12-31,PAK_GGO_NR_GR_TR_S_OTG_XDC,0.0,million PKR,mof_general_govt_operations_sdmx,quarterly
2024-03-31,PAK_GGO_NR_GR_TR_S_OTG_XDC,0.0,million PKR,mof_general_govt_operations_sdmx,quarterly
2024-06-30,PAK_GGO_NR_GR_TR_S_OTG_XDC,1998.94478,million PKR,mof_general_govt_operations_sdmx,quarterly
2024-09-30,PAK_GGO_NR_GR_TR_S_OTG_XDC,1061.878103,million PKR,mof_general_govt_operations_sdmx,quarterly
2024-12-31,PAK_GGO_NR_GR_TR_S_OTG_XDC,8816.161509,million PKR,mof_general_govt_operations_sdmx,quarterly
2025-03-31,PAK_GGO_NR_GR_TR_S_OTG_XDC,11358.264455,million PKR,mof_general_govt_operations_sdmx,quarterly
2016-09-30,"Pakistan Definition,General Government Operations, Budget balance (excluding grants), National Currency [PAK_GGO_BBEG_XDC]",-440821.5,million PKR,mof_general_govt_operations_sdmx,quarterly
2016-12-31,"Pakistan Definition,General Government Operations, Budget balance (excluding grants), National Currency [PAK_GGO_BBEG_XDC]",-796299.0,million PKR,mof_general_govt_operations_sdmx,quarterly
2017-03-31,"Pakistan Definition,General Government Operations, Budget balance (excluding grants), National Currency [PAK_GGO_BBEG_XDC]",-1480929.2000000002,million PKR,mof_general_govt_operations_sdmx,quarterly
2017-06-30,"Pakistan Definition,General Government Operations, Budget balance (excluding grants), National Currency [PAK_GGO_BBEG_XDC]",-2260380.0,million PKR,mof_general_govt_operations_sdmx,quarterly
2017-09-30,"Pakistan Definition,General Government Operations, Budget balance (excluding grants), National Currency [PAK_GGO_BBEG_XDC]",-541676.5,million PKR,mof_general_govt_operations_sdmx,quarterly
2017-12-31,"Pakistan Definition,General Government Operations, Budget balance (excluding grants), National Currency [PAK_GGO_BBEG_XDC]",-1029902.4000000004,million PKR,mof_general_govt_operations_sdmx,quarterly
2018-03-31,"Pakistan Definition,General Government Operations, Budget balance (excluding grants), National Currency [PAK_GGO_BBEG_XDC]",-1922480.2130000005,million PKR,mof_general_govt_operations_sdmx,quarterly
2018-06-30,"Pakistan Definition,General Government Operations, Budget balance (excluding grants), National Currency [PAK_GGO_BBEG_XDC]",-3444916.0,million PKR,mof_general_govt_operations_sdmx,quarterly
2018-09-30,"Pakistan Definition,General Government Operations, Budget balance (excluding grants), National Currency [PAK_GGO_BBEG_XDC]",-286023.5888,million PKR,mof_general_govt_operations_sdmx,quarterly
2018-12-31,"Pakistan Definition,General Government Operations, Budget balance (excluding grants), National Currency [PAK_GGO_BBEG_XDC]",-994716.0,million PKR,mof_general_govt_operations_sdmx,quarterly
2019-03-31,"Pakistan Definition,General Government Operations, Budget balance (excluding grants), National Currency [PAK_GGO_BBEG_XDC]",-1686197.4000000004,million PKR,mof_general_govt_operations_sdmx,quarterly
2019-06-30,"Pakistan Definition,General Government Operations, Budget balance (excluding grants), National Currency [PAK_GGO_BBEG_XDC]",-3376320.2229999993,million PKR,mof_general_govt_operations_sdmx,quarterly
2019-09-30,"Pakistan Definition,General Government Operations, Budget balance (excluding grants), National Currency [PAK_GGO_BBEG_XDC]",-484324.05599999987,million PKR,mof_general_govt_operations_sdmx,quarterly
2019-12-31,"Pakistan Definition,General Government Operations, Budget balance (excluding grants), National Currency [PAK_GGO_BBEG_XDC]",-1137924.8563,million PKR,mof_general_govt_operations_sdmx,quarterly
2020-03-31,"Pakistan Definition,General Government Operations, Budget balance (excluding grants), National Currency [PAK_GGO_BBEG_XDC]",-1652045.755,million PKR,mof_general_govt_operations_sdmx,quarterly
2020-06-30,"Pakistan Definition,General Government Operations, Budget balance (excluding grants), National Currency [PAK_GGO_BBEG_XDC]",-3403321.3450000007,million PKR,mof_general_govt_operations_sdmx,quarterly
2020-09-30,"Pakistan Definition,General Government Operations, Budget balance (excluding grants), National Currency [PAK_GGO_BBEG_XDC]",-438491.1700000004,million PKR,mof_general_govt_operations_sdmx,quarterly
2020-12-31,"Pakistan Definition,General Government Operations, Budget balance (excluding grants), National Currency [PAK_GGO_BBEG_XDC]",-1371817.5994999995,million PKR,mof_general_govt_operations_sdmx,quarterly
2021-03-31,"Pakistan Definition,General Government Operations, Budget balance (excluding grants), National Currency [PAK_GGO_BBEG_XDC]",-2565641.9070000015,million PKR,mof_general_govt_operations_sdmx,quarterly
2021-06-30,"Pakistan Definition,General Government Operations, Budget balance (excluding grants), National Currency [PAK_GGO_BBEG_XDC]",-5259891.960900001,million PKR,mof_general_govt_operations_sdmx,quarterly
2021-09-30,"Pakistan Definition,General Government Operations, Budget balance (excluding grants), National Currency [PAK_GGO_BBEG_XDC]",-819305.9710000004,million PKR,mof_general_govt_operations_sdmx,quarterly
2021-12-31,"Pakistan Definition,General Government Operations, Budget balance (excluding grants), National Currency [PAK_GGO_BBEG_XDC]",-1683462.131,million PKR,mof_general_govt_operations_sdmx,quarterly
2022-03-31,"Pakistan Definition,General Government Operations, Budget balance (excluding grants), National Currency [PAK_GGO_BBEG_XDC]",-3078673.0,million PKR,mof_general_govt_operations_sdmx,quarterly
2022-06-30,"Pakistan Definition,General Government Operations, Budget balance (excluding grants), National Currency [PAK_GGO_BBEG_XDC]",-6521445.489,million PKR,mof_general_govt_operations_sdmx,quarterly
2022-09-30,"Pakistan Definition,General Government Operations, Budget balance (excluding grants), National Currency [PAK_GGO_BBEG_XDC]",-980056.8100000005,million PKR,mof_general_govt_operations_sdmx,quarterly
2022-12-31,"Pakistan Definition,General Government Operations, Budget balance (excluding grants), National Currency [PAK_GGO_BBEG_XDC]",-2407768.1438760012,million PKR,mof_general_govt_operations_sdmx,quarterly
2023-03-31,"Pakistan Definition,General Government Operations, Budget balance (excluding grants), National Currency [PAK_GGO_BBEG_XDC]",-3902416.0853710026,million PKR,mof_general_govt_operations_sdmx,quarterly
2023-06-30,"Pakistan Definition,General Government Operations, Budget balance (excluding grants), National Currency [PAK_GGO_BBEG_XDC]",-7206907.968647003,million PKR,mof_general_govt_operations_sdmx,quarterly
2023-09-30,"Pakistan Definition,General Government Operations, Budget balance (excluding grants), National Currency [PAK_GGO_BBEG_XDC]",1896008.5444669998,million PKR,mof_general_govt_operations_sdmx,quarterly
2023-12-31,"Pakistan Definition,General Government Operations, Budget balance (excluding grants), National Currency [PAK_GGO_BBEG_XDC]",-1537890.579533998,million PKR,mof_general_govt_operations_sdmx,quarterly
2024-03-31,"Pakistan Definition,General Government Operations, Budget balance (excluding grants), National Currency [PAK_GGO_BBEG_XDC]",-2970042.967971001,million PKR,mof_general_govt_operations_sdmx,quarterly
2024-06-30,"Pakistan Definition,General Government Operations, Budget balance (excluding grants), National Currency [PAK_GGO_BBEG_XDC]",-6168015.125143569,million PKR,mof_general_govt_operations_sdmx,quarterly
2024-09-30,"Pakistan Definition,General Government Operations, Budget balance (excluding grants), National Currency [PAK_GGO_BBEG_XDC]",2119492.1365050003,million PKR,mof_general_govt_operations_sdmx,quarterly
2024-12-31,"Pakistan Definition,General Government Operations, Budget balance (excluding grants), National Currency [PAK_GGO_BBEG_XDC]",541881.5782697573,million PKR,mof_general_govt_operations_sdmx,quarterly
2025-03-31,"Pakistan Definition,General Government Operations, Budget balance (excluding grants), National Currency [PAK_GGO_BBEG_XDC]",-856357.0254430119,million PKR,mof_general_govt_operations_sdmx,quarterly
2016-09-30,"Pakistan Definition,General Government Operations, Budget balance (including grants), Accrual budget balance (incl. IDP grants) 4/, National Currency [PAK_GGO_BBIG_XDC]",-435924.5,million PKR,mof_general_govt_operations_sdmx,quarterly
2016-12-31,"Pakistan Definition,General Government Operations, Budget balance (including grants), Accrual budget balance (incl. IDP grants) 4/, National Currency [PAK_GGO_BBIG_XDC]",-786883.0,million PKR,mof_general_govt_operations_sdmx,quarterly
2017-03-31,"Pakistan Definition,General Government Operations, Budget balance (including grants), Accrual budget balance (incl. IDP grants) 4/, National Currency [PAK_GGO_BBIG_XDC]",-1457237.2000000002,million PKR,mof_general_govt_operations_sdmx,quarterly
2017-06-30,"Pakistan Definition,General Government Operations, Budget balance (including grants), Accrual budget balance (incl. IDP grants) 4/, National Currency [PAK_GGO_BBIG_XDC]",-2223426.0,million PKR,mof_general_govt_operations_sdmx,quarterly
2017-09-30,"Pakistan Definition,General Government Operations, Budget balance (including grants), Accrual budget balance (incl. IDP grants) 4/, National Currency [PAK_GGO_BBIG_XDC]",-533729.5,million PKR,mof_general_govt_operations_sdmx,quarterly
2017-12-31,"Pakistan Definition,General Government Operations, Budget balance (including grants), Accrual budget balance (incl. IDP grants) 4/, National Currency [PAK_GGO_BBIG_XDC]",-1018543.4000000004,million PKR,mof_general_govt_operations_sdmx,quarterly
2018-03-31,"Pakistan Definition,General Government Operations, Budget balance (including grants), Accrual budget balance (incl. IDP grants) 4/, National Currency [PAK_GGO_BBIG_XDC]",-1906197.2130000005,million PKR,mof_general_govt_operations_sdmx,quarterly
2018-06-30,"Pakistan Definition,General Government Operations, Budget balance (including grants), Accrual budget balance (incl. IDP grants) 4/, National Currency [PAK_GGO_BBIG_XDC]",-3411893.0,million PKR,mof_general_govt_operations_sdmx,quarterly
2018-09-30,"Pakistan Definition,General Government Operations, Budget balance (including grants), Accrual budget balance (incl. IDP grants) 4/, National Currency [PAK_GGO_BBIG_XDC]",-278041.5888,million PKR,mof_general_govt_operations_sdmx,quarterly
2018-12-31,"Pakistan Definition,General Government Operations, Budget balance (including grants), Accrual budget balance (incl. IDP grants) 4/, National Currency [PAK_GGO_BBIG_XDC]",-974147.0,million PKR,mof_general_govt_operations_sdmx,quarterly
2019-03-31,"Pakistan Definition,General Government Operations, Budget balance (including grants), Accrual budget balance (incl. IDP grants) 4/, National Currency [PAK_GGO_BBIG_XDC]",-1661582.4000000004,million PKR,mof_general_govt_operations_sdmx,quarterly
2019-06-30,"Pakistan Definition,General Government Operations, Budget balance (including grants), Accrual budget balance (incl. IDP grants) 4/, National Currency [PAK_GGO_BBIG_XDC]",-3342837.2229999993,million PKR,mof_general_govt_operations_sdmx,quarterly
2019-09-30,"Pakistan Definition,General Government Operations, Budget balance (including grants), Accrual budget balance (incl. IDP grants) 4/, National Currency [PAK_GGO_BBIG_XDC]",-475006.52599999984,million PKR,mof_general_govt_operations_sdmx,quarterly
2019-12-31,"Pakistan Definition,General Government Operations, Budget balance (including grants), Accrual budget balance (incl. IDP grants) 4/, National Currency [PAK_GGO_BBIG_XDC]",-1121969.8563,million PKR,mof_general_govt_operations_sdmx,quarterly
2020-03-31,"Pakistan Definition,General Government Operations, Budget balance (including grants), Accrual budget balance (incl. IDP grants) 4/, National Currency [PAK_GGO_BBIG_XDC]",-1627824.755,million PKR,mof_general_govt_operations_sdmx,quarterly
2020-06-30,"Pakistan Definition,General Government Operations, Budget balance (including grants), Accrual budget balance (incl. IDP grants) 4/, National Currency [PAK_GGO_BBIG_XDC]",-3372706.8450000007,million PKR,mof_general_govt_operations_sdmx,quarterly
2020-09-30,"Pakistan Definition,General Government Operations, Budget balance (including grants), Accrual budget balance (incl. IDP grants) 4/, National Currency [PAK_GGO_BBIG_XDC]",-421378.1700000004,million PKR,mof_general_govt_operations_sdmx,quarterly
2020-12-31,"Pakistan Definition,General Government Operations, Budget balance (including grants), Accrual budget balance (incl. IDP grants) 4/, National Currency [PAK_GGO_BBIG_XDC]",-1345522.5994999995,million PKR,mof_general_govt_operations_sdmx,quarterly
2021-03-31,"Pakistan Definition,General Government Operations, Budget balance (including grants), Accrual budget balance (incl. IDP grants) 4/, National Currency [PAK_GGO_BBIG_XDC]",-2530617.9070000015,million PKR,mof_general_govt_operations_sdmx,quarterly
2021-06-30,"Pakistan Definition,General Government Operations, Budget balance (including grants), Accrual budget balance (incl. IDP grants) 4/, National Currency [PAK_GGO_BBIG_XDC]",-5218483.960900001,million PKR,mof_general_govt_operations_sdmx,quarterly
2021-09-30,"Pakistan Definition,General Government Operations, Budget balance (including grants), Accrual budget balance (incl. IDP grants) 4/, National Currency [PAK_GGO_BBIG_XDC]",-813675.9710000004,million PKR,mof_general_govt_operations_sdmx,quarterly
2021-12-31,"Pakistan Definition,General Government Operations, Budget balance (including grants), Accrual budget balance (incl. IDP grants) 4/, National Currency [PAK_GGO_BBIG_XDC]",-1671486.551,million PKR,mof_general_govt_operations_sdmx,quarterly
2022-03-31,"Pakistan Definition,General Government Operations, Budget balance (including grants), Accrual budget balance (incl. IDP grants) 4/, National Currency [PAK_GGO_BBIG_XDC]",-3051557.0,million PKR,mof_general_govt_operations_sdmx,quarterly
2022-06-30,"Pakistan Definition,General Government Operations, Budget balance (including grants), Accrual budget balance (incl. IDP grants) 4/, National Currency [PAK_GGO_BBIG_XDC]",-6486866.489,million PKR,mof_general_govt_operations_sdmx,quarterly
2022-09-30,"Pakistan Definition,General Government Operations, Budget balance (including grants), Accrual budget balance (incl. IDP grants) 4/, National Currency [PAK_GGO_BBIG_XDC]",-975701.6100000003,million PKR,mof_general_govt_operations_sdmx,quarterly
2022-12-31,"Pakistan Definition,General Government Operations, Budget balance (including grants), Accrual budget balance (incl. IDP grants) 4/, National Currency [PAK_GGO_BBIG_XDC]",-2397209.3938760012,million PKR,mof_general_govt_operations_sdmx,quarterly
2023-03-31,"Pakistan Definition,General Government Operations, Budget balance (including grants), Accrual budget balance (incl. IDP grants) 4/, National Currency [PAK_GGO_BBIG_XDC]",-3884279.945371002,million PKR,mof_general_govt_operations_sdmx,quarterly
2023-06-30,"Pakistan Definition,General Government Operations, Budget balance (including grants), Accrual budget balance (incl. IDP grants) 4/, National Currency [PAK_GGO_BBIG_XDC]",-7176305.058647003,million PKR,mof_general_govt_operations_sdmx,quarterly
2023-09-30,"Pakistan Definition,General Government Operations, Budget balance (including grants), Accrual budget balance (incl. IDP grants) 4/, National Currency [PAK_GGO_BBIG_XDC]",1906949.1444669995,million PKR,mof_general_govt_operations_sdmx,quarterly
2023-12-31,"Pakistan Definition,General Government Operations, Budget balance (including grants), Accrual budget balance (incl. IDP grants) 4/, National Currency [PAK_GGO_BBIG_XDC]",-1524395.1495339982,million PKR,mof_general_govt_operations_sdmx,quarterly
2024-03-31,"Pakistan Definition,General Government Operations, Budget balance (including grants), Accrual budget balance (incl. IDP grants) 4/, National Currency [PAK_GGO_BBIG_XDC]",-2952069.747971,million PKR,mof_general_govt_operations_sdmx,quarterly
2024-06-30,"Pakistan Definition,General Government Operations, Budget balance (including grants), Accrual budget balance (incl. IDP grants) 4/, National Currency [PAK_GGO_BBIG_XDC]",-6144960.709861677,million PKR,mof_general_govt_operations_sdmx,quarterly
2024-09-30,"Pakistan Definition,General Government Operations, Budget balance (including grants), Accrual budget balance (incl. IDP grants) 4/, National Currency [PAK_GGO_BBIG_XDC]",2122781.816505,million PKR,mof_general_govt_operations_sdmx,quarterly
2024-12-31,"Pakistan Definition,General Government Operations, Budget balance (including grants), Accrual budget balance (incl. IDP grants) 4/, National Currency [PAK_GGO_BBIG_XDC]",548001.7884318233,million PKR,mof_general_govt_operations_sdmx,quarterly
2025-03-31,"Pakistan Definition,General Government Operations, Budget balance (including grants), Accrual budget balance (incl. IDP grants) 4/, National Currency [PAK_GGO_BBIG_XDC]",-847394.5416991301,million PKR,mof_general_govt_operations_sdmx,quarterly
2016-09-30,"Pakistan Definition,General Government Operations, Expenditure, Current expenditure, Federal, Civil government 1/Domestic Currency [PAK_GGO_E_CE_F_CG_XDC]",81240.0,million PKR,mof_general_govt_operations_sdmx,quarterly
2016-12-31,"Pakistan Definition,General Government Operations, Expenditure, Current expenditure, Federal, Civil government 1/Domestic Currency [PAK_GGO_E_CE_F_CG_XDC]",177849.0,million PKR,mof_general_govt_operations_sdmx,quarterly
2017-03-31,"Pakistan Definition,General Government Operations, Expenditure, Current expenditure, Federal, Civil government 1/Domestic Currency [PAK_GGO_E_CE_F_CG_XDC]",289415.0,million PKR,mof_general_govt_operations_sdmx,quarterly
2017-06-30,"Pakistan Definition,General Government Operations, Expenditure, Current expenditure, Federal, Civil government 1/Domestic Currency [PAK_GGO_E_CE_F_CG_XDC]",427809.0,million PKR,mof_general_govt_operations_sdmx,quarterly
2017-09-30,"Pakistan Definition,General Government Operations, Expenditure, Current expenditure, Federal, Civil government 1/Domestic Currency [PAK_GGO_E_CE_F_CG_XDC]",104777.0,million PKR,mof_general_govt_operations_sdmx,quarterly
2017-12-31,"Pakistan Definition,General Government Operations, Expenditure, Current expenditure, Federal, Civil government 1/Domestic Currency [PAK_GGO_E_CE_F_CG_XDC]",209530.0,million PKR,mof_general_govt_operations_sdmx,quarterly
2018-03-31,"Pakistan Definition,General Government Operations, Expenditure, Current expenditure, Federal, Civil government 1/Domestic Currency [PAK_GGO_E_CE_F_CG_XDC]",329886.0,million PKR,mof_general_govt_operations_sdmx,quarterly
2018-06-30,"Pakistan Definition,General Government Operations, Expenditure, Current expenditure, Federal, Civil government 1/Domestic Currency [PAK_GGO_E_CE_F_CG_XDC]",508057.0,million PKR,mof_general_govt_operations_sdmx,quarterly
2018-09-30,"Pakistan Definition,General Government Operations, Expenditure, Current expenditure, Federal, Civil government 1/Domestic Currency [PAK_GGO_E_CE_F_CG_XDC]",87244.0,million PKR,mof_general_govt_operations_sdmx,quarterly
2018-12-31,"Pakistan Definition,General Government Operations, Expenditure, Current expenditure, Federal, Civil government 1/Domestic Currency [PAK_GGO_E_CE_F_CG_XDC]",219684.0,million PKR,mof_general_govt_operations_sdmx,quarterly
2019-03-31,"Pakistan Definition,General Government Operations, Expenditure, Current expenditure, Federal, Civil government 1/Domestic Currency [PAK_GGO_E_CE_F_CG_XDC]",340695.0,million PKR,mof_general_govt_operations_sdmx,quarterly
2019-06-30,"Pakistan Definition,General Government Operations, Expenditure, Current expenditure, Federal, Civil government 1/Domestic Currency [PAK_GGO_E_CE_F_CG_XDC]",524087.0,million PKR,mof_general_govt_operations_sdmx,quarterly
2019-09-30,"Pakistan Definition,General Government Operations, Expenditure, Current expenditure, Federal, Civil government 1/Domestic Currency [PAK_GGO_E_CE_F_CG_XDC]",88935.0,million PKR,mof_general_govt_operations_sdmx,quarterly
2019-12-31,"Pakistan Definition,General Government Operations, Expenditure, Current expenditure, Federal, Civil government 1/Domestic Currency [PAK_GGO_E_CE_F_CG_XDC]",195405.2,million PKR,mof_general_govt_operations_sdmx,quarterly
2020-03-31,"Pakistan Definition,General Government Operations, Expenditure, Current expenditure, Federal, Civil government 1/Domestic Currency [PAK_GGO_E_CE_F_CG_XDC]",311896.0,million PKR,mof_general_govt_operations_sdmx,quarterly
2020-06-30,"Pakistan Definition,General Government Operations, Expenditure, Current expenditure, Federal, Civil government 1/Domestic Currency [PAK_GGO_E_CE_F_CG_XDC]",505843.0,million PKR,mof_general_govt_operations_sdmx,quarterly
2020-09-30,"Pakistan Definition,General Government Operations, Expenditure, Current expenditure, Federal, Civil government 1/Domestic Currency [PAK_GGO_E_CE_F_CG_XDC]",89472.0,million PKR,mof_general_govt_operations_sdmx,quarterly
2020-12-31,"Pakistan Definition,General Government Operations, Expenditure, Current expenditure, Federal, Civil government 1/Domestic Currency [PAK_GGO_E_CE_F_CG_XDC]",209923.0,million PKR,mof_general_govt_operations_sdmx,quarterly
2021-03-31,"Pakistan Definition,General Government Operations, Expenditure, Current expenditure, Federal, Civil government 1/Domestic Currency [PAK_GGO_E_CE_F_CG_XDC]",318950.0,million PKR,mof_general_govt_operations_sdmx,quarterly
2021-06-30,"Pakistan Definition,General Government Operations, Expenditure, Current expenditure, Federal, Civil government 1/Domestic Currency [PAK_GGO_E_CE_F_CG_XDC]",546725.0,million PKR,mof_general_govt_operations_sdmx,quarterly
2021-09-30,"Pakistan Definition,General Government Operations, Expenditure, Current expenditure, Federal, Civil government 1/Domestic Currency [PAK_GGO_E_CE_F_CG_XDC]",102327.0,million PKR,mof_general_govt_operations_sdmx,quarterly
2021-12-31,"Pakistan Definition,General Government Operations, Expenditure, Current expenditure, Federal, Civil government 1/Domestic Currency [PAK_GGO_E_CE_F_CG_XDC]",226694.0,million PKR,mof_general_govt_operations_sdmx,quarterly
2022-03-31,"Pakistan Definition,General Government Operations, Expenditure, Current expenditure, Federal, Civil government 1/Domestic Currency [PAK_GGO_E_CE_F_CG_XDC]",396080.0,million PKR,mof_general_govt_operations_sdmx,quarterly
2022-06-30,"Pakistan Definition,General Government Operations, Expenditure, Current expenditure, Federal, Civil government 1/Domestic Currency [PAK_GGO_E_CE_F_CG_XDC]",634030.0,million PKR,mof_general_govt_operations_sdmx,quarterly
2022-09-30,"Pakistan Definition,General Government Operations, Expenditure, Current expenditure, Federal, Civil government 1/Domestic Currency [PAK_GGO_E_CE_F_CG_XDC]",131917.0,million PKR,mof_general_govt_operations_sdmx,quarterly
2022-12-31,"Pakistan Definition,General Government Operations, Expenditure, Current expenditure, Federal, Civil government 1/Domestic Currency [PAK_GGO_E_CE_F_CG_XDC]",302443.33966899995,million PKR,mof_general_govt_operations_sdmx,quarterly
2023-03-31,"Pakistan Definition,General Government Operations, Expenditure, Current expenditure, Federal, Civil government 1/Domestic Currency [PAK_GGO_E_CE_F_CG_XDC]",518679.7944550001,million PKR,mof_general_govt_operations_sdmx,quarterly
2023-06-30,"Pakistan Definition,General Government Operations, Expenditure, Current expenditure, Federal, Civil government 1/Domestic Currency [PAK_GGO_E_CE_F_CG_XDC]",784006.7348399998,million PKR,mof_general_govt_operations_sdmx,quarterly
2023-09-30,"Pakistan Definition,General Government Operations, Expenditure, Current expenditure, Federal, Civil government 1/Domestic Currency [PAK_GGO_E_CE_F_CG_XDC]",142475.74723100002,million PKR,mof_general_govt_operations_sdmx,quarterly
2023-12-31,"Pakistan Definition,General Government Operations, Expenditure, Current expenditure, Federal, Civil government 1/Domestic Currency [PAK_GGO_E_CE_F_CG_XDC]",338924.3565909999,million PKR,mof_general_govt_operations_sdmx,quarterly
2024-03-31,"Pakistan Definition,General Government Operations, Expenditure, Current expenditure, Federal, Civil government 1/Domestic Currency [PAK_GGO_E_CE_F_CG_XDC]",558766.7798730001,million PKR,mof_general_govt_operations_sdmx,quarterly
2024-06-30,"Pakistan Definition,General Government Operations, Expenditure, Current expenditure, Federal, Civil government 1/Domestic Currency [PAK_GGO_E_CE_F_CG_XDC]",891623.9682439999,million PKR,mof_general_govt_operations_sdmx,quarterly
2024-09-30,"Pakistan Definition,General Government Operations, Expenditure, Current expenditure, Federal, Civil government 1/Domestic Currency [PAK_GGO_E_CE_F_CG_XDC]",161176.5088899976,million PKR,mof_general_govt_operations_sdmx,quarterly
2024-12-31,"Pakistan Definition,General Government Operations, Expenditure, Current expenditure, Federal, Civil government 1/Domestic Currency [PAK_GGO_E_CE_F_CG_XDC]",380598.6384269946,million PKR,mof_general_govt_operations_sdmx,quarterly
2025-03-31,"Pakistan Definition,General Government Operations, Expenditure, Current expenditure, Federal, Civil government 1/Domestic Currency [PAK_GGO_E_CE_F_CG_XDC]",629002.005617006,million PKR,mof_general_govt_operations_sdmx,quarterly
2016-09-30,"Pakistan Definition,General Government Operations, Expenditure, Current expenditure, Federal, Defense 1/Domestic Currency [PAK_GGO_E_CE_F_D_XDC]",181916.0,million PKR,mof_general_govt_operations_sdmx,quarterly
2016-12-31,"Pakistan Definition,General Government Operations, Expenditure, Current expenditure, Federal, Defense 1/Domestic Currency [PAK_GGO_E_CE_F_D_XDC]",393386.0,million PKR,mof_general_govt_operations_sdmx,quarterly
2017-03-31,"Pakistan Definition,General Government Operations, Expenditure, Current expenditure, Federal, Defense 1/Domestic Currency [PAK_GGO_E_CE_F_D_XDC]",623839.0,million PKR,mof_general_govt_operations_sdmx,quarterly
2017-06-30,"Pakistan Definition,General Government Operations, Expenditure, Current expenditure, Federal, Defense 1/Domestic Currency [PAK_GGO_E_CE_F_D_XDC]",1030407.0,million PKR,mof_general_govt_operations_sdmx,quarterly
2017-09-30,"Pakistan Definition,General Government Operations, Expenditure, Current expenditure, Federal, Defense 1/Domestic Currency [PAK_GGO_E_CE_F_D_XDC]",219392.0,million PKR,mof_general_govt_operations_sdmx,quarterly
2017-12-31,"Pakistan Definition,General Government Operations, Expenditure, Current expenditure, Federal, Defense 1/Domestic Currency [PAK_GGO_E_CE_F_D_XDC]",479594.0,million PKR,mof_general_govt_operations_sdmx,quarterly
2018-03-31,"Pakistan Definition,General Government Operations, Expenditure, Current expenditure, Federal, Defense 1/Domestic Currency [PAK_GGO_E_CE_F_D_XDC]",774708.0,million PKR,mof_general_govt_operations_sdmx,quarterly
2018-06-30,"Pakistan Definition,General Government Operations, Expenditure, Current expenditure, Federal, Defense 1/Domestic Currency [PAK_GGO_E_CE_F_D_XDC]",1146793.0,million PKR,mof_general_govt_operations_sdmx,quarterly
2018-09-30,"Pakistan Definition,General Government Operations, Expenditure, Current expenditure, Federal, Defense 1/Domestic Currency [PAK_GGO_E_CE_F_D_XDC]",242635.0,million PKR,mof_general_govt_operations_sdmx,quarterly
2018-12-31,"Pakistan Definition,General Government Operations, Expenditure, Current expenditure, Federal, Defense 1/Domestic Currency [PAK_GGO_E_CE_F_D_XDC]",529527.0,million PKR,mof_general_govt_operations_sdmx,quarterly
2019-03-31,"Pakistan Definition,General Government Operations, Expenditure, Current expenditure, Federal, Defense 1/Domestic Currency [PAK_GGO_E_CE_F_D_XDC]",802436.0,million PKR,mof_general_govt_operations_sdmx,quarterly
2019-06-30,"Pakistan Definition,General Government Operations, Expenditure, Current expenditure, Federal, Defense 1/Domestic Currency [PAK_GGO_E_CE_F_D_XDC]",1213281.0,million PKR,mof_general_govt_operations_sdmx,quarterly
2019-09-30,"Pakistan Definition,General Government Operations, Expenditure, Current expenditure, Federal, Defense 1/Domestic Currency [PAK_GGO_E_CE_F_D_XDC]",224482.0,million PKR,mof_general_govt_operations_sdmx,quarterly
2019-12-31,"Pakistan Definition,General Government Operations, Expenditure, Current expenditure, Federal, Defense 1/Domestic Currency [PAK_GGO_E_CE_F_D_XDC]",486585.0,million PKR,mof_general_govt_operations_sdmx,quarterly
2020-03-31,"Pakistan Definition,General Government Operations, Expenditure, Current expenditure, Federal, Defense 1/Domestic Currency [PAK_GGO_E_CE_F_D_XDC]",783966.0,million PKR,mof_general_govt_operations_sdmx,quarterly
2020-06-30,"Pakistan Definition,General Government Operations, Expenditure, Current expenditure, Federal, Defense 1/Domestic Currency [PAK_GGO_E_CE_F_D_XDC]",1316418.0,million PKR,mof_general_govt_operations_sdmx,quarterly
2020-09-30,"Pakistan Definition,General Government Operations, Expenditure, Current expenditure, Federal, Defense 1/Domestic Currency [PAK_GGO_E_CE_F_D_XDC]",261687.0,million PKR,mof_general_govt_operations_sdmx,quarterly
2020-12-31,"Pakistan Definition,General Government Operations, Expenditure, Current expenditure, Federal, Defense 1/Domestic Currency [PAK_GGO_E_CE_F_D_XDC]",520456.0,million PKR,mof_general_govt_operations_sdmx,quarterly
2021-03-31,"Pakistan Definition,General Government Operations, Expenditure, Current expenditure, Federal, Defense 1/Domestic Currency [PAK_GGO_E_CE_F_D_XDC]",881885.0,million PKR,mof_general_govt_operations_sdmx,quarterly
2021-06-30,"Pakistan Definition,General Government Operations, Expenditure, Current expenditure, Federal, Defense 1/Domestic Currency [PAK_GGO_E_CE_F_D_XDC]",1411646.0,million PKR,mof_general_govt_operations_sdmx,quarterly
2021-09-30,"Pakistan Definition,General Government Operations, Expenditure, Current expenditure, Federal, Defense 1/Domestic Currency [PAK_GGO_E_CE_F_D_XDC]",312928.0,million PKR,mof_general_govt_operations_sdmx,quarterly
2021-12-31,"Pakistan Definition,General Government Operations, Expenditure, Current expenditure, Federal, Defense 1/Domestic Currency [PAK_GGO_E_CE_F_D_XDC]",638851.0,million PKR,mof_general_govt_operations_sdmx,quarterly
2022-03-31,"Pakistan Definition,General Government Operations, Expenditure, Current expenditure, Federal, Defense 1/Domestic Currency [PAK_GGO_E_CE_F_D_XDC]",1000698.0,million PKR,mof_general_govt_operations_sdmx,quarterly
2022-06-30,"Pakistan Definition,General Government Operations, Expenditure, Current expenditure, Federal, Defense 1/Domestic Currency [PAK_GGO_E_CE_F_D_XDC]",1585502.0,million PKR,mof_general_govt_operations_sdmx,quarterly
2022-09-30,"Pakistan Definition,General Government Operations, Expenditure, Current expenditure, Federal, Defense 1/Domestic Currency [PAK_GGO_E_CE_F_D_XDC]",343068.0,million PKR,mof_general_govt_operations_sdmx,quarterly
2022-12-31,"Pakistan Definition,General Government Operations, Expenditure, Current expenditure, Federal, Defense 1/Domestic Currency [PAK_GGO_E_CE_F_D_XDC]",757602.008995,million PKR,mof_general_govt_operations_sdmx,quarterly
2023-03-31,"Pakistan Definition,General Government Operations, Expenditure, Current expenditure, Federal, Defense 1/Domestic Currency [PAK_GGO_E_CE_F_D_XDC]",1222398.344076,million PKR,mof_general_govt_operations_sdmx,quarterly
2023-06-30,"Pakistan Definition,General Government Operations, Expenditure, Current expenditure, Federal, Defense 1/Domestic Currency [PAK_GGO_E_CE_F_D_XDC]",1858804.520683,million PKR,mof_general_govt_operations_sdmx,quarterly
2023-09-30,"Pakistan Definition,General Government Operations, Expenditure, Current expenditure, Federal, Defense 1/Domestic Currency [PAK_GGO_E_CE_F_D_XDC]",410174.618287,million PKR,mof_general_govt_operations_sdmx,quarterly
2023-12-31,"Pakistan Definition,General Government Operations, Expenditure, Current expenditure, Federal, Defense 1/Domestic Currency [PAK_GGO_E_CE_F_D_XDC]",890445.183161,million PKR,mof_general_govt_operations_sdmx,quarterly
2024-03-31,"Pakistan Definition,General Government Operations, Expenditure, Current expenditure, Federal, Defense 1/Domestic Currency [PAK_GGO_E_CE_F_D_XDC]",1423960.493596,million PKR,mof_general_govt_operations_sdmx,quarterly
2024-06-30,"Pakistan Definition,General Government Operations, Expenditure, Current expenditure, Federal, Defense 1/Domestic Currency [PAK_GGO_E_CE_F_D_XDC]",2193882.721034,million PKR,mof_general_govt_operations_sdmx,quarterly
2024-09-30,"Pakistan Definition,General Government Operations, Expenditure, Current expenditure, Federal, Defense 1/Domestic Currency [PAK_GGO_E_CE_F_D_XDC]",447487.225889,million PKR,mof_general_govt_operations_sdmx,quarterly
2024-12-31,"Pakistan Definition,General Government Operations, Expenditure, Current expenditure, Federal, Defense 1/Domestic Currency [PAK_GGO_E_CE_F_D_XDC]",1044990.165758,million PKR,mof_general_govt_operations_sdmx,quarterly
2025-03-31,"Pakistan Definition,General Government Operations, Expenditure, Current expenditure, Federal, Defense 1/Domestic Currency [PAK_GGO_E_CE_F_D_XDC]",1689919.7510539999,million PKR,mof_general_govt_operations_sdmx,quarterly
2016-09-30,"Pakistan Definition,General Government Operations, Expenditure, Current expenditure, Federal, Grants, National Currency [PAK_GGO_E_CE_F_G_XDC]",52540.0,million PKR,mof_general_govt_operations_sdmx,quarterly
2016-12-31,"Pakistan Definition,General Government Operations, Expenditure, Current expenditure, Federal, Grants, National Currency [PAK_GGO_E_CE_F_G_XDC]",129974.0,million PKR,mof_general_govt_operations_sdmx,quarterly
2017-03-31,"Pakistan Definition,General Government Operations, Expenditure, Current expenditure, Federal, Grants, National Currency [PAK_GGO_E_CE_F_G_XDC]",233605.0,million PKR,mof_general_govt_operations_sdmx,quarterly
2017-06-30,"Pakistan Definition,General Government Operations, Expenditure, Current expenditure, Federal, Grants, National Currency [PAK_GGO_E_CE_F_G_XDC]",383760.0,million PKR,mof_general_govt_operations_sdmx,quarterly
2017-09-30,"Pakistan Definition,General Government Operations, Expenditure, Current expenditure, Federal, Grants, National Currency [PAK_GGO_E_CE_F_G_XDC]",53029.0,million PKR,mof_general_govt_operations_sdmx,quarterly
2017-12-31,"Pakistan Definition,General Government Operations, Expenditure, Current expenditure, Federal, Grants, National Currency [PAK_GGO_E_CE_F_G_XDC]",129005.0,million PKR,mof_general_govt_operations_sdmx,quarterly
2018-03-31,"Pakistan Definition,General Government Operations, Expenditure, Current expenditure, Federal, Grants, National Currency [PAK_GGO_E_CE_F_G_XDC]",227074.0,million PKR,mof_general_govt_operations_sdmx,quarterly
2018-06-30,"Pakistan Definition,General Government Operations, Expenditure, Current expenditure, Federal, Grants, National Currency [PAK_GGO_E_CE_F_G_XDC]",441959.0,million PKR,mof_general_govt_operations_sdmx,quarterly
2018-09-30,"Pakistan Definition,General Government Operations, Expenditure, Current expenditure, Federal, Grants, National Currency [PAK_GGO_E_CE_F_G_XDC]",68884.0,million PKR,mof_general_govt_operations_sdmx,quarterly
2018-12-31,"Pakistan Definition,General Government Operations, Expenditure, Current expenditure, Federal, Grants, National Currency [PAK_GGO_E_CE_F_G_XDC]",239589.0,million PKR,mof_general_govt_operations_sdmx,quarterly
2019-03-31,"Pakistan Definition,General Government Operations, Expenditure, Current expenditure, Federal, Grants, National Currency [PAK_GGO_E_CE_F_G_XDC]",363065.0,million PKR,mof_general_govt_operations_sdmx,quarterly
2019-06-30,"Pakistan Definition,General Government Operations, Expenditure, Current expenditure, Federal, Grants, National Currency [PAK_GGO_E_CE_F_G_XDC]",851848.0,million PKR,mof_general_govt_operations_sdmx,quarterly
2019-09-30,"Pakistan Definition,General Government Operations, Expenditure, Current expenditure, Federal, Grants, National Currency [PAK_GGO_E_CE_F_G_XDC]",108332.0,million PKR,mof_general_govt_operations_sdmx,quarterly
2019-12-31,"Pakistan Definition,General Government Operations, Expenditure, Current expenditure, Federal, Grants, National Currency [PAK_GGO_E_CE_F_G_XDC]",265242.3,million PKR,mof_general_govt_operations_sdmx,quarterly
2020-03-31,"Pakistan Definition,General Government Operations, Expenditure, Current expenditure, Federal, Grants, National Currency [PAK_GGO_E_CE_F_G_XDC]",424252.0,million PKR,mof_general_govt_operations_sdmx,quarterly
2020-06-30,"Pakistan Definition,General Government Operations, Expenditure, Current expenditure, Federal, Grants, National Currency [PAK_GGO_E_CE_F_G_XDC]",827723.0,million PKR,mof_general_govt_operations_sdmx,quarterly
2020-09-30,"Pakistan Definition,General Government Operations, Expenditure, Current expenditure, Federal, Grants, National Currency [PAK_GGO_E_CE_F_G_XDC]",169484.307,million PKR,mof_general_govt_operations_sdmx,quarterly
2020-12-31,"Pakistan Definition,General Government Operations, Expenditure, Current expenditure, Federal, Grants, National Currency [PAK_GGO_E_CE_F_G_XDC]",548864.0,million PKR,mof_general_govt_operations_sdmx,quarterly
2021-03-31,"Pakistan Definition,General Government Operations, Expenditure, Current expenditure, Federal, Grants, National Currency [PAK_GGO_E_CE_F_G_XDC]",919959.0,million PKR,mof_general_govt_operations_sdmx,quarterly
2021-06-30,"Pakistan Definition,General Government Operations, Expenditure, Current expenditure, Federal, Grants, National Currency [PAK_GGO_E_CE_F_G_XDC]",1141830.0,million PKR,mof_general_govt_operations_sdmx,quarterly
2021-09-30,"Pakistan Definition,General Government Operations, Expenditure, Current expenditure, Federal, Grants, National Currency [PAK_GGO_E_CE_F_G_XDC]",199175.0,million PKR,mof_general_govt_operations_sdmx,quarterly
2021-12-31,"Pakistan Definition,General Government Operations, Expenditure, Current expenditure, Federal, Grants, National Currency [PAK_GGO_E_CE_F_G_XDC]",389161.0,million PKR,mof_general_govt_operations_sdmx,quarterly
2022-03-31,"Pakistan Definition,General Government Operations, Expenditure, Current expenditure, Federal, Grants, National Currency [PAK_GGO_E_CE_F_G_XDC]",617503.0,million PKR,mof_general_govt_operations_sdmx,quarterly
2022-06-30,"Pakistan Definition,General Government Operations, Expenditure, Current expenditure, Federal, Grants, National Currency [PAK_GGO_E_CE_F_G_XDC]",987993.0,million PKR,mof_general_govt_operations_sdmx,quarterly
2022-09-30,"Pakistan Definition,General Government Operations, Expenditure, Current expenditure, Federal, Grants, National Currency [PAK_GGO_E_CE_F_G_XDC]",177303.0,million PKR,mof_general_govt_operations_sdmx,quarterly
2022-12-31,"Pakistan Definition,General Government Operations, Expenditure, Current expenditure, Federal, Grants, National Currency [PAK_GGO_E_CE_F_G_XDC]",469488.200506,million PKR,mof_general_govt_operations_sdmx,quarterly
2023-03-31,"Pakistan Definition,General Government Operations, Expenditure, Current expenditure, Federal, Grants, National Currency [PAK_GGO_E_CE_F_G_XDC]",779933.4824610003,million PKR,mof_general_govt_operations_sdmx,quarterly
2023-06-30,"Pakistan Definition,General Government Operations, Expenditure, Current expenditure, Federal, Grants, National Currency [PAK_GGO_E_CE_F_G_XDC]",1292213.5220199998,million PKR,mof_general_govt_operations_sdmx,quarterly
2023-09-30,"Pakistan Definition,General Government Operations, Expenditure, Current expenditure, Federal, Grants, National Currency [PAK_GGO_E_CE_F_G_XDC]",239208.66269400006,million PKR,mof_general_govt_operations_sdmx,quarterly
2023-12-31,"Pakistan Definition,General Government Operations, Expenditure, Current expenditure, Federal, Grants, National Currency [PAK_GGO_E_CE_F_G_XDC]",585177.2542940001,million PKR,mof_general_govt_operations_sdmx,quarterly
2024-03-31,"Pakistan Definition,General Government Operations, Expenditure, Current expenditure, Federal, Grants, National Currency [PAK_GGO_E_CE_F_G_XDC]",1021549.402992,million PKR,mof_general_govt_operations_sdmx,quarterly
2024-06-30,"Pakistan Definition,General Government Operations, Expenditure, Current expenditure, Federal, Grants, National Currency [PAK_GGO_E_CE_F_G_XDC]",1513975.479993,million PKR,mof_general_govt_operations_sdmx,quarterly
2024-09-30,"Pakistan Definition,General Government Operations, Expenditure, Current expenditure, Federal, Grants, National Currency [PAK_GGO_E_CE_F_G_XDC]",319031.630023,million PKR,mof_general_govt_operations_sdmx,quarterly
2024-12-31,"Pakistan Definition,General Government Operations, Expenditure, Current expenditure, Federal, Grants, National Currency [PAK_GGO_E_CE_F_G_XDC]",813560.4544820001,million PKR,mof_general_govt_operations_sdmx,quarterly
2025-03-31,"Pakistan Definition,General Government Operations, Expenditure, Current expenditure, Federal, Grants, National Currency [PAK_GGO_E_CE_F_G_XDC]",1217875.5076270006,million PKR,mof_general_govt_operations_sdmx,quarterly
2016-09-30,"Pakistan Definition,General Government Operations, Expenditure, Current expenditure, Federal, Interest payments, Domestic, National Currency [PAK_GGO_E_CE_F_IP_D_XDC]",417562.0,million PKR,mof_general_govt_operations_sdmx,quarterly
2016-12-31,"Pakistan Definition,General Government Operations, Expenditure, Current expenditure, Federal, Interest payments, Domestic, National Currency [PAK_GGO_E_CE_F_IP_D_XDC]",677961.0,million PKR,mof_general_govt_operations_sdmx,quarterly
2017-03-31,"Pakistan Definition,General Government Operations, Expenditure, Current expenditure, Federal, Interest payments, Domestic, National Currency [PAK_GGO_E_CE_F_IP_D_XDC]",1071403.0,million PKR,mof_general_govt_operations_sdmx,quarterly
2017-06-30,"Pakistan Definition,General Government Operations, Expenditure, Current expenditure, Federal, Interest payments, Domestic, National Currency [PAK_GGO_E_CE_F_IP_D_XDC]",1322645.0,million PKR,mof_general_govt_operations_sdmx,quarterly
2017-09-30,"Pakistan Definition,General Government Operations, Expenditure, Current expenditure, Federal, Interest payments, Domestic, National Currency [PAK_GGO_E_CE_F_IP_D_XDC]",461728.0,million PKR,mof_general_govt_operations_sdmx,quarterly
2017-12-31,"Pakistan Definition,General Government Operations, Expenditure, Current expenditure, Federal, Interest payments, Domestic, National Currency [PAK_GGO_E_CE_F_IP_D_XDC]",752098.0,million PKR,mof_general_govt_operations_sdmx,quarterly
2018-03-31,"Pakistan Definition,General Government Operations, Expenditure, Current expenditure, Federal, Interest payments, Domestic, National Currency [PAK_GGO_E_CE_F_IP_D_XDC]",1276781.0,million PKR,mof_general_govt_operations_sdmx,quarterly
2018-06-30,"Pakistan Definition,General Government Operations, Expenditure, Current expenditure, Federal, Interest payments, Domestic, National Currency [PAK_GGO_E_CE_F_IP_D_XDC]",1820821.0,million PKR,mof_general_govt_operations_sdmx,quarterly
2018-09-30,"Pakistan Definition,General Government Operations, Expenditure, Current expenditure, Federal, Interest payments, Domestic, National Currency [PAK_GGO_E_CE_F_IP_D_XDC]",494037.0,million PKR,mof_general_govt_operations_sdmx,quarterly
2018-12-31,"Pakistan Definition,General Government Operations, Expenditure, Current expenditure, Federal, Interest payments, Domestic, National Currency [PAK_GGO_E_CE_F_IP_D_XDC]",1120701.0,million PKR,mof_general_govt_operations_sdmx,quarterly
2019-03-31,"Pakistan Definition,General Government Operations, Expenditure, Current expenditure, Federal, Interest payments, Domestic, National Currency [PAK_GGO_E_CE_F_IP_D_XDC]",1645634.0,million PKR,mof_general_govt_operations_sdmx,quarterly
2019-06-30,"Pakistan Definition,General Government Operations, Expenditure, Current expenditure, Federal, Interest payments, Domestic, National Currency [PAK_GGO_E_CE_F_IP_D_XDC]",2313133.0,million PKR,mof_general_govt_operations_sdmx,quarterly
2019-09-30,"Pakistan Definition,General Government Operations, Expenditure, Current expenditure, Federal, Interest payments, Domestic, National Currency [PAK_GGO_E_CE_F_IP_D_XDC]",684899.0,million PKR,mof_general_govt_operations_sdmx,quarterly
2019-12-31,"Pakistan Definition,General Government Operations, Expenditure, Current expenditure, Federal, Interest payments, Domestic, National Currency [PAK_GGO_E_CE_F_IP_D_XDC]",1356954.0,million PKR,mof_general_govt_operations_sdmx,quarterly
2020-03-31,"Pakistan Definition,General Government Operations, Expenditure, Current expenditure, Federal, Interest payments, Domestic, National Currency [PAK_GGO_E_CE_F_IP_D_XDC]",1933981.0,million PKR,mof_general_govt_operations_sdmx,quarterly
2020-06-30,"Pakistan Definition,General Government Operations, Expenditure, Current expenditure, Federal, Interest payments, Domestic, National Currency [PAK_GGO_E_CE_F_IP_D_XDC]",2523811.0,million PKR,mof_general_govt_operations_sdmx,quarterly
2020-09-30,"Pakistan Definition,General Government Operations, Expenditure, Current expenditure, Federal, Interest payments, Domestic, National Currency [PAK_GGO_E_CE_F_IP_D_XDC]",571129.0,million PKR,mof_general_govt_operations_sdmx,quarterly
2020-12-31,"Pakistan Definition,General Government Operations, Expenditure, Current expenditure, Federal, Interest payments, Domestic, National Currency [PAK_GGO_E_CE_F_IP_D_XDC]",1312538.0,million PKR,mof_general_govt_operations_sdmx,quarterly
2021-03-31,"Pakistan Definition,General Government Operations, Expenditure, Current expenditure, Federal, Interest payments, Domestic, National Currency [PAK_GGO_E_CE_F_IP_D_XDC]",1897248.0,million PKR,mof_general_govt_operations_sdmx,quarterly
2021-06-30,"Pakistan Definition,General Government Operations, Expenditure, Current expenditure, Federal, Interest payments, Domestic, National Currency [PAK_GGO_E_CE_F_IP_D_XDC]",2828572.0,million PKR,mof_general_govt_operations_sdmx,quarterly
2021-09-30,"Pakistan Definition,General Government Operations, Expenditure, Current expenditure, Federal, Interest payments, Domestic, National Currency [PAK_GGO_E_CE_F_IP_D_XDC]",835135.0,million PKR,mof_general_govt_operations_sdmx,quarterly
2021-12-31,"Pakistan Definition,General Government Operations, Expenditure, Current expenditure, Federal, Interest payments, Domestic, National Currency [PAK_GGO_E_CE_F_IP_D_XDC]",2273488.0,million PKR,mof_general_govt_operations_sdmx,quarterly
2022-03-31,"Pakistan Definition,General Government Operations, Expenditure, Current expenditure, Federal, Interest payments, Domestic, National Currency [PAK_GGO_E_CE_F_IP_D_XDC]",3107743.0,million PKR,mof_general_govt_operations_sdmx,quarterly
2022-06-30,"Pakistan Definition,General Government Operations, Expenditure, Current expenditure, Federal, Interest payments, Domestic, National Currency [PAK_GGO_E_CE_F_IP_D_XDC]",4936025.0,million PKR,mof_general_govt_operations_sdmx,quarterly
2022-09-30,"Pakistan Definition,General Government Operations, Expenditure, Current expenditure, Federal, Interest payments, Domestic, National Currency [PAK_GGO_E_CE_F_IP_D_XDC]",1252270.0,million PKR,mof_general_govt_operations_sdmx,quarterly
2022-12-31,"Pakistan Definition,General Government Operations, Expenditure, Current expenditure, Federal, Interest payments, Domestic, National Currency [PAK_GGO_E_CE_F_IP_D_XDC]",3717821.0,million PKR,mof_general_govt_operations_sdmx,quarterly
2023-03-31,"Pakistan Definition,General Government Operations, Expenditure, Current expenditure, Federal, Interest payments, Domestic, National Currency [PAK_GGO_E_CE_F_IP_D_XDC]",4807599.0,million PKR,mof_general_govt_operations_sdmx,quarterly
2023-06-30,"Pakistan Definition,General Government Operations, Expenditure, Current expenditure, Federal, Interest payments, Domestic, National Currency [PAK_GGO_E_CE_F_IP_D_XDC]",7163721.0,million PKR,mof_general_govt_operations_sdmx,quarterly
2023-09-30,"Pakistan Definition,General Government Operations, Expenditure, Current expenditure, Federal, Interest payments, Domestic, National Currency [PAK_GGO_E_CE_F_IP_D_XDC]",1085863.0,million PKR,mof_general_govt_operations_sdmx,quarterly
2023-12-31,"Pakistan Definition,General Government Operations, Expenditure, Current expenditure, Federal, Interest payments, Domestic, National Currency [PAK_GGO_E_CE_F_IP_D_XDC]",4674923.0,million PKR,mof_general_govt_operations_sdmx,quarterly
2024-03-31,"Pakistan Definition,General Government Operations, Expenditure, Current expenditure, Federal, Interest payments, Domestic, National Currency [PAK_GGO_E_CE_F_IP_D_XDC]",5782570.0,million PKR,mof_general_govt_operations_sdmx,quarterly
2024-06-30,"Pakistan Definition,General Government Operations, Expenditure, Current expenditure, Federal, Interest payments, Domestic, National Currency [PAK_GGO_E_CE_F_IP_D_XDC]",7997136.0,million PKR,mof_general_govt_operations_sdmx,quarterly
2024-09-30,"Pakistan Definition,General Government Operations, Expenditure, Current expenditure, Federal, Interest payments, Domestic, National Currency [PAK_GGO_E_CE_F_IP_D_XDC]",1176577.3553149998,million PKR,mof_general_govt_operations_sdmx,quarterly
2024-12-31,"Pakistan Definition,General Government Operations, Expenditure, Current expenditure, Federal, Interest payments, Domestic, National Currency [PAK_GGO_E_CE_F_IP_D_XDC]",3089321.190665001,million PKR,mof_general_govt_operations_sdmx,quarterly
2025-03-31,"Pakistan Definition,General Government Operations, Expenditure, Current expenditure, Federal, Interest payments, Domestic, National Currency [PAK_GGO_E_CE_F_IP_D_XDC]",4287544.950646,million PKR,mof_general_govt_operations_sdmx,quarterly
2016-09-30,"Pakistan Definition,General Government Operations, Expenditure, Current expenditure, Federal, Interest payments, Foreign, National Currency [PAK_GGO_E_CE_F_IP_F_XDC]",27808.0,million PKR,mof_general_govt_operations_sdmx,quarterly
2016-12-31,"Pakistan Definition,General Government Operations, Expenditure, Current expenditure, Federal, Interest payments, Foreign, National Currency [PAK_GGO_E_CE_F_IP_F_XDC]",73478.0,million PKR,mof_general_govt_operations_sdmx,quarterly
2017-03-31,"Pakistan Definition,General Government Operations, Expenditure, Current expenditure, Federal, Interest payments, Foreign, National Currency [PAK_GGO_E_CE_F_IP_F_XDC]",101437.0,million PKR,mof_general_govt_operations_sdmx,quarterly
2017-06-30,"Pakistan Definition,General Government Operations, Expenditure, Current expenditure, Federal, Interest payments, Foreign, National Currency [PAK_GGO_E_CE_F_IP_F_XDC]",177277.0,million PKR,mof_general_govt_operations_sdmx,quarterly
2017-09-30,"Pakistan Definition,General Government Operations, Expenditure, Current expenditure, Federal, Interest payments, Foreign, National Currency [PAK_GGO_E_CE_F_IP_F_XDC]",45335.0,million PKR,mof_general_govt_operations_sdmx,quarterly
2017-12-31,"Pakistan Definition,General Government Operations, Expenditure, Current expenditure, Federal, Interest payments, Foreign, National Currency [PAK_GGO_E_CE_F_IP_F_XDC]",124599.0,million PKR,mof_general_govt_operations_sdmx,quarterly
2018-03-31,"Pakistan Definition,General Government Operations, Expenditure, Current expenditure, Federal, Interest payments, Foreign, National Currency [PAK_GGO_E_CE_F_IP_F_XDC]",182430.0,million PKR,mof_general_govt_operations_sdmx,quarterly
2018-06-30,"Pakistan Definition,General Government Operations, Expenditure, Current expenditure, Federal, Interest payments, Foreign, National Currency [PAK_GGO_E_CE_F_IP_F_XDC]",270305.0,million PKR,mof_general_govt_operations_sdmx,quarterly
2018-09-30,"Pakistan Definition,General Government Operations, Expenditure, Current expenditure, Federal, Interest payments, Foreign, National Currency [PAK_GGO_E_CE_F_IP_F_XDC]",77647.0,million PKR,mof_general_govt_operations_sdmx,quarterly
2018-12-31,"Pakistan Definition,General Government Operations, Expenditure, Current expenditure, Federal, Interest payments, Foreign, National Currency [PAK_GGO_E_CE_F_IP_F_XDC]",160495.0,million PKR,mof_general_govt_operations_sdmx,quarterly
2019-03-31,"Pakistan Definition,General Government Operations, Expenditure, Current expenditure, Federal, Interest payments, Foreign, National Currency [PAK_GGO_E_CE_F_IP_F_XDC]",234078.0,million PKR,mof_general_govt_operations_sdmx,quarterly
2019-06-30,"Pakistan Definition,General Government Operations, Expenditure, Current expenditure, Federal, Interest payments, Foreign, National Currency [PAK_GGO_E_CE_F_IP_F_XDC]",306606.0,million PKR,mof_general_govt_operations_sdmx,quarterly
2019-09-30,"Pakistan Definition,General Government Operations, Expenditure, Current expenditure, Federal, Interest payments, Foreign, National Currency [PAK_GGO_E_CE_F_IP_F_XDC]",57161.0,million PKR,mof_general_govt_operations_sdmx,quarterly
2019-12-31,"Pakistan Definition,General Government Operations, Expenditure, Current expenditure, Federal, Interest payments, Foreign, National Currency [PAK_GGO_E_CE_F_IP_F_XDC]",118204.0,million PKR,mof_general_govt_operations_sdmx,quarterly
2020-03-31,"Pakistan Definition,General Government Operations, Expenditure, Current expenditure, Federal, Interest payments, Foreign, National Currency [PAK_GGO_E_CE_F_IP_F_XDC]",169877.0,million PKR,mof_general_govt_operations_sdmx,quarterly
2020-06-30,"Pakistan Definition,General Government Operations, Expenditure, Current expenditure, Federal, Interest payments, Foreign, National Currency [PAK_GGO_E_CE_F_IP_F_XDC]",225918.0,million PKR,mof_general_govt_operations_sdmx,quarterly
2020-09-30,"Pakistan Definition,General Government Operations, Expenditure, Current expenditure, Federal, Interest payments, Foreign, National Currency [PAK_GGO_E_CE_F_IP_F_XDC]",51598.0,million PKR,mof_general_govt_operations_sdmx,quarterly
2020-12-31,"Pakistan Definition,General Government Operations, Expenditure, Current expenditure, Federal, Interest payments, Foreign, National Currency [PAK_GGO_E_CE_F_IP_F_XDC]",140353.0,million PKR,mof_general_govt_operations_sdmx,quarterly
2021-03-31,"Pakistan Definition,General Government Operations, Expenditure, Current expenditure, Federal, Interest payments, Foreign, National Currency [PAK_GGO_E_CE_F_IP_F_XDC]",221233.0,million PKR,mof_general_govt_operations_sdmx,quarterly
2021-06-30,"Pakistan Definition,General Government Operations, Expenditure, Current expenditure, Federal, Interest payments, Foreign, National Currency [PAK_GGO_E_CE_F_IP_F_XDC]",353860.0,million PKR,mof_general_govt_operations_sdmx,quarterly
2021-09-30,"Pakistan Definition,General Government Operations, Expenditure, Current expenditure, Federal, Interest payments, Foreign, National Currency [PAK_GGO_E_CE_F_IP_F_XDC]",118857.0,million PKR,mof_general_govt_operations_sdmx,quarterly
2021-12-31,"Pakistan Definition,General Government Operations, Expenditure, Current expenditure, Federal, Interest payments, Foreign, National Currency [PAK_GGO_E_CE_F_IP_F_XDC]",299563.0,million PKR,mof_general_govt_operations_sdmx,quarterly
2022-03-31,"Pakistan Definition,General Government Operations, Expenditure, Current expenditure, Federal, Interest payments, Foreign, National Currency [PAK_GGO_E_CE_F_IP_F_XDC]",474704.0,million PKR,mof_general_govt_operations_sdmx,quarterly
2022-06-30,"Pakistan Definition,General Government Operations, Expenditure, Current expenditure, Federal, Interest payments, Foreign, National Currency [PAK_GGO_E_CE_F_IP_F_XDC]",759891.0,million PKR,mof_general_govt_operations_sdmx,quarterly
2022-09-30,"Pakistan Definition,General Government Operations, Expenditure, Current expenditure, Federal, Interest payments, Foreign, National Currency [PAK_GGO_E_CE_F_IP_F_XDC]",127342.0,million PKR,mof_general_govt_operations_sdmx,quarterly
2022-12-31,"Pakistan Definition,General Government Operations, Expenditure, Current expenditure, Federal, Interest payments, Foreign, National Currency [PAK_GGO_E_CE_F_IP_F_XDC]",502158.0,million PKR,mof_general_govt_operations_sdmx,quarterly
2023-03-31,"Pakistan Definition,General Government Operations, Expenditure, Current expenditure, Federal, Interest payments, Foreign, National Currency [PAK_GGO_E_CE_F_IP_F_XDC]",710233.0,million PKR,mof_general_govt_operations_sdmx,quarterly
2023-06-30,"Pakistan Definition,General Government Operations, Expenditure, Current expenditure, Federal, Interest payments, Foreign, National Currency [PAK_GGO_E_CE_F_IP_F_XDC]",996105.0,million PKR,mof_general_govt_operations_sdmx,quarterly
2023-09-30,"Pakistan Definition,General Government Operations, Expenditure, Current expenditure, Federal, Interest payments, Foreign, National Currency [PAK_GGO_E_CE_F_IP_F_XDC]",220490.0,million PKR,mof_general_govt_operations_sdmx,quarterly
2023-12-31,"Pakistan Definition,General Government Operations, Expenditure, Current expenditure, Federal, Interest payments, Foreign, National Currency [PAK_GGO_E_CE_F_IP_F_XDC]",466659.0,million PKR,mof_general_govt_operations_sdmx,quarterly
2024-03-31,"Pakistan Definition,General Government Operations, Expenditure, Current expenditure, Federal, Interest payments, Foreign, National Currency [PAK_GGO_E_CE_F_IP_F_XDC]",656220.0,million PKR,mof_general_govt_operations_sdmx,quarterly
2024-06-30,"Pakistan Definition,General Government Operations, Expenditure, Current expenditure, Federal, Interest payments, Foreign, National Currency [PAK_GGO_E_CE_F_IP_F_XDC]",890281.0,million PKR,mof_general_govt_operations_sdmx,quarterly
2024-09-30,"Pakistan Definition,General Government Operations, Expenditure, Current expenditure, Federal, Interest payments, Foreign, National Currency [PAK_GGO_E_CE_F_IP_F_XDC]",201222.05084100005,million PKR,mof_general_govt_operations_sdmx,quarterly
2024-12-31,"Pakistan Definition,General Government Operations, Expenditure, Current expenditure, Federal, Interest payments, Foreign, National Currency [PAK_GGO_E_CE_F_IP_F_XDC]",474313.584128,million PKR,mof_general_govt_operations_sdmx,quarterly
2025-03-31,"Pakistan Definition,General Government Operations, Expenditure, Current expenditure, Federal, Interest payments, Foreign, National Currency [PAK_GGO_E_CE_F_IP_F_XDC]",660327.8881020002,million PKR,mof_general_govt_operations_sdmx,quarterly
2016-09-30,"Pakistan Definition,General Government Operations, Expenditure, Current expenditure, Federal, Interest payments, National Currency [PAK_GGO_E_CE_F_IP_XDC]",445370.0,million PKR,mof_general_govt_operations_sdmx,quarterly
2016-12-31,"Pakistan Definition,General Government Operations, Expenditure, Current expenditure, Federal, Interest payments, National Currency [PAK_GGO_E_CE_F_IP_XDC]",751439.0,million PKR,mof_general_govt_operations_sdmx,quarterly
2017-03-31,"Pakistan Definition,General Government Operations, Expenditure, Current expenditure, Federal, Interest payments, National Currency [PAK_GGO_E_CE_F_IP_XDC]",1172840.0,million PKR,mof_general_govt_operations_sdmx,quarterly
2017-06-30,"Pakistan Definition,General Government Operations, Expenditure, Current expenditure, Federal, Interest payments, National Currency [PAK_GGO_E_CE_F_IP_XDC]",1499922.0,million PKR,mof_general_govt_operations_sdmx,quarterly
2017-09-30,"Pakistan Definition,General Government Operations, Expenditure, Current expenditure, Federal, Interest payments, National Currency [PAK_GGO_E_CE_F_IP_XDC]",507063.0,million PKR,mof_general_govt_operations_sdmx,quarterly
2017-12-31,"Pakistan Definition,General Government Operations, Expenditure, Current expenditure, Federal, Interest payments, National Currency [PAK_GGO_E_CE_F_IP_XDC]",876697.0,million PKR,mof_general_govt_operations_sdmx,quarterly
2018-03-31,"Pakistan Definition,General Government Operations, Expenditure, Current expenditure, Federal, Interest payments, National Currency [PAK_GGO_E_CE_F_IP_XDC]",1459211.0,million PKR,mof_general_govt_operations_sdmx,quarterly
2018-06-30,"Pakistan Definition,General Government Operations, Expenditure, Current expenditure, Federal, Interest payments, National Currency [PAK_GGO_E_CE_F_IP_XDC]",2091126.0,million PKR,mof_general_govt_operations_sdmx,quarterly
2018-09-30,"Pakistan Definition,General Government Operations, Expenditure, Current expenditure, Federal, Interest payments, National Currency [PAK_GGO_E_CE_F_IP_XDC]",571684.0,million PKR,mof_general_govt_operations_sdmx,quarterly
2018-12-31,"Pakistan Definition,General Government Operations, Expenditure, Current expenditure, Federal, Interest payments, National Currency [PAK_GGO_E_CE_F_IP_XDC]",1281196.0,million PKR,mof_general_govt_operations_sdmx,quarterly
2019-03-31,"Pakistan Definition,General Government Operations, Expenditure, Current expenditure, Federal, Interest payments, National Currency [PAK_GGO_E_CE_F_IP_XDC]",1879712.0,million PKR,mof_general_govt_operations_sdmx,quarterly
2019-06-30,"Pakistan Definition,General Government Operations, Expenditure, Current expenditure, Federal, Interest payments, National Currency [PAK_GGO_E_CE_F_IP_XDC]",2619739.0,million PKR,mof_general_govt_operations_sdmx,quarterly
2019-09-30,"Pakistan Definition,General Government Operations, Expenditure, Current expenditure, Federal, Interest payments, National Currency [PAK_GGO_E_CE_F_IP_XDC]",742060.0,million PKR,mof_general_govt_operations_sdmx,quarterly
2019-12-31,"Pakistan Definition,General Government Operations, Expenditure, Current expenditure, Federal, Interest payments, National Currency [PAK_GGO_E_CE_F_IP_XDC]",1475158.0,million PKR,mof_general_govt_operations_sdmx,quarterly
2020-03-31,"Pakistan Definition,General Government Operations, Expenditure, Current expenditure, Federal, Interest payments, National Currency [PAK_GGO_E_CE_F_IP_XDC]",2103858.0,million PKR,mof_general_govt_operations_sdmx,quarterly
2020-06-30,"Pakistan Definition,General Government Operations, Expenditure, Current expenditure, Federal, Interest payments, National Currency [PAK_GGO_E_CE_F_IP_XDC]",2749729.0,million PKR,mof_general_govt_operations_sdmx,quarterly
2020-09-30,"Pakistan Definition,General Government Operations, Expenditure, Current expenditure, Federal, Interest payments, National Currency [PAK_GGO_E_CE_F_IP_XDC]",622727.0,million PKR,mof_general_govt_operations_sdmx,quarterly
2020-12-31,"Pakistan Definition,General Government Operations, Expenditure, Current expenditure, Federal, Interest payments, National Currency [PAK_GGO_E_CE_F_IP_XDC]",1452891.0,million PKR,mof_general_govt_operations_sdmx,quarterly
2021-03-31,"Pakistan Definition,General Government Operations, Expenditure, Current expenditure, Federal, Interest payments, National Currency [PAK_GGO_E_CE_F_IP_XDC]",2118481.0,million PKR,mof_general_govt_operations_sdmx,quarterly
2021-06-30,"Pakistan Definition,General Government Operations, Expenditure, Current expenditure, Federal, Interest payments, National Currency [PAK_GGO_E_CE_F_IP_XDC]",3182432.0,million PKR,mof_general_govt_operations_sdmx,quarterly
2021-09-30,"Pakistan Definition,General Government Operations, Expenditure, Current expenditure, Federal, Interest payments, National Currency [PAK_GGO_E_CE_F_IP_XDC]",953992.0,million PKR,mof_general_govt_operations_sdmx,quarterly
2021-12-31,"Pakistan Definition,General Government Operations, Expenditure, Current expenditure, Federal, Interest payments, National Currency [PAK_GGO_E_CE_F_IP_XDC]",2573051.0,million PKR,mof_general_govt_operations_sdmx,quarterly
2022-03-31,"Pakistan Definition,General Government Operations, Expenditure, Current expenditure, Federal, Interest payments, National Currency [PAK_GGO_E_CE_F_IP_XDC]",3582447.0,million PKR,mof_general_govt_operations_sdmx,quarterly
2022-06-30,"Pakistan Definition,General Government Operations, Expenditure, Current expenditure, Federal, Interest payments, National Currency [PAK_GGO_E_CE_F_IP_XDC]",5695916.0,million PKR,mof_general_govt_operations_sdmx,quarterly
2022-09-30,"Pakistan Definition,General Government Operations, Expenditure, Current expenditure, Federal, Interest payments, National Currency [PAK_GGO_E_CE_F_IP_XDC]",1379612.0,million PKR,mof_general_govt_operations_sdmx,quarterly
2022-12-31,"Pakistan Definition,General Government Operations, Expenditure, Current expenditure, Federal, Interest payments, National Currency [PAK_GGO_E_CE_F_IP_XDC]",4219979.0,million PKR,mof_general_govt_operations_sdmx,quarterly
2023-03-31,"Pakistan Definition,General Government Operations, Expenditure, Current expenditure, Federal, Interest payments, National Currency [PAK_GGO_E_CE_F_IP_XDC]",5517832.0,million PKR,mof_general_govt_operations_sdmx,quarterly
2023-06-30,"Pakistan Definition,General Government Operations, Expenditure, Current expenditure, Federal, Interest payments, National Currency [PAK_GGO_E_CE_F_IP_XDC]",8159826.0,million PKR,mof_general_govt_operations_sdmx,quarterly
2023-09-30,"Pakistan Definition,General Government Operations, Expenditure, Current expenditure, Federal, Interest payments, National Currency [PAK_GGO_E_CE_F_IP_XDC]",1306353.0,million PKR,mof_general_govt_operations_sdmx,quarterly
2023-12-31,"Pakistan Definition,General Government Operations, Expenditure, Current expenditure, Federal, Interest payments, National Currency [PAK_GGO_E_CE_F_IP_XDC]",5141582.0,million PKR,mof_general_govt_operations_sdmx,quarterly
2024-03-31,"Pakistan Definition,General Government Operations, Expenditure, Current expenditure, Federal, Interest payments, National Currency [PAK_GGO_E_CE_F_IP_XDC]",6438790.0,million PKR,mof_general_govt_operations_sdmx,quarterly
2024-06-30,"Pakistan Definition,General Government Operations, Expenditure, Current expenditure, Federal, Interest payments, National Currency [PAK_GGO_E_CE_F_IP_XDC]",8887417.0,million PKR,mof_general_govt_operations_sdmx,quarterly
2024-09-30,"Pakistan Definition,General Government Operations, Expenditure, Current expenditure, Federal, Interest payments, National Currency [PAK_GGO_E_CE_F_IP_XDC]",1377799.4061559997,million PKR,mof_general_govt_operations_sdmx,quarterly
2024-12-31,"Pakistan Definition,General Government Operations, Expenditure, Current expenditure, Federal, Interest payments, National Currency [PAK_GGO_E_CE_F_IP_XDC]",3563634.774793001,million PKR,mof_general_govt_operations_sdmx,quarterly
2025-03-31,"Pakistan Definition,General Government Operations, Expenditure, Current expenditure, Federal, Interest payments, National Currency [PAK_GGO_E_CE_F_IP_XDC]",4947872.838748001,million PKR,mof_general_govt_operations_sdmx,quarterly
2016-09-30,"Pakistan Definition,General Government Operations, Expenditure, Current expenditure, Federal, National Currency [PAK_GGO_E_CE_F_XDC]",846445.0,million PKR,mof_general_govt_operations_sdmx,quarterly
2016-12-31,"Pakistan Definition,General Government Operations, Expenditure, Current expenditure, Federal, National Currency [PAK_GGO_E_CE_F_XDC]",1655972.0,million PKR,mof_general_govt_operations_sdmx,quarterly
2017-03-31,"Pakistan Definition,General Government Operations, Expenditure, Current expenditure, Federal, National Currency [PAK_GGO_E_CE_F_XDC]",2653338.0,million PKR,mof_general_govt_operations_sdmx,quarterly
2017-06-30,"Pakistan Definition,General Government Operations, Expenditure, Current expenditure, Federal, National Currency [PAK_GGO_E_CE_F_XDC]",3789767.0,million PKR,mof_general_govt_operations_sdmx,quarterly
2017-09-30,"Pakistan Definition,General Government Operations, Expenditure, Current expenditure, Federal, National Currency [PAK_GGO_E_CE_F_XDC]",999254.0,million PKR,mof_general_govt_operations_sdmx,quarterly
2017-12-31,"Pakistan Definition,General Government Operations, Expenditure, Current expenditure, Federal, National Currency [PAK_GGO_E_CE_F_XDC]",1936171.0,million PKR,mof_general_govt_operations_sdmx,quarterly
2018-03-31,"Pakistan Definition,General Government Operations, Expenditure, Current expenditure, Federal, National Currency [PAK_GGO_E_CE_F_XDC]",3180916.0,million PKR,mof_general_govt_operations_sdmx,quarterly
2018-06-30,"Pakistan Definition,General Government Operations, Expenditure, Current expenditure, Federal, National Currency [PAK_GGO_E_CE_F_XDC]",4776150.0,million PKR,mof_general_govt_operations_sdmx,quarterly
2018-09-30,"Pakistan Definition,General Government Operations, Expenditure, Current expenditure, Federal, National Currency [PAK_GGO_E_CE_F_XDC]",1069731.0,million PKR,mof_general_govt_operations_sdmx,quarterly
2018-12-31,"Pakistan Definition,General Government Operations, Expenditure, Current expenditure, Federal, National Currency [PAK_GGO_E_CE_F_XDC]",2593009.0,million PKR,mof_general_govt_operations_sdmx,quarterly
2019-03-31,"Pakistan Definition,General Government Operations, Expenditure, Current expenditure, Federal, National Currency [PAK_GGO_E_CE_F_XDC]",3887699.0,million PKR,mof_general_govt_operations_sdmx,quarterly
2019-06-30,"Pakistan Definition,General Government Operations, Expenditure, Current expenditure, Federal, National Currency [PAK_GGO_E_CE_F_XDC]",6016192.0,million PKR,mof_general_govt_operations_sdmx,quarterly
2019-09-30,"Pakistan Definition,General Government Operations, Expenditure, Current expenditure, Federal, National Currency [PAK_GGO_E_CE_F_XDC]",1253405.0,million PKR,mof_general_govt_operations_sdmx,quarterly
2019-12-31,"Pakistan Definition,General Government Operations, Expenditure, Current expenditure, Federal, National Currency [PAK_GGO_E_CE_F_XDC]",2761851.5,million PKR,mof_general_govt_operations_sdmx,quarterly
2020-03-31,"Pakistan Definition,General Government Operations, Expenditure, Current expenditure, Federal, National Currency [PAK_GGO_E_CE_F_XDC]",4157266.0,million PKR,mof_general_govt_operations_sdmx,quarterly
2020-06-30,"Pakistan Definition,General Government Operations, Expenditure, Current expenditure, Federal, National Currency [PAK_GGO_E_CE_F_XDC]",6264821.0,million PKR,mof_general_govt_operations_sdmx,quarterly
2020-09-30,"Pakistan Definition,General Government Operations, Expenditure, Current expenditure, Federal, National Currency [PAK_GGO_E_CE_F_XDC]",1327985.307,million PKR,mof_general_govt_operations_sdmx,quarterly
2020-12-31,"Pakistan Definition,General Government Operations, Expenditure, Current expenditure, Federal, National Currency [PAK_GGO_E_CE_F_XDC]",3297232.0,million PKR,mof_general_govt_operations_sdmx,quarterly
2021-03-31,"Pakistan Definition,General Government Operations, Expenditure, Current expenditure, Federal, National Currency [PAK_GGO_E_CE_F_XDC]",5209862.0,million PKR,mof_general_govt_operations_sdmx,quarterly
2021-06-30,"Pakistan Definition,General Government Operations, Expenditure, Current expenditure, Federal, National Currency [PAK_GGO_E_CE_F_XDC]",8354104.0,million PKR,mof_general_govt_operations_sdmx,quarterly
2021-09-30,"Pakistan Definition,General Government Operations, Expenditure, Current expenditure, Federal, National Currency [PAK_GGO_E_CE_F_XDC]",1832510.0,million PKR,mof_general_govt_operations_sdmx,quarterly
2021-12-31,"Pakistan Definition,General Government Operations, Expenditure, Current expenditure, Federal, National Currency [PAK_GGO_E_CE_F_XDC]",4345569.0,million PKR,mof_general_govt_operations_sdmx,quarterly
2022-03-31,"Pakistan Definition,General Government Operations, Expenditure, Current expenditure, Federal, National Currency [PAK_GGO_E_CE_F_XDC]",6607856.0,million PKR,mof_general_govt_operations_sdmx,quarterly
2022-06-30,"Pakistan Definition,General Government Operations, Expenditure, Current expenditure, Federal, National Currency [PAK_GGO_E_CE_F_XDC]",10650028.0,million PKR,mof_general_govt_operations_sdmx,quarterly
2022-09-30,"Pakistan Definition,General Government Operations, Expenditure, Current expenditure, Federal, National Currency [PAK_GGO_E_CE_F_XDC]",2237691.0,million PKR,mof_general_govt_operations_sdmx,quarterly
2022-12-31,"Pakistan Definition,General Government Operations, Expenditure, Current expenditure, Federal, National Currency [PAK_GGO_E_CE_F_XDC]",6529196.509018,million PKR,mof_general_govt_operations_sdmx,quarterly
2023-03-31,"Pakistan Definition,General Government Operations, Expenditure, Current expenditure, Federal, National Currency [PAK_GGO_E_CE_F_XDC]",9123736.712736,million PKR,mof_general_govt_operations_sdmx,quarterly
2023-06-30,"Pakistan Definition,General Government Operations, Expenditure, Current expenditure, Federal, National Currency [PAK_GGO_E_CE_F_XDC]",13970051.869362,million PKR,mof_general_govt_operations_sdmx,quarterly
2023-09-30,"Pakistan Definition,General Government Operations, Expenditure, Current expenditure, Federal, National Currency [PAK_GGO_E_CE_F_XDC]",2341199.1230220003,million PKR,mof_general_govt_operations_sdmx,quarterly
2023-12-31,"Pakistan Definition,General Government Operations, Expenditure, Current expenditure, Federal, National Currency [PAK_GGO_E_CE_F_XDC]",7643109.154481,million PKR,mof_general_govt_operations_sdmx,quarterly
2024-03-31,"Pakistan Definition,General Government Operations, Expenditure, Current expenditure, Federal, National Currency [PAK_GGO_E_CE_F_XDC]",10581852.713324,million PKR,mof_general_govt_operations_sdmx,quarterly
2024-06-30,"Pakistan Definition,General Government Operations, Expenditure, Current expenditure, Federal, National Currency [PAK_GGO_E_CE_F_XDC]",15695671.173248999,million PKR,mof_general_govt_operations_sdmx,quarterly
2024-09-30,"Pakistan Definition,General Government Operations, Expenditure, Current expenditure, Federal, National Currency [PAK_GGO_E_CE_F_XDC]",2674513.5843469976,million PKR,mof_general_govt_operations_sdmx,quarterly
2024-12-31,"Pakistan Definition,General Government Operations, Expenditure, Current expenditure, Federal, National Currency [PAK_GGO_E_CE_F_XDC]",6769585.372217996,million PKR,mof_general_govt_operations_sdmx,quarterly
2025-03-31,"Pakistan Definition,General Government Operations, Expenditure, Current expenditure, Federal, National Currency [PAK_GGO_E_CE_F_XDC]",9870313.171727007,million PKR,mof_general_govt_operations_sdmx,quarterly
2016-09-30,"Pakistan Definition,General Government Operations, Expenditure, Current expenditure, Federal, Pension (civil and military), National Currency [PAK_GGO_E_CE_F_P_XDC]",62646.0,million PKR,mof_general_govt_operations_sdmx,quarterly
2016-12-31,"Pakistan Definition,General Government Operations, Expenditure, Current expenditure, Federal, Pension (civil and military), National Currency [PAK_GGO_E_CE_F_P_XDC]",149833.0,million PKR,mof_general_govt_operations_sdmx,quarterly
2017-03-31,"Pakistan Definition,General Government Operations, Expenditure, Current expenditure, Federal, Pension (civil and military), National Currency [PAK_GGO_E_CE_F_P_XDC]",244980.0,million PKR,mof_general_govt_operations_sdmx,quarterly
2017-06-30,"Pakistan Definition,General Government Operations, Expenditure, Current expenditure, Federal, Pension (civil and military), National Currency [PAK_GGO_E_CE_F_P_XDC]",333675.0,million PKR,mof_general_govt_operations_sdmx,quarterly
2017-09-30,"Pakistan Definition,General Government Operations, Expenditure, Current expenditure, Federal, Pension (civil and military), National Currency [PAK_GGO_E_CE_F_P_XDC]",84754.0,million PKR,mof_general_govt_operations_sdmx,quarterly
2017-12-31,"Pakistan Definition,General Government Operations, Expenditure, Current expenditure, Federal, Pension (civil and military), National Currency [PAK_GGO_E_CE_F_P_XDC]",186739.0,million PKR,mof_general_govt_operations_sdmx,quarterly
2018-03-31,"Pakistan Definition,General Government Operations, Expenditure, Current expenditure, Federal, Pension (civil and military), National Currency [PAK_GGO_E_CE_F_P_XDC]",293198.0,million PKR,mof_general_govt_operations_sdmx,quarterly
2018-06-30,"Pakistan Definition,General Government Operations, Expenditure, Current expenditure, Federal, Pension (civil and military), National Currency [PAK_GGO_E_CE_F_P_XDC]",392870.0,million PKR,mof_general_govt_operations_sdmx,quarterly
2018-09-30,"Pakistan Definition,General Government Operations, Expenditure, Current expenditure, Federal, Pension (civil and military), National Currency [PAK_GGO_E_CE_F_P_XDC]",99284.0,million PKR,mof_general_govt_operations_sdmx,quarterly
2018-12-31,"Pakistan Definition,General Government Operations, Expenditure, Current expenditure, Federal, Pension (civil and military), National Currency [PAK_GGO_E_CE_F_P_XDC]",218863.0,million PKR,mof_general_govt_operations_sdmx,quarterly
2019-03-31,"Pakistan Definition,General Government Operations, Expenditure, Current expenditure, Federal, Pension (civil and military), National Currency [PAK_GGO_E_CE_F_P_XDC]",332254.0,million PKR,mof_general_govt_operations_sdmx,quarterly
2019-06-30,"Pakistan Definition,General Government Operations, Expenditure, Current expenditure, Federal, Pension (civil and military), National Currency [PAK_GGO_E_CE_F_P_XDC]",447314.0,million PKR,mof_general_govt_operations_sdmx,quarterly
2019-09-30,"Pakistan Definition,General Government Operations, Expenditure, Current expenditure, Federal, Pension (civil and military), National Currency [PAK_GGO_E_CE_F_P_XDC]",86748.0,million PKR,mof_general_govt_operations_sdmx,quarterly
2019-12-31,"Pakistan Definition,General Government Operations, Expenditure, Current expenditure, Federal, Pension (civil and military), National Currency [PAK_GGO_E_CE_F_P_XDC]",210491.0,million PKR,mof_general_govt_operations_sdmx,quarterly
2020-03-31,"Pakistan Definition,General Government Operations, Expenditure, Current expenditure, Federal, Pension (civil and military), National Currency [PAK_GGO_E_CE_F_P_XDC]",329032.0,million PKR,mof_general_govt_operations_sdmx,quarterly
2020-06-30,"Pakistan Definition,General Government Operations, Expenditure, Current expenditure, Federal, Pension (civil and military), National Currency [PAK_GGO_E_CE_F_P_XDC]",440085.0,million PKR,mof_general_govt_operations_sdmx,quarterly
2020-09-30,"Pakistan Definition,General Government Operations, Expenditure, Current expenditure, Federal, Pension (civil and military), National Currency [PAK_GGO_E_CE_F_P_XDC]",110734.0,million PKR,mof_general_govt_operations_sdmx,quarterly
2020-12-31,"Pakistan Definition,General Government Operations, Expenditure, Current expenditure, Federal, Pension (civil and military), National Currency [PAK_GGO_E_CE_F_P_XDC]",251702.0,million PKR,mof_general_govt_operations_sdmx,quarterly
2021-03-31,"Pakistan Definition,General Government Operations, Expenditure, Current expenditure, Federal, Pension (civil and military), National Currency [PAK_GGO_E_CE_F_P_XDC]",395354.0,million PKR,mof_general_govt_operations_sdmx,quarterly
2021-06-30,"Pakistan Definition,General Government Operations, Expenditure, Current expenditure, Federal, Pension (civil and military), National Currency [PAK_GGO_E_CE_F_P_XDC]",541862.0,million PKR,mof_general_govt_operations_sdmx,quarterly
2021-09-30,"Pakistan Definition,General Government Operations, Expenditure, Current expenditure, Federal, Pension (civil and military), National Currency [PAK_GGO_E_CE_F_P_XDC]",171382.0,million PKR,mof_general_govt_operations_sdmx,quarterly
2021-12-31,"Pakistan Definition,General Government Operations, Expenditure, Current expenditure, Federal, Pension (civil and military), National Currency [PAK_GGO_E_CE_F_P_XDC]",321193.0,million PKR,mof_general_govt_operations_sdmx,quarterly
2022-03-31,"Pakistan Definition,General Government Operations, Expenditure, Current expenditure, Federal, Pension (civil and military), National Currency [PAK_GGO_E_CE_F_P_XDC]",486696.0,million PKR,mof_general_govt_operations_sdmx,quarterly
2022-06-30,"Pakistan Definition,General Government Operations, Expenditure, Current expenditure, Federal, Pension (civil and military), National Currency [PAK_GGO_E_CE_F_P_XDC]",666325.0,million PKR,mof_general_govt_operations_sdmx,quarterly
2022-09-30,"Pakistan Definition,General Government Operations, Expenditure, Current expenditure, Federal, Pension (civil and military), National Currency [PAK_GGO_E_CE_F_P_XDC]",203303.0,million PKR,mof_general_govt_operations_sdmx,quarterly
2022-12-31,"Pakistan Definition,General Government Operations, Expenditure, Current expenditure, Federal, Pension (civil and military), National Currency [PAK_GGO_E_CE_F_P_XDC]",404422.0,million PKR,mof_general_govt_operations_sdmx,quarterly
2023-03-31,"Pakistan Definition,General Government Operations, Expenditure, Current expenditure, Federal, Pension (civil and military), National Currency [PAK_GGO_E_CE_F_P_XDC]",611727.0,million PKR,mof_general_govt_operations_sdmx,quarterly
2023-06-30,"Pakistan Definition,General Government Operations, Expenditure, Current expenditure, Federal, Pension (civil and military), National Currency [PAK_GGO_E_CE_F_P_XDC]",807840.862866,million PKR,mof_general_govt_operations_sdmx,quarterly
2023-09-30,"Pakistan Definition,General Government Operations, Expenditure, Current expenditure, Federal, Pension (civil and military), National Currency [PAK_GGO_E_CE_F_P_XDC]",222834.0,million PKR,mof_general_govt_operations_sdmx,quarterly
2023-12-31,"Pakistan Definition,General Government Operations, Expenditure, Current expenditure, Federal, Pension (civil and military), National Currency [PAK_GGO_E_CE_F_P_XDC]",449665.0,million PKR,mof_general_govt_operations_sdmx,quarterly
2024-03-31,"Pakistan Definition,General Government Operations, Expenditure, Current expenditure, Federal, Pension (civil and military), National Currency [PAK_GGO_E_CE_F_P_XDC]",672557.0,million PKR,mof_general_govt_operations_sdmx,quarterly
2024-06-30,"Pakistan Definition,General Government Operations, Expenditure, Current expenditure, Federal, Pension (civil and military), National Currency [PAK_GGO_E_CE_F_P_XDC]",910895.0,million PKR,mof_general_govt_operations_sdmx,quarterly
2024-09-30,"Pakistan Definition,General Government Operations, Expenditure, Current expenditure, Federal, Pension (civil and military), National Currency [PAK_GGO_E_CE_F_P_XDC]",249400.35350399997,million PKR,mof_general_govt_operations_sdmx,quarterly
2024-12-31,"Pakistan Definition,General Government Operations, Expenditure, Current expenditure, Federal, Pension (civil and military), National Currency [PAK_GGO_E_CE_F_P_XDC]",504180.92392900004,million PKR,mof_general_govt_operations_sdmx,quarterly
2025-03-31,"Pakistan Definition,General Government Operations, Expenditure, Current expenditure, Federal, Pension (civil and military), National Currency [PAK_GGO_E_CE_F_P_XDC]",753681.9252129999,million PKR,mof_general_govt_operations_sdmx,quarterly
2016-09-30,"Pakistan Definition,General Government Operations, Expenditure, Current expenditure, Federal, Subsidies, National Currency [PAK_GGO_E_CE_F_S_XDC]",22733.0,million PKR,mof_general_govt_operations_sdmx,quarterly
2016-12-31,"Pakistan Definition,General Government Operations, Expenditure, Current expenditure, Federal, Subsidies, National Currency [PAK_GGO_E_CE_F_S_XDC]",53491.0,million PKR,mof_general_govt_operations_sdmx,quarterly
2017-03-31,"Pakistan Definition,General Government Operations, Expenditure, Current expenditure, Federal, Subsidies, National Currency [PAK_GGO_E_CE_F_S_XDC]",88659.0,million PKR,mof_general_govt_operations_sdmx,quarterly
2017-06-30,"Pakistan Definition,General Government Operations, Expenditure, Current expenditure, Federal, Subsidies, National Currency [PAK_GGO_E_CE_F_S_XDC]",114194.0,million PKR,mof_general_govt_operations_sdmx,quarterly
2017-09-30,"Pakistan Definition,General Government Operations, Expenditure, Current expenditure, Federal, Subsidies, National Currency [PAK_GGO_E_CE_F_S_XDC]",30239.0,million PKR,mof_general_govt_operations_sdmx,quarterly
2017-12-31,"Pakistan Definition,General Government Operations, Expenditure, Current expenditure, Federal, Subsidies, National Currency [PAK_GGO_E_CE_F_S_XDC]",54606.0,million PKR,mof_general_govt_operations_sdmx,quarterly
2018-03-31,"Pakistan Definition,General Government Operations, Expenditure, Current expenditure, Federal, Subsidies, National Currency [PAK_GGO_E_CE_F_S_XDC]",96839.0,million PKR,mof_general_govt_operations_sdmx,quarterly
2018-06-30,"Pakistan Definition,General Government Operations, Expenditure, Current expenditure, Federal, Subsidies, National Currency [PAK_GGO_E_CE_F_S_XDC]",195345.0,million PKR,mof_general_govt_operations_sdmx,quarterly
2018-09-30,"Pakistan Definition,General Government Operations, Expenditure, Current expenditure, Federal, Subsidies, National Currency [PAK_GGO_E_CE_F_S_XDC]",0.0,million PKR,mof_general_govt_operations_sdmx,quarterly
2018-12-31,"Pakistan Definition,General Government Operations, Expenditure, Current expenditure, Federal, Subsidies, National Currency [PAK_GGO_E_CE_F_S_XDC]",104150.0,million PKR,mof_general_govt_operations_sdmx,quarterly
2019-03-31,"Pakistan Definition,General Government Operations, Expenditure, Current expenditure, Federal, Subsidies, National Currency [PAK_GGO_E_CE_F_S_XDC]",169537.0,million PKR,mof_general_govt_operations_sdmx,quarterly
2019-06-30,"Pakistan Definition,General Government Operations, Expenditure, Current expenditure, Federal, Subsidies, National Currency [PAK_GGO_E_CE_F_S_XDC]",359923.0,million PKR,mof_general_govt_operations_sdmx,quarterly
2019-09-30,"Pakistan Definition,General Government Operations, Expenditure, Current expenditure, Federal, Subsidies, National Currency [PAK_GGO_E_CE_F_S_XDC]",2848.0,million PKR,mof_general_govt_operations_sdmx,quarterly
2019-12-31,"Pakistan Definition,General Government Operations, Expenditure, Current expenditure, Federal, Subsidies, National Currency [PAK_GGO_E_CE_F_S_XDC]",128970.0,million PKR,mof_general_govt_operations_sdmx,quarterly
2020-03-31,"Pakistan Definition,General Government Operations, Expenditure, Current expenditure, Federal, Subsidies, National Currency [PAK_GGO_E_CE_F_S_XDC]",204262.0,million PKR,mof_general_govt_operations_sdmx,quarterly
2020-06-30,"Pakistan Definition,General Government Operations, Expenditure, Current expenditure, Federal, Subsidies, National Currency [PAK_GGO_E_CE_F_S_XDC]",425023.0,million PKR,mof_general_govt_operations_sdmx,quarterly
2020-09-30,"Pakistan Definition,General Government Operations, Expenditure, Current expenditure, Federal, Subsidies, National Currency [PAK_GGO_E_CE_F_S_XDC]",73881.0,million PKR,mof_general_govt_operations_sdmx,quarterly
2020-12-31,"Pakistan Definition,General Government Operations, Expenditure, Current expenditure, Federal, Subsidies, National Currency [PAK_GGO_E_CE_F_S_XDC]",313396.0,million PKR,mof_general_govt_operations_sdmx,quarterly
2021-03-31,"Pakistan Definition,General Government Operations, Expenditure, Current expenditure, Federal, Subsidies, National Currency [PAK_GGO_E_CE_F_S_XDC]",575233.0,million PKR,mof_general_govt_operations_sdmx,quarterly
2021-06-30,"Pakistan Definition,General Government Operations, Expenditure, Current expenditure, Federal, Subsidies, National Currency [PAK_GGO_E_CE_F_S_XDC]",1529609.0,million PKR,mof_general_govt_operations_sdmx,quarterly
2021-09-30,"Pakistan Definition,General Government Operations, Expenditure, Current expenditure, Federal, Subsidies, National Currency [PAK_GGO_E_CE_F_S_XDC]",92706.0,million PKR,mof_general_govt_operations_sdmx,quarterly
2021-12-31,"Pakistan Definition,General Government Operations, Expenditure, Current expenditure, Federal, Subsidies, National Currency [PAK_GGO_E_CE_F_S_XDC]",196619.0,million PKR,mof_general_govt_operations_sdmx,quarterly
2022-03-31,"Pakistan Definition,General Government Operations, Expenditure, Current expenditure, Federal, Subsidies, National Currency [PAK_GGO_E_CE_F_S_XDC]",524432.0,million PKR,mof_general_govt_operations_sdmx,quarterly
2022-06-30,"Pakistan Definition,General Government Operations, Expenditure, Current expenditure, Federal, Subsidies, National Currency [PAK_GGO_E_CE_F_S_XDC]",1080262.0,million PKR,mof_general_govt_operations_sdmx,quarterly
2022-09-30,"Pakistan Definition,General Government Operations, Expenditure, Current expenditure, Federal, Subsidies, National Currency [PAK_GGO_E_CE_F_S_XDC]",2488.0,million PKR,mof_general_govt_operations_sdmx,quarterly
2022-12-31,"Pakistan Definition,General Government Operations, Expenditure, Current expenditure, Federal, Subsidies, National Currency [PAK_GGO_E_CE_F_S_XDC]",375261.959848,million PKR,mof_general_govt_operations_sdmx,quarterly
2023-03-31,"Pakistan Definition,General Government Operations, Expenditure, Current expenditure, Federal, Subsidies, National Currency [PAK_GGO_E_CE_F_S_XDC]",473166.091744,million PKR,mof_general_govt_operations_sdmx,quarterly
2023-06-30,"Pakistan Definition,General Government Operations, Expenditure, Current expenditure, Federal, Subsidies, National Currency [PAK_GGO_E_CE_F_S_XDC]",1067360.228953,million PKR,mof_general_govt_operations_sdmx,quarterly
2023-09-30,"Pakistan Definition,General Government Operations, Expenditure, Current expenditure, Federal, Subsidies, National Currency [PAK_GGO_E_CE_F_S_XDC]",20153.09481,million PKR,mof_general_govt_operations_sdmx,quarterly
2023-12-31,"Pakistan Definition,General Government Operations, Expenditure, Current expenditure, Federal, Subsidies, National Currency [PAK_GGO_E_CE_F_S_XDC]",237315.360435,million PKR,mof_general_govt_operations_sdmx,quarterly
2024-03-31,"Pakistan Definition,General Government Operations, Expenditure, Current expenditure, Federal, Subsidies, National Currency [PAK_GGO_E_CE_F_S_XDC]",466229.036863,million PKR,mof_general_govt_operations_sdmx,quarterly
2024-06-30,"Pakistan Definition,General Government Operations, Expenditure, Current expenditure, Federal, Subsidies, National Currency [PAK_GGO_E_CE_F_S_XDC]",1297877.003978,million PKR,mof_general_govt_operations_sdmx,quarterly
2024-09-30,"Pakistan Definition,General Government Operations, Expenditure, Current expenditure, Federal, Subsidies, National Currency [PAK_GGO_E_CE_F_S_XDC]",119618.459885,million PKR,mof_general_govt_operations_sdmx,quarterly
2024-12-31,"Pakistan Definition,General Government Operations, Expenditure, Current expenditure, Federal, Subsidies, National Currency [PAK_GGO_E_CE_F_S_XDC]",462620.41482899996,million PKR,mof_general_govt_operations_sdmx,quarterly
2025-03-31,"Pakistan Definition,General Government Operations, Expenditure, Current expenditure, Federal, Subsidies, National Currency [PAK_GGO_E_CE_F_S_XDC]",631961.143468,million PKR,mof_general_govt_operations_sdmx,quarterly
2016-09-30,"Pakistan Definition,General Government Operations, Expenditure, Current expenditure, National Currency [PAK_GGO_E_CE_XDC]",1240517.28,million PKR,mof_general_govt_operations_sdmx,quarterly
2016-12-31,"Pakistan Definition,General Government Operations, Expenditure, Current expenditure, National Currency [PAK_GGO_E_CE_XDC]",2545232.0,million PKR,mof_general_govt_operations_sdmx,quarterly
2017-03-31,"Pakistan Definition,General Government Operations, Expenditure, Current expenditure, National Currency [PAK_GGO_E_CE_XDC]",4075448.5599999996,million PKR,mof_general_govt_operations_sdmx,quarterly
2017-06-30,"Pakistan Definition,General Government Operations, Expenditure, Current expenditure, National Currency [PAK_GGO_E_CE_XDC]",5854267.0,million PKR,mof_general_govt_operations_sdmx,quarterly
2017-09-30,"Pakistan Definition,General Government Operations, Expenditure, Current expenditure, National Currency [PAK_GGO_E_CE_XDC]",1479929.614,million PKR,mof_general_govt_operations_sdmx,quarterly
2017-12-31,"Pakistan Definition,General Government Operations, Expenditure, Current expenditure, National Currency [PAK_GGO_E_CE_XDC]",2984380.94,million PKR,mof_general_govt_operations_sdmx,quarterly
2018-03-31,"Pakistan Definition,General Government Operations, Expenditure, Current expenditure, National Currency [PAK_GGO_E_CE_XDC]",4798350.4,million PKR,mof_general_govt_operations_sdmx,quarterly
2018-06-30,"Pakistan Definition,General Government Operations, Expenditure, Current expenditure, National Currency [PAK_GGO_E_CE_XDC]",7104030.83,million PKR,mof_general_govt_operations_sdmx,quarterly
2018-09-30,"Pakistan Definition,General Government Operations, Expenditure, Current expenditure, National Currency [PAK_GGO_E_CE_XDC]",1582163.98,million PKR,mof_general_govt_operations_sdmx,quarterly
2018-12-31,"Pakistan Definition,General Government Operations, Expenditure, Current expenditure, National Currency [PAK_GGO_E_CE_XDC]",3721373.0,million PKR,mof_general_govt_operations_sdmx,quarterly
2019-03-31,"Pakistan Definition,General Government Operations, Expenditure, Current expenditure, National Currency [PAK_GGO_E_CE_XDC]",5611561.0,million PKR,mof_general_govt_operations_sdmx,quarterly
2019-06-30,"Pakistan Definition,General Government Operations, Expenditure, Current expenditure, National Currency [PAK_GGO_E_CE_XDC]",8532020.0,million PKR,mof_general_govt_operations_sdmx,quarterly
2019-09-30,"Pakistan Definition,General Government Operations, Expenditure, Current expenditure, National Currency [PAK_GGO_E_CE_XDC]",1812572.3599999999,million PKR,mof_general_govt_operations_sdmx,quarterly
2019-12-31,"Pakistan Definition,General Government Operations, Expenditure, Current expenditure, National Currency [PAK_GGO_E_CE_XDC]",4029322.6100000003,million PKR,mof_general_govt_operations_sdmx,quarterly
2020-03-31,"Pakistan Definition,General Government Operations, Expenditure, Current expenditure, National Currency [PAK_GGO_E_CE_XDC]",6085411.26,million PKR,mof_general_govt_operations_sdmx,quarterly
2020-06-30,"Pakistan Definition,General Government Operations, Expenditure, Current expenditure, National Currency [PAK_GGO_E_CE_XDC]",9084009.91,million PKR,mof_general_govt_operations_sdmx,quarterly
2020-09-30,"Pakistan Definition,General Government Operations, Expenditure, Current expenditure, National Currency [PAK_GGO_E_CE_XDC]",1968176.087,million PKR,mof_general_govt_operations_sdmx,quarterly
2020-12-31,"Pakistan Definition,General Government Operations, Expenditure, Current expenditure, National Currency [PAK_GGO_E_CE_XDC]",4675699.18,million PKR,mof_general_govt_operations_sdmx,quarterly
2021-03-31,"Pakistan Definition,General Government Operations, Expenditure, Current expenditure, National Currency [PAK_GGO_E_CE_XDC]",7378029.24,million PKR,mof_general_govt_operations_sdmx,quarterly
2021-06-30,"Pakistan Definition,General Government Operations, Expenditure, Current expenditure, National Currency [PAK_GGO_E_CE_XDC]",11521374.8,million PKR,mof_general_govt_operations_sdmx,quarterly
2021-09-30,"Pakistan Definition,General Government Operations, Expenditure, Current expenditure, National Currency [PAK_GGO_E_CE_XDC]",2538111.49,million PKR,mof_general_govt_operations_sdmx,quarterly
2021-12-31,"Pakistan Definition,General Government Operations, Expenditure, Current expenditure, National Currency [PAK_GGO_E_CE_XDC]",6061212.12,million PKR,mof_general_govt_operations_sdmx,quarterly
2022-03-31,"Pakistan Definition,General Government Operations, Expenditure, Current expenditure, National Currency [PAK_GGO_E_CE_XDC]",9244594.57,million PKR,mof_general_govt_operations_sdmx,quarterly
2022-06-30,"Pakistan Definition,General Government Operations, Expenditure, Current expenditure, National Currency [PAK_GGO_E_CE_XDC]",14447832.58,million PKR,mof_general_govt_operations_sdmx,quarterly
2022-09-30,"Pakistan Definition,General Government Operations, Expenditure, Current expenditure, National Currency [PAK_GGO_E_CE_XDC]",3172604.924,million PKR,mof_general_govt_operations_sdmx,quarterly
2022-12-31,"Pakistan Definition,General Government Operations, Expenditure, Current expenditure, National Currency [PAK_GGO_E_CE_XDC]",8564631.949018,million PKR,mof_general_govt_operations_sdmx,quarterly
2023-03-31,"Pakistan Definition,General Government Operations, Expenditure, Current expenditure, National Currency [PAK_GGO_E_CE_XDC]",12333294.832736,million PKR,mof_general_govt_operations_sdmx,quarterly
2023-06-30,"Pakistan Definition,General Government Operations, Expenditure, Current expenditure, National Currency [PAK_GGO_E_CE_XDC]",18570942.329361998,million PKR,mof_general_govt_operations_sdmx,quarterly
2023-09-30,"Pakistan Definition,General Government Operations, Expenditure, Current expenditure, National Currency [PAK_GGO_E_CE_XDC]",3537279.793022,million PKR,mof_general_govt_operations_sdmx,quarterly
2023-12-31,"Pakistan Definition,General Government Operations, Expenditure, Current expenditure, National Currency [PAK_GGO_E_CE_XDC]",10118256.504480999,million PKR,mof_general_govt_operations_sdmx,quarterly
2024-03-31,"Pakistan Definition,General Government Operations, Expenditure, Current expenditure, National Currency [PAK_GGO_E_CE_XDC]",14588162.743324,million PKR,mof_general_govt_operations_sdmx,quarterly
2024-06-30,"Pakistan Definition,General Government Operations, Expenditure, Current expenditure, National Currency [PAK_GGO_E_CE_XDC]",21528585.200554997,million PKR,mof_general_govt_operations_sdmx,quarterly
2024-09-30,"Pakistan Definition,General Government Operations, Expenditure, Current expenditure, National Currency [PAK_GGO_E_CE_XDC]",4047059.1743469974,million PKR,mof_general_govt_operations_sdmx,quarterly
2024-12-31,"Pakistan Definition,General Government Operations, Expenditure, Current expenditure, National Currency [PAK_GGO_E_CE_XDC]",9591103.152217995,million PKR,mof_general_govt_operations_sdmx,quarterly
2025-03-31,"Pakistan Definition,General Government Operations, Expenditure, Current expenditure, National Currency [PAK_GGO_E_CE_XDC]",14267351.991727008,million PKR,mof_general_govt_operations_sdmx,quarterly
2016-09-30,"Pakistan Definition,General Government Operations, Expenditure, Current expenditure, Provincial, National Currency [PAK_GGO_E_CE_P_XDC]",394072.27999999997,million PKR,mof_general_govt_operations_sdmx,quarterly
2016-12-31,"Pakistan Definition,General Government Operations, Expenditure, Current expenditure, Provincial, National Currency [PAK_GGO_E_CE_P_XDC]",889260.0,million PKR,mof_general_govt_operations_sdmx,quarterly
2017-03-31,"Pakistan Definition,General Government Operations, Expenditure, Current expenditure, Provincial, National Currency [PAK_GGO_E_CE_P_XDC]",1422110.5599999998,million PKR,mof_general_govt_operations_sdmx,quarterly
2017-06-30,"Pakistan Definition,General Government Operations, Expenditure, Current expenditure, Provincial, National Currency [PAK_GGO_E_CE_P_XDC]",2064500.0,million PKR,mof_general_govt_operations_sdmx,quarterly
2017-09-30,"Pakistan Definition,General Government Operations, Expenditure, Current expenditure, Provincial, National Currency [PAK_GGO_E_CE_P_XDC]",480675.614,million PKR,mof_general_govt_operations_sdmx,quarterly
2017-12-31,"Pakistan Definition,General Government Operations, Expenditure, Current expenditure, Provincial, National Currency [PAK_GGO_E_CE_P_XDC]",1048209.94,million PKR,mof_general_govt_operations_sdmx,quarterly
2018-03-31,"Pakistan Definition,General Government Operations, Expenditure, Current expenditure, Provincial, National Currency [PAK_GGO_E_CE_P_XDC]",1617434.4,million PKR,mof_general_govt_operations_sdmx,quarterly
2018-06-30,"Pakistan Definition,General Government Operations, Expenditure, Current expenditure, Provincial, National Currency [PAK_GGO_E_CE_P_XDC]",2327880.83,million PKR,mof_general_govt_operations_sdmx,quarterly
2018-09-30,"Pakistan Definition,General Government Operations, Expenditure, Current expenditure, Provincial, National Currency [PAK_GGO_E_CE_P_XDC]",512432.98000000004,million PKR,mof_general_govt_operations_sdmx,quarterly
2018-12-31,"Pakistan Definition,General Government Operations, Expenditure, Current expenditure, Provincial, National Currency [PAK_GGO_E_CE_P_XDC]",1128364.0,million PKR,mof_general_govt_operations_sdmx,quarterly
2019-03-31,"Pakistan Definition,General Government Operations, Expenditure, Current expenditure, Provincial, National Currency [PAK_GGO_E_CE_P_XDC]",1723862.0,million PKR,mof_general_govt_operations_sdmx,quarterly
2019-06-30,"Pakistan Definition,General Government Operations, Expenditure, Current expenditure, Provincial, National Currency [PAK_GGO_E_CE_P_XDC]",2515828.0,million PKR,mof_general_govt_operations_sdmx,quarterly
2019-09-30,"Pakistan Definition,General Government Operations, Expenditure, Current expenditure, Provincial, National Currency [PAK_GGO_E_CE_P_XDC]",559167.36,million PKR,mof_general_govt_operations_sdmx,quarterly
2019-12-31,"Pakistan Definition,General Government Operations, Expenditure, Current expenditure, Provincial, National Currency [PAK_GGO_E_CE_P_XDC]",1267471.11,million PKR,mof_general_govt_operations_sdmx,quarterly
2020-03-31,"Pakistan Definition,General Government Operations, Expenditure, Current expenditure, Provincial, National Currency [PAK_GGO_E_CE_P_XDC]",1928145.2600000002,million PKR,mof_general_govt_operations_sdmx,quarterly
2020-06-30,"Pakistan Definition,General Government Operations, Expenditure, Current expenditure, Provincial, National Currency [PAK_GGO_E_CE_P_XDC]",2819188.9099999997,million PKR,mof_general_govt_operations_sdmx,quarterly
2020-09-30,"Pakistan Definition,General Government Operations, Expenditure, Current expenditure, Provincial, National Currency [PAK_GGO_E_CE_P_XDC]",640190.78,million PKR,mof_general_govt_operations_sdmx,quarterly
2020-12-31,"Pakistan Definition,General Government Operations, Expenditure, Current expenditure, Provincial, National Currency [PAK_GGO_E_CE_P_XDC]",1378467.18,million PKR,mof_general_govt_operations_sdmx,quarterly
2021-03-31,"Pakistan Definition,General Government Operations, Expenditure, Current expenditure, Provincial, National Currency [PAK_GGO_E_CE_P_XDC]",2168167.2399999998,million PKR,mof_general_govt_operations_sdmx,quarterly
2021-06-30,"Pakistan Definition,General Government Operations, Expenditure, Current expenditure, Provincial, National Currency [PAK_GGO_E_CE_P_XDC]",3167270.8000000003,million PKR,mof_general_govt_operations_sdmx,quarterly
2021-09-30,"Pakistan Definition,General Government Operations, Expenditure, Current expenditure, Provincial, National Currency [PAK_GGO_E_CE_P_XDC]",705601.49,million PKR,mof_general_govt_operations_sdmx,quarterly
2021-12-31,"Pakistan Definition,General Government Operations, Expenditure, Current expenditure, Provincial, National Currency [PAK_GGO_E_CE_P_XDC]",1715643.12,million PKR,mof_general_govt_operations_sdmx,quarterly
2022-03-31,"Pakistan Definition,General Government Operations, Expenditure, Current expenditure, Provincial, National Currency [PAK_GGO_E_CE_P_XDC]",2636738.57,million PKR,mof_general_govt_operations_sdmx,quarterly
2022-06-30,"Pakistan Definition,General Government Operations, Expenditure, Current expenditure, Provincial, National Currency [PAK_GGO_E_CE_P_XDC]",3797804.58,million PKR,mof_general_govt_operations_sdmx,quarterly
2022-09-30,"Pakistan Definition,General Government Operations, Expenditure, Current expenditure, Provincial, National Currency [PAK_GGO_E_CE_P_XDC]",934913.924,million PKR,mof_general_govt_operations_sdmx,quarterly
2022-12-31,"Pakistan Definition,General Government Operations, Expenditure, Current expenditure, Provincial, National Currency [PAK_GGO_E_CE_P_XDC]",2035435.44,million PKR,mof_general_govt_operations_sdmx,quarterly
2023-03-31,"Pakistan Definition,General Government Operations, Expenditure, Current expenditure, Provincial, National Currency [PAK_GGO_E_CE_P_XDC]",3209558.12,million PKR,mof_general_govt_operations_sdmx,quarterly
2023-06-30,"Pakistan Definition,General Government Operations, Expenditure, Current expenditure, Provincial, National Currency [PAK_GGO_E_CE_P_XDC]",4600890.459999999,million PKR,mof_general_govt_operations_sdmx,quarterly
2023-09-30,"Pakistan Definition,General Government Operations, Expenditure, Current expenditure, Provincial, National Currency [PAK_GGO_E_CE_P_XDC]",1196080.6700000002,million PKR,mof_general_govt_operations_sdmx,quarterly
2023-12-31,"Pakistan Definition,General Government Operations, Expenditure, Current expenditure, Provincial, National Currency [PAK_GGO_E_CE_P_XDC]",2475147.3499999996,million PKR,mof_general_govt_operations_sdmx,quarterly
2024-03-31,"Pakistan Definition,General Government Operations, Expenditure, Current expenditure, Provincial, National Currency [PAK_GGO_E_CE_P_XDC]",4006310.0300000003,million PKR,mof_general_govt_operations_sdmx,quarterly
2024-06-30,"Pakistan Definition,General Government Operations, Expenditure, Current expenditure, Provincial, National Currency [PAK_GGO_E_CE_P_XDC]",5832914.027306,million PKR,mof_general_govt_operations_sdmx,quarterly
2024-09-30,"Pakistan Definition,General Government Operations, Expenditure, Current expenditure, Provincial, National Currency [PAK_GGO_E_CE_P_XDC]",1372545.59,million PKR,mof_general_govt_operations_sdmx,quarterly
2024-12-31,"Pakistan Definition,General Government Operations, Expenditure, Current expenditure, Provincial, National Currency [PAK_GGO_E_CE_P_XDC]",2821517.78,million PKR,mof_general_govt_operations_sdmx,quarterly
2025-03-31,"Pakistan Definition,General Government Operations, Expenditure, Current expenditure, Provincial, National Currency [PAK_GGO_E_CE_P_XDC]",4397038.82,million PKR,mof_general_govt_operations_sdmx,quarterly
2016-09-30,"Pakistan Definition,General Government Operations, Expenditure, Development expenditure and net lending, National Currency [PAK_GGO_E_DENL_XDC]",190814.0,million PKR,mof_general_govt_operations_sdmx,quarterly
2016-12-31,"Pakistan Definition,General Government Operations, Expenditure, Development expenditure and net lending, National Currency [PAK_GGO_E_DENL_XDC]",576823.0,million PKR,mof_general_govt_operations_sdmx,quarterly
2017-03-31,"Pakistan Definition,General Government Operations, Expenditure, Development expenditure and net lending, National Currency [PAK_GGO_E_DENL_XDC]",1002488.0,million PKR,mof_general_govt_operations_sdmx,quarterly
2017-06-30,"Pakistan Definition,General Government Operations, Expenditure, Development expenditure and net lending, National Currency [PAK_GGO_E_DENL_XDC]",1621682.0,million PKR,mof_general_govt_operations_sdmx,quarterly
2017-09-30,"Pakistan Definition,General Government Operations, Expenditure, Development expenditure and net lending, National Currency [PAK_GGO_E_DENL_XDC]",108963.925,million PKR,mof_general_govt_operations_sdmx,quarterly
2017-12-31,"Pakistan Definition,General Government Operations, Expenditure, Development expenditure and net lending, National Currency [PAK_GGO_E_DENL_XDC]",369387.626,million PKR,mof_general_govt_operations_sdmx,quarterly
2018-03-31,"Pakistan Definition,General Government Operations, Expenditure, Development expenditure and net lending, National Currency [PAK_GGO_E_DENL_XDC]",684156.752,million PKR,mof_general_govt_operations_sdmx,quarterly
2018-06-30,"Pakistan Definition,General Government Operations, Expenditure, Development expenditure and net lending, National Currency [PAK_GGO_E_DENL_XDC]",1219192.0,million PKR,mof_general_govt_operations_sdmx,quarterly
2018-09-30,"Pakistan Definition,General Government Operations, Expenditure, Development expenditure and net lending, National Currency [PAK_GGO_E_DENL_XDC]",147173.707387,million PKR,mof_general_govt_operations_sdmx,quarterly
2018-12-31,"Pakistan Definition,General Government Operations, Expenditure, Development expenditure and net lending, National Currency [PAK_GGO_E_DENL_XDC]",473275.0,million PKR,mof_general_govt_operations_sdmx,quarterly
2019-03-31,"Pakistan Definition,General Government Operations, Expenditure, Development expenditure and net lending, National Currency [PAK_GGO_E_DENL_XDC]",781399.0,million PKR,mof_general_govt_operations_sdmx,quarterly
2019-06-30,"Pakistan Definition,General Government Operations, Expenditure, Development expenditure and net lending, National Currency [PAK_GGO_E_DENL_XDC]",1203741.0,million PKR,mof_general_govt_operations_sdmx,quarterly
2019-09-30,"Pakistan Definition,General Government Operations, Expenditure, Development expenditure and net lending, National Currency [PAK_GGO_E_DENL_XDC]",215219.696,million PKR,mof_general_govt_operations_sdmx,quarterly
2019-12-31,"Pakistan Definition,General Government Operations, Expenditure, Development expenditure and net lending, National Currency [PAK_GGO_E_DENL_XDC]",457859.8763,million PKR,mof_general_govt_operations_sdmx,quarterly
2020-03-31,"Pakistan Definition,General Government Operations, Expenditure, Development expenditure and net lending, National Currency [PAK_GGO_E_DENL_XDC]",722947.221,million PKR,mof_general_govt_operations_sdmx,quarterly
2020-06-30,"Pakistan Definition,General Government Operations, Expenditure, Development expenditure and net lending, National Currency [PAK_GGO_E_DENL_XDC]",1315676.2820000001,million PKR,mof_general_govt_operations_sdmx,quarterly
2020-09-30,"Pakistan Definition,General Government Operations, Expenditure, Development expenditure and net lending, National Currency [PAK_GGO_E_DENL_XDC]",264667.616,million PKR,mof_general_govt_operations_sdmx,quarterly
2020-12-31,"Pakistan Definition,General Government Operations, Expenditure, Development expenditure and net lending, National Currency [PAK_GGO_E_DENL_XDC]",571481.2095,million PKR,mof_general_govt_operations_sdmx,quarterly
2021-03-31,"Pakistan Definition,General Government Operations, Expenditure, Development expenditure and net lending, National Currency [PAK_GGO_E_DENL_XDC]",1051099.026,million PKR,mof_general_govt_operations_sdmx,quarterly
2021-06-30,"Pakistan Definition,General Government Operations, Expenditure, Development expenditure and net lending, National Currency [PAK_GGO_E_DENL_XDC]",1657421.977,million PKR,mof_general_govt_operations_sdmx,quarterly
2021-09-30,"Pakistan Definition,General Government Operations, Expenditure, Development expenditure and net lending, National Currency [PAK_GGO_E_DENL_XDC]",219968.04499999998,million PKR,mof_general_govt_operations_sdmx,quarterly
2021-12-31,"Pakistan Definition,General Government Operations, Expenditure, Development expenditure and net lending, National Currency [PAK_GGO_E_DENL_XDC]",636606.6780000001,million PKR,mof_general_govt_operations_sdmx,quarterly
2022-03-31,"Pakistan Definition,General Government Operations, Expenditure, Development expenditure and net lending, National Currency [PAK_GGO_E_DENL_XDC]",1060446.273,million PKR,mof_general_govt_operations_sdmx,quarterly
2022-06-30,"Pakistan Definition,General Government Operations, Expenditure, Development expenditure and net lending, National Currency [PAK_GGO_E_DENL_XDC]",1952868.4,million PKR,mof_general_govt_operations_sdmx,quarterly
2022-09-30,"Pakistan Definition,General Government Operations, Expenditure, Development expenditure and net lending, National Currency [PAK_GGO_E_DENL_XDC]",282386.51,million PKR,mof_general_govt_operations_sdmx,quarterly
2022-12-31,"Pakistan Definition,General Government Operations, Expenditure, Development expenditure and net lending, National Currency [PAK_GGO_E_DENL_XDC]",661214.481246,million PKR,mof_general_govt_operations_sdmx,quarterly
2023-03-31,"Pakistan Definition,General Government Operations, Expenditure, Development expenditure and net lending, National Currency [PAK_GGO_E_DENL_XDC]",1142781.133882,million PKR,mof_general_govt_operations_sdmx,quarterly
2023-06-30,"Pakistan Definition,General Government Operations, Expenditure, Development expenditure and net lending, National Currency [PAK_GGO_E_DENL_XDC]",2078483.7801909999,million PKR,mof_general_govt_operations_sdmx,quarterly
2023-09-30,"Pakistan Definition,General Government Operations, Expenditure, Development expenditure and net lending, National Currency [PAK_GGO_E_DENL_XDC]",276722.91073600005,million PKR,mof_general_govt_operations_sdmx,quarterly
2023-12-31,"Pakistan Definition,General Government Operations, Expenditure, Development expenditure and net lending, National Currency [PAK_GGO_E_DENL_XDC]",743683.676313,million PKR,mof_general_govt_operations_sdmx,quarterly
2024-03-31,"Pakistan Definition,General Government Operations, Expenditure, Development expenditure and net lending, National Currency [PAK_GGO_E_DENL_XDC]",1543175.130934,million PKR,mof_general_govt_operations_sdmx,quarterly
2024-06-30,"Pakistan Definition,General Government Operations, Expenditure, Development expenditure and net lending, National Currency [PAK_GGO_E_DENL_XDC]",2965754.628835,million PKR,mof_general_govt_operations_sdmx,quarterly
2024-09-30,"Pakistan Definition,General Government Operations, Expenditure, Development expenditure and net lending, National Currency [PAK_GGO_E_DENL_XDC]",295061.977943,million PKR,mof_general_govt_operations_sdmx,quarterly
2024-12-31,"Pakistan Definition,General Government Operations, Expenditure, Development expenditure and net lending, National Currency [PAK_GGO_E_DENL_XDC]",963869.29408,million PKR,mof_general_govt_operations_sdmx,quarterly
2025-03-31,"Pakistan Definition,General Government Operations, Expenditure, Development expenditure and net lending, National Currency [PAK_GGO_E_DENL_XDC]",1831840.5006710002,million PKR,mof_general_govt_operations_sdmx,quarterly
2016-09-30,"Pakistan Definition,General Government Operations, Expenditure, Development expenditure and net lending, Net lending, National Currency [PAK_GGO_E_DENL_NL_XDC]",932.0,million PKR,mof_general_govt_operations_sdmx,quarterly
2016-12-31,"Pakistan Definition,General Government Operations, Expenditure, Development expenditure and net lending, Net lending, National Currency [PAK_GGO_E_DENL_NL_XDC]",2017.0,million PKR,mof_general_govt_operations_sdmx,quarterly
2017-03-31,"Pakistan Definition,General Government Operations, Expenditure, Development expenditure and net lending, Net lending, National Currency [PAK_GGO_E_DENL_NL_XDC]",9190.0,million PKR,mof_general_govt_operations_sdmx,quarterly
2017-06-30,"Pakistan Definition,General Government Operations, Expenditure, Development expenditure and net lending, Net lending, National Currency [PAK_GGO_E_DENL_NL_XDC]",37625.0,million PKR,mof_general_govt_operations_sdmx,quarterly
2017-09-30,"Pakistan Definition,General Government Operations, Expenditure, Development expenditure and net lending, Net lending, National Currency [PAK_GGO_E_DENL_NL_XDC]",-254.0,million PKR,mof_general_govt_operations_sdmx,quarterly
2017-12-31,"Pakistan Definition,General Government Operations, Expenditure, Development expenditure and net lending, Net lending, National Currency [PAK_GGO_E_DENL_NL_XDC]",8306.0,million PKR,mof_general_govt_operations_sdmx,quarterly
2018-03-31,"Pakistan Definition,General Government Operations, Expenditure, Development expenditure and net lending, Net lending, National Currency [PAK_GGO_E_DENL_NL_XDC]",28303.0,million PKR,mof_general_govt_operations_sdmx,quarterly
2018-06-30,"Pakistan Definition,General Government Operations, Expenditure, Development expenditure and net lending, Net lending, National Currency [PAK_GGO_E_DENL_NL_XDC]",40750.0,million PKR,mof_general_govt_operations_sdmx,quarterly
2018-09-30,"Pakistan Definition,General Government Operations, Expenditure, Development expenditure and net lending, Net lending, National Currency [PAK_GGO_E_DENL_NL_XDC]",4688.0,million PKR,mof_general_govt_operations_sdmx,quarterly
2018-12-31,"Pakistan Definition,General Government Operations, Expenditure, Development expenditure and net lending, Net lending, National Currency [PAK_GGO_E_DENL_NL_XDC]",8331.0,million PKR,mof_general_govt_operations_sdmx,quarterly
2019-03-31,"Pakistan Definition,General Government Operations, Expenditure, Development expenditure and net lending, Net lending, National Currency [PAK_GGO_E_DENL_NL_XDC]",29677.0,million PKR,mof_general_govt_operations_sdmx,quarterly
2019-06-30,"Pakistan Definition,General Government Operations, Expenditure, Development expenditure and net lending, Net lending, National Currency [PAK_GGO_E_DENL_NL_XDC]",48528.0,million PKR,mof_general_govt_operations_sdmx,quarterly
2019-09-30,"Pakistan Definition,General Government Operations, Expenditure, Development expenditure and net lending, Net lending, National Currency [PAK_GGO_E_DENL_NL_XDC]",50747.0,million PKR,mof_general_govt_operations_sdmx,quarterly
2019-12-31,"Pakistan Definition,General Government Operations, Expenditure, Development expenditure and net lending, Net lending, National Currency [PAK_GGO_E_DENL_NL_XDC]",43733.0,million PKR,mof_general_govt_operations_sdmx,quarterly
2020-03-31,"Pakistan Definition,General Government Operations, Expenditure, Development expenditure and net lending, Net lending, National Currency [PAK_GGO_E_DENL_NL_XDC]",54950.0,million PKR,mof_general_govt_operations_sdmx,quarterly
2020-06-30,"Pakistan Definition,General Government Operations, Expenditure, Development expenditure and net lending, Net lending, National Currency [PAK_GGO_E_DENL_NL_XDC]",76938.0,million PKR,mof_general_govt_operations_sdmx,quarterly
2020-09-30,"Pakistan Definition,General Government Operations, Expenditure, Development expenditure and net lending, Net lending, National Currency [PAK_GGO_E_DENL_NL_XDC]",2577.0,million PKR,mof_general_govt_operations_sdmx,quarterly
2020-12-31,"Pakistan Definition,General Government Operations, Expenditure, Development expenditure and net lending, Net lending, National Currency [PAK_GGO_E_DENL_NL_XDC]",6095.0,million PKR,mof_general_govt_operations_sdmx,quarterly
2021-03-31,"Pakistan Definition,General Government Operations, Expenditure, Development expenditure and net lending, Net lending, National Currency [PAK_GGO_E_DENL_NL_XDC]",18427.0,million PKR,mof_general_govt_operations_sdmx,quarterly
2021-06-30,"Pakistan Definition,General Government Operations, Expenditure, Development expenditure and net lending, Net lending, National Currency [PAK_GGO_E_DENL_NL_XDC]",40372.0,million PKR,mof_general_govt_operations_sdmx,quarterly
2021-09-30,"Pakistan Definition,General Government Operations, Expenditure, Development expenditure and net lending, Net lending, National Currency [PAK_GGO_E_DENL_NL_XDC]",721.0,million PKR,mof_general_govt_operations_sdmx,quarterly
2021-12-31,"Pakistan Definition,General Government Operations, Expenditure, Development expenditure and net lending, Net lending, National Currency [PAK_GGO_E_DENL_NL_XDC]",45749.0,million PKR,mof_general_govt_operations_sdmx,quarterly
2022-03-31,"Pakistan Definition,General Government Operations, Expenditure, Development expenditure and net lending, Net lending, National Currency [PAK_GGO_E_DENL_NL_XDC]",46461.0,million PKR,mof_general_govt_operations_sdmx,quarterly
2022-06-30,"Pakistan Definition,General Government Operations, Expenditure, Development expenditure and net lending, Net lending, National Currency [PAK_GGO_E_DENL_NL_XDC]",59876.0,million PKR,mof_general_govt_operations_sdmx,quarterly
2022-09-30,"Pakistan Definition,General Government Operations, Expenditure, Development expenditure and net lending, Net lending, National Currency [PAK_GGO_E_DENL_NL_XDC]",-4091.0,million PKR,mof_general_govt_operations_sdmx,quarterly
2022-12-31,"Pakistan Definition,General Government Operations, Expenditure, Development expenditure and net lending, Net lending, National Currency [PAK_GGO_E_DENL_NL_XDC]",-12002.0,million PKR,mof_general_govt_operations_sdmx,quarterly
2023-03-31,"Pakistan Definition,General Government Operations, Expenditure, Development expenditure and net lending, Net lending, National Currency [PAK_GGO_E_DENL_NL_XDC]",-15300.0,million PKR,mof_general_govt_operations_sdmx,quarterly
2023-06-30,"Pakistan Definition,General Government Operations, Expenditure, Development expenditure and net lending, Net lending, National Currency [PAK_GGO_E_DENL_NL_XDC]",51669.616620000015,million PKR,mof_general_govt_operations_sdmx,quarterly
2023-09-30,"Pakistan Definition,General Government Operations, Expenditure, Development expenditure and net lending, Net lending, National Currency [PAK_GGO_E_DENL_NL_XDC]",-1643.2550429999978,million PKR,mof_general_govt_operations_sdmx,quarterly
2023-12-31,"Pakistan Definition,General Government Operations, Expenditure, Development expenditure and net lending, Net lending, National Currency [PAK_GGO_E_DENL_NL_XDC]",-28368.518656999993,million PKR,mof_general_govt_operations_sdmx,quarterly
2024-03-31,"Pakistan Definition,General Government Operations, Expenditure, Development expenditure and net lending, Net lending, National Currency [PAK_GGO_E_DENL_NL_XDC]",7532.3596290000205,million PKR,mof_general_govt_operations_sdmx,quarterly
2024-06-30,"Pakistan Definition,General Government Operations, Expenditure, Development expenditure and net lending, Net lending, National Currency [PAK_GGO_E_DENL_NL_XDC]",-17647.30557900002,million PKR,mof_general_govt_operations_sdmx,quarterly
2024-09-30,"Pakistan Definition,General Government Operations, Expenditure, Development expenditure and net lending, Net lending, National Currency [PAK_GGO_E_DENL_NL_XDC]",-145788.180926,million PKR,mof_general_govt_operations_sdmx,quarterly
2024-12-31,"Pakistan Definition,General Government Operations, Expenditure, Development expenditure and net lending, Net lending, National Currency [PAK_GGO_E_DENL_NL_XDC]",-142016.52338100004,million PKR,mof_general_govt_operations_sdmx,quarterly
2025-03-31,"Pakistan Definition,General Government Operations, Expenditure, Development expenditure and net lending, Net lending, National Currency [PAK_GGO_E_DENL_NL_XDC]",-115219.22811799994,million PKR,mof_general_govt_operations_sdmx,quarterly
2016-09-30,"Pakistan Definition,General Government Operations, Expenditure, Development expenditure and net lending, Public Sector Development Program (PSDP) 2/ ,Domestic Currency [PAK_GGO_E_DENL_PDSP_XDC]",164980.0,million PKR,mof_general_govt_operations_sdmx,quarterly
2016-12-31,"Pakistan Definition,General Government Operations, Expenditure, Development expenditure and net lending, Public Sector Development Program (PSDP) 2/ ,Domestic Currency [PAK_GGO_E_DENL_PDSP_XDC]",519786.0,million PKR,mof_general_govt_operations_sdmx,quarterly
2017-03-31,"Pakistan Definition,General Government Operations, Expenditure, Development expenditure and net lending, Public Sector Development Program (PSDP) 2/ ,Domestic Currency [PAK_GGO_E_DENL_PDSP_XDC]",931357.0,million PKR,mof_general_govt_operations_sdmx,quarterly
2017-06-30,"Pakistan Definition,General Government Operations, Expenditure, Development expenditure and net lending, Public Sector Development Program (PSDP) 2/ ,Domestic Currency [PAK_GGO_E_DENL_PDSP_XDC]",1456247.0,million PKR,mof_general_govt_operations_sdmx,quarterly
2017-09-30,"Pakistan Definition,General Government Operations, Expenditure, Development expenditure and net lending, Public Sector Development Program (PSDP) 2/ ,Domestic Currency [PAK_GGO_E_DENL_PDSP_XDC]",106598.925,million PKR,mof_general_govt_operations_sdmx,quarterly
2017-12-31,"Pakistan Definition,General Government Operations, Expenditure, Development expenditure and net lending, Public Sector Development Program (PSDP) 2/ ,Domestic Currency [PAK_GGO_E_DENL_PDSP_XDC]",328227.626,million PKR,mof_general_govt_operations_sdmx,quarterly
2018-03-31,"Pakistan Definition,General Government Operations, Expenditure, Development expenditure and net lending, Public Sector Development Program (PSDP) 2/ ,Domestic Currency [PAK_GGO_E_DENL_PDSP_XDC]",578456.752,million PKR,mof_general_govt_operations_sdmx,quarterly
2018-06-30,"Pakistan Definition,General Government Operations, Expenditure, Development expenditure and net lending, Public Sector Development Program (PSDP) 2/ ,Domestic Currency [PAK_GGO_E_DENL_PDSP_XDC]",1008231.0,million PKR,mof_general_govt_operations_sdmx,quarterly
2018-09-30,"Pakistan Definition,General Government Operations, Expenditure, Development expenditure and net lending, Public Sector Development Program (PSDP) 2/ ,Domestic Currency [PAK_GGO_E_DENL_PDSP_XDC]",142379.707387,million PKR,mof_general_govt_operations_sdmx,quarterly
2018-12-31,"Pakistan Definition,General Government Operations, Expenditure, Development expenditure and net lending, Public Sector Development Program (PSDP) 2/ ,Domestic Currency [PAK_GGO_E_DENL_PDSP_XDC]",456837.0,million PKR,mof_general_govt_operations_sdmx,quarterly
2019-03-31,"Pakistan Definition,General Government Operations, Expenditure, Development expenditure and net lending, Public Sector Development Program (PSDP) 2/ ,Domestic Currency [PAK_GGO_E_DENL_PDSP_XDC]",722504.0,million PKR,mof_general_govt_operations_sdmx,quarterly
2019-06-30,"Pakistan Definition,General Government Operations, Expenditure, Development expenditure and net lending, Public Sector Development Program (PSDP) 2/ ,Domestic Currency [PAK_GGO_E_DENL_PDSP_XDC]",1089733.0,million PKR,mof_general_govt_operations_sdmx,quarterly
2019-09-30,"Pakistan Definition,General Government Operations, Expenditure, Development expenditure and net lending, Public Sector Development Program (PSDP) 2/ ,Domestic Currency [PAK_GGO_E_DENL_PDSP_XDC]",160546.696,million PKR,mof_general_govt_operations_sdmx,quarterly
2019-12-31,"Pakistan Definition,General Government Operations, Expenditure, Development expenditure and net lending, Public Sector Development Program (PSDP) 2/ ,Domestic Currency [PAK_GGO_E_DENL_PDSP_XDC]",403146.8763,million PKR,mof_general_govt_operations_sdmx,quarterly
2020-03-31,"Pakistan Definition,General Government Operations, Expenditure, Development expenditure and net lending, Public Sector Development Program (PSDP) 2/ ,Domestic Currency [PAK_GGO_E_DENL_PDSP_XDC]",653931.221,million PKR,mof_general_govt_operations_sdmx,quarterly
2020-06-30,"Pakistan Definition,General Government Operations, Expenditure, Development expenditure and net lending, Public Sector Development Program (PSDP) 2/ ,Domestic Currency [PAK_GGO_E_DENL_PDSP_XDC]",1211451.2820000001,million PKR,mof_general_govt_operations_sdmx,quarterly
2020-09-30,"Pakistan Definition,General Government Operations, Expenditure, Development expenditure and net lending, Public Sector Development Program (PSDP) 2/ ,Domestic Currency [PAK_GGO_E_DENL_PDSP_XDC]",262090.61599999998,million PKR,mof_general_govt_operations_sdmx,quarterly
2020-12-31,"Pakistan Definition,General Government Operations, Expenditure, Development expenditure and net lending, Public Sector Development Program (PSDP) 2/ ,Domestic Currency [PAK_GGO_E_DENL_PDSP_XDC]",565386.2095,million PKR,mof_general_govt_operations_sdmx,quarterly
2021-03-31,"Pakistan Definition,General Government Operations, Expenditure, Development expenditure and net lending, Public Sector Development Program (PSDP) 2/ ,Domestic Currency [PAK_GGO_E_DENL_PDSP_XDC]",1032672.0260000001,million PKR,mof_general_govt_operations_sdmx,quarterly
2021-06-30,"Pakistan Definition,General Government Operations, Expenditure, Development expenditure and net lending, Public Sector Development Program (PSDP) 2/ ,Domestic Currency [PAK_GGO_E_DENL_PDSP_XDC]",1617049.977,million PKR,mof_general_govt_operations_sdmx,quarterly
2021-09-30,"Pakistan Definition,General Government Operations, Expenditure, Development expenditure and net lending, Public Sector Development Program (PSDP) 2/ ,Domestic Currency [PAK_GGO_E_DENL_PDSP_XDC]",219247.04499999998,million PKR,mof_general_govt_operations_sdmx,quarterly
2021-12-31,"Pakistan Definition,General Government Operations, Expenditure, Development expenditure and net lending, Public Sector Development Program (PSDP) 2/ ,Domestic Currency [PAK_GGO_E_DENL_PDSP_XDC]",590857.6780000001,million PKR,mof_general_govt_operations_sdmx,quarterly
2022-03-31,"Pakistan Definition,General Government Operations, Expenditure, Development expenditure and net lending, Public Sector Development Program (PSDP) 2/ ,Domestic Currency [PAK_GGO_E_DENL_PDSP_XDC]",1013985.273,million PKR,mof_general_govt_operations_sdmx,quarterly
2022-06-30,"Pakistan Definition,General Government Operations, Expenditure, Development expenditure and net lending, Public Sector Development Program (PSDP) 2/ ,Domestic Currency [PAK_GGO_E_DENL_PDSP_XDC]",1892992.4,million PKR,mof_general_govt_operations_sdmx,quarterly
2022-09-30,"Pakistan Definition,General Government Operations, Expenditure, Development expenditure and net lending, Public Sector Development Program (PSDP) 2/ ,Domestic Currency [PAK_GGO_E_DENL_PDSP_XDC]",286477.51,million PKR,mof_general_govt_operations_sdmx,quarterly
2022-12-31,"Pakistan Definition,General Government Operations, Expenditure, Development expenditure and net lending, Public Sector Development Program (PSDP) 2/ ,Domestic Currency [PAK_GGO_E_DENL_PDSP_XDC]",673216.481246,million PKR,mof_general_govt_operations_sdmx,quarterly
2023-03-31,"Pakistan Definition,General Government Operations, Expenditure, Development expenditure and net lending, Public Sector Development Program (PSDP) 2/ ,Domestic Currency [PAK_GGO_E_DENL_PDSP_XDC]",1158081.133882,million PKR,mof_general_govt_operations_sdmx,quarterly
2023-06-30,"Pakistan Definition,General Government Operations, Expenditure, Development expenditure and net lending, Public Sector Development Program (PSDP) 2/ ,Domestic Currency [PAK_GGO_E_DENL_PDSP_XDC]",2026814.1635709999,million PKR,mof_general_govt_operations_sdmx,quarterly
2023-09-30,"Pakistan Definition,General Government Operations, Expenditure, Development expenditure and net lending, Public Sector Development Program (PSDP) 2/ ,Domestic Currency [PAK_GGO_E_DENL_PDSP_XDC]",278366.16577900003,million PKR,mof_general_govt_operations_sdmx,quarterly
2023-12-31,"Pakistan Definition,General Government Operations, Expenditure, Development expenditure and net lending, Public Sector Development Program (PSDP) 2/ ,Domestic Currency [PAK_GGO_E_DENL_PDSP_XDC]",772052.1949700001,million PKR,mof_general_govt_operations_sdmx,quarterly
2024-03-31,"Pakistan Definition,General Government Operations, Expenditure, Development expenditure and net lending, Public Sector Development Program (PSDP) 2/ ,Domestic Currency [PAK_GGO_E_DENL_PDSP_XDC]",1535642.771305,million PKR,mof_general_govt_operations_sdmx,quarterly
2024-06-30,"Pakistan Definition,General Government Operations, Expenditure, Development expenditure and net lending, Public Sector Development Program (PSDP) 2/ ,Domestic Currency [PAK_GGO_E_DENL_PDSP_XDC]",2983401.9344140003,million PKR,mof_general_govt_operations_sdmx,quarterly
2024-09-30,"Pakistan Definition,General Government Operations, Expenditure, Development expenditure and net lending, Public Sector Development Program (PSDP) 2/ ,Domestic Currency [PAK_GGO_E_DENL_PDSP_XDC]",440850.158869,million PKR,mof_general_govt_operations_sdmx,quarterly
2024-12-31,"Pakistan Definition,General Government Operations, Expenditure, Development expenditure and net lending, Public Sector Development Program (PSDP) 2/ ,Domestic Currency [PAK_GGO_E_DENL_PDSP_XDC]",1105885.817461,million PKR,mof_general_govt_operations_sdmx,quarterly
2025-03-31,"Pakistan Definition,General Government Operations, Expenditure, Development expenditure and net lending, Public Sector Development Program (PSDP) 2/ ,Domestic Currency [PAK_GGO_E_DENL_PDSP_XDC]",1947059.728789,million PKR,mof_general_govt_operations_sdmx,quarterly
2016-09-30,"Pakistan Definition,General Government Operations, Expenditure, Development expenditure and net lending, Public Sector Development Program (PSDP) 2/ ,Federal 2/ Domestic Currency [PAK_GGO_E_DENL_PSDP_F_XDC]",69551.0,million PKR,mof_general_govt_operations_sdmx,quarterly
2016-12-31,"Pakistan Definition,General Government Operations, Expenditure, Development expenditure and net lending, Public Sector Development Program (PSDP) 2/ ,Federal 2/ Domestic Currency [PAK_GGO_E_DENL_PSDP_F_XDC]",203015.0,million PKR,mof_general_govt_operations_sdmx,quarterly
2017-03-31,"Pakistan Definition,General Government Operations, Expenditure, Development expenditure and net lending, Public Sector Development Program (PSDP) 2/ ,Federal 2/ Domestic Currency [PAK_GGO_E_DENL_PSDP_F_XDC]",353596.0,million PKR,mof_general_govt_operations_sdmx,quarterly
2017-06-30,"Pakistan Definition,General Government Operations, Expenditure, Development expenditure and net lending, Public Sector Development Program (PSDP) 2/ ,Federal 2/ Domestic Currency [PAK_GGO_E_DENL_PSDP_F_XDC]",576104.0,million PKR,mof_general_govt_operations_sdmx,quarterly
2017-09-30,"Pakistan Definition,General Government Operations, Expenditure, Development expenditure and net lending, Public Sector Development Program (PSDP) 2/ ,Federal 2/ Domestic Currency [PAK_GGO_E_DENL_PSDP_F_XDC]",50872.0,million PKR,mof_general_govt_operations_sdmx,quarterly
2017-12-31,"Pakistan Definition,General Government Operations, Expenditure, Development expenditure and net lending, Public Sector Development Program (PSDP) 2/ ,Federal 2/ Domestic Currency [PAK_GGO_E_DENL_PSDP_F_XDC]",160503.626,million PKR,mof_general_govt_operations_sdmx,quarterly
2018-03-31,"Pakistan Definition,General Government Operations, Expenditure, Development expenditure and net lending, Public Sector Development Program (PSDP) 2/ ,Federal 2/ Domestic Currency [PAK_GGO_E_DENL_PSDP_F_XDC]",302448.752,million PKR,mof_general_govt_operations_sdmx,quarterly
2018-06-30,"Pakistan Definition,General Government Operations, Expenditure, Development expenditure and net lending, Public Sector Development Program (PSDP) 2/ ,Federal 2/ Domestic Currency [PAK_GGO_E_DENL_PSDP_F_XDC]",502065.0,million PKR,mof_general_govt_operations_sdmx,quarterly
2018-09-30,"Pakistan Definition,General Government Operations, Expenditure, Development expenditure and net lending, Public Sector Development Program (PSDP) 2/ ,Federal 2/ Domestic Currency [PAK_GGO_E_DENL_PSDP_F_XDC]",71755.707387,million PKR,mof_general_govt_operations_sdmx,quarterly
2018-12-31,"Pakistan Definition,General Government Operations, Expenditure, Development expenditure and net lending, Public Sector Development Program (PSDP) 2/ ,Federal 2/ Domestic Currency [PAK_GGO_E_DENL_PSDP_F_XDC]",237475.0,million PKR,mof_general_govt_operations_sdmx,quarterly
2019-03-31,"Pakistan Definition,General Government Operations, Expenditure, Development expenditure and net lending, Public Sector Development Program (PSDP) 2/ ,Federal 2/ Domestic Currency [PAK_GGO_E_DENL_PSDP_F_XDC]",340484.0,million PKR,mof_general_govt_operations_sdmx,quarterly
2019-06-30,"Pakistan Definition,General Government Operations, Expenditure, Development expenditure and net lending, Public Sector Development Program (PSDP) 2/ ,Federal 2/ Domestic Currency [PAK_GGO_E_DENL_PSDP_F_XDC]",467738.0,million PKR,mof_general_govt_operations_sdmx,quarterly
2019-09-30,"Pakistan Definition,General Government Operations, Expenditure, Development expenditure and net lending, Public Sector Development Program (PSDP) 2/ ,Federal 2/ Domestic Currency [PAK_GGO_E_DENL_PSDP_F_XDC]",70745.696,million PKR,mof_general_govt_operations_sdmx,quarterly
2019-12-31,"Pakistan Definition,General Government Operations, Expenditure, Development expenditure and net lending, Public Sector Development Program (PSDP) 2/ ,Federal 2/ Domestic Currency [PAK_GGO_E_DENL_PSDP_F_XDC]",175496.8763,million PKR,mof_general_govt_operations_sdmx,quarterly
2020-03-31,"Pakistan Definition,General Government Operations, Expenditure, Development expenditure and net lending, Public Sector Development Program (PSDP) 2/ ,Federal 2/ Domestic Currency [PAK_GGO_E_DENL_PSDP_F_XDC]",263968.221,million PKR,mof_general_govt_operations_sdmx,quarterly
2020-06-30,"Pakistan Definition,General Government Operations, Expenditure, Development expenditure and net lending, Public Sector Development Program (PSDP) 2/ ,Federal 2/ Domestic Currency [PAK_GGO_E_DENL_PSDP_F_XDC]",441211.282,million PKR,mof_general_govt_operations_sdmx,quarterly
2020-09-30,"Pakistan Definition,General Government Operations, Expenditure, Development expenditure and net lending, Public Sector Development Program (PSDP) 2/ ,Federal 2/ Domestic Currency [PAK_GGO_E_DENL_PSDP_F_XDC]",108315.083,million PKR,mof_general_govt_operations_sdmx,quarterly
2020-12-31,"Pakistan Definition,General Government Operations, Expenditure, Development expenditure and net lending, Public Sector Development Program (PSDP) 2/ ,Federal 2/ Domestic Currency [PAK_GGO_E_DENL_PSDP_F_XDC]",199633.2095,million PKR,mof_general_govt_operations_sdmx,quarterly
2021-03-31,"Pakistan Definition,General Government Operations, Expenditure, Development expenditure and net lending, Public Sector Development Program (PSDP) 2/ ,Federal 2/ Domestic Currency [PAK_GGO_E_DENL_PSDP_F_XDC]",308609.026,million PKR,mof_general_govt_operations_sdmx,quarterly
2021-06-30,"Pakistan Definition,General Government Operations, Expenditure, Development expenditure and net lending, Public Sector Development Program (PSDP) 2/ ,Federal 2/ Domestic Currency [PAK_GGO_E_DENL_PSDP_F_XDC]",400419.977,million PKR,mof_general_govt_operations_sdmx,quarterly
2021-09-30,"Pakistan Definition,General Government Operations, Expenditure, Development expenditure and net lending, Public Sector Development Program (PSDP) 2/ ,Federal 2/ Domestic Currency [PAK_GGO_E_DENL_PSDP_F_XDC]",67014.045,million PKR,mof_general_govt_operations_sdmx,quarterly
2021-12-31,"Pakistan Definition,General Government Operations, Expenditure, Development expenditure and net lending, Public Sector Development Program (PSDP) 2/ ,Federal 2/ Domestic Currency [PAK_GGO_E_DENL_PSDP_F_XDC]",136421.678,million PKR,mof_general_govt_operations_sdmx,quarterly
2022-03-31,"Pakistan Definition,General Government Operations, Expenditure, Development expenditure and net lending, Public Sector Development Program (PSDP) 2/ ,Federal 2/ Domestic Currency [PAK_GGO_E_DENL_PSDP_F_XDC]",292937.273,million PKR,mof_general_govt_operations_sdmx,quarterly
2022-06-30,"Pakistan Definition,General Government Operations, Expenditure, Development expenditure and net lending, Public Sector Development Program (PSDP) 2/ ,Federal 2/ Domestic Currency [PAK_GGO_E_DENL_PSDP_F_XDC]",651991.4,million PKR,mof_general_govt_operations_sdmx,quarterly
2022-09-30,"Pakistan Definition,General Government Operations, Expenditure, Development expenditure and net lending, Public Sector Development Program (PSDP) 2/ ,Federal 2/ Domestic Currency [PAK_GGO_E_DENL_PSDP_F_XDC]",40924.509999999995,million PKR,mof_general_govt_operations_sdmx,quarterly
2022-12-31,"Pakistan Definition,General Government Operations, Expenditure, Development expenditure and net lending, Public Sector Development Program (PSDP) 2/ ,Federal 2/ Domestic Currency [PAK_GGO_E_DENL_PSDP_F_XDC]",130408.48124600001,million PKR,mof_general_govt_operations_sdmx,quarterly
2023-03-31,"Pakistan Definition,General Government Operations, Expenditure, Development expenditure and net lending, Public Sector Development Program (PSDP) 2/ ,Federal 2/ Domestic Currency [PAK_GGO_E_DENL_PSDP_F_XDC]",270136.133882,million PKR,mof_general_govt_operations_sdmx,quarterly
2023-06-30,"Pakistan Definition,General Government Operations, Expenditure, Development expenditure and net lending, Public Sector Development Program (PSDP) 2/ ,Federal 2/ Domestic Currency [PAK_GGO_E_DENL_PSDP_F_XDC]",635148.1635709999,million PKR,mof_general_govt_operations_sdmx,quarterly
2023-09-30,"Pakistan Definition,General Government Operations, Expenditure, Development expenditure and net lending, Public Sector Development Program (PSDP) 2/ ,Federal 2/ Domestic Currency [PAK_GGO_E_DENL_PSDP_F_XDC]",22705.165779000003,million PKR,mof_general_govt_operations_sdmx,quarterly
2023-12-31,"Pakistan Definition,General Government Operations, Expenditure, Development expenditure and net lending, Public Sector Development Program (PSDP) 2/ ,Federal 2/ Domestic Currency [PAK_GGO_E_DENL_PSDP_F_XDC]",132907.19497,million PKR,mof_general_govt_operations_sdmx,quarterly
2024-03-31,"Pakistan Definition,General Government Operations, Expenditure, Development expenditure and net lending, Public Sector Development Program (PSDP) 2/ ,Federal 2/ Domestic Currency [PAK_GGO_E_DENL_PSDP_F_XDC]",309407.77130500006,million PKR,mof_general_govt_operations_sdmx,quarterly
2024-06-30,"Pakistan Definition,General Government Operations, Expenditure, Development expenditure and net lending, Public Sector Development Program (PSDP) 2/ ,Federal 2/ Domestic Currency [PAK_GGO_E_DENL_PSDP_F_XDC]",785836.050814,million PKR,mof_general_govt_operations_sdmx,quarterly
2024-09-30,"Pakistan Definition,General Government Operations, Expenditure, Development expenditure and net lending, Public Sector Development Program (PSDP) 2/ ,Federal 2/ Domestic Currency [PAK_GGO_E_DENL_PSDP_F_XDC]",40632.158869,million PKR,mof_general_govt_operations_sdmx,quarterly
2024-12-31,"Pakistan Definition,General Government Operations, Expenditure, Development expenditure and net lending, Public Sector Development Program (PSDP) 2/ ,Federal 2/ Domestic Currency [PAK_GGO_E_DENL_PSDP_F_XDC]",155527.817461,million PKR,mof_general_govt_operations_sdmx,quarterly
2025-03-31,"Pakistan Definition,General Government Operations, Expenditure, Development expenditure and net lending, Public Sector Development Program (PSDP) 2/ ,Federal 2/ Domestic Currency [PAK_GGO_E_DENL_PSDP_F_XDC]",332997.728789,million PKR,mof_general_govt_operations_sdmx,quarterly
2016-09-30,"Pakistan Definition,General Government Operations, Expenditure, Development expenditure and net lending, Public Sector Development Program (PSDP) 2/ ,Other development expenditure, National Currency [PAK_GGO_E_DENL_PSDP_ODE_XDC]",24902.0,million PKR,mof_general_govt_operations_sdmx,quarterly
2016-12-31,"Pakistan Definition,General Government Operations, Expenditure, Development expenditure and net lending, Public Sector Development Program (PSDP) 2/ ,Other development expenditure, National Currency [PAK_GGO_E_DENL_PSDP_ODE_XDC]",55020.0,million PKR,mof_general_govt_operations_sdmx,quarterly
2017-03-31,"Pakistan Definition,General Government Operations, Expenditure, Development expenditure and net lending, Public Sector Development Program (PSDP) 2/ ,Other development expenditure, National Currency [PAK_GGO_E_DENL_PSDP_ODE_XDC]",61941.0,million PKR,mof_general_govt_operations_sdmx,quarterly
2017-06-30,"Pakistan Definition,General Government Operations, Expenditure, Development expenditure and net lending, Public Sector Development Program (PSDP) 2/ ,Other development expenditure, National Currency [PAK_GGO_E_DENL_PSDP_ODE_XDC]",127810.0,million PKR,mof_general_govt_operations_sdmx,quarterly
2017-09-30,"Pakistan Definition,General Government Operations, Expenditure, Development expenditure and net lending, Public Sector Development Program (PSDP) 2/ ,Other development expenditure, National Currency [PAK_GGO_E_DENL_PSDP_ODE_XDC]",2619.0,million PKR,mof_general_govt_operations_sdmx,quarterly
2017-12-31,"Pakistan Definition,General Government Operations, Expenditure, Development expenditure and net lending, Public Sector Development Program (PSDP) 2/ ,Other development expenditure, National Currency [PAK_GGO_E_DENL_PSDP_ODE_XDC]",32854.0,million PKR,mof_general_govt_operations_sdmx,quarterly
2018-03-31,"Pakistan Definition,General Government Operations, Expenditure, Development expenditure and net lending, Public Sector Development Program (PSDP) 2/ ,Other development expenditure, National Currency [PAK_GGO_E_DENL_PSDP_ODE_XDC]",77397.0,million PKR,mof_general_govt_operations_sdmx,quarterly
2018-06-30,"Pakistan Definition,General Government Operations, Expenditure, Development expenditure and net lending, Public Sector Development Program (PSDP) 2/ ,Other development expenditure, National Currency [PAK_GGO_E_DENL_PSDP_ODE_XDC]",170211.0,million PKR,mof_general_govt_operations_sdmx,quarterly
2018-09-30,"Pakistan Definition,General Government Operations, Expenditure, Development expenditure and net lending, Public Sector Development Program (PSDP) 2/ ,Other development expenditure, National Currency [PAK_GGO_E_DENL_PSDP_ODE_XDC]",106.0,million PKR,mof_general_govt_operations_sdmx,quarterly
2018-12-31,"Pakistan Definition,General Government Operations, Expenditure, Development expenditure and net lending, Public Sector Development Program (PSDP) 2/ ,Other development expenditure, National Currency [PAK_GGO_E_DENL_PSDP_ODE_XDC]",8107.0,million PKR,mof_general_govt_operations_sdmx,quarterly
2019-03-31,"Pakistan Definition,General Government Operations, Expenditure, Development expenditure and net lending, Public Sector Development Program (PSDP) 2/ ,Other development expenditure, National Currency [PAK_GGO_E_DENL_PSDP_ODE_XDC]",29218.0,million PKR,mof_general_govt_operations_sdmx,quarterly
2019-06-30,"Pakistan Definition,General Government Operations, Expenditure, Development expenditure and net lending, Public Sector Development Program (PSDP) 2/ ,Other development expenditure, National Currency [PAK_GGO_E_DENL_PSDP_ODE_XDC]",65480.0,million PKR,mof_general_govt_operations_sdmx,quarterly
2019-09-30,"Pakistan Definition,General Government Operations, Expenditure, Development expenditure and net lending, Public Sector Development Program (PSDP) 2/ ,Other development expenditure, National Currency [PAK_GGO_E_DENL_PSDP_ODE_XDC]",3926.0,million PKR,mof_general_govt_operations_sdmx,quarterly
2019-12-31,"Pakistan Definition,General Government Operations, Expenditure, Development expenditure and net lending, Public Sector Development Program (PSDP) 2/ ,Other development expenditure, National Currency [PAK_GGO_E_DENL_PSDP_ODE_XDC]",10980.0,million PKR,mof_general_govt_operations_sdmx,quarterly
2020-03-31,"Pakistan Definition,General Government Operations, Expenditure, Development expenditure and net lending, Public Sector Development Program (PSDP) 2/ ,Other development expenditure, National Currency [PAK_GGO_E_DENL_PSDP_ODE_XDC]",14066.0,million PKR,mof_general_govt_operations_sdmx,quarterly
2020-06-30,"Pakistan Definition,General Government Operations, Expenditure, Development expenditure and net lending, Public Sector Development Program (PSDP) 2/ ,Other development expenditure, National Currency [PAK_GGO_E_DENL_PSDP_ODE_XDC]",27287.0,million PKR,mof_general_govt_operations_sdmx,quarterly
2020-09-30,"Pakistan Definition,General Government Operations, Expenditure, Development expenditure and net lending, Public Sector Development Program (PSDP) 2/ ,Other development expenditure, National Currency [PAK_GGO_E_DENL_PSDP_ODE_XDC]",0.0,million PKR,mof_general_govt_operations_sdmx,quarterly
2020-12-31,"Pakistan Definition,General Government Operations, Expenditure, Development expenditure and net lending, Public Sector Development Program (PSDP) 2/ ,Other development expenditure, National Currency [PAK_GGO_E_DENL_PSDP_ODE_XDC]",0.0,million PKR,mof_general_govt_operations_sdmx,quarterly
2021-03-31,"Pakistan Definition,General Government Operations, Expenditure, Development expenditure and net lending, Public Sector Development Program (PSDP) 2/ ,Other development expenditure, National Currency [PAK_GGO_E_DENL_PSDP_ODE_XDC]",0.0,million PKR,mof_general_govt_operations_sdmx,quarterly
2021-06-30,"Pakistan Definition,General Government Operations, Expenditure, Development expenditure and net lending, Public Sector Development Program (PSDP) 2/ ,Other development expenditure, National Currency [PAK_GGO_E_DENL_PSDP_ODE_XDC]",0.0,million PKR,mof_general_govt_operations_sdmx,quarterly
2021-09-30,"Pakistan Definition,General Government Operations, Expenditure, Development expenditure and net lending, Public Sector Development Program (PSDP) 2/ ,Other development expenditure, National Currency [PAK_GGO_E_DENL_PSDP_ODE_XDC]",0.0,million PKR,mof_general_govt_operations_sdmx,quarterly
2021-12-31,"Pakistan Definition,General Government Operations, Expenditure, Development expenditure and net lending, Public Sector Development Program (PSDP) 2/ ,Other development expenditure, National Currency [PAK_GGO_E_DENL_PSDP_ODE_XDC]",0.0,million PKR,mof_general_govt_operations_sdmx,quarterly
2022-03-31,"Pakistan Definition,General Government Operations, Expenditure, Development expenditure and net lending, Public Sector Development Program (PSDP) 2/ ,Other development expenditure, National Currency [PAK_GGO_E_DENL_PSDP_ODE_XDC]",0.0,million PKR,mof_general_govt_operations_sdmx,quarterly
2022-06-30,"Pakistan Definition,General Government Operations, Expenditure, Development expenditure and net lending, Public Sector Development Program (PSDP) 2/ ,Other development expenditure, National Currency [PAK_GGO_E_DENL_PSDP_ODE_XDC]",0.0,million PKR,mof_general_govt_operations_sdmx,quarterly
2022-09-30,"Pakistan Definition,General Government Operations, Expenditure, Development expenditure and net lending, Public Sector Development Program (PSDP) 2/ ,Other development expenditure, National Currency [PAK_GGO_E_DENL_PSDP_ODE_XDC]",0.0,million PKR,mof_general_govt_operations_sdmx,quarterly
2022-12-31,"Pakistan Definition,General Government Operations, Expenditure, Development expenditure and net lending, Public Sector Development Program (PSDP) 2/ ,Other development expenditure, National Currency [PAK_GGO_E_DENL_PSDP_ODE_XDC]",0.0,million PKR,mof_general_govt_operations_sdmx,quarterly
2023-03-31,"Pakistan Definition,General Government Operations, Expenditure, Development expenditure and net lending, Public Sector Development Program (PSDP) 2/ ,Other development expenditure, National Currency [PAK_GGO_E_DENL_PSDP_ODE_XDC]",0.0,million PKR,mof_general_govt_operations_sdmx,quarterly
2023-06-30,"Pakistan Definition,General Government Operations, Expenditure, Development expenditure and net lending, Public Sector Development Program (PSDP) 2/ ,Other development expenditure, National Currency [PAK_GGO_E_DENL_PSDP_ODE_XDC]",0.0,million PKR,mof_general_govt_operations_sdmx,quarterly
2023-09-30,"Pakistan Definition,General Government Operations, Expenditure, Development expenditure and net lending, Public Sector Development Program (PSDP) 2/ ,Other development expenditure, National Currency [PAK_GGO_E_DENL_PSDP_ODE_XDC]",0.0,million PKR,mof_general_govt_operations_sdmx,quarterly
2023-12-31,"Pakistan Definition,General Government Operations, Expenditure, Development expenditure and net lending, Public Sector Development Program (PSDP) 2/ ,Other development expenditure, National Currency [PAK_GGO_E_DENL_PSDP_ODE_XDC]",0.0,million PKR,mof_general_govt_operations_sdmx,quarterly
2024-03-31,"Pakistan Definition,General Government Operations, Expenditure, Development expenditure and net lending, Public Sector Development Program (PSDP) 2/ ,Other development expenditure, National Currency [PAK_GGO_E_DENL_PSDP_ODE_XDC]",0.0,million PKR,mof_general_govt_operations_sdmx,quarterly
2024-06-30,"Pakistan Definition,General Government Operations, Expenditure, Development expenditure and net lending, Public Sector Development Program (PSDP) 2/ ,Other development expenditure, National Currency [PAK_GGO_E_DENL_PSDP_ODE_XDC]",0.0,million PKR,mof_general_govt_operations_sdmx,quarterly
2024-09-30,"Pakistan Definition,General Government Operations, Expenditure, Development expenditure and net lending, Public Sector Development Program (PSDP) 2/ ,Other development expenditure, National Currency [PAK_GGO_E_DENL_PSDP_ODE_XDC]",0.0,million PKR,mof_general_govt_operations_sdmx,quarterly
2024-12-31,"Pakistan Definition,General Government Operations, Expenditure, Development expenditure and net lending, Public Sector Development Program (PSDP) 2/ ,Other development expenditure, National Currency [PAK_GGO_E_DENL_PSDP_ODE_XDC]",0.0,million PKR,mof_general_govt_operations_sdmx,quarterly
2025-03-31,"Pakistan Definition,General Government Operations, Expenditure, Development expenditure and net lending, Public Sector Development Program (PSDP) 2/ ,Other development expenditure, National Currency [PAK_GGO_E_DENL_PSDP_ODE_XDC]",0.0,million PKR,mof_general_govt_operations_sdmx,quarterly
2016-09-30,"Pakistan Definition,General Government Operations, Expenditure, Development expenditure and net lending, Public Sector Development Program (PSDP) 2/ ,Provincial, National Currency [PAK_GGO_E_DENL_PSDP_P_XDC]",95429.0,million PKR,mof_general_govt_operations_sdmx,quarterly
2016-12-31,"Pakistan Definition,General Government Operations, Expenditure, Development expenditure and net lending, Public Sector Development Program (PSDP) 2/ ,Provincial, National Currency [PAK_GGO_E_DENL_PSDP_P_XDC]",316771.0,million PKR,mof_general_govt_operations_sdmx,quarterly
2017-03-31,"Pakistan Definition,General Government Operations, Expenditure, Development expenditure and net lending, Public Sector Development Program (PSDP) 2/ ,Provincial, National Currency [PAK_GGO_E_DENL_PSDP_P_XDC]",577761.0,million PKR,mof_general_govt_operations_sdmx,quarterly
2017-06-30,"Pakistan Definition,General Government Operations, Expenditure, Development expenditure and net lending, Public Sector Development Program (PSDP) 2/ ,Provincial, National Currency [PAK_GGO_E_DENL_PSDP_P_XDC]",880143.0,million PKR,mof_general_govt_operations_sdmx,quarterly
2017-09-30,"Pakistan Definition,General Government Operations, Expenditure, Development expenditure and net lending, Public Sector Development Program (PSDP) 2/ ,Provincial, National Currency [PAK_GGO_E_DENL_PSDP_P_XDC]",55726.925,million PKR,mof_general_govt_operations_sdmx,quarterly
2017-12-31,"Pakistan Definition,General Government Operations, Expenditure, Development expenditure and net lending, Public Sector Development Program (PSDP) 2/ ,Provincial, National Currency [PAK_GGO_E_DENL_PSDP_P_XDC]",167724.0,million PKR,mof_general_govt_operations_sdmx,quarterly
2018-03-31,"Pakistan Definition,General Government Operations, Expenditure, Development expenditure and net lending, Public Sector Development Program (PSDP) 2/ ,Provincial, National Currency [PAK_GGO_E_DENL_PSDP_P_XDC]",276008.0,million PKR,mof_general_govt_operations_sdmx,quarterly
2018-06-30,"Pakistan Definition,General Government Operations, Expenditure, Development expenditure and net lending, Public Sector Development Program (PSDP) 2/ ,Provincial, National Currency [PAK_GGO_E_DENL_PSDP_P_XDC]",506166.0,million PKR,mof_general_govt_operations_sdmx,quarterly
2018-09-30,"Pakistan Definition,General Government Operations, Expenditure, Development expenditure and net lending, Public Sector Development Program (PSDP) 2/ ,Provincial, National Currency [PAK_GGO_E_DENL_PSDP_P_XDC]",70624.0,million PKR,mof_general_govt_operations_sdmx,quarterly
2018-12-31,"Pakistan Definition,General Government Operations, Expenditure, Development expenditure and net lending, Public Sector Development Program (PSDP) 2/ ,Provincial, National Currency [PAK_GGO_E_DENL_PSDP_P_XDC]",219362.0,million PKR,mof_general_govt_operations_sdmx,quarterly
2019-03-31,"Pakistan Definition,General Government Operations, Expenditure, Development expenditure and net lending, Public Sector Development Program (PSDP) 2/ ,Provincial, National Currency [PAK_GGO_E_DENL_PSDP_P_XDC]",382020.0,million PKR,mof_general_govt_operations_sdmx,quarterly
2019-06-30,"Pakistan Definition,General Government Operations, Expenditure, Development expenditure and net lending, Public Sector Development Program (PSDP) 2/ ,Provincial, National Currency [PAK_GGO_E_DENL_PSDP_P_XDC]",621995.0,million PKR,mof_general_govt_operations_sdmx,quarterly
2019-09-30,"Pakistan Definition,General Government Operations, Expenditure, Development expenditure and net lending, Public Sector Development Program (PSDP) 2/ ,Provincial, National Currency [PAK_GGO_E_DENL_PSDP_P_XDC]",89801.0,million PKR,mof_general_govt_operations_sdmx,quarterly
2019-12-31,"Pakistan Definition,General Government Operations, Expenditure, Development expenditure and net lending, Public Sector Development Program (PSDP) 2/ ,Provincial, National Currency [PAK_GGO_E_DENL_PSDP_P_XDC]",227650.0,million PKR,mof_general_govt_operations_sdmx,quarterly
2020-03-31,"Pakistan Definition,General Government Operations, Expenditure, Development expenditure and net lending, Public Sector Development Program (PSDP) 2/ ,Provincial, National Currency [PAK_GGO_E_DENL_PSDP_P_XDC]",389963.0,million PKR,mof_general_govt_operations_sdmx,quarterly
2020-06-30,"Pakistan Definition,General Government Operations, Expenditure, Development expenditure and net lending, Public Sector Development Program (PSDP) 2/ ,Provincial, National Currency [PAK_GGO_E_DENL_PSDP_P_XDC]",770240.0,million PKR,mof_general_govt_operations_sdmx,quarterly
2020-09-30,"Pakistan Definition,General Government Operations, Expenditure, Development expenditure and net lending, Public Sector Development Program (PSDP) 2/ ,Provincial, National Currency [PAK_GGO_E_DENL_PSDP_P_XDC]",153775.533,million PKR,mof_general_govt_operations_sdmx,quarterly
2020-12-31,"Pakistan Definition,General Government Operations, Expenditure, Development expenditure and net lending, Public Sector Development Program (PSDP) 2/ ,Provincial, National Currency [PAK_GGO_E_DENL_PSDP_P_XDC]",365753.0,million PKR,mof_general_govt_operations_sdmx,quarterly
2021-03-31,"Pakistan Definition,General Government Operations, Expenditure, Development expenditure and net lending, Public Sector Development Program (PSDP) 2/ ,Provincial, National Currency [PAK_GGO_E_DENL_PSDP_P_XDC]",724063.0,million PKR,mof_general_govt_operations_sdmx,quarterly
2021-06-30,"Pakistan Definition,General Government Operations, Expenditure, Development expenditure and net lending, Public Sector Development Program (PSDP) 2/ ,Provincial, National Currency [PAK_GGO_E_DENL_PSDP_P_XDC]",1216630.0,million PKR,mof_general_govt_operations_sdmx,quarterly
2021-09-30,"Pakistan Definition,General Government Operations, Expenditure, Development expenditure and net lending, Public Sector Development Program (PSDP) 2/ ,Provincial, National Currency [PAK_GGO_E_DENL_PSDP_P_XDC]",152233.0,million PKR,mof_general_govt_operations_sdmx,quarterly
2021-12-31,"Pakistan Definition,General Government Operations, Expenditure, Development expenditure and net lending, Public Sector Development Program (PSDP) 2/ ,Provincial, National Currency [PAK_GGO_E_DENL_PSDP_P_XDC]",454436.0,million PKR,mof_general_govt_operations_sdmx,quarterly
2022-03-31,"Pakistan Definition,General Government Operations, Expenditure, Development expenditure and net lending, Public Sector Development Program (PSDP) 2/ ,Provincial, National Currency [PAK_GGO_E_DENL_PSDP_P_XDC]",721048.0,million PKR,mof_general_govt_operations_sdmx,quarterly
2022-06-30,"Pakistan Definition,General Government Operations, Expenditure, Development expenditure and net lending, Public Sector Development Program (PSDP) 2/ ,Provincial, National Currency [PAK_GGO_E_DENL_PSDP_P_XDC]",1241001.0,million PKR,mof_general_govt_operations_sdmx,quarterly
2022-09-30,"Pakistan Definition,General Government Operations, Expenditure, Development expenditure and net lending, Public Sector Development Program (PSDP) 2/ ,Provincial, National Currency [PAK_GGO_E_DENL_PSDP_P_XDC]",245553.0,million PKR,mof_general_govt_operations_sdmx,quarterly
2022-12-31,"Pakistan Definition,General Government Operations, Expenditure, Development expenditure and net lending, Public Sector Development Program (PSDP) 2/ ,Provincial, National Currency [PAK_GGO_E_DENL_PSDP_P_XDC]",542808.0,million PKR,mof_general_govt_operations_sdmx,quarterly
2023-03-31,"Pakistan Definition,General Government Operations, Expenditure, Development expenditure and net lending, Public Sector Development Program (PSDP) 2/ ,Provincial, National Currency [PAK_GGO_E_DENL_PSDP_P_XDC]",887945.0,million PKR,mof_general_govt_operations_sdmx,quarterly
2023-06-30,"Pakistan Definition,General Government Operations, Expenditure, Development expenditure and net lending, Public Sector Development Program (PSDP) 2/ ,Provincial, National Currency [PAK_GGO_E_DENL_PSDP_P_XDC]",1391666.0,million PKR,mof_general_govt_operations_sdmx,quarterly
2023-09-30,"Pakistan Definition,General Government Operations, Expenditure, Development expenditure and net lending, Public Sector Development Program (PSDP) 2/ ,Provincial, National Currency [PAK_GGO_E_DENL_PSDP_P_XDC]",255661.0,million PKR,mof_general_govt_operations_sdmx,quarterly
2023-12-31,"Pakistan Definition,General Government Operations, Expenditure, Development expenditure and net lending, Public Sector Development Program (PSDP) 2/ ,Provincial, National Currency [PAK_GGO_E_DENL_PSDP_P_XDC]",639145.0,million PKR,mof_general_govt_operations_sdmx,quarterly
2024-03-31,"Pakistan Definition,General Government Operations, Expenditure, Development expenditure and net lending, Public Sector Development Program (PSDP) 2/ ,Provincial, National Currency [PAK_GGO_E_DENL_PSDP_P_XDC]",1226235.0,million PKR,mof_general_govt_operations_sdmx,quarterly
2024-06-30,"Pakistan Definition,General Government Operations, Expenditure, Development expenditure and net lending, Public Sector Development Program (PSDP) 2/ ,Provincial, National Currency [PAK_GGO_E_DENL_PSDP_P_XDC]",2197565.8836000003,million PKR,mof_general_govt_operations_sdmx,quarterly
2024-09-30,"Pakistan Definition,General Government Operations, Expenditure, Development expenditure and net lending, Public Sector Development Program (PSDP) 2/ ,Provincial, National Currency [PAK_GGO_E_DENL_PSDP_P_XDC]",400218.0,million PKR,mof_general_govt_operations_sdmx,quarterly
2024-12-31,"Pakistan Definition,General Government Operations, Expenditure, Development expenditure and net lending, Public Sector Development Program (PSDP) 2/ ,Provincial, National Currency [PAK_GGO_E_DENL_PSDP_P_XDC]",950358.0,million PKR,mof_general_govt_operations_sdmx,quarterly
2025-03-31,"Pakistan Definition,General Government Operations, Expenditure, Development expenditure and net lending, Public Sector Development Program (PSDP) 2/ ,Provincial, National Currency [PAK_GGO_E_DENL_PSDP_P_XDC]",1614062.0,million PKR,mof_general_govt_operations_sdmx,quarterly
2016-09-30,"Pakistan Definition,General Government Operations, Expenditure, National Currency [PAK_GGO_E_XDC]",1465923.5,million PKR,mof_general_govt_operations_sdmx,quarterly
2016-12-31,"Pakistan Definition,General Government Operations, Expenditure, National Currency [PAK_GGO_E_XDC]",3181005.0,million PKR,mof_general_govt_operations_sdmx,quarterly
2017-03-31,"Pakistan Definition,General Government Operations, Expenditure, National Currency [PAK_GGO_E_XDC]",5063330.2,million PKR,mof_general_govt_operations_sdmx,quarterly
2017-06-30,"Pakistan Definition,General Government Operations, Expenditure, National Currency [PAK_GGO_E_XDC]",7488395.0,million PKR,mof_general_govt_operations_sdmx,quarterly
2017-09-30,"Pakistan Definition,General Government Operations, Expenditure, National Currency [PAK_GGO_E_XDC]",1643772.317,million PKR,mof_general_govt_operations_sdmx,quarterly
2017-12-31,"Pakistan Definition,General Government Operations, Expenditure, National Currency [PAK_GGO_E_XDC]",3357017.4000000004,million PKR,mof_general_govt_operations_sdmx,quarterly
2018-03-31,"Pakistan Definition,General Government Operations, Expenditure, National Currency [PAK_GGO_E_XDC]",5506217.213,million PKR,mof_general_govt_operations_sdmx,quarterly
2018-06-30,"Pakistan Definition,General Government Operations, Expenditure, National Currency [PAK_GGO_E_XDC]",8345640.0,million PKR,mof_general_govt_operations_sdmx,quarterly
2018-09-30,"Pakistan Definition,General Government Operations, Expenditure, National Currency [PAK_GGO_E_XDC]",1775101.5888,million PKR,mof_general_govt_operations_sdmx,quarterly
2018-12-31,"Pakistan Definition,General Government Operations, Expenditure, National Currency [PAK_GGO_E_XDC]",4226646.0,million PKR,mof_general_govt_operations_sdmx,quarterly
2019-03-31,"Pakistan Definition,General Government Operations, Expenditure, National Currency [PAK_GGO_E_XDC]",6376071.4,million PKR,mof_general_govt_operations_sdmx,quarterly
2019-06-30,"Pakistan Definition,General Government Operations, Expenditure, National Currency [PAK_GGO_E_XDC]",9648488.223,million PKR,mof_general_govt_operations_sdmx,quarterly
2019-09-30,"Pakistan Definition,General Government Operations, Expenditure, National Currency [PAK_GGO_E_XDC]",1963072.356,million PKR,mof_general_govt_operations_sdmx,quarterly
2019-12-31,"Pakistan Definition,General Government Operations, Expenditure, National Currency [PAK_GGO_E_XDC]",4489080.9663,million PKR,mof_general_govt_operations_sdmx,quarterly
2020-03-31,"Pakistan Definition,General Government Operations, Expenditure, National Currency [PAK_GGO_E_XDC]",6644600.944999999,million PKR,mof_general_govt_operations_sdmx,quarterly
2020-06-30,"Pakistan Definition,General Government Operations, Expenditure, National Currency [PAK_GGO_E_XDC]",10306691.435,million PKR,mof_general_govt_operations_sdmx,quarterly
2020-09-30,"Pakistan Definition,General Government Operations, Expenditure, National Currency [PAK_GGO_E_XDC]",2247002.1700000004,million PKR,mof_general_govt_operations_sdmx,quarterly
2020-12-31,"Pakistan Definition,General Government Operations, Expenditure, National Currency [PAK_GGO_E_XDC]",5327796.5995,million PKR,mof_general_govt_operations_sdmx,quarterly
2021-03-31,"Pakistan Definition,General Government Operations, Expenditure, National Currency [PAK_GGO_E_XDC]",8439792.907000002,million PKR,mof_general_govt_operations_sdmx,quarterly
2021-06-30,"Pakistan Definition,General Government Operations, Expenditure, National Currency [PAK_GGO_E_XDC]",13295274.960900001,million PKR,mof_general_govt_operations_sdmx,quarterly
2021-09-30,"Pakistan Definition,General Government Operations, Expenditure, National Currency [PAK_GGO_E_XDC]",2836282.9710000004,million PKR,mof_general_govt_operations_sdmx,quarterly
2021-12-31,"Pakistan Definition,General Government Operations, Expenditure, National Currency [PAK_GGO_E_XDC]",6382410.131,million PKR,mof_general_govt_operations_sdmx,quarterly
2022-03-31,"Pakistan Definition,General Government Operations, Expenditure, National Currency [PAK_GGO_E_XDC]",10016917.0,million PKR,mof_general_govt_operations_sdmx,quarterly
2022-06-30,"Pakistan Definition,General Government Operations, Expenditure, National Currency [PAK_GGO_E_XDC]",16154950.489,million PKR,mof_general_govt_operations_sdmx,quarterly
2022-09-30,"Pakistan Definition,General Government Operations, Expenditure, National Currency [PAK_GGO_E_XDC]",3665809.8100000005,million PKR,mof_general_govt_operations_sdmx,quarterly
2022-12-31,"Pakistan Definition,General Government Operations, Expenditure, National Currency [PAK_GGO_E_XDC]",9261764.143876001,million PKR,mof_general_govt_operations_sdmx,quarterly
2023-03-31,"Pakistan Definition,General Government Operations, Expenditure, National Currency [PAK_GGO_E_XDC]",13682837.395371001,million PKR,mof_general_govt_operations_sdmx,quarterly
2023-06-30,"Pakistan Definition,General Government Operations, Expenditure, National Currency [PAK_GGO_E_XDC]",20475945.096978,million PKR,mof_general_govt_operations_sdmx,quarterly
2023-09-30,"Pakistan Definition,General Government Operations, Expenditure, National Currency [PAK_GGO_E_XDC]",3931242.0606839997,million PKR,mof_general_govt_operations_sdmx,quarterly
2023-12-31,"Pakistan Definition,General Government Operations, Expenditure, National Currency [PAK_GGO_E_XDC]",11301652.915751997,million PKR,mof_general_govt_operations_sdmx,quarterly
2024-03-31,"Pakistan Definition,General Government Operations, Expenditure, National Currency [PAK_GGO_E_XDC]",16337029.019303,million PKR,mof_general_govt_operations_sdmx,quarterly
2024-06-30,"Pakistan Definition,General Government Operations, Expenditure, National Currency [PAK_GGO_E_XDC]",24165500.90292557,million PKR,mof_general_govt_operations_sdmx,quarterly
2024-09-30,"Pakistan Definition,General Government Operations, Expenditure, National Currency [PAK_GGO_E_XDC]",4080231.2896460006,million PKR,mof_general_govt_operations_sdmx,quarterly
2024-12-31,"Pakistan Definition,General Government Operations, Expenditure, National Currency [PAK_GGO_E_XDC]",10141670.367620243,million PKR,mof_general_govt_operations_sdmx,quarterly
2025-03-31,"Pakistan Definition,General Government Operations, Expenditure, National Currency [PAK_GGO_E_XDC]",15655638.480786333,million PKR,mof_general_govt_operations_sdmx,quarterly
2016-09-30,"Pakistan Definition,General Government Operations, Financing, Bank, National Currency [PAK_GGO_F_B_XDC]",408339.0,million PKR,mof_general_govt_operations_sdmx,quarterly
2016-12-31,"Pakistan Definition,General Government Operations, Financing, Bank, National Currency [PAK_GGO_F_B_XDC]",331776.0,million PKR,mof_general_govt_operations_sdmx,quarterly
2017-03-31,"Pakistan Definition,General Government Operations, Financing, Bank, National Currency [PAK_GGO_F_B_XDC]",813529.2,million PKR,mof_general_govt_operations_sdmx,quarterly
2017-06-30,"Pakistan Definition,General Government Operations, Financing, Bank, National Currency [PAK_GGO_F_B_XDC]",1120495.0,million PKR,mof_general_govt_operations_sdmx,quarterly
2017-09-30,"Pakistan Definition,General Government Operations, Financing, Bank, National Currency [PAK_GGO_F_B_XDC]",92470.0,million PKR,mof_general_govt_operations_sdmx,quarterly
2017-12-31,"Pakistan Definition,General Government Operations, Financing, Bank, National Currency [PAK_GGO_F_B_XDC]",577587.0,million PKR,mof_general_govt_operations_sdmx,quarterly
2018-03-31,"Pakistan Definition,General Government Operations, Financing, Bank, National Currency [PAK_GGO_F_B_XDC]",787654.01,million PKR,mof_general_govt_operations_sdmx,quarterly
2018-06-30,"Pakistan Definition,General Government Operations, Financing, Bank, National Currency [PAK_GGO_F_B_XDC]",2263224.0,million PKR,mof_general_govt_operations_sdmx,quarterly
2018-09-30,"Pakistan Definition,General Government Operations, Financing, Bank, National Currency [PAK_GGO_F_B_XDC]",-123009.886,million PKR,mof_general_govt_operations_sdmx,quarterly
2018-12-31,"Pakistan Definition,General Government Operations, Financing, Bank, National Currency [PAK_GGO_F_B_XDC]",41739.0,million PKR,mof_general_govt_operations_sdmx,quarterly
2019-03-31,"Pakistan Definition,General Government Operations, Financing, Bank, National Currency [PAK_GGO_F_B_XDC]",601812.4,million PKR,mof_general_govt_operations_sdmx,quarterly
2019-06-30,"Pakistan Definition,General Government Operations, Financing, Bank, National Currency [PAK_GGO_F_B_XDC]",1940560.673,million PKR,mof_general_govt_operations_sdmx,quarterly
2019-09-30,"Pakistan Definition,General Government Operations, Financing, Bank, National Currency [PAK_GGO_F_B_XDC]",230839.14299999998,million PKR,mof_general_govt_operations_sdmx,quarterly
2019-12-31,"Pakistan Definition,General Government Operations, Financing, Bank, National Currency [PAK_GGO_F_B_XDC]",551279.9,million PKR,mof_general_govt_operations_sdmx,quarterly
2020-03-31,"Pakistan Definition,General Government Operations, Financing, Bank, National Currency [PAK_GGO_F_B_XDC]",797751.0,million PKR,mof_general_govt_operations_sdmx,quarterly
2020-06-30,"Pakistan Definition,General Government Operations, Financing, Bank, National Currency [PAK_GGO_F_B_XDC]",1869041.0,million PKR,mof_general_govt_operations_sdmx,quarterly
2020-09-30,"Pakistan Definition,General Government Operations, Financing, Bank, National Currency [PAK_GGO_F_B_XDC]",-135676.0,million PKR,mof_general_govt_operations_sdmx,quarterly
2020-12-31,"Pakistan Definition,General Government Operations, Financing, Bank, National Currency [PAK_GGO_F_B_XDC]",269380.0,million PKR,mof_general_govt_operations_sdmx,quarterly
2021-03-31,"Pakistan Definition,General Government Operations, Financing, Bank, National Currency [PAK_GGO_F_B_XDC]",1051734.0,million PKR,mof_general_govt_operations_sdmx,quarterly
2021-06-30,"Pakistan Definition,General Government Operations, Financing, Bank, National Currency [PAK_GGO_F_B_XDC]",3100912.4,million PKR,mof_general_govt_operations_sdmx,quarterly
2021-09-30,"Pakistan Definition,General Government Operations, Financing, Bank, National Currency [PAK_GGO_F_B_XDC]",290498.19999999995,million PKR,mof_general_govt_operations_sdmx,quarterly
2021-12-31,"Pakistan Definition,General Government Operations, Financing, Bank, National Currency [PAK_GGO_F_B_XDC]",393842.0,million PKR,mof_general_govt_operations_sdmx,quarterly
2022-03-31,"Pakistan Definition,General Government Operations, Financing, Bank, National Currency [PAK_GGO_F_B_XDC]",1958762.0,million PKR,mof_general_govt_operations_sdmx,quarterly
2022-06-30,"Pakistan Definition,General Government Operations, Financing, Bank, National Currency [PAK_GGO_F_B_XDC]",3528590.0,million PKR,mof_general_govt_operations_sdmx,quarterly
2022-09-30,"Pakistan Definition,General Government Operations, Financing, Bank, National Currency [PAK_GGO_F_B_XDC]",1075894.0,million PKR,mof_general_govt_operations_sdmx,quarterly
2022-12-31,"Pakistan Definition,General Government Operations, Financing, Bank, National Currency [PAK_GGO_F_B_XDC]",2050998.0,million PKR,mof_general_govt_operations_sdmx,quarterly
2023-03-31,"Pakistan Definition,General Government Operations, Financing, Bank, National Currency [PAK_GGO_F_B_XDC]",3786581.0,million PKR,mof_general_govt_operations_sdmx,quarterly
2023-06-30,"Pakistan Definition,General Government Operations, Financing, Bank, National Currency [PAK_GGO_F_B_XDC]",7197658.0,million PKR,mof_general_govt_operations_sdmx,quarterly
2023-09-30,"Pakistan Definition,General Government Operations, Financing, Bank, National Currency [PAK_GGO_F_B_XDC]",-1874954.0,million PKR,mof_general_govt_operations_sdmx,quarterly
2023-12-31,"Pakistan Definition,General Government Operations, Financing, Bank, National Currency [PAK_GGO_F_B_XDC]",-2025836.0,million PKR,mof_general_govt_operations_sdmx,quarterly
2024-03-31,"Pakistan Definition,General Government Operations, Financing, Bank, National Currency [PAK_GGO_F_B_XDC]",1331539.0,million PKR,mof_general_govt_operations_sdmx,quarterly
2024-06-30,"Pakistan Definition,General Government Operations, Financing, Bank, National Currency [PAK_GGO_F_B_XDC]",4566991.0,million PKR,mof_general_govt_operations_sdmx,quarterly
2024-09-30,"Pakistan Definition,General Government Operations, Financing, Bank, National Currency [PAK_GGO_F_B_XDC]",-2192675.0,million PKR,mof_general_govt_operations_sdmx,quarterly
2024-12-31,"Pakistan Definition,General Government Operations, Financing, Bank, National Currency [PAK_GGO_F_B_XDC]",-325459.0,million PKR,mof_general_govt_operations_sdmx,quarterly
2025-03-31,"Pakistan Definition,General Government Operations, Financing, Bank, National Currency [PAK_GGO_F_B_XDC]",752298.0,million PKR,mof_general_govt_operations_sdmx,quarterly
2016-09-30,"Pakistan Definition,General Government Operations, Financing, Domestic, National Currency [PAK_GGO_F_D_XDC]",432875.5,million PKR,mof_general_govt_operations_sdmx,quarterly
2016-12-31,"Pakistan Definition,General Government Operations, Financing, Domestic, National Currency [PAK_GGO_F_D_XDC]",412187.0,million PKR,mof_general_govt_operations_sdmx,quarterly
2017-03-31,"Pakistan Definition,General Government Operations, Financing, Domestic, National Currency [PAK_GGO_F_D_XDC]",956630.2,million PKR,mof_general_govt_operations_sdmx,quarterly
2017-06-30,"Pakistan Definition,General Government Operations, Financing, Domestic, National Currency [PAK_GGO_F_D_XDC]",1475214.0,million PKR,mof_general_govt_operations_sdmx,quarterly
2017-09-30,"Pakistan Definition,General Government Operations, Financing, Domestic, National Currency [PAK_GGO_F_D_XDC]",330906.5,million PKR,mof_general_govt_operations_sdmx,quarterly
2017-12-31,"Pakistan Definition,General Government Operations, Financing, Domestic, National Currency [PAK_GGO_F_D_XDC]",811944.4,million PKR,mof_general_govt_operations_sdmx,quarterly
2018-03-31,"Pakistan Definition,General Government Operations, Financing, Domestic, National Currency [PAK_GGO_F_D_XDC]",1398023.01,million PKR,mof_general_govt_operations_sdmx,quarterly
2018-06-30,"Pakistan Definition,General Government Operations, Financing, Domestic, National Currency [PAK_GGO_F_D_XDC]",3028210.0,million PKR,mof_general_govt_operations_sdmx,quarterly
2018-09-30,"Pakistan Definition,General Government Operations, Financing, Domestic, National Currency [PAK_GGO_F_D_XDC]",119529.114,million PKR,mof_general_govt_operations_sdmx,quarterly
2018-12-31,"Pakistan Definition,General Government Operations, Financing, Domestic, National Currency [PAK_GGO_F_D_XDC]",481133.0,million PKR,mof_general_govt_operations_sdmx,quarterly
2019-03-31,"Pakistan Definition,General Government Operations, Financing, Domestic, National Currency [PAK_GGO_F_D_XDC]",1003835.4,million PKR,mof_general_govt_operations_sdmx,quarterly
2019-06-30,"Pakistan Definition,General Government Operations, Financing, Domestic, National Currency [PAK_GGO_F_D_XDC]",2480810.223,million PKR,mof_general_govt_operations_sdmx,quarterly
2019-09-30,"Pakistan Definition,General Government Operations, Financing, Domestic, National Currency [PAK_GGO_F_D_XDC]",322952.603,million PKR,mof_general_govt_operations_sdmx,quarterly
2019-12-31,"Pakistan Definition,General Government Operations, Financing, Domestic, National Currency [PAK_GGO_F_D_XDC]",683479.4,million PKR,mof_general_govt_operations_sdmx,quarterly
2020-03-31,"Pakistan Definition,General Government Operations, Financing, Domestic, National Currency [PAK_GGO_F_D_XDC]",1089888.0,million PKR,mof_general_govt_operations_sdmx,quarterly
2020-06-30,"Pakistan Definition,General Government Operations, Financing, Domestic, National Currency [PAK_GGO_F_D_XDC]",2065230.0,million PKR,mof_general_govt_operations_sdmx,quarterly
2020-09-30,"Pakistan Definition,General Government Operations, Financing, Domestic, National Currency [PAK_GGO_F_D_XDC]",-27635.0,million PKR,mof_general_govt_operations_sdmx,quarterly
2020-12-31,"Pakistan Definition,General Government Operations, Financing, Domestic, National Currency [PAK_GGO_F_D_XDC]",346172.0,million PKR,mof_general_govt_operations_sdmx,quarterly
2021-03-31,"Pakistan Definition,General Government Operations, Financing, Domestic, National Currency [PAK_GGO_F_D_XDC]",1584182.0,million PKR,mof_general_govt_operations_sdmx,quarterly
2021-06-30,"Pakistan Definition,General Government Operations, Financing, Domestic, National Currency [PAK_GGO_F_D_XDC]",4081482.4,million PKR,mof_general_govt_operations_sdmx,quarterly
2021-09-30,"Pakistan Definition,General Government Operations, Financing, Domestic, National Currency [PAK_GGO_F_D_XDC]",778367.2,million PKR,mof_general_govt_operations_sdmx,quarterly
2021-12-31,"Pakistan Definition,General Government Operations, Financing, Domestic, National Currency [PAK_GGO_F_D_XDC]",1979752.0,million PKR,mof_general_govt_operations_sdmx,quarterly
2022-03-31,"Pakistan Definition,General Government Operations, Financing, Domestic, National Currency [PAK_GGO_F_D_XDC]",3761482.0,million PKR,mof_general_govt_operations_sdmx,quarterly
2022-06-30,"Pakistan Definition,General Government Operations, Financing, Domestic, National Currency [PAK_GGO_F_D_XDC]",7201293.489,million PKR,mof_general_govt_operations_sdmx,quarterly
2022-09-30,"Pakistan Definition,General Government Operations, Financing, Domestic, National Currency [PAK_GGO_F_D_XDC]",537631.0,million PKR,mof_general_govt_operations_sdmx,quarterly
2022-12-31,"Pakistan Definition,General Government Operations, Financing, Domestic, National Currency [PAK_GGO_F_D_XDC]",1799387.149799,million PKR,mof_general_govt_operations_sdmx,quarterly
2023-03-31,"Pakistan Definition,General Government Operations, Financing, Domestic, National Currency [PAK_GGO_F_D_XDC]",3408601.179008,million PKR,mof_general_govt_operations_sdmx,quarterly
2023-06-30,"Pakistan Definition,General Government Operations, Financing, Domestic, National Currency [PAK_GGO_F_D_XDC]",6886194.82944,million PKR,mof_general_govt_operations_sdmx,quarterly
2023-09-30,"Pakistan Definition,General Government Operations, Financing, Domestic, National Currency [PAK_GGO_F_D_XDC]",-1739147.63999,million PKR,mof_general_govt_operations_sdmx,quarterly
2023-12-31,"Pakistan Definition,General Government Operations, Financing, Domestic, National Currency [PAK_GGO_F_D_XDC]",1616585.882425,million PKR,mof_general_govt_operations_sdmx,quarterly
2024-03-31,"Pakistan Definition,General Government Operations, Financing, Domestic, National Currency [PAK_GGO_F_D_XDC]",2950537.559673,million PKR,mof_general_govt_operations_sdmx,quarterly
2024-06-30,"Pakistan Definition,General Government Operations, Financing, Domestic, National Currency [PAK_GGO_F_D_XDC]",5549176.249559,million PKR,mof_general_govt_operations_sdmx,quarterly
2024-09-30,"Pakistan Definition,General Government Operations, Financing, Domestic, National Currency [PAK_GGO_F_D_XDC]",-2080618.92065,million PKR,mof_general_govt_operations_sdmx,quarterly
2024-12-31,"Pakistan Definition,General Government Operations, Financing, Domestic, National Currency [PAK_GGO_F_D_XDC]",-575923.862739,million PKR,mof_general_govt_operations_sdmx,quarterly
2025-03-31,"Pakistan Definition,General Government Operations, Financing, Domestic, National Currency [PAK_GGO_F_D_XDC]",961886.8019319999,million PKR,mof_general_govt_operations_sdmx,quarterly
2016-09-30,"Pakistan Definition,General Government Operations, Financing, External, National Currency [PAK_GGO_F_E_XDC]",7946.0,million PKR,mof_general_govt_operations_sdmx,quarterly
2016-12-31,"Pakistan Definition,General Government Operations, Financing, External, National Currency [PAK_GGO_F_E_XDC]",384112.0,million PKR,mof_general_govt_operations_sdmx,quarterly
2017-03-31,"Pakistan Definition,General Government Operations, Financing, External, National Currency [PAK_GGO_F_E_XDC]",524299.0,million PKR,mof_general_govt_operations_sdmx,quarterly
2017-06-30,"Pakistan Definition,General Government Operations, Financing, External, National Currency [PAK_GGO_F_E_XDC]",785166.0,million PKR,mof_general_govt_operations_sdmx,quarterly
2017-09-30,"Pakistan Definition,General Government Operations, Financing, External, National Currency [PAK_GGO_F_E_XDC]",210770.0,million PKR,mof_general_govt_operations_sdmx,quarterly
2017-12-31,"Pakistan Definition,General Government Operations, Financing, External, National Currency [PAK_GGO_F_E_XDC]",217958.0,million PKR,mof_general_govt_operations_sdmx,quarterly
2018-03-31,"Pakistan Definition,General Government Operations, Financing, External, National Currency [PAK_GGO_F_E_XDC]",524457.203,million PKR,mof_general_govt_operations_sdmx,quarterly
2018-06-30,"Pakistan Definition,General Government Operations, Financing, External, National Currency [PAK_GGO_F_E_XDC]",416706.0,million PKR,mof_general_govt_operations_sdmx,quarterly
2018-09-30,"Pakistan Definition,General Government Operations, Financing, External, National Currency [PAK_GGO_F_E_XDC]",166494.0,million PKR,mof_general_govt_operations_sdmx,quarterly
2018-12-31,"Pakistan Definition,General Government Operations, Financing, External, National Currency [PAK_GGO_F_E_XDC]",513583.0,million PKR,mof_general_govt_operations_sdmx,quarterly
2019-03-31,"Pakistan Definition,General Government Operations, Financing, External, National Currency [PAK_GGO_F_E_XDC]",682362.0,million PKR,mof_general_govt_operations_sdmx,quarterly
2019-06-30,"Pakistan Definition,General Government Operations, Financing, External, National Currency [PAK_GGO_F_E_XDC]",895510.0,million PKR,mof_general_govt_operations_sdmx,quarterly
2019-09-30,"Pakistan Definition,General Government Operations, Financing, External, National Currency [PAK_GGO_F_E_XDC]",161371.56100000007,million PKR,mof_general_govt_operations_sdmx,quarterly
2019-12-31,"Pakistan Definition,General Government Operations, Financing, External, National Currency [PAK_GGO_F_E_XDC]",454446.0,million PKR,mof_general_govt_operations_sdmx,quarterly
2020-03-31,"Pakistan Definition,General Government Operations, Financing, External, National Currency [PAK_GGO_F_E_XDC]",562158.0,million PKR,mof_general_govt_operations_sdmx,quarterly
2020-06-30,"Pakistan Definition,General Government Operations, Financing, External, National Currency [PAK_GGO_F_E_XDC]",1338090.5,million PKR,mof_general_govt_operations_sdmx,quarterly
2020-09-30,"Pakistan Definition,General Government Operations, Financing, External, National Currency [PAK_GGO_F_E_XDC]",466126.32200000004,million PKR,mof_general_govt_operations_sdmx,quarterly
2020-12-31,"Pakistan Definition,General Government Operations, Financing, External, National Currency [PAK_GGO_F_E_XDC]",1025646.0,million PKR,mof_general_govt_operations_sdmx,quarterly
2021-03-31,"Pakistan Definition,General Government Operations, Financing, External, National Currency [PAK_GGO_F_E_XDC]",981460.0,million PKR,mof_general_govt_operations_sdmx,quarterly
2021-06-30,"Pakistan Definition,General Government Operations, Financing, External, National Currency [PAK_GGO_F_E_XDC]",1178409.560896,million PKR,mof_general_govt_operations_sdmx,quarterly
2021-09-30,"Pakistan Definition,General Government Operations, Financing, External, National Currency [PAK_GGO_F_E_XDC]",40939.0,million PKR,mof_general_govt_operations_sdmx,quarterly
2021-12-31,"Pakistan Definition,General Government Operations, Financing, External, National Currency [PAK_GGO_F_E_XDC]",-296289.6499999999,million PKR,mof_general_govt_operations_sdmx,quarterly
2022-03-31,"Pakistan Definition,General Government Operations, Financing, External, National Currency [PAK_GGO_F_E_XDC]",-682809.0,million PKR,mof_general_govt_operations_sdmx,quarterly
2022-06-30,"Pakistan Definition,General Government Operations, Financing, External, National Currency [PAK_GGO_F_E_XDC]",-679848.0,million PKR,mof_general_govt_operations_sdmx,quarterly
2022-09-30,"Pakistan Definition,General Government Operations, Financing, External, National Currency [PAK_GGO_F_E_XDC]",442425.81025499996,million PKR,mof_general_govt_operations_sdmx,quarterly
2022-12-31,"Pakistan Definition,General Government Operations, Financing, External, National Currency [PAK_GGO_F_E_XDC]",608380.550972,million PKR,mof_general_govt_operations_sdmx,quarterly
2023-03-31,"Pakistan Definition,General Government Operations, Financing, External, National Currency [PAK_GGO_F_E_XDC]",493814.90636300016,million PKR,mof_general_govt_operations_sdmx,quarterly
2023-06-30,"Pakistan Definition,General Government Operations, Financing, External, National Currency [PAK_GGO_F_E_XDC]",320713.1392070004,million PKR,mof_general_govt_operations_sdmx,quarterly
2023-09-30,"Pakistan Definition,General Government Operations, Financing, External, National Currency [PAK_GGO_F_E_XDC]",-156860.90447699995,million PKR,mof_general_govt_operations_sdmx,quarterly
2023-12-31,"Pakistan Definition,General Government Operations, Financing, External, National Currency [PAK_GGO_F_E_XDC]",-78695.30289099994,million PKR,mof_general_govt_operations_sdmx,quarterly
2024-03-31,"Pakistan Definition,General Government Operations, Financing, External, National Currency [PAK_GGO_F_E_XDC]",19505.401798000094,million PKR,mof_general_govt_operations_sdmx,quarterly
2024-06-30,"Pakistan Definition,General Government Operations, Financing, External, National Currency [PAK_GGO_F_E_XDC]",618838.8755845702,million PKR,mof_general_govt_operations_sdmx,quarterly
2024-09-30,"Pakistan Definition,General Government Operations, Financing, External, National Currency [PAK_GGO_F_E_XDC]",-38873.21585500002,million PKR,mof_general_govt_operations_sdmx,quarterly
2024-12-31,"Pakistan Definition,General Government Operations, Financing, External, National Currency [PAK_GGO_F_E_XDC]",34042.28446924221,million PKR,mof_general_govt_operations_sdmx,quarterly
2025-03-31,"Pakistan Definition,General Government Operations, Financing, External, National Currency [PAK_GGO_F_E_XDC]",-105529.77959398879,million PKR,mof_general_govt_operations_sdmx,quarterly
2016-09-30,"Pakistan Definition,General Government Operations, Financing, National Currency [PAK_GGO_F_XDC]",440821.5,million PKR,mof_general_govt_operations_sdmx,quarterly
2016-12-31,"Pakistan Definition,General Government Operations, Financing, National Currency [PAK_GGO_F_XDC]",796299.0,million PKR,mof_general_govt_operations_sdmx,quarterly
2017-03-31,"Pakistan Definition,General Government Operations, Financing, National Currency [PAK_GGO_F_XDC]",1480929.2,million PKR,mof_general_govt_operations_sdmx,quarterly
2017-06-30,"Pakistan Definition,General Government Operations, Financing, National Currency [PAK_GGO_F_XDC]",2260380.0,million PKR,mof_general_govt_operations_sdmx,quarterly
2017-09-30,"Pakistan Definition,General Government Operations, Financing, National Currency [PAK_GGO_F_XDC]",541676.5,million PKR,mof_general_govt_operations_sdmx,quarterly
2017-12-31,"Pakistan Definition,General Government Operations, Financing, National Currency [PAK_GGO_F_XDC]",1029902.4,million PKR,mof_general_govt_operations_sdmx,quarterly
2018-03-31,"Pakistan Definition,General Government Operations, Financing, National Currency [PAK_GGO_F_XDC]",1922480.213,million PKR,mof_general_govt_operations_sdmx,quarterly
2018-06-30,"Pakistan Definition,General Government Operations, Financing, National Currency [PAK_GGO_F_XDC]",3444916.0,million PKR,mof_general_govt_operations_sdmx,quarterly
2018-09-30,"Pakistan Definition,General Government Operations, Financing, National Currency [PAK_GGO_F_XDC]",286023.114,million PKR,mof_general_govt_operations_sdmx,quarterly
2018-12-31,"Pakistan Definition,General Government Operations, Financing, National Currency [PAK_GGO_F_XDC]",994716.0,million PKR,mof_general_govt_operations_sdmx,quarterly
2019-03-31,"Pakistan Definition,General Government Operations, Financing, National Currency [PAK_GGO_F_XDC]",1686197.4,million PKR,mof_general_govt_operations_sdmx,quarterly
2019-06-30,"Pakistan Definition,General Government Operations, Financing, National Currency [PAK_GGO_F_XDC]",3376320.223,million PKR,mof_general_govt_operations_sdmx,quarterly
2019-09-30,"Pakistan Definition,General Government Operations, Financing, National Currency [PAK_GGO_F_XDC]",484324.1640000001,million PKR,mof_general_govt_operations_sdmx,quarterly
2019-12-31,"Pakistan Definition,General Government Operations, Financing, National Currency [PAK_GGO_F_XDC]",1137925.4,million PKR,mof_general_govt_operations_sdmx,quarterly
2020-03-31,"Pakistan Definition,General Government Operations, Financing, National Currency [PAK_GGO_F_XDC]",1652046.0,million PKR,mof_general_govt_operations_sdmx,quarterly
2020-06-30,"Pakistan Definition,General Government Operations, Financing, National Currency [PAK_GGO_F_XDC]",3403320.5,million PKR,mof_general_govt_operations_sdmx,quarterly
2020-09-30,"Pakistan Definition,General Government Operations, Financing, National Currency [PAK_GGO_F_XDC]",438491.32200000004,million PKR,mof_general_govt_operations_sdmx,quarterly
2020-12-31,"Pakistan Definition,General Government Operations, Financing, National Currency [PAK_GGO_F_XDC]",1371818.0,million PKR,mof_general_govt_operations_sdmx,quarterly
2021-03-31,"Pakistan Definition,General Government Operations, Financing, National Currency [PAK_GGO_F_XDC]",2565642.0,million PKR,mof_general_govt_operations_sdmx,quarterly
2021-06-30,"Pakistan Definition,General Government Operations, Financing, National Currency [PAK_GGO_F_XDC]",5259891.960896,million PKR,mof_general_govt_operations_sdmx,quarterly
2021-09-30,"Pakistan Definition,General Government Operations, Financing, National Currency [PAK_GGO_F_XDC]",819306.2,million PKR,mof_general_govt_operations_sdmx,quarterly
2021-12-31,"Pakistan Definition,General Government Operations, Financing, National Currency [PAK_GGO_F_XDC]",1683462.35,million PKR,mof_general_govt_operations_sdmx,quarterly
2022-03-31,"Pakistan Definition,General Government Operations, Financing, National Currency [PAK_GGO_F_XDC]",3078673.0,million PKR,mof_general_govt_operations_sdmx,quarterly
2022-06-30,"Pakistan Definition,General Government Operations, Financing, National Currency [PAK_GGO_F_XDC]",6521445.489,million PKR,mof_general_govt_operations_sdmx,quarterly
2022-09-30,"Pakistan Definition,General Government Operations, Financing, National Currency [PAK_GGO_F_XDC]",980056.8102549999,million PKR,mof_general_govt_operations_sdmx,quarterly
2022-12-31,"Pakistan Definition,General Government Operations, Financing, National Currency [PAK_GGO_F_XDC]",2407767.7007710002,million PKR,mof_general_govt_operations_sdmx,quarterly
2023-03-31,"Pakistan Definition,General Government Operations, Financing, National Currency [PAK_GGO_F_XDC]",3902416.085371,million PKR,mof_general_govt_operations_sdmx,quarterly
2023-06-30,"Pakistan Definition,General Government Operations, Financing, National Currency [PAK_GGO_F_XDC]",7206907.968646999,million PKR,mof_general_govt_operations_sdmx,quarterly
2023-09-30,"Pakistan Definition,General Government Operations, Financing, National Currency [PAK_GGO_F_XDC]",-1896008.544467,million PKR,mof_general_govt_operations_sdmx,quarterly
2023-12-31,"Pakistan Definition,General Government Operations, Financing, National Currency [PAK_GGO_F_XDC]",1537890.579534,million PKR,mof_general_govt_operations_sdmx,quarterly
2024-03-31,"Pakistan Definition,General Government Operations, Financing, National Currency [PAK_GGO_F_XDC]",2970042.961471,million PKR,mof_general_govt_operations_sdmx,quarterly
2024-06-30,"Pakistan Definition,General Government Operations, Financing, National Currency [PAK_GGO_F_XDC]",6168015.125143571,million PKR,mof_general_govt_operations_sdmx,quarterly
2024-09-30,"Pakistan Definition,General Government Operations, Financing, National Currency [PAK_GGO_F_XDC]",-2119492.136505,million PKR,mof_general_govt_operations_sdmx,quarterly
2024-12-31,"Pakistan Definition,General Government Operations, Financing, National Currency [PAK_GGO_F_XDC]",-541881.5782697578,million PKR,mof_general_govt_operations_sdmx,quarterly
2025-03-31,"Pakistan Definition,General Government Operations, Financing, National Currency [PAK_GGO_F_XDC]",856357.0223380111,million PKR,mof_general_govt_operations_sdmx,quarterly
2016-09-30,"Pakistan Definition,General Government Operations, Financing, Nonbank, National Currency [PAK_GGO_F_NB_XDC]",24536.5,million PKR,mof_general_govt_operations_sdmx,quarterly
2016-12-31,"Pakistan Definition,General Government Operations, Financing, Nonbank, National Currency [PAK_GGO_F_NB_XDC]",80411.0,million PKR,mof_general_govt_operations_sdmx,quarterly
2017-03-31,"Pakistan Definition,General Government Operations, Financing, Nonbank, National Currency [PAK_GGO_F_NB_XDC]",143101.0,million PKR,mof_general_govt_operations_sdmx,quarterly
2017-06-30,"Pakistan Definition,General Government Operations, Financing, Nonbank, National Currency [PAK_GGO_F_NB_XDC]",352719.0,million PKR,mof_general_govt_operations_sdmx,quarterly
2017-09-30,"Pakistan Definition,General Government Operations, Financing, Nonbank, National Currency [PAK_GGO_F_NB_XDC]",238436.5,million PKR,mof_general_govt_operations_sdmx,quarterly
2017-12-31,"Pakistan Definition,General Government Operations, Financing, Nonbank, National Currency [PAK_GGO_F_NB_XDC]",234357.4,million PKR,mof_general_govt_operations_sdmx,quarterly
2018-03-31,"Pakistan Definition,General Government Operations, Financing, Nonbank, National Currency [PAK_GGO_F_NB_XDC]",610369.0,million PKR,mof_general_govt_operations_sdmx,quarterly
2018-06-30,"Pakistan Definition,General Government Operations, Financing, Nonbank, National Currency [PAK_GGO_F_NB_XDC]",764986.0,million PKR,mof_general_govt_operations_sdmx,quarterly
2018-09-30,"Pakistan Definition,General Government Operations, Financing, Nonbank, National Currency [PAK_GGO_F_NB_XDC]",242539.0,million PKR,mof_general_govt_operations_sdmx,quarterly
2018-12-31,"Pakistan Definition,General Government Operations, Financing, Nonbank, National Currency [PAK_GGO_F_NB_XDC]",439394.0,million PKR,mof_general_govt_operations_sdmx,quarterly
2019-03-31,"Pakistan Definition,General Government Operations, Financing, Nonbank, National Currency [PAK_GGO_F_NB_XDC]",402023.0,million PKR,mof_general_govt_operations_sdmx,quarterly
2019-06-30,"Pakistan Definition,General Government Operations, Financing, Nonbank, National Currency [PAK_GGO_F_NB_XDC]",540249.55,million PKR,mof_general_govt_operations_sdmx,quarterly
2019-09-30,"Pakistan Definition,General Government Operations, Financing, Nonbank, National Currency [PAK_GGO_F_NB_XDC]",92113.45999999999,million PKR,mof_general_govt_operations_sdmx,quarterly
2019-12-31,"Pakistan Definition,General Government Operations, Financing, Nonbank, National Currency [PAK_GGO_F_NB_XDC]",132199.5,million PKR,mof_general_govt_operations_sdmx,quarterly
2020-03-31,"Pakistan Definition,General Government Operations, Financing, Nonbank, National Currency [PAK_GGO_F_NB_XDC]",292137.0,million PKR,mof_general_govt_operations_sdmx,quarterly
2020-06-30,"Pakistan Definition,General Government Operations, Financing, Nonbank, National Currency [PAK_GGO_F_NB_XDC]",196189.0,million PKR,mof_general_govt_operations_sdmx,quarterly
2020-09-30,"Pakistan Definition,General Government Operations, Financing, Nonbank, National Currency [PAK_GGO_F_NB_XDC]",108041.0,million PKR,mof_general_govt_operations_sdmx,quarterly
2020-12-31,"Pakistan Definition,General Government Operations, Financing, Nonbank, National Currency [PAK_GGO_F_NB_XDC]",76792.0,million PKR,mof_general_govt_operations_sdmx,quarterly
2021-03-31,"Pakistan Definition,General Government Operations, Financing, Nonbank, National Currency [PAK_GGO_F_NB_XDC]",532448.0,million PKR,mof_general_govt_operations_sdmx,quarterly
2021-06-30,"Pakistan Definition,General Government Operations, Financing, Nonbank, National Currency [PAK_GGO_F_NB_XDC]",980570.0,million PKR,mof_general_govt_operations_sdmx,quarterly
2021-09-30,"Pakistan Definition,General Government Operations, Financing, Nonbank, National Currency [PAK_GGO_F_NB_XDC]",487869.0,million PKR,mof_general_govt_operations_sdmx,quarterly
2021-12-31,"Pakistan Definition,General Government Operations, Financing, Nonbank, National Currency [PAK_GGO_F_NB_XDC]",1585910.0,million PKR,mof_general_govt_operations_sdmx,quarterly
2022-03-31,"Pakistan Definition,General Government Operations, Financing, Nonbank, National Currency [PAK_GGO_F_NB_XDC]",1802720.0,million PKR,mof_general_govt_operations_sdmx,quarterly
2022-06-30,"Pakistan Definition,General Government Operations, Financing, Nonbank, National Currency [PAK_GGO_F_NB_XDC]",3672703.489,million PKR,mof_general_govt_operations_sdmx,quarterly
2022-09-30,"Pakistan Definition,General Government Operations, Financing, Nonbank, National Currency [PAK_GGO_F_NB_XDC]",-538263.0,million PKR,mof_general_govt_operations_sdmx,quarterly
2022-12-31,"Pakistan Definition,General Government Operations, Financing, Nonbank, National Currency [PAK_GGO_F_NB_XDC]",-251610.850201,million PKR,mof_general_govt_operations_sdmx,quarterly
2023-03-31,"Pakistan Definition,General Government Operations, Financing, Nonbank, National Currency [PAK_GGO_F_NB_XDC]",-377979.820992,million PKR,mof_general_govt_operations_sdmx,quarterly
2023-06-30,"Pakistan Definition,General Government Operations, Financing, Nonbank, National Currency [PAK_GGO_F_NB_XDC]",-312800.794447,million PKR,mof_general_govt_operations_sdmx,quarterly
2023-09-30,"Pakistan Definition,General Government Operations, Financing, Nonbank, National Currency [PAK_GGO_F_NB_XDC]",135806.36001,million PKR,mof_general_govt_operations_sdmx,quarterly
2023-12-31,"Pakistan Definition,General Government Operations, Financing, Nonbank, National Currency [PAK_GGO_F_NB_XDC]",3642421.882425,million PKR,mof_general_govt_operations_sdmx,quarterly
2024-03-31,"Pakistan Definition,General Government Operations, Financing, Nonbank, National Currency [PAK_GGO_F_NB_XDC]",1618998.559673,million PKR,mof_general_govt_operations_sdmx,quarterly
2024-06-30,"Pakistan Definition,General Government Operations, Financing, Nonbank, National Currency [PAK_GGO_F_NB_XDC]",982185.249559,million PKR,mof_general_govt_operations_sdmx,quarterly
2024-09-30,"Pakistan Definition,General Government Operations, Financing, Nonbank, National Currency [PAK_GGO_F_NB_XDC]",112056.07935000001,million PKR,mof_general_govt_operations_sdmx,quarterly
2024-12-31,"Pakistan Definition,General Government Operations, Financing, Nonbank, National Currency [PAK_GGO_F_NB_XDC]",-250464.862739,million PKR,mof_general_govt_operations_sdmx,quarterly
2025-03-31,"Pakistan Definition,General Government Operations, Financing, Nonbank, National Currency [PAK_GGO_F_NB_XDC]",209588.80193199986,million PKR,mof_general_govt_operations_sdmx,quarterly
2016-09-30,"Pakistan Definition,General Government Operations, Financing, Privatization proceeds, National Currency [PAK_GGO_F_PP_XDC]",0.0,million PKR,mof_general_govt_operations_sdmx,quarterly
2016-12-31,"Pakistan Definition,General Government Operations, Financing, Privatization proceeds, National Currency [PAK_GGO_F_PP_XDC]",0.0,million PKR,mof_general_govt_operations_sdmx,quarterly
2017-03-31,"Pakistan Definition,General Government Operations, Financing, Privatization proceeds, National Currency [PAK_GGO_F_PP_XDC]",0.0,million PKR,mof_general_govt_operations_sdmx,quarterly
2017-06-30,"Pakistan Definition,General Government Operations, Financing, Privatization proceeds, National Currency [PAK_GGO_F_PP_XDC]",2000.0,million PKR,mof_general_govt_operations_sdmx,quarterly
2017-09-30,"Pakistan Definition,General Government Operations, Financing, Privatization proceeds, National Currency [PAK_GGO_F_PP_XDC]",0.0,million PKR,mof_general_govt_operations_sdmx,quarterly
2017-12-31,"Pakistan Definition,General Government Operations, Financing, Privatization proceeds, National Currency [PAK_GGO_F_PP_XDC]",0.0,million PKR,mof_general_govt_operations_sdmx,quarterly
2018-03-31,"Pakistan Definition,General Government Operations, Financing, Privatization proceeds, National Currency [PAK_GGO_F_PP_XDC]",0.0,million PKR,mof_general_govt_operations_sdmx,quarterly
2018-06-30,"Pakistan Definition,General Government Operations, Financing, Privatization proceeds, National Currency [PAK_GGO_F_PP_XDC]",0.0,million PKR,mof_general_govt_operations_sdmx,quarterly
2018-09-30,"Pakistan Definition,General Government Operations, Financing, Privatization proceeds, National Currency [PAK_GGO_F_PP_XDC]",0.0,million PKR,mof_general_govt_operations_sdmx,quarterly
2018-12-31,"Pakistan Definition,General Government Operations, Financing, Privatization proceeds, National Currency [PAK_GGO_F_PP_XDC]",0.0,million PKR,mof_general_govt_operations_sdmx,quarterly
2019-03-31,"Pakistan Definition,General Government Operations, Financing, Privatization proceeds, National Currency [PAK_GGO_F_PP_XDC]",0.0,million PKR,mof_general_govt_operations_sdmx,quarterly
2019-06-30,"Pakistan Definition,General Government Operations, Financing, Privatization proceeds, National Currency [PAK_GGO_F_PP_XDC]",0.0,million PKR,mof_general_govt_operations_sdmx,quarterly
2019-09-30,"Pakistan Definition,General Government Operations, Financing, Privatization proceeds, National Currency [PAK_GGO_F_PP_XDC]",0.0,million PKR,mof_general_govt_operations_sdmx,quarterly
2019-12-31,"Pakistan Definition,General Government Operations, Financing, Privatization proceeds, National Currency [PAK_GGO_F_PP_XDC]",0.0,million PKR,mof_general_govt_operations_sdmx,quarterly
2020-03-31,"Pakistan Definition,General Government Operations, Financing, Privatization proceeds, National Currency [PAK_GGO_F_PP_XDC]",0.0,million PKR,mof_general_govt_operations_sdmx,quarterly
2020-06-30,"Pakistan Definition,General Government Operations, Financing, Privatization proceeds, National Currency [PAK_GGO_F_PP_XDC]",0.0,million PKR,mof_general_govt_operations_sdmx,quarterly
2020-09-30,"Pakistan Definition,General Government Operations, Financing, Privatization proceeds, National Currency [PAK_GGO_F_PP_XDC]",0.0,million PKR,mof_general_govt_operations_sdmx,quarterly
2020-12-31,"Pakistan Definition,General Government Operations, Financing, Privatization proceeds, National Currency [PAK_GGO_F_PP_XDC]",0.0,million PKR,mof_general_govt_operations_sdmx,quarterly
2021-03-31,"Pakistan Definition,General Government Operations, Financing, Privatization proceeds, National Currency [PAK_GGO_F_PP_XDC]",0.0,million PKR,mof_general_govt_operations_sdmx,quarterly
2021-06-30,"Pakistan Definition,General Government Operations, Financing, Privatization proceeds, National Currency [PAK_GGO_F_PP_XDC]",0.0,million PKR,mof_general_govt_operations_sdmx,quarterly
2021-09-30,"Pakistan Definition,General Government Operations, Financing, Privatization proceeds, National Currency [PAK_GGO_F_PP_XDC]",0.0,million PKR,mof_general_govt_operations_sdmx,quarterly
2021-12-31,"Pakistan Definition,General Government Operations, Financing, Privatization proceeds, National Currency [PAK_GGO_F_PP_XDC]",0.0,million PKR,mof_general_govt_operations_sdmx,quarterly
2022-03-31,"Pakistan Definition,General Government Operations, Financing, Privatization proceeds, National Currency [PAK_GGO_F_PP_XDC]",0.0,million PKR,mof_general_govt_operations_sdmx,quarterly
2022-06-30,"Pakistan Definition,General Government Operations, Financing, Privatization proceeds, National Currency [PAK_GGO_F_PP_XDC]",0.0,million PKR,mof_general_govt_operations_sdmx,quarterly
2022-09-30,"Pakistan Definition,General Government Operations, Financing, Privatization proceeds, National Currency [PAK_GGO_F_PP_XDC]",0.0,million PKR,mof_general_govt_operations_sdmx,quarterly
2022-12-31,"Pakistan Definition,General Government Operations, Financing, Privatization proceeds, National Currency [PAK_GGO_F_PP_XDC]",0.0,million PKR,mof_general_govt_operations_sdmx,quarterly
2023-03-31,"Pakistan Definition,General Government Operations, Financing, Privatization proceeds, National Currency [PAK_GGO_F_PP_XDC]",0.0,million PKR,mof_general_govt_operations_sdmx,quarterly
2023-06-30,"Pakistan Definition,General Government Operations, Financing, Privatization proceeds, National Currency [PAK_GGO_F_PP_XDC]",1337.623887,million PKR,mof_general_govt_operations_sdmx,quarterly
2023-09-30,"Pakistan Definition,General Government Operations, Financing, Privatization proceeds, National Currency [PAK_GGO_F_PP_XDC]",0.0,million PKR,mof_general_govt_operations_sdmx,quarterly
2023-12-31,"Pakistan Definition,General Government Operations, Financing, Privatization proceeds, National Currency [PAK_GGO_F_PP_XDC]",0.0,million PKR,mof_general_govt_operations_sdmx,quarterly
2024-03-31,"Pakistan Definition,General Government Operations, Financing, Privatization proceeds, National Currency [PAK_GGO_F_PP_XDC]",0.0,million PKR,mof_general_govt_operations_sdmx,quarterly
2024-06-30,"Pakistan Definition,General Government Operations, Financing, Privatization proceeds, National Currency [PAK_GGO_F_PP_XDC]",0.0,million PKR,mof_general_govt_operations_sdmx,quarterly
2024-09-30,"Pakistan Definition,General Government Operations, Financing, Privatization proceeds, National Currency [PAK_GGO_F_PP_XDC]",0.0,million PKR,mof_general_govt_operations_sdmx,quarterly
2024-12-31,"Pakistan Definition,General Government Operations, Financing, Privatization proceeds, National Currency [PAK_GGO_F_PP_XDC]",0.0,million PKR,mof_general_govt_operations_sdmx,quarterly
2025-03-31,"Pakistan Definition,General Government Operations, Financing, Privatization proceeds, National Currency [PAK_GGO_F_PP_XDC]",0.0,million PKR,mof_general_govt_operations_sdmx,quarterly
2016-09-30,"Pakistan Definition,General Government Operations, Memorandum items:, Primary balance (excluding grants), National Currency [PAK_GGO_MI_PBEG_XDC]",4548.5,million PKR,mof_general_govt_operations_sdmx,quarterly
2016-12-31,"Pakistan Definition,General Government Operations, Memorandum items:, Primary balance (excluding grants), National Currency [PAK_GGO_MI_PBEG_XDC]",-44860.0,million PKR,mof_general_govt_operations_sdmx,quarterly
2017-03-31,"Pakistan Definition,General Government Operations, Memorandum items:, Primary balance (excluding grants), National Currency [PAK_GGO_MI_PBEG_XDC]",-308089.2000000002,million PKR,mof_general_govt_operations_sdmx,quarterly
2017-06-30,"Pakistan Definition,General Government Operations, Memorandum items:, Primary balance (excluding grants), National Currency [PAK_GGO_MI_PBEG_XDC]",-760458.0,million PKR,mof_general_govt_operations_sdmx,quarterly
2017-09-30,"Pakistan Definition,General Government Operations, Memorandum items:, Primary balance (excluding grants), National Currency [PAK_GGO_MI_PBEG_XDC]",-34613.5,million PKR,mof_general_govt_operations_sdmx,quarterly
2017-12-31,"Pakistan Definition,General Government Operations, Memorandum items:, Primary balance (excluding grants), National Currency [PAK_GGO_MI_PBEG_XDC]",-153205.40000000037,million PKR,mof_general_govt_operations_sdmx,quarterly
2018-03-31,"Pakistan Definition,General Government Operations, Memorandum items:, Primary balance (excluding grants), National Currency [PAK_GGO_MI_PBEG_XDC]",-463269.21300000045,million PKR,mof_general_govt_operations_sdmx,quarterly
2018-06-30,"Pakistan Definition,General Government Operations, Memorandum items:, Primary balance (excluding grants), National Currency [PAK_GGO_MI_PBEG_XDC]",-1353790.0,million PKR,mof_general_govt_operations_sdmx,quarterly
2018-09-30,"Pakistan Definition,General Government Operations, Memorandum items:, Primary balance (excluding grants), National Currency [PAK_GGO_MI_PBEG_XDC]",285660.4112,million PKR,mof_general_govt_operations_sdmx,quarterly
2018-12-31,"Pakistan Definition,General Government Operations, Memorandum items:, Primary balance (excluding grants), National Currency [PAK_GGO_MI_PBEG_XDC]",286480.0,million PKR,mof_general_govt_operations_sdmx,quarterly
2019-03-31,"Pakistan Definition,General Government Operations, Memorandum items:, Primary balance (excluding grants), National Currency [PAK_GGO_MI_PBEG_XDC]",193514.59999999963,million PKR,mof_general_govt_operations_sdmx,quarterly
2019-06-30,"Pakistan Definition,General Government Operations, Memorandum items:, Primary balance (excluding grants), National Currency [PAK_GGO_MI_PBEG_XDC]",-756581.2229999993,million PKR,mof_general_govt_operations_sdmx,quarterly
2019-09-30,"Pakistan Definition,General Government Operations, Memorandum items:, Primary balance (excluding grants), National Currency [PAK_GGO_MI_PBEG_XDC]",257735.94400000013,million PKR,mof_general_govt_operations_sdmx,quarterly
2019-12-31,"Pakistan Definition,General Government Operations, Memorandum items:, Primary balance (excluding grants), National Currency [PAK_GGO_MI_PBEG_XDC]",337233.1436999999,million PKR,mof_general_govt_operations_sdmx,quarterly
2020-03-31,"Pakistan Definition,General Government Operations, Memorandum items:, Primary balance (excluding grants), National Currency [PAK_GGO_MI_PBEG_XDC]",451812.2450000001,million PKR,mof_general_govt_operations_sdmx,quarterly
2020-06-30,"Pakistan Definition,General Government Operations, Memorandum items:, Primary balance (excluding grants), National Currency [PAK_GGO_MI_PBEG_XDC]",-653592.3450000007,million PKR,mof_general_govt_operations_sdmx,quarterly
2020-09-30,"Pakistan Definition,General Government Operations, Memorandum items:, Primary balance (excluding grants), National Currency [PAK_GGO_MI_PBEG_XDC]",184235.8299999996,million PKR,mof_general_govt_operations_sdmx,quarterly
2020-12-31,"Pakistan Definition,General Government Operations, Memorandum items:, Primary balance (excluding grants), National Currency [PAK_GGO_MI_PBEG_XDC]",81073.40050000045,million PKR,mof_general_govt_operations_sdmx,quarterly
2021-03-31,"Pakistan Definition,General Government Operations, Memorandum items:, Primary balance (excluding grants), National Currency [PAK_GGO_MI_PBEG_XDC]",-447160.9070000015,million PKR,mof_general_govt_operations_sdmx,quarterly
2021-06-30,"Pakistan Definition,General Government Operations, Memorandum items:, Primary balance (excluding grants), National Currency [PAK_GGO_MI_PBEG_XDC]",-2077459.9609000012,million PKR,mof_general_govt_operations_sdmx,quarterly
2021-09-30,"Pakistan Definition,General Government Operations, Memorandum items:, Primary balance (excluding grants), National Currency [PAK_GGO_MI_PBEG_XDC]",134686.02899999963,million PKR,mof_general_govt_operations_sdmx,quarterly
2021-12-31,"Pakistan Definition,General Government Operations, Memorandum items:, Primary balance (excluding grants), National Currency [PAK_GGO_MI_PBEG_XDC]",889588.869,million PKR,mof_general_govt_operations_sdmx,quarterly
2022-03-31,"Pakistan Definition,General Government Operations, Memorandum items:, Primary balance (excluding grants), National Currency [PAK_GGO_MI_PBEG_XDC]",503774.0,million PKR,mof_general_govt_operations_sdmx,quarterly
2022-06-30,"Pakistan Definition,General Government Operations, Memorandum items:, Primary balance (excluding grants), National Currency [PAK_GGO_MI_PBEG_XDC]",-825529.4890000001,million PKR,mof_general_govt_operations_sdmx,quarterly
2022-09-30,"Pakistan Definition,General Government Operations, Memorandum items:, Primary balance (excluding grants), National Currency [PAK_GGO_MI_PBEG_XDC]",399555.1899999995,million PKR,mof_general_govt_operations_sdmx,quarterly
2022-12-31,"Pakistan Definition,General Government Operations, Memorandum items:, Primary balance (excluding grants), National Currency [PAK_GGO_MI_PBEG_XDC]",1812210.8561239988,million PKR,mof_general_govt_operations_sdmx,quarterly
2023-03-31,"Pakistan Definition,General Government Operations, Memorandum items:, Primary balance (excluding grants), National Currency [PAK_GGO_MI_PBEG_XDC]",1615415.9146289974,million PKR,mof_general_govt_operations_sdmx,quarterly
2023-06-30,"Pakistan Definition,General Government Operations, Memorandum items:, Primary balance (excluding grants), National Currency [PAK_GGO_MI_PBEG_XDC]",952918.0313529968,million PKR,mof_general_govt_operations_sdmx,quarterly
2023-09-30,"Pakistan Definition,General Government Operations, Memorandum items:, Primary balance (excluding grants), National Currency [PAK_GGO_MI_PBEG_XDC]",3202361.544467,million PKR,mof_general_govt_operations_sdmx,quarterly
2023-12-31,"Pakistan Definition,General Government Operations, Memorandum items:, Primary balance (excluding grants), National Currency [PAK_GGO_MI_PBEG_XDC]",3603691.420466002,million PKR,mof_general_govt_operations_sdmx,quarterly
2024-03-31,"Pakistan Definition,General Government Operations, Memorandum items:, Primary balance (excluding grants), National Currency [PAK_GGO_MI_PBEG_XDC]",3468747.032028999,million PKR,mof_general_govt_operations_sdmx,quarterly
2024-06-30,"Pakistan Definition,General Government Operations, Memorandum items:, Primary balance (excluding grants), National Currency [PAK_GGO_MI_PBEG_XDC]",2719401.874856431,million PKR,mof_general_govt_operations_sdmx,quarterly
2024-09-30,"Pakistan Definition,General Government Operations, Memorandum items:, Primary balance (excluding grants), National Currency [PAK_GGO_MI_PBEG_XDC]",3497291.542661,million PKR,mof_general_govt_operations_sdmx,quarterly
2024-12-31,"Pakistan Definition,General Government Operations, Memorandum items:, Primary balance (excluding grants), National Currency [PAK_GGO_MI_PBEG_XDC]",4105516.353062758,million PKR,mof_general_govt_operations_sdmx,quarterly
2025-03-31,"Pakistan Definition,General Government Operations, Memorandum items:, Primary balance (excluding grants), National Currency [PAK_GGO_MI_PBEG_XDC]",4091515.8133049887,million PKR,mof_general_govt_operations_sdmx,quarterly
2016-09-30,"Pakistan Definition,General Government Operations, Memorandum items:, Primary balance (including grants), National Currency [PAK_GGO_MI_PBIG_XDC]",9445.5,million PKR,mof_general_govt_operations_sdmx,quarterly
2016-12-31,"Pakistan Definition,General Government Operations, Memorandum items:, Primary balance (including grants), National Currency [PAK_GGO_MI_PBIG_XDC]",-35444.0,million PKR,mof_general_govt_operations_sdmx,quarterly
2017-03-31,"Pakistan Definition,General Government Operations, Memorandum items:, Primary balance (including grants), National Currency [PAK_GGO_MI_PBIG_XDC]",-284397.2000000002,million PKR,mof_general_govt_operations_sdmx,quarterly
2017-06-30,"Pakistan Definition,General Government Operations, Memorandum items:, Primary balance (including grants), National Currency [PAK_GGO_MI_PBIG_XDC]",-723504.0,million PKR,mof_general_govt_operations_sdmx,quarterly
2017-09-30,"Pakistan Definition,General Government Operations, Memorandum items:, Primary balance (including grants), National Currency [PAK_GGO_MI_PBIG_XDC]",-26666.5,million PKR,mof_general_govt_operations_sdmx,quarterly
2017-12-31,"Pakistan Definition,General Government Operations, Memorandum items:, Primary balance (including grants), National Currency [PAK_GGO_MI_PBIG_XDC]",-141846.40000000037,million PKR,mof_general_govt_operations_sdmx,quarterly
2018-03-31,"Pakistan Definition,General Government Operations, Memorandum items:, Primary balance (including grants), National Currency [PAK_GGO_MI_PBIG_XDC]",-446986.21300000045,million PKR,mof_general_govt_operations_sdmx,quarterly
2018-06-30,"Pakistan Definition,General Government Operations, Memorandum items:, Primary balance (including grants), National Currency [PAK_GGO_MI_PBIG_XDC]",-1320767.0,million PKR,mof_general_govt_operations_sdmx,quarterly
2018-09-30,"Pakistan Definition,General Government Operations, Memorandum items:, Primary balance (including grants), National Currency [PAK_GGO_MI_PBIG_XDC]",293642.4112,million PKR,mof_general_govt_operations_sdmx,quarterly
2018-12-31,"Pakistan Definition,General Government Operations, Memorandum items:, Primary balance (including grants), National Currency [PAK_GGO_MI_PBIG_XDC]",307049.0,million PKR,mof_general_govt_operations_sdmx,quarterly
2019-03-31,"Pakistan Definition,General Government Operations, Memorandum items:, Primary balance (including grants), National Currency [PAK_GGO_MI_PBIG_XDC]",218129.59999999963,million PKR,mof_general_govt_operations_sdmx,quarterly
2019-06-30,"Pakistan Definition,General Government Operations, Memorandum items:, Primary balance (including grants), National Currency [PAK_GGO_MI_PBIG_XDC]",-723098.2229999993,million PKR,mof_general_govt_operations_sdmx,quarterly
2019-09-30,"Pakistan Definition,General Government Operations, Memorandum items:, Primary balance (including grants), National Currency [PAK_GGO_MI_PBIG_XDC]",267053.47400000016,million PKR,mof_general_govt_operations_sdmx,quarterly
2019-12-31,"Pakistan Definition,General Government Operations, Memorandum items:, Primary balance (including grants), National Currency [PAK_GGO_MI_PBIG_XDC]",353188.1436999999,million PKR,mof_general_govt_operations_sdmx,quarterly
2020-03-31,"Pakistan Definition,General Government Operations, Memorandum items:, Primary balance (including grants), National Currency [PAK_GGO_MI_PBIG_XDC]",476033.2450000001,million PKR,mof_general_govt_operations_sdmx,quarterly
2020-06-30,"Pakistan Definition,General Government Operations, Memorandum items:, Primary balance (including grants), National Currency [PAK_GGO_MI_PBIG_XDC]",-622977.8450000007,million PKR,mof_general_govt_operations_sdmx,quarterly
2020-09-30,"Pakistan Definition,General Government Operations, Memorandum items:, Primary balance (including grants), National Currency [PAK_GGO_MI_PBIG_XDC]",201348.8299999996,million PKR,mof_general_govt_operations_sdmx,quarterly
2020-12-31,"Pakistan Definition,General Government Operations, Memorandum items:, Primary balance (including grants), National Currency [PAK_GGO_MI_PBIG_XDC]",107368.40050000045,million PKR,mof_general_govt_operations_sdmx,quarterly
2021-03-31,"Pakistan Definition,General Government Operations, Memorandum items:, Primary balance (including grants), National Currency [PAK_GGO_MI_PBIG_XDC]",-412136.9070000015,million PKR,mof_general_govt_operations_sdmx,quarterly
2021-06-30,"Pakistan Definition,General Government Operations, Memorandum items:, Primary balance (including grants), National Currency [PAK_GGO_MI_PBIG_XDC]",-2036051.9609000012,million PKR,mof_general_govt_operations_sdmx,quarterly
2021-09-30,"Pakistan Definition,General Government Operations, Memorandum items:, Primary balance (including grants), National Currency [PAK_GGO_MI_PBIG_XDC]",140316.02899999963,million PKR,mof_general_govt_operations_sdmx,quarterly
2021-12-31,"Pakistan Definition,General Government Operations, Memorandum items:, Primary balance (including grants), National Currency [PAK_GGO_MI_PBIG_XDC]",901564.449,million PKR,mof_general_govt_operations_sdmx,quarterly
2022-03-31,"Pakistan Definition,General Government Operations, Memorandum items:, Primary balance (including grants), National Currency [PAK_GGO_MI_PBIG_XDC]",530890.0,million PKR,mof_general_govt_operations_sdmx,quarterly
2022-06-30,"Pakistan Definition,General Government Operations, Memorandum items:, Primary balance (including grants), National Currency [PAK_GGO_MI_PBIG_XDC]",-790950.4890000001,million PKR,mof_general_govt_operations_sdmx,quarterly
2022-09-30,"Pakistan Definition,General Government Operations, Memorandum items:, Primary balance (including grants), National Currency [PAK_GGO_MI_PBIG_XDC]",403910.38999999966,million PKR,mof_general_govt_operations_sdmx,quarterly
2022-12-31,"Pakistan Definition,General Government Operations, Memorandum items:, Primary balance (including grants), National Currency [PAK_GGO_MI_PBIG_XDC]",1822769.6061239988,million PKR,mof_general_govt_operations_sdmx,quarterly
2023-03-31,"Pakistan Definition,General Government Operations, Memorandum items:, Primary balance (including grants), National Currency [PAK_GGO_MI_PBIG_XDC]",1633552.054628998,million PKR,mof_general_govt_operations_sdmx,quarterly
2023-06-30,"Pakistan Definition,General Government Operations, Memorandum items:, Primary balance (including grants), National Currency [PAK_GGO_MI_PBIG_XDC]",983520.941352997,million PKR,mof_general_govt_operations_sdmx,quarterly
2023-09-30,"Pakistan Definition,General Government Operations, Memorandum items:, Primary balance (including grants), National Currency [PAK_GGO_MI_PBIG_XDC]",3213302.1444669995,million PKR,mof_general_govt_operations_sdmx,quarterly
2023-12-31,"Pakistan Definition,General Government Operations, Memorandum items:, Primary balance (including grants), National Currency [PAK_GGO_MI_PBIG_XDC]",3617186.850466002,million PKR,mof_general_govt_operations_sdmx,quarterly
2024-03-31,"Pakistan Definition,General Government Operations, Memorandum items:, Primary balance (including grants), National Currency [PAK_GGO_MI_PBIG_XDC]",3486720.252029,million PKR,mof_general_govt_operations_sdmx,quarterly
2024-06-30,"Pakistan Definition,General Government Operations, Memorandum items:, Primary balance (including grants), National Currency [PAK_GGO_MI_PBIG_XDC]",2742456.290138323,million PKR,mof_general_govt_operations_sdmx,quarterly
2024-09-30,"Pakistan Definition,General Government Operations, Memorandum items:, Primary balance (including grants), National Currency [PAK_GGO_MI_PBIG_XDC]",3500581.2226609997,million PKR,mof_general_govt_operations_sdmx,quarterly
2024-12-31,"Pakistan Definition,General Government Operations, Memorandum items:, Primary balance (including grants), National Currency [PAK_GGO_MI_PBIG_XDC]",4111636.563224824,million PKR,mof_general_govt_operations_sdmx,quarterly
2025-03-31,"Pakistan Definition,General Government Operations, Memorandum items:, Primary balance (including grants), National Currency [PAK_GGO_MI_PBIG_XDC]",4100478.2970488705,million PKR,mof_general_govt_operations_sdmx,quarterly
2016-09-30,"Pakistan Definition,General Government Operations, Statistical discrepancy, National Currency [PAK_GGO_SD_XDC]",34592.22000000003,million PKR,mof_general_govt_operations_sdmx,quarterly
2016-12-31,"Pakistan Definition,General Government Operations, Statistical discrepancy, National Currency [PAK_GGO_SD_XDC]",58950.0,million PKR,mof_general_govt_operations_sdmx,quarterly
2017-03-31,"Pakistan Definition,General Government Operations, Statistical discrepancy, National Currency [PAK_GGO_SD_XDC]",-14606.359999999811,million PKR,mof_general_govt_operations_sdmx,quarterly
2017-06-30,"Pakistan Definition,General Government Operations, Statistical discrepancy, National Currency [PAK_GGO_SD_XDC]",12446.0,million PKR,mof_general_govt_operations_sdmx,quarterly
2017-09-30,"Pakistan Definition,General Government Operations, Statistical discrepancy, National Currency [PAK_GGO_SD_XDC]",54878.77799999993,million PKR,mof_general_govt_operations_sdmx,quarterly
2017-12-31,"Pakistan Definition,General Government Operations, Statistical discrepancy, National Currency [PAK_GGO_SD_XDC]",3248.834000000148,million PKR,mof_general_govt_operations_sdmx,quarterly
2018-03-31,"Pakistan Definition,General Government Operations, Statistical discrepancy, National Currency [PAK_GGO_SD_XDC]",23710.060999999754,million PKR,mof_general_govt_operations_sdmx,quarterly
2018-06-30,"Pakistan Definition,General Government Operations, Statistical discrepancy, National Currency [PAK_GGO_SD_XDC]",22417.16999999946,million PKR,mof_general_govt_operations_sdmx,quarterly
2018-09-30,"Pakistan Definition,General Government Operations, Statistical discrepancy, National Currency [PAK_GGO_SD_XDC]",45763.901413000014,million PKR,mof_general_govt_operations_sdmx,quarterly
2018-12-31,"Pakistan Definition,General Government Operations, Statistical discrepancy, National Currency [PAK_GGO_SD_XDC]",31998.0,million PKR,mof_general_govt_operations_sdmx,quarterly
2019-03-31,"Pakistan Definition,General Government Operations, Statistical discrepancy, National Currency [PAK_GGO_SD_XDC]",-16888.599999999977,million PKR,mof_general_govt_operations_sdmx,quarterly
2019-06-30,"Pakistan Definition,General Government Operations, Statistical discrepancy, National Currency [PAK_GGO_SD_XDC]",-87272.77700000023,million PKR,mof_general_govt_operations_sdmx,quarterly
2019-09-30,"Pakistan Definition,General Government Operations, Statistical discrepancy, National Currency [PAK_GGO_SD_XDC]",-64719.7,million PKR,mof_general_govt_operations_sdmx,quarterly
2019-12-31,"Pakistan Definition,General Government Operations, Statistical discrepancy, National Currency [PAK_GGO_SD_XDC]",1898.479999999996,million PKR,mof_general_govt_operations_sdmx,quarterly
2020-03-31,"Pakistan Definition,General Government Operations, Statistical discrepancy, National Currency [PAK_GGO_SD_XDC]",-163757.536,million PKR,mof_general_govt_operations_sdmx,quarterly
2020-06-30,"Pakistan Definition,General Government Operations, Statistical discrepancy, National Currency [PAK_GGO_SD_XDC]",-92994.757,million PKR,mof_general_govt_operations_sdmx,quarterly
2020-09-30,"Pakistan Definition,General Government Operations, Statistical discrepancy, National Currency [PAK_GGO_SD_XDC]",14158.467,million PKR,mof_general_govt_operations_sdmx,quarterly
2020-12-31,"Pakistan Definition,General Government Operations, Statistical discrepancy, National Currency [PAK_GGO_SD_XDC]",80616.21000000002,million PKR,mof_general_govt_operations_sdmx,quarterly
2021-03-31,"Pakistan Definition,General Government Operations, Statistical discrepancy, National Currency [PAK_GGO_SD_XDC]",10664.641000000003,million PKR,mof_general_govt_operations_sdmx,quarterly
2021-06-30,"Pakistan Definition,General Government Operations, Statistical discrepancy, National Currency [PAK_GGO_SD_XDC]",116478.1839,million PKR,mof_general_govt_operations_sdmx,quarterly
2021-09-30,"Pakistan Definition,General Government Operations, Statistical discrepancy, National Currency [PAK_GGO_SD_XDC]",78203.436,million PKR,mof_general_govt_operations_sdmx,quarterly
2021-12-31,"Pakistan Definition,General Government Operations, Statistical discrepancy, National Currency [PAK_GGO_SD_XDC]",-315408.667,million PKR,mof_general_govt_operations_sdmx,quarterly
2022-03-31,"Pakistan Definition,General Government Operations, Statistical discrepancy, National Currency [PAK_GGO_SD_XDC]",-288123.843,million PKR,mof_general_govt_operations_sdmx,quarterly
2022-06-30,"Pakistan Definition,General Government Operations, Statistical discrepancy, National Currency [PAK_GGO_SD_XDC]",-245750.49099999998,million PKR,mof_general_govt_operations_sdmx,quarterly
2022-09-30,"Pakistan Definition,General Government Operations, Statistical discrepancy, National Currency [PAK_GGO_SD_XDC]",210818.376,million PKR,mof_general_govt_operations_sdmx,quarterly
2022-12-31,"Pakistan Definition,General Government Operations, Statistical discrepancy, National Currency [PAK_GGO_SD_XDC]",35917.713612001506,million PKR,mof_general_govt_operations_sdmx,quarterly
2023-03-31,"Pakistan Definition,General Government Operations, Statistical discrepancy, National Currency [PAK_GGO_SD_XDC]",206761.4287529989,million PKR,mof_general_govt_operations_sdmx,quarterly
2023-06-30,"Pakistan Definition,General Government Operations, Statistical discrepancy, National Currency [PAK_GGO_SD_XDC]",-173481.0125749982,million PKR,mof_general_govt_operations_sdmx,quarterly
2023-09-30,"Pakistan Definition,General Government Operations, Statistical discrepancy, National Currency [PAK_GGO_SD_XDC]",117239.35692599937,million PKR,mof_general_govt_operations_sdmx,quarterly
2023-12-31,"Pakistan Definition,General Government Operations, Statistical discrepancy, National Currency [PAK_GGO_SD_XDC]",439712.7349579985,million PKR,mof_general_govt_operations_sdmx,quarterly
2024-03-31,"Pakistan Definition,General Government Operations, Statistical discrepancy, National Currency [PAK_GGO_SD_XDC]",205691.145045,million PKR,mof_general_govt_operations_sdmx,quarterly
2024-06-30,"Pakistan Definition,General Government Operations, Statistical discrepancy, National Currency [PAK_GGO_SD_XDC]",-328838.92646442715,million PKR,mof_general_govt_operations_sdmx,quarterly
2024-09-30,"Pakistan Definition,General Government Operations, Statistical discrepancy, National Currency [PAK_GGO_SD_XDC]",-261889.86264399736,million PKR,mof_general_govt_operations_sdmx,quarterly
2024-12-31,"Pakistan Definition,General Government Operations, Statistical discrepancy, National Currency [PAK_GGO_SD_XDC]",-413302.07867775345,million PKR,mof_general_govt_operations_sdmx,quarterly
2025-03-31,"Pakistan Definition,General Government Operations, Statistical discrepancy, National Currency [PAK_GGO_SD_XDC]",-443554.011611676,million PKR,mof_general_govt_operations_sdmx,quarterly
2016-09-30,"Pakistan Definition,General Government Operations,Revenue and grants, National Currency [PAK_GGO_RG_XDC]",1029999.0,million PKR,mof_general_govt_operations_sdmx,quarterly
2016-12-31,"Pakistan Definition,General Government Operations,Revenue and grants, National Currency [PAK_GGO_RG_XDC]",2394122.0,million PKR,mof_general_govt_operations_sdmx,quarterly
2017-03-31,"Pakistan Definition,General Government Operations,Revenue and grants, National Currency [PAK_GGO_RG_XDC]",3606093.0,million PKR,mof_general_govt_operations_sdmx,quarterly
2017-06-30,"Pakistan Definition,General Government Operations,Revenue and grants, National Currency [PAK_GGO_RG_XDC]",5264969.0,million PKR,mof_general_govt_operations_sdmx,quarterly
2017-09-30,"Pakistan Definition,General Government Operations,Revenue and grants, National Currency [PAK_GGO_RG_XDC]",1110042.817,million PKR,mof_general_govt_operations_sdmx,quarterly
2017-12-31,"Pakistan Definition,General Government Operations,Revenue and grants, National Currency [PAK_GGO_RG_XDC]",2338474.0,million PKR,mof_general_govt_operations_sdmx,quarterly
2018-03-31,"Pakistan Definition,General Government Operations,Revenue and grants, National Currency [PAK_GGO_RG_XDC]",3600020.0,million PKR,mof_general_govt_operations_sdmx,quarterly
2018-06-30,"Pakistan Definition,General Government Operations,Revenue and grants, National Currency [PAK_GGO_RG_XDC]",4933747.0,million PKR,mof_general_govt_operations_sdmx,quarterly
2018-09-30,"Pakistan Definition,General Government Operations,Revenue and grants, National Currency [PAK_GGO_RG_XDC]",1497060.0,million PKR,mof_general_govt_operations_sdmx,quarterly
2018-12-31,"Pakistan Definition,General Government Operations,Revenue and grants, National Currency [PAK_GGO_RG_XDC]",3252499.0,million PKR,mof_general_govt_operations_sdmx,quarterly
2019-03-31,"Pakistan Definition,General Government Operations,Revenue and grants, National Currency [PAK_GGO_RG_XDC]",4714489.0,million PKR,mof_general_govt_operations_sdmx,quarterly
2019-06-30,"Pakistan Definition,General Government Operations,Revenue and grants, National Currency [PAK_GGO_RG_XDC]",6305651.0,million PKR,mof_general_govt_operations_sdmx,quarterly
2019-09-30,"Pakistan Definition,General Government Operations,Revenue and grants, National Currency [PAK_GGO_RG_XDC]",1488065.83,million PKR,mof_general_govt_operations_sdmx,quarterly
2019-12-31,"Pakistan Definition,General Government Operations,Revenue and grants, National Currency [PAK_GGO_RG_XDC]",3367111.1100000003,million PKR,mof_general_govt_operations_sdmx,quarterly
2020-03-31,"Pakistan Definition,General Government Operations,Revenue and grants, National Currency [PAK_GGO_RG_XDC]",5016776.1899999995,million PKR,mof_general_govt_operations_sdmx,quarterly
2020-06-30,"Pakistan Definition,General Government Operations,Revenue and grants, National Currency [PAK_GGO_RG_XDC]",6933984.59,million PKR,mof_general_govt_operations_sdmx,quarterly
2020-09-30,"Pakistan Definition,General Government Operations,Revenue and grants, National Currency [PAK_GGO_RG_XDC]",1825624.0,million PKR,mof_general_govt_operations_sdmx,quarterly
2020-12-31,"Pakistan Definition,General Government Operations,Revenue and grants, National Currency [PAK_GGO_RG_XDC]",3982274.0,million PKR,mof_general_govt_operations_sdmx,quarterly
2021-03-31,"Pakistan Definition,General Government Operations,Revenue and grants, National Currency [PAK_GGO_RG_XDC]",5909175.0,million PKR,mof_general_govt_operations_sdmx,quarterly
2021-06-30,"Pakistan Definition,General Government Operations,Revenue and grants, National Currency [PAK_GGO_RG_XDC]",8076791.0,million PKR,mof_general_govt_operations_sdmx,quarterly
2021-09-30,"Pakistan Definition,General Government Operations,Revenue and grants, National Currency [PAK_GGO_RG_XDC]",2022607.0,million PKR,mof_general_govt_operations_sdmx,quarterly
2021-12-31,"Pakistan Definition,General Government Operations,Revenue and grants, National Currency [PAK_GGO_RG_XDC]",4710923.58,million PKR,mof_general_govt_operations_sdmx,quarterly
2022-03-31,"Pakistan Definition,General Government Operations,Revenue and grants, National Currency [PAK_GGO_RG_XDC]",6965360.0,million PKR,mof_general_govt_operations_sdmx,quarterly
2022-06-30,"Pakistan Definition,General Government Operations,Revenue and grants, National Currency [PAK_GGO_RG_XDC]",9668084.0,million PKR,mof_general_govt_operations_sdmx,quarterly
2022-09-30,"Pakistan Definition,General Government Operations,Revenue and grants, National Currency [PAK_GGO_RG_XDC]",2690108.2,million PKR,mof_general_govt_operations_sdmx,quarterly
2022-12-31,"Pakistan Definition,General Government Operations,Revenue and grants, National Currency [PAK_GGO_RG_XDC]",6864554.75,million PKR,mof_general_govt_operations_sdmx,quarterly
2023-03-31,"Pakistan Definition,General Government Operations,Revenue and grants, National Currency [PAK_GGO_RG_XDC]",9798557.45,million PKR,mof_general_govt_operations_sdmx,quarterly
2023-06-30,"Pakistan Definition,General Government Operations,Revenue and grants, National Currency [PAK_GGO_RG_XDC]",13299640.038330998,million PKR,mof_general_govt_operations_sdmx,quarterly
2023-09-30,"Pakistan Definition,General Government Operations,Revenue and grants, National Currency [PAK_GGO_RG_XDC]",5838191.205150999,million PKR,mof_general_govt_operations_sdmx,quarterly
2023-12-31,"Pakistan Definition,General Government Operations,Revenue and grants, National Currency [PAK_GGO_RG_XDC]",9777257.766218,million PKR,mof_general_govt_operations_sdmx,quarterly
2024-03-31,"Pakistan Definition,General Government Operations,Revenue and grants, National Currency [PAK_GGO_RG_XDC]",13384959.271332,million PKR,mof_general_govt_operations_sdmx,quarterly
2024-06-30,"Pakistan Definition,General Government Operations,Revenue and grants, National Currency [PAK_GGO_RG_XDC]",18020540.193063892,million PKR,mof_general_govt_operations_sdmx,quarterly
2024-09-30,"Pakistan Definition,General Government Operations,Revenue and grants, National Currency [PAK_GGO_RG_XDC]",6203013.106151001,million PKR,mof_general_govt_operations_sdmx,quarterly
2024-12-31,"Pakistan Definition,General Government Operations,Revenue and grants, National Currency [PAK_GGO_RG_XDC]",10689672.156052066,million PKR,mof_general_govt_operations_sdmx,quarterly
2025-03-31,"Pakistan Definition,General Government Operations,Revenue and grants, National Currency [PAK_GGO_RG_XDC]",14808243.939087203,million PKR,mof_general_govt_operations_sdmx,quarterly
2016-09-30,"Pakistan Definition,General Government Operations,Revenue and grants, Revenue, National Currency [PAK_GGO_RG_R_XDC]",1025102.0,million PKR,mof_general_govt_operations_sdmx,quarterly
2016-12-31,"Pakistan Definition,General Government Operations,Revenue and grants, Revenue, National Currency [PAK_GGO_RG_R_XDC]",2384706.0,million PKR,mof_general_govt_operations_sdmx,quarterly
2017-03-31,"Pakistan Definition,General Government Operations,Revenue and grants, Revenue, National Currency [PAK_GGO_RG_R_XDC]",3582401.0,million PKR,mof_general_govt_operations_sdmx,quarterly
2017-06-30,"Pakistan Definition,General Government Operations,Revenue and grants, Revenue, National Currency [PAK_GGO_RG_R_XDC]",5228015.0,million PKR,mof_general_govt_operations_sdmx,quarterly
2017-09-30,"Pakistan Definition,General Government Operations,Revenue and grants, Revenue, National Currency [PAK_GGO_RG_R_XDC]",1102095.817,million PKR,mof_general_govt_operations_sdmx,quarterly
2017-12-31,"Pakistan Definition,General Government Operations,Revenue and grants, Revenue, National Currency [PAK_GGO_RG_R_XDC]",2327115.0,million PKR,mof_general_govt_operations_sdmx,quarterly
2018-03-31,"Pakistan Definition,General Government Operations,Revenue and grants, Revenue, National Currency [PAK_GGO_RG_R_XDC]",3583737.0,million PKR,mof_general_govt_operations_sdmx,quarterly
2018-06-30,"Pakistan Definition,General Government Operations,Revenue and grants, Revenue, National Currency [PAK_GGO_RG_R_XDC]",4900724.0,million PKR,mof_general_govt_operations_sdmx,quarterly
2018-09-30,"Pakistan Definition,General Government Operations,Revenue and grants, Revenue, National Currency [PAK_GGO_RG_R_XDC]",1489078.0,million PKR,mof_general_govt_operations_sdmx,quarterly
2018-12-31,"Pakistan Definition,General Government Operations,Revenue and grants, Revenue, National Currency [PAK_GGO_RG_R_XDC]",3231930.0,million PKR,mof_general_govt_operations_sdmx,quarterly
2019-03-31,"Pakistan Definition,General Government Operations,Revenue and grants, Revenue, National Currency [PAK_GGO_RG_R_XDC]",4689874.0,million PKR,mof_general_govt_operations_sdmx,quarterly
2019-06-30,"Pakistan Definition,General Government Operations,Revenue and grants, Revenue, National Currency [PAK_GGO_RG_R_XDC]",6272168.0,million PKR,mof_general_govt_operations_sdmx,quarterly
2019-09-30,"Pakistan Definition,General Government Operations,Revenue and grants, Revenue, National Currency [PAK_GGO_RG_R_XDC]",1478748.3,million PKR,mof_general_govt_operations_sdmx,quarterly
2019-12-31,"Pakistan Definition,General Government Operations,Revenue and grants, Revenue, National Currency [PAK_GGO_RG_R_XDC]",3351156.1100000003,million PKR,mof_general_govt_operations_sdmx,quarterly
2020-03-31,"Pakistan Definition,General Government Operations,Revenue and grants, Revenue, National Currency [PAK_GGO_RG_R_XDC]",4992555.1899999995,million PKR,mof_general_govt_operations_sdmx,quarterly
2020-06-30,"Pakistan Definition,General Government Operations,Revenue and grants, Revenue, National Currency [PAK_GGO_RG_R_XDC]",6903370.09,million PKR,mof_general_govt_operations_sdmx,quarterly
2020-09-30,"Pakistan Definition,General Government Operations,Revenue and grants, Revenue, National Currency [PAK_GGO_RG_R_XDC]",1808511.0,million PKR,mof_general_govt_operations_sdmx,quarterly
2020-12-31,"Pakistan Definition,General Government Operations,Revenue and grants, Revenue, National Currency [PAK_GGO_RG_R_XDC]",3955979.0,million PKR,mof_general_govt_operations_sdmx,quarterly
2021-03-31,"Pakistan Definition,General Government Operations,Revenue and grants, Revenue, National Currency [PAK_GGO_RG_R_XDC]",5874151.0,million PKR,mof_general_govt_operations_sdmx,quarterly
2021-06-30,"Pakistan Definition,General Government Operations,Revenue and grants, Revenue, National Currency [PAK_GGO_RG_R_XDC]",8035383.0,million PKR,mof_general_govt_operations_sdmx,quarterly
2021-09-30,"Pakistan Definition,General Government Operations,Revenue and grants, Revenue, National Currency [PAK_GGO_RG_R_XDC]",2016977.0,million PKR,mof_general_govt_operations_sdmx,quarterly
2021-12-31,"Pakistan Definition,General Government Operations,Revenue and grants, Revenue, National Currency [PAK_GGO_RG_R_XDC]",4698948.0,million PKR,mof_general_govt_operations_sdmx,quarterly
2022-03-31,"Pakistan Definition,General Government Operations,Revenue and grants, Revenue, National Currency [PAK_GGO_RG_R_XDC]",6938244.0,million PKR,mof_general_govt_operations_sdmx,quarterly
2022-06-30,"Pakistan Definition,General Government Operations,Revenue and grants, Revenue, National Currency [PAK_GGO_RG_R_XDC]",9633505.0,million PKR,mof_general_govt_operations_sdmx,quarterly
2022-09-30,"Pakistan Definition,General Government Operations,Revenue and grants, Revenue, National Currency [PAK_GGO_RG_R_XDC]",2685753.0,million PKR,mof_general_govt_operations_sdmx,quarterly
2022-12-31,"Pakistan Definition,General Government Operations,Revenue and grants, Revenue, National Currency [PAK_GGO_RG_R_XDC]",6853996.0,million PKR,mof_general_govt_operations_sdmx,quarterly
2023-03-31,"Pakistan Definition,General Government Operations,Revenue and grants, Revenue, National Currency [PAK_GGO_RG_R_XDC]",9780421.309999999,million PKR,mof_general_govt_operations_sdmx,quarterly
2023-06-30,"Pakistan Definition,General Government Operations,Revenue and grants, Revenue, National Currency [PAK_GGO_RG_R_XDC]",13269037.128330998,million PKR,mof_general_govt_operations_sdmx,quarterly
2023-09-30,"Pakistan Definition,General Government Operations,Revenue and grants, Revenue, National Currency [PAK_GGO_RG_R_XDC]",5827250.6051509995,million PKR,mof_general_govt_operations_sdmx,quarterly
2023-12-31,"Pakistan Definition,General Government Operations,Revenue and grants, Revenue, National Currency [PAK_GGO_RG_R_XDC]",9763762.336218,million PKR,mof_general_govt_operations_sdmx,quarterly
2024-03-31,"Pakistan Definition,General Government Operations,Revenue and grants, Revenue, National Currency [PAK_GGO_RG_R_XDC]",13366986.051331999,million PKR,mof_general_govt_operations_sdmx,quarterly
2024-06-30,"Pakistan Definition,General Government Operations,Revenue and grants, Revenue, National Currency [PAK_GGO_RG_R_XDC]",17997485.777782,million PKR,mof_general_govt_operations_sdmx,quarterly
2024-09-30,"Pakistan Definition,General Government Operations,Revenue and grants, Revenue, National Currency [PAK_GGO_RG_R_XDC]",6199723.426151001,million PKR,mof_general_govt_operations_sdmx,quarterly
2024-12-31,"Pakistan Definition,General Government Operations,Revenue and grants, Revenue, National Currency [PAK_GGO_RG_R_XDC]",10683551.94589,million PKR,mof_general_govt_operations_sdmx,quarterly
2025-03-31,"Pakistan Definition,General Government Operations,Revenue and grants, Revenue, National Currency [PAK_GGO_RG_R_XDC]",14799281.455343321,million PKR,mof_general_govt_operations_sdmx,quarterly
2016-09-30,"Pakistan Definition,General Government Operations,Revenue and grants, Revenue, Nontax revenue, Federal, Defense receipts, National Currency [PAK_GGO_RG_R_NTR_F_DR_XDC]",2679.0,million PKR,mof_general_govt_operations_sdmx,quarterly
2016-12-31,"Pakistan Definition,General Government Operations,Revenue and grants, Revenue, Nontax revenue, Federal, Defense receipts, National Currency [PAK_GGO_RG_R_NTR_F_DR_XDC]",6101.0,million PKR,mof_general_govt_operations_sdmx,quarterly
2017-03-31,"Pakistan Definition,General Government Operations,Revenue and grants, Revenue, Nontax revenue, Federal, Defense receipts, National Currency [PAK_GGO_RG_R_NTR_F_DR_XDC]",9300.0,million PKR,mof_general_govt_operations_sdmx,quarterly
2017-06-30,"Pakistan Definition,General Government Operations,Revenue and grants, Revenue, Nontax revenue, Federal, Defense receipts, National Currency [PAK_GGO_RG_R_NTR_F_DR_XDC]",12779.0,million PKR,mof_general_govt_operations_sdmx,quarterly
2017-09-30,"Pakistan Definition,General Government Operations,Revenue and grants, Revenue, Nontax revenue, Federal, Defense receipts, National Currency [PAK_GGO_RG_R_NTR_F_DR_XDC]",2430.0,million PKR,mof_general_govt_operations_sdmx,quarterly
2017-12-31,"Pakistan Definition,General Government Operations,Revenue and grants, Revenue, Nontax revenue, Federal, Defense receipts, National Currency [PAK_GGO_RG_R_NTR_F_DR_XDC]",6264.0,million PKR,mof_general_govt_operations_sdmx,quarterly
2018-03-31,"Pakistan Definition,General Government Operations,Revenue and grants, Revenue, Nontax revenue, Federal, Defense receipts, National Currency [PAK_GGO_RG_R_NTR_F_DR_XDC]",10745.0,million PKR,mof_general_govt_operations_sdmx,quarterly
2018-06-30,"Pakistan Definition,General Government Operations,Revenue and grants, Revenue, Nontax revenue, Federal, Defense receipts, National Currency [PAK_GGO_RG_R_NTR_F_DR_XDC]",15645.0,million PKR,mof_general_govt_operations_sdmx,quarterly
2018-09-30,"Pakistan Definition,General Government Operations,Revenue and grants, Revenue, Nontax revenue, Federal, Defense receipts, National Currency [PAK_GGO_RG_R_NTR_F_DR_XDC]",2610.0,million PKR,mof_general_govt_operations_sdmx,quarterly
2018-12-31,"Pakistan Definition,General Government Operations,Revenue and grants, Revenue, Nontax revenue, Federal, Defense receipts, National Currency [PAK_GGO_RG_R_NTR_F_DR_XDC]",6488.0,million PKR,mof_general_govt_operations_sdmx,quarterly
2019-03-31,"Pakistan Definition,General Government Operations,Revenue and grants, Revenue, Nontax revenue, Federal, Defense receipts, National Currency [PAK_GGO_RG_R_NTR_F_DR_XDC]",10843.0,million PKR,mof_general_govt_operations_sdmx,quarterly
2019-06-30,"Pakistan Definition,General Government Operations,Revenue and grants, Revenue, Nontax revenue, Federal, Defense receipts, National Currency [PAK_GGO_RG_R_NTR_F_DR_XDC]",14422.0,million PKR,mof_general_govt_operations_sdmx,quarterly
2019-09-30,"Pakistan Definition,General Government Operations,Revenue and grants, Revenue, Nontax revenue, Federal, Defense receipts, National Currency [PAK_GGO_RG_R_NTR_F_DR_XDC]",2880.0,million PKR,mof_general_govt_operations_sdmx,quarterly
2019-12-31,"Pakistan Definition,General Government Operations,Revenue and grants, Revenue, Nontax revenue, Federal, Defense receipts, National Currency [PAK_GGO_RG_R_NTR_F_DR_XDC]",6533.0,million PKR,mof_general_govt_operations_sdmx,quarterly
2020-03-31,"Pakistan Definition,General Government Operations,Revenue and grants, Revenue, Nontax revenue, Federal, Defense receipts, National Currency [PAK_GGO_RG_R_NTR_F_DR_XDC]",10544.0,million PKR,mof_general_govt_operations_sdmx,quarterly
2020-06-30,"Pakistan Definition,General Government Operations,Revenue and grants, Revenue, Nontax revenue, Federal, Defense receipts, National Currency [PAK_GGO_RG_R_NTR_F_DR_XDC]",14856.0,million PKR,mof_general_govt_operations_sdmx,quarterly
2020-09-30,"Pakistan Definition,General Government Operations,Revenue and grants, Revenue, Nontax revenue, Federal, Defense receipts, National Currency [PAK_GGO_RG_R_NTR_F_DR_XDC]",2843.0,million PKR,mof_general_govt_operations_sdmx,quarterly
2020-12-31,"Pakistan Definition,General Government Operations,Revenue and grants, Revenue, Nontax revenue, Federal, Defense receipts, National Currency [PAK_GGO_RG_R_NTR_F_DR_XDC]",7749.0,million PKR,mof_general_govt_operations_sdmx,quarterly
2021-03-31,"Pakistan Definition,General Government Operations,Revenue and grants, Revenue, Nontax revenue, Federal, Defense receipts, National Currency [PAK_GGO_RG_R_NTR_F_DR_XDC]",12152.0,million PKR,mof_general_govt_operations_sdmx,quarterly
2021-06-30,"Pakistan Definition,General Government Operations,Revenue and grants, Revenue, Nontax revenue, Federal, Defense receipts, National Currency [PAK_GGO_RG_R_NTR_F_DR_XDC]",17261.0,million PKR,mof_general_govt_operations_sdmx,quarterly
2021-09-30,"Pakistan Definition,General Government Operations,Revenue and grants, Revenue, Nontax revenue, Federal, Defense receipts, National Currency [PAK_GGO_RG_R_NTR_F_DR_XDC]",3794.0,million PKR,mof_general_govt_operations_sdmx,quarterly
2021-12-31,"Pakistan Definition,General Government Operations,Revenue and grants, Revenue, Nontax revenue, Federal, Defense receipts, National Currency [PAK_GGO_RG_R_NTR_F_DR_XDC]",9261.0,million PKR,mof_general_govt_operations_sdmx,quarterly
2022-03-31,"Pakistan Definition,General Government Operations,Revenue and grants, Revenue, Nontax revenue, Federal, Defense receipts, National Currency [PAK_GGO_RG_R_NTR_F_DR_XDC]",14250.0,million PKR,mof_general_govt_operations_sdmx,quarterly
2022-06-30,"Pakistan Definition,General Government Operations,Revenue and grants, Revenue, Nontax revenue, Federal, Defense receipts, National Currency [PAK_GGO_RG_R_NTR_F_DR_XDC]",21133.0,million PKR,mof_general_govt_operations_sdmx,quarterly
2022-09-30,"Pakistan Definition,General Government Operations,Revenue and grants, Revenue, Nontax revenue, Federal, Defense receipts, National Currency [PAK_GGO_RG_R_NTR_F_DR_XDC]",6600.0,million PKR,mof_general_govt_operations_sdmx,quarterly
2022-12-31,"Pakistan Definition,General Government Operations,Revenue and grants, Revenue, Nontax revenue, Federal, Defense receipts, National Currency [PAK_GGO_RG_R_NTR_F_DR_XDC]",14235.0,million PKR,mof_general_govt_operations_sdmx,quarterly
2023-03-31,"Pakistan Definition,General Government Operations,Revenue and grants, Revenue, Nontax revenue, Federal, Defense receipts, National Currency [PAK_GGO_RG_R_NTR_F_DR_XDC]",22331.37,million PKR,mof_general_govt_operations_sdmx,quarterly
2023-06-30,"Pakistan Definition,General Government Operations,Revenue and grants, Revenue, Nontax revenue, Federal, Defense receipts, National Currency [PAK_GGO_RG_R_NTR_F_DR_XDC]",30615.817945,million PKR,mof_general_govt_operations_sdmx,quarterly
2023-09-30,"Pakistan Definition,General Government Operations,Revenue and grants, Revenue, Nontax revenue, Federal, Defense receipts, National Currency [PAK_GGO_RG_R_NTR_F_DR_XDC]",6066.989493,million PKR,mof_general_govt_operations_sdmx,quarterly
2023-12-31,"Pakistan Definition,General Government Operations,Revenue and grants, Revenue, Nontax revenue, Federal, Defense receipts, National Currency [PAK_GGO_RG_R_NTR_F_DR_XDC]",14668.592197,million PKR,mof_general_govt_operations_sdmx,quarterly
2024-03-31,"Pakistan Definition,General Government Operations,Revenue and grants, Revenue, Nontax revenue, Federal, Defense receipts, National Currency [PAK_GGO_RG_R_NTR_F_DR_XDC]",23796.664814,million PKR,mof_general_govt_operations_sdmx,quarterly
2024-06-30,"Pakistan Definition,General Government Operations,Revenue and grants, Revenue, Nontax revenue, Federal, Defense receipts, National Currency [PAK_GGO_RG_R_NTR_F_DR_XDC]",31373.738115,million PKR,mof_general_govt_operations_sdmx,quarterly
2024-09-30,"Pakistan Definition,General Government Operations,Revenue and grants, Revenue, Nontax revenue, Federal, Defense receipts, National Currency [PAK_GGO_RG_R_NTR_F_DR_XDC]",6486.982178,million PKR,mof_general_govt_operations_sdmx,quarterly
2024-12-31,"Pakistan Definition,General Government Operations,Revenue and grants, Revenue, Nontax revenue, Federal, Defense receipts, National Currency [PAK_GGO_RG_R_NTR_F_DR_XDC]",13604.071775,million PKR,mof_general_govt_operations_sdmx,quarterly
2025-03-31,"Pakistan Definition,General Government Operations,Revenue and grants, Revenue, Nontax revenue, Federal, Defense receipts, National Currency [PAK_GGO_RG_R_NTR_F_DR_XDC]",19784.862831,million PKR,mof_general_govt_operations_sdmx,quarterly
2016-09-30,"Pakistan Definition,General Government Operations,Revenue and grants, Revenue, Nontax revenue, Federal, Defense receipts, Other, National Currency [PAK_GGO_RG_R_NTR_F_DR_O_XDC]",12669.0,million PKR,mof_general_govt_operations_sdmx,quarterly
2016-12-31,"Pakistan Definition,General Government Operations,Revenue and grants, Revenue, Nontax revenue, Federal, Defense receipts, Other, National Currency [PAK_GGO_RG_R_NTR_F_DR_O_XDC]",81324.0,million PKR,mof_general_govt_operations_sdmx,quarterly
2017-03-31,"Pakistan Definition,General Government Operations,Revenue and grants, Revenue, Nontax revenue, Federal, Defense receipts, Other, National Currency [PAK_GGO_RG_R_NTR_F_DR_O_XDC]",99833.0,million PKR,mof_general_govt_operations_sdmx,quarterly
2017-06-30,"Pakistan Definition,General Government Operations,Revenue and grants, Revenue, Nontax revenue, Federal, Defense receipts, Other, National Currency [PAK_GGO_RG_R_NTR_F_DR_O_XDC]",119915.0,million PKR,mof_general_govt_operations_sdmx,quarterly
2017-09-30,"Pakistan Definition,General Government Operations,Revenue and grants, Revenue, Nontax revenue, Federal, Defense receipts, Other, National Currency [PAK_GGO_RG_R_NTR_F_DR_O_XDC]",15253.0,million PKR,mof_general_govt_operations_sdmx,quarterly
2017-12-31,"Pakistan Definition,General Government Operations,Revenue and grants, Revenue, Nontax revenue, Federal, Defense receipts, Other, National Currency [PAK_GGO_RG_R_NTR_F_DR_O_XDC]",31853.0,million PKR,mof_general_govt_operations_sdmx,quarterly
2018-03-31,"Pakistan Definition,General Government Operations,Revenue and grants, Revenue, Nontax revenue, Federal, Defense receipts, Other, National Currency [PAK_GGO_RG_R_NTR_F_DR_O_XDC]",50042.0,million PKR,mof_general_govt_operations_sdmx,quarterly
2018-06-30,"Pakistan Definition,General Government Operations,Revenue and grants, Revenue, Nontax revenue, Federal, Defense receipts, Other, National Currency [PAK_GGO_RG_R_NTR_F_DR_O_XDC]",66093.0,million PKR,mof_general_govt_operations_sdmx,quarterly
2018-09-30,"Pakistan Definition,General Government Operations,Revenue and grants, Revenue, Nontax revenue, Federal, Defense receipts, Other, National Currency [PAK_GGO_RG_R_NTR_F_DR_O_XDC]",15022.0,million PKR,mof_general_govt_operations_sdmx,quarterly
2018-12-31,"Pakistan Definition,General Government Operations,Revenue and grants, Revenue, Nontax revenue, Federal, Defense receipts, Other, National Currency [PAK_GGO_RG_R_NTR_F_DR_O_XDC]",42351.0,million PKR,mof_general_govt_operations_sdmx,quarterly
2019-03-31,"Pakistan Definition,General Government Operations,Revenue and grants, Revenue, Nontax revenue, Federal, Defense receipts, Other, National Currency [PAK_GGO_RG_R_NTR_F_DR_O_XDC]",62734.0,million PKR,mof_general_govt_operations_sdmx,quarterly
2019-06-30,"Pakistan Definition,General Government Operations,Revenue and grants, Revenue, Nontax revenue, Federal, Defense receipts, Other, National Currency [PAK_GGO_RG_R_NTR_F_DR_O_XDC]",84512.0,million PKR,mof_general_govt_operations_sdmx,quarterly
2019-09-30,"Pakistan Definition,General Government Operations,Revenue and grants, Revenue, Nontax revenue, Federal, Defense receipts, Other, National Currency [PAK_GGO_RG_R_NTR_F_DR_O_XDC]",19925.0,million PKR,mof_general_govt_operations_sdmx,quarterly
2019-12-31,"Pakistan Definition,General Government Operations,Revenue and grants, Revenue, Nontax revenue, Federal, Defense receipts, Other, National Currency [PAK_GGO_RG_R_NTR_F_DR_O_XDC]",41177.91,million PKR,mof_general_govt_operations_sdmx,quarterly
2020-03-31,"Pakistan Definition,General Government Operations,Revenue and grants, Revenue, Nontax revenue, Federal, Defense receipts, Other, National Currency [PAK_GGO_RG_R_NTR_F_DR_O_XDC]",57885.39,million PKR,mof_general_govt_operations_sdmx,quarterly
2020-06-30,"Pakistan Definition,General Government Operations,Revenue and grants, Revenue, Nontax revenue, Federal, Defense receipts, Other, National Currency [PAK_GGO_RG_R_NTR_F_DR_O_XDC]",75070.0,million PKR,mof_general_govt_operations_sdmx,quarterly
2020-09-30,"Pakistan Definition,General Government Operations,Revenue and grants, Revenue, Nontax revenue, Federal, Defense receipts, Other, National Currency [PAK_GGO_RG_R_NTR_F_DR_O_XDC]",14622.0,million PKR,mof_general_govt_operations_sdmx,quarterly
2020-12-31,"Pakistan Definition,General Government Operations,Revenue and grants, Revenue, Nontax revenue, Federal, Defense receipts, Other, National Currency [PAK_GGO_RG_R_NTR_F_DR_O_XDC]",48560.0,million PKR,mof_general_govt_operations_sdmx,quarterly
2021-03-31,"Pakistan Definition,General Government Operations,Revenue and grants, Revenue, Nontax revenue, Federal, Defense receipts, Other, National Currency [PAK_GGO_RG_R_NTR_F_DR_O_XDC]",70693.0,million PKR,mof_general_govt_operations_sdmx,quarterly
2021-06-30,"Pakistan Definition,General Government Operations,Revenue and grants, Revenue, Nontax revenue, Federal, Defense receipts, Other, National Currency [PAK_GGO_RG_R_NTR_F_DR_O_XDC]",95470.0,million PKR,mof_general_govt_operations_sdmx,quarterly
2021-09-30,"Pakistan Definition,General Government Operations,Revenue and grants, Revenue, Nontax revenue, Federal, Defense receipts, Other, National Currency [PAK_GGO_RG_R_NTR_F_DR_O_XDC]",34733.0,million PKR,mof_general_govt_operations_sdmx,quarterly
2021-12-31,"Pakistan Definition,General Government Operations,Revenue and grants, Revenue, Nontax revenue, Federal, Defense receipts, Other, National Currency [PAK_GGO_RG_R_NTR_F_DR_O_XDC]",62824.0,million PKR,mof_general_govt_operations_sdmx,quarterly
2022-03-31,"Pakistan Definition,General Government Operations,Revenue and grants, Revenue, Nontax revenue, Federal, Defense receipts, Other, National Currency [PAK_GGO_RG_R_NTR_F_DR_O_XDC]",85800.0,million PKR,mof_general_govt_operations_sdmx,quarterly
2022-06-30,"Pakistan Definition,General Government Operations,Revenue and grants, Revenue, Nontax revenue, Federal, Defense receipts, Other, National Currency [PAK_GGO_RG_R_NTR_F_DR_O_XDC]",134218.0,million PKR,mof_general_govt_operations_sdmx,quarterly
2022-09-30,"Pakistan Definition,General Government Operations,Revenue and grants, Revenue, Nontax revenue, Federal, Defense receipts, Other, National Currency [PAK_GGO_RG_R_NTR_F_DR_O_XDC]",28275.0,million PKR,mof_general_govt_operations_sdmx,quarterly
2022-12-31,"Pakistan Definition,General Government Operations,Revenue and grants, Revenue, Nontax revenue, Federal, Defense receipts, Other, National Currency [PAK_GGO_RG_R_NTR_F_DR_O_XDC]",68528.0,million PKR,mof_general_govt_operations_sdmx,quarterly
2023-03-31,"Pakistan Definition,General Government Operations,Revenue and grants, Revenue, Nontax revenue, Federal, Defense receipts, Other, National Currency [PAK_GGO_RG_R_NTR_F_DR_O_XDC]",106868.62,million PKR,mof_general_govt_operations_sdmx,quarterly
2023-06-30,"Pakistan Definition,General Government Operations,Revenue and grants, Revenue, Nontax revenue, Federal, Defense receipts, Other, National Currency [PAK_GGO_RG_R_NTR_F_DR_O_XDC]",128160.30938499999,million PKR,mof_general_govt_operations_sdmx,quarterly
2023-09-30,"Pakistan Definition,General Government Operations,Revenue and grants, Revenue, Nontax revenue, Federal, Defense receipts, Other, National Currency [PAK_GGO_RG_R_NTR_F_DR_O_XDC]",47744.617627,million PKR,mof_general_govt_operations_sdmx,quarterly
2023-12-31,"Pakistan Definition,General Government Operations,Revenue and grants, Revenue, Nontax revenue, Federal, Defense receipts, Other, National Currency [PAK_GGO_RG_R_NTR_F_DR_O_XDC]",89074.60348900002,million PKR,mof_general_govt_operations_sdmx,quarterly
2024-03-31,"Pakistan Definition,General Government Operations,Revenue and grants, Revenue, Nontax revenue, Federal, Defense receipts, Other, National Currency [PAK_GGO_RG_R_NTR_F_DR_O_XDC]",111528.668611,million PKR,mof_general_govt_operations_sdmx,quarterly
2024-06-30,"Pakistan Definition,General Government Operations,Revenue and grants, Revenue, Nontax revenue, Federal, Defense receipts, Other, National Currency [PAK_GGO_RG_R_NTR_F_DR_O_XDC]",254797.161647,million PKR,mof_general_govt_operations_sdmx,quarterly
2024-09-30,"Pakistan Definition,General Government Operations,Revenue and grants, Revenue, Nontax revenue, Federal, Defense receipts, Other, National Currency [PAK_GGO_RG_R_NTR_F_DR_O_XDC]",38735.267704000005,million PKR,mof_general_govt_operations_sdmx,quarterly
2024-12-31,"Pakistan Definition,General Government Operations,Revenue and grants, Revenue, Nontax revenue, Federal, Defense receipts, Other, National Currency [PAK_GGO_RG_R_NTR_F_DR_O_XDC]",144846.26463500003,million PKR,mof_general_govt_operations_sdmx,quarterly
2025-03-31,"Pakistan Definition,General Government Operations,Revenue and grants, Revenue, Nontax revenue, Federal, Defense receipts, Other, National Currency [PAK_GGO_RG_R_NTR_F_DR_O_XDC]",181469.32389532,million PKR,mof_general_govt_operations_sdmx,quarterly
2016-09-30,"Pakistan Definition,General Government Operations,Revenue and grants, Revenue, Nontax revenue, Federal, National Currency [PAK_GGO_RG_R_NTR_F_XDC]",86368.0,million PKR,mof_general_govt_operations_sdmx,quarterly
2016-12-31,"Pakistan Definition,General Government Operations,Revenue and grants, Revenue, Nontax revenue, Federal, National Currency [PAK_GGO_RG_R_NTR_F_XDC]",293292.0,million PKR,mof_general_govt_operations_sdmx,quarterly
2017-03-31,"Pakistan Definition,General Government Operations,Revenue and grants, Revenue, Nontax revenue, Federal, National Currency [PAK_GGO_RG_R_NTR_F_XDC]",379529.0,million PKR,mof_general_govt_operations_sdmx,quarterly
2017-06-30,"Pakistan Definition,General Government Operations,Revenue and grants, Revenue, Nontax revenue, Federal, National Currency [PAK_GGO_RG_R_NTR_F_XDC]",614157.0,million PKR,mof_general_govt_operations_sdmx,quarterly
2017-09-30,"Pakistan Definition,General Government Operations,Revenue and grants, Revenue, Nontax revenue, Federal, National Currency [PAK_GGO_RG_R_NTR_F_XDC]",112280.0,million PKR,mof_general_govt_operations_sdmx,quarterly
2017-12-31,"Pakistan Definition,General Government Operations,Revenue and grants, Revenue, Nontax revenue, Federal, National Currency [PAK_GGO_RG_R_NTR_F_XDC]",215355.0,million PKR,mof_general_govt_operations_sdmx,quarterly
2018-03-31,"Pakistan Definition,General Government Operations,Revenue and grants, Revenue, Nontax revenue, Federal, National Currency [PAK_GGO_RG_R_NTR_F_XDC]",356305.0,million PKR,mof_general_govt_operations_sdmx,quarterly
2018-06-30,"Pakistan Definition,General Government Operations,Revenue and grants, Revenue, Nontax revenue, Federal, National Currency [PAK_GGO_RG_R_NTR_F_XDC]",341006.0,million PKR,mof_general_govt_operations_sdmx,quarterly
2018-09-30,"Pakistan Definition,General Government Operations,Revenue and grants, Revenue, Nontax revenue, Federal, National Currency [PAK_GGO_RG_R_NTR_F_XDC]",315199.0,million PKR,mof_general_govt_operations_sdmx,quarterly
2018-12-31,"Pakistan Definition,General Government Operations,Revenue and grants, Revenue, Nontax revenue, Federal, National Currency [PAK_GGO_RG_R_NTR_F_XDC]",706793.0,million PKR,mof_general_govt_operations_sdmx,quarterly
2019-03-31,"Pakistan Definition,General Government Operations,Revenue and grants, Revenue, Nontax revenue, Federal, National Currency [PAK_GGO_RG_R_NTR_F_XDC]",1015939.0,million PKR,mof_general_govt_operations_sdmx,quarterly
2019-06-30,"Pakistan Definition,General Government Operations,Revenue and grants, Revenue, Nontax revenue, Federal, National Currency [PAK_GGO_RG_R_NTR_F_XDC]",1421977.0,million PKR,mof_general_govt_operations_sdmx,quarterly
2019-09-30,"Pakistan Definition,General Government Operations,Revenue and grants, Revenue, Nontax revenue, Federal, National Currency [PAK_GGO_RG_R_NTR_F_XDC]",182498.0,million PKR,mof_general_govt_operations_sdmx,quarterly
2019-12-31,"Pakistan Definition,General Government Operations,Revenue and grants, Revenue, Nontax revenue, Federal, National Currency [PAK_GGO_RG_R_NTR_F_XDC]",541888.91,million PKR,mof_general_govt_operations_sdmx,quarterly
2020-03-31,"Pakistan Definition,General Government Operations,Revenue and grants, Revenue, Nontax revenue, Federal, National Currency [PAK_GGO_RG_R_NTR_F_XDC]",730779.39,million PKR,mof_general_govt_operations_sdmx,quarterly
2020-06-30,"Pakistan Definition,General Government Operations,Revenue and grants, Revenue, Nontax revenue, Federal, National Currency [PAK_GGO_RG_R_NTR_F_XDC]",996914.0,million PKR,mof_general_govt_operations_sdmx,quarterly
2020-09-30,"Pakistan Definition,General Government Operations,Revenue and grants, Revenue, Nontax revenue, Federal, National Currency [PAK_GGO_RG_R_NTR_F_XDC]",211596.0,million PKR,mof_general_govt_operations_sdmx,quarterly
2020-12-31,"Pakistan Definition,General Government Operations,Revenue and grants, Revenue, Nontax revenue, Federal, National Currency [PAK_GGO_RG_R_NTR_F_XDC]",595939.0,million PKR,mof_general_govt_operations_sdmx,quarterly
2021-03-31,"Pakistan Definition,General Government Operations,Revenue and grants, Revenue, Nontax revenue, Federal, National Currency [PAK_GGO_RG_R_NTR_F_XDC]",785241.0,million PKR,mof_general_govt_operations_sdmx,quarterly
2021-06-30,"Pakistan Definition,General Government Operations,Revenue and grants, Revenue, Nontax revenue, Federal, National Currency [PAK_GGO_RG_R_NTR_F_XDC]",963775.0,million PKR,mof_general_govt_operations_sdmx,quarterly
2021-09-30,"Pakistan Definition,General Government Operations,Revenue and grants, Revenue, Nontax revenue, Federal, National Currency [PAK_GGO_RG_R_NTR_F_XDC]",141710.0,million PKR,mof_general_govt_operations_sdmx,quarterly
2021-12-31,"Pakistan Definition,General Government Operations,Revenue and grants, Revenue, Nontax revenue, Federal, National Currency [PAK_GGO_RG_R_NTR_F_XDC]",693065.0,million PKR,mof_general_govt_operations_sdmx,quarterly
2022-03-31,"Pakistan Definition,General Government Operations,Revenue and grants, Revenue, Nontax revenue, Federal, National Currency [PAK_GGO_RG_R_NTR_F_XDC]",819671.0,million PKR,mof_general_govt_operations_sdmx,quarterly
2022-06-30,"Pakistan Definition,General Government Operations,Revenue and grants, Revenue, Nontax revenue, Federal, National Currency [PAK_GGO_RG_R_NTR_F_XDC]",1030101.0,million PKR,mof_general_govt_operations_sdmx,quarterly
2022-09-30,"Pakistan Definition,General Government Operations,Revenue and grants, Revenue, Nontax revenue, Federal, National Currency [PAK_GGO_RG_R_NTR_F_XDC]",207254.0,million PKR,mof_general_govt_operations_sdmx,quarterly
2022-12-31,"Pakistan Definition,General Government Operations,Revenue and grants, Revenue, Nontax revenue, Federal, National Currency [PAK_GGO_RG_R_NTR_F_XDC]",1451881.0,million PKR,mof_general_govt_operations_sdmx,quarterly
2023-03-31,"Pakistan Definition,General Government Operations,Revenue and grants, Revenue, Nontax revenue, Federal, National Currency [PAK_GGO_RG_R_NTR_F_XDC]",1602817.98,million PKR,mof_general_govt_operations_sdmx,quarterly
2023-06-30,"Pakistan Definition,General Government Operations,Revenue and grants, Revenue, Nontax revenue, Federal, National Currency [PAK_GGO_RG_R_NTR_F_XDC]",1886520.5901489998,million PKR,mof_general_govt_operations_sdmx,quarterly
2023-09-30,"Pakistan Definition,General Government Operations,Revenue and grants, Revenue, Nontax revenue, Federal, National Currency [PAK_GGO_RG_R_NTR_F_XDC]",2718276.6145959995,million PKR,mof_general_govt_operations_sdmx,quarterly
2023-12-31,"Pakistan Definition,General Government Operations,Revenue and grants, Revenue, Nontax revenue, Federal, National Currency [PAK_GGO_RG_R_NTR_F_XDC]",2963785.8491610005,million PKR,mof_general_govt_operations_sdmx,quarterly
2024-03-31,"Pakistan Definition,General Government Operations,Revenue and grants, Revenue, Nontax revenue, Federal, National Currency [PAK_GGO_RG_R_NTR_F_XDC]",3136159.8395519997,million PKR,mof_general_govt_operations_sdmx,quarterly
2024-06-30,"Pakistan Definition,General Government Operations,Revenue and grants, Revenue, Nontax revenue, Federal, National Currency [PAK_GGO_RG_R_NTR_F_XDC]",3668436.250219,million PKR,mof_general_govt_operations_sdmx,quarterly
2024-09-30,"Pakistan Definition,General Government Operations,Revenue and grants, Revenue, Nontax revenue, Federal, National Currency [PAK_GGO_RG_R_NTR_F_XDC]",2581513.6047920003,million PKR,mof_general_govt_operations_sdmx,quarterly
2024-12-31,"Pakistan Definition,General Government Operations,Revenue and grants, Revenue, Nontax revenue, Federal, National Currency [PAK_GGO_RG_R_NTR_F_XDC]",2882192.1039299998,million PKR,mof_general_govt_operations_sdmx,quarterly
2025-03-31,"Pakistan Definition,General Government Operations,Revenue and grants, Revenue, Nontax revenue, Federal, National Currency [PAK_GGO_RG_R_NTR_F_XDC]",3012544.02112732,million PKR,mof_general_govt_operations_sdmx,quarterly
2016-09-30,"Pakistan Definition,General Government Operations,Revenue and grants, Revenue, Nontax revenue, Federal, Oil and gas royalties, National Currency [PAK_GGO_RG_R_NTR_F_OGR_XDC]",13005.0,million PKR,mof_general_govt_operations_sdmx,quarterly
2016-12-31,"Pakistan Definition,General Government Operations,Revenue and grants, Revenue, Nontax revenue, Federal, Oil and gas royalties, National Currency [PAK_GGO_RG_R_NTR_F_OGR_XDC]",26615.0,million PKR,mof_general_govt_operations_sdmx,quarterly
2017-03-31,"Pakistan Definition,General Government Operations,Revenue and grants, Revenue, Nontax revenue, Federal, Oil and gas royalties, National Currency [PAK_GGO_RG_R_NTR_F_OGR_XDC]",42392.0,million PKR,mof_general_govt_operations_sdmx,quarterly
2017-06-30,"Pakistan Definition,General Government Operations,Revenue and grants, Revenue, Nontax revenue, Federal, Oil and gas royalties, National Currency [PAK_GGO_RG_R_NTR_F_OGR_XDC]",58216.0,million PKR,mof_general_govt_operations_sdmx,quarterly
2017-09-30,"Pakistan Definition,General Government Operations,Revenue and grants, Revenue, Nontax revenue, Federal, Oil and gas royalties, National Currency [PAK_GGO_RG_R_NTR_F_OGR_XDC]",23642.0,million PKR,mof_general_govt_operations_sdmx,quarterly
2017-12-31,"Pakistan Definition,General Government Operations,Revenue and grants, Revenue, Nontax revenue, Federal, Oil and gas royalties, National Currency [PAK_GGO_RG_R_NTR_F_OGR_XDC]",41862.0,million PKR,mof_general_govt_operations_sdmx,quarterly
2018-03-31,"Pakistan Definition,General Government Operations,Revenue and grants, Revenue, Nontax revenue, Federal, Oil and gas royalties, National Currency [PAK_GGO_RG_R_NTR_F_OGR_XDC]",61759.0,million PKR,mof_general_govt_operations_sdmx,quarterly
2018-06-30,"Pakistan Definition,General Government Operations,Revenue and grants, Revenue, Nontax revenue, Federal, Oil and gas royalties, National Currency [PAK_GGO_RG_R_NTR_F_OGR_XDC]",87895.0,million PKR,mof_general_govt_operations_sdmx,quarterly
2018-09-30,"Pakistan Definition,General Government Operations,Revenue and grants, Revenue, Nontax revenue, Federal, Oil and gas royalties, National Currency [PAK_GGO_RG_R_NTR_F_OGR_XDC]",23770.0,million PKR,mof_general_govt_operations_sdmx,quarterly
2018-12-31,"Pakistan Definition,General Government Operations,Revenue and grants, Revenue, Nontax revenue, Federal, Oil and gas royalties, National Currency [PAK_GGO_RG_R_NTR_F_OGR_XDC]",43836.0,million PKR,mof_general_govt_operations_sdmx,quarterly
2019-03-31,"Pakistan Definition,General Government Operations,Revenue and grants, Revenue, Nontax revenue, Federal, Oil and gas royalties, National Currency [PAK_GGO_RG_R_NTR_F_OGR_XDC]",65590.0,million PKR,mof_general_govt_operations_sdmx,quarterly
2019-06-30,"Pakistan Definition,General Government Operations,Revenue and grants, Revenue, Nontax revenue, Federal, Oil and gas royalties, National Currency [PAK_GGO_RG_R_NTR_F_OGR_XDC]",79378.0,million PKR,mof_general_govt_operations_sdmx,quarterly
2019-09-30,"Pakistan Definition,General Government Operations,Revenue and grants, Revenue, Nontax revenue, Federal, Oil and gas royalties, National Currency [PAK_GGO_RG_R_NTR_F_OGR_XDC]",14638.0,million PKR,mof_general_govt_operations_sdmx,quarterly
2019-12-31,"Pakistan Definition,General Government Operations,Revenue and grants, Revenue, Nontax revenue, Federal, Oil and gas royalties, National Currency [PAK_GGO_RG_R_NTR_F_OGR_XDC]",35141.0,million PKR,mof_general_govt_operations_sdmx,quarterly
2020-03-31,"Pakistan Definition,General Government Operations,Revenue and grants, Revenue, Nontax revenue, Federal, Oil and gas royalties, National Currency [PAK_GGO_RG_R_NTR_F_OGR_XDC]",53321.0,million PKR,mof_general_govt_operations_sdmx,quarterly
2020-06-30,"Pakistan Definition,General Government Operations,Revenue and grants, Revenue, Nontax revenue, Federal, Oil and gas royalties, National Currency [PAK_GGO_RG_R_NTR_F_OGR_XDC]",70889.0,million PKR,mof_general_govt_operations_sdmx,quarterly
2020-09-30,"Pakistan Definition,General Government Operations,Revenue and grants, Revenue, Nontax revenue, Federal, Oil and gas royalties, National Currency [PAK_GGO_RG_R_NTR_F_OGR_XDC]",21742.0,million PKR,mof_general_govt_operations_sdmx,quarterly
2020-12-31,"Pakistan Definition,General Government Operations,Revenue and grants, Revenue, Nontax revenue, Federal, Oil and gas royalties, National Currency [PAK_GGO_RG_R_NTR_F_OGR_XDC]",39074.0,million PKR,mof_general_govt_operations_sdmx,quarterly
2021-03-31,"Pakistan Definition,General Government Operations,Revenue and grants, Revenue, Nontax revenue, Federal, Oil and gas royalties, National Currency [PAK_GGO_RG_R_NTR_F_OGR_XDC]",61664.0,million PKR,mof_general_govt_operations_sdmx,quarterly
2021-06-30,"Pakistan Definition,General Government Operations,Revenue and grants, Revenue, Nontax revenue, Federal, Oil and gas royalties, National Currency [PAK_GGO_RG_R_NTR_F_OGR_XDC]",90842.0,million PKR,mof_general_govt_operations_sdmx,quarterly
2021-09-30,"Pakistan Definition,General Government Operations,Revenue and grants, Revenue, Nontax revenue, Federal, Oil and gas royalties, National Currency [PAK_GGO_RG_R_NTR_F_OGR_XDC]",20672.0,million PKR,mof_general_govt_operations_sdmx,quarterly
2021-12-31,"Pakistan Definition,General Government Operations,Revenue and grants, Revenue, Nontax revenue, Federal, Oil and gas royalties, National Currency [PAK_GGO_RG_R_NTR_F_OGR_XDC]",56675.0,million PKR,mof_general_govt_operations_sdmx,quarterly
2022-03-31,"Pakistan Definition,General Government Operations,Revenue and grants, Revenue, Nontax revenue, Federal, Oil and gas royalties, National Currency [PAK_GGO_RG_R_NTR_F_OGR_XDC]",88530.0,million PKR,mof_general_govt_operations_sdmx,quarterly
2022-06-30,"Pakistan Definition,General Government Operations,Revenue and grants, Revenue, Nontax revenue, Federal, Oil and gas royalties, National Currency [PAK_GGO_RG_R_NTR_F_OGR_XDC]",120313.0,million PKR,mof_general_govt_operations_sdmx,quarterly
2022-09-30,"Pakistan Definition,General Government Operations,Revenue and grants, Revenue, Nontax revenue, Federal, Oil and gas royalties, National Currency [PAK_GGO_RG_R_NTR_F_OGR_XDC]",41652.0,million PKR,mof_general_govt_operations_sdmx,quarterly
2022-12-31,"Pakistan Definition,General Government Operations,Revenue and grants, Revenue, Nontax revenue, Federal, Oil and gas royalties, National Currency [PAK_GGO_RG_R_NTR_F_OGR_XDC]",87464.0,million PKR,mof_general_govt_operations_sdmx,quarterly
2023-03-31,"Pakistan Definition,General Government Operations,Revenue and grants, Revenue, Nontax revenue, Federal, Oil and gas royalties, National Currency [PAK_GGO_RG_R_NTR_F_OGR_XDC]",127851.55,million PKR,mof_general_govt_operations_sdmx,quarterly
2023-06-30,"Pakistan Definition,General Government Operations,Revenue and grants, Revenue, Nontax revenue, Federal, Oil and gas royalties, National Currency [PAK_GGO_RG_R_NTR_F_OGR_XDC]",165367.635059,million PKR,mof_general_govt_operations_sdmx,quarterly
2023-09-30,"Pakistan Definition,General Government Operations,Revenue and grants, Revenue, Nontax revenue, Federal, Oil and gas royalties, National Currency [PAK_GGO_RG_R_NTR_F_OGR_XDC]",48485.278748,million PKR,mof_general_govt_operations_sdmx,quarterly
2023-12-31,"Pakistan Definition,General Government Operations,Revenue and grants, Revenue, Nontax revenue, Federal, Oil and gas royalties, National Currency [PAK_GGO_RG_R_NTR_F_OGR_XDC]",96688.247603,million PKR,mof_general_govt_operations_sdmx,quarterly
2024-03-31,"Pakistan Definition,General Government Operations,Revenue and grants, Revenue, Nontax revenue, Federal, Oil and gas royalties, National Currency [PAK_GGO_RG_R_NTR_F_OGR_XDC]",139633.687928,million PKR,mof_general_govt_operations_sdmx,quarterly
2024-06-30,"Pakistan Definition,General Government Operations,Revenue and grants, Revenue, Nontax revenue, Federal, Oil and gas royalties, National Currency [PAK_GGO_RG_R_NTR_F_OGR_XDC]",178757.969013,million PKR,mof_general_govt_operations_sdmx,quarterly
2024-09-30,"Pakistan Definition,General Government Operations,Revenue and grants, Revenue, Nontax revenue, Federal, Oil and gas royalties, National Currency [PAK_GGO_RG_R_NTR_F_OGR_XDC]",22848.85817,million PKR,mof_general_govt_operations_sdmx,quarterly
2024-12-31,"Pakistan Definition,General Government Operations,Revenue and grants, Revenue, Nontax revenue, Federal, Oil and gas royalties, National Currency [PAK_GGO_RG_R_NTR_F_OGR_XDC]",61141.705187,million PKR,mof_general_govt_operations_sdmx,quarterly
2025-03-31,"Pakistan Definition,General Government Operations,Revenue and grants, Revenue, Nontax revenue, Federal, Oil and gas royalties, National Currency [PAK_GGO_RG_R_NTR_F_OGR_XDC]",92973.406052,million PKR,mof_general_govt_operations_sdmx,quarterly
2016-09-30,"Pakistan Definition,General Government Operations,Revenue and grants, Revenue, Nontax revenue, Federal, Other, Crude and other, National Currency [PAK_GGO_RG_R_NTR_F_O_CO_XDC]",2473.0,million PKR,mof_general_govt_operations_sdmx,quarterly
2016-12-31,"Pakistan Definition,General Government Operations,Revenue and grants, Revenue, Nontax revenue, Federal, Other, Crude and other, National Currency [PAK_GGO_RG_R_NTR_F_O_CO_XDC]",4919.0,million PKR,mof_general_govt_operations_sdmx,quarterly
2017-03-31,"Pakistan Definition,General Government Operations,Revenue and grants, Revenue, Nontax revenue, Federal, Other, Crude and other, National Currency [PAK_GGO_RG_R_NTR_F_O_CO_XDC]",8761.0,million PKR,mof_general_govt_operations_sdmx,quarterly
2017-06-30,"Pakistan Definition,General Government Operations,Revenue and grants, Revenue, Nontax revenue, Federal, Other, Crude and other, National Currency [PAK_GGO_RG_R_NTR_F_O_CO_XDC]",13014.0,million PKR,mof_general_govt_operations_sdmx,quarterly
2017-09-30,"Pakistan Definition,General Government Operations,Revenue and grants, Revenue, Nontax revenue, Federal, Other, Crude and other, National Currency [PAK_GGO_RG_R_NTR_F_O_CO_XDC]",5225.0,million PKR,mof_general_govt_operations_sdmx,quarterly
2017-12-31,"Pakistan Definition,General Government Operations,Revenue and grants, Revenue, Nontax revenue, Federal, Other, Crude and other, National Currency [PAK_GGO_RG_R_NTR_F_O_CO_XDC]",10955.0,million PKR,mof_general_govt_operations_sdmx,quarterly
2018-03-31,"Pakistan Definition,General Government Operations,Revenue and grants, Revenue, Nontax revenue, Federal, Other, Crude and other, National Currency [PAK_GGO_RG_R_NTR_F_O_CO_XDC]",16474.0,million PKR,mof_general_govt_operations_sdmx,quarterly
2018-06-30,"Pakistan Definition,General Government Operations,Revenue and grants, Revenue, Nontax revenue, Federal, Other, Crude and other, National Currency [PAK_GGO_RG_R_NTR_F_O_CO_XDC]",21716.0,million PKR,mof_general_govt_operations_sdmx,quarterly
2018-09-30,"Pakistan Definition,General Government Operations,Revenue and grants, Revenue, Nontax revenue, Federal, Other, Crude and other, National Currency [PAK_GGO_RG_R_NTR_F_O_CO_XDC]",5666.0,million PKR,mof_general_govt_operations_sdmx,quarterly
2018-12-31,"Pakistan Definition,General Government Operations,Revenue and grants, Revenue, Nontax revenue, Federal, Other, Crude and other, National Currency [PAK_GGO_RG_R_NTR_F_O_CO_XDC]",10428.0,million PKR,mof_general_govt_operations_sdmx,quarterly
2019-03-31,"Pakistan Definition,General Government Operations,Revenue and grants, Revenue, Nontax revenue, Federal, Other, Crude and other, National Currency [PAK_GGO_RG_R_NTR_F_O_CO_XDC]",15146.0,million PKR,mof_general_govt_operations_sdmx,quarterly
2019-06-30,"Pakistan Definition,General Government Operations,Revenue and grants, Revenue, Nontax revenue, Federal, Other, Crude and other, National Currency [PAK_GGO_RG_R_NTR_F_O_CO_XDC]",18150.0,million PKR,mof_general_govt_operations_sdmx,quarterly
2019-09-30,"Pakistan Definition,General Government Operations,Revenue and grants, Revenue, Nontax revenue, Federal, Other, Crude and other, National Currency [PAK_GGO_RG_R_NTR_F_O_CO_XDC]",1775.0,million PKR,mof_general_govt_operations_sdmx,quarterly
2019-12-31,"Pakistan Definition,General Government Operations,Revenue and grants, Revenue, Nontax revenue, Federal, Other, Crude and other, National Currency [PAK_GGO_RG_R_NTR_F_O_CO_XDC]",5055.0,million PKR,mof_general_govt_operations_sdmx,quarterly
2020-03-31,"Pakistan Definition,General Government Operations,Revenue and grants, Revenue, Nontax revenue, Federal, Other, Crude and other, National Currency [PAK_GGO_RG_R_NTR_F_O_CO_XDC]",8447.0,million PKR,mof_general_govt_operations_sdmx,quarterly
2020-06-30,"Pakistan Definition,General Government Operations,Revenue and grants, Revenue, Nontax revenue, Federal, Other, Crude and other, National Currency [PAK_GGO_RG_R_NTR_F_O_CO_XDC]",13361.0,million PKR,mof_general_govt_operations_sdmx,quarterly
2020-09-30,"Pakistan Definition,General Government Operations,Revenue and grants, Revenue, Nontax revenue, Federal, Other, Crude and other, National Currency [PAK_GGO_RG_R_NTR_F_O_CO_XDC]",5791.0,million PKR,mof_general_govt_operations_sdmx,quarterly
2020-12-31,"Pakistan Definition,General Government Operations,Revenue and grants, Revenue, Nontax revenue, Federal, Other, Crude and other, National Currency [PAK_GGO_RG_R_NTR_F_O_CO_XDC]",12735.0,million PKR,mof_general_govt_operations_sdmx,quarterly
2021-03-31,"Pakistan Definition,General Government Operations,Revenue and grants, Revenue, Nontax revenue, Federal, Other, Crude and other, National Currency [PAK_GGO_RG_R_NTR_F_O_CO_XDC]",20573.0,million PKR,mof_general_govt_operations_sdmx,quarterly
2021-06-30,"Pakistan Definition,General Government Operations,Revenue and grants, Revenue, Nontax revenue, Federal, Other, Crude and other, National Currency [PAK_GGO_RG_R_NTR_F_O_CO_XDC]",30901.0,million PKR,mof_general_govt_operations_sdmx,quarterly
2021-09-30,"Pakistan Definition,General Government Operations,Revenue and grants, Revenue, Nontax revenue, Federal, Other, Crude and other, National Currency [PAK_GGO_RG_R_NTR_F_O_CO_XDC]",9223.0,million PKR,mof_general_govt_operations_sdmx,quarterly
2021-12-31,"Pakistan Definition,General Government Operations,Revenue and grants, Revenue, Nontax revenue, Federal, Other, Crude and other, National Currency [PAK_GGO_RG_R_NTR_F_O_CO_XDC]",25678.0,million PKR,mof_general_govt_operations_sdmx,quarterly
2022-03-31,"Pakistan Definition,General Government Operations,Revenue and grants, Revenue, Nontax revenue, Federal, Other, Crude and other, National Currency [PAK_GGO_RG_R_NTR_F_O_CO_XDC]",35185.0,million PKR,mof_general_govt_operations_sdmx,quarterly
2022-06-30,"Pakistan Definition,General Government Operations,Revenue and grants, Revenue, Nontax revenue, Federal, Other, Crude and other, National Currency [PAK_GGO_RG_R_NTR_F_O_CO_XDC]",50812.0,million PKR,mof_general_govt_operations_sdmx,quarterly
2022-09-30,"Pakistan Definition,General Government Operations,Revenue and grants, Revenue, Nontax revenue, Federal, Other, Crude and other, National Currency [PAK_GGO_RG_R_NTR_F_O_CO_XDC]",12027.0,million PKR,mof_general_govt_operations_sdmx,quarterly
2022-12-31,"Pakistan Definition,General Government Operations,Revenue and grants, Revenue, Nontax revenue, Federal, Other, Crude and other, National Currency [PAK_GGO_RG_R_NTR_F_O_CO_XDC]",26908.0,million PKR,mof_general_govt_operations_sdmx,quarterly
2023-03-31,"Pakistan Definition,General Government Operations,Revenue and grants, Revenue, Nontax revenue, Federal, Other, Crude and other, National Currency [PAK_GGO_RG_R_NTR_F_O_CO_XDC]",40382.71000000001,million PKR,mof_general_govt_operations_sdmx,quarterly
2023-06-30,"Pakistan Definition,General Government Operations,Revenue and grants, Revenue, Nontax revenue, Federal, Other, Crude and other, National Currency [PAK_GGO_RG_R_NTR_F_O_CO_XDC]",53309.560091,million PKR,mof_general_govt_operations_sdmx,quarterly
2023-09-30,"Pakistan Definition,General Government Operations,Revenue and grants, Revenue, Nontax revenue, Federal, Other, Crude and other, National Currency [PAK_GGO_RG_R_NTR_F_O_CO_XDC]",14070.390702,million PKR,mof_general_govt_operations_sdmx,quarterly
2023-12-31,"Pakistan Definition,General Government Operations,Revenue and grants, Revenue, Nontax revenue, Federal, Other, Crude and other, National Currency [PAK_GGO_RG_R_NTR_F_O_CO_XDC]",14437.098168,million PKR,mof_general_govt_operations_sdmx,quarterly
2024-03-31,"Pakistan Definition,General Government Operations,Revenue and grants, Revenue, Nontax revenue, Federal, Other, Crude and other, National Currency [PAK_GGO_RG_R_NTR_F_O_CO_XDC]",23061.678344,million PKR,mof_general_govt_operations_sdmx,quarterly
2024-06-30,"Pakistan Definition,General Government Operations,Revenue and grants, Revenue, Nontax revenue, Federal, Other, Crude and other, National Currency [PAK_GGO_RG_R_NTR_F_O_CO_XDC]",45915.395276,million PKR,mof_general_govt_operations_sdmx,quarterly
2024-09-30,"Pakistan Definition,General Government Operations,Revenue and grants, Revenue, Nontax revenue, Federal, Other, Crude and other, National Currency [PAK_GGO_RG_R_NTR_F_O_CO_XDC]",13833.814311,million PKR,mof_general_govt_operations_sdmx,quarterly
2024-12-31,"Pakistan Definition,General Government Operations,Revenue and grants, Revenue, Nontax revenue, Federal, Other, Crude and other, National Currency [PAK_GGO_RG_R_NTR_F_O_CO_XDC]",18120.560428999997,million PKR,mof_general_govt_operations_sdmx,quarterly
2025-03-31,"Pakistan Definition,General Government Operations,Revenue and grants, Revenue, Nontax revenue, Federal, Other, Crude and other, National Currency [PAK_GGO_RG_R_NTR_F_O_CO_XDC]",27084.24347,million PKR,mof_general_govt_operations_sdmx,quarterly
2016-09-30,"Pakistan Definition,General Government Operations,Revenue and grants, Revenue, Nontax revenue, Federal, Other, Mark-up  (interest revenue) excluding provinces, National Currency [PAK_GGO_RG_R_NTR_F_O_MUEP_XDC]",643.0,million PKR,mof_general_govt_operations_sdmx,quarterly
2016-12-31,"Pakistan Definition,General Government Operations,Revenue and grants, Revenue, Nontax revenue, Federal, Other, Mark-up  (interest revenue) excluding provinces, National Currency [PAK_GGO_RG_R_NTR_F_O_MUEP_XDC]",13854.0,million PKR,mof_general_govt_operations_sdmx,quarterly
2017-03-31,"Pakistan Definition,General Government Operations,Revenue and grants, Revenue, Nontax revenue, Federal, Other, Mark-up  (interest revenue) excluding provinces, National Currency [PAK_GGO_RG_R_NTR_F_O_MUEP_XDC]",21665.0,million PKR,mof_general_govt_operations_sdmx,quarterly
2017-06-30,"Pakistan Definition,General Government Operations,Revenue and grants, Revenue, Nontax revenue, Federal, Other, Mark-up  (interest revenue) excluding provinces, National Currency [PAK_GGO_RG_R_NTR_F_O_MUEP_XDC]",87769.0,million PKR,mof_general_govt_operations_sdmx,quarterly
2017-09-30,"Pakistan Definition,General Government Operations,Revenue and grants, Revenue, Nontax revenue, Federal, Other, Mark-up  (interest revenue) excluding provinces, National Currency [PAK_GGO_RG_R_NTR_F_O_MUEP_XDC]",1153.0,million PKR,mof_general_govt_operations_sdmx,quarterly
2017-12-31,"Pakistan Definition,General Government Operations,Revenue and grants, Revenue, Nontax revenue, Federal, Other, Mark-up  (interest revenue) excluding provinces, National Currency [PAK_GGO_RG_R_NTR_F_O_MUEP_XDC]",5795.0,million PKR,mof_general_govt_operations_sdmx,quarterly
2018-03-31,"Pakistan Definition,General Government Operations,Revenue and grants, Revenue, Nontax revenue, Federal, Other, Mark-up  (interest revenue) excluding provinces, National Currency [PAK_GGO_RG_R_NTR_F_O_MUEP_XDC]",14373.0,million PKR,mof_general_govt_operations_sdmx,quarterly
2018-06-30,"Pakistan Definition,General Government Operations,Revenue and grants, Revenue, Nontax revenue, Federal, Other, Mark-up  (interest revenue) excluding provinces, National Currency [PAK_GGO_RG_R_NTR_F_O_MUEP_XDC]",35700.0,million PKR,mof_general_govt_operations_sdmx,quarterly
2018-09-30,"Pakistan Definition,General Government Operations,Revenue and grants, Revenue, Nontax revenue, Federal, Other, Mark-up  (interest revenue) excluding provinces, National Currency [PAK_GGO_RG_R_NTR_F_O_MUEP_XDC]",3314.0,million PKR,mof_general_govt_operations_sdmx,quarterly
2018-12-31,"Pakistan Definition,General Government Operations,Revenue and grants, Revenue, Nontax revenue, Federal, Other, Mark-up  (interest revenue) excluding provinces, National Currency [PAK_GGO_RG_R_NTR_F_O_MUEP_XDC]",27442.0,million PKR,mof_general_govt_operations_sdmx,quarterly
2019-03-31,"Pakistan Definition,General Government Operations,Revenue and grants, Revenue, Nontax revenue, Federal, Other, Mark-up  (interest revenue) excluding provinces, National Currency [PAK_GGO_RG_R_NTR_F_O_MUEP_XDC]",70037.0,million PKR,mof_general_govt_operations_sdmx,quarterly
2019-06-30,"Pakistan Definition,General Government Operations,Revenue and grants, Revenue, Nontax revenue, Federal, Other, Mark-up  (interest revenue) excluding provinces, National Currency [PAK_GGO_RG_R_NTR_F_O_MUEP_XDC]",105163.0,million PKR,mof_general_govt_operations_sdmx,quarterly
2019-09-30,"Pakistan Definition,General Government Operations,Revenue and grants, Revenue, Nontax revenue, Federal, Other, Mark-up  (interest revenue) excluding provinces, National Currency [PAK_GGO_RG_R_NTR_F_O_MUEP_XDC]",25675.0,million PKR,mof_general_govt_operations_sdmx,quarterly
2019-12-31,"Pakistan Definition,General Government Operations,Revenue and grants, Revenue, Nontax revenue, Federal, Other, Mark-up  (interest revenue) excluding provinces, National Currency [PAK_GGO_RG_R_NTR_F_O_MUEP_XDC]",43982.0,million PKR,mof_general_govt_operations_sdmx,quarterly
2020-03-31,"Pakistan Definition,General Government Operations,Revenue and grants, Revenue, Nontax revenue, Federal, Other, Mark-up  (interest revenue) excluding provinces, National Currency [PAK_GGO_RG_R_NTR_F_O_MUEP_XDC]",53210.0,million PKR,mof_general_govt_operations_sdmx,quarterly
2020-06-30,"Pakistan Definition,General Government Operations,Revenue and grants, Revenue, Nontax revenue, Federal, Other, Mark-up  (interest revenue) excluding provinces, National Currency [PAK_GGO_RG_R_NTR_F_O_MUEP_XDC]",76232.0,million PKR,mof_general_govt_operations_sdmx,quarterly
2020-09-30,"Pakistan Definition,General Government Operations,Revenue and grants, Revenue, Nontax revenue, Federal, Other, Mark-up  (interest revenue) excluding provinces, National Currency [PAK_GGO_RG_R_NTR_F_O_MUEP_XDC]",19484.0,million PKR,mof_general_govt_operations_sdmx,quarterly
2020-12-31,"Pakistan Definition,General Government Operations,Revenue and grants, Revenue, Nontax revenue, Federal, Other, Mark-up  (interest revenue) excluding provinces, National Currency [PAK_GGO_RG_R_NTR_F_O_MUEP_XDC]",32593.0,million PKR,mof_general_govt_operations_sdmx,quarterly
2021-03-31,"Pakistan Definition,General Government Operations,Revenue and grants, Revenue, Nontax revenue, Federal, Other, Mark-up  (interest revenue) excluding provinces, National Currency [PAK_GGO_RG_R_NTR_F_O_MUEP_XDC]",55088.0,million PKR,mof_general_govt_operations_sdmx,quarterly
2021-06-30,"Pakistan Definition,General Government Operations,Revenue and grants, Revenue, Nontax revenue, Federal, Other, Mark-up  (interest revenue) excluding provinces, National Currency [PAK_GGO_RG_R_NTR_F_O_MUEP_XDC]",87792.0,million PKR,mof_general_govt_operations_sdmx,quarterly
2021-09-30,"Pakistan Definition,General Government Operations,Revenue and grants, Revenue, Nontax revenue, Federal, Other, Mark-up  (interest revenue) excluding provinces, National Currency [PAK_GGO_RG_R_NTR_F_O_MUEP_XDC]",28844.0,million PKR,mof_general_govt_operations_sdmx,quarterly
2021-12-31,"Pakistan Definition,General Government Operations,Revenue and grants, Revenue, Nontax revenue, Federal, Other, Mark-up  (interest revenue) excluding provinces, National Currency [PAK_GGO_RG_R_NTR_F_O_MUEP_XDC]",77623.0,million PKR,mof_general_govt_operations_sdmx,quarterly
2022-03-31,"Pakistan Definition,General Government Operations,Revenue and grants, Revenue, Nontax revenue, Federal, Other, Mark-up  (interest revenue) excluding provinces, National Currency [PAK_GGO_RG_R_NTR_F_O_MUEP_XDC]",85235.0,million PKR,mof_general_govt_operations_sdmx,quarterly
2022-06-30,"Pakistan Definition,General Government Operations,Revenue and grants, Revenue, Nontax revenue, Federal, Other, Mark-up  (interest revenue) excluding provinces, National Currency [PAK_GGO_RG_R_NTR_F_O_MUEP_XDC]",144683.0,million PKR,mof_general_govt_operations_sdmx,quarterly
2022-09-30,"Pakistan Definition,General Government Operations,Revenue and grants, Revenue, Nontax revenue, Federal, Other, Mark-up  (interest revenue) excluding provinces, National Currency [PAK_GGO_RG_R_NTR_F_O_MUEP_XDC]",66762.0,million PKR,mof_general_govt_operations_sdmx,quarterly
2022-12-31,"Pakistan Definition,General Government Operations,Revenue and grants, Revenue, Nontax revenue, Federal, Other, Mark-up  (interest revenue) excluding provinces, National Currency [PAK_GGO_RG_R_NTR_F_O_MUEP_XDC]",202625.0,million PKR,mof_general_govt_operations_sdmx,quarterly
2023-03-31,"Pakistan Definition,General Government Operations,Revenue and grants, Revenue, Nontax revenue, Federal, Other, Mark-up  (interest revenue) excluding provinces, National Currency [PAK_GGO_RG_R_NTR_F_O_MUEP_XDC]",226782.0,million PKR,mof_general_govt_operations_sdmx,quarterly
2023-06-30,"Pakistan Definition,General Government Operations,Revenue and grants, Revenue, Nontax revenue, Federal, Other, Mark-up  (interest revenue) excluding provinces, National Currency [PAK_GGO_RG_R_NTR_F_O_MUEP_XDC]",354986.0,million PKR,mof_general_govt_operations_sdmx,quarterly
2023-09-30,"Pakistan Definition,General Government Operations,Revenue and grants, Revenue, Nontax revenue, Federal, Other, Mark-up  (interest revenue) excluding provinces, National Currency [PAK_GGO_RG_R_NTR_F_O_MUEP_XDC]",36411.0,million PKR,mof_general_govt_operations_sdmx,quarterly
2023-12-31,"Pakistan Definition,General Government Operations,Revenue and grants, Revenue, Nontax revenue, Federal, Other, Mark-up  (interest revenue) excluding provinces, National Currency [PAK_GGO_RG_R_NTR_F_O_MUEP_XDC]",83084.0,million PKR,mof_general_govt_operations_sdmx,quarterly
2024-03-31,"Pakistan Definition,General Government Operations,Revenue and grants, Revenue, Nontax revenue, Federal, Other, Mark-up  (interest revenue) excluding provinces, National Currency [PAK_GGO_RG_R_NTR_F_O_MUEP_XDC]",117465.0,million PKR,mof_general_govt_operations_sdmx,quarterly
2024-06-30,"Pakistan Definition,General Government Operations,Revenue and grants, Revenue, Nontax revenue, Federal, Other, Mark-up  (interest revenue) excluding provinces, National Currency [PAK_GGO_RG_R_NTR_F_O_MUEP_XDC]",257032.0,million PKR,mof_general_govt_operations_sdmx,quarterly
2024-09-30,"Pakistan Definition,General Government Operations,Revenue and grants, Revenue, Nontax revenue, Federal, Other, Mark-up  (interest revenue) excluding provinces, National Currency [PAK_GGO_RG_R_NTR_F_O_MUEP_XDC]",13269.0,million PKR,mof_general_govt_operations_sdmx,quarterly
2024-12-31,"Pakistan Definition,General Government Operations,Revenue and grants, Revenue, Nontax revenue, Federal, Other, Mark-up  (interest revenue) excluding provinces, National Currency [PAK_GGO_RG_R_NTR_F_O_MUEP_XDC]",88267.0,million PKR,mof_general_govt_operations_sdmx,quarterly
2025-03-31,"Pakistan Definition,General Government Operations,Revenue and grants, Revenue, Nontax revenue, Federal, Other, Mark-up  (interest revenue) excluding provinces, National Currency [PAK_GGO_RG_R_NTR_F_O_MUEP_XDC]",100213.0,million PKR,mof_general_govt_operations_sdmx,quarterly
2016-09-30,"Pakistan Definition,General Government Operations,Revenue and grants, Revenue, Nontax revenue, Federal, Other, PTA, National Currency [PAK_GGO_RG_R_NTR_F_O_PTA_XDC]",5355.0,million PKR,mof_general_govt_operations_sdmx,quarterly
2016-12-31,"Pakistan Definition,General Government Operations,Revenue and grants, Revenue, Nontax revenue, Federal, Other, PTA, National Currency [PAK_GGO_RG_R_NTR_F_O_PTA_XDC]",8624.0,million PKR,mof_general_govt_operations_sdmx,quarterly
2017-03-31,"Pakistan Definition,General Government Operations,Revenue and grants, Revenue, Nontax revenue, Federal, Other, PTA, National Currency [PAK_GGO_RG_R_NTR_F_O_PTA_XDC]",8847.0,million PKR,mof_general_govt_operations_sdmx,quarterly
2017-06-30,"Pakistan Definition,General Government Operations,Revenue and grants, Revenue, Nontax revenue, Federal, Other, PTA, National Currency [PAK_GGO_RG_R_NTR_F_O_PTA_XDC]",15892.0,million PKR,mof_general_govt_operations_sdmx,quarterly
2017-09-30,"Pakistan Definition,General Government Operations,Revenue and grants, Revenue, Nontax revenue, Federal, Other, PTA, National Currency [PAK_GGO_RG_R_NTR_F_O_PTA_XDC]",6095.0,million PKR,mof_general_govt_operations_sdmx,quarterly
2017-12-31,"Pakistan Definition,General Government Operations,Revenue and grants, Revenue, Nontax revenue, Federal, Other, PTA, National Currency [PAK_GGO_RG_R_NTR_F_O_PTA_XDC]",15865.0,million PKR,mof_general_govt_operations_sdmx,quarterly
2018-03-31,"Pakistan Definition,General Government Operations,Revenue and grants, Revenue, Nontax revenue, Federal, Other, PTA, National Currency [PAK_GGO_RG_R_NTR_F_O_PTA_XDC]",16184.0,million PKR,mof_general_govt_operations_sdmx,quarterly
2018-06-30,"Pakistan Definition,General Government Operations,Revenue and grants, Revenue, Nontax revenue, Federal, Other, PTA, National Currency [PAK_GGO_RG_R_NTR_F_O_PTA_XDC]",18235.0,million PKR,mof_general_govt_operations_sdmx,quarterly
2018-09-30,"Pakistan Definition,General Government Operations,Revenue and grants, Revenue, Nontax revenue, Federal, Other, PTA, National Currency [PAK_GGO_RG_R_NTR_F_O_PTA_XDC]",71849.0,million PKR,mof_general_govt_operations_sdmx,quarterly
2018-12-31,"Pakistan Definition,General Government Operations,Revenue and grants, Revenue, Nontax revenue, Federal, Other, PTA, National Currency [PAK_GGO_RG_R_NTR_F_O_PTA_XDC]",112091.0,million PKR,mof_general_govt_operations_sdmx,quarterly
2019-03-31,"Pakistan Definition,General Government Operations,Revenue and grants, Revenue, Nontax revenue, Federal, Other, PTA, National Currency [PAK_GGO_RG_R_NTR_F_O_PTA_XDC]",113184.0,million PKR,mof_general_govt_operations_sdmx,quarterly
2019-06-30,"Pakistan Definition,General Government Operations,Revenue and grants, Revenue, Nontax revenue, Federal, Other, PTA, National Currency [PAK_GGO_RG_R_NTR_F_O_PTA_XDC]",126992.0,million PKR,mof_general_govt_operations_sdmx,quarterly
2019-09-30,"Pakistan Definition,General Government Operations,Revenue and grants, Revenue, Nontax revenue, Federal, Other, PTA, National Currency [PAK_GGO_RG_R_NTR_F_O_PTA_XDC]",8152.0,million PKR,mof_general_govt_operations_sdmx,quarterly
2019-12-31,"Pakistan Definition,General Government Operations,Revenue and grants, Revenue, Nontax revenue, Federal, Other, PTA, National Currency [PAK_GGO_RG_R_NTR_F_O_PTA_XDC]",18615.0,million PKR,mof_general_govt_operations_sdmx,quarterly
2020-03-31,"Pakistan Definition,General Government Operations,Revenue and grants, Revenue, Nontax revenue, Federal, Other, PTA, National Currency [PAK_GGO_RG_R_NTR_F_O_PTA_XDC]",19999.0,million PKR,mof_general_govt_operations_sdmx,quarterly
2020-06-30,"Pakistan Definition,General Government Operations,Revenue and grants, Revenue, Nontax revenue, Federal, Other, PTA, National Currency [PAK_GGO_RG_R_NTR_F_O_PTA_XDC]",39068.0,million PKR,mof_general_govt_operations_sdmx,quarterly
2020-09-30,"Pakistan Definition,General Government Operations,Revenue and grants, Revenue, Nontax revenue, Federal, Other, PTA, National Currency [PAK_GGO_RG_R_NTR_F_O_PTA_XDC]",30098.0,million PKR,mof_general_govt_operations_sdmx,quarterly
2020-12-31,"Pakistan Definition,General Government Operations,Revenue and grants, Revenue, Nontax revenue, Federal, Other, PTA, National Currency [PAK_GGO_RG_R_NTR_F_O_PTA_XDC]",38880.0,million PKR,mof_general_govt_operations_sdmx,quarterly
2021-03-31,"Pakistan Definition,General Government Operations,Revenue and grants, Revenue, Nontax revenue, Federal, Other, PTA, National Currency [PAK_GGO_RG_R_NTR_F_O_PTA_XDC]",39017.0,million PKR,mof_general_govt_operations_sdmx,quarterly
2021-06-30,"Pakistan Definition,General Government Operations,Revenue and grants, Revenue, Nontax revenue, Federal, Other, PTA, National Currency [PAK_GGO_RG_R_NTR_F_O_PTA_XDC]",103444.0,million PKR,mof_general_govt_operations_sdmx,quarterly
2021-09-30,"Pakistan Definition,General Government Operations,Revenue and grants, Revenue, Nontax revenue, Federal, Other, PTA, National Currency [PAK_GGO_RG_R_NTR_F_O_PTA_XDC]",13076.0,million PKR,mof_general_govt_operations_sdmx,quarterly
2021-12-31,"Pakistan Definition,General Government Operations,Revenue and grants, Revenue, Nontax revenue, Federal, Other, PTA, National Currency [PAK_GGO_RG_R_NTR_F_O_PTA_XDC]",32582.0,million PKR,mof_general_govt_operations_sdmx,quarterly
2022-03-31,"Pakistan Definition,General Government Operations,Revenue and grants, Revenue, Nontax revenue, Federal, Other, PTA, National Currency [PAK_GGO_RG_R_NTR_F_O_PTA_XDC]",61458.0,million PKR,mof_general_govt_operations_sdmx,quarterly
2022-06-30,"Pakistan Definition,General Government Operations,Revenue and grants, Revenue, Nontax revenue, Federal, Other, PTA, National Currency [PAK_GGO_RG_R_NTR_F_O_PTA_XDC]",84592.0,million PKR,mof_general_govt_operations_sdmx,quarterly
2022-09-30,"Pakistan Definition,General Government Operations,Revenue and grants, Revenue, Nontax revenue, Federal, Other, PTA, National Currency [PAK_GGO_RG_R_NTR_F_O_PTA_XDC]",3581.0,million PKR,mof_general_govt_operations_sdmx,quarterly
2022-12-31,"Pakistan Definition,General Government Operations,Revenue and grants, Revenue, Nontax revenue, Federal, Other, PTA, National Currency [PAK_GGO_RG_R_NTR_F_O_PTA_XDC]",3734.0,million PKR,mof_general_govt_operations_sdmx,quarterly
2023-03-31,"Pakistan Definition,General Government Operations,Revenue and grants, Revenue, Nontax revenue, Federal, Other, PTA, National Currency [PAK_GGO_RG_R_NTR_F_O_PTA_XDC]",6588.0,million PKR,mof_general_govt_operations_sdmx,quarterly
2023-06-30,"Pakistan Definition,General Government Operations,Revenue and grants, Revenue, Nontax revenue, Federal, Other, PTA, National Currency [PAK_GGO_RG_R_NTR_F_O_PTA_XDC]",42279.966573,million PKR,mof_general_govt_operations_sdmx,quarterly
2023-09-30,"Pakistan Definition,General Government Operations,Revenue and grants, Revenue, Nontax revenue, Federal, Other, PTA, National Currency [PAK_GGO_RG_R_NTR_F_O_PTA_XDC]",20277.07632,million PKR,mof_general_govt_operations_sdmx,quarterly
2023-12-31,"Pakistan Definition,General Government Operations,Revenue and grants, Revenue, Nontax revenue, Federal, Other, PTA, National Currency [PAK_GGO_RG_R_NTR_F_O_PTA_XDC]",28813.74104,million PKR,mof_general_govt_operations_sdmx,quarterly
2024-03-31,"Pakistan Definition,General Government Operations,Revenue and grants, Revenue, Nontax revenue, Federal, Other, PTA, National Currency [PAK_GGO_RG_R_NTR_F_O_PTA_XDC]",28954.39395,million PKR,mof_general_govt_operations_sdmx,quarterly
2024-06-30,"Pakistan Definition,General Government Operations,Revenue and grants, Revenue, Nontax revenue, Federal, Other, PTA, National Currency [PAK_GGO_RG_R_NTR_F_O_PTA_XDC]",29678.296174,million PKR,mof_general_govt_operations_sdmx,quarterly
2024-09-30,"Pakistan Definition,General Government Operations,Revenue and grants, Revenue, Nontax revenue, Federal, Other, PTA, National Currency [PAK_GGO_RG_R_NTR_F_O_PTA_XDC]",17310.387027,million PKR,mof_general_govt_operations_sdmx,quarterly
2024-12-31,"Pakistan Definition,General Government Operations,Revenue and grants, Revenue, Nontax revenue, Federal, Other, PTA, National Currency [PAK_GGO_RG_R_NTR_F_O_PTA_XDC]",24890.963797,million PKR,mof_general_govt_operations_sdmx,quarterly
2025-03-31,"Pakistan Definition,General Government Operations,Revenue and grants, Revenue, Nontax revenue, Federal, Other, PTA, National Currency [PAK_GGO_RG_R_NTR_F_O_PTA_XDC]",26538.104369,million PKR,mof_general_govt_operations_sdmx,quarterly
2016-09-30,"Pakistan Definition,General Government Operations,Revenue and grants, Revenue, Nontax revenue, Federal, Other, passport fees, National Currency [PAK_GGO_RG_R_NTR_F_O_PF_XDC]",4161.0,million PKR,mof_general_govt_operations_sdmx,quarterly
2016-12-31,"Pakistan Definition,General Government Operations,Revenue and grants, Revenue, Nontax revenue, Federal, Other, passport fees, National Currency [PAK_GGO_RG_R_NTR_F_O_PF_XDC]",7482.0,million PKR,mof_general_govt_operations_sdmx,quarterly
2017-03-31,"Pakistan Definition,General Government Operations,Revenue and grants, Revenue, Nontax revenue, Federal, Other, passport fees, National Currency [PAK_GGO_RG_R_NTR_F_O_PF_XDC]",11930.0,million PKR,mof_general_govt_operations_sdmx,quarterly
2017-06-30,"Pakistan Definition,General Government Operations,Revenue and grants, Revenue, Nontax revenue, Federal, Other, passport fees, National Currency [PAK_GGO_RG_R_NTR_F_O_PF_XDC]",15931.0,million PKR,mof_general_govt_operations_sdmx,quarterly
2017-09-30,"Pakistan Definition,General Government Operations,Revenue and grants, Revenue, Nontax revenue, Federal, Other, passport fees, National Currency [PAK_GGO_RG_R_NTR_F_O_PF_XDC]",3294.0,million PKR,mof_general_govt_operations_sdmx,quarterly
2017-12-31,"Pakistan Definition,General Government Operations,Revenue and grants, Revenue, Nontax revenue, Federal, Other, passport fees, National Currency [PAK_GGO_RG_R_NTR_F_O_PF_XDC]",9330.0,million PKR,mof_general_govt_operations_sdmx,quarterly
2018-03-31,"Pakistan Definition,General Government Operations,Revenue and grants, Revenue, Nontax revenue, Federal, Other, passport fees, National Currency [PAK_GGO_RG_R_NTR_F_O_PF_XDC]",16312.0,million PKR,mof_general_govt_operations_sdmx,quarterly
2018-06-30,"Pakistan Definition,General Government Operations,Revenue and grants, Revenue, Nontax revenue, Federal, Other, passport fees, National Currency [PAK_GGO_RG_R_NTR_F_O_PF_XDC]",23000.0,million PKR,mof_general_govt_operations_sdmx,quarterly
2018-09-30,"Pakistan Definition,General Government Operations,Revenue and grants, Revenue, Nontax revenue, Federal, Other, passport fees, National Currency [PAK_GGO_RG_R_NTR_F_O_PF_XDC]",6234.0,million PKR,mof_general_govt_operations_sdmx,quarterly
2018-12-31,"Pakistan Definition,General Government Operations,Revenue and grants, Revenue, Nontax revenue, Federal, Other, passport fees, National Currency [PAK_GGO_RG_R_NTR_F_O_PF_XDC]",11429.0,million PKR,mof_general_govt_operations_sdmx,quarterly
2019-03-31,"Pakistan Definition,General Government Operations,Revenue and grants, Revenue, Nontax revenue, Federal, Other, passport fees, National Currency [PAK_GGO_RG_R_NTR_F_O_PF_XDC]",16307.0,million PKR,mof_general_govt_operations_sdmx,quarterly
2019-06-30,"Pakistan Definition,General Government Operations,Revenue and grants, Revenue, Nontax revenue, Federal, Other, passport fees, National Currency [PAK_GGO_RG_R_NTR_F_O_PF_XDC]",17743.0,million PKR,mof_general_govt_operations_sdmx,quarterly
2019-09-30,"Pakistan Definition,General Government Operations,Revenue and grants, Revenue, Nontax revenue, Federal, Other, passport fees, National Currency [PAK_GGO_RG_R_NTR_F_O_PF_XDC]",2958.0,million PKR,mof_general_govt_operations_sdmx,quarterly
2019-12-31,"Pakistan Definition,General Government Operations,Revenue and grants, Revenue, Nontax revenue, Federal, Other, passport fees, National Currency [PAK_GGO_RG_R_NTR_F_O_PF_XDC]",6975.0,million PKR,mof_general_govt_operations_sdmx,quarterly
2020-03-31,"Pakistan Definition,General Government Operations,Revenue and grants, Revenue, Nontax revenue, Federal, Other, passport fees, National Currency [PAK_GGO_RG_R_NTR_F_O_PF_XDC]",10239.0,million PKR,mof_general_govt_operations_sdmx,quarterly
2020-06-30,"Pakistan Definition,General Government Operations,Revenue and grants, Revenue, Nontax revenue, Federal, Other, passport fees, National Currency [PAK_GGO_RG_R_NTR_F_O_PF_XDC]",13044.0,million PKR,mof_general_govt_operations_sdmx,quarterly
2020-09-30,"Pakistan Definition,General Government Operations,Revenue and grants, Revenue, Nontax revenue, Federal, Other, passport fees, National Currency [PAK_GGO_RG_R_NTR_F_O_PF_XDC]",6113.0,million PKR,mof_general_govt_operations_sdmx,quarterly
2020-12-31,"Pakistan Definition,General Government Operations,Revenue and grants, Revenue, Nontax revenue, Federal, Other, passport fees, National Currency [PAK_GGO_RG_R_NTR_F_O_PF_XDC]",10404.0,million PKR,mof_general_govt_operations_sdmx,quarterly
2021-03-31,"Pakistan Definition,General Government Operations,Revenue and grants, Revenue, Nontax revenue, Federal, Other, passport fees, National Currency [PAK_GGO_RG_R_NTR_F_O_PF_XDC]",15872.0,million PKR,mof_general_govt_operations_sdmx,quarterly
2021-06-30,"Pakistan Definition,General Government Operations,Revenue and grants, Revenue, Nontax revenue, Federal, Other, passport fees, National Currency [PAK_GGO_RG_R_NTR_F_O_PF_XDC]",21619.0,million PKR,mof_general_govt_operations_sdmx,quarterly
2021-09-30,"Pakistan Definition,General Government Operations,Revenue and grants, Revenue, Nontax revenue, Federal, Other, passport fees, National Currency [PAK_GGO_RG_R_NTR_F_O_PF_XDC]",6717.0,million PKR,mof_general_govt_operations_sdmx,quarterly
2021-12-31,"Pakistan Definition,General Government Operations,Revenue and grants, Revenue, Nontax revenue, Federal, Other, passport fees, National Currency [PAK_GGO_RG_R_NTR_F_O_PF_XDC]",16424.0,million PKR,mof_general_govt_operations_sdmx,quarterly
2022-03-31,"Pakistan Definition,General Government Operations,Revenue and grants, Revenue, Nontax revenue, Federal, Other, passport fees, National Currency [PAK_GGO_RG_R_NTR_F_O_PF_XDC]",25679.0,million PKR,mof_general_govt_operations_sdmx,quarterly
2022-06-30,"Pakistan Definition,General Government Operations,Revenue and grants, Revenue, Nontax revenue, Federal, Other, passport fees, National Currency [PAK_GGO_RG_R_NTR_F_O_PF_XDC]",34495.0,million PKR,mof_general_govt_operations_sdmx,quarterly
2022-09-30,"Pakistan Definition,General Government Operations,Revenue and grants, Revenue, Nontax revenue, Federal, Other, passport fees, National Currency [PAK_GGO_RG_R_NTR_F_O_PF_XDC]",14541.0,million PKR,mof_general_govt_operations_sdmx,quarterly
2022-12-31,"Pakistan Definition,General Government Operations,Revenue and grants, Revenue, Nontax revenue, Federal, Other, passport fees, National Currency [PAK_GGO_RG_R_NTR_F_O_PF_XDC]",25739.0,million PKR,mof_general_govt_operations_sdmx,quarterly
2023-03-31,"Pakistan Definition,General Government Operations,Revenue and grants, Revenue, Nontax revenue, Federal, Other, passport fees, National Currency [PAK_GGO_RG_R_NTR_F_O_PF_XDC]",35483.73,million PKR,mof_general_govt_operations_sdmx,quarterly
2023-06-30,"Pakistan Definition,General Government Operations,Revenue and grants, Revenue, Nontax revenue, Federal, Other, passport fees, National Currency [PAK_GGO_RG_R_NTR_F_O_PF_XDC]",50876.426720999996,million PKR,mof_general_govt_operations_sdmx,quarterly
2023-09-30,"Pakistan Definition,General Government Operations,Revenue and grants, Revenue, Nontax revenue, Federal, Other, passport fees, National Currency [PAK_GGO_RG_R_NTR_F_O_PF_XDC]",19982.421126999998,million PKR,mof_general_govt_operations_sdmx,quarterly
2023-12-31,"Pakistan Definition,General Government Operations,Revenue and grants, Revenue, Nontax revenue, Federal, Other, passport fees, National Currency [PAK_GGO_RG_R_NTR_F_O_PF_XDC]",39541.548888,million PKR,mof_general_govt_operations_sdmx,quarterly
2024-03-31,"Pakistan Definition,General Government Operations,Revenue and grants, Revenue, Nontax revenue, Federal, Other, passport fees, National Currency [PAK_GGO_RG_R_NTR_F_O_PF_XDC]",52835.10873,million PKR,mof_general_govt_operations_sdmx,quarterly
2024-06-30,"Pakistan Definition,General Government Operations,Revenue and grants, Revenue, Nontax revenue, Federal, Other, passport fees, National Currency [PAK_GGO_RG_R_NTR_F_O_PF_XDC]",64359.84053,million PKR,mof_general_govt_operations_sdmx,quarterly
2024-09-30,"Pakistan Definition,General Government Operations,Revenue and grants, Revenue, Nontax revenue, Federal, Other, passport fees, National Currency [PAK_GGO_RG_R_NTR_F_O_PF_XDC]",14110.747527,million PKR,mof_general_govt_operations_sdmx,quarterly
2024-12-31,"Pakistan Definition,General Government Operations,Revenue and grants, Revenue, Nontax revenue, Federal, Other, passport fees, National Currency [PAK_GGO_RG_R_NTR_F_O_PF_XDC]",26716.327283000002,million PKR,mof_general_govt_operations_sdmx,quarterly
2025-03-31,"Pakistan Definition,General Government Operations,Revenue and grants, Revenue, Nontax revenue, Federal, Other, passport fees, National Currency [PAK_GGO_RG_R_NTR_F_O_PF_XDC]",35250.899818,million PKR,mof_general_govt_operations_sdmx,quarterly
2016-09-30,"Pakistan Definition,General Government Operations,Revenue and grants, Revenue, Nontax revenue, Federal, SBP profits, National Currency [PAK_GGO_RG_R_NTR_F_SBPP_XDC]",45000.0,million PKR,mof_general_govt_operations_sdmx,quarterly
2016-12-31,"Pakistan Definition,General Government Operations,Revenue and grants, Revenue, Nontax revenue, Federal, SBP profits, National Currency [PAK_GGO_RG_R_NTR_F_SBPP_XDC]",125187.0,million PKR,mof_general_govt_operations_sdmx,quarterly
2017-03-31,"Pakistan Definition,General Government Operations,Revenue and grants, Revenue, Nontax revenue, Federal, SBP profits, National Currency [PAK_GGO_RG_R_NTR_F_SBPP_XDC]",143187.0,million PKR,mof_general_govt_operations_sdmx,quarterly
2017-06-30,"Pakistan Definition,General Government Operations,Revenue and grants, Revenue, Nontax revenue, Federal, SBP profits, National Currency [PAK_GGO_RG_R_NTR_F_SBPP_XDC]",233187.0,million PKR,mof_general_govt_operations_sdmx,quarterly
2017-09-30,"Pakistan Definition,General Government Operations,Revenue and grants, Revenue, Nontax revenue, Federal, SBP profits, National Currency [PAK_GGO_RG_R_NTR_F_SBPP_XDC]",50710.0,million PKR,mof_general_govt_operations_sdmx,quarterly
2017-12-31,"Pakistan Definition,General Government Operations,Revenue and grants, Revenue, Nontax revenue, Federal, SBP profits, National Currency [PAK_GGO_RG_R_NTR_F_SBPP_XDC]",63230.0,million PKR,mof_general_govt_operations_sdmx,quarterly
2018-03-31,"Pakistan Definition,General Government Operations,Revenue and grants, Revenue, Nontax revenue, Federal, SBP profits, National Currency [PAK_GGO_RG_R_NTR_F_SBPP_XDC]",138230.0,million PKR,mof_general_govt_operations_sdmx,quarterly
2018-06-30,"Pakistan Definition,General Government Operations,Revenue and grants, Revenue, Nontax revenue, Federal, SBP profits, National Currency [PAK_GGO_RG_R_NTR_F_SBPP_XDC]",12520.0,million PKR,mof_general_govt_operations_sdmx,quarterly
2018-09-30,"Pakistan Definition,General Government Operations,Revenue and grants, Revenue, Nontax revenue, Federal, SBP profits, National Currency [PAK_GGO_RG_R_NTR_F_SBPP_XDC]",185000.0,million PKR,mof_general_govt_operations_sdmx,quarterly
2018-12-31,"Pakistan Definition,General Government Operations,Revenue and grants, Revenue, Nontax revenue, Federal, SBP profits, National Currency [PAK_GGO_RG_R_NTR_F_SBPP_XDC]",426519.0,million PKR,mof_general_govt_operations_sdmx,quarterly
2019-03-31,"Pakistan Definition,General Government Operations,Revenue and grants, Revenue, Nontax revenue, Federal, SBP profits, National Currency [PAK_GGO_RG_R_NTR_F_SBPP_XDC]",635519.0,million PKR,mof_general_govt_operations_sdmx,quarterly
2019-06-30,"Pakistan Definition,General Government Operations,Revenue and grants, Revenue, Nontax revenue, Federal, SBP profits, National Currency [PAK_GGO_RG_R_NTR_F_SBPP_XDC]",935519.0,million PKR,mof_general_govt_operations_sdmx,quarterly
2019-09-30,"Pakistan Definition,General Government Operations,Revenue and grants, Revenue, Nontax revenue, Federal, SBP profits, National Currency [PAK_GGO_RG_R_NTR_F_SBPP_XDC]",105000.0,million PKR,mof_general_govt_operations_sdmx,quarterly
2019-12-31,"Pakistan Definition,General Government Operations,Revenue and grants, Revenue, Nontax revenue, Federal, SBP profits, National Currency [PAK_GGO_RG_R_NTR_F_SBPP_XDC]",372541.0,million PKR,mof_general_govt_operations_sdmx,quarterly
2020-03-31,"Pakistan Definition,General Government Operations,Revenue and grants, Revenue, Nontax revenue, Federal, SBP profits, National Currency [PAK_GGO_RG_R_NTR_F_SBPP_XDC]",497541.0,million PKR,mof_general_govt_operations_sdmx,quarterly
2020-06-30,"Pakistan Definition,General Government Operations,Revenue and grants, Revenue, Nontax revenue, Federal, SBP profits, National Currency [PAK_GGO_RG_R_NTR_F_SBPP_XDC]",650541.0,million PKR,mof_general_govt_operations_sdmx,quarterly
2020-09-30,"Pakistan Definition,General Government Operations,Revenue and grants, Revenue, Nontax revenue, Federal, SBP profits, National Currency [PAK_GGO_RG_R_NTR_F_SBPP_XDC]",109000.0,million PKR,mof_general_govt_operations_sdmx,quarterly
2020-12-31,"Pakistan Definition,General Government Operations,Revenue and grants, Revenue, Nontax revenue, Federal, SBP profits, National Currency [PAK_GGO_RG_R_NTR_F_SBPP_XDC]",379974.0,million PKR,mof_general_govt_operations_sdmx,quarterly
2021-03-31,"Pakistan Definition,General Government Operations,Revenue and grants, Revenue, Nontax revenue, Federal, SBP profits, National Currency [PAK_GGO_RG_R_NTR_F_SBPP_XDC]",473574.0,million PKR,mof_general_govt_operations_sdmx,quarterly
2021-06-30,"Pakistan Definition,General Government Operations,Revenue and grants, Revenue, Nontax revenue, Federal, SBP profits, National Currency [PAK_GGO_RG_R_NTR_F_SBPP_XDC]",473574.0,million PKR,mof_general_govt_operations_sdmx,quarterly
2021-09-30,"Pakistan Definition,General Government Operations,Revenue and grants, Revenue, Nontax revenue, Federal, SBP profits, National Currency [PAK_GGO_RG_R_NTR_F_SBPP_XDC]",0.0,million PKR,mof_general_govt_operations_sdmx,quarterly
2021-12-31,"Pakistan Definition,General Government Operations,Revenue and grants, Revenue, Nontax revenue, Federal, SBP profits, National Currency [PAK_GGO_RG_R_NTR_F_SBPP_XDC]",371186.0,million PKR,mof_general_govt_operations_sdmx,quarterly
2022-03-31,"Pakistan Definition,General Government Operations,Revenue and grants, Revenue, Nontax revenue, Federal, SBP profits, National Currency [PAK_GGO_RG_R_NTR_F_SBPP_XDC]",371186.0,million PKR,mof_general_govt_operations_sdmx,quarterly
2022-06-30,"Pakistan Definition,General Government Operations,Revenue and grants, Revenue, Nontax revenue, Federal, SBP profits, National Currency [PAK_GGO_RG_R_NTR_F_SBPP_XDC]",371186.0,million PKR,mof_general_govt_operations_sdmx,quarterly
2022-09-30,"Pakistan Definition,General Government Operations,Revenue and grants, Revenue, Nontax revenue, Federal, SBP profits, National Currency [PAK_GGO_RG_R_NTR_F_SBPP_XDC]",0.0,million PKR,mof_general_govt_operations_sdmx,quarterly
2022-12-31,"Pakistan Definition,General Government Operations,Revenue and grants, Revenue, Nontax revenue, Federal, SBP profits, National Currency [PAK_GGO_RG_R_NTR_F_SBPP_XDC]",972183.0,million PKR,mof_general_govt_operations_sdmx,quarterly
2023-03-31,"Pakistan Definition,General Government Operations,Revenue and grants, Revenue, Nontax revenue, Federal, SBP profits, National Currency [PAK_GGO_RG_R_NTR_F_SBPP_XDC]",972183.0,million PKR,mof_general_govt_operations_sdmx,quarterly
2023-06-30,"Pakistan Definition,General Government Operations,Revenue and grants, Revenue, Nontax revenue, Federal, SBP profits, National Currency [PAK_GGO_RG_R_NTR_F_SBPP_XDC]",972183.0,million PKR,mof_general_govt_operations_sdmx,quarterly
2023-09-30,"Pakistan Definition,General Government Operations,Revenue and grants, Revenue, Nontax revenue, Federal, SBP profits, National Currency [PAK_GGO_RG_R_NTR_F_SBPP_XDC]",2500000.0,million PKR,mof_general_govt_operations_sdmx,quarterly
2023-12-31,"Pakistan Definition,General Government Operations,Revenue and grants, Revenue, Nontax revenue, Federal, SBP profits, National Currency [PAK_GGO_RG_R_NTR_F_SBPP_XDC]",2500000.0,million PKR,mof_general_govt_operations_sdmx,quarterly
2024-03-31,"Pakistan Definition,General Government Operations,Revenue and grants, Revenue, Nontax revenue, Federal, SBP profits, National Currency [PAK_GGO_RG_R_NTR_F_SBPP_XDC]",2500000.0,million PKR,mof_general_govt_operations_sdmx,quarterly
2024-06-30,"Pakistan Definition,General Government Operations,Revenue and grants, Revenue, Nontax revenue, Federal, SBP profits, National Currency [PAK_GGO_RG_R_NTR_F_SBPP_XDC]",2619602.93,million PKR,mof_general_govt_operations_sdmx,quarterly
2024-09-30,"Pakistan Definition,General Government Operations,Revenue and grants, Revenue, Nontax revenue, Federal, SBP profits, National Currency [PAK_GGO_RG_R_NTR_F_SBPP_XDC]",2428364.39,million PKR,mof_general_govt_operations_sdmx,quarterly
2024-12-31,"Pakistan Definition,General Government Operations,Revenue and grants, Revenue, Nontax revenue, Federal, SBP profits, National Currency [PAK_GGO_RG_R_NTR_F_SBPP_XDC]",2428364.39,million PKR,mof_general_govt_operations_sdmx,quarterly
2025-03-31,"Pakistan Definition,General Government Operations,Revenue and grants, Revenue, Nontax revenue, Federal, SBP profits, National Currency [PAK_GGO_RG_R_NTR_F_SBPP_XDC]",2428364.39,million PKR,mof_general_govt_operations_sdmx,quarterly
2016-09-30,"Pakistan Definition,General Government Operations,Revenue and grants, Revenue, Nontax revenue, Federal, SOE dividends, National Currency [PAK_GGO_RG_R_NTR_F_SOED_XDC]",383.0,million PKR,mof_general_govt_operations_sdmx,quarterly
2016-12-31,"Pakistan Definition,General Government Operations,Revenue and grants, Revenue, Nontax revenue, Federal, SOE dividends, National Currency [PAK_GGO_RG_R_NTR_F_SOED_XDC]",19186.0,million PKR,mof_general_govt_operations_sdmx,quarterly
2017-03-31,"Pakistan Definition,General Government Operations,Revenue and grants, Revenue, Nontax revenue, Federal, SOE dividends, National Currency [PAK_GGO_RG_R_NTR_F_SOED_XDC]",33614.0,million PKR,mof_general_govt_operations_sdmx,quarterly
2017-06-30,"Pakistan Definition,General Government Operations,Revenue and grants, Revenue, Nontax revenue, Federal, SOE dividends, National Currency [PAK_GGO_RG_R_NTR_F_SOED_XDC]",57454.0,million PKR,mof_general_govt_operations_sdmx,quarterly
2017-09-30,"Pakistan Definition,General Government Operations,Revenue and grants, Revenue, Nontax revenue, Federal, SOE dividends, National Currency [PAK_GGO_RG_R_NTR_F_SOED_XDC]",4478.0,million PKR,mof_general_govt_operations_sdmx,quarterly
2017-12-31,"Pakistan Definition,General Government Operations,Revenue and grants, Revenue, Nontax revenue, Federal, SOE dividends, National Currency [PAK_GGO_RG_R_NTR_F_SOED_XDC]",30201.0,million PKR,mof_general_govt_operations_sdmx,quarterly
2018-03-31,"Pakistan Definition,General Government Operations,Revenue and grants, Revenue, Nontax revenue, Federal, SOE dividends, National Currency [PAK_GGO_RG_R_NTR_F_SOED_XDC]",32186.0,million PKR,mof_general_govt_operations_sdmx,quarterly
2018-06-30,"Pakistan Definition,General Government Operations,Revenue and grants, Revenue, Nontax revenue, Federal, SOE dividends, National Currency [PAK_GGO_RG_R_NTR_F_SOED_XDC]",60202.0,million PKR,mof_general_govt_operations_sdmx,quarterly
2018-09-30,"Pakistan Definition,General Government Operations,Revenue and grants, Revenue, Nontax revenue, Federal, SOE dividends, National Currency [PAK_GGO_RG_R_NTR_F_SOED_XDC]",1734.0,million PKR,mof_general_govt_operations_sdmx,quarterly
2018-12-31,"Pakistan Definition,General Government Operations,Revenue and grants, Revenue, Nontax revenue, Federal, SOE dividends, National Currency [PAK_GGO_RG_R_NTR_F_SOED_XDC]",26209.0,million PKR,mof_general_govt_operations_sdmx,quarterly
2019-03-31,"Pakistan Definition,General Government Operations,Revenue and grants, Revenue, Nontax revenue, Federal, SOE dividends, National Currency [PAK_GGO_RG_R_NTR_F_SOED_XDC]",26579.0,million PKR,mof_general_govt_operations_sdmx,quarterly
2019-06-30,"Pakistan Definition,General Government Operations,Revenue and grants, Revenue, Nontax revenue, Federal, SOE dividends, National Currency [PAK_GGO_RG_R_NTR_F_SOED_XDC]",40098.0,million PKR,mof_general_govt_operations_sdmx,quarterly
2019-09-30,"Pakistan Definition,General Government Operations,Revenue and grants, Revenue, Nontax revenue, Federal, SOE dividends, National Currency [PAK_GGO_RG_R_NTR_F_SOED_XDC]",1495.0,million PKR,mof_general_govt_operations_sdmx,quarterly
2019-12-31,"Pakistan Definition,General Government Operations,Revenue and grants, Revenue, Nontax revenue, Federal, SOE dividends, National Currency [PAK_GGO_RG_R_NTR_F_SOED_XDC]",11869.0,million PKR,mof_general_govt_operations_sdmx,quarterly
2020-03-31,"Pakistan Definition,General Government Operations,Revenue and grants, Revenue, Nontax revenue, Federal, SOE dividends, National Currency [PAK_GGO_RG_R_NTR_F_SOED_XDC]",19593.0,million PKR,mof_general_govt_operations_sdmx,quarterly
2020-06-30,"Pakistan Definition,General Government Operations,Revenue and grants, Revenue, Nontax revenue, Federal, SOE dividends, National Currency [PAK_GGO_RG_R_NTR_F_SOED_XDC]",43853.0,million PKR,mof_general_govt_operations_sdmx,quarterly
2020-09-30,"Pakistan Definition,General Government Operations,Revenue and grants, Revenue, Nontax revenue, Federal, SOE dividends, National Currency [PAK_GGO_RG_R_NTR_F_SOED_XDC]",1903.0,million PKR,mof_general_govt_operations_sdmx,quarterly
2020-12-31,"Pakistan Definition,General Government Operations,Revenue and grants, Revenue, Nontax revenue, Federal, SOE dividends, National Currency [PAK_GGO_RG_R_NTR_F_SOED_XDC]",25970.0,million PKR,mof_general_govt_operations_sdmx,quarterly
2021-03-31,"Pakistan Definition,General Government Operations,Revenue and grants, Revenue, Nontax revenue, Federal, SOE dividends, National Currency [PAK_GGO_RG_R_NTR_F_SOED_XDC]",36608.0,million PKR,mof_general_govt_operations_sdmx,quarterly
2021-06-30,"Pakistan Definition,General Government Operations,Revenue and grants, Revenue, Nontax revenue, Federal, SOE dividends, National Currency [PAK_GGO_RG_R_NTR_F_SOED_XDC]",42872.0,million PKR,mof_general_govt_operations_sdmx,quarterly
2021-09-30,"Pakistan Definition,General Government Operations,Revenue and grants, Revenue, Nontax revenue, Federal, SOE dividends, National Currency [PAK_GGO_RG_R_NTR_F_SOED_XDC]",24651.0,million PKR,mof_general_govt_operations_sdmx,quarterly
2021-12-31,"Pakistan Definition,General Government Operations,Revenue and grants, Revenue, Nontax revenue, Federal, SOE dividends, National Currency [PAK_GGO_RG_R_NTR_F_SOED_XDC]",40812.0,million PKR,mof_general_govt_operations_sdmx,quarterly
2022-03-31,"Pakistan Definition,General Government Operations,Revenue and grants, Revenue, Nontax revenue, Federal, SOE dividends, National Currency [PAK_GGO_RG_R_NTR_F_SOED_XDC]",52348.0,million PKR,mof_general_govt_operations_sdmx,quarterly
2022-06-30,"Pakistan Definition,General Government Operations,Revenue and grants, Revenue, Nontax revenue, Federal, SOE dividends, National Currency [PAK_GGO_RG_R_NTR_F_SOED_XDC]",68669.0,million PKR,mof_general_govt_operations_sdmx,quarterly
2022-09-30,"Pakistan Definition,General Government Operations,Revenue and grants, Revenue, Nontax revenue, Federal, SOE dividends, National Currency [PAK_GGO_RG_R_NTR_F_SOED_XDC]",33816.0,million PKR,mof_general_govt_operations_sdmx,quarterly
2022-12-31,"Pakistan Definition,General Government Operations,Revenue and grants, Revenue, Nontax revenue, Federal, SOE dividends, National Currency [PAK_GGO_RG_R_NTR_F_SOED_XDC]",50465.0,million PKR,mof_general_govt_operations_sdmx,quarterly
2023-03-31,"Pakistan Definition,General Government Operations,Revenue and grants, Revenue, Nontax revenue, Federal, SOE dividends, National Currency [PAK_GGO_RG_R_NTR_F_SOED_XDC]",64347.0,million PKR,mof_general_govt_operations_sdmx,quarterly
2023-06-30,"Pakistan Definition,General Government Operations,Revenue and grants, Revenue, Nontax revenue, Federal, SOE dividends, National Currency [PAK_GGO_RG_R_NTR_F_SOED_XDC]",88741.874375,million PKR,mof_general_govt_operations_sdmx,quarterly
2023-09-30,"Pakistan Definition,General Government Operations,Revenue and grants, Revenue, Nontax revenue, Federal, SOE dividends, National Currency [PAK_GGO_RG_R_NTR_F_SOED_XDC]",25238.840579,million PKR,mof_general_govt_operations_sdmx,quarterly
2023-12-31,"Pakistan Definition,General Government Operations,Revenue and grants, Revenue, Nontax revenue, Federal, SOE dividends, National Currency [PAK_GGO_RG_R_NTR_F_SOED_XDC]",97478.017776,million PKR,mof_general_govt_operations_sdmx,quarterly
2024-03-31,"Pakistan Definition,General Government Operations,Revenue and grants, Revenue, Nontax revenue, Federal, SOE dividends, National Currency [PAK_GGO_RG_R_NTR_F_SOED_XDC]",138884.637175,million PKR,mof_general_govt_operations_sdmx,quarterly
2024-06-30,"Pakistan Definition,General Government Operations,Revenue and grants, Revenue, Nontax revenue, Federal, SOE dividends, National Currency [PAK_GGO_RG_R_NTR_F_SOED_XDC]",186918.919464,million PKR,mof_general_govt_operations_sdmx,quarterly
2024-09-30,"Pakistan Definition,General Government Operations,Revenue and grants, Revenue, Nontax revenue, Federal, SOE dividends, National Currency [PAK_GGO_RG_R_NTR_F_SOED_XDC]",26554.157875,million PKR,mof_general_govt_operations_sdmx,quarterly
2024-12-31,"Pakistan Definition,General Government Operations,Revenue and grants, Revenue, Nontax revenue, Federal, SOE dividends, National Currency [PAK_GGO_RG_R_NTR_F_SOED_XDC]",76240.820824,million PKR,mof_general_govt_operations_sdmx,quarterly
2025-03-31,"Pakistan Definition,General Government Operations,Revenue and grants, Revenue, Nontax revenue, Federal, SOE dividends, National Currency [PAK_GGO_RG_R_NTR_F_SOED_XDC]",100865.790692,million PKR,mof_general_govt_operations_sdmx,quarterly
2016-09-30,"Pakistan Definition,General Government Operations,Revenue and grants, Revenue, Nontax revenue, National Currency [PAK_GGO_RG_R_NTR_XDC]",113718.0,million PKR,mof_general_govt_operations_sdmx,quarterly
2016-12-31,"Pakistan Definition,General Government Operations,Revenue and grants, Revenue, Nontax revenue, National Currency [PAK_GGO_RG_R_NTR_XDC]",357786.0,million PKR,mof_general_govt_operations_sdmx,quarterly
2017-03-31,"Pakistan Definition,General Government Operations,Revenue and grants, Revenue, Nontax revenue, National Currency [PAK_GGO_RG_R_NTR_XDC]",506174.0,million PKR,mof_general_govt_operations_sdmx,quarterly
2017-06-30,"Pakistan Definition,General Government Operations,Revenue and grants, Revenue, Nontax revenue, National Currency [PAK_GGO_RG_R_NTR_XDC]",760855.0,million PKR,mof_general_govt_operations_sdmx,quarterly
2017-09-30,"Pakistan Definition,General Government Operations,Revenue and grants, Revenue, Nontax revenue, National Currency [PAK_GGO_RG_R_NTR_XDC]",126890.366,million PKR,mof_general_govt_operations_sdmx,quarterly
2017-12-31,"Pakistan Definition,General Government Operations,Revenue and grants, Revenue, Nontax revenue, National Currency [PAK_GGO_RG_R_NTR_XDC]",244610.0,million PKR,mof_general_govt_operations_sdmx,quarterly
2018-03-31,"Pakistan Definition,General Government Operations,Revenue and grants, Revenue, Nontax revenue, National Currency [PAK_GGO_RG_R_NTR_XDC]",421605.0,million PKR,mof_general_govt_operations_sdmx,quarterly
2018-06-30,"Pakistan Definition,General Government Operations,Revenue and grants, Revenue, Nontax revenue, National Currency [PAK_GGO_RG_R_NTR_XDC]",427302.0,million PKR,mof_general_govt_operations_sdmx,quarterly
2018-09-30,"Pakistan Definition,General Government Operations,Revenue and grants, Revenue, Nontax revenue, National Currency [PAK_GGO_RG_R_NTR_XDC]",346143.0,million PKR,mof_general_govt_operations_sdmx,quarterly
2018-12-31,"Pakistan Definition,General Government Operations,Revenue and grants, Revenue, Nontax revenue, National Currency [PAK_GGO_RG_R_NTR_XDC]",766721.0,million PKR,mof_general_govt_operations_sdmx,quarterly
2019-03-31,"Pakistan Definition,General Government Operations,Revenue and grants, Revenue, Nontax revenue, National Currency [PAK_GGO_RG_R_NTR_XDC]",1095555.0,million PKR,mof_general_govt_operations_sdmx,quarterly
2019-06-30,"Pakistan Definition,General Government Operations,Revenue and grants, Revenue, Nontax revenue, National Currency [PAK_GGO_RG_R_NTR_XDC]",1524366.0,million PKR,mof_general_govt_operations_sdmx,quarterly
2019-09-30,"Pakistan Definition,General Government Operations,Revenue and grants, Revenue, Nontax revenue, National Currency [PAK_GGO_RG_R_NTR_XDC]",202512.0,million PKR,mof_general_govt_operations_sdmx,quarterly
2019-12-31,"Pakistan Definition,General Government Operations,Revenue and grants, Revenue, Nontax revenue, National Currency [PAK_GGO_RG_R_NTR_XDC]",589106.91,million PKR,mof_general_govt_operations_sdmx,quarterly
2020-03-31,"Pakistan Definition,General Government Operations,Revenue and grants, Revenue, Nontax revenue, National Currency [PAK_GGO_RG_R_NTR_XDC]",812929.39,million PKR,mof_general_govt_operations_sdmx,quarterly
2020-06-30,"Pakistan Definition,General Government Operations,Revenue and grants, Revenue, Nontax revenue, National Currency [PAK_GGO_RG_R_NTR_XDC]",1147189.0,million PKR,mof_general_govt_operations_sdmx,quarterly
2020-09-30,"Pakistan Definition,General Government Operations,Revenue and grants, Revenue, Nontax revenue, National Currency [PAK_GGO_RG_R_NTR_XDC]",245812.0,million PKR,mof_general_govt_operations_sdmx,quarterly
2020-12-31,"Pakistan Definition,General Government Operations,Revenue and grants, Revenue, Nontax revenue, National Currency [PAK_GGO_RG_R_NTR_XDC]",663524.0,million PKR,mof_general_govt_operations_sdmx,quarterly
2021-03-31,"Pakistan Definition,General Government Operations,Revenue and grants, Revenue, Nontax revenue, National Currency [PAK_GGO_RG_R_NTR_XDC]",878985.0,million PKR,mof_general_govt_operations_sdmx,quarterly
2021-06-30,"Pakistan Definition,General Government Operations,Revenue and grants, Revenue, Nontax revenue, National Currency [PAK_GGO_RG_R_NTR_XDC]",1092072.0,million PKR,mof_general_govt_operations_sdmx,quarterly
2021-09-30,"Pakistan Definition,General Government Operations,Revenue and grants, Revenue, Nontax revenue, National Currency [PAK_GGO_RG_R_NTR_XDC]",174470.0,million PKR,mof_general_govt_operations_sdmx,quarterly
2021-12-31,"Pakistan Definition,General Government Operations,Revenue and grants, Revenue, Nontax revenue, National Currency [PAK_GGO_RG_R_NTR_XDC]",763725.0,million PKR,mof_general_govt_operations_sdmx,quarterly
2022-03-31,"Pakistan Definition,General Government Operations,Revenue and grants, Revenue, Nontax revenue, National Currency [PAK_GGO_RG_R_NTR_XDC]",925450.0,million PKR,mof_general_govt_operations_sdmx,quarterly
2022-06-30,"Pakistan Definition,General Government Operations,Revenue and grants, Revenue, Nontax revenue, National Currency [PAK_GGO_RG_R_NTR_XDC]",1195977.0,million PKR,mof_general_govt_operations_sdmx,quarterly
2022-09-30,"Pakistan Definition,General Government Operations,Revenue and grants, Revenue, Nontax revenue, National Currency [PAK_GGO_RG_R_NTR_XDC]",241142.0,million PKR,mof_general_govt_operations_sdmx,quarterly
2022-12-31,"Pakistan Definition,General Government Operations,Revenue and grants, Revenue, Nontax revenue, National Currency [PAK_GGO_RG_R_NTR_XDC]",1531051.0,million PKR,mof_general_govt_operations_sdmx,quarterly
2023-03-31,"Pakistan Definition,General Government Operations,Revenue and grants, Revenue, Nontax revenue, National Currency [PAK_GGO_RG_R_NTR_XDC]",1761708.98,million PKR,mof_general_govt_operations_sdmx,quarterly
2023-06-30,"Pakistan Definition,General Government Operations,Revenue and grants, Revenue, Nontax revenue, National Currency [PAK_GGO_RG_R_NTR_XDC]",2109638.590149,million PKR,mof_general_govt_operations_sdmx,quarterly
2023-09-30,"Pakistan Definition,General Government Operations,Revenue and grants, Revenue, Nontax revenue, National Currency [PAK_GGO_RG_R_NTR_XDC]",2772217.6145959995,million PKR,mof_general_govt_operations_sdmx,quarterly
2023-12-31,"Pakistan Definition,General Government Operations,Revenue and grants, Revenue, Nontax revenue, National Currency [PAK_GGO_RG_R_NTR_XDC]",3106582.8491610005,million PKR,mof_general_govt_operations_sdmx,quarterly
2024-03-31,"Pakistan Definition,General Government Operations,Revenue and grants, Revenue, Nontax revenue, National Currency [PAK_GGO_RG_R_NTR_XDC]",3339169.8395519997,million PKR,mof_general_govt_operations_sdmx,quarterly
2024-06-30,"Pakistan Definition,General Government Operations,Revenue and grants, Revenue, Nontax revenue, National Currency [PAK_GGO_RG_R_NTR_XDC]",3982027.285219,million PKR,mof_general_govt_operations_sdmx,quarterly
2024-09-30,"Pakistan Definition,General Government Operations,Revenue and grants, Revenue, Nontax revenue, National Currency [PAK_GGO_RG_R_NTR_XDC]",2643443.6047920003,million PKR,mof_general_govt_operations_sdmx,quarterly
2024-12-31,"Pakistan Definition,General Government Operations,Revenue and grants, Revenue, Nontax revenue, National Currency [PAK_GGO_RG_R_NTR_XDC]",3036915.1039299998,million PKR,mof_general_govt_operations_sdmx,quarterly
2025-03-31,"Pakistan Definition,General Government Operations,Revenue and grants, Revenue, Nontax revenue, National Currency [PAK_GGO_RG_R_NTR_XDC]",3290074.02112732,million PKR,mof_general_govt_operations_sdmx,quarterly
2016-09-30,"Pakistan Definition,General Government Operations,Revenue and grants, Revenue, Nontax revenue, Provincial, National Currency [PAK_GGO_RG_R_NTR_P_XDC]",27350.0,million PKR,mof_general_govt_operations_sdmx,quarterly
2016-12-31,"Pakistan Definition,General Government Operations,Revenue and grants, Revenue, Nontax revenue, Provincial, National Currency [PAK_GGO_RG_R_NTR_P_XDC]",64494.0,million PKR,mof_general_govt_operations_sdmx,quarterly
2017-03-31,"Pakistan Definition,General Government Operations,Revenue and grants, Revenue, Nontax revenue, Provincial, National Currency [PAK_GGO_RG_R_NTR_P_XDC]",126645.0,million PKR,mof_general_govt_operations_sdmx,quarterly
2017-06-30,"Pakistan Definition,General Government Operations,Revenue and grants, Revenue, Nontax revenue, Provincial, National Currency [PAK_GGO_RG_R_NTR_P_XDC]",146698.0,million PKR,mof_general_govt_operations_sdmx,quarterly
2017-09-30,"Pakistan Definition,General Government Operations,Revenue and grants, Revenue, Nontax revenue, Provincial, National Currency [PAK_GGO_RG_R_NTR_P_XDC]",14610.366,million PKR,mof_general_govt_operations_sdmx,quarterly
2017-12-31,"Pakistan Definition,General Government Operations,Revenue and grants, Revenue, Nontax revenue, Provincial, National Currency [PAK_GGO_RG_R_NTR_P_XDC]",29255.0,million PKR,mof_general_govt_operations_sdmx,quarterly
2018-03-31,"Pakistan Definition,General Government Operations,Revenue and grants, Revenue, Nontax revenue, Provincial, National Currency [PAK_GGO_RG_R_NTR_P_XDC]",65300.0,million PKR,mof_general_govt_operations_sdmx,quarterly
2018-06-30,"Pakistan Definition,General Government Operations,Revenue and grants, Revenue, Nontax revenue, Provincial, National Currency [PAK_GGO_RG_R_NTR_P_XDC]",86296.0,million PKR,mof_general_govt_operations_sdmx,quarterly
2018-09-30,"Pakistan Definition,General Government Operations,Revenue and grants, Revenue, Nontax revenue, Provincial, National Currency [PAK_GGO_RG_R_NTR_P_XDC]",30944.0,million PKR,mof_general_govt_operations_sdmx,quarterly
2018-12-31,"Pakistan Definition,General Government Operations,Revenue and grants, Revenue, Nontax revenue, Provincial, National Currency [PAK_GGO_RG_R_NTR_P_XDC]",59928.0,million PKR,mof_general_govt_operations_sdmx,quarterly
2019-03-31,"Pakistan Definition,General Government Operations,Revenue and grants, Revenue, Nontax revenue, Provincial, National Currency [PAK_GGO_RG_R_NTR_P_XDC]",79616.0,million PKR,mof_general_govt_operations_sdmx,quarterly
2019-06-30,"Pakistan Definition,General Government Operations,Revenue and grants, Revenue, Nontax revenue, Provincial, National Currency [PAK_GGO_RG_R_NTR_P_XDC]",102389.0,million PKR,mof_general_govt_operations_sdmx,quarterly
2019-09-30,"Pakistan Definition,General Government Operations,Revenue and grants, Revenue, Nontax revenue, Provincial, National Currency [PAK_GGO_RG_R_NTR_P_XDC]",20014.0,million PKR,mof_general_govt_operations_sdmx,quarterly
2019-12-31,"Pakistan Definition,General Government Operations,Revenue and grants, Revenue, Nontax revenue, Provincial, National Currency [PAK_GGO_RG_R_NTR_P_XDC]",47218.0,million PKR,mof_general_govt_operations_sdmx,quarterly
2020-03-31,"Pakistan Definition,General Government Operations,Revenue and grants, Revenue, Nontax revenue, Provincial, National Currency [PAK_GGO_RG_R_NTR_P_XDC]",82150.0,million PKR,mof_general_govt_operations_sdmx,quarterly
2020-06-30,"Pakistan Definition,General Government Operations,Revenue and grants, Revenue, Nontax revenue, Provincial, National Currency [PAK_GGO_RG_R_NTR_P_XDC]",150275.0,million PKR,mof_general_govt_operations_sdmx,quarterly
2020-09-30,"Pakistan Definition,General Government Operations,Revenue and grants, Revenue, Nontax revenue, Provincial, National Currency [PAK_GGO_RG_R_NTR_P_XDC]",34216.0,million PKR,mof_general_govt_operations_sdmx,quarterly
2020-12-31,"Pakistan Definition,General Government Operations,Revenue and grants, Revenue, Nontax revenue, Provincial, National Currency [PAK_GGO_RG_R_NTR_P_XDC]",67585.0,million PKR,mof_general_govt_operations_sdmx,quarterly
2021-03-31,"Pakistan Definition,General Government Operations,Revenue and grants, Revenue, Nontax revenue, Provincial, National Currency [PAK_GGO_RG_R_NTR_P_XDC]",93744.0,million PKR,mof_general_govt_operations_sdmx,quarterly
2021-06-30,"Pakistan Definition,General Government Operations,Revenue and grants, Revenue, Nontax revenue, Provincial, National Currency [PAK_GGO_RG_R_NTR_P_XDC]",128297.0,million PKR,mof_general_govt_operations_sdmx,quarterly
2021-09-30,"Pakistan Definition,General Government Operations,Revenue and grants, Revenue, Nontax revenue, Provincial, National Currency [PAK_GGO_RG_R_NTR_P_XDC]",32760.0,million PKR,mof_general_govt_operations_sdmx,quarterly
2021-12-31,"Pakistan Definition,General Government Operations,Revenue and grants, Revenue, Nontax revenue, Provincial, National Currency [PAK_GGO_RG_R_NTR_P_XDC]",70660.0,million PKR,mof_general_govt_operations_sdmx,quarterly
2022-03-31,"Pakistan Definition,General Government Operations,Revenue and grants, Revenue, Nontax revenue, Provincial, National Currency [PAK_GGO_RG_R_NTR_P_XDC]",105779.0,million PKR,mof_general_govt_operations_sdmx,quarterly
2022-06-30,"Pakistan Definition,General Government Operations,Revenue and grants, Revenue, Nontax revenue, Provincial, National Currency [PAK_GGO_RG_R_NTR_P_XDC]",165876.0,million PKR,mof_general_govt_operations_sdmx,quarterly
2022-09-30,"Pakistan Definition,General Government Operations,Revenue and grants, Revenue, Nontax revenue, Provincial, National Currency [PAK_GGO_RG_R_NTR_P_XDC]",33888.0,million PKR,mof_general_govt_operations_sdmx,quarterly
2022-12-31,"Pakistan Definition,General Government Operations,Revenue and grants, Revenue, Nontax revenue, Provincial, National Currency [PAK_GGO_RG_R_NTR_P_XDC]",79170.0,million PKR,mof_general_govt_operations_sdmx,quarterly
2023-03-31,"Pakistan Definition,General Government Operations,Revenue and grants, Revenue, Nontax revenue, Provincial, National Currency [PAK_GGO_RG_R_NTR_P_XDC]",158891.0,million PKR,mof_general_govt_operations_sdmx,quarterly
2023-06-30,"Pakistan Definition,General Government Operations,Revenue and grants, Revenue, Nontax revenue, Provincial, National Currency [PAK_GGO_RG_R_NTR_P_XDC]",223118.0,million PKR,mof_general_govt_operations_sdmx,quarterly
2023-09-30,"Pakistan Definition,General Government Operations,Revenue and grants, Revenue, Nontax revenue, Provincial, National Currency [PAK_GGO_RG_R_NTR_P_XDC]",53941.0,million PKR,mof_general_govt_operations_sdmx,quarterly
2023-12-31,"Pakistan Definition,General Government Operations,Revenue and grants, Revenue, Nontax revenue, Provincial, National Currency [PAK_GGO_RG_R_NTR_P_XDC]",142797.0,million PKR,mof_general_govt_operations_sdmx,quarterly
2024-03-31,"Pakistan Definition,General Government Operations,Revenue and grants, Revenue, Nontax revenue, Provincial, National Currency [PAK_GGO_RG_R_NTR_P_XDC]",203010.0,million PKR,mof_general_govt_operations_sdmx,quarterly
2024-06-30,"Pakistan Definition,General Government Operations,Revenue and grants, Revenue, Nontax revenue, Provincial, National Currency [PAK_GGO_RG_R_NTR_P_XDC]",313591.035,million PKR,mof_general_govt_operations_sdmx,quarterly
2024-09-30,"Pakistan Definition,General Government Operations,Revenue and grants, Revenue, Nontax revenue, Provincial, National Currency [PAK_GGO_RG_R_NTR_P_XDC]",61930.0,million PKR,mof_general_govt_operations_sdmx,quarterly
2024-12-31,"Pakistan Definition,General Government Operations,Revenue and grants, Revenue, Nontax revenue, Provincial, National Currency [PAK_GGO_RG_R_NTR_P_XDC]",154723.0,million PKR,mof_general_govt_operations_sdmx,quarterly
2025-03-31,"Pakistan Definition,General Government Operations,Revenue and grants, Revenue, Nontax revenue, Provincial, National Currency [PAK_GGO_RG_R_NTR_P_XDC]",277530.0,million PKR,mof_general_govt_operations_sdmx,quarterly
2016-09-30,"Pakistan Definition,General Government Operations,Revenue and grants, Revenue, Tax Revenue, Federal, FBR revenue, Customs duties, National Currency [PAK_GGO_RG_R_TR_F_FBR_CD_XDC]",128145.0,million PKR,mof_general_govt_operations_sdmx,quarterly
2016-12-31,"Pakistan Definition,General Government Operations,Revenue and grants, Revenue, Tax Revenue, Federal, FBR revenue, Customs duties, National Currency [PAK_GGO_RG_R_TR_F_FBR_CD_XDC]",282617.0,million PKR,mof_general_govt_operations_sdmx,quarterly
2017-03-31,"Pakistan Definition,General Government Operations,Revenue and grants, Revenue, Tax Revenue, Federal, FBR revenue, Customs duties, National Currency [PAK_GGO_RG_R_TR_F_FBR_CD_XDC]",429852.0,million PKR,mof_general_govt_operations_sdmx,quarterly
2017-06-30,"Pakistan Definition,General Government Operations,Revenue and grants, Revenue, Tax Revenue, Federal, FBR revenue, Customs duties, National Currency [PAK_GGO_RG_R_TR_F_FBR_CD_XDC]",608325.0,million PKR,mof_general_govt_operations_sdmx,quarterly
2017-09-30,"Pakistan Definition,General Government Operations,Revenue and grants, Revenue, Tax Revenue, Federal, FBR revenue, Customs duties, National Currency [PAK_GGO_RG_R_TR_F_FBR_CD_XDC]",156544.0,million PKR,mof_general_govt_operations_sdmx,quarterly
2017-12-31,"Pakistan Definition,General Government Operations,Revenue and grants, Revenue, Tax Revenue, Federal, FBR revenue, Customs duties, National Currency [PAK_GGO_RG_R_TR_F_FBR_CD_XDC]",335790.0,million PKR,mof_general_govt_operations_sdmx,quarterly
2018-03-31,"Pakistan Definition,General Government Operations,Revenue and grants, Revenue, Tax Revenue, Federal, FBR revenue, Customs duties, National Currency [PAK_GGO_RG_R_TR_F_FBR_CD_XDC]",507186.0,million PKR,mof_general_govt_operations_sdmx,quarterly
2018-06-30,"Pakistan Definition,General Government Operations,Revenue and grants, Revenue, Tax Revenue, Federal, FBR revenue, Customs duties, National Currency [PAK_GGO_RG_R_TR_F_FBR_CD_XDC]",685397.0,million PKR,mof_general_govt_operations_sdmx,quarterly
2018-09-30,"Pakistan Definition,General Government Operations,Revenue and grants, Revenue, Tax Revenue, Federal, FBR revenue, Customs duties, National Currency [PAK_GGO_RG_R_TR_F_FBR_CD_XDC]",155568.0,million PKR,mof_general_govt_operations_sdmx,quarterly
2018-12-31,"Pakistan Definition,General Government Operations,Revenue and grants, Revenue, Tax Revenue, Federal, FBR revenue, Customs duties, National Currency [PAK_GGO_RG_R_TR_F_FBR_CD_XDC]",328135.0,million PKR,mof_general_govt_operations_sdmx,quarterly
2019-03-31,"Pakistan Definition,General Government Operations,Revenue and grants, Revenue, Tax Revenue, Federal, FBR revenue, Customs duties, National Currency [PAK_GGO_RG_R_TR_F_FBR_CD_XDC]",474100.0,million PKR,mof_general_govt_operations_sdmx,quarterly
2019-06-30,"Pakistan Definition,General Government Operations,Revenue and grants, Revenue, Tax Revenue, Federal, FBR revenue, Customs duties, National Currency [PAK_GGO_RG_R_TR_F_FBR_CD_XDC]",626378.0,million PKR,mof_general_govt_operations_sdmx,quarterly
2019-09-30,"Pakistan Definition,General Government Operations,Revenue and grants, Revenue, Tax Revenue, Federal, FBR revenue, Customs duties, National Currency [PAK_GGO_RG_R_TR_F_FBR_CD_XDC]",155258.0,million PKR,mof_general_govt_operations_sdmx,quarterly
2019-12-31,"Pakistan Definition,General Government Operations,Revenue and grants, Revenue, Tax Revenue, Federal, FBR revenue, Customs duties, National Currency [PAK_GGO_RG_R_TR_F_FBR_CD_XDC]",337876.4,million PKR,mof_general_govt_operations_sdmx,quarterly
2020-03-31,"Pakistan Definition,General Government Operations,Revenue and grants, Revenue, Tax Revenue, Federal, FBR revenue, Customs duties, National Currency [PAK_GGO_RG_R_TR_F_FBR_CD_XDC]",541049.2,million PKR,mof_general_govt_operations_sdmx,quarterly
2020-06-30,"Pakistan Definition,General Government Operations,Revenue and grants, Revenue, Tax Revenue, Federal, FBR revenue, Customs duties, National Currency [PAK_GGO_RG_R_TR_F_FBR_CD_XDC]",765184.0,million PKR,mof_general_govt_operations_sdmx,quarterly
2020-09-30,"Pakistan Definition,General Government Operations,Revenue and grants, Revenue, Tax Revenue, Federal, FBR revenue, Customs duties, National Currency [PAK_GGO_RG_R_TR_F_FBR_CD_XDC]",221253.0,million PKR,mof_general_govt_operations_sdmx,quarterly
2020-12-31,"Pakistan Definition,General Government Operations,Revenue and grants, Revenue, Tax Revenue, Federal, FBR revenue, Customs duties, National Currency [PAK_GGO_RG_R_TR_F_FBR_CD_XDC]",480334.0,million PKR,mof_general_govt_operations_sdmx,quarterly
2021-03-31,"Pakistan Definition,General Government Operations,Revenue and grants, Revenue, Tax Revenue, Federal, FBR revenue, Customs duties, National Currency [PAK_GGO_RG_R_TR_F_FBR_CD_XDC]",714778.0,million PKR,mof_general_govt_operations_sdmx,quarterly
2021-06-30,"Pakistan Definition,General Government Operations,Revenue and grants, Revenue, Tax Revenue, Federal, FBR revenue, Customs duties, National Currency [PAK_GGO_RG_R_TR_F_FBR_CD_XDC]",1009498.0,million PKR,mof_general_govt_operations_sdmx,quarterly
2021-09-30,"Pakistan Definition,General Government Operations,Revenue and grants, Revenue, Tax Revenue, Federal, FBR revenue, Customs duties, National Currency [PAK_GGO_RG_R_TR_F_FBR_CD_XDC]",229957.0,million PKR,mof_general_govt_operations_sdmx,quarterly
2021-12-31,"Pakistan Definition,General Government Operations,Revenue and grants, Revenue, Tax Revenue, Federal, FBR revenue, Customs duties, National Currency [PAK_GGO_RG_R_TR_F_FBR_CD_XDC]",466925.0,million PKR,mof_general_govt_operations_sdmx,quarterly
2022-03-31,"Pakistan Definition,General Government Operations,Revenue and grants, Revenue, Tax Revenue, Federal, FBR revenue, Customs duties, National Currency [PAK_GGO_RG_R_TR_F_FBR_CD_XDC]",701152.0,million PKR,mof_general_govt_operations_sdmx,quarterly
2022-06-30,"Pakistan Definition,General Government Operations,Revenue and grants, Revenue, Tax Revenue, Federal, FBR revenue, Customs duties, National Currency [PAK_GGO_RG_R_TR_F_FBR_CD_XDC]",934823.0,million PKR,mof_general_govt_operations_sdmx,quarterly
2022-09-30,"Pakistan Definition,General Government Operations,Revenue and grants, Revenue, Tax Revenue, Federal, FBR revenue, Customs duties, National Currency [PAK_GGO_RG_R_TR_F_FBR_CD_XDC]",252220.0,million PKR,mof_general_govt_operations_sdmx,quarterly
2022-12-31,"Pakistan Definition,General Government Operations,Revenue and grants, Revenue, Tax Revenue, Federal, FBR revenue, Customs duties, National Currency [PAK_GGO_RG_R_TR_F_FBR_CD_XDC]",540504.0,million PKR,mof_general_govt_operations_sdmx,quarterly
2023-03-31,"Pakistan Definition,General Government Operations,Revenue and grants, Revenue, Tax Revenue, Federal, FBR revenue, Customs duties, National Currency [PAK_GGO_RG_R_TR_F_FBR_CD_XDC]",807805.0,million PKR,mof_general_govt_operations_sdmx,quarterly
2023-06-30,"Pakistan Definition,General Government Operations,Revenue and grants, Revenue, Tax Revenue, Federal, FBR revenue, Customs duties, National Currency [PAK_GGO_RG_R_TR_F_FBR_CD_XDC]",1104063.0,million PKR,mof_general_govt_operations_sdmx,quarterly
2023-09-30,"Pakistan Definition,General Government Operations,Revenue and grants, Revenue, Tax Revenue, Federal, FBR revenue, Customs duties, National Currency [PAK_GGO_RG_R_TR_F_FBR_CD_XDC]",276869.0,million PKR,mof_general_govt_operations_sdmx,quarterly
2023-12-31,"Pakistan Definition,General Government Operations,Revenue and grants, Revenue, Tax Revenue, Federal, FBR revenue, Customs duties, National Currency [PAK_GGO_RG_R_TR_F_FBR_CD_XDC]",598540.0,million PKR,mof_general_govt_operations_sdmx,quarterly
2024-03-31,"Pakistan Definition,General Government Operations,Revenue and grants, Revenue, Tax Revenue, Federal, FBR revenue, Customs duties, National Currency [PAK_GGO_RG_R_TR_F_FBR_CD_XDC]",927461.0000000001,million PKR,mof_general_govt_operations_sdmx,quarterly
2024-06-30,"Pakistan Definition,General Government Operations,Revenue and grants, Revenue, Tax Revenue, Federal, FBR revenue, Customs duties, National Currency [PAK_GGO_RG_R_TR_F_FBR_CD_XDC]",1284608.0,million PKR,mof_general_govt_operations_sdmx,quarterly
2024-09-30,"Pakistan Definition,General Government Operations,Revenue and grants, Revenue, Tax Revenue, Federal, FBR revenue, Customs duties, National Currency [PAK_GGO_RG_R_TR_F_FBR_CD_XDC]",310580.00000000006,million PKR,mof_general_govt_operations_sdmx,quarterly
2024-12-31,"Pakistan Definition,General Government Operations,Revenue and grants, Revenue, Tax Revenue, Federal, FBR revenue, Customs duties, National Currency [PAK_GGO_RG_R_TR_F_FBR_CD_XDC]",642644.0,million PKR,mof_general_govt_operations_sdmx,quarterly
2025-03-31,"Pakistan Definition,General Government Operations,Revenue and grants, Revenue, Tax Revenue, Federal, FBR revenue, Customs duties, National Currency [PAK_GGO_RG_R_TR_F_FBR_CD_XDC]",955063.0,million PKR,mof_general_govt_operations_sdmx,quarterly
2016-09-30,"Pakistan Definition,General Government Operations,Revenue and grants, Revenue, Tax Revenue, Federal, FBR revenue, Direct tax, National Currency [PAK_GGO_RG_R_TR_F_FBR_D_XDC]",286922.0,million PKR,mof_general_govt_operations_sdmx,quarterly
2016-12-31,"Pakistan Definition,General Government Operations,Revenue and grants, Revenue, Tax Revenue, Federal, FBR revenue, Direct tax, National Currency [PAK_GGO_RG_R_TR_F_FBR_D_XDC]",673752.0,million PKR,mof_general_govt_operations_sdmx,quarterly
2017-03-31,"Pakistan Definition,General Government Operations,Revenue and grants, Revenue, Tax Revenue, Federal, FBR revenue, Direct tax, National Currency [PAK_GGO_RG_R_TR_F_FBR_D_XDC]",1009020.0,million PKR,mof_general_govt_operations_sdmx,quarterly
2017-06-30,"Pakistan Definition,General Government Operations,Revenue and grants, Revenue, Tax Revenue, Federal, FBR revenue, Direct tax, National Currency [PAK_GGO_RG_R_TR_F_FBR_D_XDC]",1536636.0,million PKR,mof_general_govt_operations_sdmx,quarterly
2017-09-30,"Pakistan Definition,General Government Operations,Revenue and grants, Revenue, Tax Revenue, Federal, FBR revenue, Direct tax, National Currency [PAK_GGO_RG_R_TR_F_FBR_D_XDC]",298539.0,million PKR,mof_general_govt_operations_sdmx,quarterly
2017-12-31,"Pakistan Definition,General Government Operations,Revenue and grants, Revenue, Tax Revenue, Federal, FBR revenue, Direct tax, National Currency [PAK_GGO_RG_R_TR_F_FBR_D_XDC]",672564.0,million PKR,mof_general_govt_operations_sdmx,quarterly
2018-03-31,"Pakistan Definition,General Government Operations,Revenue and grants, Revenue, Tax Revenue, Federal, FBR revenue, Direct tax, National Currency [PAK_GGO_RG_R_TR_F_FBR_D_XDC]",997411.0,million PKR,mof_general_govt_operations_sdmx,quarterly
2018-06-30,"Pakistan Definition,General Government Operations,Revenue and grants, Revenue, Tax Revenue, Federal, FBR revenue, Direct tax, National Currency [PAK_GGO_RG_R_TR_F_FBR_D_XDC]",1445594.0,million PKR,mof_general_govt_operations_sdmx,quarterly
2018-09-30,"Pakistan Definition,General Government Operations,Revenue and grants, Revenue, Tax Revenue, Federal, FBR revenue, Direct tax, National Currency [PAK_GGO_RG_R_TR_F_FBR_D_XDC]",355694.0,million PKR,mof_general_govt_operations_sdmx,quarterly
2018-12-31,"Pakistan Definition,General Government Operations,Revenue and grants, Revenue, Tax Revenue, Federal, FBR revenue, Direct tax, National Currency [PAK_GGO_RG_R_TR_F_FBR_D_XDC]",784362.0,million PKR,mof_general_govt_operations_sdmx,quarterly
2019-03-31,"Pakistan Definition,General Government Operations,Revenue and grants, Revenue, Tax Revenue, Federal, FBR revenue, Direct tax, National Currency [PAK_GGO_RG_R_TR_F_FBR_D_XDC]",1146090.0,million PKR,mof_general_govt_operations_sdmx,quarterly
2019-06-30,"Pakistan Definition,General Government Operations,Revenue and grants, Revenue, Tax Revenue, Federal, FBR revenue, Direct tax, National Currency [PAK_GGO_RG_R_TR_F_FBR_D_XDC]",1524252.0,million PKR,mof_general_govt_operations_sdmx,quarterly
2019-09-30,"Pakistan Definition,General Government Operations,Revenue and grants, Revenue, Tax Revenue, Federal, FBR revenue, Direct tax, National Currency [PAK_GGO_RG_R_TR_F_FBR_D_XDC]",363623.0,million PKR,mof_general_govt_operations_sdmx,quarterly
2019-12-31,"Pakistan Definition,General Government Operations,Revenue and grants, Revenue, Tax Revenue, Federal, FBR revenue, Direct tax, National Currency [PAK_GGO_RG_R_TR_F_FBR_D_XDC]",830827.0,million PKR,mof_general_govt_operations_sdmx,quarterly
2020-03-31,"Pakistan Definition,General Government Operations,Revenue and grants, Revenue, Tax Revenue, Federal, FBR revenue, Direct tax, National Currency [PAK_GGO_RG_R_TR_F_FBR_D_XDC]",1246379.0,million PKR,mof_general_govt_operations_sdmx,quarterly
2020-06-30,"Pakistan Definition,General Government Operations,Revenue and grants, Revenue, Tax Revenue, Federal, FBR revenue, Direct tax, National Currency [PAK_GGO_RG_R_TR_F_FBR_D_XDC]",1731860.0,million PKR,mof_general_govt_operations_sdmx,quarterly
2020-09-30,"Pakistan Definition,General Government Operations,Revenue and grants, Revenue, Tax Revenue, Federal, FBR revenue, Direct tax, National Currency [PAK_GGO_RG_R_TR_F_FBR_D_XDC]",481395.0,million PKR,mof_general_govt_operations_sdmx,quarterly
2020-12-31,"Pakistan Definition,General Government Operations,Revenue and grants, Revenue, Tax Revenue, Federal, FBR revenue, Direct tax, National Currency [PAK_GGO_RG_R_TR_F_FBR_D_XDC]",1019519.0,million PKR,mof_general_govt_operations_sdmx,quarterly
2021-03-31,"Pakistan Definition,General Government Operations,Revenue and grants, Revenue, Tax Revenue, Federal, FBR revenue, Direct tax, National Currency [PAK_GGO_RG_R_TR_F_FBR_D_XDC]",1578584.0,million PKR,mof_general_govt_operations_sdmx,quarterly
2021-06-30,"Pakistan Definition,General Government Operations,Revenue and grants, Revenue, Tax Revenue, Federal, FBR revenue, Direct tax, National Currency [PAK_GGO_RG_R_TR_F_FBR_D_XDC]",2280470.0,million PKR,mof_general_govt_operations_sdmx,quarterly
2021-09-30,"Pakistan Definition,General Government Operations,Revenue and grants, Revenue, Tax Revenue, Federal, FBR revenue, Direct tax, National Currency [PAK_GGO_RG_R_TR_F_FBR_D_XDC]",682675.0,million PKR,mof_general_govt_operations_sdmx,quarterly
2021-12-31,"Pakistan Definition,General Government Operations,Revenue and grants, Revenue, Tax Revenue, Federal, FBR revenue, Direct tax, National Currency [PAK_GGO_RG_R_TR_F_FBR_D_XDC]",1525653.0,million PKR,mof_general_govt_operations_sdmx,quarterly
2022-03-31,"Pakistan Definition,General Government Operations,Revenue and grants, Revenue, Tax Revenue, Federal, FBR revenue, Direct tax, National Currency [PAK_GGO_RG_R_TR_F_FBR_D_XDC]",2308916.0,million PKR,mof_general_govt_operations_sdmx,quarterly
2022-06-30,"Pakistan Definition,General Government Operations,Revenue and grants, Revenue, Tax Revenue, Federal, FBR revenue, Direct tax, National Currency [PAK_GGO_RG_R_TR_F_FBR_D_XDC]",3272402.0,million PKR,mof_general_govt_operations_sdmx,quarterly
2022-09-30,"Pakistan Definition,General Government Operations,Revenue and grants, Revenue, Tax Revenue, Federal, FBR revenue, Direct tax, National Currency [PAK_GGO_RG_R_TR_F_FBR_D_XDC]",934789.0,million PKR,mof_general_govt_operations_sdmx,quarterly
2022-12-31,"Pakistan Definition,General Government Operations,Revenue and grants, Revenue, Tax Revenue, Federal, FBR revenue, Direct tax, National Currency [PAK_GGO_RG_R_TR_F_FBR_D_XDC]",2148891.0,million PKR,mof_general_govt_operations_sdmx,quarterly
2023-03-31,"Pakistan Definition,General Government Operations,Revenue and grants, Revenue, Tax Revenue, Federal, FBR revenue, Direct tax, National Currency [PAK_GGO_RG_R_TR_F_FBR_D_XDC]",3264705.4399999995,million PKR,mof_general_govt_operations_sdmx,quarterly
2023-06-30,"Pakistan Definition,General Government Operations,Revenue and grants, Revenue, Tax Revenue, Federal, FBR revenue, Direct tax, National Currency [PAK_GGO_RG_R_TR_F_FBR_D_XDC]",4530722.000000001,million PKR,mof_general_govt_operations_sdmx,quarterly
2023-09-30,"Pakistan Definition,General Government Operations,Revenue and grants, Revenue, Tax Revenue, Federal, FBR revenue, Direct tax, National Currency [PAK_GGO_RG_R_TR_F_FBR_D_XDC]",1230243.0,million PKR,mof_general_govt_operations_sdmx,quarterly
2023-12-31,"Pakistan Definition,General Government Operations,Revenue and grants, Revenue, Tax Revenue, Federal, FBR revenue, Direct tax, National Currency [PAK_GGO_RG_R_TR_F_FBR_D_XDC]",2781552.0,million PKR,mof_general_govt_operations_sdmx,quarterly
2024-03-31,"Pakistan Definition,General Government Operations,Revenue and grants, Revenue, Tax Revenue, Federal, FBR revenue, Direct tax, National Currency [PAK_GGO_RG_R_TR_F_FBR_D_XDC]",4127815.0000000005,million PKR,mof_general_govt_operations_sdmx,quarterly
2024-06-30,"Pakistan Definition,General Government Operations,Revenue and grants, Revenue, Tax Revenue, Federal, FBR revenue, Direct tax, National Currency [PAK_GGO_RG_R_TR_F_FBR_D_XDC]",5791666.999999999,million PKR,mof_general_govt_operations_sdmx,quarterly
2024-09-30,"Pakistan Definition,General Government Operations,Revenue and grants, Revenue, Tax Revenue, Federal, FBR revenue, Direct tax, National Currency [PAK_GGO_RG_R_TR_F_FBR_D_XDC]",1364308.0000000002,million PKR,mof_general_govt_operations_sdmx,quarterly
2024-12-31,"Pakistan Definition,General Government Operations,Revenue and grants, Revenue, Tax Revenue, Federal, FBR revenue, Direct tax, National Currency [PAK_GGO_RG_R_TR_F_FBR_D_XDC]",3030311.9999999995,million PKR,mof_general_govt_operations_sdmx,quarterly
2025-03-31,"Pakistan Definition,General Government Operations,Revenue and grants, Revenue, Tax Revenue, Federal, FBR revenue, Direct tax, National Currency [PAK_GGO_RG_R_TR_F_FBR_D_XDC]",4637810.999999999,million PKR,mof_general_govt_operations_sdmx,quarterly
2016-09-30,"Pakistan Definition,General Government Operations,Revenue and grants, Revenue, Tax Revenue, Federal, FBR revenue, Excise duty, National Currency [PAK_GGO_RG_R_TR_F_FBR_ED_XDC]",35657.0,million PKR,mof_general_govt_operations_sdmx,quarterly
2016-12-31,"Pakistan Definition,General Government Operations,Revenue and grants, Revenue, Tax Revenue, Federal, FBR revenue, Excise duty, National Currency [PAK_GGO_RG_R_TR_F_FBR_ED_XDC]",83191.0,million PKR,mof_general_govt_operations_sdmx,quarterly
2017-03-31,"Pakistan Definition,General Government Operations,Revenue and grants, Revenue, Tax Revenue, Federal, FBR revenue, Excise duty, National Currency [PAK_GGO_RG_R_TR_F_FBR_ED_XDC]",139152.0,million PKR,mof_general_govt_operations_sdmx,quarterly
2017-06-30,"Pakistan Definition,General Government Operations,Revenue and grants, Revenue, Tax Revenue, Federal, FBR revenue, Excise duty, National Currency [PAK_GGO_RG_R_TR_F_FBR_ED_XDC]",205877.0,million PKR,mof_general_govt_operations_sdmx,quarterly
2017-09-30,"Pakistan Definition,General Government Operations,Revenue and grants, Revenue, Tax Revenue, Federal, FBR revenue, Excise duty, National Currency [PAK_GGO_RG_R_TR_F_FBR_ED_XDC]",42095.0,million PKR,mof_general_govt_operations_sdmx,quarterly
2017-12-31,"Pakistan Definition,General Government Operations,Revenue and grants, Revenue, Tax Revenue, Federal, FBR revenue, Excise duty, National Currency [PAK_GGO_RG_R_TR_F_FBR_ED_XDC]",93846.0,million PKR,mof_general_govt_operations_sdmx,quarterly
2018-03-31,"Pakistan Definition,General Government Operations,Revenue and grants, Revenue, Tax Revenue, Federal, FBR revenue, Excise duty, National Currency [PAK_GGO_RG_R_TR_F_FBR_ED_XDC]",151466.0,million PKR,mof_general_govt_operations_sdmx,quarterly
2018-06-30,"Pakistan Definition,General Government Operations,Revenue and grants, Revenue, Tax Revenue, Federal, FBR revenue, Excise duty, National Currency [PAK_GGO_RG_R_TR_F_FBR_ED_XDC]",233591.0,million PKR,mof_general_govt_operations_sdmx,quarterly
2018-09-30,"Pakistan Definition,General Government Operations,Revenue and grants, Revenue, Tax Revenue, Federal, FBR revenue, Excise duty, National Currency [PAK_GGO_RG_R_TR_F_FBR_ED_XDC]",49188.0,million PKR,mof_general_govt_operations_sdmx,quarterly
2018-12-31,"Pakistan Definition,General Government Operations,Revenue and grants, Revenue, Tax Revenue, Federal, FBR revenue, Excise duty, National Currency [PAK_GGO_RG_R_TR_F_FBR_ED_XDC]",122256.0,million PKR,mof_general_govt_operations_sdmx,quarterly
2019-03-31,"Pakistan Definition,General Government Operations,Revenue and grants, Revenue, Tax Revenue, Federal, FBR revenue, Excise duty, National Currency [PAK_GGO_RG_R_TR_F_FBR_ED_XDC]",181768.0,million PKR,mof_general_govt_operations_sdmx,quarterly
2019-06-30,"Pakistan Definition,General Government Operations,Revenue and grants, Revenue, Tax Revenue, Federal, FBR revenue, Excise duty, National Currency [PAK_GGO_RG_R_TR_F_FBR_ED_XDC]",250470.0,million PKR,mof_general_govt_operations_sdmx,quarterly
2019-09-30,"Pakistan Definition,General Government Operations,Revenue and grants, Revenue, Tax Revenue, Federal, FBR revenue, Excise duty, National Currency [PAK_GGO_RG_R_TR_F_FBR_ED_XDC]",56026.0,million PKR,mof_general_govt_operations_sdmx,quarterly
2019-12-31,"Pakistan Definition,General Government Operations,Revenue and grants, Revenue, Tax Revenue, Federal, FBR revenue, Excise duty, National Currency [PAK_GGO_RG_R_TR_F_FBR_ED_XDC]",123226.4,million PKR,mof_general_govt_operations_sdmx,quarterly
2020-03-31,"Pakistan Definition,General Government Operations,Revenue and grants, Revenue, Tax Revenue, Federal, FBR revenue, Excise duty, National Currency [PAK_GGO_RG_R_TR_F_FBR_ED_XDC]",191686.2,million PKR,mof_general_govt_operations_sdmx,quarterly
2020-06-30,"Pakistan Definition,General Government Operations,Revenue and grants, Revenue, Tax Revenue, Federal, FBR revenue, Excise duty, National Currency [PAK_GGO_RG_R_TR_F_FBR_ED_XDC]",277072.0,million PKR,mof_general_govt_operations_sdmx,quarterly
2020-09-30,"Pakistan Definition,General Government Operations,Revenue and grants, Revenue, Tax Revenue, Federal, FBR revenue, Excise duty, National Currency [PAK_GGO_RG_R_TR_F_FBR_ED_XDC]",70927.0,million PKR,mof_general_govt_operations_sdmx,quarterly
2020-12-31,"Pakistan Definition,General Government Operations,Revenue and grants, Revenue, Tax Revenue, Federal, FBR revenue, Excise duty, National Currency [PAK_GGO_RG_R_TR_F_FBR_ED_XDC]",145495.0,million PKR,mof_general_govt_operations_sdmx,quarterly
2021-03-31,"Pakistan Definition,General Government Operations,Revenue and grants, Revenue, Tax Revenue, Federal, FBR revenue, Excise duty, National Currency [PAK_GGO_RG_R_TR_F_FBR_ED_XDC]",224125.0,million PKR,mof_general_govt_operations_sdmx,quarterly
2021-06-30,"Pakistan Definition,General Government Operations,Revenue and grants, Revenue, Tax Revenue, Federal, FBR revenue, Excise duty, National Currency [PAK_GGO_RG_R_TR_F_FBR_ED_XDC]",320978.0,million PKR,mof_general_govt_operations_sdmx,quarterly
2021-09-30,"Pakistan Definition,General Government Operations,Revenue and grants, Revenue, Tax Revenue, Federal, FBR revenue, Excise duty, National Currency [PAK_GGO_RG_R_TR_F_FBR_ED_XDC]",79120.0,million PKR,mof_general_govt_operations_sdmx,quarterly
2021-12-31,"Pakistan Definition,General Government Operations,Revenue and grants, Revenue, Tax Revenue, Federal, FBR revenue, Excise duty, National Currency [PAK_GGO_RG_R_TR_F_FBR_ED_XDC]",164286.0,million PKR,mof_general_govt_operations_sdmx,quarterly
2022-03-31,"Pakistan Definition,General Government Operations,Revenue and grants, Revenue, Tax Revenue, Federal, FBR revenue, Excise duty, National Currency [PAK_GGO_RG_R_TR_F_FBR_ED_XDC]",244771.0,million PKR,mof_general_govt_operations_sdmx,quarterly
2022-06-30,"Pakistan Definition,General Government Operations,Revenue and grants, Revenue, Tax Revenue, Federal, FBR revenue, Excise duty, National Currency [PAK_GGO_RG_R_TR_F_FBR_ED_XDC]",369779.0,million PKR,mof_general_govt_operations_sdmx,quarterly
2022-09-30,"Pakistan Definition,General Government Operations,Revenue and grants, Revenue, Tax Revenue, Federal, FBR revenue, Excise duty, National Currency [PAK_GGO_RG_R_TR_F_FBR_ED_XDC]",127594.0,million PKR,mof_general_govt_operations_sdmx,quarterly
2022-12-31,"Pakistan Definition,General Government Operations,Revenue and grants, Revenue, Tax Revenue, Federal, FBR revenue, Excise duty, National Currency [PAK_GGO_RG_R_TR_F_FBR_ED_XDC]",264580.0,million PKR,mof_general_govt_operations_sdmx,quarterly
2023-03-31,"Pakistan Definition,General Government Operations,Revenue and grants, Revenue, Tax Revenue, Federal, FBR revenue, Excise duty, National Currency [PAK_GGO_RG_R_TR_F_FBR_ED_XDC]",401897.0,million PKR,mof_general_govt_operations_sdmx,quarterly
2023-06-30,"Pakistan Definition,General Government Operations,Revenue and grants, Revenue, Tax Revenue, Federal, FBR revenue, Excise duty, National Currency [PAK_GGO_RG_R_TR_F_FBR_ED_XDC]",577451.0,million PKR,mof_general_govt_operations_sdmx,quarterly
2023-09-30,"Pakistan Definition,General Government Operations,Revenue and grants, Revenue, Tax Revenue, Federal, FBR revenue, Excise duty, National Currency [PAK_GGO_RG_R_TR_F_FBR_ED_XDC]",151059.0,million PKR,mof_general_govt_operations_sdmx,quarterly
2023-12-31,"Pakistan Definition,General Government Operations,Revenue and grants, Revenue, Tax Revenue, Federal, FBR revenue, Excise duty, National Currency [PAK_GGO_RG_R_TR_F_FBR_ED_XDC]",346571.00000000006,million PKR,mof_general_govt_operations_sdmx,quarterly
2024-03-31,"Pakistan Definition,General Government Operations,Revenue and grants, Revenue, Tax Revenue, Federal, FBR revenue, Excise duty, National Currency [PAK_GGO_RG_R_TR_F_FBR_ED_XDC]",537030.9999999999,million PKR,mof_general_govt_operations_sdmx,quarterly
2024-06-30,"Pakistan Definition,General Government Operations,Revenue and grants, Revenue, Tax Revenue, Federal, FBR revenue, Excise duty, National Currency [PAK_GGO_RG_R_TR_F_FBR_ED_XDC]",766641.0,million PKR,mof_general_govt_operations_sdmx,quarterly
2024-09-30,"Pakistan Definition,General Government Operations,Revenue and grants, Revenue, Tax Revenue, Federal, FBR revenue, Excise duty, National Currency [PAK_GGO_RG_R_TR_F_FBR_ED_XDC]",190493.0,million PKR,mof_general_govt_operations_sdmx,quarterly
2024-12-31,"Pakistan Definition,General Government Operations,Revenue and grants, Revenue, Tax Revenue, Federal, FBR revenue, Excise duty, National Currency [PAK_GGO_RG_R_TR_F_FBR_ED_XDC]",400732.0,million PKR,mof_general_govt_operations_sdmx,quarterly
2025-03-31,"Pakistan Definition,General Government Operations,Revenue and grants, Revenue, Tax Revenue, Federal, FBR revenue, Excise duty, National Currency [PAK_GGO_RG_R_TR_F_FBR_ED_XDC]",608524.0,million PKR,mof_general_govt_operations_sdmx,quarterly
2016-09-30,"Pakistan Definition,General Government Operations,Revenue and grants, Revenue, Tax Revenue, Federal, FBR revenue, National Currency [PAK_GGO_RG_R_TR_F_FBR_XDC]",764837.0,million PKR,mof_general_govt_operations_sdmx,quarterly
2016-12-31,"Pakistan Definition,General Government Operations,Revenue and grants, Revenue, Tax Revenue, Federal, FBR revenue, National Currency [PAK_GGO_RG_R_TR_F_FBR_XDC]",1730082.0,million PKR,mof_general_govt_operations_sdmx,quarterly
2017-03-31,"Pakistan Definition,General Government Operations,Revenue and grants, Revenue, Tax Revenue, Federal, FBR revenue, National Currency [PAK_GGO_RG_R_TR_F_FBR_XDC]",2627648.0,million PKR,mof_general_govt_operations_sdmx,quarterly
2017-06-30,"Pakistan Definition,General Government Operations,Revenue and grants, Revenue, Tax Revenue, Federal, FBR revenue, National Currency [PAK_GGO_RG_R_TR_F_FBR_XDC]",3842148.0,million PKR,mof_general_govt_operations_sdmx,quarterly
2017-09-30,"Pakistan Definition,General Government Operations,Revenue and grants, Revenue, Tax Revenue, Federal, FBR revenue, National Currency [PAK_GGO_RG_R_TR_F_FBR_XDC]",832252.0,million PKR,mof_general_govt_operations_sdmx,quarterly
2017-12-31,"Pakistan Definition,General Government Operations,Revenue and grants, Revenue, Tax Revenue, Federal, FBR revenue, National Currency [PAK_GGO_RG_R_TR_F_FBR_XDC]",1795411.0,million PKR,mof_general_govt_operations_sdmx,quarterly
2018-03-31,"Pakistan Definition,General Government Operations,Revenue and grants, Revenue, Tax Revenue, Federal, FBR revenue, National Currency [PAK_GGO_RG_R_TR_F_FBR_XDC]",2704528.0,million PKR,mof_general_govt_operations_sdmx,quarterly
2018-06-30,"Pakistan Definition,General Government Operations,Revenue and grants, Revenue, Tax Revenue, Federal, FBR revenue, National Currency [PAK_GGO_RG_R_TR_F_FBR_XDC]",3829469.0,million PKR,mof_general_govt_operations_sdmx,quarterly
2018-09-30,"Pakistan Definition,General Government Operations,Revenue and grants, Revenue, Tax Revenue, Federal, FBR revenue, National Currency [PAK_GGO_RG_R_TR_F_FBR_XDC]",964371.0,million PKR,mof_general_govt_operations_sdmx,quarterly
2018-12-31,"Pakistan Definition,General Government Operations,Revenue and grants, Revenue, Tax Revenue, Federal, FBR revenue, National Currency [PAK_GGO_RG_R_TR_F_FBR_XDC]",2093413.0,million PKR,mof_general_govt_operations_sdmx,quarterly
2019-03-31,"Pakistan Definition,General Government Operations,Revenue and grants, Revenue, Tax Revenue, Federal, FBR revenue, National Currency [PAK_GGO_RG_R_TR_F_FBR_XDC]",3044282.0,million PKR,mof_general_govt_operations_sdmx,quarterly
2019-06-30,"Pakistan Definition,General Government Operations,Revenue and grants, Revenue, Tax Revenue, Federal, FBR revenue, National Currency [PAK_GGO_RG_R_TR_F_FBR_XDC]",3997921.0,million PKR,mof_general_govt_operations_sdmx,quarterly
2019-09-30,"Pakistan Definition,General Government Operations,Revenue and grants, Revenue, Tax Revenue, Federal, FBR revenue, National Currency [PAK_GGO_RG_R_TR_F_FBR_XDC]",1010641.0,million PKR,mof_general_govt_operations_sdmx,quarterly
2019-12-31,"Pakistan Definition,General Government Operations,Revenue and grants, Revenue, Tax Revenue, Federal, FBR revenue, National Currency [PAK_GGO_RG_R_TR_F_FBR_XDC]",2210048.2,million PKR,mof_general_govt_operations_sdmx,quarterly
2020-03-31,"Pakistan Definition,General Government Operations,Revenue and grants, Revenue, Tax Revenue, Federal, FBR revenue, National Currency [PAK_GGO_RG_R_TR_F_FBR_XDC]",3394884.5999999996,million PKR,mof_general_govt_operations_sdmx,quarterly
2020-06-30,"Pakistan Definition,General Government Operations,Revenue and grants, Revenue, Tax Revenue, Federal, FBR revenue, National Currency [PAK_GGO_RG_R_TR_F_FBR_XDC]",4764302.0,million PKR,mof_general_govt_operations_sdmx,quarterly
2020-09-30,"Pakistan Definition,General Government Operations,Revenue and grants, Revenue, Tax Revenue, Federal, FBR revenue, National Currency [PAK_GGO_RG_R_TR_F_FBR_XDC]",1397984.0,million PKR,mof_general_govt_operations_sdmx,quarterly
2020-12-31,"Pakistan Definition,General Government Operations,Revenue and grants, Revenue, Tax Revenue, Federal, FBR revenue, National Currency [PAK_GGO_RG_R_TR_F_FBR_XDC]",2919805.0,million PKR,mof_general_govt_operations_sdmx,quarterly
2021-03-31,"Pakistan Definition,General Government Operations,Revenue and grants, Revenue, Tax Revenue, Federal, FBR revenue, National Currency [PAK_GGO_RG_R_TR_F_FBR_XDC]",4383610.0,million PKR,mof_general_govt_operations_sdmx,quarterly
2021-06-30,"Pakistan Definition,General Government Operations,Revenue and grants, Revenue, Tax Revenue, Federal, FBR revenue, National Currency [PAK_GGO_RG_R_TR_F_FBR_XDC]",6142802.0,million PKR,mof_general_govt_operations_sdmx,quarterly
2021-09-30,"Pakistan Definition,General Government Operations,Revenue and grants, Revenue, Tax Revenue, Federal, FBR revenue, National Currency [PAK_GGO_RG_R_TR_F_FBR_XDC]",1633896.0,million PKR,mof_general_govt_operations_sdmx,quarterly
2021-12-31,"Pakistan Definition,General Government Operations,Revenue and grants, Revenue, Tax Revenue, Federal, FBR revenue, National Currency [PAK_GGO_RG_R_TR_F_FBR_XDC]",3428839.0,million PKR,mof_general_govt_operations_sdmx,quarterly
2022-03-31,"Pakistan Definition,General Government Operations,Revenue and grants, Revenue, Tax Revenue, Federal, FBR revenue, National Currency [PAK_GGO_RG_R_TR_F_FBR_XDC]",5155906.0,million PKR,mof_general_govt_operations_sdmx,quarterly
2022-06-30,"Pakistan Definition,General Government Operations,Revenue and grants, Revenue, Tax Revenue, Federal, FBR revenue, National Currency [PAK_GGO_RG_R_TR_F_FBR_XDC]",7169140.0,million PKR,mof_general_govt_operations_sdmx,quarterly
2022-09-30,"Pakistan Definition,General Government Operations,Revenue and grants, Revenue, Tax Revenue, Federal, FBR revenue, National Currency [PAK_GGO_RG_R_TR_F_FBR_XDC]",2041547.0,million PKR,mof_general_govt_operations_sdmx,quarterly
2022-12-31,"Pakistan Definition,General Government Operations,Revenue and grants, Revenue, Tax Revenue, Federal, FBR revenue, National Currency [PAK_GGO_RG_R_TR_F_FBR_XDC]",4469241.0,million PKR,mof_general_govt_operations_sdmx,quarterly
2023-03-31,"Pakistan Definition,General Government Operations,Revenue and grants, Revenue, Tax Revenue, Federal, FBR revenue, National Currency [PAK_GGO_RG_R_TR_F_FBR_XDC]",6711514.4399999995,million PKR,mof_general_govt_operations_sdmx,quarterly
2023-06-30,"Pakistan Definition,General Government Operations,Revenue and grants, Revenue, Tax Revenue, Federal, FBR revenue, National Currency [PAK_GGO_RG_R_TR_F_FBR_XDC]",9311007.0,million PKR,mof_general_govt_operations_sdmx,quarterly
2023-09-30,"Pakistan Definition,General Government Operations,Revenue and grants, Revenue, Tax Revenue, Federal, FBR revenue, National Currency [PAK_GGO_RG_R_TR_F_FBR_XDC]",2562927.0,million PKR,mof_general_govt_operations_sdmx,quarterly
2023-12-31,"Pakistan Definition,General Government Operations,Revenue and grants, Revenue, Tax Revenue, Federal, FBR revenue, National Currency [PAK_GGO_RG_R_TR_F_FBR_XDC]",5624851.0,million PKR,mof_general_govt_operations_sdmx,quarterly
2024-03-31,"Pakistan Definition,General Government Operations,Revenue and grants, Revenue, Tax Revenue, Federal, FBR revenue, National Currency [PAK_GGO_RG_R_TR_F_FBR_XDC]",8453051.0,million PKR,mof_general_govt_operations_sdmx,quarterly
2024-06-30,"Pakistan Definition,General Government Operations,Revenue and grants, Revenue, Tax Revenue, Federal, FBR revenue, National Currency [PAK_GGO_RG_R_TR_F_FBR_XDC]",11744288.0,million PKR,mof_general_govt_operations_sdmx,quarterly
2024-09-30,"Pakistan Definition,General Government Operations,Revenue and grants, Revenue, Tax Revenue, Federal, FBR revenue, National Currency [PAK_GGO_RG_R_TR_F_FBR_XDC]",2884370.0,million PKR,mof_general_govt_operations_sdmx,quarterly
2024-12-31,"Pakistan Definition,General Government Operations,Revenue and grants, Revenue, Tax Revenue, Federal, FBR revenue, National Currency [PAK_GGO_RG_R_TR_F_FBR_XDC]",6160842.0,million PKR,mof_general_govt_operations_sdmx,quarterly
2025-03-31,"Pakistan Definition,General Government Operations,Revenue and grants, Revenue, Tax Revenue, Federal, FBR revenue, National Currency [PAK_GGO_RG_R_TR_F_FBR_XDC]",9305903.0,million PKR,mof_general_govt_operations_sdmx,quarterly
2016-09-30,"Pakistan Definition,General Government Operations,Revenue and grants, Revenue, Tax Revenue, Federal, FBR revenue, Sales tax, National Currency [PAK_GGO_RG_R_TR_F_FBR_ST_XDC]",314113.0,million PKR,mof_general_govt_operations_sdmx,quarterly
2016-12-31,"Pakistan Definition,General Government Operations,Revenue and grants, Revenue, Tax Revenue, Federal, FBR revenue, Sales tax, National Currency [PAK_GGO_RG_R_TR_F_FBR_ST_XDC]",690522.0,million PKR,mof_general_govt_operations_sdmx,quarterly
2017-03-31,"Pakistan Definition,General Government Operations,Revenue and grants, Revenue, Tax Revenue, Federal, FBR revenue, Sales tax, National Currency [PAK_GGO_RG_R_TR_F_FBR_ST_XDC]",1049624.0,million PKR,mof_general_govt_operations_sdmx,quarterly
2017-06-30,"Pakistan Definition,General Government Operations,Revenue and grants, Revenue, Tax Revenue, Federal, FBR revenue, Sales tax, National Currency [PAK_GGO_RG_R_TR_F_FBR_ST_XDC]",1491310.0,million PKR,mof_general_govt_operations_sdmx,quarterly
2017-09-30,"Pakistan Definition,General Government Operations,Revenue and grants, Revenue, Tax Revenue, Federal, FBR revenue, Sales tax, National Currency [PAK_GGO_RG_R_TR_F_FBR_ST_XDC]",335074.0,million PKR,mof_general_govt_operations_sdmx,quarterly
2017-12-31,"Pakistan Definition,General Government Operations,Revenue and grants, Revenue, Tax Revenue, Federal, FBR revenue, Sales tax, National Currency [PAK_GGO_RG_R_TR_F_FBR_ST_XDC]",693211.0,million PKR,mof_general_govt_operations_sdmx,quarterly
2018-03-31,"Pakistan Definition,General Government Operations,Revenue and grants, Revenue, Tax Revenue, Federal, FBR revenue, Sales tax, National Currency [PAK_GGO_RG_R_TR_F_FBR_ST_XDC]",1048465.0,million PKR,mof_general_govt_operations_sdmx,quarterly
2018-06-30,"Pakistan Definition,General Government Operations,Revenue and grants, Revenue, Tax Revenue, Federal, FBR revenue, Sales tax, National Currency [PAK_GGO_RG_R_TR_F_FBR_ST_XDC]",1464887.0,million PKR,mof_general_govt_operations_sdmx,quarterly
2018-09-30,"Pakistan Definition,General Government Operations,Revenue and grants, Revenue, Tax Revenue, Federal, FBR revenue, Sales tax, National Currency [PAK_GGO_RG_R_TR_F_FBR_ST_XDC]",403921.0,million PKR,mof_general_govt_operations_sdmx,quarterly
2018-12-31,"Pakistan Definition,General Government Operations,Revenue and grants, Revenue, Tax Revenue, Federal, FBR revenue, Sales tax, National Currency [PAK_GGO_RG_R_TR_F_FBR_ST_XDC]",858660.0,million PKR,mof_general_govt_operations_sdmx,quarterly
2019-03-31,"Pakistan Definition,General Government Operations,Revenue and grants, Revenue, Tax Revenue, Federal, FBR revenue, Sales tax, National Currency [PAK_GGO_RG_R_TR_F_FBR_ST_XDC]",1242324.0,million PKR,mof_general_govt_operations_sdmx,quarterly
2019-06-30,"Pakistan Definition,General Government Operations,Revenue and grants, Revenue, Tax Revenue, Federal, FBR revenue, Sales tax, National Currency [PAK_GGO_RG_R_TR_F_FBR_ST_XDC]",1596821.0,million PKR,mof_general_govt_operations_sdmx,quarterly
2019-09-30,"Pakistan Definition,General Government Operations,Revenue and grants, Revenue, Tax Revenue, Federal, FBR revenue, Sales tax, National Currency [PAK_GGO_RG_R_TR_F_FBR_ST_XDC]",435734.0,million PKR,mof_general_govt_operations_sdmx,quarterly
2019-12-31,"Pakistan Definition,General Government Operations,Revenue and grants, Revenue, Tax Revenue, Federal, FBR revenue, Sales tax, National Currency [PAK_GGO_RG_R_TR_F_FBR_ST_XDC]",918118.4,million PKR,mof_general_govt_operations_sdmx,quarterly
2020-03-31,"Pakistan Definition,General Government Operations,Revenue and grants, Revenue, Tax Revenue, Federal, FBR revenue, Sales tax, National Currency [PAK_GGO_RG_R_TR_F_FBR_ST_XDC]",1415770.2,million PKR,mof_general_govt_operations_sdmx,quarterly
2020-06-30,"Pakistan Definition,General Government Operations,Revenue and grants, Revenue, Tax Revenue, Federal, FBR revenue, Sales tax, National Currency [PAK_GGO_RG_R_TR_F_FBR_ST_XDC]",1990186.0,million PKR,mof_general_govt_operations_sdmx,quarterly
2020-09-30,"Pakistan Definition,General Government Operations,Revenue and grants, Revenue, Tax Revenue, Federal, FBR revenue, Sales tax, National Currency [PAK_GGO_RG_R_TR_F_FBR_ST_XDC]",624409.0,million PKR,mof_general_govt_operations_sdmx,quarterly
2020-12-31,"Pakistan Definition,General Government Operations,Revenue and grants, Revenue, Tax Revenue, Federal, FBR revenue, Sales tax, National Currency [PAK_GGO_RG_R_TR_F_FBR_ST_XDC]",1274457.0,million PKR,mof_general_govt_operations_sdmx,quarterly
2021-03-31,"Pakistan Definition,General Government Operations,Revenue and grants, Revenue, Tax Revenue, Federal, FBR revenue, Sales tax, National Currency [PAK_GGO_RG_R_TR_F_FBR_ST_XDC]",1866123.0,million PKR,mof_general_govt_operations_sdmx,quarterly
2021-06-30,"Pakistan Definition,General Government Operations,Revenue and grants, Revenue, Tax Revenue, Federal, FBR revenue, Sales tax, National Currency [PAK_GGO_RG_R_TR_F_FBR_ST_XDC]",2531856.0,million PKR,mof_general_govt_operations_sdmx,quarterly
2021-09-30,"Pakistan Definition,General Government Operations,Revenue and grants, Revenue, Tax Revenue, Federal, FBR revenue, Sales tax, National Currency [PAK_GGO_RG_R_TR_F_FBR_ST_XDC]",642144.0,million PKR,mof_general_govt_operations_sdmx,quarterly
2021-12-31,"Pakistan Definition,General Government Operations,Revenue and grants, Revenue, Tax Revenue, Federal, FBR revenue, Sales tax, National Currency [PAK_GGO_RG_R_TR_F_FBR_ST_XDC]",1271975.0,million PKR,mof_general_govt_operations_sdmx,quarterly
2022-03-31,"Pakistan Definition,General Government Operations,Revenue and grants, Revenue, Tax Revenue, Federal, FBR revenue, Sales tax, National Currency [PAK_GGO_RG_R_TR_F_FBR_ST_XDC]",1901067.0,million PKR,mof_general_govt_operations_sdmx,quarterly
2022-06-30,"Pakistan Definition,General Government Operations,Revenue and grants, Revenue, Tax Revenue, Federal, FBR revenue, Sales tax, National Currency [PAK_GGO_RG_R_TR_F_FBR_ST_XDC]",2592136.0,million PKR,mof_general_govt_operations_sdmx,quarterly
2022-09-30,"Pakistan Definition,General Government Operations,Revenue and grants, Revenue, Tax Revenue, Federal, FBR revenue, Sales tax, National Currency [PAK_GGO_RG_R_TR_F_FBR_ST_XDC]",726944.0,million PKR,mof_general_govt_operations_sdmx,quarterly
2022-12-31,"Pakistan Definition,General Government Operations,Revenue and grants, Revenue, Tax Revenue, Federal, FBR revenue, Sales tax, National Currency [PAK_GGO_RG_R_TR_F_FBR_ST_XDC]",1515266.0,million PKR,mof_general_govt_operations_sdmx,quarterly
2023-03-31,"Pakistan Definition,General Government Operations,Revenue and grants, Revenue, Tax Revenue, Federal, FBR revenue, Sales tax, National Currency [PAK_GGO_RG_R_TR_F_FBR_ST_XDC]",2237107.0,million PKR,mof_general_govt_operations_sdmx,quarterly
2023-06-30,"Pakistan Definition,General Government Operations,Revenue and grants, Revenue, Tax Revenue, Federal, FBR revenue, Sales tax, National Currency [PAK_GGO_RG_R_TR_F_FBR_ST_XDC]",3098771.0,million PKR,mof_general_govt_operations_sdmx,quarterly
2023-09-30,"Pakistan Definition,General Government Operations,Revenue and grants, Revenue, Tax Revenue, Federal, FBR revenue, Sales tax, National Currency [PAK_GGO_RG_R_TR_F_FBR_ST_XDC]",904756.0,million PKR,mof_general_govt_operations_sdmx,quarterly
2023-12-31,"Pakistan Definition,General Government Operations,Revenue and grants, Revenue, Tax Revenue, Federal, FBR revenue, Sales tax, National Currency [PAK_GGO_RG_R_TR_F_FBR_ST_XDC]",1898188.0,million PKR,mof_general_govt_operations_sdmx,quarterly
2024-03-31,"Pakistan Definition,General Government Operations,Revenue and grants, Revenue, Tax Revenue, Federal, FBR revenue, Sales tax, National Currency [PAK_GGO_RG_R_TR_F_FBR_ST_XDC]",2860744.0,million PKR,mof_general_govt_operations_sdmx,quarterly
2024-06-30,"Pakistan Definition,General Government Operations,Revenue and grants, Revenue, Tax Revenue, Federal, FBR revenue, Sales tax, National Currency [PAK_GGO_RG_R_TR_F_FBR_ST_XDC]",3901372.0,million PKR,mof_general_govt_operations_sdmx,quarterly
2024-09-30,"Pakistan Definition,General Government Operations,Revenue and grants, Revenue, Tax Revenue, Federal, FBR revenue, Sales tax, National Currency [PAK_GGO_RG_R_TR_F_FBR_ST_XDC]",1018989.0,million PKR,mof_general_govt_operations_sdmx,quarterly
2024-12-31,"Pakistan Definition,General Government Operations,Revenue and grants, Revenue, Tax Revenue, Federal, FBR revenue, Sales tax, National Currency [PAK_GGO_RG_R_TR_F_FBR_ST_XDC]",2087154.0,million PKR,mof_general_govt_operations_sdmx,quarterly
2025-03-31,"Pakistan Definition,General Government Operations,Revenue and grants, Revenue, Tax Revenue, Federal, FBR revenue, Sales tax, National Currency [PAK_GGO_RG_R_TR_F_FBR_ST_XDC]",3104505.0,million PKR,mof_general_govt_operations_sdmx,quarterly
2016-09-30,"Pakistan Definition,General Government Operations,Revenue and grants, Revenue, Tax Revenue, Federal, GIDC, National Currency [PAK_GGO_RG_R_TR_F_GIDC_XDC]",2290.0,million PKR,mof_general_govt_operations_sdmx,quarterly
2016-12-31,"Pakistan Definition,General Government Operations,Revenue and grants, Revenue, Tax Revenue, Federal, GIDC, National Currency [PAK_GGO_RG_R_TR_F_GIDC_XDC]",7195.0,million PKR,mof_general_govt_operations_sdmx,quarterly
2017-03-31,"Pakistan Definition,General Government Operations,Revenue and grants, Revenue, Tax Revenue, Federal, GIDC, National Currency [PAK_GGO_RG_R_TR_F_GIDC_XDC]",9747.0,million PKR,mof_general_govt_operations_sdmx,quarterly
2017-06-30,"Pakistan Definition,General Government Operations,Revenue and grants, Revenue, Tax Revenue, Federal, GIDC, National Currency [PAK_GGO_RG_R_TR_F_GIDC_XDC]",15176.0,million PKR,mof_general_govt_operations_sdmx,quarterly
2017-09-30,"Pakistan Definition,General Government Operations,Revenue and grants, Revenue, Tax Revenue, Federal, GIDC, National Currency [PAK_GGO_RG_R_TR_F_GIDC_XDC]",5962.0,million PKR,mof_general_govt_operations_sdmx,quarterly
2017-12-31,"Pakistan Definition,General Government Operations,Revenue and grants, Revenue, Tax Revenue, Federal, GIDC, National Currency [PAK_GGO_RG_R_TR_F_GIDC_XDC]",11450.0,million PKR,mof_general_govt_operations_sdmx,quarterly
2018-03-31,"Pakistan Definition,General Government Operations,Revenue and grants, Revenue, Tax Revenue, Federal, GIDC, National Currency [PAK_GGO_RG_R_TR_F_GIDC_XDC]",17664.0,million PKR,mof_general_govt_operations_sdmx,quarterly
2018-06-30,"Pakistan Definition,General Government Operations,Revenue and grants, Revenue, Tax Revenue, Federal, GIDC, National Currency [PAK_GGO_RG_R_TR_F_GIDC_XDC]",21471.0,million PKR,mof_general_govt_operations_sdmx,quarterly
2018-09-30,"Pakistan Definition,General Government Operations,Revenue and grants, Revenue, Tax Revenue, Federal, GIDC, National Currency [PAK_GGO_RG_R_TR_F_GIDC_XDC]",2724.0,million PKR,mof_general_govt_operations_sdmx,quarterly
2018-12-31,"Pakistan Definition,General Government Operations,Revenue and grants, Revenue, Tax Revenue, Federal, GIDC, National Currency [PAK_GGO_RG_R_TR_F_GIDC_XDC]",5030.0,million PKR,mof_general_govt_operations_sdmx,quarterly
2019-03-31,"Pakistan Definition,General Government Operations,Revenue and grants, Revenue, Tax Revenue, Federal, GIDC, National Currency [PAK_GGO_RG_R_TR_F_GIDC_XDC]",6233.0,million PKR,mof_general_govt_operations_sdmx,quarterly
2019-06-30,"Pakistan Definition,General Government Operations,Revenue and grants, Revenue, Tax Revenue, Federal, GIDC, National Currency [PAK_GGO_RG_R_TR_F_GIDC_XDC]",9346.0,million PKR,mof_general_govt_operations_sdmx,quarterly
2019-09-30,"Pakistan Definition,General Government Operations,Revenue and grants, Revenue, Tax Revenue, Federal, GIDC, National Currency [PAK_GGO_RG_R_TR_F_GIDC_XDC]",4994.0,million PKR,mof_general_govt_operations_sdmx,quarterly
2019-12-31,"Pakistan Definition,General Government Operations,Revenue and grants, Revenue, Tax Revenue, Federal, GIDC, National Currency [PAK_GGO_RG_R_TR_F_GIDC_XDC]",9544.0,million PKR,mof_general_govt_operations_sdmx,quarterly
2020-03-31,"Pakistan Definition,General Government Operations,Revenue and grants, Revenue, Tax Revenue, Federal, GIDC, National Currency [PAK_GGO_RG_R_TR_F_GIDC_XDC]",15420.0,million PKR,mof_general_govt_operations_sdmx,quarterly
2020-06-30,"Pakistan Definition,General Government Operations,Revenue and grants, Revenue, Tax Revenue, Federal, GIDC, National Currency [PAK_GGO_RG_R_TR_F_GIDC_XDC]",19438.0,million PKR,mof_general_govt_operations_sdmx,quarterly
2020-09-30,"Pakistan Definition,General Government Operations,Revenue and grants, Revenue, Tax Revenue, Federal, GIDC, National Currency [PAK_GGO_RG_R_TR_F_GIDC_XDC]",6530.0,million PKR,mof_general_govt_operations_sdmx,quarterly
2020-12-31,"Pakistan Definition,General Government Operations,Revenue and grants, Revenue, Tax Revenue, Federal, GIDC, National Currency [PAK_GGO_RG_R_TR_F_GIDC_XDC]",11176.0,million PKR,mof_general_govt_operations_sdmx,quarterly
2021-03-31,"Pakistan Definition,General Government Operations,Revenue and grants, Revenue, Tax Revenue, Federal, GIDC, National Currency [PAK_GGO_RG_R_TR_F_GIDC_XDC]",14310.0,million PKR,mof_general_govt_operations_sdmx,quarterly
2021-06-30,"Pakistan Definition,General Government Operations,Revenue and grants, Revenue, Tax Revenue, Federal, GIDC, National Currency [PAK_GGO_RG_R_TR_F_GIDC_XDC]",18619.0,million PKR,mof_general_govt_operations_sdmx,quarterly
2021-09-30,"Pakistan Definition,General Government Operations,Revenue and grants, Revenue, Tax Revenue, Federal, GIDC, National Currency [PAK_GGO_RG_R_TR_F_GIDC_XDC]",3007.0,million PKR,mof_general_govt_operations_sdmx,quarterly
2021-12-31,"Pakistan Definition,General Government Operations,Revenue and grants, Revenue, Tax Revenue, Federal, GIDC, National Currency [PAK_GGO_RG_R_TR_F_GIDC_XDC]",6022.0,million PKR,mof_general_govt_operations_sdmx,quarterly
2022-03-31,"Pakistan Definition,General Government Operations,Revenue and grants, Revenue, Tax Revenue, Federal, GIDC, National Currency [PAK_GGO_RG_R_TR_F_GIDC_XDC]",7303.0,million PKR,mof_general_govt_operations_sdmx,quarterly
2022-06-30,"Pakistan Definition,General Government Operations,Revenue and grants, Revenue, Tax Revenue, Federal, GIDC, National Currency [PAK_GGO_RG_R_TR_F_GIDC_XDC]",10940.0,million PKR,mof_general_govt_operations_sdmx,quarterly
2022-09-30,"Pakistan Definition,General Government Operations,Revenue and grants, Revenue, Tax Revenue, Federal, GIDC, National Currency [PAK_GGO_RG_R_TR_F_GIDC_XDC]",378.0,million PKR,mof_general_govt_operations_sdmx,quarterly
2022-12-31,"Pakistan Definition,General Government Operations,Revenue and grants, Revenue, Tax Revenue, Federal, GIDC, National Currency [PAK_GGO_RG_R_TR_F_GIDC_XDC]",1099.0,million PKR,mof_general_govt_operations_sdmx,quarterly
2023-03-31,"Pakistan Definition,General Government Operations,Revenue and grants, Revenue, Tax Revenue, Federal, GIDC, National Currency [PAK_GGO_RG_R_TR_F_GIDC_XDC]",2023.42,million PKR,mof_general_govt_operations_sdmx,quarterly
2023-06-30,"Pakistan Definition,General Government Operations,Revenue and grants, Revenue, Tax Revenue, Federal, GIDC, National Currency [PAK_GGO_RG_R_TR_F_GIDC_XDC]",2888.788723,million PKR,mof_general_govt_operations_sdmx,quarterly
2023-09-30,"Pakistan Definition,General Government Operations,Revenue and grants, Revenue, Tax Revenue, Federal, GIDC, National Currency [PAK_GGO_RG_R_TR_F_GIDC_XDC]",120.566832,million PKR,mof_general_govt_operations_sdmx,quarterly
2023-12-31,"Pakistan Definition,General Government Operations,Revenue and grants, Revenue, Tax Revenue, Federal, GIDC, National Currency [PAK_GGO_RG_R_TR_F_GIDC_XDC]",713.983153,million PKR,mof_general_govt_operations_sdmx,quarterly
2024-03-31,"Pakistan Definition,General Government Operations,Revenue and grants, Revenue, Tax Revenue, Federal, GIDC, National Currency [PAK_GGO_RG_R_TR_F_GIDC_XDC]",800.823981,million PKR,mof_general_govt_operations_sdmx,quarterly
2024-06-30,"Pakistan Definition,General Government Operations,Revenue and grants, Revenue, Tax Revenue, Federal, GIDC, National Currency [PAK_GGO_RG_R_TR_F_GIDC_XDC]",859.486009,million PKR,mof_general_govt_operations_sdmx,quarterly
2024-09-30,"Pakistan Definition,General Government Operations,Revenue and grants, Revenue, Tax Revenue, Federal, GIDC, National Currency [PAK_GGO_RG_R_TR_F_GIDC_XDC]",602.637624,million PKR,mof_general_govt_operations_sdmx,quarterly
2024-12-31,"Pakistan Definition,General Government Operations,Revenue and grants, Revenue, Tax Revenue, Federal, GIDC, National Currency [PAK_GGO_RG_R_TR_F_GIDC_XDC]",626.312006,million PKR,mof_general_govt_operations_sdmx,quarterly
2025-03-31,"Pakistan Definition,General Government Operations,Revenue and grants, Revenue, Tax Revenue, Federal, GIDC, National Currency [PAK_GGO_RG_R_TR_F_GIDC_XDC]",872.552383,million PKR,mof_general_govt_operations_sdmx,quarterly
2016-09-30,"Pakistan Definition,General Government Operations,Revenue and grants, Revenue, Tax Revenue, Federal, Gas surcharge, National Currency [PAK_GGO_RG_R_TR_F_GS_XDC]",11817.0,million PKR,mof_general_govt_operations_sdmx,quarterly
2016-12-31,"Pakistan Definition,General Government Operations,Revenue and grants, Revenue, Tax Revenue, Federal, Gas surcharge, National Currency [PAK_GGO_RG_R_TR_F_GS_XDC]",17003.0,million PKR,mof_general_govt_operations_sdmx,quarterly
2017-03-31,"Pakistan Definition,General Government Operations,Revenue and grants, Revenue, Tax Revenue, Federal, Gas surcharge, National Currency [PAK_GGO_RG_R_TR_F_GS_XDC]",18474.0,million PKR,mof_general_govt_operations_sdmx,quarterly
2017-06-30,"Pakistan Definition,General Government Operations,Revenue and grants, Revenue, Tax Revenue, Federal, Gas surcharge, National Currency [PAK_GGO_RG_R_TR_F_GS_XDC]",24212.0,million PKR,mof_general_govt_operations_sdmx,quarterly
2017-09-30,"Pakistan Definition,General Government Operations,Revenue and grants, Revenue, Tax Revenue, Federal, Gas surcharge, National Currency [PAK_GGO_RG_R_TR_F_GS_XDC]",2544.0,million PKR,mof_general_govt_operations_sdmx,quarterly
2017-12-31,"Pakistan Definition,General Government Operations,Revenue and grants, Revenue, Tax Revenue, Federal, Gas surcharge, National Currency [PAK_GGO_RG_R_TR_F_GS_XDC]",3037.0,million PKR,mof_general_govt_operations_sdmx,quarterly
2018-03-31,"Pakistan Definition,General Government Operations,Revenue and grants, Revenue, Tax Revenue, Federal, Gas surcharge, National Currency [PAK_GGO_RG_R_TR_F_GS_XDC]",4808.0,million PKR,mof_general_govt_operations_sdmx,quarterly
2018-06-30,"Pakistan Definition,General Government Operations,Revenue and grants, Revenue, Tax Revenue, Federal, Gas surcharge, National Currency [PAK_GGO_RG_R_TR_F_GS_XDC]",5304.0,million PKR,mof_general_govt_operations_sdmx,quarterly
2018-09-30,"Pakistan Definition,General Government Operations,Revenue and grants, Revenue, Tax Revenue, Federal, Gas surcharge, National Currency [PAK_GGO_RG_R_TR_F_GS_XDC]",1699.0,million PKR,mof_general_govt_operations_sdmx,quarterly
2018-12-31,"Pakistan Definition,General Government Operations,Revenue and grants, Revenue, Tax Revenue, Federal, Gas surcharge, National Currency [PAK_GGO_RG_R_TR_F_GS_XDC]",4600.0,million PKR,mof_general_govt_operations_sdmx,quarterly
2019-03-31,"Pakistan Definition,General Government Operations,Revenue and grants, Revenue, Tax Revenue, Federal, Gas surcharge, National Currency [PAK_GGO_RG_R_TR_F_GS_XDC]",7920.0,million PKR,mof_general_govt_operations_sdmx,quarterly
2019-06-30,"Pakistan Definition,General Government Operations,Revenue and grants, Revenue, Tax Revenue, Federal, Gas surcharge, National Currency [PAK_GGO_RG_R_TR_F_GS_XDC]",12356.0,million PKR,mof_general_govt_operations_sdmx,quarterly
2019-09-30,"Pakistan Definition,General Government Operations,Revenue and grants, Revenue, Tax Revenue, Federal, Gas surcharge, National Currency [PAK_GGO_RG_R_TR_F_GS_XDC]",8101.0,million PKR,mof_general_govt_operations_sdmx,quarterly
2019-12-31,"Pakistan Definition,General Government Operations,Revenue and grants, Revenue, Tax Revenue, Federal, Gas surcharge, National Currency [PAK_GGO_RG_R_TR_F_GS_XDC]",13272.0,million PKR,mof_general_govt_operations_sdmx,quarterly
2020-03-31,"Pakistan Definition,General Government Operations,Revenue and grants, Revenue, Tax Revenue, Federal, Gas surcharge, National Currency [PAK_GGO_RG_R_TR_F_GS_XDC]",17249.0,million PKR,mof_general_govt_operations_sdmx,quarterly
2020-06-30,"Pakistan Definition,General Government Operations,Revenue and grants, Revenue, Tax Revenue, Federal, Gas surcharge, National Currency [PAK_GGO_RG_R_TR_F_GS_XDC]",22523.0,million PKR,mof_general_govt_operations_sdmx,quarterly
2020-09-30,"Pakistan Definition,General Government Operations,Revenue and grants, Revenue, Tax Revenue, Federal, Gas surcharge, National Currency [PAK_GGO_RG_R_TR_F_GS_XDC]",4797.0,million PKR,mof_general_govt_operations_sdmx,quarterly
2020-12-31,"Pakistan Definition,General Government Operations,Revenue and grants, Revenue, Tax Revenue, Federal, Gas surcharge, National Currency [PAK_GGO_RG_R_TR_F_GS_XDC]",9826.0,million PKR,mof_general_govt_operations_sdmx,quarterly
2021-03-31,"Pakistan Definition,General Government Operations,Revenue and grants, Revenue, Tax Revenue, Federal, Gas surcharge, National Currency [PAK_GGO_RG_R_TR_F_GS_XDC]",17532.0,million PKR,mof_general_govt_operations_sdmx,quarterly
2021-06-30,"Pakistan Definition,General Government Operations,Revenue and grants, Revenue, Tax Revenue, Federal, Gas surcharge, National Currency [PAK_GGO_RG_R_TR_F_GS_XDC]",20372.0,million PKR,mof_general_govt_operations_sdmx,quarterly
2021-09-30,"Pakistan Definition,General Government Operations,Revenue and grants, Revenue, Tax Revenue, Federal, Gas surcharge, National Currency [PAK_GGO_RG_R_TR_F_GS_XDC]",5485.0,million PKR,mof_general_govt_operations_sdmx,quarterly
2021-12-31,"Pakistan Definition,General Government Operations,Revenue and grants, Revenue, Tax Revenue, Federal, Gas surcharge, National Currency [PAK_GGO_RG_R_TR_F_GS_XDC]",10838.0,million PKR,mof_general_govt_operations_sdmx,quarterly
2022-03-31,"Pakistan Definition,General Government Operations,Revenue and grants, Revenue, Tax Revenue, Federal, Gas surcharge, National Currency [PAK_GGO_RG_R_TR_F_GS_XDC]",11728.0,million PKR,mof_general_govt_operations_sdmx,quarterly
2022-06-30,"Pakistan Definition,General Government Operations,Revenue and grants, Revenue, Tax Revenue, Federal, Gas surcharge, National Currency [PAK_GGO_RG_R_TR_F_GS_XDC]",10672.0,million PKR,mof_general_govt_operations_sdmx,quarterly
2022-09-30,"Pakistan Definition,General Government Operations,Revenue and grants, Revenue, Tax Revenue, Federal, Gas surcharge, National Currency [PAK_GGO_RG_R_TR_F_GS_XDC]",0.0,million PKR,mof_general_govt_operations_sdmx,quarterly
2022-12-31,"Pakistan Definition,General Government Operations,Revenue and grants, Revenue, Tax Revenue, Federal, Gas surcharge, National Currency [PAK_GGO_RG_R_TR_F_GS_XDC]",4504.0,million PKR,mof_general_govt_operations_sdmx,quarterly
2023-03-31,"Pakistan Definition,General Government Operations,Revenue and grants, Revenue, Tax Revenue, Federal, Gas surcharge, National Currency [PAK_GGO_RG_R_TR_F_GS_XDC]",18632.55,million PKR,mof_general_govt_operations_sdmx,quarterly
2023-06-30,"Pakistan Definition,General Government Operations,Revenue and grants, Revenue, Tax Revenue, Federal, Gas surcharge, National Currency [PAK_GGO_RG_R_TR_F_GS_XDC]",30509.829671,million PKR,mof_general_govt_operations_sdmx,quarterly
2023-09-30,"Pakistan Definition,General Government Operations,Revenue and grants, Revenue, Tax Revenue, Federal, Gas surcharge, National Currency [PAK_GGO_RG_R_TR_F_GS_XDC]",11722.687181,million PKR,mof_general_govt_operations_sdmx,quarterly
2023-12-31,"Pakistan Definition,General Government Operations,Revenue and grants, Revenue, Tax Revenue, Federal, Gas surcharge, National Currency [PAK_GGO_RG_R_TR_F_GS_XDC]",27343.820799,million PKR,mof_general_govt_operations_sdmx,quarterly
2024-03-31,"Pakistan Definition,General Government Operations,Revenue and grants, Revenue, Tax Revenue, Federal, Gas surcharge, National Currency [PAK_GGO_RG_R_TR_F_GS_XDC]",35644.823344,million PKR,mof_general_govt_operations_sdmx,quarterly
2024-06-30,"Pakistan Definition,General Government Operations,Revenue and grants, Revenue, Tax Revenue, Federal, Gas surcharge, National Currency [PAK_GGO_RG_R_TR_F_GS_XDC]",42942.478511,million PKR,mof_general_govt_operations_sdmx,quarterly
2024-09-30,"Pakistan Definition,General Government Operations,Revenue and grants, Revenue, Tax Revenue, Federal, Gas surcharge, National Currency [PAK_GGO_RG_R_TR_F_GS_XDC]",7943.197941,million PKR,mof_general_govt_operations_sdmx,quarterly
2024-12-31,"Pakistan Definition,General Government Operations,Revenue and grants, Revenue, Tax Revenue, Federal, Gas surcharge, National Currency [PAK_GGO_RG_R_TR_F_GS_XDC]",32307.097133,million PKR,mof_general_govt_operations_sdmx,quarterly
2025-03-31,"Pakistan Definition,General Government Operations,Revenue and grants, Revenue, Tax Revenue, Federal, Gas surcharge, National Currency [PAK_GGO_RG_R_TR_F_GS_XDC]",43076.007854,million PKR,mof_general_govt_operations_sdmx,quarterly
2016-09-30,"Pakistan Definition,General Government Operations,Revenue and grants, Revenue, Tax Revenue, Federal, National Currency [PAK_GGO_RG_R_TR_F_XDC]",824493.0,million PKR,mof_general_govt_operations_sdmx,quarterly
2016-12-31,"Pakistan Definition,General Government Operations,Revenue and grants, Revenue, Tax Revenue, Federal, National Currency [PAK_GGO_RG_R_TR_F_XDC]",1850493.0,million PKR,mof_general_govt_operations_sdmx,quarterly
2017-03-31,"Pakistan Definition,General Government Operations,Revenue and grants, Revenue, Tax Revenue, Federal, National Currency [PAK_GGO_RG_R_TR_F_XDC]",2796256.0,million PKR,mof_general_govt_operations_sdmx,quarterly
2017-06-30,"Pakistan Definition,General Government Operations,Revenue and grants, Revenue, Tax Revenue, Federal, National Currency [PAK_GGO_RG_R_TR_F_XDC]",4065788.0,million PKR,mof_general_govt_operations_sdmx,quarterly
2017-09-30,"Pakistan Definition,General Government Operations,Revenue and grants, Revenue, Tax Revenue, Federal, National Currency [PAK_GGO_RG_R_TR_F_XDC]",886583.0,million PKR,mof_general_govt_operations_sdmx,quarterly
2017-12-31,"Pakistan Definition,General Government Operations,Revenue and grants, Revenue, Tax Revenue, Federal, National Currency [PAK_GGO_RG_R_TR_F_XDC]",1894732.0,million PKR,mof_general_govt_operations_sdmx,quarterly
2018-03-31,"Pakistan Definition,General Government Operations,Revenue and grants, Revenue, Tax Revenue, Federal, National Currency [PAK_GGO_RG_R_TR_F_XDC]",2874424.0,million PKR,mof_general_govt_operations_sdmx,quarterly
2018-06-30,"Pakistan Definition,General Government Operations,Revenue and grants, Revenue, Tax Revenue, Federal, National Currency [PAK_GGO_RG_R_TR_F_XDC]",4071619.0,million PKR,mof_general_govt_operations_sdmx,quarterly
2018-09-30,"Pakistan Definition,General Government Operations,Revenue and grants, Revenue, Tax Revenue, Federal, National Currency [PAK_GGO_RG_R_TR_F_XDC]",1038426.0,million PKR,mof_general_govt_operations_sdmx,quarterly
2018-12-31,"Pakistan Definition,General Government Operations,Revenue and grants, Revenue, Tax Revenue, Federal, National Currency [PAK_GGO_RG_R_TR_F_XDC]",2250800.0,million PKR,mof_general_govt_operations_sdmx,quarterly
2019-03-31,"Pakistan Definition,General Government Operations,Revenue and grants, Revenue, Tax Revenue, Federal, National Currency [PAK_GGO_RG_R_TR_F_XDC]",3273100.0,million PKR,mof_general_govt_operations_sdmx,quarterly
2019-06-30,"Pakistan Definition,General Government Operations,Revenue and grants, Revenue, Tax Revenue, Federal, National Currency [PAK_GGO_RG_R_TR_F_XDC]",4334185.0,million PKR,mof_general_govt_operations_sdmx,quarterly
2019-09-30,"Pakistan Definition,General Government Operations,Revenue and grants, Revenue, Tax Revenue, Federal, National Currency [PAK_GGO_RG_R_TR_F_XDC]",1164478.3,million PKR,mof_general_govt_operations_sdmx,quarterly
2019-12-31,"Pakistan Definition,General Government Operations,Revenue and grants, Revenue, Tax Revenue, Federal, National Currency [PAK_GGO_RG_R_TR_F_XDC]",2516197.2,million PKR,mof_general_govt_operations_sdmx,quarterly
2020-03-31,"Pakistan Definition,General Government Operations,Revenue and grants, Revenue, Tax Revenue, Federal, National Currency [PAK_GGO_RG_R_TR_F_XDC]",3809508.8,million PKR,mof_general_govt_operations_sdmx,quarterly
2020-06-30,"Pakistan Definition,General Government Operations,Revenue and grants, Revenue, Tax Revenue, Federal, National Currency [PAK_GGO_RG_R_TR_F_XDC]",5247784.09,million PKR,mof_general_govt_operations_sdmx,quarterly
2020-09-30,"Pakistan Definition,General Government Operations,Revenue and grants, Revenue, Tax Revenue, Federal, National Currency [PAK_GGO_RG_R_TR_F_XDC]",1427904.0,million PKR,mof_general_govt_operations_sdmx,quarterly
2020-12-31,"Pakistan Definition,General Government Operations,Revenue and grants, Revenue, Tax Revenue, Federal, National Currency [PAK_GGO_RG_R_TR_F_XDC]",3021217.0,million PKR,mof_general_govt_operations_sdmx,quarterly
2021-03-31,"Pakistan Definition,General Government Operations,Revenue and grants, Revenue, Tax Revenue, Federal, National Currency [PAK_GGO_RG_R_TR_F_XDC]",4556872.0,million PKR,mof_general_govt_operations_sdmx,quarterly
2021-06-30,"Pakistan Definition,General Government Operations,Revenue and grants, Revenue, Tax Revenue, Federal, National Currency [PAK_GGO_RG_R_TR_F_XDC]",6330945.0,million PKR,mof_general_govt_operations_sdmx,quarterly
2021-09-30,"Pakistan Definition,General Government Operations,Revenue and grants, Revenue, Tax Revenue, Federal, National Currency [PAK_GGO_RG_R_TR_F_XDC]",1694345.0,million PKR,mof_general_govt_operations_sdmx,quarterly
2021-12-31,"Pakistan Definition,General Government Operations,Revenue and grants, Revenue, Tax Revenue, Federal, National Currency [PAK_GGO_RG_R_TR_F_XDC]",3632208.0,million PKR,mof_general_govt_operations_sdmx,quarterly
2022-03-31,"Pakistan Definition,General Government Operations,Revenue and grants, Revenue, Tax Revenue, Federal, National Currency [PAK_GGO_RG_R_TR_F_XDC]",5550961.0,million PKR,mof_general_govt_operations_sdmx,quarterly
2022-06-30,"Pakistan Definition,General Government Operations,Revenue and grants, Revenue, Tax Revenue, Federal, National Currency [PAK_GGO_RG_R_TR_F_XDC]",7787969.0,million PKR,mof_general_govt_operations_sdmx,quarterly
2022-09-30,"Pakistan Definition,General Government Operations,Revenue and grants, Revenue, Tax Revenue, Federal, National Currency [PAK_GGO_RG_R_TR_F_XDC]",2269220.0,million PKR,mof_general_govt_operations_sdmx,quarterly
2022-12-31,"Pakistan Definition,General Government Operations,Revenue and grants, Revenue, Tax Revenue, Federal, National Currency [PAK_GGO_RG_R_TR_F_XDC]",4957880.0,million PKR,mof_general_govt_operations_sdmx,quarterly
2023-03-31,"Pakistan Definition,General Government Operations,Revenue and grants, Revenue, Tax Revenue, Federal, National Currency [PAK_GGO_RG_R_TR_F_XDC]",7467743.329999999,million PKR,mof_general_govt_operations_sdmx,quarterly
2023-06-30,"Pakistan Definition,General Government Operations,Revenue and grants, Revenue, Tax Revenue, Federal, National Currency [PAK_GGO_RG_R_TR_F_XDC]",10385204.538181998,million PKR,mof_general_govt_operations_sdmx,quarterly
2023-09-30,"Pakistan Definition,General Government Operations,Revenue and grants, Revenue, Tax Revenue, Federal, National Currency [PAK_GGO_RG_R_TR_F_XDC]",2842067.990555,million PKR,mof_general_govt_operations_sdmx,quarterly
2023-12-31,"Pakistan Definition,General Government Operations,Revenue and grants, Revenue, Tax Revenue, Federal, National Currency [PAK_GGO_RG_R_TR_F_XDC]",6214550.4870569995,million PKR,mof_general_govt_operations_sdmx,quarterly
2024-03-31,"Pakistan Definition,General Government Operations,Revenue and grants, Revenue, Tax Revenue, Federal, National Currency [PAK_GGO_RG_R_TR_F_XDC]",9343551.211779999,million PKR,mof_general_govt_operations_sdmx,quarterly
2024-06-30,"Pakistan Definition,General Government Operations,Revenue and grants, Revenue, Tax Revenue, Federal, National Currency [PAK_GGO_RG_R_TR_F_XDC]",13036837.026563,million PKR,mof_general_govt_operations_sdmx,quarterly
2024-09-30,"Pakistan Definition,General Government Operations,Revenue and grants, Revenue, Tax Revenue, Federal, National Currency [PAK_GGO_RG_R_TR_F_XDC]",3287366.8213590006,million PKR,mof_general_govt_operations_sdmx,quarterly
2024-12-31,"Pakistan Definition,General Government Operations,Revenue and grants, Revenue, Tax Revenue, Federal, National Currency [PAK_GGO_RG_R_TR_F_XDC]",7078125.841960001,million PKR,mof_general_govt_operations_sdmx,quarterly
2025-03-31,"Pakistan Definition,General Government Operations,Revenue and grants, Revenue, Tax Revenue, Federal, National Currency [PAK_GGO_RG_R_TR_F_XDC]",10648508.434216,million PKR,mof_general_govt_operations_sdmx,quarterly
2016-09-30,"Pakistan Definition,General Government Operations,Revenue and grants, Revenue, Tax Revenue, Federal, Other (ICT), National Currency [PAK_GGO_RG_R_TR_F_O_XDC]",1229.0,million PKR,mof_general_govt_operations_sdmx,quarterly
2016-12-31,"Pakistan Definition,General Government Operations,Revenue and grants, Revenue, Tax Revenue, Federal, Other (ICT), National Currency [PAK_GGO_RG_R_TR_F_O_XDC]",2369.0,million PKR,mof_general_govt_operations_sdmx,quarterly
2017-03-31,"Pakistan Definition,General Government Operations,Revenue and grants, Revenue, Tax Revenue, Federal, Other (ICT), National Currency [PAK_GGO_RG_R_TR_F_O_XDC]",3983.0,million PKR,mof_general_govt_operations_sdmx,quarterly
2017-06-30,"Pakistan Definition,General Government Operations,Revenue and grants, Revenue, Tax Revenue, Federal, Other (ICT), National Currency [PAK_GGO_RG_R_TR_F_O_XDC]",5378.0,million PKR,mof_general_govt_operations_sdmx,quarterly
2017-09-30,"Pakistan Definition,General Government Operations,Revenue and grants, Revenue, Tax Revenue, Federal, Other (ICT), National Currency [PAK_GGO_RG_R_TR_F_O_XDC]",1349.0,million PKR,mof_general_govt_operations_sdmx,quarterly
2017-12-31,"Pakistan Definition,General Government Operations,Revenue and grants, Revenue, Tax Revenue, Federal, Other (ICT), National Currency [PAK_GGO_RG_R_TR_F_O_XDC]",2929.0,million PKR,mof_general_govt_operations_sdmx,quarterly
2018-03-31,"Pakistan Definition,General Government Operations,Revenue and grants, Revenue, Tax Revenue, Federal, Other (ICT), National Currency [PAK_GGO_RG_R_TR_F_O_XDC]",6055.0,million PKR,mof_general_govt_operations_sdmx,quarterly
2018-06-30,"Pakistan Definition,General Government Operations,Revenue and grants, Revenue, Tax Revenue, Federal, Other (ICT), National Currency [PAK_GGO_RG_R_TR_F_O_XDC]",9067.0,million PKR,mof_general_govt_operations_sdmx,quarterly
2018-09-30,"Pakistan Definition,General Government Operations,Revenue and grants, Revenue, Tax Revenue, Federal, Other (ICT), National Currency [PAK_GGO_RG_R_TR_F_O_XDC]",4841.0,million PKR,mof_general_govt_operations_sdmx,quarterly
2018-12-31,"Pakistan Definition,General Government Operations,Revenue and grants, Revenue, Tax Revenue, Federal, Other (ICT), National Currency [PAK_GGO_RG_R_TR_F_O_XDC]",9811.0,million PKR,mof_general_govt_operations_sdmx,quarterly
2019-03-31,"Pakistan Definition,General Government Operations,Revenue and grants, Revenue, Tax Revenue, Federal, Other (ICT), National Currency [PAK_GGO_RG_R_TR_F_O_XDC]",16325.0,million PKR,mof_general_govt_operations_sdmx,quarterly
2019-06-30,"Pakistan Definition,General Government Operations,Revenue and grants, Revenue, Tax Revenue, Federal, Other (ICT), National Currency [PAK_GGO_RG_R_TR_F_O_XDC]",20881.0,million PKR,mof_general_govt_operations_sdmx,quarterly
2019-09-30,"Pakistan Definition,General Government Operations,Revenue and grants, Revenue, Tax Revenue, Federal, Other (ICT), National Currency [PAK_GGO_RG_R_TR_F_O_XDC]",4391.3,million PKR,mof_general_govt_operations_sdmx,quarterly
2019-12-31,"Pakistan Definition,General Government Operations,Revenue and grants, Revenue, Tax Revenue, Federal, Other (ICT), National Currency [PAK_GGO_RG_R_TR_F_O_XDC]",8016.0,million PKR,mof_general_govt_operations_sdmx,quarterly
2020-03-31,"Pakistan Definition,General Government Operations,Revenue and grants, Revenue, Tax Revenue, Federal, Other (ICT), National Currency [PAK_GGO_RG_R_TR_F_O_XDC]",12745.2,million PKR,mof_general_govt_operations_sdmx,quarterly
2020-06-30,"Pakistan Definition,General Government Operations,Revenue and grants, Revenue, Tax Revenue, Federal, Other (ICT), National Currency [PAK_GGO_RG_R_TR_F_O_XDC]",16867.09,million PKR,mof_general_govt_operations_sdmx,quarterly
2020-09-30,"Pakistan Definition,General Government Operations,Revenue and grants, Revenue, Tax Revenue, Federal, Other (ICT), National Currency [PAK_GGO_RG_R_TR_F_O_XDC]",5245.0,million PKR,mof_general_govt_operations_sdmx,quarterly
2020-12-31,"Pakistan Definition,General Government Operations,Revenue and grants, Revenue, Tax Revenue, Federal, Other (ICT), National Currency [PAK_GGO_RG_R_TR_F_O_XDC]",10403.0,million PKR,mof_general_govt_operations_sdmx,quarterly
2021-03-31,"Pakistan Definition,General Government Operations,Revenue and grants, Revenue, Tax Revenue, Federal, Other (ICT), National Currency [PAK_GGO_RG_R_TR_F_O_XDC]",15856.0,million PKR,mof_general_govt_operations_sdmx,quarterly
2021-06-30,"Pakistan Definition,General Government Operations,Revenue and grants, Revenue, Tax Revenue, Federal, Other (ICT), National Currency [PAK_GGO_RG_R_TR_F_O_XDC]",21623.0,million PKR,mof_general_govt_operations_sdmx,quarterly
2021-09-30,"Pakistan Definition,General Government Operations,Revenue and grants, Revenue, Tax Revenue, Federal, Other (ICT), National Currency [PAK_GGO_RG_R_TR_F_O_XDC]",4481.0,million PKR,mof_general_govt_operations_sdmx,quarterly
2021-12-31,"Pakistan Definition,General Government Operations,Revenue and grants, Revenue, Tax Revenue, Federal, Other (ICT), National Currency [PAK_GGO_RG_R_TR_F_O_XDC]",8704.0,million PKR,mof_general_govt_operations_sdmx,quarterly
2022-03-31,"Pakistan Definition,General Government Operations,Revenue and grants, Revenue, Tax Revenue, Federal, Other (ICT), National Currency [PAK_GGO_RG_R_TR_F_O_XDC]",13544.0,million PKR,mof_general_govt_operations_sdmx,quarterly
2022-06-30,"Pakistan Definition,General Government Operations,Revenue and grants, Revenue, Tax Revenue, Federal, Other (ICT), National Currency [PAK_GGO_RG_R_TR_F_O_XDC]",17307.0,million PKR,mof_general_govt_operations_sdmx,quarterly
2022-09-30,"Pakistan Definition,General Government Operations,Revenue and grants, Revenue, Tax Revenue, Federal, Other (ICT), National Currency [PAK_GGO_RG_R_TR_F_O_XDC]",5228.0,million PKR,mof_general_govt_operations_sdmx,quarterly
2022-12-31,"Pakistan Definition,General Government Operations,Revenue and grants, Revenue, Tax Revenue, Federal, Other (ICT), National Currency [PAK_GGO_RG_R_TR_F_O_XDC]",10264.0,million PKR,mof_general_govt_operations_sdmx,quarterly
2023-03-31,"Pakistan Definition,General Government Operations,Revenue and grants, Revenue, Tax Revenue, Federal, Other (ICT), National Currency [PAK_GGO_RG_R_TR_F_O_XDC]",15981.0,million PKR,mof_general_govt_operations_sdmx,quarterly
2023-06-30,"Pakistan Definition,General Government Operations,Revenue and grants, Revenue, Tax Revenue, Federal, Other (ICT), National Currency [PAK_GGO_RG_R_TR_F_O_XDC]",21576.187206000002,million PKR,mof_general_govt_operations_sdmx,quarterly
2023-09-30,"Pakistan Definition,General Government Operations,Revenue and grants, Revenue, Tax Revenue, Federal, Other (ICT), National Currency [PAK_GGO_RG_R_TR_F_O_XDC]",5609.626581,million PKR,mof_general_govt_operations_sdmx,quarterly
2023-12-31,"Pakistan Definition,General Government Operations,Revenue and grants, Revenue, Tax Revenue, Federal, Other (ICT), National Currency [PAK_GGO_RG_R_TR_F_O_XDC]",12227.550814,million PKR,mof_general_govt_operations_sdmx,quarterly
2024-03-31,"Pakistan Definition,General Government Operations,Revenue and grants, Revenue, Tax Revenue, Federal, Other (ICT), National Currency [PAK_GGO_RG_R_TR_F_O_XDC]",20207.275414999996,million PKR,mof_general_govt_operations_sdmx,quarterly
2024-06-30,"Pakistan Definition,General Government Operations,Revenue and grants, Revenue, Tax Revenue, Federal, Other (ICT), National Currency [PAK_GGO_RG_R_TR_F_O_XDC]",26535.333612,million PKR,mof_general_govt_operations_sdmx,quarterly
2024-09-30,"Pakistan Definition,General Government Operations,Revenue and grants, Revenue, Tax Revenue, Federal, Other (ICT), National Currency [PAK_GGO_RG_R_TR_F_O_XDC]",8578.298037,million PKR,mof_general_govt_operations_sdmx,quarterly
2024-12-31,"Pakistan Definition,General Government Operations,Revenue and grants, Revenue, Tax Revenue, Federal, Other (ICT), National Currency [PAK_GGO_RG_R_TR_F_O_XDC]",16906.922887,million PKR,mof_general_govt_operations_sdmx,quarterly
2025-03-31,"Pakistan Definition,General Government Operations,Revenue and grants, Revenue, Tax Revenue, Federal, Other (ICT), National Currency [PAK_GGO_RG_R_TR_F_O_XDC]",27073.606970999994,million PKR,mof_general_govt_operations_sdmx,quarterly
2016-09-30,"Pakistan Definition,General Government Operations,Revenue and grants, Revenue, Tax Revenue, Federal, Petroleum levy, National Currency [PAK_GGO_RG_R_TR_F_PL_XDC]",44320.0,million PKR,mof_general_govt_operations_sdmx,quarterly
2016-12-31,"Pakistan Definition,General Government Operations,Revenue and grants, Revenue, Tax Revenue, Federal, Petroleum levy, National Currency [PAK_GGO_RG_R_TR_F_PL_XDC]",93844.0,million PKR,mof_general_govt_operations_sdmx,quarterly
2017-03-31,"Pakistan Definition,General Government Operations,Revenue and grants, Revenue, Tax Revenue, Federal, Petroleum levy, National Currency [PAK_GGO_RG_R_TR_F_PL_XDC]",136404.0,million PKR,mof_general_govt_operations_sdmx,quarterly
2017-06-30,"Pakistan Definition,General Government Operations,Revenue and grants, Revenue, Tax Revenue, Federal, Petroleum levy, National Currency [PAK_GGO_RG_R_TR_F_PL_XDC]",178874.0,million PKR,mof_general_govt_operations_sdmx,quarterly
2017-09-30,"Pakistan Definition,General Government Operations,Revenue and grants, Revenue, Tax Revenue, Federal, Petroleum levy, National Currency [PAK_GGO_RG_R_TR_F_PL_XDC]",44476.0,million PKR,mof_general_govt_operations_sdmx,quarterly
2017-12-31,"Pakistan Definition,General Government Operations,Revenue and grants, Revenue, Tax Revenue, Federal, Petroleum levy, National Currency [PAK_GGO_RG_R_TR_F_PL_XDC]",81905.0,million PKR,mof_general_govt_operations_sdmx,quarterly
2018-03-31,"Pakistan Definition,General Government Operations,Revenue and grants, Revenue, Tax Revenue, Federal, Petroleum levy, National Currency [PAK_GGO_RG_R_TR_F_PL_XDC]",141369.0,million PKR,mof_general_govt_operations_sdmx,quarterly
2018-06-30,"Pakistan Definition,General Government Operations,Revenue and grants, Revenue, Tax Revenue, Federal, Petroleum levy, National Currency [PAK_GGO_RG_R_TR_F_PL_XDC]",206308.0,million PKR,mof_general_govt_operations_sdmx,quarterly
2018-09-30,"Pakistan Definition,General Government Operations,Revenue and grants, Revenue, Tax Revenue, Federal, Petroleum levy, National Currency [PAK_GGO_RG_R_TR_F_PL_XDC]",64791.0,million PKR,mof_general_govt_operations_sdmx,quarterly
2018-12-31,"Pakistan Definition,General Government Operations,Revenue and grants, Revenue, Tax Revenue, Federal, Petroleum levy, National Currency [PAK_GGO_RG_R_TR_F_PL_XDC]",137946.0,million PKR,mof_general_govt_operations_sdmx,quarterly
2019-03-31,"Pakistan Definition,General Government Operations,Revenue and grants, Revenue, Tax Revenue, Federal, Petroleum levy, National Currency [PAK_GGO_RG_R_TR_F_PL_XDC]",198340.0,million PKR,mof_general_govt_operations_sdmx,quarterly
2019-06-30,"Pakistan Definition,General Government Operations,Revenue and grants, Revenue, Tax Revenue, Federal, Petroleum levy, National Currency [PAK_GGO_RG_R_TR_F_PL_XDC]",293681.0,million PKR,mof_general_govt_operations_sdmx,quarterly
2019-09-30,"Pakistan Definition,General Government Operations,Revenue and grants, Revenue, Tax Revenue, Federal, Petroleum levy, National Currency [PAK_GGO_RG_R_TR_F_PL_XDC]",136351.0,million PKR,mof_general_govt_operations_sdmx,quarterly
2019-12-31,"Pakistan Definition,General Government Operations,Revenue and grants, Revenue, Tax Revenue, Federal, Petroleum levy, National Currency [PAK_GGO_RG_R_TR_F_PL_XDC]",275317.0,million PKR,mof_general_govt_operations_sdmx,quarterly
2020-03-31,"Pakistan Definition,General Government Operations,Revenue and grants, Revenue, Tax Revenue, Federal, Petroleum levy, National Currency [PAK_GGO_RG_R_TR_F_PL_XDC]",369210.0,million PKR,mof_general_govt_operations_sdmx,quarterly
2020-06-30,"Pakistan Definition,General Government Operations,Revenue and grants, Revenue, Tax Revenue, Federal, Petroleum levy, National Currency [PAK_GGO_RG_R_TR_F_PL_XDC]",424654.0,million PKR,mof_general_govt_operations_sdmx,quarterly
2020-09-30,"Pakistan Definition,General Government Operations,Revenue and grants, Revenue, Tax Revenue, Federal, Petroleum levy, National Currency [PAK_GGO_RG_R_TR_F_PL_XDC]",13348.0,million PKR,mof_general_govt_operations_sdmx,quarterly
2020-12-31,"Pakistan Definition,General Government Operations,Revenue and grants, Revenue, Tax Revenue, Federal, Petroleum levy, National Currency [PAK_GGO_RG_R_TR_F_PL_XDC]",70007.0,million PKR,mof_general_govt_operations_sdmx,quarterly
2021-03-31,"Pakistan Definition,General Government Operations,Revenue and grants, Revenue, Tax Revenue, Federal, Petroleum levy, National Currency [PAK_GGO_RG_R_TR_F_PL_XDC]",125564.0,million PKR,mof_general_govt_operations_sdmx,quarterly
2021-06-30,"Pakistan Definition,General Government Operations,Revenue and grants, Revenue, Tax Revenue, Federal, Petroleum levy, National Currency [PAK_GGO_RG_R_TR_F_PL_XDC]",127529.0,million PKR,mof_general_govt_operations_sdmx,quarterly
2021-09-30,"Pakistan Definition,General Government Operations,Revenue and grants, Revenue, Tax Revenue, Federal, Petroleum levy, National Currency [PAK_GGO_RG_R_TR_F_PL_XDC]",47476.0,million PKR,mof_general_govt_operations_sdmx,quarterly
2021-12-31,"Pakistan Definition,General Government Operations,Revenue and grants, Revenue, Tax Revenue, Federal, Petroleum levy, National Currency [PAK_GGO_RG_R_TR_F_PL_XDC]",177805.0,million PKR,mof_general_govt_operations_sdmx,quarterly
2022-03-31,"Pakistan Definition,General Government Operations,Revenue and grants, Revenue, Tax Revenue, Federal, Petroleum levy, National Currency [PAK_GGO_RG_R_TR_F_PL_XDC]",362480.0,million PKR,mof_general_govt_operations_sdmx,quarterly
2022-06-30,"Pakistan Definition,General Government Operations,Revenue and grants, Revenue, Tax Revenue, Federal, Petroleum levy, National Currency [PAK_GGO_RG_R_TR_F_PL_XDC]",579910.0,million PKR,mof_general_govt_operations_sdmx,quarterly
2022-09-30,"Pakistan Definition,General Government Operations,Revenue and grants, Revenue, Tax Revenue, Federal, Petroleum levy, National Currency [PAK_GGO_RG_R_TR_F_PL_XDC]",222067.0,million PKR,mof_general_govt_operations_sdmx,quarterly
2022-12-31,"Pakistan Definition,General Government Operations,Revenue and grants, Revenue, Tax Revenue, Federal, Petroleum levy, National Currency [PAK_GGO_RG_R_TR_F_PL_XDC]",472772.0,million PKR,mof_general_govt_operations_sdmx,quarterly
2023-03-31,"Pakistan Definition,General Government Operations,Revenue and grants, Revenue, Tax Revenue, Federal, Petroleum levy, National Currency [PAK_GGO_RG_R_TR_F_PL_XDC]",719591.92,million PKR,mof_general_govt_operations_sdmx,quarterly
2023-06-30,"Pakistan Definition,General Government Operations,Revenue and grants, Revenue, Tax Revenue, Federal, Petroleum levy, National Currency [PAK_GGO_RG_R_TR_F_PL_XDC]",1019222.732582,million PKR,mof_general_govt_operations_sdmx,quarterly
2023-09-30,"Pakistan Definition,General Government Operations,Revenue and grants, Revenue, Tax Revenue, Federal, Petroleum levy, National Currency [PAK_GGO_RG_R_TR_F_PL_XDC]",261688.109961,million PKR,mof_general_govt_operations_sdmx,quarterly
2023-12-31,"Pakistan Definition,General Government Operations,Revenue and grants, Revenue, Tax Revenue, Federal, Petroleum levy, National Currency [PAK_GGO_RG_R_TR_F_PL_XDC]",549414.132291,million PKR,mof_general_govt_operations_sdmx,quarterly
2024-03-31,"Pakistan Definition,General Government Operations,Revenue and grants, Revenue, Tax Revenue, Federal, Petroleum levy, National Currency [PAK_GGO_RG_R_TR_F_PL_XDC]",833847.28904,million PKR,mof_general_govt_operations_sdmx,quarterly
2024-06-30,"Pakistan Definition,General Government Operations,Revenue and grants, Revenue, Tax Revenue, Federal, Petroleum levy, National Currency [PAK_GGO_RG_R_TR_F_PL_XDC]",1220212.783651,million PKR,mof_general_govt_operations_sdmx,quarterly
2024-09-30,"Pakistan Definition,General Government Operations,Revenue and grants, Revenue, Tax Revenue, Federal, Petroleum levy, National Currency [PAK_GGO_RG_R_TR_F_PL_XDC]",371606.5794,million PKR,mof_general_govt_operations_sdmx,quarterly
2024-12-31,"Pakistan Definition,General Government Operations,Revenue and grants, Revenue, Tax Revenue, Federal, Petroleum levy, National Currency [PAK_GGO_RG_R_TR_F_PL_XDC]",822926.690066,million PKR,mof_general_govt_operations_sdmx,quarterly
2025-03-31,"Pakistan Definition,General Government Operations,Revenue and grants, Revenue, Tax Revenue, Federal, Petroleum levy, National Currency [PAK_GGO_RG_R_TR_F_PL_XDC]",1205182.091646,million PKR,mof_general_govt_operations_sdmx,quarterly
2016-09-30,"Pakistan Definition,General Government Operations,Revenue and grants, Revenue, Tax Revenue, National Currency [PAK_GGO_RG_R_TR_XDC]",911384.0,million PKR,mof_general_govt_operations_sdmx,quarterly
2016-12-31,"Pakistan Definition,General Government Operations,Revenue and grants, Revenue, Tax Revenue, National Currency [PAK_GGO_RG_R_TR_XDC]",2026920.0,million PKR,mof_general_govt_operations_sdmx,quarterly
2017-03-31,"Pakistan Definition,General Government Operations,Revenue and grants, Revenue, Tax Revenue, National Currency [PAK_GGO_RG_R_TR_XDC]",3076227.0,million PKR,mof_general_govt_operations_sdmx,quarterly
2017-06-30,"Pakistan Definition,General Government Operations,Revenue and grants, Revenue, Tax Revenue, National Currency [PAK_GGO_RG_R_TR_XDC]",4467160.0,million PKR,mof_general_govt_operations_sdmx,quarterly
2017-09-30,"Pakistan Definition,General Government Operations,Revenue and grants, Revenue, Tax Revenue, National Currency [PAK_GGO_RG_R_TR_XDC]",975205.451,million PKR,mof_general_govt_operations_sdmx,quarterly
2017-12-31,"Pakistan Definition,General Government Operations,Revenue and grants, Revenue, Tax Revenue, National Currency [PAK_GGO_RG_R_TR_XDC]",2082505.0,million PKR,mof_general_govt_operations_sdmx,quarterly
2018-03-31,"Pakistan Definition,General Government Operations,Revenue and grants, Revenue, Tax Revenue, National Currency [PAK_GGO_RG_R_TR_XDC]",3162132.0,million PKR,mof_general_govt_operations_sdmx,quarterly
2018-06-30,"Pakistan Definition,General Government Operations,Revenue and grants, Revenue, Tax Revenue, National Currency [PAK_GGO_RG_R_TR_XDC]",4473422.0,million PKR,mof_general_govt_operations_sdmx,quarterly
2018-09-30,"Pakistan Definition,General Government Operations,Revenue and grants, Revenue, Tax Revenue, National Currency [PAK_GGO_RG_R_TR_XDC]",1142935.0,million PKR,mof_general_govt_operations_sdmx,quarterly
2018-12-31,"Pakistan Definition,General Government Operations,Revenue and grants, Revenue, Tax Revenue, National Currency [PAK_GGO_RG_R_TR_XDC]",2465209.0,million PKR,mof_general_govt_operations_sdmx,quarterly
2019-03-31,"Pakistan Definition,General Government Operations,Revenue and grants, Revenue, Tax Revenue, National Currency [PAK_GGO_RG_R_TR_XDC]",3594319.0,million PKR,mof_general_govt_operations_sdmx,quarterly
2019-06-30,"Pakistan Definition,General Government Operations,Revenue and grants, Revenue, Tax Revenue, National Currency [PAK_GGO_RG_R_TR_XDC]",4747802.0,million PKR,mof_general_govt_operations_sdmx,quarterly
2019-09-30,"Pakistan Definition,General Government Operations,Revenue and grants, Revenue, Tax Revenue, National Currency [PAK_GGO_RG_R_TR_XDC]",1276236.3,million PKR,mof_general_govt_operations_sdmx,quarterly
2019-12-31,"Pakistan Definition,General Government Operations,Revenue and grants, Revenue, Tax Revenue, National Currency [PAK_GGO_RG_R_TR_XDC]",2762049.2,million PKR,mof_general_govt_operations_sdmx,quarterly
2020-03-31,"Pakistan Definition,General Government Operations,Revenue and grants, Revenue, Tax Revenue, National Currency [PAK_GGO_RG_R_TR_XDC]",4179625.8,million PKR,mof_general_govt_operations_sdmx,quarterly
2020-06-30,"Pakistan Definition,General Government Operations,Revenue and grants, Revenue, Tax Revenue, National Currency [PAK_GGO_RG_R_TR_XDC]",5756181.09,million PKR,mof_general_govt_operations_sdmx,quarterly
2020-09-30,"Pakistan Definition,General Government Operations,Revenue and grants, Revenue, Tax Revenue, National Currency [PAK_GGO_RG_R_TR_XDC]",1562699.0,million PKR,mof_general_govt_operations_sdmx,quarterly
2020-12-31,"Pakistan Definition,General Government Operations,Revenue and grants, Revenue, Tax Revenue, National Currency [PAK_GGO_RG_R_TR_XDC]",3292455.0,million PKR,mof_general_govt_operations_sdmx,quarterly
2021-03-31,"Pakistan Definition,General Government Operations,Revenue and grants, Revenue, Tax Revenue, National Currency [PAK_GGO_RG_R_TR_XDC]",4995166.0,million PKR,mof_general_govt_operations_sdmx,quarterly
2021-06-30,"Pakistan Definition,General Government Operations,Revenue and grants, Revenue, Tax Revenue, National Currency [PAK_GGO_RG_R_TR_XDC]",6943311.0,million PKR,mof_general_govt_operations_sdmx,quarterly
2021-09-30,"Pakistan Definition,General Government Operations,Revenue and grants, Revenue, Tax Revenue, National Currency [PAK_GGO_RG_R_TR_XDC]",1842507.0,million PKR,mof_general_govt_operations_sdmx,quarterly
2021-12-31,"Pakistan Definition,General Government Operations,Revenue and grants, Revenue, Tax Revenue, National Currency [PAK_GGO_RG_R_TR_XDC]",3935223.0,million PKR,mof_general_govt_operations_sdmx,quarterly
2022-03-31,"Pakistan Definition,General Government Operations,Revenue and grants, Revenue, Tax Revenue, National Currency [PAK_GGO_RG_R_TR_XDC]",6012794.0,million PKR,mof_general_govt_operations_sdmx,quarterly
2022-06-30,"Pakistan Definition,General Government Operations,Revenue and grants, Revenue, Tax Revenue, National Currency [PAK_GGO_RG_R_TR_XDC]",8437528.0,million PKR,mof_general_govt_operations_sdmx,quarterly
2022-09-30,"Pakistan Definition,General Government Operations,Revenue and grants, Revenue, Tax Revenue, National Currency [PAK_GGO_RG_R_TR_XDC]",2444611.0,million PKR,mof_general_govt_operations_sdmx,quarterly
2022-12-31,"Pakistan Definition,General Government Operations,Revenue and grants, Revenue, Tax Revenue, National Currency [PAK_GGO_RG_R_TR_XDC]",5322945.0,million PKR,mof_general_govt_operations_sdmx,quarterly
2023-03-31,"Pakistan Definition,General Government Operations,Revenue and grants, Revenue, Tax Revenue, National Currency [PAK_GGO_RG_R_TR_XDC]",8018712.329999999,million PKR,mof_general_govt_operations_sdmx,quarterly
2023-06-30,"Pakistan Definition,General Government Operations,Revenue and grants, Revenue, Tax Revenue, National Currency [PAK_GGO_RG_R_TR_XDC]",11159398.538181998,million PKR,mof_general_govt_operations_sdmx,quarterly
2023-09-30,"Pakistan Definition,General Government Operations,Revenue and grants, Revenue, Tax Revenue, National Currency [PAK_GGO_RG_R_TR_XDC]",3055032.990555,million PKR,mof_general_govt_operations_sdmx,quarterly
2023-12-31,"Pakistan Definition,General Government Operations,Revenue and grants, Revenue, Tax Revenue, National Currency [PAK_GGO_RG_R_TR_XDC]",6657179.4870569995,million PKR,mof_general_govt_operations_sdmx,quarterly
2024-03-31,"Pakistan Definition,General Government Operations,Revenue and grants, Revenue, Tax Revenue, National Currency [PAK_GGO_RG_R_TR_XDC]",10027816.211779999,million PKR,mof_general_govt_operations_sdmx,quarterly
2024-06-30,"Pakistan Definition,General Government Operations,Revenue and grants, Revenue, Tax Revenue, National Currency [PAK_GGO_RG_R_TR_XDC]",14015458.492563,million PKR,mof_general_govt_operations_sdmx,quarterly
2024-09-30,"Pakistan Definition,General Government Operations,Revenue and grants, Revenue, Tax Revenue, National Currency [PAK_GGO_RG_R_TR_XDC]",3556279.8213590006,million PKR,mof_general_govt_operations_sdmx,quarterly
2024-12-31,"Pakistan Definition,General Government Operations,Revenue and grants, Revenue, Tax Revenue, National Currency [PAK_GGO_RG_R_TR_XDC]",7646636.841960001,million PKR,mof_general_govt_operations_sdmx,quarterly
2025-03-31,"Pakistan Definition,General Government Operations,Revenue and grants, Revenue, Tax Revenue, National Currency [PAK_GGO_RG_R_TR_XDC]",11509207.434216,million PKR,mof_general_govt_operations_sdmx,quarterly
2016-09-30,"Pakistan Definition,General Government Operations,Revenue and grants, Revenue, Tax Revenue, Provincial, National Currency [PAK_GGO_RG_R_TR_P_XDC]",86891.0,million PKR,mof_general_govt_operations_sdmx,quarterly
2016-12-31,"Pakistan Definition,General Government Operations,Revenue and grants, Revenue, Tax Revenue, Provincial, National Currency [PAK_GGO_RG_R_TR_P_XDC]",176427.0,million PKR,mof_general_govt_operations_sdmx,quarterly
2017-03-31,"Pakistan Definition,General Government Operations,Revenue and grants, Revenue, Tax Revenue, Provincial, National Currency [PAK_GGO_RG_R_TR_P_XDC]",279971.0,million PKR,mof_general_govt_operations_sdmx,quarterly
2017-06-30,"Pakistan Definition,General Government Operations,Revenue and grants, Revenue, Tax Revenue, Provincial, National Currency [PAK_GGO_RG_R_TR_P_XDC]",401372.0,million PKR,mof_general_govt_operations_sdmx,quarterly
2017-09-30,"Pakistan Definition,General Government Operations,Revenue and grants, Revenue, Tax Revenue, Provincial, National Currency [PAK_GGO_RG_R_TR_P_XDC]",88622.451,million PKR,mof_general_govt_operations_sdmx,quarterly
2017-12-31,"Pakistan Definition,General Government Operations,Revenue and grants, Revenue, Tax Revenue, Provincial, National Currency [PAK_GGO_RG_R_TR_P_XDC]",187773.0,million PKR,mof_general_govt_operations_sdmx,quarterly
2018-03-31,"Pakistan Definition,General Government Operations,Revenue and grants, Revenue, Tax Revenue, Provincial, National Currency [PAK_GGO_RG_R_TR_P_XDC]",287708.0,million PKR,mof_general_govt_operations_sdmx,quarterly
2018-06-30,"Pakistan Definition,General Government Operations,Revenue and grants, Revenue, Tax Revenue, Provincial, National Currency [PAK_GGO_RG_R_TR_P_XDC]",401803.0,million PKR,mof_general_govt_operations_sdmx,quarterly
2018-09-30,"Pakistan Definition,General Government Operations,Revenue and grants, Revenue, Tax Revenue, Provincial, National Currency [PAK_GGO_RG_R_TR_P_XDC]",104509.0,million PKR,mof_general_govt_operations_sdmx,quarterly
2018-12-31,"Pakistan Definition,General Government Operations,Revenue and grants, Revenue, Tax Revenue, Provincial, National Currency [PAK_GGO_RG_R_TR_P_XDC]",214409.0,million PKR,mof_general_govt_operations_sdmx,quarterly
2019-03-31,"Pakistan Definition,General Government Operations,Revenue and grants, Revenue, Tax Revenue, Provincial, National Currency [PAK_GGO_RG_R_TR_P_XDC]",321219.0,million PKR,mof_general_govt_operations_sdmx,quarterly
2019-06-30,"Pakistan Definition,General Government Operations,Revenue and grants, Revenue, Tax Revenue, Provincial, National Currency [PAK_GGO_RG_R_TR_P_XDC]",413617.0,million PKR,mof_general_govt_operations_sdmx,quarterly
2019-09-30,"Pakistan Definition,General Government Operations,Revenue and grants, Revenue, Tax Revenue, Provincial, National Currency [PAK_GGO_RG_R_TR_P_XDC]",111758.0,million PKR,mof_general_govt_operations_sdmx,quarterly
2019-12-31,"Pakistan Definition,General Government Operations,Revenue and grants, Revenue, Tax Revenue, Provincial, National Currency [PAK_GGO_RG_R_TR_P_XDC]",245852.0,million PKR,mof_general_govt_operations_sdmx,quarterly
2020-03-31,"Pakistan Definition,General Government Operations,Revenue and grants, Revenue, Tax Revenue, Provincial, National Currency [PAK_GGO_RG_R_TR_P_XDC]",370117.0,million PKR,mof_general_govt_operations_sdmx,quarterly
2020-06-30,"Pakistan Definition,General Government Operations,Revenue and grants, Revenue, Tax Revenue, Provincial, National Currency [PAK_GGO_RG_R_TR_P_XDC]",508397.0,million PKR,mof_general_govt_operations_sdmx,quarterly
2020-09-30,"Pakistan Definition,General Government Operations,Revenue and grants, Revenue, Tax Revenue, Provincial, National Currency [PAK_GGO_RG_R_TR_P_XDC]",134795.0,million PKR,mof_general_govt_operations_sdmx,quarterly
2020-12-31,"Pakistan Definition,General Government Operations,Revenue and grants, Revenue, Tax Revenue, Provincial, National Currency [PAK_GGO_RG_R_TR_P_XDC]",271238.0,million PKR,mof_general_govt_operations_sdmx,quarterly
2021-03-31,"Pakistan Definition,General Government Operations,Revenue and grants, Revenue, Tax Revenue, Provincial, National Currency [PAK_GGO_RG_R_TR_P_XDC]",438294.0,million PKR,mof_general_govt_operations_sdmx,quarterly
2021-06-30,"Pakistan Definition,General Government Operations,Revenue and grants, Revenue, Tax Revenue, Provincial, National Currency [PAK_GGO_RG_R_TR_P_XDC]",612366.0,million PKR,mof_general_govt_operations_sdmx,quarterly
2021-09-30,"Pakistan Definition,General Government Operations,Revenue and grants, Revenue, Tax Revenue, Provincial, National Currency [PAK_GGO_RG_R_TR_P_XDC]",148162.0,million PKR,mof_general_govt_operations_sdmx,quarterly
2021-12-31,"Pakistan Definition,General Government Operations,Revenue and grants, Revenue, Tax Revenue, Provincial, National Currency [PAK_GGO_RG_R_TR_P_XDC]",303015.0,million PKR,mof_general_govt_operations_sdmx,quarterly
2022-03-31,"Pakistan Definition,General Government Operations,Revenue and grants, Revenue, Tax Revenue, Provincial, National Currency [PAK_GGO_RG_R_TR_P_XDC]",461833.0,million PKR,mof_general_govt_operations_sdmx,quarterly
2022-06-30,"Pakistan Definition,General Government Operations,Revenue and grants, Revenue, Tax Revenue, Provincial, National Currency [PAK_GGO_RG_R_TR_P_XDC]",649559.0,million PKR,mof_general_govt_operations_sdmx,quarterly
2022-09-30,"Pakistan Definition,General Government Operations,Revenue and grants, Revenue, Tax Revenue, Provincial, National Currency [PAK_GGO_RG_R_TR_P_XDC]",175391.0,million PKR,mof_general_govt_operations_sdmx,quarterly
2022-12-31,"Pakistan Definition,General Government Operations,Revenue and grants, Revenue, Tax Revenue, Provincial, National Currency [PAK_GGO_RG_R_TR_P_XDC]",365065.0,million PKR,mof_general_govt_operations_sdmx,quarterly
2023-03-31,"Pakistan Definition,General Government Operations,Revenue and grants, Revenue, Tax Revenue, Provincial, National Currency [PAK_GGO_RG_R_TR_P_XDC]",550969.0,million PKR,mof_general_govt_operations_sdmx,quarterly
2023-06-30,"Pakistan Definition,General Government Operations,Revenue and grants, Revenue, Tax Revenue, Provincial, National Currency [PAK_GGO_RG_R_TR_P_XDC]",774194.0,million PKR,mof_general_govt_operations_sdmx,quarterly
2023-09-30,"Pakistan Definition,General Government Operations,Revenue and grants, Revenue, Tax Revenue, Provincial, National Currency [PAK_GGO_RG_R_TR_P_XDC]",212965.0,million PKR,mof_general_govt_operations_sdmx,quarterly
2023-12-31,"Pakistan Definition,General Government Operations,Revenue and grants, Revenue, Tax Revenue, Provincial, National Currency [PAK_GGO_RG_R_TR_P_XDC]",442629.0,million PKR,mof_general_govt_operations_sdmx,quarterly
2024-03-31,"Pakistan Definition,General Government Operations,Revenue and grants, Revenue, Tax Revenue, Provincial, National Currency [PAK_GGO_RG_R_TR_P_XDC]",684265.0,million PKR,mof_general_govt_operations_sdmx,quarterly
2024-06-30,"Pakistan Definition,General Government Operations,Revenue and grants, Revenue, Tax Revenue, Provincial, National Currency [PAK_GGO_RG_R_TR_P_XDC]",978621.466,million PKR,mof_general_govt_operations_sdmx,quarterly
2024-09-30,"Pakistan Definition,General Government Operations,Revenue and grants, Revenue, Tax Revenue, Provincial, National Currency [PAK_GGO_RG_R_TR_P_XDC]",268913.0,million PKR,mof_general_govt_operations_sdmx,quarterly
2024-12-31,"Pakistan Definition,General Government Operations,Revenue and grants, Revenue, Tax Revenue, Provincial, National Currency [PAK_GGO_RG_R_TR_P_XDC]",568511.0,million PKR,mof_general_govt_operations_sdmx,quarterly
2025-03-31,"Pakistan Definition,General Government Operations,Revenue and grants, Revenue, Tax Revenue, Provincial, National Currency [PAK_GGO_RG_R_TR_P_XDC]",860699.0,million PKR,mof_general_govt_operations_sdmx,quarterly
2016-09-30,"Pakistan Definition,General Government Operations,Revenue and grants, grants, National Currency [PAK_GGO_RG_G_XDC]",4897.0,million PKR,mof_general_govt_operations_sdmx,quarterly
2016-12-31,"Pakistan Definition,General Government Operations,Revenue and grants, grants, National Currency [PAK_GGO_RG_G_XDC]",9416.0,million PKR,mof_general_govt_operations_sdmx,quarterly
2017-03-31,"Pakistan Definition,General Government Operations,Revenue and grants, grants, National Currency [PAK_GGO_RG_G_XDC]",23692.0,million PKR,mof_general_govt_operations_sdmx,quarterly
2017-06-30,"Pakistan Definition,General Government Operations,Revenue and grants, grants, National Currency [PAK_GGO_RG_G_XDC]",36954.0,million PKR,mof_general_govt_operations_sdmx,quarterly
2017-09-30,"Pakistan Definition,General Government Operations,Revenue and grants, grants, National Currency [PAK_GGO_RG_G_XDC]",7947.0,million PKR,mof_general_govt_operations_sdmx,quarterly
2017-12-31,"Pakistan Definition,General Government Operations,Revenue and grants, grants, National Currency [PAK_GGO_RG_G_XDC]",11359.0,million PKR,mof_general_govt_operations_sdmx,quarterly
2018-03-31,"Pakistan Definition,General Government Operations,Revenue and grants, grants, National Currency [PAK_GGO_RG_G_XDC]",16283.0,million PKR,mof_general_govt_operations_sdmx,quarterly
2018-06-30,"Pakistan Definition,General Government Operations,Revenue and grants, grants, National Currency [PAK_GGO_RG_G_XDC]",33023.0,million PKR,mof_general_govt_operations_sdmx,quarterly
2018-09-30,"Pakistan Definition,General Government Operations,Revenue and grants, grants, National Currency [PAK_GGO_RG_G_XDC]",7982.0,million PKR,mof_general_govt_operations_sdmx,quarterly
2018-12-31,"Pakistan Definition,General Government Operations,Revenue and grants, grants, National Currency [PAK_GGO_RG_G_XDC]",20569.0,million PKR,mof_general_govt_operations_sdmx,quarterly
2019-03-31,"Pakistan Definition,General Government Operations,Revenue and grants, grants, National Currency [PAK_GGO_RG_G_XDC]",24615.0,million PKR,mof_general_govt_operations_sdmx,quarterly
2019-06-30,"Pakistan Definition,General Government Operations,Revenue and grants, grants, National Currency [PAK_GGO_RG_G_XDC]",33483.0,million PKR,mof_general_govt_operations_sdmx,quarterly
2019-09-30,"Pakistan Definition,General Government Operations,Revenue and grants, grants, National Currency [PAK_GGO_RG_G_XDC]",9317.53,million PKR,mof_general_govt_operations_sdmx,quarterly
2019-12-31,"Pakistan Definition,General Government Operations,Revenue and grants, grants, National Currency [PAK_GGO_RG_G_XDC]",15955.0,million PKR,mof_general_govt_operations_sdmx,quarterly
2020-03-31,"Pakistan Definition,General Government Operations,Revenue and grants, grants, National Currency [PAK_GGO_RG_G_XDC]",24221.0,million PKR,mof_general_govt_operations_sdmx,quarterly
2020-06-30,"Pakistan Definition,General Government Operations,Revenue and grants, grants, National Currency [PAK_GGO_RG_G_XDC]",30614.5,million PKR,mof_general_govt_operations_sdmx,quarterly
2020-09-30,"Pakistan Definition,General Government Operations,Revenue and grants, grants, National Currency [PAK_GGO_RG_G_XDC]",17113.0,million PKR,mof_general_govt_operations_sdmx,quarterly
2020-12-31,"Pakistan Definition,General Government Operations,Revenue and grants, grants, National Currency [PAK_GGO_RG_G_XDC]",26295.0,million PKR,mof_general_govt_operations_sdmx,quarterly
2021-03-31,"Pakistan Definition,General Government Operations,Revenue and grants, grants, National Currency [PAK_GGO_RG_G_XDC]",35024.0,million PKR,mof_general_govt_operations_sdmx,quarterly
2021-06-30,"Pakistan Definition,General Government Operations,Revenue and grants, grants, National Currency [PAK_GGO_RG_G_XDC]",41408.0,million PKR,mof_general_govt_operations_sdmx,quarterly
2021-09-30,"Pakistan Definition,General Government Operations,Revenue and grants, grants, National Currency [PAK_GGO_RG_G_XDC]",5630.0,million PKR,mof_general_govt_operations_sdmx,quarterly
2021-12-31,"Pakistan Definition,General Government Operations,Revenue and grants, grants, National Currency [PAK_GGO_RG_G_XDC]",11975.58,million PKR,mof_general_govt_operations_sdmx,quarterly
2022-03-31,"Pakistan Definition,General Government Operations,Revenue and grants, grants, National Currency [PAK_GGO_RG_G_XDC]",27116.0,million PKR,mof_general_govt_operations_sdmx,quarterly
2022-06-30,"Pakistan Definition,General Government Operations,Revenue and grants, grants, National Currency [PAK_GGO_RG_G_XDC]",34579.0,million PKR,mof_general_govt_operations_sdmx,quarterly
2022-09-30,"Pakistan Definition,General Government Operations,Revenue and grants, grants, National Currency [PAK_GGO_RG_G_XDC]",4355.200000000001,million PKR,mof_general_govt_operations_sdmx,quarterly
2022-12-31,"Pakistan Definition,General Government Operations,Revenue and grants, grants, National Currency [PAK_GGO_RG_G_XDC]",10558.75,million PKR,mof_general_govt_operations_sdmx,quarterly
2023-03-31,"Pakistan Definition,General Government Operations,Revenue and grants, grants, National Currency [PAK_GGO_RG_G_XDC]",18136.14,million PKR,mof_general_govt_operations_sdmx,quarterly
2023-06-30,"Pakistan Definition,General Government Operations,Revenue and grants, grants, National Currency [PAK_GGO_RG_G_XDC]",30602.91,million PKR,mof_general_govt_operations_sdmx,quarterly
2023-09-30,"Pakistan Definition,General Government Operations,Revenue and grants, grants, National Currency [PAK_GGO_RG_G_XDC]",10940.6,million PKR,mof_general_govt_operations_sdmx,quarterly
2023-12-31,"Pakistan Definition,General Government Operations,Revenue and grants, grants, National Currency [PAK_GGO_RG_G_XDC]",13495.43,million PKR,mof_general_govt_operations_sdmx,quarterly
2024-03-31,"Pakistan Definition,General Government Operations,Revenue and grants, grants, National Currency [PAK_GGO_RG_G_XDC]",17973.22,million PKR,mof_general_govt_operations_sdmx,quarterly
2024-06-30,"Pakistan Definition,General Government Operations,Revenue and grants, grants, National Currency [PAK_GGO_RG_G_XDC]",23054.415281891997,million PKR,mof_general_govt_operations_sdmx,quarterly
2024-09-30,"Pakistan Definition,General Government Operations,Revenue and grants, grants, National Currency [PAK_GGO_RG_G_XDC]",3289.6799999999985,million PKR,mof_general_govt_operations_sdmx,quarterly
2024-12-31,"Pakistan Definition,General Government Operations,Revenue and grants, grants, National Currency [PAK_GGO_RG_G_XDC]",6120.210162065998,million PKR,mof_general_govt_operations_sdmx,quarterly
2025-03-31,"Pakistan Definition,General Government Operations,Revenue and grants, grants, National Currency [PAK_GGO_RG_G_XDC]",8962.483743882001,million PKR,mof_general_govt_operations_sdmx,quarterly
