date,series,value,unit,source_id,frequency
2023-09-30,PAK_CGO_NR_GR_TR_S_CL_XDC,0.0,million PKR,mof_central_govt_operations_sdmx,quarterly
2023-12-31,PAK_CGO_NR_GR_TR_S_CL_XDC,0.0,million PKR,mof_central_govt_operations_sdmx,quarterly
2024-03-31,PAK_CGO_NR_GR_TR_S_CL_XDC,0.0,million PKR,mof_central_govt_operations_sdmx,quarterly
2024-06-30,PAK_CGO_NR_GR_TR_S_CL_XDC,0.0,million PKR,mof_central_govt_operations_sdmx,quarterly
2024-09-30,PAK_CGO_NR_GR_TR_S_CL_XDC,10193.410254,million PKR,mof_central_govt_operations_sdmx,quarterly
2024-12-31,PAK_CGO_NR_GR_TR_S_CL_XDC,25484.948359,million PKR,mof_central_govt_operations_sdmx,quarterly
2025-03-31,PAK_CGO_NR_GR_TR_S_CL_XDC,37268.190907,million PKR,mof_central_govt_operations_sdmx,quarterly
2023-09-30,PAK_CGO_NR_GR_TR_S_NAL_XDC,0.0,million PKR,mof_central_govt_operations_sdmx,quarterly
2023-12-31,PAK_CGO_NR_GR_TR_S_NAL_XDC,0.0,million PKR,mof_central_govt_operations_sdmx,quarterly
2024-03-31,PAK_CGO_NR_GR_TR_S_NAL_XDC,0.0,million PKR,mof_central_govt_operations_sdmx,quarterly
2024-06-30,PAK_CGO_NR_GR_TR_S_NAL_XDC,0.0,million PKR,mof_central_govt_operations_sdmx,quarterly
2024-09-30,PAK_CGO_NR_GR_TR_S_NAL_XDC,3010.82,million PKR,mof_central_govt_operations_sdmx,quarterly
2024-12-31,PAK_CGO_NR_GR_TR_S_NAL_XDC,10215.71,million PKR,mof_central_govt_operations_sdmx,quarterly
2025-03-31,PAK_CGO_NR_GR_TR_S_NAL_XDC,17774.72,million PKR,mof_central_govt_operations_sdmx,quarterly
2023-09-30,PAK_CGO_NR_GR_TR_S_OTG_XDC,0.0,million PKR,mof_central_govt_operations_sdmx,quarterly
2023-12-31,PAK_CGO_NR_GR_TR_S_OTG_XDC,0.0,million PKR,mof_central_govt_operations_sdmx,quarterly
2024-03-31,PAK_CGO_NR_GR_TR_S_OTG_XDC,0.0,million PKR,mof_central_govt_operations_sdmx,quarterly
2024-06-30,PAK_CGO_NR_GR_TR_S_OTG_XDC,1998.94478,million PKR,mof_central_govt_operations_sdmx,quarterly
2024-09-30,PAK_CGO_NR_GR_TR_S_OTG_XDC,1061.878103,million PKR,mof_central_govt_operations_sdmx,quarterly
2024-12-31,PAK_CGO_NR_GR_TR_S_OTG_XDC,8816.161509,million PKR,mof_central_govt_operations_sdmx,quarterly
2025-03-31,PAK_CGO_NR_GR_TR_S_OTG_XDC,11358.264455,million PKR,mof_central_govt_operations_sdmx,quarterly
2016-09-30,PAK_CGO_NR_GR_TR_S_XDC,56137.0,million PKR,mof_central_govt_operations_sdmx,quarterly
2016-12-31,PAK_CGO_NR_GR_TR_S_XDC,110847.0,million PKR,mof_central_govt_operations_sdmx,quarterly
2017-03-31,PAK_CGO_NR_GR_TR_S_XDC,154878.0,million PKR,mof_central_govt_operations_sdmx,quarterly
2017-06-30,PAK_CGO_NR_GR_TR_S_XDC,203086.0,million PKR,mof_central_govt_operations_sdmx,quarterly
2017-09-30,PAK_CGO_NR_GR_TR_S_XDC,47020.0,million PKR,mof_central_govt_operations_sdmx,quarterly
2017-12-31,PAK_CGO_NR_GR_TR_S_XDC,84942.0,million PKR,mof_central_govt_operations_sdmx,quarterly
2018-03-31,PAK_CGO_NR_GR_TR_S_XDC,146177.0,million PKR,mof_central_govt_operations_sdmx,quarterly
2018-06-30,PAK_CGO_NR_GR_TR_S_XDC,211612.0,million PKR,mof_central_govt_operations_sdmx,quarterly
2018-09-30,PAK_CGO_NR_GR_TR_S_XDC,66490.0,million PKR,mof_central_govt_operations_sdmx,quarterly
2018-12-31,PAK_CGO_NR_GR_TR_S_XDC,142546.0,million PKR,mof_central_govt_operations_sdmx,quarterly
2019-03-31,PAK_CGO_NR_GR_TR_S_XDC,206260.0,million PKR,mof_central_govt_operations_sdmx,quarterly
2019-06-30,PAK_CGO_NR_GR_TR_S_XDC,306037.0,million PKR,mof_central_govt_operations_sdmx,quarterly
2019-09-30,PAK_CGO_NR_GR_TR_S_XDC,144452.0,million PKR,mof_central_govt_operations_sdmx,quarterly
2019-12-31,PAK_CGO_NR_GR_TR_S_XDC,288589.0,million PKR,mof_central_govt_operations_sdmx,quarterly
2020-03-31,PAK_CGO_NR_GR_TR_S_XDC,386459.0,million PKR,mof_central_govt_operations_sdmx,quarterly
2020-06-30,PAK_CGO_NR_GR_TR_S_XDC,447177.0,million PKR,mof_central_govt_operations_sdmx,quarterly
2020-09-30,PAK_CGO_NR_GR_TR_S_XDC,18145.0,million PKR,mof_central_govt_operations_sdmx,quarterly
2020-12-31,PAK_CGO_NR_GR_TR_S_XDC,79833.0,million PKR,mof_central_govt_operations_sdmx,quarterly
2021-03-31,PAK_CGO_NR_GR_TR_S_XDC,143096.0,million PKR,mof_central_govt_operations_sdmx,quarterly
2021-06-30,PAK_CGO_NR_GR_TR_S_XDC,147901.0,million PKR,mof_central_govt_operations_sdmx,quarterly
2021-09-30,PAK_CGO_NR_GR_TR_S_XDC,52961.0,million PKR,mof_central_govt_operations_sdmx,quarterly
2021-12-31,PAK_CGO_NR_GR_TR_S_XDC,188643.0,million PKR,mof_central_govt_operations_sdmx,quarterly
2022-03-31,PAK_CGO_NR_GR_TR_S_XDC,374208.0,million PKR,mof_central_govt_operations_sdmx,quarterly
2022-06-30,PAK_CGO_NR_GR_TR_S_XDC,590582.0,million PKR,mof_central_govt_operations_sdmx,quarterly
2022-09-30,PAK_CGO_NR_GR_TR_S_XDC,222067.0,million PKR,mof_central_govt_operations_sdmx,quarterly
2022-12-31,PAK_CGO_NR_GR_TR_S_XDC,477276.0,million PKR,mof_central_govt_operations_sdmx,quarterly
2023-03-31,PAK_CGO_NR_GR_TR_S_XDC,738224.4700000001,million PKR,mof_central_govt_operations_sdmx,quarterly
2023-06-30,PAK_CGO_NR_GR_TR_S_XDC,1049732.562253,million PKR,mof_central_govt_operations_sdmx,quarterly
2023-09-30,PAK_CGO_NR_GR_TR_S_XDC,273410.797142,million PKR,mof_central_govt_operations_sdmx,quarterly
2023-12-31,PAK_CGO_NR_GR_TR_S_XDC,576757.95309,million PKR,mof_central_govt_operations_sdmx,quarterly
2024-03-31,PAK_CGO_NR_GR_TR_S_XDC,869492.112384,million PKR,mof_central_govt_operations_sdmx,quarterly
2024-06-30,PAK_CGO_NR_GR_TR_S_XDC,1265154.206942,million PKR,mof_central_govt_operations_sdmx,quarterly
2024-09-30,PAK_CGO_NR_GR_TR_S_XDC,393815.88569799997,million PKR,mof_central_govt_operations_sdmx,quarterly
2024-12-31,PAK_CGO_NR_GR_TR_S_XDC,899750.607067,million PKR,mof_central_govt_operations_sdmx,quarterly
2025-03-31,PAK_CGO_NR_GR_TR_S_XDC,1314659.274862,million PKR,mof_central_govt_operations_sdmx,quarterly
2016-09-30,"Pakistan Definition,Central Government Operations, Expenditure, Current Expenditure, Defense, National Currency [PAK_CGO_E_CE_D_XDC]",181916.0,million PKR,mof_central_govt_operations_sdmx,quarterly
2016-12-31,"Pakistan Definition,Central Government Operations, Expenditure, Current Expenditure, Defense, National Currency [PAK_CGO_E_CE_D_XDC]",393386.0,million PKR,mof_central_govt_operations_sdmx,quarterly
2017-03-31,"Pakistan Definition,Central Government Operations, Expenditure, Current Expenditure, Defense, National Currency [PAK_CGO_E_CE_D_XDC]",623839.0,million PKR,mof_central_govt_operations_sdmx,quarterly
2017-06-30,"Pakistan Definition,Central Government Operations, Expenditure, Current Expenditure, Defense, National Currency [PAK_CGO_E_CE_D_XDC]",1030407.0,million PKR,mof_central_govt_operations_sdmx,quarterly
2017-09-30,"Pakistan Definition,Central Government Operations, Expenditure, Current Expenditure, Defense, National Currency [PAK_CGO_E_CE_D_XDC]",219392.0,million PKR,mof_central_govt_operations_sdmx,quarterly
2017-12-31,"Pakistan Definition,Central Government Operations, Expenditure, Current Expenditure, Defense, National Currency [PAK_CGO_E_CE_D_XDC]",479594.0,million PKR,mof_central_govt_operations_sdmx,quarterly
2018-03-31,"Pakistan Definition,Central Government Operations, Expenditure, Current Expenditure, Defense, National Currency [PAK_CGO_E_CE_D_XDC]",774708.0,million PKR,mof_central_govt_operations_sdmx,quarterly
2018-06-30,"Pakistan Definition,Central Government Operations, Expenditure, Current Expenditure, Defense, National Currency [PAK_CGO_E_CE_D_XDC]",1146793.0,million PKR,mof_central_govt_operations_sdmx,quarterly
2018-09-30,"Pakistan Definition,Central Government Operations, Expenditure, Current Expenditure, Defense, National Currency [PAK_CGO_E_CE_D_XDC]",242635.0,million PKR,mof_central_govt_operations_sdmx,quarterly
2018-12-31,"Pakistan Definition,Central Government Operations, Expenditure, Current Expenditure, Defense, National Currency [PAK_CGO_E_CE_D_XDC]",529527.0,million PKR,mof_central_govt_operations_sdmx,quarterly
2019-03-31,"Pakistan Definition,Central Government Operations, Expenditure, Current Expenditure, Defense, National Currency [PAK_CGO_E_CE_D_XDC]",802436.0,million PKR,mof_central_govt_operations_sdmx,quarterly
2019-06-30,"Pakistan Definition,Central Government Operations, Expenditure, Current Expenditure, Defense, National Currency [PAK_CGO_E_CE_D_XDC]",1213281.0,million PKR,mof_central_govt_operations_sdmx,quarterly
2019-09-30,"Pakistan Definition,Central Government Operations, Expenditure, Current Expenditure, Defense, National Currency [PAK_CGO_E_CE_D_XDC]",224482.0,million PKR,mof_central_govt_operations_sdmx,quarterly
2019-12-31,"Pakistan Definition,Central Government Operations, Expenditure, Current Expenditure, Defense, National Currency [PAK_CGO_E_CE_D_XDC]",486585.0,million PKR,mof_central_govt_operations_sdmx,quarterly
2020-03-31,"Pakistan Definition,Central Government Operations, Expenditure, Current Expenditure, Defense, National Currency [PAK_CGO_E_CE_D_XDC]",783966.0,million PKR,mof_central_govt_operations_sdmx,quarterly
2020-06-30,"Pakistan Definition,Central Government Operations, Expenditure, Current Expenditure, Defense, National Currency [PAK_CGO_E_CE_D_XDC]",1316418.0,million PKR,mof_central_govt_operations_sdmx,quarterly
2020-09-30,"Pakistan Definition,Central Government Operations, Expenditure, Current Expenditure, Defense, National Currency [PAK_CGO_E_CE_D_XDC]",261687.0,million PKR,mof_central_govt_operations_sdmx,quarterly
2020-12-31,"Pakistan Definition,Central Government Operations, Expenditure, Current Expenditure, Defense, National Currency [PAK_CGO_E_CE_D_XDC]",520456.0,million PKR,mof_central_govt_operations_sdmx,quarterly
2021-03-31,"Pakistan Definition,Central Government Operations, Expenditure, Current Expenditure, Defense, National Currency [PAK_CGO_E_CE_D_XDC]",881885.0,million PKR,mof_central_govt_operations_sdmx,quarterly
2021-06-30,"Pakistan Definition,Central Government Operations, Expenditure, Current Expenditure, Defense, National Currency [PAK_CGO_E_CE_D_XDC]",1411646.0,million PKR,mof_central_govt_operations_sdmx,quarterly
2021-09-30,"Pakistan Definition,Central Government Operations, Expenditure, Current Expenditure, Defense, National Currency [PAK_CGO_E_CE_D_XDC]",312928.0,million PKR,mof_central_govt_operations_sdmx,quarterly
2021-12-31,"Pakistan Definition,Central Government Operations, Expenditure, Current Expenditure, Defense, National Currency [PAK_CGO_E_CE_D_XDC]",638851.0,million PKR,mof_central_govt_operations_sdmx,quarterly
2022-03-31,"Pakistan Definition,Central Government Operations, Expenditure, Current Expenditure, Defense, National Currency [PAK_CGO_E_CE_D_XDC]",1000698.0,million PKR,mof_central_govt_operations_sdmx,quarterly
2022-06-30,"Pakistan Definition,Central Government Operations, Expenditure, Current Expenditure, Defense, National Currency [PAK_CGO_E_CE_D_XDC]",1585502.0,million PKR,mof_central_govt_operations_sdmx,quarterly
2022-09-30,"Pakistan Definition,Central Government Operations, Expenditure, Current Expenditure, Defense, National Currency [PAK_CGO_E_CE_D_XDC]",343068.0,million PKR,mof_central_govt_operations_sdmx,quarterly
2022-12-31,"Pakistan Definition,Central Government Operations, Expenditure, Current Expenditure, Defense, National Currency [PAK_CGO_E_CE_D_XDC]",757602.008995,million PKR,mof_central_govt_operations_sdmx,quarterly
2023-03-31,"Pakistan Definition,Central Government Operations, Expenditure, Current Expenditure, Defense, National Currency [PAK_CGO_E_CE_D_XDC]",1222398.344076,million PKR,mof_central_govt_operations_sdmx,quarterly
2023-06-30,"Pakistan Definition,Central Government Operations, Expenditure, Current Expenditure, Defense, National Currency [PAK_CGO_E_CE_D_XDC]",1858804.520683,million PKR,mof_central_govt_operations_sdmx,quarterly
2023-09-30,"Pakistan Definition,Central Government Operations, Expenditure, Current Expenditure, Defense, National Currency [PAK_CGO_E_CE_D_XDC]",410174.618287,million PKR,mof_central_govt_operations_sdmx,quarterly
2023-12-31,"Pakistan Definition,Central Government Operations, Expenditure, Current Expenditure, Defense, National Currency [PAK_CGO_E_CE_D_XDC]",890445.183161,million PKR,mof_central_govt_operations_sdmx,quarterly
2024-03-31,"Pakistan Definition,Central Government Operations, Expenditure, Current Expenditure, Defense, National Currency [PAK_CGO_E_CE_D_XDC]",1423960.493596,million PKR,mof_central_govt_operations_sdmx,quarterly
2024-06-30,"Pakistan Definition,Central Government Operations, Expenditure, Current Expenditure, Defense, National Currency [PAK_CGO_E_CE_D_XDC]",2193882.721034,million PKR,mof_central_govt_operations_sdmx,quarterly
2024-09-30,"Pakistan Definition,Central Government Operations, Expenditure, Current Expenditure, Defense, National Currency [PAK_CGO_E_CE_D_XDC]",447487.225889,million PKR,mof_central_govt_operations_sdmx,quarterly
2024-12-31,"Pakistan Definition,Central Government Operations, Expenditure, Current Expenditure, Defense, National Currency [PAK_CGO_E_CE_D_XDC]",1044990.165758,million PKR,mof_central_govt_operations_sdmx,quarterly
2025-03-31,"Pakistan Definition,Central Government Operations, Expenditure, Current Expenditure, Defense, National Currency [PAK_CGO_E_CE_D_XDC]",1689919.7510539999,million PKR,mof_central_govt_operations_sdmx,quarterly
2016-09-30,"Pakistan Definition,Central Government Operations, Expenditure, Current Expenditure, Grants, National Currency [PAK_CGO_E_CE_G_XDC]",57837.7,million PKR,mof_central_govt_operations_sdmx,quarterly
2016-12-31,"Pakistan Definition,Central Government Operations, Expenditure, Current Expenditure, Grants, National Currency [PAK_CGO_E_CE_G_XDC]",141390.3,million PKR,mof_central_govt_operations_sdmx,quarterly
2017-03-31,"Pakistan Definition,Central Government Operations, Expenditure, Current Expenditure, Grants, National Currency [PAK_CGO_E_CE_G_XDC]",251327.812,million PKR,mof_central_govt_operations_sdmx,quarterly
2017-06-30,"Pakistan Definition,Central Government Operations, Expenditure, Current Expenditure, Grants, National Currency [PAK_CGO_E_CE_G_XDC]",408461.0,million PKR,mof_central_govt_operations_sdmx,quarterly
2017-09-30,"Pakistan Definition,Central Government Operations, Expenditure, Current Expenditure, Grants, National Currency [PAK_CGO_E_CE_G_XDC]",59673.895,million PKR,mof_central_govt_operations_sdmx,quarterly
2017-12-31,"Pakistan Definition,Central Government Operations, Expenditure, Current Expenditure, Grants, National Currency [PAK_CGO_E_CE_G_XDC]",141820.926,million PKR,mof_central_govt_operations_sdmx,quarterly
2018-03-31,"Pakistan Definition,Central Government Operations, Expenditure, Current Expenditure, Grants, National Currency [PAK_CGO_E_CE_G_XDC]",248576.0,million PKR,mof_central_govt_operations_sdmx,quarterly
2018-06-30,"Pakistan Definition,Central Government Operations, Expenditure, Current Expenditure, Grants, National Currency [PAK_CGO_E_CE_G_XDC]",469705.9,million PKR,mof_central_govt_operations_sdmx,quarterly
2018-09-30,"Pakistan Definition,Central Government Operations, Expenditure, Current Expenditure, Grants, National Currency [PAK_CGO_E_CE_G_XDC]",91711.0,million PKR,mof_central_govt_operations_sdmx,quarterly
2018-12-31,"Pakistan Definition,Central Government Operations, Expenditure, Current Expenditure, Grants, National Currency [PAK_CGO_E_CE_G_XDC]",281554.0,million PKR,mof_central_govt_operations_sdmx,quarterly
2019-03-31,"Pakistan Definition,Central Government Operations, Expenditure, Current Expenditure, Grants, National Currency [PAK_CGO_E_CE_G_XDC]",421462.0,million PKR,mof_central_govt_operations_sdmx,quarterly
2019-06-30,"Pakistan Definition,Central Government Operations, Expenditure, Current Expenditure, Grants, National Currency [PAK_CGO_E_CE_G_XDC]",928237.0,million PKR,mof_central_govt_operations_sdmx,quarterly
2019-09-30,"Pakistan Definition,Central Government Operations, Expenditure, Current Expenditure, Grants, National Currency [PAK_CGO_E_CE_G_XDC]",126403.12700000001,million PKR,mof_central_govt_operations_sdmx,quarterly
2019-12-31,"Pakistan Definition,Central Government Operations, Expenditure, Current Expenditure, Grants, National Currency [PAK_CGO_E_CE_G_XDC]",310578.769,million PKR,mof_central_govt_operations_sdmx,quarterly
2020-03-31,"Pakistan Definition,Central Government Operations, Expenditure, Current Expenditure, Grants, National Currency [PAK_CGO_E_CE_G_XDC]",490553.685,million PKR,mof_central_govt_operations_sdmx,quarterly
2020-06-30,"Pakistan Definition,Central Government Operations, Expenditure, Current Expenditure, Grants, National Currency [PAK_CGO_E_CE_G_XDC]",911571.806,million PKR,mof_central_govt_operations_sdmx,quarterly
2020-09-30,"Pakistan Definition,Central Government Operations, Expenditure, Current Expenditure, Grants, National Currency [PAK_CGO_E_CE_G_XDC]",202123.049,million PKR,mof_central_govt_operations_sdmx,quarterly
2020-12-31,"Pakistan Definition,Central Government Operations, Expenditure, Current Expenditure, Grants, National Currency [PAK_CGO_E_CE_G_XDC]",602977.419,million PKR,mof_central_govt_operations_sdmx,quarterly
2021-03-31,"Pakistan Definition,Central Government Operations, Expenditure, Current Expenditure, Grants, National Currency [PAK_CGO_E_CE_G_XDC]",990788.167,million PKR,mof_central_govt_operations_sdmx,quarterly
2021-06-30,"Pakistan Definition,Central Government Operations, Expenditure, Current Expenditure, Grants, National Currency [PAK_CGO_E_CE_G_XDC]",1239287.585,million PKR,mof_central_govt_operations_sdmx,quarterly
2021-09-30,"Pakistan Definition,Central Government Operations, Expenditure, Current Expenditure, Grants, National Currency [PAK_CGO_E_CE_G_XDC]",219654.856,million PKR,mof_central_govt_operations_sdmx,quarterly
2021-12-31,"Pakistan Definition,Central Government Operations, Expenditure, Current Expenditure, Grants, National Currency [PAK_CGO_E_CE_G_XDC]",433747.781,million PKR,mof_central_govt_operations_sdmx,quarterly
2022-03-31,"Pakistan Definition,Central Government Operations, Expenditure, Current Expenditure, Grants, National Currency [PAK_CGO_E_CE_G_XDC]",685093.415,million PKR,mof_central_govt_operations_sdmx,quarterly
2022-06-30,"Pakistan Definition,Central Government Operations, Expenditure, Current Expenditure, Grants, National Currency [PAK_CGO_E_CE_G_XDC]",1069993.0,million PKR,mof_central_govt_operations_sdmx,quarterly
2022-09-30,"Pakistan Definition,Central Government Operations, Expenditure, Current Expenditure, Grants, National Currency [PAK_CGO_E_CE_G_XDC]",203434.463,million PKR,mof_central_govt_operations_sdmx,quarterly
2022-12-31,"Pakistan Definition,Central Government Operations, Expenditure, Current Expenditure, Grants, National Currency [PAK_CGO_E_CE_G_XDC]",523928.266506,million PKR,mof_central_govt_operations_sdmx,quarterly
2023-03-31,"Pakistan Definition,Central Government Operations, Expenditure, Current Expenditure, Grants, National Currency [PAK_CGO_E_CE_G_XDC]",857699.8194610004,million PKR,mof_central_govt_operations_sdmx,quarterly
2023-06-30,"Pakistan Definition,Central Government Operations, Expenditure, Current Expenditure, Grants, National Currency [PAK_CGO_E_CE_G_XDC]",1395283.2350199998,million PKR,mof_central_govt_operations_sdmx,quarterly
2023-09-30,"Pakistan Definition,Central Government Operations, Expenditure, Current Expenditure, Grants, National Currency [PAK_CGO_E_CE_G_XDC]",270869.95869400003,million PKR,mof_central_govt_operations_sdmx,quarterly
2023-12-31,"Pakistan Definition,Central Government Operations, Expenditure, Current Expenditure, Grants, National Currency [PAK_CGO_E_CE_G_XDC]",644451.6122940001,million PKR,mof_central_govt_operations_sdmx,quarterly
2024-03-31,"Pakistan Definition,Central Government Operations, Expenditure, Current Expenditure, Grants, National Currency [PAK_CGO_E_CE_G_XDC]",1108004.867992,million PKR,mof_central_govt_operations_sdmx,quarterly
2024-06-30,"Pakistan Definition,Central Government Operations, Expenditure, Current Expenditure, Grants, National Currency [PAK_CGO_E_CE_G_XDC]",1632875.068177,million PKR,mof_central_govt_operations_sdmx,quarterly
2024-09-30,"Pakistan Definition,Central Government Operations, Expenditure, Current Expenditure, Grants, National Currency [PAK_CGO_E_CE_G_XDC]",356933.853023,million PKR,mof_central_govt_operations_sdmx,quarterly
2024-12-31,"Pakistan Definition,Central Government Operations, Expenditure, Current Expenditure, Grants, National Currency [PAK_CGO_E_CE_G_XDC]",880407.6034820001,million PKR,mof_central_govt_operations_sdmx,quarterly
2025-03-31,"Pakistan Definition,Central Government Operations, Expenditure, Current Expenditure, Grants, National Currency [PAK_CGO_E_CE_G_XDC]",1331398.7416270005,million PKR,mof_central_govt_operations_sdmx,quarterly
2016-09-30,"Pakistan Definition,Central Government Operations, Expenditure, Current Expenditure, Grants, of which: provinces, National Currency [PAK_CGO_E_CE_G_P_XDC]",5297.700000000001,million PKR,mof_central_govt_operations_sdmx,quarterly
2016-12-31,"Pakistan Definition,Central Government Operations, Expenditure, Current Expenditure, Grants, of which: provinces, National Currency [PAK_CGO_E_CE_G_P_XDC]",11416.3,million PKR,mof_central_govt_operations_sdmx,quarterly
2017-03-31,"Pakistan Definition,Central Government Operations, Expenditure, Current Expenditure, Grants, of which: provinces, National Currency [PAK_CGO_E_CE_G_P_XDC]",17722.811999999998,million PKR,mof_central_govt_operations_sdmx,quarterly
2017-06-30,"Pakistan Definition,Central Government Operations, Expenditure, Current Expenditure, Grants, of which: provinces, National Currency [PAK_CGO_E_CE_G_P_XDC]",24701.0,million PKR,mof_central_govt_operations_sdmx,quarterly
2017-09-30,"Pakistan Definition,Central Government Operations, Expenditure, Current Expenditure, Grants, of which: provinces, National Currency [PAK_CGO_E_CE_G_P_XDC]",6644.8949999999995,million PKR,mof_central_govt_operations_sdmx,quarterly
2017-12-31,"Pakistan Definition,Central Government Operations, Expenditure, Current Expenditure, Grants, of which: provinces, National Currency [PAK_CGO_E_CE_G_P_XDC]",12815.926,million PKR,mof_central_govt_operations_sdmx,quarterly
2018-03-31,"Pakistan Definition,Central Government Operations, Expenditure, Current Expenditure, Grants, of which: provinces, National Currency [PAK_CGO_E_CE_G_P_XDC]",21502.0,million PKR,mof_central_govt_operations_sdmx,quarterly
2018-06-30,"Pakistan Definition,Central Government Operations, Expenditure, Current Expenditure, Grants, of which: provinces, National Currency [PAK_CGO_E_CE_G_P_XDC]",27746.9,million PKR,mof_central_govt_operations_sdmx,quarterly
2018-09-30,"Pakistan Definition,Central Government Operations, Expenditure, Current Expenditure, Grants, of which: provinces, National Currency [PAK_CGO_E_CE_G_P_XDC]",22827.0,million PKR,mof_central_govt_operations_sdmx,quarterly
2018-12-31,"Pakistan Definition,Central Government Operations, Expenditure, Current Expenditure, Grants, of which: provinces, National Currency [PAK_CGO_E_CE_G_P_XDC]",41965.0,million PKR,mof_central_govt_operations_sdmx,quarterly
2019-03-31,"Pakistan Definition,Central Government Operations, Expenditure, Current Expenditure, Grants, of which: provinces, National Currency [PAK_CGO_E_CE_G_P_XDC]",58397.0,million PKR,mof_central_govt_operations_sdmx,quarterly
2019-06-30,"Pakistan Definition,Central Government Operations, Expenditure, Current Expenditure, Grants, of which: provinces, National Currency [PAK_CGO_E_CE_G_P_XDC]",76389.0,million PKR,mof_central_govt_operations_sdmx,quarterly
2019-09-30,"Pakistan Definition,Central Government Operations, Expenditure, Current Expenditure, Grants, of which: provinces, National Currency [PAK_CGO_E_CE_G_P_XDC]",18071.127,million PKR,mof_central_govt_operations_sdmx,quarterly
2019-12-31,"Pakistan Definition,Central Government Operations, Expenditure, Current Expenditure, Grants, of which: provinces, National Currency [PAK_CGO_E_CE_G_P_XDC]",45336.469,million PKR,mof_central_govt_operations_sdmx,quarterly
2020-03-31,"Pakistan Definition,Central Government Operations, Expenditure, Current Expenditure, Grants, of which: provinces, National Currency [PAK_CGO_E_CE_G_P_XDC]",66301.685,million PKR,mof_central_govt_operations_sdmx,quarterly
2020-06-30,"Pakistan Definition,Central Government Operations, Expenditure, Current Expenditure, Grants, of which: provinces, National Currency [PAK_CGO_E_CE_G_P_XDC]",83848.806,million PKR,mof_central_govt_operations_sdmx,quarterly
2020-09-30,"Pakistan Definition,Central Government Operations, Expenditure, Current Expenditure, Grants, of which: provinces, National Currency [PAK_CGO_E_CE_G_P_XDC]",32638.742,million PKR,mof_central_govt_operations_sdmx,quarterly
2020-12-31,"Pakistan Definition,Central Government Operations, Expenditure, Current Expenditure, Grants, of which: provinces, National Currency [PAK_CGO_E_CE_G_P_XDC]",54113.419,million PKR,mof_central_govt_operations_sdmx,quarterly
2021-03-31,"Pakistan Definition,Central Government Operations, Expenditure, Current Expenditure, Grants, of which: provinces, National Currency [PAK_CGO_E_CE_G_P_XDC]",70829.167,million PKR,mof_central_govt_operations_sdmx,quarterly
2021-06-30,"Pakistan Definition,Central Government Operations, Expenditure, Current Expenditure, Grants, of which: provinces, National Currency [PAK_CGO_E_CE_G_P_XDC]",97457.58499999999,million PKR,mof_central_govt_operations_sdmx,quarterly
2021-09-30,"Pakistan Definition,Central Government Operations, Expenditure, Current Expenditure, Grants, of which: provinces, National Currency [PAK_CGO_E_CE_G_P_XDC]",20479.856,million PKR,mof_central_govt_operations_sdmx,quarterly
2021-12-31,"Pakistan Definition,Central Government Operations, Expenditure, Current Expenditure, Grants, of which: provinces, National Currency [PAK_CGO_E_CE_G_P_XDC]",44586.781,million PKR,mof_central_govt_operations_sdmx,quarterly
2022-03-31,"Pakistan Definition,Central Government Operations, Expenditure, Current Expenditure, Grants, of which: provinces, National Currency [PAK_CGO_E_CE_G_P_XDC]",67590.41500000001,million PKR,mof_central_govt_operations_sdmx,quarterly
2022-06-30,"Pakistan Definition,Central Government Operations, Expenditure, Current Expenditure, Grants, of which: provinces, National Currency [PAK_CGO_E_CE_G_P_XDC]",82000.0,million PKR,mof_central_govt_operations_sdmx,quarterly
2022-09-30,"Pakistan Definition,Central Government Operations, Expenditure, Current Expenditure, Grants, of which: provinces, National Currency [PAK_CGO_E_CE_G_P_XDC]",26131.463,million PKR,mof_central_govt_operations_sdmx,quarterly
2022-12-31,"Pakistan Definition,Central Government Operations, Expenditure, Current Expenditure, Grants, of which: provinces, National Currency [PAK_CGO_E_CE_G_P_XDC]",54440.066,million PKR,mof_central_govt_operations_sdmx,quarterly
2023-03-31,"Pakistan Definition,Central Government Operations, Expenditure, Current Expenditure, Grants, of which: provinces, National Currency [PAK_CGO_E_CE_G_P_XDC]",77766.337,million PKR,mof_central_govt_operations_sdmx,quarterly
2023-06-30,"Pakistan Definition,Central Government Operations, Expenditure, Current Expenditure, Grants, of which: provinces, National Currency [PAK_CGO_E_CE_G_P_XDC]",103069.713,million PKR,mof_central_govt_operations_sdmx,quarterly
2023-09-30,"Pakistan Definition,Central Government Operations, Expenditure, Current Expenditure, Grants, of which: provinces, National Currency [PAK_CGO_E_CE_G_P_XDC]",31661.296000000002,million PKR,mof_central_govt_operations_sdmx,quarterly
2023-12-31,"Pakistan Definition,Central Government Operations, Expenditure, Current Expenditure, Grants, of which: provinces, National Currency [PAK_CGO_E_CE_G_P_XDC]",59274.358,million PKR,mof_central_govt_operations_sdmx,quarterly
2024-03-31,"Pakistan Definition,Central Government Operations, Expenditure, Current Expenditure, Grants, of which: provinces, National Currency [PAK_CGO_E_CE_G_P_XDC]",86455.465,million PKR,mof_central_govt_operations_sdmx,quarterly
2024-06-30,"Pakistan Definition,Central Government Operations, Expenditure, Current Expenditure, Grants, of which: provinces, National Currency [PAK_CGO_E_CE_G_P_XDC]",118899.588184,million PKR,mof_central_govt_operations_sdmx,quarterly
2024-09-30,"Pakistan Definition,Central Government Operations, Expenditure, Current Expenditure, Grants, of which: provinces, National Currency [PAK_CGO_E_CE_G_P_XDC]",37902.223,million PKR,mof_central_govt_operations_sdmx,quarterly
2024-12-31,"Pakistan Definition,Central Government Operations, Expenditure, Current Expenditure, Grants, of which: provinces, National Currency [PAK_CGO_E_CE_G_P_XDC]",66847.149,million PKR,mof_central_govt_operations_sdmx,quarterly
2025-03-31,"Pakistan Definition,Central Government Operations, Expenditure, Current Expenditure, Grants, of which: provinces, National Currency [PAK_CGO_E_CE_G_P_XDC]",113523.234,million PKR,mof_central_govt_operations_sdmx,quarterly
2016-09-30,"Pakistan Definition,Central Government Operations, Expenditure, Current Expenditure, Interest payments, Domestic, National Currency [PAK_CGO_E_CE_IP_D_XDC]",417562.0,million PKR,mof_central_govt_operations_sdmx,quarterly
2016-12-31,"Pakistan Definition,Central Government Operations, Expenditure, Current Expenditure, Interest payments, Domestic, National Currency [PAK_CGO_E_CE_IP_D_XDC]",677961.0,million PKR,mof_central_govt_operations_sdmx,quarterly
2017-03-31,"Pakistan Definition,Central Government Operations, Expenditure, Current Expenditure, Interest payments, Domestic, National Currency [PAK_CGO_E_CE_IP_D_XDC]",1071403.0,million PKR,mof_central_govt_operations_sdmx,quarterly
2017-06-30,"Pakistan Definition,Central Government Operations, Expenditure, Current Expenditure, Interest payments, Domestic, National Currency [PAK_CGO_E_CE_IP_D_XDC]",1322645.0,million PKR,mof_central_govt_operations_sdmx,quarterly
2017-09-30,"Pakistan Definition,Central Government Operations, Expenditure, Current Expenditure, Interest payments, Domestic, National Currency [PAK_CGO_E_CE_IP_D_XDC]",461728.0,million PKR,mof_central_govt_operations_sdmx,quarterly
2017-12-31,"Pakistan Definition,Central Government Operations, Expenditure, Current Expenditure, Interest payments, Domestic, National Currency [PAK_CGO_E_CE_IP_D_XDC]",752098.0,million PKR,mof_central_govt_operations_sdmx,quarterly
2018-03-31,"Pakistan Definition,Central Government Operations, Expenditure, Current Expenditure, Interest payments, Domestic, National Currency [PAK_CGO_E_CE_IP_D_XDC]",1276781.0,million PKR,mof_central_govt_operations_sdmx,quarterly
2018-06-30,"Pakistan Definition,Central Government Operations, Expenditure, Current Expenditure, Interest payments, Domestic, National Currency [PAK_CGO_E_CE_IP_D_XDC]",1820821.0,million PKR,mof_central_govt_operations_sdmx,quarterly
2018-09-30,"Pakistan Definition,Central Government Operations, Expenditure, Current Expenditure, Interest payments, Domestic, National Currency [PAK_CGO_E_CE_IP_D_XDC]",494037.0,million PKR,mof_central_govt_operations_sdmx,quarterly
2018-12-31,"Pakistan Definition,Central Government Operations, Expenditure, Current Expenditure, Interest payments, Domestic, National Currency [PAK_CGO_E_CE_IP_D_XDC]",1120701.0,million PKR,mof_central_govt_operations_sdmx,quarterly
2019-03-31,"Pakistan Definition,Central Government Operations, Expenditure, Current Expenditure, Interest payments, Domestic, National Currency [PAK_CGO_E_CE_IP_D_XDC]",1645634.0,million PKR,mof_central_govt_operations_sdmx,quarterly
2019-06-30,"Pakistan Definition,Central Government Operations, Expenditure, Current Expenditure, Interest payments, Domestic, National Currency [PAK_CGO_E_CE_IP_D_XDC]",2313133.0,million PKR,mof_central_govt_operations_sdmx,quarterly
2019-09-30,"Pakistan Definition,Central Government Operations, Expenditure, Current Expenditure, Interest payments, Domestic, National Currency [PAK_CGO_E_CE_IP_D_XDC]",684899.0,million PKR,mof_central_govt_operations_sdmx,quarterly
2019-12-31,"Pakistan Definition,Central Government Operations, Expenditure, Current Expenditure, Interest payments, Domestic, National Currency [PAK_CGO_E_CE_IP_D_XDC]",1356954.0,million PKR,mof_central_govt_operations_sdmx,quarterly
2020-03-31,"Pakistan Definition,Central Government Operations, Expenditure, Current Expenditure, Interest payments, Domestic, National Currency [PAK_CGO_E_CE_IP_D_XDC]",1933981.0,million PKR,mof_central_govt_operations_sdmx,quarterly
2020-06-30,"Pakistan Definition,Central Government Operations, Expenditure, Current Expenditure, Interest payments, Domestic, National Currency [PAK_CGO_E_CE_IP_D_XDC]",2523811.0,million PKR,mof_central_govt_operations_sdmx,quarterly
2020-09-30,"Pakistan Definition,Central Government Operations, Expenditure, Current Expenditure, Interest payments, Domestic, National Currency [PAK_CGO_E_CE_IP_D_XDC]",571129.0,million PKR,mof_central_govt_operations_sdmx,quarterly
2020-12-31,"Pakistan Definition,Central Government Operations, Expenditure, Current Expenditure, Interest payments, Domestic, National Currency [PAK_CGO_E_CE_IP_D_XDC]",1312538.0,million PKR,mof_central_govt_operations_sdmx,quarterly
2021-03-31,"Pakistan Definition,Central Government Operations, Expenditure, Current Expenditure, Interest payments, Domestic, National Currency [PAK_CGO_E_CE_IP_D_XDC]",1897248.0,million PKR,mof_central_govt_operations_sdmx,quarterly
2021-06-30,"Pakistan Definition,Central Government Operations, Expenditure, Current Expenditure, Interest payments, Domestic, National Currency [PAK_CGO_E_CE_IP_D_XDC]",2828572.0,million PKR,mof_central_govt_operations_sdmx,quarterly
2021-09-30,"Pakistan Definition,Central Government Operations, Expenditure, Current Expenditure, Interest payments, Domestic, National Currency [PAK_CGO_E_CE_IP_D_XDC]",835135.0,million PKR,mof_central_govt_operations_sdmx,quarterly
2021-12-31,"Pakistan Definition,Central Government Operations, Expenditure, Current Expenditure, Interest payments, Domestic, National Currency [PAK_CGO_E_CE_IP_D_XDC]",2273488.0,million PKR,mof_central_govt_operations_sdmx,quarterly
2022-03-31,"Pakistan Definition,Central Government Operations, Expenditure, Current Expenditure, Interest payments, Domestic, National Currency [PAK_CGO_E_CE_IP_D_XDC]",3107743.0,million PKR,mof_central_govt_operations_sdmx,quarterly
2022-06-30,"Pakistan Definition,Central Government Operations, Expenditure, Current Expenditure, Interest payments, Domestic, National Currency [PAK_CGO_E_CE_IP_D_XDC]",4936025.0,million PKR,mof_central_govt_operations_sdmx,quarterly
2022-09-30,"Pakistan Definition,Central Government Operations, Expenditure, Current Expenditure, Interest payments, Domestic, National Currency [PAK_CGO_E_CE_IP_D_XDC]",1252270.0,million PKR,mof_central_govt_operations_sdmx,quarterly
2022-12-31,"Pakistan Definition,Central Government Operations, Expenditure, Current Expenditure, Interest payments, Domestic, National Currency [PAK_CGO_E_CE_IP_D_XDC]",3717821.0,million PKR,mof_central_govt_operations_sdmx,quarterly
2023-03-31,"Pakistan Definition,Central Government Operations, Expenditure, Current Expenditure, Interest payments, Domestic, National Currency [PAK_CGO_E_CE_IP_D_XDC]",4807599.0,million PKR,mof_central_govt_operations_sdmx,quarterly
2023-06-30,"Pakistan Definition,Central Government Operations, Expenditure, Current Expenditure, Interest payments, Domestic, National Currency [PAK_CGO_E_CE_IP_D_XDC]",7163721.0,million PKR,mof_central_govt_operations_sdmx,quarterly
2023-09-30,"Pakistan Definition,Central Government Operations, Expenditure, Current Expenditure, Interest payments, Domestic, National Currency [PAK_CGO_E_CE_IP_D_XDC]",1085863.0,million PKR,mof_central_govt_operations_sdmx,quarterly
2023-12-31,"Pakistan Definition,Central Government Operations, Expenditure, Current Expenditure, Interest payments, Domestic, National Currency [PAK_CGO_E_CE_IP_D_XDC]",4674923.0,million PKR,mof_central_govt_operations_sdmx,quarterly
2024-03-31,"Pakistan Definition,Central Government Operations, Expenditure, Current Expenditure, Interest payments, Domestic, National Currency [PAK_CGO_E_CE_IP_D_XDC]",5782570.0,million PKR,mof_central_govt_operations_sdmx,quarterly
2024-06-30,"Pakistan Definition,Central Government Operations, Expenditure, Current Expenditure, Interest payments, Domestic, National Currency [PAK_CGO_E_CE_IP_D_XDC]",7997136.0,million PKR,mof_central_govt_operations_sdmx,quarterly
2024-09-30,"Pakistan Definition,Central Government Operations, Expenditure, Current Expenditure, Interest payments, Domestic, National Currency [PAK_CGO_E_CE_IP_D_XDC]",1176577.3553149998,million PKR,mof_central_govt_operations_sdmx,quarterly
2024-12-31,"Pakistan Definition,Central Government Operations, Expenditure, Current Expenditure, Interest payments, Domestic, National Currency [PAK_CGO_E_CE_IP_D_XDC]",3089321.190665001,million PKR,mof_central_govt_operations_sdmx,quarterly
2025-03-31,"Pakistan Definition,Central Government Operations, Expenditure, Current Expenditure, Interest payments, Domestic, National Currency [PAK_CGO_E_CE_IP_D_XDC]",4287544.950646,million PKR,mof_central_govt_operations_sdmx,quarterly
2016-09-30,"Pakistan Definition,Central Government Operations, Expenditure, Current Expenditure, Interest payments, External, National Currency [PAK_CGO_E_CE_IP_E_XDC]",27808.0,million PKR,mof_central_govt_operations_sdmx,quarterly
2016-12-31,"Pakistan Definition,Central Government Operations, Expenditure, Current Expenditure, Interest payments, External, National Currency [PAK_CGO_E_CE_IP_E_XDC]",73478.0,million PKR,mof_central_govt_operations_sdmx,quarterly
2017-03-31,"Pakistan Definition,Central Government Operations, Expenditure, Current Expenditure, Interest payments, External, National Currency [PAK_CGO_E_CE_IP_E_XDC]",101437.0,million PKR,mof_central_govt_operations_sdmx,quarterly
2017-06-30,"Pakistan Definition,Central Government Operations, Expenditure, Current Expenditure, Interest payments, External, National Currency [PAK_CGO_E_CE_IP_E_XDC]",177277.0,million PKR,mof_central_govt_operations_sdmx,quarterly
2017-09-30,"Pakistan Definition,Central Government Operations, Expenditure, Current Expenditure, Interest payments, External, National Currency [PAK_CGO_E_CE_IP_E_XDC]",45335.0,million PKR,mof_central_govt_operations_sdmx,quarterly
2017-12-31,"Pakistan Definition,Central Government Operations, Expenditure, Current Expenditure, Interest payments, External, National Currency [PAK_CGO_E_CE_IP_E_XDC]",124599.0,million PKR,mof_central_govt_operations_sdmx,quarterly
2018-03-31,"Pakistan Definition,Central Government Operations, Expenditure, Current Expenditure, Interest payments, External, National Currency [PAK_CGO_E_CE_IP_E_XDC]",182430.0,million PKR,mof_central_govt_operations_sdmx,quarterly
2018-06-30,"Pakistan Definition,Central Government Operations, Expenditure, Current Expenditure, Interest payments, External, National Currency [PAK_CGO_E_CE_IP_E_XDC]",270305.0,million PKR,mof_central_govt_operations_sdmx,quarterly
2018-09-30,"Pakistan Definition,Central Government Operations, Expenditure, Current Expenditure, Interest payments, External, National Currency [PAK_CGO_E_CE_IP_E_XDC]",77647.0,million PKR,mof_central_govt_operations_sdmx,quarterly
2018-12-31,"Pakistan Definition,Central Government Operations, Expenditure, Current Expenditure, Interest payments, External, National Currency [PAK_CGO_E_CE_IP_E_XDC]",160495.0,million PKR,mof_central_govt_operations_sdmx,quarterly
2019-03-31,"Pakistan Definition,Central Government Operations, Expenditure, Current Expenditure, Interest payments, External, National Currency [PAK_CGO_E_CE_IP_E_XDC]",234078.0,million PKR,mof_central_govt_operations_sdmx,quarterly
2019-06-30,"Pakistan Definition,Central Government Operations, Expenditure, Current Expenditure, Interest payments, External, National Currency [PAK_CGO_E_CE_IP_E_XDC]",306606.0,million PKR,mof_central_govt_operations_sdmx,quarterly
2019-09-30,"Pakistan Definition,Central Government Operations, Expenditure, Current Expenditure, Interest payments, External, National Currency [PAK_CGO_E_CE_IP_E_XDC]",57161.0,million PKR,mof_central_govt_operations_sdmx,quarterly
2019-12-31,"Pakistan Definition,Central Government Operations, Expenditure, Current Expenditure, Interest payments, External, National Currency [PAK_CGO_E_CE_IP_E_XDC]",118204.0,million PKR,mof_central_govt_operations_sdmx,quarterly
2020-03-31,"Pakistan Definition,Central Government Operations, Expenditure, Current Expenditure, Interest payments, External, National Currency [PAK_CGO_E_CE_IP_E_XDC]",169877.0,million PKR,mof_central_govt_operations_sdmx,quarterly
2020-06-30,"Pakistan Definition,Central Government Operations, Expenditure, Current Expenditure, Interest payments, External, National Currency [PAK_CGO_E_CE_IP_E_XDC]",225918.0,million PKR,mof_central_govt_operations_sdmx,quarterly
2020-09-30,"Pakistan Definition,Central Government Operations, Expenditure, Current Expenditure, Interest payments, External, National Currency [PAK_CGO_E_CE_IP_E_XDC]",51598.0,million PKR,mof_central_govt_operations_sdmx,quarterly
2020-12-31,"Pakistan Definition,Central Government Operations, Expenditure, Current Expenditure, Interest payments, External, National Currency [PAK_CGO_E_CE_IP_E_XDC]",140353.0,million PKR,mof_central_govt_operations_sdmx,quarterly
2021-03-31,"Pakistan Definition,Central Government Operations, Expenditure, Current Expenditure, Interest payments, External, National Currency [PAK_CGO_E_CE_IP_E_XDC]",221233.0,million PKR,mof_central_govt_operations_sdmx,quarterly
2021-06-30,"Pakistan Definition,Central Government Operations, Expenditure, Current Expenditure, Interest payments, External, National Currency [PAK_CGO_E_CE_IP_E_XDC]",353860.0,million PKR,mof_central_govt_operations_sdmx,quarterly
2021-09-30,"Pakistan Definition,Central Government Operations, Expenditure, Current Expenditure, Interest payments, External, National Currency [PAK_CGO_E_CE_IP_E_XDC]",118857.0,million PKR,mof_central_govt_operations_sdmx,quarterly
2021-12-31,"Pakistan Definition,Central Government Operations, Expenditure, Current Expenditure, Interest payments, External, National Currency [PAK_CGO_E_CE_IP_E_XDC]",299563.0,million PKR,mof_central_govt_operations_sdmx,quarterly
2022-03-31,"Pakistan Definition,Central Government Operations, Expenditure, Current Expenditure, Interest payments, External, National Currency [PAK_CGO_E_CE_IP_E_XDC]",474704.0,million PKR,mof_central_govt_operations_sdmx,quarterly
2022-06-30,"Pakistan Definition,Central Government Operations, Expenditure, Current Expenditure, Interest payments, External, National Currency [PAK_CGO_E_CE_IP_E_XDC]",759891.0,million PKR,mof_central_govt_operations_sdmx,quarterly
2022-09-30,"Pakistan Definition,Central Government Operations, Expenditure, Current Expenditure, Interest payments, External, National Currency [PAK_CGO_E_CE_IP_E_XDC]",127342.0,million PKR,mof_central_govt_operations_sdmx,quarterly
2022-12-31,"Pakistan Definition,Central Government Operations, Expenditure, Current Expenditure, Interest payments, External, National Currency [PAK_CGO_E_CE_IP_E_XDC]",502158.0,million PKR,mof_central_govt_operations_sdmx,quarterly
2023-03-31,"Pakistan Definition,Central Government Operations, Expenditure, Current Expenditure, Interest payments, External, National Currency [PAK_CGO_E_CE_IP_E_XDC]",710233.0,million PKR,mof_central_govt_operations_sdmx,quarterly
2023-06-30,"Pakistan Definition,Central Government Operations, Expenditure, Current Expenditure, Interest payments, External, National Currency [PAK_CGO_E_CE_IP_E_XDC]",996105.0,million PKR,mof_central_govt_operations_sdmx,quarterly
2023-09-30,"Pakistan Definition,Central Government Operations, Expenditure, Current Expenditure, Interest payments, External, National Currency [PAK_CGO_E_CE_IP_E_XDC]",220490.0,million PKR,mof_central_govt_operations_sdmx,quarterly
2023-12-31,"Pakistan Definition,Central Government Operations, Expenditure, Current Expenditure, Interest payments, External, National Currency [PAK_CGO_E_CE_IP_E_XDC]",466659.0,million PKR,mof_central_govt_operations_sdmx,quarterly
2024-03-31,"Pakistan Definition,Central Government Operations, Expenditure, Current Expenditure, Interest payments, External, National Currency [PAK_CGO_E_CE_IP_E_XDC]",656220.0,million PKR,mof_central_govt_operations_sdmx,quarterly
2024-06-30,"Pakistan Definition,Central Government Operations, Expenditure, Current Expenditure, Interest payments, External, National Currency [PAK_CGO_E_CE_IP_E_XDC]",890281.0,million PKR,mof_central_govt_operations_sdmx,quarterly
2024-09-30,"Pakistan Definition,Central Government Operations, Expenditure, Current Expenditure, Interest payments, External, National Currency [PAK_CGO_E_CE_IP_E_XDC]",201222.05084100005,million PKR,mof_central_govt_operations_sdmx,quarterly
2024-12-31,"Pakistan Definition,Central Government Operations, Expenditure, Current Expenditure, Interest payments, External, National Currency [PAK_CGO_E_CE_IP_E_XDC]",474313.584128,million PKR,mof_central_govt_operations_sdmx,quarterly
2025-03-31,"Pakistan Definition,Central Government Operations, Expenditure, Current Expenditure, Interest payments, External, National Currency [PAK_CGO_E_CE_IP_E_XDC]",660327.8881020002,million PKR,mof_central_govt_operations_sdmx,quarterly
2016-09-30,"Pakistan Definition,Central Government Operations, Expenditure, Current Expenditure, Interest payments, National Currency [PAK_CGO_E_CE_IP_XDC]",445370.0,million PKR,mof_central_govt_operations_sdmx,quarterly
2016-12-31,"Pakistan Definition,Central Government Operations, Expenditure, Current Expenditure, Interest payments, National Currency [PAK_CGO_E_CE_IP_XDC]",751439.0,million PKR,mof_central_govt_operations_sdmx,quarterly
2017-03-31,"Pakistan Definition,Central Government Operations, Expenditure, Current Expenditure, Interest payments, National Currency [PAK_CGO_E_CE_IP_XDC]",1172840.0,million PKR,mof_central_govt_operations_sdmx,quarterly
2017-06-30,"Pakistan Definition,Central Government Operations, Expenditure, Current Expenditure, Interest payments, National Currency [PAK_CGO_E_CE_IP_XDC]",1499922.0,million PKR,mof_central_govt_operations_sdmx,quarterly
2017-09-30,"Pakistan Definition,Central Government Operations, Expenditure, Current Expenditure, Interest payments, National Currency [PAK_CGO_E_CE_IP_XDC]",507063.0,million PKR,mof_central_govt_operations_sdmx,quarterly
2017-12-31,"Pakistan Definition,Central Government Operations, Expenditure, Current Expenditure, Interest payments, National Currency [PAK_CGO_E_CE_IP_XDC]",876697.0,million PKR,mof_central_govt_operations_sdmx,quarterly
2018-03-31,"Pakistan Definition,Central Government Operations, Expenditure, Current Expenditure, Interest payments, National Currency [PAK_CGO_E_CE_IP_XDC]",1459211.0,million PKR,mof_central_govt_operations_sdmx,quarterly
2018-06-30,"Pakistan Definition,Central Government Operations, Expenditure, Current Expenditure, Interest payments, National Currency [PAK_CGO_E_CE_IP_XDC]",2091126.0,million PKR,mof_central_govt_operations_sdmx,quarterly
2018-09-30,"Pakistan Definition,Central Government Operations, Expenditure, Current Expenditure, Interest payments, National Currency [PAK_CGO_E_CE_IP_XDC]",571684.0,million PKR,mof_central_govt_operations_sdmx,quarterly
2018-12-31,"Pakistan Definition,Central Government Operations, Expenditure, Current Expenditure, Interest payments, National Currency [PAK_CGO_E_CE_IP_XDC]",1281196.0,million PKR,mof_central_govt_operations_sdmx,quarterly
2019-03-31,"Pakistan Definition,Central Government Operations, Expenditure, Current Expenditure, Interest payments, National Currency [PAK_CGO_E_CE_IP_XDC]",1879712.0,million PKR,mof_central_govt_operations_sdmx,quarterly
2019-06-30,"Pakistan Definition,Central Government Operations, Expenditure, Current Expenditure, Interest payments, National Currency [PAK_CGO_E_CE_IP_XDC]",2619739.0,million PKR,mof_central_govt_operations_sdmx,quarterly
2019-09-30,"Pakistan Definition,Central Government Operations, Expenditure, Current Expenditure, Interest payments, National Currency [PAK_CGO_E_CE_IP_XDC]",742060.0,million PKR,mof_central_govt_operations_sdmx,quarterly
2019-12-31,"Pakistan Definition,Central Government Operations, Expenditure, Current Expenditure, Interest payments, National Currency [PAK_CGO_E_CE_IP_XDC]",1475158.0,million PKR,mof_central_govt_operations_sdmx,quarterly
2020-03-31,"Pakistan Definition,Central Government Operations, Expenditure, Current Expenditure, Interest payments, National Currency [PAK_CGO_E_CE_IP_XDC]",2103858.0,million PKR,mof_central_govt_operations_sdmx,quarterly
2020-06-30,"Pakistan Definition,Central Government Operations, Expenditure, Current Expenditure, Interest payments, National Currency [PAK_CGO_E_CE_IP_XDC]",2749729.0,million PKR,mof_central_govt_operations_sdmx,quarterly
2020-09-30,"Pakistan Definition,Central Government Operations, Expenditure, Current Expenditure, Interest payments, National Currency [PAK_CGO_E_CE_IP_XDC]",622727.0,million PKR,mof_central_govt_operations_sdmx,quarterly
2020-12-31,"Pakistan Definition,Central Government Operations, Expenditure, Current Expenditure, Interest payments, National Currency [PAK_CGO_E_CE_IP_XDC]",1452891.0,million PKR,mof_central_govt_operations_sdmx,quarterly
2021-03-31,"Pakistan Definition,Central Government Operations, Expenditure, Current Expenditure, Interest payments, National Currency [PAK_CGO_E_CE_IP_XDC]",2118481.0,million PKR,mof_central_govt_operations_sdmx,quarterly
2021-06-30,"Pakistan Definition,Central Government Operations, Expenditure, Current Expenditure, Interest payments, National Currency [PAK_CGO_E_CE_IP_XDC]",3182432.0,million PKR,mof_central_govt_operations_sdmx,quarterly
2021-09-30,"Pakistan Definition,Central Government Operations, Expenditure, Current Expenditure, Interest payments, National Currency [PAK_CGO_E_CE_IP_XDC]",953992.0,million PKR,mof_central_govt_operations_sdmx,quarterly
2021-12-31,"Pakistan Definition,Central Government Operations, Expenditure, Current Expenditure, Interest payments, National Currency [PAK_CGO_E_CE_IP_XDC]",2573051.0,million PKR,mof_central_govt_operations_sdmx,quarterly
2022-03-31,"Pakistan Definition,Central Government Operations, Expenditure, Current Expenditure, Interest payments, National Currency [PAK_CGO_E_CE_IP_XDC]",3582447.0,million PKR,mof_central_govt_operations_sdmx,quarterly
2022-06-30,"Pakistan Definition,Central Government Operations, Expenditure, Current Expenditure, Interest payments, National Currency [PAK_CGO_E_CE_IP_XDC]",5695916.0,million PKR,mof_central_govt_operations_sdmx,quarterly
2022-09-30,"Pakistan Definition,Central Government Operations, Expenditure, Current Expenditure, Interest payments, National Currency [PAK_CGO_E_CE_IP_XDC]",1379612.0,million PKR,mof_central_govt_operations_sdmx,quarterly
2022-12-31,"Pakistan Definition,Central Government Operations, Expenditure, Current Expenditure, Interest payments, National Currency [PAK_CGO_E_CE_IP_XDC]",4219979.0,million PKR,mof_central_govt_operations_sdmx,quarterly
2023-03-31,"Pakistan Definition,Central Government Operations, Expenditure, Current Expenditure, Interest payments, National Currency [PAK_CGO_E_CE_IP_XDC]",5517832.0,million PKR,mof_central_govt_operations_sdmx,quarterly
2023-06-30,"Pakistan Definition,Central Government Operations, Expenditure, Current Expenditure, Interest payments, National Currency [PAK_CGO_E_CE_IP_XDC]",8159826.0,million PKR,mof_central_govt_operations_sdmx,quarterly
2023-09-30,"Pakistan Definition,Central Government Operations, Expenditure, Current Expenditure, Interest payments, National Currency [PAK_CGO_E_CE_IP_XDC]",1306353.0,million PKR,mof_central_govt_operations_sdmx,quarterly
2023-12-31,"Pakistan Definition,Central Government Operations, Expenditure, Current Expenditure, Interest payments, National Currency [PAK_CGO_E_CE_IP_XDC]",5141582.0,million PKR,mof_central_govt_operations_sdmx,quarterly
2024-03-31,"Pakistan Definition,Central Government Operations, Expenditure, Current Expenditure, Interest payments, National Currency [PAK_CGO_E_CE_IP_XDC]",6438790.0,million PKR,mof_central_govt_operations_sdmx,quarterly
2024-06-30,"Pakistan Definition,Central Government Operations, Expenditure, Current Expenditure, Interest payments, National Currency [PAK_CGO_E_CE_IP_XDC]",8887417.0,million PKR,mof_central_govt_operations_sdmx,quarterly
2024-09-30,"Pakistan Definition,Central Government Operations, Expenditure, Current Expenditure, Interest payments, National Currency [PAK_CGO_E_CE_IP_XDC]",1377799.4061559997,million PKR,mof_central_govt_operations_sdmx,quarterly
2024-12-31,"Pakistan Definition,Central Government Operations, Expenditure, Current Expenditure, Interest payments, National Currency [PAK_CGO_E_CE_IP_XDC]",3563634.774793001,million PKR,mof_central_govt_operations_sdmx,quarterly
2025-03-31,"Pakistan Definition,Central Government Operations, Expenditure, Current Expenditure, Interest payments, National Currency [PAK_CGO_E_CE_IP_XDC]",4947872.838748001,million PKR,mof_central_govt_operations_sdmx,quarterly
2016-09-30,"Pakistan Definition,Central Government Operations, Expenditure, Current Expenditure, National Currency [PAK_CGO_E_CE_XDC]",851742.7,million PKR,mof_central_govt_operations_sdmx,quarterly
2016-12-31,"Pakistan Definition,Central Government Operations, Expenditure, Current Expenditure, National Currency [PAK_CGO_E_CE_XDC]",1667388.3,million PKR,mof_central_govt_operations_sdmx,quarterly
2017-03-31,"Pakistan Definition,Central Government Operations, Expenditure, Current Expenditure, National Currency [PAK_CGO_E_CE_XDC]",2671060.812,million PKR,mof_central_govt_operations_sdmx,quarterly
2017-06-30,"Pakistan Definition,Central Government Operations, Expenditure, Current Expenditure, National Currency [PAK_CGO_E_CE_XDC]",3814468.0,million PKR,mof_central_govt_operations_sdmx,quarterly
2017-09-30,"Pakistan Definition,Central Government Operations, Expenditure, Current Expenditure, National Currency [PAK_CGO_E_CE_XDC]",1005898.895,million PKR,mof_central_govt_operations_sdmx,quarterly
2017-12-31,"Pakistan Definition,Central Government Operations, Expenditure, Current Expenditure, National Currency [PAK_CGO_E_CE_XDC]",1948986.926,million PKR,mof_central_govt_operations_sdmx,quarterly
2018-03-31,"Pakistan Definition,Central Government Operations, Expenditure, Current Expenditure, National Currency [PAK_CGO_E_CE_XDC]",3202418.0,million PKR,mof_central_govt_operations_sdmx,quarterly
2018-06-30,"Pakistan Definition,Central Government Operations, Expenditure, Current Expenditure, National Currency [PAK_CGO_E_CE_XDC]",4803896.9,million PKR,mof_central_govt_operations_sdmx,quarterly
2018-09-30,"Pakistan Definition,Central Government Operations, Expenditure, Current Expenditure, National Currency [PAK_CGO_E_CE_XDC]",1092558.0,million PKR,mof_central_govt_operations_sdmx,quarterly
2018-12-31,"Pakistan Definition,Central Government Operations, Expenditure, Current Expenditure, National Currency [PAK_CGO_E_CE_XDC]",2634974.0,million PKR,mof_central_govt_operations_sdmx,quarterly
2019-03-31,"Pakistan Definition,Central Government Operations, Expenditure, Current Expenditure, National Currency [PAK_CGO_E_CE_XDC]",3946096.0,million PKR,mof_central_govt_operations_sdmx,quarterly
2019-06-30,"Pakistan Definition,Central Government Operations, Expenditure, Current Expenditure, National Currency [PAK_CGO_E_CE_XDC]",6092581.0,million PKR,mof_central_govt_operations_sdmx,quarterly
2019-09-30,"Pakistan Definition,Central Government Operations, Expenditure, Current Expenditure, National Currency [PAK_CGO_E_CE_XDC]",1271476.127,million PKR,mof_central_govt_operations_sdmx,quarterly
2019-12-31,"Pakistan Definition,Central Government Operations, Expenditure, Current Expenditure, National Currency [PAK_CGO_E_CE_XDC]",2807187.969,million PKR,mof_central_govt_operations_sdmx,quarterly
2020-03-31,"Pakistan Definition,Central Government Operations, Expenditure, Current Expenditure, National Currency [PAK_CGO_E_CE_XDC]",4223567.6850000005,million PKR,mof_central_govt_operations_sdmx,quarterly
2020-06-30,"Pakistan Definition,Central Government Operations, Expenditure, Current Expenditure, National Currency [PAK_CGO_E_CE_XDC]",6348669.806,million PKR,mof_central_govt_operations_sdmx,quarterly
2020-09-30,"Pakistan Definition,Central Government Operations, Expenditure, Current Expenditure, National Currency [PAK_CGO_E_CE_XDC]",1360624.049,million PKR,mof_central_govt_operations_sdmx,quarterly
2020-12-31,"Pakistan Definition,Central Government Operations, Expenditure, Current Expenditure, National Currency [PAK_CGO_E_CE_XDC]",3351345.4189999998,million PKR,mof_central_govt_operations_sdmx,quarterly
2021-03-31,"Pakistan Definition,Central Government Operations, Expenditure, Current Expenditure, National Currency [PAK_CGO_E_CE_XDC]",5280691.167,million PKR,mof_central_govt_operations_sdmx,quarterly
2021-06-30,"Pakistan Definition,Central Government Operations, Expenditure, Current Expenditure, National Currency [PAK_CGO_E_CE_XDC]",8451561.585,million PKR,mof_central_govt_operations_sdmx,quarterly
2021-09-30,"Pakistan Definition,Central Government Operations, Expenditure, Current Expenditure, National Currency [PAK_CGO_E_CE_XDC]",1852989.856,million PKR,mof_central_govt_operations_sdmx,quarterly
2021-12-31,"Pakistan Definition,Central Government Operations, Expenditure, Current Expenditure, National Currency [PAK_CGO_E_CE_XDC]",4390155.7809999995,million PKR,mof_central_govt_operations_sdmx,quarterly
2022-03-31,"Pakistan Definition,Central Government Operations, Expenditure, Current Expenditure, National Currency [PAK_CGO_E_CE_XDC]",6675446.415,million PKR,mof_central_govt_operations_sdmx,quarterly
2022-06-30,"Pakistan Definition,Central Government Operations, Expenditure, Current Expenditure, National Currency [PAK_CGO_E_CE_XDC]",10732028.0,million PKR,mof_central_govt_operations_sdmx,quarterly
2022-09-30,"Pakistan Definition,Central Government Operations, Expenditure, Current Expenditure, National Currency [PAK_CGO_E_CE_XDC]",2263822.463,million PKR,mof_central_govt_operations_sdmx,quarterly
2022-12-31,"Pakistan Definition,Central Government Operations, Expenditure, Current Expenditure, National Currency [PAK_CGO_E_CE_XDC]",6583636.575018001,million PKR,mof_central_govt_operations_sdmx,quarterly
2023-03-31,"Pakistan Definition,Central Government Operations, Expenditure, Current Expenditure, National Currency [PAK_CGO_E_CE_XDC]",9201503.049736,million PKR,mof_central_govt_operations_sdmx,quarterly
2023-06-30,"Pakistan Definition,Central Government Operations, Expenditure, Current Expenditure, National Currency [PAK_CGO_E_CE_XDC]",14073121.582362,million PKR,mof_central_govt_operations_sdmx,quarterly
2023-09-30,"Pakistan Definition,Central Government Operations, Expenditure, Current Expenditure, National Currency [PAK_CGO_E_CE_XDC]",2372860.419022,million PKR,mof_central_govt_operations_sdmx,quarterly
2023-12-31,"Pakistan Definition,Central Government Operations, Expenditure, Current Expenditure, National Currency [PAK_CGO_E_CE_XDC]",7702383.512481,million PKR,mof_central_govt_operations_sdmx,quarterly
2024-03-31,"Pakistan Definition,Central Government Operations, Expenditure, Current Expenditure, National Currency [PAK_CGO_E_CE_XDC]",10668308.178323999,million PKR,mof_central_govt_operations_sdmx,quarterly
2024-06-30,"Pakistan Definition,Central Government Operations, Expenditure, Current Expenditure, National Currency [PAK_CGO_E_CE_XDC]",15814570.761432998,million PKR,mof_central_govt_operations_sdmx,quarterly
2024-09-30,"Pakistan Definition,Central Government Operations, Expenditure, Current Expenditure, National Currency [PAK_CGO_E_CE_XDC]",2712415.8073469973,million PKR,mof_central_govt_operations_sdmx,quarterly
2024-12-31,"Pakistan Definition,Central Government Operations, Expenditure, Current Expenditure, National Currency [PAK_CGO_E_CE_XDC]",6836432.521217995,million PKR,mof_central_govt_operations_sdmx,quarterly
2025-03-31,"Pakistan Definition,Central Government Operations, Expenditure, Current Expenditure, National Currency [PAK_CGO_E_CE_XDC]",9983836.405727006,million PKR,mof_central_govt_operations_sdmx,quarterly
2016-09-30,"Pakistan Definition,Central Government Operations, Expenditure, Current Expenditure, Pensions (civil and defense), National Currency [PAK_CGO_E_CE_P_XDC]",62646.0,million PKR,mof_central_govt_operations_sdmx,quarterly
2016-12-31,"Pakistan Definition,Central Government Operations, Expenditure, Current Expenditure, Pensions (civil and defense), National Currency [PAK_CGO_E_CE_P_XDC]",149833.0,million PKR,mof_central_govt_operations_sdmx,quarterly
2017-03-31,"Pakistan Definition,Central Government Operations, Expenditure, Current Expenditure, Pensions (civil and defense), National Currency [PAK_CGO_E_CE_P_XDC]",244980.0,million PKR,mof_central_govt_operations_sdmx,quarterly
2017-06-30,"Pakistan Definition,Central Government Operations, Expenditure, Current Expenditure, Pensions (civil and defense), National Currency [PAK_CGO_E_CE_P_XDC]",333675.0,million PKR,mof_central_govt_operations_sdmx,quarterly
2017-09-30,"Pakistan Definition,Central Government Operations, Expenditure, Current Expenditure, Pensions (civil and defense), National Currency [PAK_CGO_E_CE_P_XDC]",84754.0,million PKR,mof_central_govt_operations_sdmx,quarterly
2017-12-31,"Pakistan Definition,Central Government Operations, Expenditure, Current Expenditure, Pensions (civil and defense), National Currency [PAK_CGO_E_CE_P_XDC]",186739.0,million PKR,mof_central_govt_operations_sdmx,quarterly
2018-03-31,"Pakistan Definition,Central Government Operations, Expenditure, Current Expenditure, Pensions (civil and defense), National Currency [PAK_CGO_E_CE_P_XDC]",293198.0,million PKR,mof_central_govt_operations_sdmx,quarterly
2018-06-30,"Pakistan Definition,Central Government Operations, Expenditure, Current Expenditure, Pensions (civil and defense), National Currency [PAK_CGO_E_CE_P_XDC]",392870.0,million PKR,mof_central_govt_operations_sdmx,quarterly
2018-09-30,"Pakistan Definition,Central Government Operations, Expenditure, Current Expenditure, Pensions (civil and defense), National Currency [PAK_CGO_E_CE_P_XDC]",99284.0,million PKR,mof_central_govt_operations_sdmx,quarterly
2018-12-31,"Pakistan Definition,Central Government Operations, Expenditure, Current Expenditure, Pensions (civil and defense), National Currency [PAK_CGO_E_CE_P_XDC]",218863.0,million PKR,mof_central_govt_operations_sdmx,quarterly
2019-03-31,"Pakistan Definition,Central Government Operations, Expenditure, Current Expenditure, Pensions (civil and defense), National Currency [PAK_CGO_E_CE_P_XDC]",332254.0,million PKR,mof_central_govt_operations_sdmx,quarterly
2019-06-30,"Pakistan Definition,Central Government Operations, Expenditure, Current Expenditure, Pensions (civil and defense), National Currency [PAK_CGO_E_CE_P_XDC]",447314.0,million PKR,mof_central_govt_operations_sdmx,quarterly
2019-09-30,"Pakistan Definition,Central Government Operations, Expenditure, Current Expenditure, Pensions (civil and defense), National Currency [PAK_CGO_E_CE_P_XDC]",86748.0,million PKR,mof_central_govt_operations_sdmx,quarterly
2019-12-31,"Pakistan Definition,Central Government Operations, Expenditure, Current Expenditure, Pensions (civil and defense), National Currency [PAK_CGO_E_CE_P_XDC]",210491.0,million PKR,mof_central_govt_operations_sdmx,quarterly
2020-03-31,"Pakistan Definition,Central Government Operations, Expenditure, Current Expenditure, Pensions (civil and defense), National Currency [PAK_CGO_E_CE_P_XDC]",329032.0,million PKR,mof_central_govt_operations_sdmx,quarterly
2020-06-30,"Pakistan Definition,Central Government Operations, Expenditure, Current Expenditure, Pensions (civil and defense), National Currency [PAK_CGO_E_CE_P_XDC]",440085.0,million PKR,mof_central_govt_operations_sdmx,quarterly
2020-09-30,"Pakistan Definition,Central Government Operations, Expenditure, Current Expenditure, Pensions (civil and defense), National Currency [PAK_CGO_E_CE_P_XDC]",110734.0,million PKR,mof_central_govt_operations_sdmx,quarterly
2020-12-31,"Pakistan Definition,Central Government Operations, Expenditure, Current Expenditure, Pensions (civil and defense), National Currency [PAK_CGO_E_CE_P_XDC]",251702.0,million PKR,mof_central_govt_operations_sdmx,quarterly
2021-03-31,"Pakistan Definition,Central Government Operations, Expenditure, Current Expenditure, Pensions (civil and defense), National Currency [PAK_CGO_E_CE_P_XDC]",395354.0,million PKR,mof_central_govt_operations_sdmx,quarterly
2021-06-30,"Pakistan Definition,Central Government Operations, Expenditure, Current Expenditure, Pensions (civil and defense), National Currency [PAK_CGO_E_CE_P_XDC]",541862.0,million PKR,mof_central_govt_operations_sdmx,quarterly
2021-09-30,"Pakistan Definition,Central Government Operations, Expenditure, Current Expenditure, Pensions (civil and defense), National Currency [PAK_CGO_E_CE_P_XDC]",171382.0,million PKR,mof_central_govt_operations_sdmx,quarterly
2021-12-31,"Pakistan Definition,Central Government Operations, Expenditure, Current Expenditure, Pensions (civil and defense), National Currency [PAK_CGO_E_CE_P_XDC]",321193.0,million PKR,mof_central_govt_operations_sdmx,quarterly
2022-03-31,"Pakistan Definition,Central Government Operations, Expenditure, Current Expenditure, Pensions (civil and defense), National Currency [PAK_CGO_E_CE_P_XDC]",486696.0,million PKR,mof_central_govt_operations_sdmx,quarterly
2022-06-30,"Pakistan Definition,Central Government Operations, Expenditure, Current Expenditure, Pensions (civil and defense), National Currency [PAK_CGO_E_CE_P_XDC]",666325.0,million PKR,mof_central_govt_operations_sdmx,quarterly
2022-09-30,"Pakistan Definition,Central Government Operations, Expenditure, Current Expenditure, Pensions (civil and defense), National Currency [PAK_CGO_E_CE_P_XDC]",203303.0,million PKR,mof_central_govt_operations_sdmx,quarterly
2022-12-31,"Pakistan Definition,Central Government Operations, Expenditure, Current Expenditure, Pensions (civil and defense), National Currency [PAK_CGO_E_CE_P_XDC]",404422.0,million PKR,mof_central_govt_operations_sdmx,quarterly
2023-03-31,"Pakistan Definition,Central Government Operations, Expenditure, Current Expenditure, Pensions (civil and defense), National Currency [PAK_CGO_E_CE_P_XDC]",611727.0,million PKR,mof_central_govt_operations_sdmx,quarterly
2023-06-30,"Pakistan Definition,Central Government Operations, Expenditure, Current Expenditure, Pensions (civil and defense), National Currency [PAK_CGO_E_CE_P_XDC]",807840.862866,million PKR,mof_central_govt_operations_sdmx,quarterly
2023-09-30,"Pakistan Definition,Central Government Operations, Expenditure, Current Expenditure, Pensions (civil and defense), National Currency [PAK_CGO_E_CE_P_XDC]",222834.0,million PKR,mof_central_govt_operations_sdmx,quarterly
2023-12-31,"Pakistan Definition,Central Government Operations, Expenditure, Current Expenditure, Pensions (civil and defense), National Currency [PAK_CGO_E_CE_P_XDC]",449665.0,million PKR,mof_central_govt_operations_sdmx,quarterly
2024-03-31,"Pakistan Definition,Central Government Operations, Expenditure, Current Expenditure, Pensions (civil and defense), National Currency [PAK_CGO_E_CE_P_XDC]",672557.0,million PKR,mof_central_govt_operations_sdmx,quarterly
2024-06-30,"Pakistan Definition,Central Government Operations, Expenditure, Current Expenditure, Pensions (civil and defense), National Currency [PAK_CGO_E_CE_P_XDC]",910895.0,million PKR,mof_central_govt_operations_sdmx,quarterly
2024-09-30,"Pakistan Definition,Central Government Operations, Expenditure, Current Expenditure, Pensions (civil and defense), National Currency [PAK_CGO_E_CE_P_XDC]",249400.35350399997,million PKR,mof_central_govt_operations_sdmx,quarterly
2024-12-31,"Pakistan Definition,Central Government Operations, Expenditure, Current Expenditure, Pensions (civil and defense), National Currency [PAK_CGO_E_CE_P_XDC]",504180.92392900004,million PKR,mof_central_govt_operations_sdmx,quarterly
2025-03-31,"Pakistan Definition,Central Government Operations, Expenditure, Current Expenditure, Pensions (civil and defense), National Currency [PAK_CGO_E_CE_P_XDC]",753681.9252129999,million PKR,mof_central_govt_operations_sdmx,quarterly
2016-09-30,"Pakistan Definition,Central Government Operations, Expenditure, Current Expenditure, Running of civil government, National Currency [PAK_CGO_E_CE_RCG_XDC]",81240.0,million PKR,mof_central_govt_operations_sdmx,quarterly
2016-12-31,"Pakistan Definition,Central Government Operations, Expenditure, Current Expenditure, Running of civil government, National Currency [PAK_CGO_E_CE_RCG_XDC]",177849.0,million PKR,mof_central_govt_operations_sdmx,quarterly
2017-03-31,"Pakistan Definition,Central Government Operations, Expenditure, Current Expenditure, Running of civil government, National Currency [PAK_CGO_E_CE_RCG_XDC]",289415.0,million PKR,mof_central_govt_operations_sdmx,quarterly
2017-06-30,"Pakistan Definition,Central Government Operations, Expenditure, Current Expenditure, Running of civil government, National Currency [PAK_CGO_E_CE_RCG_XDC]",427809.0,million PKR,mof_central_govt_operations_sdmx,quarterly
2017-09-30,"Pakistan Definition,Central Government Operations, Expenditure, Current Expenditure, Running of civil government, National Currency [PAK_CGO_E_CE_RCG_XDC]",104777.0,million PKR,mof_central_govt_operations_sdmx,quarterly
2017-12-31,"Pakistan Definition,Central Government Operations, Expenditure, Current Expenditure, Running of civil government, National Currency [PAK_CGO_E_CE_RCG_XDC]",209530.0,million PKR,mof_central_govt_operations_sdmx,quarterly
2018-03-31,"Pakistan Definition,Central Government Operations, Expenditure, Current Expenditure, Running of civil government, National Currency [PAK_CGO_E_CE_RCG_XDC]",329886.0,million PKR,mof_central_govt_operations_sdmx,quarterly
2018-06-30,"Pakistan Definition,Central Government Operations, Expenditure, Current Expenditure, Running of civil government, National Currency [PAK_CGO_E_CE_RCG_XDC]",508057.0,million PKR,mof_central_govt_operations_sdmx,quarterly
2018-09-30,"Pakistan Definition,Central Government Operations, Expenditure, Current Expenditure, Running of civil government, National Currency [PAK_CGO_E_CE_RCG_XDC]",87244.0,million PKR,mof_central_govt_operations_sdmx,quarterly
2018-12-31,"Pakistan Definition,Central Government Operations, Expenditure, Current Expenditure, Running of civil government, National Currency [PAK_CGO_E_CE_RCG_XDC]",219684.0,million PKR,mof_central_govt_operations_sdmx,quarterly
2019-03-31,"Pakistan Definition,Central Government Operations, Expenditure, Current Expenditure, Running of civil government, National Currency [PAK_CGO_E_CE_RCG_XDC]",340695.0,million PKR,mof_central_govt_operations_sdmx,quarterly
2019-06-30,"Pakistan Definition,Central Government Operations, Expenditure, Current Expenditure, Running of civil government, National Currency [PAK_CGO_E_CE_RCG_XDC]",524087.0,million PKR,mof_central_govt_operations_sdmx,quarterly
2019-09-30,"Pakistan Definition,Central Government Operations, Expenditure, Current Expenditure, Running of civil government, National Currency [PAK_CGO_E_CE_RCG_XDC]",88935.0,million PKR,mof_central_govt_operations_sdmx,quarterly
2019-12-31,"Pakistan Definition,Central Government Operations, Expenditure, Current Expenditure, Running of civil government, National Currency [PAK_CGO_E_CE_RCG_XDC]",195405.2,million PKR,mof_central_govt_operations_sdmx,quarterly
2020-03-31,"Pakistan Definition,Central Government Operations, Expenditure, Current Expenditure, Running of civil government, National Currency [PAK_CGO_E_CE_RCG_XDC]",311896.0,million PKR,mof_central_govt_operations_sdmx,quarterly
2020-06-30,"Pakistan Definition,Central Government Operations, Expenditure, Current Expenditure, Running of civil government, National Currency [PAK_CGO_E_CE_RCG_XDC]",505843.0,million PKR,mof_central_govt_operations_sdmx,quarterly
2020-09-30,"Pakistan Definition,Central Government Operations, Expenditure, Current Expenditure, Running of civil government, National Currency [PAK_CGO_E_CE_RCG_XDC]",89472.0,million PKR,mof_central_govt_operations_sdmx,quarterly
2020-12-31,"Pakistan Definition,Central Government Operations, Expenditure, Current Expenditure, Running of civil government, National Currency [PAK_CGO_E_CE_RCG_XDC]",209923.0,million PKR,mof_central_govt_operations_sdmx,quarterly
2021-03-31,"Pakistan Definition,Central Government Operations, Expenditure, Current Expenditure, Running of civil government, National Currency [PAK_CGO_E_CE_RCG_XDC]",318950.0,million PKR,mof_central_govt_operations_sdmx,quarterly
2021-06-30,"Pakistan Definition,Central Government Operations, Expenditure, Current Expenditure, Running of civil government, National Currency [PAK_CGO_E_CE_RCG_XDC]",546725.0,million PKR,mof_central_govt_operations_sdmx,quarterly
2021-09-30,"Pakistan Definition,Central Government Operations, Expenditure, Current Expenditure, Running of civil government, National Currency [PAK_CGO_E_CE_RCG_XDC]",102327.0,million PKR,mof_central_govt_operations_sdmx,quarterly
2021-12-31,"Pakistan Definition,Central Government Operations, Expenditure, Current Expenditure, Running of civil government, National Currency [PAK_CGO_E_CE_RCG_XDC]",226694.0,million PKR,mof_central_govt_operations_sdmx,quarterly
2022-03-31,"Pakistan Definition,Central Government Operations, Expenditure, Current Expenditure, Running of civil government, National Currency [PAK_CGO_E_CE_RCG_XDC]",396080.0,million PKR,mof_central_govt_operations_sdmx,quarterly
2022-06-30,"Pakistan Definition,Central Government Operations, Expenditure, Current Expenditure, Running of civil government, National Currency [PAK_CGO_E_CE_RCG_XDC]",634030.0,million PKR,mof_central_govt_operations_sdmx,quarterly
2022-09-30,"Pakistan Definition,Central Government Operations, Expenditure, Current Expenditure, Running of civil government, National Currency [PAK_CGO_E_CE_RCG_XDC]",131917.0,million PKR,mof_central_govt_operations_sdmx,quarterly
2022-12-31,"Pakistan Definition,Central Government Operations, Expenditure, Current Expenditure, Running of civil government, National Currency [PAK_CGO_E_CE_RCG_XDC]",302443.33966899995,million PKR,mof_central_govt_operations_sdmx,quarterly
2023-03-31,"Pakistan Definition,Central Government Operations, Expenditure, Current Expenditure, Running of civil government, National Currency [PAK_CGO_E_CE_RCG_XDC]",518679.7944550001,million PKR,mof_central_govt_operations_sdmx,quarterly
2023-06-30,"Pakistan Definition,Central Government Operations, Expenditure, Current Expenditure, Running of civil government, National Currency [PAK_CGO_E_CE_RCG_XDC]",784006.7348399998,million PKR,mof_central_govt_operations_sdmx,quarterly
2023-09-30,"Pakistan Definition,Central Government Operations, Expenditure, Current Expenditure, Running of civil government, National Currency [PAK_CGO_E_CE_RCG_XDC]",142475.74723100002,million PKR,mof_central_govt_operations_sdmx,quarterly
2023-12-31,"Pakistan Definition,Central Government Operations, Expenditure, Current Expenditure, Running of civil government, National Currency [PAK_CGO_E_CE_RCG_XDC]",338924.3565909999,million PKR,mof_central_govt_operations_sdmx,quarterly
2024-03-31,"Pakistan Definition,Central Government Operations, Expenditure, Current Expenditure, Running of civil government, National Currency [PAK_CGO_E_CE_RCG_XDC]",558766.7798730001,million PKR,mof_central_govt_operations_sdmx,quarterly
2024-06-30,"Pakistan Definition,Central Government Operations, Expenditure, Current Expenditure, Running of civil government, National Currency [PAK_CGO_E_CE_RCG_XDC]",891623.9682439999,million PKR,mof_central_govt_operations_sdmx,quarterly
2024-09-30,"Pakistan Definition,Central Government Operations, Expenditure, Current Expenditure, Running of civil government, National Currency [PAK_CGO_E_CE_RCG_XDC]",161176.5088899976,million PKR,mof_central_govt_operations_sdmx,quarterly
2024-12-31,"Pakistan Definition,Central Government Operations, Expenditure, Current Expenditure, Running of civil government, National Currency [PAK_CGO_E_CE_RCG_XDC]",380598.6384269946,million PKR,mof_central_govt_operations_sdmx,quarterly
2025-03-31,"Pakistan Definition,Central Government Operations, Expenditure, Current Expenditure, Running of civil government, National Currency [PAK_CGO_E_CE_RCG_XDC]",629002.005617006,million PKR,mof_central_govt_operations_sdmx,quarterly
2016-09-30,"Pakistan Definition,Central Government Operations, Expenditure, Current Expenditure, Subsidies, National Currency [PAK_CGO_E_CE_S_XDC]",22733.0,million PKR,mof_central_govt_operations_sdmx,quarterly
2016-12-31,"Pakistan Definition,Central Government Operations, Expenditure, Current Expenditure, Subsidies, National Currency [PAK_CGO_E_CE_S_XDC]",53491.0,million PKR,mof_central_govt_operations_sdmx,quarterly
2017-03-31,"Pakistan Definition,Central Government Operations, Expenditure, Current Expenditure, Subsidies, National Currency [PAK_CGO_E_CE_S_XDC]",88659.0,million PKR,mof_central_govt_operations_sdmx,quarterly
2017-06-30,"Pakistan Definition,Central Government Operations, Expenditure, Current Expenditure, Subsidies, National Currency [PAK_CGO_E_CE_S_XDC]",114194.0,million PKR,mof_central_govt_operations_sdmx,quarterly
2017-09-30,"Pakistan Definition,Central Government Operations, Expenditure, Current Expenditure, Subsidies, National Currency [PAK_CGO_E_CE_S_XDC]",30239.0,million PKR,mof_central_govt_operations_sdmx,quarterly
2017-12-31,"Pakistan Definition,Central Government Operations, Expenditure, Current Expenditure, Subsidies, National Currency [PAK_CGO_E_CE_S_XDC]",54606.0,million PKR,mof_central_govt_operations_sdmx,quarterly
2018-03-31,"Pakistan Definition,Central Government Operations, Expenditure, Current Expenditure, Subsidies, National Currency [PAK_CGO_E_CE_S_XDC]",96839.0,million PKR,mof_central_govt_operations_sdmx,quarterly
2018-06-30,"Pakistan Definition,Central Government Operations, Expenditure, Current Expenditure, Subsidies, National Currency [PAK_CGO_E_CE_S_XDC]",195345.0,million PKR,mof_central_govt_operations_sdmx,quarterly
2018-09-30,"Pakistan Definition,Central Government Operations, Expenditure, Current Expenditure, Subsidies, National Currency [PAK_CGO_E_CE_S_XDC]",0.0,million PKR,mof_central_govt_operations_sdmx,quarterly
2018-12-31,"Pakistan Definition,Central Government Operations, Expenditure, Current Expenditure, Subsidies, National Currency [PAK_CGO_E_CE_S_XDC]",104150.0,million PKR,mof_central_govt_operations_sdmx,quarterly
2019-03-31,"Pakistan Definition,Central Government Operations, Expenditure, Current Expenditure, Subsidies, National Currency [PAK_CGO_E_CE_S_XDC]",169537.0,million PKR,mof_central_govt_operations_sdmx,quarterly
2019-06-30,"Pakistan Definition,Central Government Operations, Expenditure, Current Expenditure, Subsidies, National Currency [PAK_CGO_E_CE_S_XDC]",359923.0,million PKR,mof_central_govt_operations_sdmx,quarterly
2019-09-30,"Pakistan Definition,Central Government Operations, Expenditure, Current Expenditure, Subsidies, National Currency [PAK_CGO_E_CE_S_XDC]",2848.0,million PKR,mof_central_govt_operations_sdmx,quarterly
2019-12-31,"Pakistan Definition,Central Government Operations, Expenditure, Current Expenditure, Subsidies, National Currency [PAK_CGO_E_CE_S_XDC]",128970.0,million PKR,mof_central_govt_operations_sdmx,quarterly
2020-03-31,"Pakistan Definition,Central Government Operations, Expenditure, Current Expenditure, Subsidies, National Currency [PAK_CGO_E_CE_S_XDC]",204262.0,million PKR,mof_central_govt_operations_sdmx,quarterly
2020-06-30,"Pakistan Definition,Central Government Operations, Expenditure, Current Expenditure, Subsidies, National Currency [PAK_CGO_E_CE_S_XDC]",425023.0,million PKR,mof_central_govt_operations_sdmx,quarterly
2020-09-30,"Pakistan Definition,Central Government Operations, Expenditure, Current Expenditure, Subsidies, National Currency [PAK_CGO_E_CE_S_XDC]",73881.0,million PKR,mof_central_govt_operations_sdmx,quarterly
2020-12-31,"Pakistan Definition,Central Government Operations, Expenditure, Current Expenditure, Subsidies, National Currency [PAK_CGO_E_CE_S_XDC]",313396.0,million PKR,mof_central_govt_operations_sdmx,quarterly
2021-03-31,"Pakistan Definition,Central Government Operations, Expenditure, Current Expenditure, Subsidies, National Currency [PAK_CGO_E_CE_S_XDC]",575233.0,million PKR,mof_central_govt_operations_sdmx,quarterly
2021-06-30,"Pakistan Definition,Central Government Operations, Expenditure, Current Expenditure, Subsidies, National Currency [PAK_CGO_E_CE_S_XDC]",1529609.0,million PKR,mof_central_govt_operations_sdmx,quarterly
2021-09-30,"Pakistan Definition,Central Government Operations, Expenditure, Current Expenditure, Subsidies, National Currency [PAK_CGO_E_CE_S_XDC]",92706.0,million PKR,mof_central_govt_operations_sdmx,quarterly
2021-12-31,"Pakistan Definition,Central Government Operations, Expenditure, Current Expenditure, Subsidies, National Currency [PAK_CGO_E_CE_S_XDC]",196619.0,million PKR,mof_central_govt_operations_sdmx,quarterly
2022-03-31,"Pakistan Definition,Central Government Operations, Expenditure, Current Expenditure, Subsidies, National Currency [PAK_CGO_E_CE_S_XDC]",524432.0,million PKR,mof_central_govt_operations_sdmx,quarterly
2022-06-30,"Pakistan Definition,Central Government Operations, Expenditure, Current Expenditure, Subsidies, National Currency [PAK_CGO_E_CE_S_XDC]",1080262.0,million PKR,mof_central_govt_operations_sdmx,quarterly
2022-09-30,"Pakistan Definition,Central Government Operations, Expenditure, Current Expenditure, Subsidies, National Currency [PAK_CGO_E_CE_S_XDC]",2488.0,million PKR,mof_central_govt_operations_sdmx,quarterly
2022-12-31,"Pakistan Definition,Central Government Operations, Expenditure, Current Expenditure, Subsidies, National Currency [PAK_CGO_E_CE_S_XDC]",375261.959848,million PKR,mof_central_govt_operations_sdmx,quarterly
2023-03-31,"Pakistan Definition,Central Government Operations, Expenditure, Current Expenditure, Subsidies, National Currency [PAK_CGO_E_CE_S_XDC]",473166.091744,million PKR,mof_central_govt_operations_sdmx,quarterly
2023-06-30,"Pakistan Definition,Central Government Operations, Expenditure, Current Expenditure, Subsidies, National Currency [PAK_CGO_E_CE_S_XDC]",1067360.228953,million PKR,mof_central_govt_operations_sdmx,quarterly
2023-09-30,"Pakistan Definition,Central Government Operations, Expenditure, Current Expenditure, Subsidies, National Currency [PAK_CGO_E_CE_S_XDC]",20153.09481,million PKR,mof_central_govt_operations_sdmx,quarterly
2023-12-31,"Pakistan Definition,Central Government Operations, Expenditure, Current Expenditure, Subsidies, National Currency [PAK_CGO_E_CE_S_XDC]",237315.360435,million PKR,mof_central_govt_operations_sdmx,quarterly
2024-03-31,"Pakistan Definition,Central Government Operations, Expenditure, Current Expenditure, Subsidies, National Currency [PAK_CGO_E_CE_S_XDC]",466229.036863,million PKR,mof_central_govt_operations_sdmx,quarterly
2024-06-30,"Pakistan Definition,Central Government Operations, Expenditure, Current Expenditure, Subsidies, National Currency [PAK_CGO_E_CE_S_XDC]",1297877.003978,million PKR,mof_central_govt_operations_sdmx,quarterly
2024-09-30,"Pakistan Definition,Central Government Operations, Expenditure, Current Expenditure, Subsidies, National Currency [PAK_CGO_E_CE_S_XDC]",119618.459885,million PKR,mof_central_govt_operations_sdmx,quarterly
2024-12-31,"Pakistan Definition,Central Government Operations, Expenditure, Current Expenditure, Subsidies, National Currency [PAK_CGO_E_CE_S_XDC]",462620.41482899996,million PKR,mof_central_govt_operations_sdmx,quarterly
2025-03-31,"Pakistan Definition,Central Government Operations, Expenditure, Current Expenditure, Subsidies, National Currency [PAK_CGO_E_CE_S_XDC]",631961.143468,million PKR,mof_central_govt_operations_sdmx,quarterly
2016-09-30,"Pakistan Definition,Central Government Operations, Expenditure, Current Expenditure, Unidentified (statistical descrepency), National Currency [PAK_CGO_E_CE_U_XDC]",38609.02000000002,million PKR,mof_central_govt_operations_sdmx,quarterly
2016-12-31,"Pakistan Definition,Central Government Operations, Expenditure, Current Expenditure, Unidentified (statistical descrepency), National Currency [PAK_CGO_E_CE_U_XDC]",73050.29899999988,million PKR,mof_central_govt_operations_sdmx,quarterly
2017-03-31,"Pakistan Definition,Central Government Operations, Expenditure, Current Expenditure, Unidentified (statistical descrepency), National Currency [PAK_CGO_E_CE_U_XDC]",20631.48400000017,million PKR,mof_central_govt_operations_sdmx,quarterly
2017-06-30,"Pakistan Definition,Central Government Operations, Expenditure, Current Expenditure, Unidentified (statistical descrepency), National Currency [PAK_CGO_E_CE_U_XDC]",17284.0,million PKR,mof_central_govt_operations_sdmx,quarterly
2017-09-30,"Pakistan Definition,Central Government Operations, Expenditure, Current Expenditure, Unidentified (statistical descrepency), National Currency [PAK_CGO_E_CE_U_XDC]",5025.534999999916,million PKR,mof_central_govt_operations_sdmx,quarterly
2017-12-31,"Pakistan Definition,Central Government Operations, Expenditure, Current Expenditure, Unidentified (statistical descrepency), National Currency [PAK_CGO_E_CE_U_XDC]",28975.33400000003,million PKR,mof_central_govt_operations_sdmx,quarterly
2018-03-31,"Pakistan Definition,Central Government Operations, Expenditure, Current Expenditure, Unidentified (statistical descrepency), National Currency [PAK_CGO_E_CE_U_XDC]",23057.376999999862,million PKR,mof_central_govt_operations_sdmx,quarterly
2018-06-30,"Pakistan Definition,Central Government Operations, Expenditure, Current Expenditure, Unidentified (statistical descrepency), National Currency [PAK_CGO_E_CE_U_XDC]",73549.26999999955,million PKR,mof_central_govt_operations_sdmx,quarterly
2018-09-30,"Pakistan Definition,Central Government Operations, Expenditure, Current Expenditure, Unidentified (statistical descrepency), National Currency [PAK_CGO_E_CE_U_XDC]",32725.13400000002,million PKR,mof_central_govt_operations_sdmx,quarterly
2018-12-31,"Pakistan Definition,Central Government Operations, Expenditure, Current Expenditure, Unidentified (statistical descrepency), National Currency [PAK_CGO_E_CE_U_XDC]",56757.0,million PKR,mof_central_govt_operations_sdmx,quarterly
2019-03-31,"Pakistan Definition,Central Government Operations, Expenditure, Current Expenditure, Unidentified (statistical descrepency), National Currency [PAK_CGO_E_CE_U_XDC]",33677.0,million PKR,mof_central_govt_operations_sdmx,quarterly
2019-06-30,"Pakistan Definition,Central Government Operations, Expenditure, Current Expenditure, Unidentified (statistical descrepency), National Currency [PAK_CGO_E_CE_U_XDC]",60602.222999999765,million PKR,mof_central_govt_operations_sdmx,quarterly
2019-09-30,"Pakistan Definition,Central Government Operations, Expenditure, Current Expenditure, Unidentified (statistical descrepency), National Currency [PAK_CGO_E_CE_U_XDC]",-23483.0,million PKR,mof_central_govt_operations_sdmx,quarterly
2019-12-31,"Pakistan Definition,Central Government Operations, Expenditure, Current Expenditure, Unidentified (statistical descrepency), National Currency [PAK_CGO_E_CE_U_XDC]",107380.41,million PKR,mof_central_govt_operations_sdmx,quarterly
2020-03-31,"Pakistan Definition,Central Government Operations, Expenditure, Current Expenditure, Unidentified (statistical descrepency), National Currency [PAK_CGO_E_CE_U_XDC]",3015.0,million PKR,mof_central_govt_operations_sdmx,quarterly
2020-06-30,"Pakistan Definition,Central Government Operations, Expenditure, Current Expenditure, Unidentified (statistical descrepency), National Currency [PAK_CGO_E_CE_U_XDC]",107035.8,million PKR,mof_central_govt_operations_sdmx,quarterly
2020-09-30,"Pakistan Definition,Central Government Operations, Expenditure, Current Expenditure, Unidentified (statistical descrepency), National Currency [PAK_CGO_E_CE_U_XDC]",15044.0,million PKR,mof_central_govt_operations_sdmx,quarterly
2020-12-31,"Pakistan Definition,Central Government Operations, Expenditure, Current Expenditure, Unidentified (statistical descrepency), National Currency [PAK_CGO_E_CE_U_XDC]",87550.0,million PKR,mof_central_govt_operations_sdmx,quarterly
2021-03-31,"Pakistan Definition,Central Government Operations, Expenditure, Current Expenditure, Unidentified (statistical descrepency), National Currency [PAK_CGO_E_CE_U_XDC]",131718.0,million PKR,mof_central_govt_operations_sdmx,quarterly
2021-06-30,"Pakistan Definition,Central Government Operations, Expenditure, Current Expenditure, Unidentified (statistical descrepency), National Currency [PAK_CGO_E_CE_U_XDC]",197416.8859,million PKR,mof_central_govt_operations_sdmx,quarterly
2021-09-30,"Pakistan Definition,Central Government Operations, Expenditure, Current Expenditure, Unidentified (statistical descrepency), National Currency [PAK_CGO_E_CE_U_XDC]",111812.0,million PKR,mof_central_govt_operations_sdmx,quarterly
2021-12-31,"Pakistan Definition,Central Government Operations, Expenditure, Current Expenditure, Unidentified (statistical descrepency), National Currency [PAK_CGO_E_CE_U_XDC]",-319549.77,million PKR,mof_central_govt_operations_sdmx,quarterly
2022-03-31,"Pakistan Definition,Central Government Operations, Expenditure, Current Expenditure, Unidentified (statistical descrepency), National Currency [PAK_CGO_E_CE_U_XDC]",-125352.939,million PKR,mof_central_govt_operations_sdmx,quarterly
2022-06-30,"Pakistan Definition,Central Government Operations, Expenditure, Current Expenditure, Unidentified (statistical descrepency), National Currency [PAK_CGO_E_CE_U_XDC]",-289957.964,million PKR,mof_central_govt_operations_sdmx,quarterly
2022-09-30,"Pakistan Definition,Central Government Operations, Expenditure, Current Expenditure, Unidentified (statistical descrepency), National Currency [PAK_CGO_E_CE_U_XDC]",90785.999,million PKR,mof_central_govt_operations_sdmx,quarterly
2022-12-31,"Pakistan Definition,Central Government Operations, Expenditure, Current Expenditure, Unidentified (statistical descrepency), National Currency [PAK_CGO_E_CE_U_XDC]",-128765.75438799849,million PKR,mof_central_govt_operations_sdmx,quarterly
2023-03-31,"Pakistan Definition,Central Government Operations, Expenditure, Current Expenditure, Unidentified (statistical descrepency), National Currency [PAK_CGO_E_CE_U_XDC]",-4711.95725500118,million PKR,mof_central_govt_operations_sdmx,quarterly
2023-06-30,"Pakistan Definition,Central Government Operations, Expenditure, Current Expenditure, Unidentified (statistical descrepency), National Currency [PAK_CGO_E_CE_U_XDC]",-280996.93670299836,million PKR,mof_central_govt_operations_sdmx,quarterly
2023-09-30,"Pakistan Definition,Central Government Operations, Expenditure, Current Expenditure, Unidentified (statistical descrepency), National Currency [PAK_CGO_E_CE_U_XDC]",32495.356145453406,million PKR,mof_central_govt_operations_sdmx,quarterly
2023-12-31,"Pakistan Definition,Central Government Operations, Expenditure, Current Expenditure, Unidentified (statistical descrepency), National Currency [PAK_CGO_E_CE_U_XDC]",237698.6015329985,million PKR,mof_central_govt_operations_sdmx,quarterly
2024-03-31,"Pakistan Definition,Central Government Operations, Expenditure, Current Expenditure, Unidentified (statistical descrepency), National Currency [PAK_CGO_E_CE_U_XDC]",169779.61817900045,million PKR,mof_central_govt_operations_sdmx,quarterly
2024-06-30,"Pakistan Definition,Central Government Operations, Expenditure, Current Expenditure, Unidentified (statistical descrepency), National Currency [PAK_CGO_E_CE_U_XDC]",-192573.50369066745,million PKR,mof_central_govt_operations_sdmx,quarterly
2024-09-30,"Pakistan Definition,Central Government Operations, Expenditure, Current Expenditure, Unidentified (statistical descrepency), National Currency [PAK_CGO_E_CE_U_XDC]",92822.28300600266,million PKR,mof_central_govt_operations_sdmx,quarterly
2024-12-31,"Pakistan Definition,Central Government Operations, Expenditure, Current Expenditure, Unidentified (statistical descrepency), National Currency [PAK_CGO_E_CE_U_XDC]",-71405.72839866579,million PKR,mof_central_govt_operations_sdmx,quarterly
2025-03-31,"Pakistan Definition,Central Government Operations, Expenditure, Current Expenditure, Unidentified (statistical descrepency), National Currency [PAK_CGO_E_CE_U_XDC]",59253.845147187356,million PKR,mof_central_govt_operations_sdmx,quarterly
2016-09-30,"Pakistan Definition,Central Government Operations, Expenditure, National Currency [PAK_CGO_E_XDC]",1012738.72,million PKR,mof_central_govt_operations_sdmx,quarterly
2016-12-31,"Pakistan Definition,Central Government Operations, Expenditure, National Currency [PAK_CGO_E_XDC]",2057216.599,million PKR,mof_central_govt_operations_sdmx,quarterly
2017-03-31,"Pakistan Definition,Central Government Operations, Expenditure, National Currency [PAK_CGO_E_XDC]",3209374.296,million PKR,mof_central_govt_operations_sdmx,quarterly
2017-06-30,"Pakistan Definition,Central Government Operations, Expenditure, National Currency [PAK_CGO_E_XDC]",4721585.0,million PKR,mof_central_govt_operations_sdmx,quarterly
2017-09-30,"Pakistan Definition,Central Government Operations, Expenditure, National Currency [PAK_CGO_E_XDC]",1078626.03,million PKR,mof_central_govt_operations_sdmx,quarterly
2017-12-31,"Pakistan Definition,Central Government Operations, Expenditure, National Currency [PAK_CGO_E_XDC]",2222307.26,million PKR,mof_central_govt_operations_sdmx,quarterly
2018-03-31,"Pakistan Definition,Central Government Operations, Expenditure, National Currency [PAK_CGO_E_XDC]",3678250.377,million PKR,mof_central_govt_operations_sdmx,quarterly
2018-06-30,"Pakistan Definition,Central Government Operations, Expenditure, National Currency [PAK_CGO_E_XDC]",5672719.17,million PKR,mof_central_govt_operations_sdmx,quarterly
2018-09-30,"Pakistan Definition,Central Government Operations, Expenditure, National Currency [PAK_CGO_E_XDC]",1222158.134,million PKR,mof_central_govt_operations_sdmx,quarterly
2018-12-31,"Pakistan Definition,Central Government Operations, Expenditure, National Currency [PAK_CGO_E_XDC]",2986928.0,million PKR,mof_central_govt_operations_sdmx,quarterly
2019-03-31,"Pakistan Definition,Central Government Operations, Expenditure, National Currency [PAK_CGO_E_XDC]",4455668.0,million PKR,mof_central_govt_operations_sdmx,quarterly
2019-06-30,"Pakistan Definition,Central Government Operations, Expenditure, National Currency [PAK_CGO_E_XDC]",6879526.222999999,million PKR,mof_central_govt_operations_sdmx,quarterly
2019-09-30,"Pakistan Definition,Central Government Operations, Expenditure, National Currency [PAK_CGO_E_XDC]",1378453.127,million PKR,mof_central_govt_operations_sdmx,quarterly
2019-12-31,"Pakistan Definition,Central Government Operations, Expenditure, National Currency [PAK_CGO_E_XDC]",3184604.379,million PKR,mof_central_govt_operations_sdmx,quarterly
2020-03-31,"Pakistan Definition,Central Government Operations, Expenditure, National Currency [PAK_CGO_E_XDC]",4639522.6850000005,million PKR,mof_central_govt_operations_sdmx,quarterly
2020-06-30,"Pakistan Definition,Central Government Operations, Expenditure, National Currency [PAK_CGO_E_XDC]",7244766.606,million PKR,mof_central_govt_operations_sdmx,quarterly
2020-09-30,"Pakistan Definition,Central Government Operations, Expenditure, National Currency [PAK_CGO_E_XDC]",1555168.449,million PKR,mof_central_govt_operations_sdmx,quarterly
2020-12-31,"Pakistan Definition,Central Government Operations, Expenditure, National Currency [PAK_CGO_E_XDC]",3793209.4189999998,million PKR,mof_central_govt_operations_sdmx,quarterly
2021-03-31,"Pakistan Definition,Central Government Operations, Expenditure, National Currency [PAK_CGO_E_XDC]",5947554.667,million PKR,mof_central_govt_operations_sdmx,quarterly
2021-06-30,"Pakistan Definition,Central Government Operations, Expenditure, National Currency [PAK_CGO_E_XDC]",9350088.470900001,million PKR,mof_central_govt_operations_sdmx,quarterly
2021-09-30,"Pakistan Definition,Central Government Operations, Expenditure, National Currency [PAK_CGO_E_XDC]",2001477.856,million PKR,mof_central_govt_operations_sdmx,quarterly
2021-12-31,"Pakistan Definition,Central Government Operations, Expenditure, National Currency [PAK_CGO_E_XDC]",4247557.011,million PKR,mof_central_govt_operations_sdmx,quarterly
2022-03-31,"Pakistan Definition,Central Government Operations, Expenditure, National Currency [PAK_CGO_E_XDC]",6978179.476,million PKR,mof_central_govt_operations_sdmx,quarterly
2022-06-30,"Pakistan Definition,Central Government Operations, Expenditure, National Currency [PAK_CGO_E_XDC]",11332426.036,million PKR,mof_central_govt_operations_sdmx,quarterly
2022-09-30,"Pakistan Definition,Central Government Operations, Expenditure, National Currency [PAK_CGO_E_XDC]",2437874.192,million PKR,mof_central_govt_operations_sdmx,quarterly
2022-12-31,"Pakistan Definition,Central Government Operations, Expenditure, National Currency [PAK_CGO_E_XDC]",6710194.240972001,million PKR,mof_central_govt_operations_sdmx,quarterly
2023-03-31,"Pakistan Definition,Central Government Operations, Expenditure, National Currency [PAK_CGO_E_XDC]",9651130.843362998,million PKR,mof_central_govt_operations_sdmx,quarterly
2023-06-30,"Pakistan Definition,Central Government Operations, Expenditure, National Currency [PAK_CGO_E_XDC]",14822976.375425002,million PKR,mof_central_govt_operations_sdmx,quarterly
2023-09-30,"Pakistan Definition,Central Government Operations, Expenditure, National Currency [PAK_CGO_E_XDC]",2483141.8726739995,million PKR,mof_central_govt_operations_sdmx,quarterly
2023-12-31,"Pakistan Definition,Central Government Operations, Expenditure, National Currency [PAK_CGO_E_XDC]",8201006.406326999,million PKR,mof_central_govt_operations_sdmx,quarterly
2024-03-31,"Pakistan Definition,Central Government Operations, Expenditure, National Currency [PAK_CGO_E_XDC]",11491482.73663,million PKR,mof_central_govt_operations_sdmx,quarterly
2024-06-30,"Pakistan Definition,Central Government Operations, Expenditure, National Currency [PAK_CGO_E_XDC]",17036174.06419141,million PKR,mof_central_govt_operations_sdmx,quarterly
2024-09-30,"Pakistan Definition,Central Government Operations, Expenditure, National Currency [PAK_CGO_E_XDC]",2779293.938296,million PKR,mof_central_govt_operations_sdmx,quarterly
2024-12-31,"Pakistan Definition,Central Government Operations, Expenditure, National Currency [PAK_CGO_E_XDC]",7029519.035359242,million PKR,mof_central_govt_operations_sdmx,quarterly
2025-03-31,"Pakistan Definition,Central Government Operations, Expenditure, National Currency [PAK_CGO_E_XDC]",10594517.233854331,million PKR,mof_central_govt_operations_sdmx,quarterly
2016-09-30,"Pakistan Definition,Central Government Operations, Expenditure, Net lending, Investment and loans, National Currency [PAK_CGO_E_NL_IL_XDC]",2311.0,million PKR,mof_central_govt_operations_sdmx,quarterly
2016-12-31,"Pakistan Definition,Central Government Operations, Expenditure, Net lending, Investment and loans, National Currency [PAK_CGO_E_NL_IL_XDC]",9868.0,million PKR,mof_central_govt_operations_sdmx,quarterly
2017-03-31,"Pakistan Definition,Central Government Operations, Expenditure, Net lending, Investment and loans, National Currency [PAK_CGO_E_NL_IL_XDC]",22213.0,million PKR,mof_central_govt_operations_sdmx,quarterly
2017-06-30,"Pakistan Definition,Central Government Operations, Expenditure, Net lending, Investment and loans, National Currency [PAK_CGO_E_NL_IL_XDC]",58463.0,million PKR,mof_central_govt_operations_sdmx,quarterly
2017-09-30,"Pakistan Definition,Central Government Operations, Expenditure, Net lending, Investment and loans, National Currency [PAK_CGO_E_NL_IL_XDC]",1556.0,million PKR,mof_central_govt_operations_sdmx,quarterly
2017-12-31,"Pakistan Definition,Central Government Operations, Expenditure, Net lending, Investment and loans, National Currency [PAK_CGO_E_NL_IL_XDC]",12337.0,million PKR,mof_central_govt_operations_sdmx,quarterly
2018-03-31,"Pakistan Definition,Central Government Operations, Expenditure, Net lending, Investment and loans, National Currency [PAK_CGO_E_NL_IL_XDC]",37593.0,million PKR,mof_central_govt_operations_sdmx,quarterly
2018-06-30,"Pakistan Definition,Central Government Operations, Expenditure, Net lending, Investment and loans, National Currency [PAK_CGO_E_NL_IL_XDC]",64644.0,million PKR,mof_central_govt_operations_sdmx,quarterly
2018-09-30,"Pakistan Definition,Central Government Operations, Expenditure, Net lending, Investment and loans, National Currency [PAK_CGO_E_NL_IL_XDC]",6748.0,million PKR,mof_central_govt_operations_sdmx,quarterly
2018-12-31,"Pakistan Definition,Central Government Operations, Expenditure, Net lending, Investment and loans, National Currency [PAK_CGO_E_NL_IL_XDC]",13329.0,million PKR,mof_central_govt_operations_sdmx,quarterly
2019-03-31,"Pakistan Definition,Central Government Operations, Expenditure, Net lending, Investment and loans, National Currency [PAK_CGO_E_NL_IL_XDC]",40361.0,million PKR,mof_central_govt_operations_sdmx,quarterly
2019-06-30,"Pakistan Definition,Central Government Operations, Expenditure, Net lending, Investment and loans, National Currency [PAK_CGO_E_NL_IL_XDC]",71482.0,million PKR,mof_central_govt_operations_sdmx,quarterly
2019-09-30,"Pakistan Definition,Central Government Operations, Expenditure, Net lending, Investment and loans, National Currency [PAK_CGO_E_NL_IL_XDC]",53854.0,million PKR,mof_central_govt_operations_sdmx,quarterly
2019-12-31,"Pakistan Definition,Central Government Operations, Expenditure, Net lending, Investment and loans, National Currency [PAK_CGO_E_NL_IL_XDC]",49236.0,million PKR,mof_central_govt_operations_sdmx,quarterly
2020-03-31,"Pakistan Definition,Central Government Operations, Expenditure, Net lending, Investment and loans, National Currency [PAK_CGO_E_NL_IL_XDC]",67378.0,million PKR,mof_central_govt_operations_sdmx,quarterly
2020-06-30,"Pakistan Definition,Central Government Operations, Expenditure, Net lending, Investment and loans, National Currency [PAK_CGO_E_NL_IL_XDC]",96168.0,million PKR,mof_central_govt_operations_sdmx,quarterly
2020-09-30,"Pakistan Definition,Central Government Operations, Expenditure, Net lending, Investment and loans, National Currency [PAK_CGO_E_NL_IL_XDC]",5410.0,million PKR,mof_central_govt_operations_sdmx,quarterly
2020-12-31,"Pakistan Definition,Central Government Operations, Expenditure, Net lending, Investment and loans, National Currency [PAK_CGO_E_NL_IL_XDC]",11905.0,million PKR,mof_central_govt_operations_sdmx,quarterly
2021-03-31,"Pakistan Definition,Central Government Operations, Expenditure, Net lending, Investment and loans, National Currency [PAK_CGO_E_NL_IL_XDC]",26964.0,million PKR,mof_central_govt_operations_sdmx,quarterly
2021-06-30,"Pakistan Definition,Central Government Operations, Expenditure, Net lending, Investment and loans, National Currency [PAK_CGO_E_NL_IL_XDC]",59956.0,million PKR,mof_central_govt_operations_sdmx,quarterly
2021-09-30,"Pakistan Definition,Central Government Operations, Expenditure, Net lending, Investment and loans, National Currency [PAK_CGO_E_NL_IL_XDC]",3720.0,million PKR,mof_central_govt_operations_sdmx,quarterly
2021-12-31,"Pakistan Definition,Central Government Operations, Expenditure, Net lending, Investment and loans, National Currency [PAK_CGO_E_NL_IL_XDC]",52359.0,million PKR,mof_central_govt_operations_sdmx,quarterly
2022-03-31,"Pakistan Definition,Central Government Operations, Expenditure, Net lending, Investment and loans, National Currency [PAK_CGO_E_NL_IL_XDC]",55997.0,million PKR,mof_central_govt_operations_sdmx,quarterly
2022-06-30,"Pakistan Definition,Central Government Operations, Expenditure, Net lending, Investment and loans, National Currency [PAK_CGO_E_NL_IL_XDC]",80951.0,million PKR,mof_central_govt_operations_sdmx,quarterly
2022-09-30,"Pakistan Definition,Central Government Operations, Expenditure, Net lending, Investment and loans, National Currency [PAK_CGO_E_NL_IL_XDC]",229.0,million PKR,mof_central_govt_operations_sdmx,quarterly
2022-12-31,"Pakistan Definition,Central Government Operations, Expenditure, Net lending, Investment and loans, National Currency [PAK_CGO_E_NL_IL_XDC]",10712.0,million PKR,mof_central_govt_operations_sdmx,quarterly
2023-03-31,"Pakistan Definition,Central Government Operations, Expenditure, Net lending, Investment and loans, National Currency [PAK_CGO_E_NL_IL_XDC]",16824.0,million PKR,mof_central_govt_operations_sdmx,quarterly
2023-06-30,"Pakistan Definition,Central Government Operations, Expenditure, Net lending, Investment and loans, National Currency [PAK_CGO_E_NL_IL_XDC]",148301.0,million PKR,mof_central_govt_operations_sdmx,quarterly
2023-09-30,"Pakistan Definition,Central Government Operations, Expenditure, Net lending, Investment and loans, National Currency [PAK_CGO_E_NL_IL_XDC]",2639.729583,million PKR,mof_central_govt_operations_sdmx,quarterly
2023-12-31,"Pakistan Definition,Central Government Operations, Expenditure, Net lending, Investment and loans, National Currency [PAK_CGO_E_NL_IL_XDC]",9683.0,million PKR,mof_central_govt_operations_sdmx,quarterly
2024-03-31,"Pakistan Definition,Central Government Operations, Expenditure, Net lending, Investment and loans, National Currency [PAK_CGO_E_NL_IL_XDC]",53326.620023,million PKR,mof_central_govt_operations_sdmx,quarterly
2024-06-30,"Pakistan Definition,Central Government Operations, Expenditure, Net lending, Investment and loans, National Currency [PAK_CGO_E_NL_IL_XDC]",74607.368012,million PKR,mof_central_govt_operations_sdmx,quarterly
2024-09-30,"Pakistan Definition,Central Government Operations, Expenditure, Net lending, Investment and loans, National Currency [PAK_CGO_E_NL_IL_XDC]",662.833236,million PKR,mof_central_govt_operations_sdmx,quarterly
2024-12-31,"Pakistan Definition,Central Government Operations, Expenditure, Net lending, Investment and loans, National Currency [PAK_CGO_E_NL_IL_XDC]",9164.101339999997,million PKR,mof_central_govt_operations_sdmx,quarterly
2025-03-31,"Pakistan Definition,Central Government Operations, Expenditure, Net lending, Investment and loans, National Currency [PAK_CGO_E_NL_IL_XDC]",45327.569693000056,million PKR,mof_central_govt_operations_sdmx,quarterly
2016-09-30,"Pakistan Definition,Central Government Operations, Expenditure, Net lending, National Currency [PAK_CGO_E_NL_XDC]",932.0,million PKR,mof_central_govt_operations_sdmx,quarterly
2016-12-31,"Pakistan Definition,Central Government Operations, Expenditure, Net lending, National Currency [PAK_CGO_E_NL_XDC]",2017.0,million PKR,mof_central_govt_operations_sdmx,quarterly
2017-03-31,"Pakistan Definition,Central Government Operations, Expenditure, Net lending, National Currency [PAK_CGO_E_NL_XDC]",9190.0,million PKR,mof_central_govt_operations_sdmx,quarterly
2017-06-30,"Pakistan Definition,Central Government Operations, Expenditure, Net lending, National Currency [PAK_CGO_E_NL_XDC]",37625.0,million PKR,mof_central_govt_operations_sdmx,quarterly
2017-09-30,"Pakistan Definition,Central Government Operations, Expenditure, Net lending, National Currency [PAK_CGO_E_NL_XDC]",-254.0,million PKR,mof_central_govt_operations_sdmx,quarterly
2017-12-31,"Pakistan Definition,Central Government Operations, Expenditure, Net lending, National Currency [PAK_CGO_E_NL_XDC]",8306.0,million PKR,mof_central_govt_operations_sdmx,quarterly
2018-03-31,"Pakistan Definition,Central Government Operations, Expenditure, Net lending, National Currency [PAK_CGO_E_NL_XDC]",28303.0,million PKR,mof_central_govt_operations_sdmx,quarterly
2018-06-30,"Pakistan Definition,Central Government Operations, Expenditure, Net lending, National Currency [PAK_CGO_E_NL_XDC]",40750.0,million PKR,mof_central_govt_operations_sdmx,quarterly
2018-09-30,"Pakistan Definition,Central Government Operations, Expenditure, Net lending, National Currency [PAK_CGO_E_NL_XDC]",4688.0,million PKR,mof_central_govt_operations_sdmx,quarterly
2018-12-31,"Pakistan Definition,Central Government Operations, Expenditure, Net lending, National Currency [PAK_CGO_E_NL_XDC]",8331.0,million PKR,mof_central_govt_operations_sdmx,quarterly
2019-03-31,"Pakistan Definition,Central Government Operations, Expenditure, Net lending, National Currency [PAK_CGO_E_NL_XDC]",29677.0,million PKR,mof_central_govt_operations_sdmx,quarterly
2019-06-30,"Pakistan Definition,Central Government Operations, Expenditure, Net lending, National Currency [PAK_CGO_E_NL_XDC]",48528.0,million PKR,mof_central_govt_operations_sdmx,quarterly
2019-09-30,"Pakistan Definition,Central Government Operations, Expenditure, Net lending, National Currency [PAK_CGO_E_NL_XDC]",50747.0,million PKR,mof_central_govt_operations_sdmx,quarterly
2019-12-31,"Pakistan Definition,Central Government Operations, Expenditure, Net lending, National Currency [PAK_CGO_E_NL_XDC]",43733.0,million PKR,mof_central_govt_operations_sdmx,quarterly
2020-03-31,"Pakistan Definition,Central Government Operations, Expenditure, Net lending, National Currency [PAK_CGO_E_NL_XDC]",54950.0,million PKR,mof_central_govt_operations_sdmx,quarterly
2020-06-30,"Pakistan Definition,Central Government Operations, Expenditure, Net lending, National Currency [PAK_CGO_E_NL_XDC]",76938.0,million PKR,mof_central_govt_operations_sdmx,quarterly
2020-09-30,"Pakistan Definition,Central Government Operations, Expenditure, Net lending, National Currency [PAK_CGO_E_NL_XDC]",2577.0,million PKR,mof_central_govt_operations_sdmx,quarterly
2020-12-31,"Pakistan Definition,Central Government Operations, Expenditure, Net lending, National Currency [PAK_CGO_E_NL_XDC]",6095.0,million PKR,mof_central_govt_operations_sdmx,quarterly
2021-03-31,"Pakistan Definition,Central Government Operations, Expenditure, Net lending, National Currency [PAK_CGO_E_NL_XDC]",18427.0,million PKR,mof_central_govt_operations_sdmx,quarterly
2021-06-30,"Pakistan Definition,Central Government Operations, Expenditure, Net lending, National Currency [PAK_CGO_E_NL_XDC]",40372.0,million PKR,mof_central_govt_operations_sdmx,quarterly
2021-09-30,"Pakistan Definition,Central Government Operations, Expenditure, Net lending, National Currency [PAK_CGO_E_NL_XDC]",721.0,million PKR,mof_central_govt_operations_sdmx,quarterly
2021-12-31,"Pakistan Definition,Central Government Operations, Expenditure, Net lending, National Currency [PAK_CGO_E_NL_XDC]",45749.0,million PKR,mof_central_govt_operations_sdmx,quarterly
2022-03-31,"Pakistan Definition,Central Government Operations, Expenditure, Net lending, National Currency [PAK_CGO_E_NL_XDC]",46461.0,million PKR,mof_central_govt_operations_sdmx,quarterly
2022-06-30,"Pakistan Definition,Central Government Operations, Expenditure, Net lending, National Currency [PAK_CGO_E_NL_XDC]",59876.0,million PKR,mof_central_govt_operations_sdmx,quarterly
2022-09-30,"Pakistan Definition,Central Government Operations, Expenditure, Net lending, National Currency [PAK_CGO_E_NL_XDC]",-4091.2700000000004,million PKR,mof_central_govt_operations_sdmx,quarterly
2022-12-31,"Pakistan Definition,Central Government Operations, Expenditure, Net lending, National Currency [PAK_CGO_E_NL_XDC]",-12002.0,million PKR,mof_central_govt_operations_sdmx,quarterly
2023-03-31,"Pakistan Definition,Central Government Operations, Expenditure, Net lending, National Currency [PAK_CGO_E_NL_XDC]",-15300.0,million PKR,mof_central_govt_operations_sdmx,quarterly
2023-06-30,"Pakistan Definition,Central Government Operations, Expenditure, Net lending, National Currency [PAK_CGO_E_NL_XDC]",51669.616620000015,million PKR,mof_central_govt_operations_sdmx,quarterly
2023-09-30,"Pakistan Definition,Central Government Operations, Expenditure, Net lending, National Currency [PAK_CGO_E_NL_XDC]",-1643.2550429999978,million PKR,mof_central_govt_operations_sdmx,quarterly
2023-12-31,"Pakistan Definition,Central Government Operations, Expenditure, Net lending, National Currency [PAK_CGO_E_NL_XDC]",-28368.518656999993,million PKR,mof_central_govt_operations_sdmx,quarterly
2024-03-31,"Pakistan Definition,Central Government Operations, Expenditure, Net lending, National Currency [PAK_CGO_E_NL_XDC]",7532.3596290000205,million PKR,mof_central_govt_operations_sdmx,quarterly
2024-06-30,"Pakistan Definition,Central Government Operations, Expenditure, Net lending, National Currency [PAK_CGO_E_NL_XDC]",-17647.30557900002,million PKR,mof_central_govt_operations_sdmx,quarterly
2024-09-30,"Pakistan Definition,Central Government Operations, Expenditure, Net lending, National Currency [PAK_CGO_E_NL_XDC]",-145788.180926,million PKR,mof_central_govt_operations_sdmx,quarterly
2024-12-31,"Pakistan Definition,Central Government Operations, Expenditure, Net lending, National Currency [PAK_CGO_E_NL_XDC]",-142016.52338100004,million PKR,mof_central_govt_operations_sdmx,quarterly
2025-03-31,"Pakistan Definition,Central Government Operations, Expenditure, Net lending, National Currency [PAK_CGO_E_NL_XDC]",-115219.22811799994,million PKR,mof_central_govt_operations_sdmx,quarterly
2016-09-30,"Pakistan Definition,Central Government Operations, Expenditure, Net lending, Net to provinces, National Currency [PAK_CGO_E_NL_NP_XDC]",-4007.0,million PKR,mof_central_govt_operations_sdmx,quarterly
2016-12-31,"Pakistan Definition,Central Government Operations, Expenditure, Net lending, Net to provinces, National Currency [PAK_CGO_E_NL_NP_XDC]",11671.0,million PKR,mof_central_govt_operations_sdmx,quarterly
2017-03-31,"Pakistan Definition,Central Government Operations, Expenditure, Net lending, Net to provinces, National Currency [PAK_CGO_E_NL_NP_XDC]",30138.0,million PKR,mof_central_govt_operations_sdmx,quarterly
2017-06-30,"Pakistan Definition,Central Government Operations, Expenditure, Net lending, Net to provinces, National Currency [PAK_CGO_E_NL_NP_XDC]",63464.0,million PKR,mof_central_govt_operations_sdmx,quarterly
2017-09-30,"Pakistan Definition,Central Government Operations, Expenditure, Net lending, Net to provinces, National Currency [PAK_CGO_E_NL_NP_XDC]",14464.599999999999,million PKR,mof_central_govt_operations_sdmx,quarterly
2017-12-31,"Pakistan Definition,Central Government Operations, Expenditure, Net lending, Net to provinces, National Currency [PAK_CGO_E_NL_NP_XDC]",19915.0,million PKR,mof_central_govt_operations_sdmx,quarterly
2018-03-31,"Pakistan Definition,Central Government Operations, Expenditure, Net lending, Net to provinces, National Currency [PAK_CGO_E_NL_NP_XDC]",16502.0,million PKR,mof_central_govt_operations_sdmx,quarterly
2018-06-30,"Pakistan Definition,Central Government Operations, Expenditure, Net lending, Net to provinces, National Currency [PAK_CGO_E_NL_NP_XDC]",22582.0,million PKR,mof_central_govt_operations_sdmx,quarterly
2018-09-30,"Pakistan Definition,Central Government Operations, Expenditure, Net lending, Net to provinces, National Currency [PAK_CGO_E_NL_NP_XDC]",-1415.0,million PKR,mof_central_govt_operations_sdmx,quarterly
2018-12-31,"Pakistan Definition,Central Government Operations, Expenditure, Net lending, Net to provinces, National Currency [PAK_CGO_E_NL_NP_XDC]",2692.0,million PKR,mof_central_govt_operations_sdmx,quarterly
2019-03-31,"Pakistan Definition,Central Government Operations, Expenditure, Net lending, Net to provinces, National Currency [PAK_CGO_E_NL_NP_XDC]",111.0,million PKR,mof_central_govt_operations_sdmx,quarterly
2019-06-30,"Pakistan Definition,Central Government Operations, Expenditure, Net lending, Net to provinces, National Currency [PAK_CGO_E_NL_NP_XDC]",-9926.0,million PKR,mof_central_govt_operations_sdmx,quarterly
2019-09-30,"Pakistan Definition,Central Government Operations, Expenditure, Net lending, Net to provinces, National Currency [PAK_CGO_E_NL_NP_XDC]",-6736.0,million PKR,mof_central_govt_operations_sdmx,quarterly
2019-12-31,"Pakistan Definition,Central Government Operations, Expenditure, Net lending, Net to provinces, National Currency [PAK_CGO_E_NL_NP_XDC]",-16814.0,million PKR,mof_central_govt_operations_sdmx,quarterly
2020-03-31,"Pakistan Definition,Central Government Operations, Expenditure, Net lending, Net to provinces, National Currency [PAK_CGO_E_NL_NP_XDC]",-9095.0,million PKR,mof_central_govt_operations_sdmx,quarterly
2020-06-30,"Pakistan Definition,Central Government Operations, Expenditure, Net lending, Net to provinces, National Currency [PAK_CGO_E_NL_NP_XDC]",17538.0,million PKR,mof_central_govt_operations_sdmx,quarterly
2020-09-30,"Pakistan Definition,Central Government Operations, Expenditure, Net lending, Net to provinces, National Currency [PAK_CGO_E_NL_NP_XDC]",33105.0,million PKR,mof_central_govt_operations_sdmx,quarterly
2020-12-31,"Pakistan Definition,Central Government Operations, Expenditure, Net lending, Net to provinces, National Currency [PAK_CGO_E_NL_NP_XDC]",59933.0,million PKR,mof_central_govt_operations_sdmx,quarterly
2021-03-31,"Pakistan Definition,Central Government Operations, Expenditure, Net lending, Net to provinces, National Currency [PAK_CGO_E_NL_NP_XDC]",64392.5,million PKR,mof_central_govt_operations_sdmx,quarterly
2021-06-30,"Pakistan Definition,Central Government Operations, Expenditure, Net lending, Net to provinces, National Currency [PAK_CGO_E_NL_NP_XDC]",102632.0,million PKR,mof_central_govt_operations_sdmx,quarterly
2021-09-30,"Pakistan Definition,Central Government Operations, Expenditure, Net lending, Net to provinces, National Currency [PAK_CGO_E_NL_NP_XDC]",-38598.0,million PKR,mof_central_govt_operations_sdmx,quarterly
2021-12-31,"Pakistan Definition,Central Government Operations, Expenditure, Net lending, Net to provinces, National Currency [PAK_CGO_E_NL_NP_XDC]",-30532.0,million PKR,mof_central_govt_operations_sdmx,quarterly
2022-03-31,"Pakistan Definition,Central Government Operations, Expenditure, Net lending, Net to provinces, National Currency [PAK_CGO_E_NL_NP_XDC]",52810.0,million PKR,mof_central_govt_operations_sdmx,quarterly
2022-06-30,"Pakistan Definition,Central Government Operations, Expenditure, Net lending, Net to provinces, National Currency [PAK_CGO_E_NL_NP_XDC]",87454.0,million PKR,mof_central_govt_operations_sdmx,quarterly
2022-09-30,"Pakistan Definition,Central Government Operations, Expenditure, Net lending, Net to provinces, National Currency [PAK_CGO_E_NL_NP_XDC]",34796.0,million PKR,mof_central_govt_operations_sdmx,quarterly
2022-12-31,"Pakistan Definition,Central Government Operations, Expenditure, Net lending, Net to provinces, National Currency [PAK_CGO_E_NL_NP_XDC]",115194.64,million PKR,mof_central_govt_operations_sdmx,quarterly
2023-03-31,"Pakistan Definition,Central Government Operations, Expenditure, Net lending, Net to provinces, National Currency [PAK_CGO_E_NL_NP_XDC]",148083.90999999997,million PKR,mof_central_govt_operations_sdmx,quarterly
2023-06-30,"Pakistan Definition,Central Government Operations, Expenditure, Net lending, Net to provinces, National Currency [PAK_CGO_E_NL_NP_XDC]",247001.44999999998,million PKR,mof_central_govt_operations_sdmx,quarterly
2023-09-30,"Pakistan Definition,Central Government Operations, Expenditure, Net lending, Net to provinces, National Currency [PAK_CGO_E_NL_NP_XDC]",41963.864770545995,million PKR,mof_central_govt_operations_sdmx,quarterly
2023-12-31,"Pakistan Definition,Central Government Operations, Expenditure, Net lending, Net to provinces, National Currency [PAK_CGO_E_NL_NP_XDC]",124525.12,million PKR,mof_central_govt_operations_sdmx,quarterly
2024-03-31,"Pakistan Definition,Central Government Operations, Expenditure, Net lending, Net to provinces, National Currency [PAK_CGO_E_NL_NP_XDC]",232311.81000000003,million PKR,mof_central_govt_operations_sdmx,quarterly
2024-06-30,"Pakistan Definition,Central Government Operations, Expenditure, Net lending, Net to provinces, National Currency [PAK_CGO_E_NL_NP_XDC]",382851.8230210781,million PKR,mof_central_govt_operations_sdmx,quarterly
2024-09-30,"Pakistan Definition,Central Government Operations, Expenditure, Net lending, Net to provinces, National Currency [PAK_CGO_E_NL_NP_XDC]",79147.12,million PKR,mof_central_govt_operations_sdmx,quarterly
2024-12-31,"Pakistan Definition,Central Government Operations, Expenditure, Net lending, Net to provinces, National Currency [PAK_CGO_E_NL_NP_XDC]",168411.524459912,million PKR,mof_central_govt_operations_sdmx,quarterly
2025-03-31,"Pakistan Definition,Central Government Operations, Expenditure, Net lending, Net to provinces, National Currency [PAK_CGO_E_NL_NP_XDC]",237660.22630913695,million PKR,mof_central_govt_operations_sdmx,quarterly
2016-09-30,"Pakistan Definition,Central Government Operations, Expenditure, Net lending, Overall balance (excluding grants), National Currency [PAK_CGO_OBEG_XDC]",-527014.0,million PKR,mof_central_govt_operations_sdmx,quarterly
2016-12-31,"Pakistan Definition,Central Government Operations, Expenditure, Net lending, Overall balance (excluding grants), National Currency [PAK_CGO_OBEG_XDC]",-1000213.0,million PKR,mof_central_govt_operations_sdmx,quarterly
2017-03-31,"Pakistan Definition,Central Government Operations, Expenditure, Net lending, Overall balance (excluding grants), National Currency [PAK_CGO_OBEG_XDC]",-1671983.0,million PKR,mof_central_govt_operations_sdmx,quarterly
2017-06-30,"Pakistan Definition,Central Government Operations, Expenditure, Net lending, Overall balance (excluding grants), National Currency [PAK_CGO_OBEG_XDC]",-2242848.0,million PKR,mof_central_govt_operations_sdmx,quarterly
2017-09-30,"Pakistan Definition,Central Government Operations, Expenditure, Net lending, Overall balance (excluding grants), National Currency [PAK_CGO_OBEG_XDC]",-738419.5,million PKR,mof_central_govt_operations_sdmx,quarterly
2017-12-31,"Pakistan Definition,Central Government Operations, Expenditure, Net lending, Overall balance (excluding grants), National Currency [PAK_CGO_OBEG_XDC]",-1303132.9999999998,million PKR,mof_central_govt_operations_sdmx,quarterly
2018-03-31,"Pakistan Definition,Central Government Operations, Expenditure, Net lending, Overall balance (excluding grants), National Currency [PAK_CGO_OBEG_XDC]",-2214077.2129999995,million PKR,mof_central_govt_operations_sdmx,quarterly
2018-06-30,"Pakistan Definition,Central Government Operations, Expenditure, Net lending, Overall balance (excluding grants), National Currency [PAK_CGO_OBEG_XDC]",-3634921.0,million PKR,mof_central_govt_operations_sdmx,quarterly
2018-09-30,"Pakistan Definition,Central Government Operations, Expenditure, Net lending, Overall balance (excluding grants), National Currency [PAK_CGO_OBEG_XDC]",-474979.11400000006,million PKR,mof_central_govt_operations_sdmx,quarterly
2018-12-31,"Pakistan Definition,Central Government Operations, Expenditure, Net lending, Overall balance (excluding grants), National Currency [PAK_CGO_OBEG_XDC]",-1343149.0,million PKR,mof_central_govt_operations_sdmx,quarterly
2019-03-31,"Pakistan Definition,Central Government Operations, Expenditure, Net lending, Overall balance (excluding grants), National Currency [PAK_CGO_OBEG_XDC]",-2080303.5,million PKR,mof_central_govt_operations_sdmx,quarterly
2019-06-30,"Pakistan Definition,Central Government Operations, Expenditure, Net lending, Overall balance (excluding grants), National Currency [PAK_CGO_OBEG_XDC]",-3601255.2229999993,million PKR,mof_central_govt_operations_sdmx,quarterly
2019-09-30,"Pakistan Definition,Central Government Operations, Expenditure, Net lending, Overall balance (excluding grants), National Currency [PAK_CGO_OBEG_XDC]",-528703.577,million PKR,mof_central_govt_operations_sdmx,quarterly
2019-12-31,"Pakistan Definition,Central Government Operations, Expenditure, Net lending, Overall balance (excluding grants), National Currency [PAK_CGO_OBEG_XDC]",-1393048.2889999999,million PKR,mof_central_govt_operations_sdmx,quarterly
2020-03-31,"Pakistan Definition,Central Government Operations, Expenditure, Net lending, Overall balance (excluding grants), National Currency [PAK_CGO_OBEG_XDC]",-2064754.8450000007,million PKR,mof_central_govt_operations_sdmx,quarterly
2020-06-30,"Pakistan Definition,Central Government Operations, Expenditure, Net lending, Overall balance (excluding grants), National Currency [PAK_CGO_OBEG_XDC]",-3716944.345,million PKR,mof_central_govt_operations_sdmx,quarterly
2020-09-30,"Pakistan Definition,Central Government Operations, Expenditure, Net lending, Overall balance (excluding grants), National Currency [PAK_CGO_OBEG_XDC]",-715416.8069999999,million PKR,mof_central_govt_operations_sdmx,quarterly
2020-12-31,"Pakistan Definition,Central Government Operations, Expenditure, Net lending, Overall balance (excluding grants), National Currency [PAK_CGO_OBEG_XDC]",-1852584.9189999998,million PKR,mof_central_govt_operations_sdmx,quarterly
2021-03-31,"Pakistan Definition,Central Government Operations, Expenditure, Net lending, Overall balance (excluding grants), National Currency [PAK_CGO_OBEG_XDC]",-3165427.9070000006,million PKR,mof_central_govt_operations_sdmx,quarterly
2021-06-30,"Pakistan Definition,Central Government Operations, Expenditure, Net lending, Overall balance (excluding grants), National Currency [PAK_CGO_OBEG_XDC]",-5610882.560900001,million PKR,mof_central_govt_operations_sdmx,quarterly
2021-09-30,"Pakistan Definition,Central Government Operations, Expenditure, Net lending, Overall balance (excluding grants), National Currency [PAK_CGO_OBEG_XDC]",-1037327.771,million PKR,mof_central_govt_operations_sdmx,quarterly
2021-12-31,"Pakistan Definition,Central Government Operations, Expenditure, Net lending, Overall balance (excluding grants), National Currency [PAK_CGO_OBEG_XDC]",-1784632.131,million PKR,mof_central_govt_operations_sdmx,quarterly
2022-03-31,"Pakistan Definition,Central Government Operations, Expenditure, Net lending, Overall balance (excluding grants), National Currency [PAK_CGO_OBEG_XDC]",-3534705.0,million PKR,mof_central_govt_operations_sdmx,quarterly
2022-06-30,"Pakistan Definition,Central Government Operations, Expenditure, Net lending, Overall balance (excluding grants), National Currency [PAK_CGO_OBEG_XDC]",-6676030.000000001,million PKR,mof_central_govt_operations_sdmx,quarterly
2022-09-30,"Pakistan Definition,Central Government Operations, Expenditure, Net lending, Overall balance (excluding grants), National Currency [PAK_CGO_OBEG_XDC]",-1031459.81,million PKR,mof_central_govt_operations_sdmx,quarterly
2022-12-31,"Pakistan Definition,Central Government Operations, Expenditure, Net lending, Overall balance (excluding grants), National Currency [PAK_CGO_OBEG_XDC]",-2697180.993972001,million PKR,mof_central_govt_operations_sdmx,quarterly
2023-03-31,"Pakistan Definition,Central Government Operations, Expenditure, Net lending, Overall balance (excluding grants), National Currency [PAK_CGO_OBEG_XDC]",-4337816.906362999,million PKR,mof_central_govt_operations_sdmx,quarterly
2023-06-30,"Pakistan Definition,Central Government Operations, Expenditure, Net lending, Overall balance (excluding grants), National Currency [PAK_CGO_OBEG_XDC]",-7725141.768499002,million PKR,mof_central_govt_operations_sdmx,quarterly
2023-09-30,"Pakistan Definition,Central Government Operations, Expenditure, Net lending, Overall balance (excluding grants), National Currency [PAK_CGO_OBEG_XDC]",1536320.9044770002,million PKR,mof_central_govt_operations_sdmx,quarterly
2023-12-31,"Pakistan Definition,Central Government Operations, Expenditure, Net lending, Overall balance (excluding grants), National Currency [PAK_CGO_OBEG_XDC]",-2313366.697109,million PKR,mof_central_govt_operations_sdmx,quarterly
2024-03-31,"Pakistan Definition,Central Government Operations, Expenditure, Net lending, Overall balance (excluding grants), National Currency [PAK_CGO_OBEG_XDC]",-4023355.4017979987,million PKR,mof_central_govt_operations_sdmx,quarterly
2024-06-30,"Pakistan Definition,Central Government Operations, Expenditure, Net lending, Overall balance (excluding grants), National Currency [PAK_CGO_OBEG_XDC]",-7089470.878084572,million PKR,mof_central_govt_operations_sdmx,quarterly
2024-09-30,"Pakistan Definition,Central Government Operations, Expenditure, Net lending, Overall balance (excluding grants), National Currency [PAK_CGO_OBEG_XDC]",1338251.215855,million PKR,mof_central_govt_operations_sdmx,quarterly
2024-12-31,"Pakistan Definition,Central Government Operations, Expenditure, Net lending, Overall balance (excluding grants), National Currency [PAK_CGO_OBEG_XDC]",-637408.2844692413,million PKR,mof_central_govt_operations_sdmx,quarterly
2025-03-31,"Pakistan Definition,Central Government Operations, Expenditure, Net lending, Overall balance (excluding grants), National Currency [PAK_CGO_OBEG_XDC]",-2492427.1625110097,million PKR,mof_central_govt_operations_sdmx,quarterly
2016-09-30,"Pakistan Definition,Central Government Operations, Expenditure, Net lending, Recovery of principal, National Currency [PAK_CGO_E_NL_RP_XDC]",1379.0,million PKR,mof_central_govt_operations_sdmx,quarterly
2016-12-31,"Pakistan Definition,Central Government Operations, Expenditure, Net lending, Recovery of principal, National Currency [PAK_CGO_E_NL_RP_XDC]",7851.0,million PKR,mof_central_govt_operations_sdmx,quarterly
2017-03-31,"Pakistan Definition,Central Government Operations, Expenditure, Net lending, Recovery of principal, National Currency [PAK_CGO_E_NL_RP_XDC]",13023.0,million PKR,mof_central_govt_operations_sdmx,quarterly
2017-06-30,"Pakistan Definition,Central Government Operations, Expenditure, Net lending, Recovery of principal, National Currency [PAK_CGO_E_NL_RP_XDC]",20838.0,million PKR,mof_central_govt_operations_sdmx,quarterly
2017-09-30,"Pakistan Definition,Central Government Operations, Expenditure, Net lending, Recovery of principal, National Currency [PAK_CGO_E_NL_RP_XDC]",1810.0,million PKR,mof_central_govt_operations_sdmx,quarterly
2017-12-31,"Pakistan Definition,Central Government Operations, Expenditure, Net lending, Recovery of principal, National Currency [PAK_CGO_E_NL_RP_XDC]",4031.0,million PKR,mof_central_govt_operations_sdmx,quarterly
2018-03-31,"Pakistan Definition,Central Government Operations, Expenditure, Net lending, Recovery of principal, National Currency [PAK_CGO_E_NL_RP_XDC]",9290.0,million PKR,mof_central_govt_operations_sdmx,quarterly
2018-06-30,"Pakistan Definition,Central Government Operations, Expenditure, Net lending, Recovery of principal, National Currency [PAK_CGO_E_NL_RP_XDC]",23894.0,million PKR,mof_central_govt_operations_sdmx,quarterly
2018-09-30,"Pakistan Definition,Central Government Operations, Expenditure, Net lending, Recovery of principal, National Currency [PAK_CGO_E_NL_RP_XDC]",2060.0,million PKR,mof_central_govt_operations_sdmx,quarterly
2018-12-31,"Pakistan Definition,Central Government Operations, Expenditure, Net lending, Recovery of principal, National Currency [PAK_CGO_E_NL_RP_XDC]",4998.0,million PKR,mof_central_govt_operations_sdmx,quarterly
2019-03-31,"Pakistan Definition,Central Government Operations, Expenditure, Net lending, Recovery of principal, National Currency [PAK_CGO_E_NL_RP_XDC]",10684.0,million PKR,mof_central_govt_operations_sdmx,quarterly
2019-06-30,"Pakistan Definition,Central Government Operations, Expenditure, Net lending, Recovery of principal, National Currency [PAK_CGO_E_NL_RP_XDC]",22954.0,million PKR,mof_central_govt_operations_sdmx,quarterly
2019-09-30,"Pakistan Definition,Central Government Operations, Expenditure, Net lending, Recovery of principal, National Currency [PAK_CGO_E_NL_RP_XDC]",3107.0,million PKR,mof_central_govt_operations_sdmx,quarterly
2019-12-31,"Pakistan Definition,Central Government Operations, Expenditure, Net lending, Recovery of principal, National Currency [PAK_CGO_E_NL_RP_XDC]",5503.0,million PKR,mof_central_govt_operations_sdmx,quarterly
2020-03-31,"Pakistan Definition,Central Government Operations, Expenditure, Net lending, Recovery of principal, National Currency [PAK_CGO_E_NL_RP_XDC]",12428.0,million PKR,mof_central_govt_operations_sdmx,quarterly
2020-06-30,"Pakistan Definition,Central Government Operations, Expenditure, Net lending, Recovery of principal, National Currency [PAK_CGO_E_NL_RP_XDC]",19230.0,million PKR,mof_central_govt_operations_sdmx,quarterly
2020-09-30,"Pakistan Definition,Central Government Operations, Expenditure, Net lending, Recovery of principal, National Currency [PAK_CGO_E_NL_RP_XDC]",2833.0,million PKR,mof_central_govt_operations_sdmx,quarterly
2020-12-31,"Pakistan Definition,Central Government Operations, Expenditure, Net lending, Recovery of principal, National Currency [PAK_CGO_E_NL_RP_XDC]",5810.0,million PKR,mof_central_govt_operations_sdmx,quarterly
2021-03-31,"Pakistan Definition,Central Government Operations, Expenditure, Net lending, Recovery of principal, National Currency [PAK_CGO_E_NL_RP_XDC]",8537.0,million PKR,mof_central_govt_operations_sdmx,quarterly
2021-06-30,"Pakistan Definition,Central Government Operations, Expenditure, Net lending, Recovery of principal, National Currency [PAK_CGO_E_NL_RP_XDC]",19584.0,million PKR,mof_central_govt_operations_sdmx,quarterly
2021-09-30,"Pakistan Definition,Central Government Operations, Expenditure, Net lending, Recovery of principal, National Currency [PAK_CGO_E_NL_RP_XDC]",2999.0,million PKR,mof_central_govt_operations_sdmx,quarterly
2021-12-31,"Pakistan Definition,Central Government Operations, Expenditure, Net lending, Recovery of principal, National Currency [PAK_CGO_E_NL_RP_XDC]",6610.0,million PKR,mof_central_govt_operations_sdmx,quarterly
2022-03-31,"Pakistan Definition,Central Government Operations, Expenditure, Net lending, Recovery of principal, National Currency [PAK_CGO_E_NL_RP_XDC]",9536.0,million PKR,mof_central_govt_operations_sdmx,quarterly
2022-06-30,"Pakistan Definition,Central Government Operations, Expenditure, Net lending, Recovery of principal, National Currency [PAK_CGO_E_NL_RP_XDC]",21075.0,million PKR,mof_central_govt_operations_sdmx,quarterly
2022-09-30,"Pakistan Definition,Central Government Operations, Expenditure, Net lending, Recovery of principal, National Currency [PAK_CGO_E_NL_RP_XDC]",4320.27,million PKR,mof_central_govt_operations_sdmx,quarterly
2022-12-31,"Pakistan Definition,Central Government Operations, Expenditure, Net lending, Recovery of principal, National Currency [PAK_CGO_E_NL_RP_XDC]",22714.0,million PKR,mof_central_govt_operations_sdmx,quarterly
2023-03-31,"Pakistan Definition,Central Government Operations, Expenditure, Net lending, Recovery of principal, National Currency [PAK_CGO_E_NL_RP_XDC]",32124.0,million PKR,mof_central_govt_operations_sdmx,quarterly
2023-06-30,"Pakistan Definition,Central Government Operations, Expenditure, Net lending, Recovery of principal, National Currency [PAK_CGO_E_NL_RP_XDC]",96631.38337999998,million PKR,mof_central_govt_operations_sdmx,quarterly
2023-09-30,"Pakistan Definition,Central Government Operations, Expenditure, Net lending, Recovery of principal, National Currency [PAK_CGO_E_NL_RP_XDC]",4282.984625999998,million PKR,mof_central_govt_operations_sdmx,quarterly
2023-12-31,"Pakistan Definition,Central Government Operations, Expenditure, Net lending, Recovery of principal, National Currency [PAK_CGO_E_NL_RP_XDC]",38051.51865699999,million PKR,mof_central_govt_operations_sdmx,quarterly
2024-03-31,"Pakistan Definition,Central Government Operations, Expenditure, Net lending, Recovery of principal, National Currency [PAK_CGO_E_NL_RP_XDC]",45794.26039399998,million PKR,mof_central_govt_operations_sdmx,quarterly
2024-06-30,"Pakistan Definition,Central Government Operations, Expenditure, Net lending, Recovery of principal, National Currency [PAK_CGO_E_NL_RP_XDC]",92254.67359100003,million PKR,mof_central_govt_operations_sdmx,quarterly
2024-09-30,"Pakistan Definition,Central Government Operations, Expenditure, Net lending, Recovery of principal, National Currency [PAK_CGO_E_NL_RP_XDC]",146451.014162,million PKR,mof_central_govt_operations_sdmx,quarterly
2024-12-31,"Pakistan Definition,Central Government Operations, Expenditure, Net lending, Recovery of principal, National Currency [PAK_CGO_E_NL_RP_XDC]",151180.62472100003,million PKR,mof_central_govt_operations_sdmx,quarterly
2025-03-31,"Pakistan Definition,Central Government Operations, Expenditure, Net lending, Recovery of principal, National Currency [PAK_CGO_E_NL_RP_XDC]",160546.797811,million PKR,mof_central_govt_operations_sdmx,quarterly
2016-09-30,"Pakistan Definition,Central Government Operations, Expenditure, PSDP, National Currency [PAK_CGO_E_PDSP_XDC]",100560.0,million PKR,mof_central_govt_operations_sdmx,quarterly
2016-12-31,"Pakistan Definition,Central Government Operations, Expenditure, PSDP, National Currency [PAK_CGO_E_PDSP_XDC]",248070.0,million PKR,mof_central_govt_operations_sdmx,quarterly
2017-03-31,"Pakistan Definition,Central Government Operations, Expenditure, PSDP, National Currency [PAK_CGO_E_PDSP_XDC]",416413.0,million PKR,mof_central_govt_operations_sdmx,quarterly
2017-06-30,"Pakistan Definition,Central Government Operations, Expenditure, PSDP, National Currency [PAK_CGO_E_PDSP_XDC]",660934.0,million PKR,mof_central_govt_operations_sdmx,quarterly
2017-09-30,"Pakistan Definition,Central Government Operations, Expenditure, PSDP, National Currency [PAK_CGO_E_PDSP_XDC]",50872.0,million PKR,mof_central_govt_operations_sdmx,quarterly
2017-12-31,"Pakistan Definition,Central Government Operations, Expenditure, PSDP, National Currency [PAK_CGO_E_PDSP_XDC]",183270.0,million PKR,mof_central_govt_operations_sdmx,quarterly
2018-03-31,"Pakistan Definition,Central Government Operations, Expenditure, PSDP, National Currency [PAK_CGO_E_PDSP_XDC]",330573.0,million PKR,mof_central_govt_operations_sdmx,quarterly
2018-06-30,"Pakistan Definition,Central Government Operations, Expenditure, PSDP, National Currency [PAK_CGO_E_PDSP_XDC]",561730.0,million PKR,mof_central_govt_operations_sdmx,quarterly
2018-09-30,"Pakistan Definition,Central Government Operations, Expenditure, PSDP, National Currency [PAK_CGO_E_PDSP_XDC]",93496.0,million PKR,mof_central_govt_operations_sdmx,quarterly
2018-12-31,"Pakistan Definition,Central Government Operations, Expenditure, PSDP, National Currency [PAK_CGO_E_PDSP_XDC]",276067.0,million PKR,mof_central_govt_operations_sdmx,quarterly
2019-03-31,"Pakistan Definition,Central Government Operations, Expenditure, PSDP, National Currency [PAK_CGO_E_PDSP_XDC]",416889.0,million PKR,mof_central_govt_operations_sdmx,quarterly
2019-06-30,"Pakistan Definition,Central Government Operations, Expenditure, PSDP, National Currency [PAK_CGO_E_PDSP_XDC]",622261.0,million PKR,mof_central_govt_operations_sdmx,quarterly
2019-09-30,"Pakistan Definition,Central Government Operations, Expenditure, PSDP, National Currency [PAK_CGO_E_PDSP_XDC]",82523.0,million PKR,mof_central_govt_operations_sdmx,quarterly
2019-12-31,"Pakistan Definition,Central Government Operations, Expenditure, PSDP, National Currency [PAK_CGO_E_PDSP_XDC]",232137.0,million PKR,mof_central_govt_operations_sdmx,quarterly
2020-03-31,"Pakistan Definition,Central Government Operations, Expenditure, PSDP, National Currency [PAK_CGO_E_PDSP_XDC]",353019.0,million PKR,mof_central_govt_operations_sdmx,quarterly
2020-06-30,"Pakistan Definition,Central Government Operations, Expenditure, PSDP, National Currency [PAK_CGO_E_PDSP_XDC]",667298.0,million PKR,mof_central_govt_operations_sdmx,quarterly
2020-09-30,"Pakistan Definition,Central Government Operations, Expenditure, PSDP, National Currency [PAK_CGO_E_PDSP_XDC]",143818.4,million PKR,mof_central_govt_operations_sdmx,quarterly
2020-12-31,"Pakistan Definition,Central Government Operations, Expenditure, PSDP, National Currency [PAK_CGO_E_PDSP_XDC]",288286.0,million PKR,mof_central_govt_operations_sdmx,quarterly
2021-03-31,"Pakistan Definition,Central Government Operations, Expenditure, PSDP, National Currency [PAK_CGO_E_PDSP_XDC]",452326.0,million PKR,mof_central_govt_operations_sdmx,quarterly
2021-06-30,"Pakistan Definition,Central Government Operations, Expenditure, PSDP, National Currency [PAK_CGO_E_PDSP_XDC]",558106.0,million PKR,mof_central_govt_operations_sdmx,quarterly
2021-09-30,"Pakistan Definition,Central Government Operations, Expenditure, PSDP, National Currency [PAK_CGO_E_PDSP_XDC]",74553.0,million PKR,mof_central_govt_operations_sdmx,quarterly
2021-12-31,"Pakistan Definition,Central Government Operations, Expenditure, PSDP, National Currency [PAK_CGO_E_PDSP_XDC]",161734.0,million PKR,mof_central_govt_operations_sdmx,quarterly
2022-03-31,"Pakistan Definition,Central Government Operations, Expenditure, PSDP, National Currency [PAK_CGO_E_PDSP_XDC]",328815.0,million PKR,mof_central_govt_operations_sdmx,quarterly
2022-06-30,"Pakistan Definition,Central Government Operations, Expenditure, PSDP, National Currency [PAK_CGO_E_PDSP_XDC]",743026.0,million PKR,mof_central_govt_operations_sdmx,quarterly
2022-09-30,"Pakistan Definition,Central Government Operations, Expenditure, PSDP, National Currency [PAK_CGO_E_PDSP_XDC]",52561.0,million PKR,mof_central_govt_operations_sdmx,quarterly
2022-12-31,"Pakistan Definition,Central Government Operations, Expenditure, PSDP, National Currency [PAK_CGO_E_PDSP_XDC]",152130.780342,million PKR,mof_central_govt_operations_sdmx,quarterly
2023-03-31,"Pakistan Definition,Central Government Operations, Expenditure, PSDP, National Currency [PAK_CGO_E_PDSP_XDC]",321555.840882,million PKR,mof_central_govt_operations_sdmx,quarterly
2023-06-30,"Pakistan Definition,Central Government Operations, Expenditure, PSDP, National Currency [PAK_CGO_E_PDSP_XDC]",732180.6631459999,million PKR,mof_central_govt_operations_sdmx,quarterly
2023-09-30,"Pakistan Definition,Central Government Operations, Expenditure, PSDP, National Currency [PAK_CGO_E_PDSP_XDC]",37465.487779,million PKR,mof_central_govt_operations_sdmx,quarterly
2023-12-31,"Pakistan Definition,Central Government Operations, Expenditure, PSDP, National Currency [PAK_CGO_E_PDSP_XDC]",164767.69097,million PKR,mof_central_govt_operations_sdmx,quarterly
2024-03-31,"Pakistan Definition,Central Government Operations, Expenditure, PSDP, National Currency [PAK_CGO_E_PDSP_XDC]",413550.770498,million PKR,mof_central_govt_operations_sdmx,quarterly
2024-06-30,"Pakistan Definition,Central Government Operations, Expenditure, PSDP, National Currency [PAK_CGO_E_PDSP_XDC]",1048972.289007,million PKR,mof_central_govt_operations_sdmx,quarterly
2024-09-30,"Pakistan Definition,Central Government Operations, Expenditure, PSDP, National Currency [PAK_CGO_E_PDSP_XDC]",40696.908869,million PKR,mof_central_govt_operations_sdmx,quarterly
2024-12-31,"Pakistan Definition,Central Government Operations, Expenditure, PSDP, National Currency [PAK_CGO_E_PDSP_XDC]",238097.241461,million PKR,mof_central_govt_operations_sdmx,quarterly
2025-03-31,"Pakistan Definition,Central Government Operations, Expenditure, PSDP, National Currency [PAK_CGO_E_PDSP_XDC]",428985.984789,million PKR,mof_central_govt_operations_sdmx,quarterly
2016-09-30,"Pakistan Definition,Central Government Operations, Financing, Domestic, Bank, National Currency [PAK_CGO_F_D_B_XDC]",496192.0,million PKR,mof_central_govt_operations_sdmx,quarterly
2016-12-31,"Pakistan Definition,Central Government Operations, Financing, Domestic, Bank, National Currency [PAK_CGO_F_D_B_XDC]",537937.0,million PKR,mof_central_govt_operations_sdmx,quarterly
2017-03-31,"Pakistan Definition,Central Government Operations, Financing, Domestic, Bank, National Currency [PAK_CGO_F_D_B_XDC]",1002496.0,million PKR,mof_central_govt_operations_sdmx,quarterly
2017-06-30,"Pakistan Definition,Central Government Operations, Financing, Domestic, Bank, National Currency [PAK_CGO_F_D_B_XDC]",1128621.0,million PKR,mof_central_govt_operations_sdmx,quarterly
2017-09-30,"Pakistan Definition,Central Government Operations, Financing, Domestic, Bank, National Currency [PAK_CGO_F_D_B_XDC]",291853.0,million PKR,mof_central_govt_operations_sdmx,quarterly
2017-12-31,"Pakistan Definition,Central Government Operations, Financing, Domestic, Bank, National Currency [PAK_CGO_F_D_B_XDC]",851130.0,million PKR,mof_central_govt_operations_sdmx,quarterly
2018-03-31,"Pakistan Definition,Central Government Operations, Financing, Domestic, Bank, National Currency [PAK_CGO_F_D_B_XDC]",1073522.01,million PKR,mof_central_govt_operations_sdmx,quarterly
2018-06-30,"Pakistan Definition,Central Government Operations, Financing, Domestic, Bank, National Currency [PAK_CGO_F_D_B_XDC]",2455632.0,million PKR,mof_central_govt_operations_sdmx,quarterly
2018-09-30,"Pakistan Definition,Central Government Operations, Financing, Domestic, Bank, National Currency [PAK_CGO_F_D_B_XDC]",67053.114,million PKR,mof_central_govt_operations_sdmx,quarterly
2018-12-31,"Pakistan Definition,Central Government Operations, Financing, Domestic, Bank, National Currency [PAK_CGO_F_D_B_XDC]",386573.0,million PKR,mof_central_govt_operations_sdmx,quarterly
2019-03-31,"Pakistan Definition,Central Government Operations, Financing, Domestic, Bank, National Currency [PAK_CGO_F_D_B_XDC]",988041.0,million PKR,mof_central_govt_operations_sdmx,quarterly
2019-06-30,"Pakistan Definition,Central Government Operations, Financing, Domestic, Bank, National Currency [PAK_CGO_F_D_B_XDC]",2182787.673,million PKR,mof_central_govt_operations_sdmx,quarterly
2019-09-30,"Pakistan Definition,Central Government Operations, Financing, Domestic, Bank, National Currency [PAK_CGO_F_D_B_XDC]",274108.143,million PKR,mof_central_govt_operations_sdmx,quarterly
2019-12-31,"Pakistan Definition,Central Government Operations, Financing, Domestic, Bank, National Currency [PAK_CGO_F_D_B_XDC]",796160.9,million PKR,mof_central_govt_operations_sdmx,quarterly
2020-03-31,"Pakistan Definition,Central Government Operations, Financing, Domestic, Bank, National Currency [PAK_CGO_F_D_B_XDC]",1193403.0,million PKR,mof_central_govt_operations_sdmx,quarterly
2020-06-30,"Pakistan Definition,Central Government Operations, Financing, Domestic, Bank, National Currency [PAK_CGO_F_D_B_XDC]",2169632.0,million PKR,mof_central_govt_operations_sdmx,quarterly
2020-09-30,"Pakistan Definition,Central Government Operations, Financing, Domestic, Bank, National Currency [PAK_CGO_F_D_B_XDC]",140167.0,million PKR,mof_central_govt_operations_sdmx,quarterly
2020-12-31,"Pakistan Definition,Central Government Operations, Financing, Domestic, Bank, National Currency [PAK_CGO_F_D_B_XDC]",738675.0,million PKR,mof_central_govt_operations_sdmx,quarterly
2021-03-31,"Pakistan Definition,Central Government Operations, Financing, Domestic, Bank, National Currency [PAK_CGO_F_D_B_XDC]",1633528.0,million PKR,mof_central_govt_operations_sdmx,quarterly
2021-06-30,"Pakistan Definition,Central Government Operations, Financing, Domestic, Bank, National Currency [PAK_CGO_F_D_B_XDC]",3434880.0,million PKR,mof_central_govt_operations_sdmx,quarterly
2021-09-30,"Pakistan Definition,Central Government Operations, Financing, Domestic, Bank, National Currency [PAK_CGO_F_D_B_XDC]",509377.0,million PKR,mof_central_govt_operations_sdmx,quarterly
2021-12-31,"Pakistan Definition,Central Government Operations, Financing, Domestic, Bank, National Currency [PAK_CGO_F_D_B_XDC]",490151.0,million PKR,mof_central_govt_operations_sdmx,quarterly
2022-03-31,"Pakistan Definition,Central Government Operations, Financing, Domestic, Bank, National Currency [PAK_CGO_F_D_B_XDC]",2404352.0,million PKR,mof_central_govt_operations_sdmx,quarterly
2022-06-30,"Pakistan Definition,Central Government Operations, Financing, Domestic, Bank, National Currency [PAK_CGO_F_D_B_XDC]",3693174.0,million PKR,mof_central_govt_operations_sdmx,quarterly
2022-09-30,"Pakistan Definition,Central Government Operations, Financing, Domestic, Bank, National Currency [PAK_CGO_F_D_B_XDC]",1135826.0,million PKR,mof_central_govt_operations_sdmx,quarterly
2022-12-31,"Pakistan Definition,Central Government Operations, Financing, Domestic, Bank, National Currency [PAK_CGO_F_D_B_XDC]",2338899.0,million PKR,mof_central_govt_operations_sdmx,quarterly
2023-03-31,"Pakistan Definition,Central Government Operations, Financing, Domestic, Bank, National Currency [PAK_CGO_F_D_B_XDC]",4218951.0,million PKR,mof_central_govt_operations_sdmx,quarterly
2023-06-30,"Pakistan Definition,Central Government Operations, Financing, Domestic, Bank, National Currency [PAK_CGO_F_D_B_XDC]",7745120.0,million PKR,mof_central_govt_operations_sdmx,quarterly
2023-09-30,"Pakistan Definition,Central Government Operations, Financing, Domestic, Bank, National Currency [PAK_CGO_F_D_B_XDC]",-1714906.0,million PKR,mof_central_govt_operations_sdmx,quarterly
2023-12-31,"Pakistan Definition,Central Government Operations, Financing, Domestic, Bank, National Currency [PAK_CGO_F_D_B_XDC]",-1255571.0,million PKR,mof_central_govt_operations_sdmx,quarterly
2024-03-31,"Pakistan Definition,Central Government Operations, Financing, Domestic, Bank, National Currency [PAK_CGO_F_D_B_XDC]",2177269.0,million PKR,mof_central_govt_operations_sdmx,quarterly
2024-06-30,"Pakistan Definition,Central Government Operations, Financing, Domestic, Bank, National Currency [PAK_CGO_F_D_B_XDC]",5487425.0,million PKR,mof_central_govt_operations_sdmx,quarterly
2024-09-30,"Pakistan Definition,Central Government Operations, Financing, Domestic, Bank, National Currency [PAK_CGO_F_D_B_XDC]",-2139213.0,million PKR,mof_central_govt_operations_sdmx,quarterly
2024-12-31,"Pakistan Definition,Central Government Operations, Financing, Domestic, Bank, National Currency [PAK_CGO_F_D_B_XDC]",-282323.0,million PKR,mof_central_govt_operations_sdmx,quarterly
2025-03-31,"Pakistan Definition,Central Government Operations, Financing, Domestic, Bank, National Currency [PAK_CGO_F_D_B_XDC]",1025847.939,million PKR,mof_central_govt_operations_sdmx,quarterly
2016-09-30,"Pakistan Definition,Central Government Operations, Financing, Domestic, National Currency [PAK_CGO_F_D_XDC]",519068.0,million PKR,mof_central_govt_operations_sdmx,quarterly
2016-12-31,"Pakistan Definition,Central Government Operations, Financing, Domestic, National Currency [PAK_CGO_F_D_XDC]",616101.0,million PKR,mof_central_govt_operations_sdmx,quarterly
2017-03-31,"Pakistan Definition,Central Government Operations, Financing, Domestic, National Currency [PAK_CGO_F_D_XDC]",1147683.0,million PKR,mof_central_govt_operations_sdmx,quarterly
2017-06-30,"Pakistan Definition,Central Government Operations, Financing, Domestic, National Currency [PAK_CGO_F_D_XDC]",1457682.0,million PKR,mof_central_govt_operations_sdmx,quarterly
2017-09-30,"Pakistan Definition,Central Government Operations, Financing, Domestic, National Currency [PAK_CGO_F_D_XDC]",527649.5,million PKR,mof_central_govt_operations_sdmx,quarterly
2017-12-31,"Pakistan Definition,Central Government Operations, Financing, Domestic, National Currency [PAK_CGO_F_D_XDC]",1085175.0,million PKR,mof_central_govt_operations_sdmx,quarterly
2018-03-31,"Pakistan Definition,Central Government Operations, Financing, Domestic, National Currency [PAK_CGO_F_D_XDC]",1689620.01,million PKR,mof_central_govt_operations_sdmx,quarterly
2018-06-30,"Pakistan Definition,Central Government Operations, Financing, Domestic, National Currency [PAK_CGO_F_D_XDC]",3218215.0,million PKR,mof_central_govt_operations_sdmx,quarterly
2018-09-30,"Pakistan Definition,Central Government Operations, Financing, Domestic, National Currency [PAK_CGO_F_D_XDC]",308485.114,million PKR,mof_central_govt_operations_sdmx,quarterly
2018-12-31,"Pakistan Definition,Central Government Operations, Financing, Domestic, National Currency [PAK_CGO_F_D_XDC]",829566.0,million PKR,mof_central_govt_operations_sdmx,quarterly
2019-03-31,"Pakistan Definition,Central Government Operations, Financing, Domestic, National Currency [PAK_CGO_F_D_XDC]",1397942.0,million PKR,mof_central_govt_operations_sdmx,quarterly
2019-06-30,"Pakistan Definition,Central Government Operations, Financing, Domestic, National Currency [PAK_CGO_F_D_XDC]",2705745.2229999998,million PKR,mof_central_govt_operations_sdmx,quarterly
2019-09-30,"Pakistan Definition,Central Government Operations, Financing, Domestic, National Currency [PAK_CGO_F_D_XDC]",367331.603,million PKR,mof_central_govt_operations_sdmx,quarterly
2019-12-31,"Pakistan Definition,Central Government Operations, Financing, Domestic, National Currency [PAK_CGO_F_D_XDC]",938602.4,million PKR,mof_central_govt_operations_sdmx,quarterly
2020-03-31,"Pakistan Definition,Central Government Operations, Financing, Domestic, National Currency [PAK_CGO_F_D_XDC]",1502597.0,million PKR,mof_central_govt_operations_sdmx,quarterly
2020-06-30,"Pakistan Definition,Central Government Operations, Financing, Domestic, National Currency [PAK_CGO_F_D_XDC]",2378853.0,million PKR,mof_central_govt_operations_sdmx,quarterly
2020-09-30,"Pakistan Definition,Central Government Operations, Financing, Domestic, National Currency [PAK_CGO_F_D_XDC]",249291.0,million PKR,mof_central_govt_operations_sdmx,quarterly
2020-12-31,"Pakistan Definition,Central Government Operations, Financing, Domestic, National Currency [PAK_CGO_F_D_XDC]",826939.0,million PKR,mof_central_govt_operations_sdmx,quarterly
2021-03-31,"Pakistan Definition,Central Government Operations, Financing, Domestic, National Currency [PAK_CGO_F_D_XDC]",2183968.0,million PKR,mof_central_govt_operations_sdmx,quarterly
2021-06-30,"Pakistan Definition,Central Government Operations, Financing, Domestic, National Currency [PAK_CGO_F_D_XDC]",4432473.0,million PKR,mof_central_govt_operations_sdmx,quarterly
2021-09-30,"Pakistan Definition,Central Government Operations, Financing, Domestic, National Currency [PAK_CGO_F_D_XDC]",996389.0,million PKR,mof_central_govt_operations_sdmx,quarterly
2021-12-31,"Pakistan Definition,Central Government Operations, Financing, Domestic, National Currency [PAK_CGO_F_D_XDC]",2080923.0,million PKR,mof_central_govt_operations_sdmx,quarterly
2022-03-31,"Pakistan Definition,Central Government Operations, Financing, Domestic, National Currency [PAK_CGO_F_D_XDC]",4217514.0,million PKR,mof_central_govt_operations_sdmx,quarterly
2022-06-30,"Pakistan Definition,Central Government Operations, Financing, Domestic, National Currency [PAK_CGO_F_D_XDC]",7355878.0,million PKR,mof_central_govt_operations_sdmx,quarterly
2022-09-30,"Pakistan Definition,Central Government Operations, Financing, Domestic, National Currency [PAK_CGO_F_D_XDC]",589034.0,million PKR,mof_central_govt_operations_sdmx,quarterly
2022-12-31,"Pakistan Definition,Central Government Operations, Financing, Domestic, National Currency [PAK_CGO_F_D_XDC]",2088801.0,million PKR,mof_central_govt_operations_sdmx,quarterly
2023-03-31,"Pakistan Definition,Central Government Operations, Financing, Domestic, National Currency [PAK_CGO_F_D_XDC]",3844002.0,million PKR,mof_central_govt_operations_sdmx,quarterly
2023-06-30,"Pakistan Definition,Central Government Operations, Financing, Domestic, National Currency [PAK_CGO_F_D_XDC]",7404428.623887,million PKR,mof_central_govt_operations_sdmx,quarterly
2023-09-30,"Pakistan Definition,Central Government Operations, Financing, Domestic, National Currency [PAK_CGO_F_D_XDC]",-1379460.0,million PKR,mof_central_govt_operations_sdmx,quarterly
2023-12-31,"Pakistan Definition,Central Government Operations, Financing, Domestic, National Currency [PAK_CGO_F_D_XDC]",2392062.0,million PKR,mof_central_govt_operations_sdmx,quarterly
2024-03-31,"Pakistan Definition,Central Government Operations, Financing, Domestic, National Currency [PAK_CGO_F_D_XDC]",4003850.0,million PKR,mof_central_govt_operations_sdmx,quarterly
2024-06-30,"Pakistan Definition,Central Government Operations, Financing, Domestic, National Currency [PAK_CGO_F_D_XDC]",6470632.0,million PKR,mof_central_govt_operations_sdmx,quarterly
2024-09-30,"Pakistan Definition,Central Government Operations, Financing, Domestic, National Currency [PAK_CGO_F_D_XDC]",-1299378.0,million PKR,mof_central_govt_operations_sdmx,quarterly
2024-12-31,"Pakistan Definition,Central Government Operations, Financing, Domestic, National Currency [PAK_CGO_F_D_XDC]",603366.0,million PKR,mof_central_govt_operations_sdmx,quarterly
2025-03-31,"Pakistan Definition,Central Government Operations, Financing, Domestic, National Currency [PAK_CGO_F_D_XDC]",2597956.9390000002,million PKR,mof_central_govt_operations_sdmx,quarterly
2016-09-30,"Pakistan Definition,Central Government Operations, Financing, Domestic, Nonbank, National Currency [PAK_CGO_F_D_NB_XDC]",22876.0,million PKR,mof_central_govt_operations_sdmx,quarterly
2016-12-31,"Pakistan Definition,Central Government Operations, Financing, Domestic, Nonbank, National Currency [PAK_CGO_F_D_NB_XDC]",78164.0,million PKR,mof_central_govt_operations_sdmx,quarterly
2017-03-31,"Pakistan Definition,Central Government Operations, Financing, Domestic, Nonbank, National Currency [PAK_CGO_F_D_NB_XDC]",145187.0,million PKR,mof_central_govt_operations_sdmx,quarterly
2017-06-30,"Pakistan Definition,Central Government Operations, Financing, Domestic, Nonbank, National Currency [PAK_CGO_F_D_NB_XDC]",327061.0,million PKR,mof_central_govt_operations_sdmx,quarterly
2017-09-30,"Pakistan Definition,Central Government Operations, Financing, Domestic, Nonbank, National Currency [PAK_CGO_F_D_NB_XDC]",235796.5,million PKR,mof_central_govt_operations_sdmx,quarterly
2017-12-31,"Pakistan Definition,Central Government Operations, Financing, Domestic, Nonbank, National Currency [PAK_CGO_F_D_NB_XDC]",234045.0,million PKR,mof_central_govt_operations_sdmx,quarterly
2018-03-31,"Pakistan Definition,Central Government Operations, Financing, Domestic, Nonbank, National Currency [PAK_CGO_F_D_NB_XDC]",616098.0,million PKR,mof_central_govt_operations_sdmx,quarterly
2018-06-30,"Pakistan Definition,Central Government Operations, Financing, Domestic, Nonbank, National Currency [PAK_CGO_F_D_NB_XDC]",762583.0,million PKR,mof_central_govt_operations_sdmx,quarterly
2018-09-30,"Pakistan Definition,Central Government Operations, Financing, Domestic, Nonbank, National Currency [PAK_CGO_F_D_NB_XDC]",241432.0,million PKR,mof_central_govt_operations_sdmx,quarterly
2018-12-31,"Pakistan Definition,Central Government Operations, Financing, Domestic, Nonbank, National Currency [PAK_CGO_F_D_NB_XDC]",442993.0,million PKR,mof_central_govt_operations_sdmx,quarterly
2019-03-31,"Pakistan Definition,Central Government Operations, Financing, Domestic, Nonbank, National Currency [PAK_CGO_F_D_NB_XDC]",409901.0,million PKR,mof_central_govt_operations_sdmx,quarterly
2019-06-30,"Pakistan Definition,Central Government Operations, Financing, Domestic, Nonbank, National Currency [PAK_CGO_F_D_NB_XDC]",522957.55,million PKR,mof_central_govt_operations_sdmx,quarterly
2019-09-30,"Pakistan Definition,Central Government Operations, Financing, Domestic, Nonbank, National Currency [PAK_CGO_F_D_NB_XDC]",93223.45999999999,million PKR,mof_central_govt_operations_sdmx,quarterly
2019-12-31,"Pakistan Definition,Central Government Operations, Financing, Domestic, Nonbank, National Currency [PAK_CGO_F_D_NB_XDC]",142441.5,million PKR,mof_central_govt_operations_sdmx,quarterly
2020-03-31,"Pakistan Definition,Central Government Operations, Financing, Domestic, Nonbank, National Currency [PAK_CGO_F_D_NB_XDC]",309194.0,million PKR,mof_central_govt_operations_sdmx,quarterly
2020-06-30,"Pakistan Definition,Central Government Operations, Financing, Domestic, Nonbank, National Currency [PAK_CGO_F_D_NB_XDC]",209221.0,million PKR,mof_central_govt_operations_sdmx,quarterly
2020-09-30,"Pakistan Definition,Central Government Operations, Financing, Domestic, Nonbank, National Currency [PAK_CGO_F_D_NB_XDC]",109124.0,million PKR,mof_central_govt_operations_sdmx,quarterly
2020-12-31,"Pakistan Definition,Central Government Operations, Financing, Domestic, Nonbank, National Currency [PAK_CGO_F_D_NB_XDC]",88264.0,million PKR,mof_central_govt_operations_sdmx,quarterly
2021-03-31,"Pakistan Definition,Central Government Operations, Financing, Domestic, Nonbank, National Currency [PAK_CGO_F_D_NB_XDC]",550440.0,million PKR,mof_central_govt_operations_sdmx,quarterly
2021-06-30,"Pakistan Definition,Central Government Operations, Financing, Domestic, Nonbank, National Currency [PAK_CGO_F_D_NB_XDC]",997593.0,million PKR,mof_central_govt_operations_sdmx,quarterly
2021-09-30,"Pakistan Definition,Central Government Operations, Financing, Domestic, Nonbank, National Currency [PAK_CGO_F_D_NB_XDC]",487012.0,million PKR,mof_central_govt_operations_sdmx,quarterly
2021-12-31,"Pakistan Definition,Central Government Operations, Financing, Domestic, Nonbank, National Currency [PAK_CGO_F_D_NB_XDC]",1590772.0,million PKR,mof_central_govt_operations_sdmx,quarterly
2022-03-31,"Pakistan Definition,Central Government Operations, Financing, Domestic, Nonbank, National Currency [PAK_CGO_F_D_NB_XDC]",1813162.0,million PKR,mof_central_govt_operations_sdmx,quarterly
2022-06-30,"Pakistan Definition,Central Government Operations, Financing, Domestic, Nonbank, National Currency [PAK_CGO_F_D_NB_XDC]",3662704.0,million PKR,mof_central_govt_operations_sdmx,quarterly
2022-09-30,"Pakistan Definition,Central Government Operations, Financing, Domestic, Nonbank, National Currency [PAK_CGO_F_D_NB_XDC]",-546792.0,million PKR,mof_central_govt_operations_sdmx,quarterly
2022-12-31,"Pakistan Definition,Central Government Operations, Financing, Domestic, Nonbank, National Currency [PAK_CGO_F_D_NB_XDC]",-250098.0,million PKR,mof_central_govt_operations_sdmx,quarterly
2023-03-31,"Pakistan Definition,Central Government Operations, Financing, Domestic, Nonbank, National Currency [PAK_CGO_F_D_NB_XDC]",-374949.0,million PKR,mof_central_govt_operations_sdmx,quarterly
2023-06-30,"Pakistan Definition,Central Government Operations, Financing, Domestic, Nonbank, National Currency [PAK_CGO_F_D_NB_XDC]",-342029.0,million PKR,mof_central_govt_operations_sdmx,quarterly
2023-09-30,"Pakistan Definition,Central Government Operations, Financing, Domestic, Nonbank, National Currency [PAK_CGO_F_D_NB_XDC]",335446.0,million PKR,mof_central_govt_operations_sdmx,quarterly
2023-12-31,"Pakistan Definition,Central Government Operations, Financing, Domestic, Nonbank, National Currency [PAK_CGO_F_D_NB_XDC]",3647633.0,million PKR,mof_central_govt_operations_sdmx,quarterly
2024-03-31,"Pakistan Definition,Central Government Operations, Financing, Domestic, Nonbank, National Currency [PAK_CGO_F_D_NB_XDC]",1826581.0,million PKR,mof_central_govt_operations_sdmx,quarterly
2024-06-30,"Pakistan Definition,Central Government Operations, Financing, Domestic, Nonbank, National Currency [PAK_CGO_F_D_NB_XDC]",983207.0,million PKR,mof_central_govt_operations_sdmx,quarterly
2024-09-30,"Pakistan Definition,Central Government Operations, Financing, Domestic, Nonbank, National Currency [PAK_CGO_F_D_NB_XDC]",839835.0,million PKR,mof_central_govt_operations_sdmx,quarterly
2024-12-31,"Pakistan Definition,Central Government Operations, Financing, Domestic, Nonbank, National Currency [PAK_CGO_F_D_NB_XDC]",885689.0,million PKR,mof_central_govt_operations_sdmx,quarterly
2025-03-31,"Pakistan Definition,Central Government Operations, Financing, Domestic, Nonbank, National Currency [PAK_CGO_F_D_NB_XDC]",1572109.0,million PKR,mof_central_govt_operations_sdmx,quarterly
2016-09-30,"Pakistan Definition,Central Government Operations, Financing, External (incl. privatization), National Currency [PAK_CGO_F_E_XDC]",7946.0,million PKR,mof_central_govt_operations_sdmx,quarterly
2016-12-31,"Pakistan Definition,Central Government Operations, Financing, External (incl. privatization), National Currency [PAK_CGO_F_E_XDC]",384112.0,million PKR,mof_central_govt_operations_sdmx,quarterly
2017-03-31,"Pakistan Definition,Central Government Operations, Financing, External (incl. privatization), National Currency [PAK_CGO_F_E_XDC]",524299.0,million PKR,mof_central_govt_operations_sdmx,quarterly
2017-06-30,"Pakistan Definition,Central Government Operations, Financing, External (incl. privatization), National Currency [PAK_CGO_F_E_XDC]",785166.0,million PKR,mof_central_govt_operations_sdmx,quarterly
2017-09-30,"Pakistan Definition,Central Government Operations, Financing, External (incl. privatization), National Currency [PAK_CGO_F_E_XDC]",210770.0,million PKR,mof_central_govt_operations_sdmx,quarterly
2017-12-31,"Pakistan Definition,Central Government Operations, Financing, External (incl. privatization), National Currency [PAK_CGO_F_E_XDC]",217958.0,million PKR,mof_central_govt_operations_sdmx,quarterly
2018-03-31,"Pakistan Definition,Central Government Operations, Financing, External (incl. privatization), National Currency [PAK_CGO_F_E_XDC]",524457.203,million PKR,mof_central_govt_operations_sdmx,quarterly
2018-06-30,"Pakistan Definition,Central Government Operations, Financing, External (incl. privatization), National Currency [PAK_CGO_F_E_XDC]",416706.0,million PKR,mof_central_govt_operations_sdmx,quarterly
2018-09-30,"Pakistan Definition,Central Government Operations, Financing, External (incl. privatization), National Currency [PAK_CGO_F_E_XDC]",166494.0,million PKR,mof_central_govt_operations_sdmx,quarterly
2018-12-31,"Pakistan Definition,Central Government Operations, Financing, External (incl. privatization), National Currency [PAK_CGO_F_E_XDC]",513583.0,million PKR,mof_central_govt_operations_sdmx,quarterly
2019-03-31,"Pakistan Definition,Central Government Operations, Financing, External (incl. privatization), National Currency [PAK_CGO_F_E_XDC]",682362.0,million PKR,mof_central_govt_operations_sdmx,quarterly
2019-06-30,"Pakistan Definition,Central Government Operations, Financing, External (incl. privatization), National Currency [PAK_CGO_F_E_XDC]",895510.0,million PKR,mof_central_govt_operations_sdmx,quarterly
2019-09-30,"Pakistan Definition,Central Government Operations, Financing, External (incl. privatization), National Currency [PAK_CGO_F_E_XDC]",161371.56100000007,million PKR,mof_central_govt_operations_sdmx,quarterly
2019-12-31,"Pakistan Definition,Central Government Operations, Financing, External (incl. privatization), National Currency [PAK_CGO_F_E_XDC]",454446.0,million PKR,mof_central_govt_operations_sdmx,quarterly
2020-03-31,"Pakistan Definition,Central Government Operations, Financing, External (incl. privatization), National Currency [PAK_CGO_F_E_XDC]",562158.0,million PKR,mof_central_govt_operations_sdmx,quarterly
2020-06-30,"Pakistan Definition,Central Government Operations, Financing, External (incl. privatization), National Currency [PAK_CGO_F_E_XDC]",1338090.5,million PKR,mof_central_govt_operations_sdmx,quarterly
2020-09-30,"Pakistan Definition,Central Government Operations, Financing, External (incl. privatization), National Currency [PAK_CGO_F_E_XDC]",466126.32200000004,million PKR,mof_central_govt_operations_sdmx,quarterly
2020-12-31,"Pakistan Definition,Central Government Operations, Financing, External (incl. privatization), National Currency [PAK_CGO_F_E_XDC]",1025646.0,million PKR,mof_central_govt_operations_sdmx,quarterly
2021-03-31,"Pakistan Definition,Central Government Operations, Financing, External (incl. privatization), National Currency [PAK_CGO_F_E_XDC]",981460.0,million PKR,mof_central_govt_operations_sdmx,quarterly
2021-06-30,"Pakistan Definition,Central Government Operations, Financing, External (incl. privatization), National Currency [PAK_CGO_F_E_XDC]",1178409.560896,million PKR,mof_central_govt_operations_sdmx,quarterly
2021-09-30,"Pakistan Definition,Central Government Operations, Financing, External (incl. privatization), National Currency [PAK_CGO_F_E_XDC]",40939.0,million PKR,mof_central_govt_operations_sdmx,quarterly
2021-12-31,"Pakistan Definition,Central Government Operations, Financing, External (incl. privatization), National Currency [PAK_CGO_F_E_XDC]",-296289.6499999999,million PKR,mof_central_govt_operations_sdmx,quarterly
2022-03-31,"Pakistan Definition,Central Government Operations, Financing, External (incl. privatization), National Currency [PAK_CGO_F_E_XDC]",-682809.0,million PKR,mof_central_govt_operations_sdmx,quarterly
2022-06-30,"Pakistan Definition,Central Government Operations, Financing, External (incl. privatization), National Currency [PAK_CGO_F_E_XDC]",-679848.0,million PKR,mof_central_govt_operations_sdmx,quarterly
2022-09-30,"Pakistan Definition,Central Government Operations, Financing, External (incl. privatization), National Currency [PAK_CGO_F_E_XDC]",442425.81025499996,million PKR,mof_central_govt_operations_sdmx,quarterly
2022-12-31,"Pakistan Definition,Central Government Operations, Financing, External (incl. privatization), National Currency [PAK_CGO_F_E_XDC]",608380.550972,million PKR,mof_central_govt_operations_sdmx,quarterly
2023-03-31,"Pakistan Definition,Central Government Operations, Financing, External (incl. privatization), National Currency [PAK_CGO_F_E_XDC]",493814.90636300016,million PKR,mof_central_govt_operations_sdmx,quarterly
2023-06-30,"Pakistan Definition,Central Government Operations, Financing, External (incl. privatization), National Currency [PAK_CGO_F_E_XDC]",320713.1392070004,million PKR,mof_central_govt_operations_sdmx,quarterly
2023-09-30,"Pakistan Definition,Central Government Operations, Financing, External (incl. privatization), National Currency [PAK_CGO_F_E_XDC]",-156860.90447699995,million PKR,mof_central_govt_operations_sdmx,quarterly
2023-12-31,"Pakistan Definition,Central Government Operations, Financing, External (incl. privatization), National Currency [PAK_CGO_F_E_XDC]",-78695.30289099994,million PKR,mof_central_govt_operations_sdmx,quarterly
2024-03-31,"Pakistan Definition,Central Government Operations, Financing, External (incl. privatization), National Currency [PAK_CGO_F_E_XDC]",19505.401798000094,million PKR,mof_central_govt_operations_sdmx,quarterly
2024-06-30,"Pakistan Definition,Central Government Operations, Financing, External (incl. privatization), National Currency [PAK_CGO_F_E_XDC]",618838.8755845702,million PKR,mof_central_govt_operations_sdmx,quarterly
2024-09-30,"Pakistan Definition,Central Government Operations, Financing, External (incl. privatization), National Currency [PAK_CGO_F_E_XDC]",-38873.21585500002,million PKR,mof_central_govt_operations_sdmx,quarterly
2024-12-31,"Pakistan Definition,Central Government Operations, Financing, External (incl. privatization), National Currency [PAK_CGO_F_E_XDC]",34042.28446924221,million PKR,mof_central_govt_operations_sdmx,quarterly
2025-03-31,"Pakistan Definition,Central Government Operations, Financing, External (incl. privatization), National Currency [PAK_CGO_F_E_XDC]",-105529.77959398879,million PKR,mof_central_govt_operations_sdmx,quarterly
2016-09-30,"Pakistan Definition,Central Government Operations, Financing, National Currency [PAK_CGO_F_XDC]",527014.0,million PKR,mof_central_govt_operations_sdmx,quarterly
2016-12-31,"Pakistan Definition,Central Government Operations, Financing, National Currency [PAK_CGO_F_XDC]",1000213.0,million PKR,mof_central_govt_operations_sdmx,quarterly
2017-03-31,"Pakistan Definition,Central Government Operations, Financing, National Currency [PAK_CGO_F_XDC]",1671982.0,million PKR,mof_central_govt_operations_sdmx,quarterly
2017-06-30,"Pakistan Definition,Central Government Operations, Financing, National Currency [PAK_CGO_F_XDC]",2242848.0,million PKR,mof_central_govt_operations_sdmx,quarterly
2017-09-30,"Pakistan Definition,Central Government Operations, Financing, National Currency [PAK_CGO_F_XDC]",738419.5,million PKR,mof_central_govt_operations_sdmx,quarterly
2017-12-31,"Pakistan Definition,Central Government Operations, Financing, National Currency [PAK_CGO_F_XDC]",1303133.0,million PKR,mof_central_govt_operations_sdmx,quarterly
2018-03-31,"Pakistan Definition,Central Government Operations, Financing, National Currency [PAK_CGO_F_XDC]",2214077.213,million PKR,mof_central_govt_operations_sdmx,quarterly
2018-06-30,"Pakistan Definition,Central Government Operations, Financing, National Currency [PAK_CGO_F_XDC]",3634921.0,million PKR,mof_central_govt_operations_sdmx,quarterly
2018-09-30,"Pakistan Definition,Central Government Operations, Financing, National Currency [PAK_CGO_F_XDC]",474979.114,million PKR,mof_central_govt_operations_sdmx,quarterly
2018-12-31,"Pakistan Definition,Central Government Operations, Financing, National Currency [PAK_CGO_F_XDC]",1343149.0,million PKR,mof_central_govt_operations_sdmx,quarterly
2019-03-31,"Pakistan Definition,Central Government Operations, Financing, National Currency [PAK_CGO_F_XDC]",2080304.0,million PKR,mof_central_govt_operations_sdmx,quarterly
2019-06-30,"Pakistan Definition,Central Government Operations, Financing, National Currency [PAK_CGO_F_XDC]",3601255.2229999998,million PKR,mof_central_govt_operations_sdmx,quarterly
2019-09-30,"Pakistan Definition,Central Government Operations, Financing, National Currency [PAK_CGO_F_XDC]",528703.1640000001,million PKR,mof_central_govt_operations_sdmx,quarterly
2019-12-31,"Pakistan Definition,Central Government Operations, Financing, National Currency [PAK_CGO_F_XDC]",1393048.4,million PKR,mof_central_govt_operations_sdmx,quarterly
2020-03-31,"Pakistan Definition,Central Government Operations, Financing, National Currency [PAK_CGO_F_XDC]",2064755.0,million PKR,mof_central_govt_operations_sdmx,quarterly
2020-06-30,"Pakistan Definition,Central Government Operations, Financing, National Currency [PAK_CGO_F_XDC]",3716943.5,million PKR,mof_central_govt_operations_sdmx,quarterly
2020-09-30,"Pakistan Definition,Central Government Operations, Financing, National Currency [PAK_CGO_F_XDC]",715417.322,million PKR,mof_central_govt_operations_sdmx,quarterly
2020-12-31,"Pakistan Definition,Central Government Operations, Financing, National Currency [PAK_CGO_F_XDC]",1852585.0,million PKR,mof_central_govt_operations_sdmx,quarterly
2021-03-31,"Pakistan Definition,Central Government Operations, Financing, National Currency [PAK_CGO_F_XDC]",3165428.0,million PKR,mof_central_govt_operations_sdmx,quarterly
2021-06-30,"Pakistan Definition,Central Government Operations, Financing, National Currency [PAK_CGO_F_XDC]",5610882.560896,million PKR,mof_central_govt_operations_sdmx,quarterly
2021-09-30,"Pakistan Definition,Central Government Operations, Financing, National Currency [PAK_CGO_F_XDC]",1037328.0,million PKR,mof_central_govt_operations_sdmx,quarterly
2021-12-31,"Pakistan Definition,Central Government Operations, Financing, National Currency [PAK_CGO_F_XDC]",1784633.35,million PKR,mof_central_govt_operations_sdmx,quarterly
2022-03-31,"Pakistan Definition,Central Government Operations, Financing, National Currency [PAK_CGO_F_XDC]",3534705.0,million PKR,mof_central_govt_operations_sdmx,quarterly
2022-06-30,"Pakistan Definition,Central Government Operations, Financing, National Currency [PAK_CGO_F_XDC]",6676030.0,million PKR,mof_central_govt_operations_sdmx,quarterly
2022-09-30,"Pakistan Definition,Central Government Operations, Financing, National Currency [PAK_CGO_F_XDC]",1031459.8102549999,million PKR,mof_central_govt_operations_sdmx,quarterly
2022-12-31,"Pakistan Definition,Central Government Operations, Financing, National Currency [PAK_CGO_F_XDC]",2697181.5509719998,million PKR,mof_central_govt_operations_sdmx,quarterly
2023-03-31,"Pakistan Definition,Central Government Operations, Financing, National Currency [PAK_CGO_F_XDC]",4337816.906363,million PKR,mof_central_govt_operations_sdmx,quarterly
2023-06-30,"Pakistan Definition,Central Government Operations, Financing, National Currency [PAK_CGO_F_XDC]",7725141.7630940005,million PKR,mof_central_govt_operations_sdmx,quarterly
2023-09-30,"Pakistan Definition,Central Government Operations, Financing, National Currency [PAK_CGO_F_XDC]",-1536320.904477,million PKR,mof_central_govt_operations_sdmx,quarterly
2023-12-31,"Pakistan Definition,Central Government Operations, Financing, National Currency [PAK_CGO_F_XDC]",2313366.697109,million PKR,mof_central_govt_operations_sdmx,quarterly
2024-03-31,"Pakistan Definition,Central Government Operations, Financing, National Currency [PAK_CGO_F_XDC]",4023355.401798,million PKR,mof_central_govt_operations_sdmx,quarterly
2024-06-30,"Pakistan Definition,Central Government Operations, Financing, National Currency [PAK_CGO_F_XDC]",7089470.875584571,million PKR,mof_central_govt_operations_sdmx,quarterly
2024-09-30,"Pakistan Definition,Central Government Operations, Financing, National Currency [PAK_CGO_F_XDC]",-1338251.215855,million PKR,mof_central_govt_operations_sdmx,quarterly
2024-12-31,"Pakistan Definition,Central Government Operations, Financing, National Currency [PAK_CGO_F_XDC]",637408.2844692422,million PKR,mof_central_govt_operations_sdmx,quarterly
2025-03-31,"Pakistan Definition,Central Government Operations, Financing, National Currency [PAK_CGO_F_XDC]",2492427.1594060115,million PKR,mof_central_govt_operations_sdmx,quarterly
2016-09-30,"Pakistan Definition,Central Government Operations, Financing, Privatization, National Currency [PAK_CGO_F_P_XDC]",0.0,million PKR,mof_central_govt_operations_sdmx,quarterly
2016-12-31,"Pakistan Definition,Central Government Operations, Financing, Privatization, National Currency [PAK_CGO_F_P_XDC]",0.0,million PKR,mof_central_govt_operations_sdmx,quarterly
2017-03-31,"Pakistan Definition,Central Government Operations, Financing, Privatization, National Currency [PAK_CGO_F_P_XDC]",0.0,million PKR,mof_central_govt_operations_sdmx,quarterly
2017-06-30,"Pakistan Definition,Central Government Operations, Financing, Privatization, National Currency [PAK_CGO_F_P_XDC]",2000.0,million PKR,mof_central_govt_operations_sdmx,quarterly
2017-09-30,"Pakistan Definition,Central Government Operations, Financing, Privatization, National Currency [PAK_CGO_F_P_XDC]",0.0,million PKR,mof_central_govt_operations_sdmx,quarterly
2017-12-31,"Pakistan Definition,Central Government Operations, Financing, Privatization, National Currency [PAK_CGO_F_P_XDC]",0.0,million PKR,mof_central_govt_operations_sdmx,quarterly
2018-03-31,"Pakistan Definition,Central Government Operations, Financing, Privatization, National Currency [PAK_CGO_F_P_XDC]",0.0,million PKR,mof_central_govt_operations_sdmx,quarterly
2018-06-30,"Pakistan Definition,Central Government Operations, Financing, Privatization, National Currency [PAK_CGO_F_P_XDC]",0.0,million PKR,mof_central_govt_operations_sdmx,quarterly
2018-09-30,"Pakistan Definition,Central Government Operations, Financing, Privatization, National Currency [PAK_CGO_F_P_XDC]",0.0,million PKR,mof_central_govt_operations_sdmx,quarterly
2018-12-31,"Pakistan Definition,Central Government Operations, Financing, Privatization, National Currency [PAK_CGO_F_P_XDC]",0.0,million PKR,mof_central_govt_operations_sdmx,quarterly
2019-03-31,"Pakistan Definition,Central Government Operations, Financing, Privatization, National Currency [PAK_CGO_F_P_XDC]",0.0,million PKR,mof_central_govt_operations_sdmx,quarterly
2019-06-30,"Pakistan Definition,Central Government Operations, Financing, Privatization, National Currency [PAK_CGO_F_P_XDC]",0.0,million PKR,mof_central_govt_operations_sdmx,quarterly
2019-09-30,"Pakistan Definition,Central Government Operations, Financing, Privatization, National Currency [PAK_CGO_F_P_XDC]",0.0,million PKR,mof_central_govt_operations_sdmx,quarterly
2019-12-31,"Pakistan Definition,Central Government Operations, Financing, Privatization, National Currency [PAK_CGO_F_P_XDC]",0.0,million PKR,mof_central_govt_operations_sdmx,quarterly
2020-03-31,"Pakistan Definition,Central Government Operations, Financing, Privatization, National Currency [PAK_CGO_F_P_XDC]",0.0,million PKR,mof_central_govt_operations_sdmx,quarterly
2020-06-30,"Pakistan Definition,Central Government Operations, Financing, Privatization, National Currency [PAK_CGO_F_P_XDC]",0.0,million PKR,mof_central_govt_operations_sdmx,quarterly
2020-09-30,"Pakistan Definition,Central Government Operations, Financing, Privatization, National Currency [PAK_CGO_F_P_XDC]",0.0,million PKR,mof_central_govt_operations_sdmx,quarterly
2020-12-31,"Pakistan Definition,Central Government Operations, Financing, Privatization, National Currency [PAK_CGO_F_P_XDC]",0.0,million PKR,mof_central_govt_operations_sdmx,quarterly
2021-03-31,"Pakistan Definition,Central Government Operations, Financing, Privatization, National Currency [PAK_CGO_F_P_XDC]",0.0,million PKR,mof_central_govt_operations_sdmx,quarterly
2021-06-30,"Pakistan Definition,Central Government Operations, Financing, Privatization, National Currency [PAK_CGO_F_P_XDC]",0.0,million PKR,mof_central_govt_operations_sdmx,quarterly
2021-09-30,"Pakistan Definition,Central Government Operations, Financing, Privatization, National Currency [PAK_CGO_F_P_XDC]",0.0,million PKR,mof_central_govt_operations_sdmx,quarterly
2021-12-31,"Pakistan Definition,Central Government Operations, Financing, Privatization, National Currency [PAK_CGO_F_P_XDC]",0.0,million PKR,mof_central_govt_operations_sdmx,quarterly
2022-03-31,"Pakistan Definition,Central Government Operations, Financing, Privatization, National Currency [PAK_CGO_F_P_XDC]",0.0,million PKR,mof_central_govt_operations_sdmx,quarterly
2022-06-30,"Pakistan Definition,Central Government Operations, Financing, Privatization, National Currency [PAK_CGO_F_P_XDC]",0.0,million PKR,mof_central_govt_operations_sdmx,quarterly
2022-09-30,"Pakistan Definition,Central Government Operations, Financing, Privatization, National Currency [PAK_CGO_F_P_XDC]",0.0,million PKR,mof_central_govt_operations_sdmx,quarterly
2022-12-31,"Pakistan Definition,Central Government Operations, Financing, Privatization, National Currency [PAK_CGO_F_P_XDC]",0.0,million PKR,mof_central_govt_operations_sdmx,quarterly
2023-03-31,"Pakistan Definition,Central Government Operations, Financing, Privatization, National Currency [PAK_CGO_F_P_XDC]",0.0,million PKR,mof_central_govt_operations_sdmx,quarterly
2023-06-30,"Pakistan Definition,Central Government Operations, Financing, Privatization, National Currency [PAK_CGO_F_P_XDC]",1337.623887,million PKR,mof_central_govt_operations_sdmx,quarterly
2023-09-30,"Pakistan Definition,Central Government Operations, Financing, Privatization, National Currency [PAK_CGO_F_P_XDC]",0.0,million PKR,mof_central_govt_operations_sdmx,quarterly
2023-12-31,"Pakistan Definition,Central Government Operations, Financing, Privatization, National Currency [PAK_CGO_F_P_XDC]",0.0,million PKR,mof_central_govt_operations_sdmx,quarterly
2024-03-31,"Pakistan Definition,Central Government Operations, Financing, Privatization, National Currency [PAK_CGO_F_P_XDC]",0.0,million PKR,mof_central_govt_operations_sdmx,quarterly
2024-06-30,"Pakistan Definition,Central Government Operations, Financing, Privatization, National Currency [PAK_CGO_F_P_XDC]",0.0,million PKR,mof_central_govt_operations_sdmx,quarterly
2024-09-30,"Pakistan Definition,Central Government Operations, Financing, Privatization, National Currency [PAK_CGO_F_P_XDC]",0.0,million PKR,mof_central_govt_operations_sdmx,quarterly
2024-12-31,"Pakistan Definition,Central Government Operations, Financing, Privatization, National Currency [PAK_CGO_F_P_XDC]",0.0,million PKR,mof_central_govt_operations_sdmx,quarterly
2025-03-31,"Pakistan Definition,Central Government Operations, Financing, Privatization, National Currency [PAK_CGO_F_P_XDC]",0.0,million PKR,mof_central_govt_operations_sdmx,quarterly
2016-09-30,"Pakistan Definition,Central Government Operations, Memorandum items: Net external receipts, Gross external receipts, Grants, National Currency [PAK_CGO_MI_NER_GER_G_XDC]",4897.0,million PKR,mof_central_govt_operations_sdmx,quarterly
2016-12-31,"Pakistan Definition,Central Government Operations, Memorandum items: Net external receipts, Gross external receipts, Grants, National Currency [PAK_CGO_MI_NER_GER_G_XDC]",9416.0,million PKR,mof_central_govt_operations_sdmx,quarterly
2017-03-31,"Pakistan Definition,Central Government Operations, Memorandum items: Net external receipts, Gross external receipts, Grants, National Currency [PAK_CGO_MI_NER_GER_G_XDC]",23692.0,million PKR,mof_central_govt_operations_sdmx,quarterly
2017-06-30,"Pakistan Definition,Central Government Operations, Memorandum items: Net external receipts, Gross external receipts, Grants, National Currency [PAK_CGO_MI_NER_GER_G_XDC]",36954.0,million PKR,mof_central_govt_operations_sdmx,quarterly
2017-09-30,"Pakistan Definition,Central Government Operations, Memorandum items: Net external receipts, Gross external receipts, Grants, National Currency [PAK_CGO_MI_NER_GER_G_XDC]",7947.0,million PKR,mof_central_govt_operations_sdmx,quarterly
2017-12-31,"Pakistan Definition,Central Government Operations, Memorandum items: Net external receipts, Gross external receipts, Grants, National Currency [PAK_CGO_MI_NER_GER_G_XDC]",11359.0,million PKR,mof_central_govt_operations_sdmx,quarterly
2018-03-31,"Pakistan Definition,Central Government Operations, Memorandum items: Net external receipts, Gross external receipts, Grants, National Currency [PAK_CGO_MI_NER_GER_G_XDC]",16283.0,million PKR,mof_central_govt_operations_sdmx,quarterly
2018-06-30,"Pakistan Definition,Central Government Operations, Memorandum items: Net external receipts, Gross external receipts, Grants, National Currency [PAK_CGO_MI_NER_GER_G_XDC]",33023.0,million PKR,mof_central_govt_operations_sdmx,quarterly
2018-09-30,"Pakistan Definition,Central Government Operations, Memorandum items: Net external receipts, Gross external receipts, Grants, National Currency [PAK_CGO_MI_NER_GER_G_XDC]",7982.0,million PKR,mof_central_govt_operations_sdmx,quarterly
2018-12-31,"Pakistan Definition,Central Government Operations, Memorandum items: Net external receipts, Gross external receipts, Grants, National Currency [PAK_CGO_MI_NER_GER_G_XDC]",20569.0,million PKR,mof_central_govt_operations_sdmx,quarterly
2019-03-31,"Pakistan Definition,Central Government Operations, Memorandum items: Net external receipts, Gross external receipts, Grants, National Currency [PAK_CGO_MI_NER_GER_G_XDC]",24615.0,million PKR,mof_central_govt_operations_sdmx,quarterly
2019-06-30,"Pakistan Definition,Central Government Operations, Memorandum items: Net external receipts, Gross external receipts, Grants, National Currency [PAK_CGO_MI_NER_GER_G_XDC]",33483.0,million PKR,mof_central_govt_operations_sdmx,quarterly
2019-09-30,"Pakistan Definition,Central Government Operations, Memorandum items: Net external receipts, Gross external receipts, Grants, National Currency [PAK_CGO_MI_NER_GER_G_XDC]",9317.53,million PKR,mof_central_govt_operations_sdmx,quarterly
2019-12-31,"Pakistan Definition,Central Government Operations, Memorandum items: Net external receipts, Gross external receipts, Grants, National Currency [PAK_CGO_MI_NER_GER_G_XDC]",15955.0,million PKR,mof_central_govt_operations_sdmx,quarterly
2020-03-31,"Pakistan Definition,Central Government Operations, Memorandum items: Net external receipts, Gross external receipts, Grants, National Currency [PAK_CGO_MI_NER_GER_G_XDC]",24221.0,million PKR,mof_central_govt_operations_sdmx,quarterly
2020-06-30,"Pakistan Definition,Central Government Operations, Memorandum items: Net external receipts, Gross external receipts, Grants, National Currency [PAK_CGO_MI_NER_GER_G_XDC]",30614.5,million PKR,mof_central_govt_operations_sdmx,quarterly
2020-09-30,"Pakistan Definition,Central Government Operations, Memorandum items: Net external receipts, Gross external receipts, Grants, National Currency [PAK_CGO_MI_NER_GER_G_XDC]",17113.0,million PKR,mof_central_govt_operations_sdmx,quarterly
2020-12-31,"Pakistan Definition,Central Government Operations, Memorandum items: Net external receipts, Gross external receipts, Grants, National Currency [PAK_CGO_MI_NER_GER_G_XDC]",26295.0,million PKR,mof_central_govt_operations_sdmx,quarterly
2021-03-31,"Pakistan Definition,Central Government Operations, Memorandum items: Net external receipts, Gross external receipts, Grants, National Currency [PAK_CGO_MI_NER_GER_G_XDC]",35024.0,million PKR,mof_central_govt_operations_sdmx,quarterly
2021-06-30,"Pakistan Definition,Central Government Operations, Memorandum items: Net external receipts, Gross external receipts, Grants, National Currency [PAK_CGO_MI_NER_GER_G_XDC]",41408.0,million PKR,mof_central_govt_operations_sdmx,quarterly
2021-09-30,"Pakistan Definition,Central Government Operations, Memorandum items: Net external receipts, Gross external receipts, Grants, National Currency [PAK_CGO_MI_NER_GER_G_XDC]",5630.0,million PKR,mof_central_govt_operations_sdmx,quarterly
2021-12-31,"Pakistan Definition,Central Government Operations, Memorandum items: Net external receipts, Gross external receipts, Grants, National Currency [PAK_CGO_MI_NER_GER_G_XDC]",11975.58,million PKR,mof_central_govt_operations_sdmx,quarterly
2022-03-31,"Pakistan Definition,Central Government Operations, Memorandum items: Net external receipts, Gross external receipts, Grants, National Currency [PAK_CGO_MI_NER_GER_G_XDC]",27116.0,million PKR,mof_central_govt_operations_sdmx,quarterly
2022-06-30,"Pakistan Definition,Central Government Operations, Memorandum items: Net external receipts, Gross external receipts, Grants, National Currency [PAK_CGO_MI_NER_GER_G_XDC]",34579.0,million PKR,mof_central_govt_operations_sdmx,quarterly
2022-09-30,"Pakistan Definition,Central Government Operations, Memorandum items: Net external receipts, Gross external receipts, Grants, National Currency [PAK_CGO_MI_NER_GER_G_XDC]",4355.200000000001,million PKR,mof_central_govt_operations_sdmx,quarterly
2022-12-31,"Pakistan Definition,Central Government Operations, Memorandum items: Net external receipts, Gross external receipts, Grants, National Currency [PAK_CGO_MI_NER_GER_G_XDC]",10558.75,million PKR,mof_central_govt_operations_sdmx,quarterly
2023-03-31,"Pakistan Definition,Central Government Operations, Memorandum items: Net external receipts, Gross external receipts, Grants, National Currency [PAK_CGO_MI_NER_GER_G_XDC]",18136.14,million PKR,mof_central_govt_operations_sdmx,quarterly
2023-06-30,"Pakistan Definition,Central Government Operations, Memorandum items: Net external receipts, Gross external receipts, Grants, National Currency [PAK_CGO_MI_NER_GER_G_XDC]",30602.91,million PKR,mof_central_govt_operations_sdmx,quarterly
2023-09-30,"Pakistan Definition,Central Government Operations, Memorandum items: Net external receipts, Gross external receipts, Grants, National Currency [PAK_CGO_MI_NER_GER_G_XDC]",10940.6,million PKR,mof_central_govt_operations_sdmx,quarterly
2023-12-31,"Pakistan Definition,Central Government Operations, Memorandum items: Net external receipts, Gross external receipts, Grants, National Currency [PAK_CGO_MI_NER_GER_G_XDC]",13495.43,million PKR,mof_central_govt_operations_sdmx,quarterly
2024-03-31,"Pakistan Definition,Central Government Operations, Memorandum items: Net external receipts, Gross external receipts, Grants, National Currency [PAK_CGO_MI_NER_GER_G_XDC]",17973.22,million PKR,mof_central_govt_operations_sdmx,quarterly
2024-06-30,"Pakistan Definition,Central Government Operations, Memorandum items: Net external receipts, Gross external receipts, Grants, National Currency [PAK_CGO_MI_NER_GER_G_XDC]",23054.415281891997,million PKR,mof_central_govt_operations_sdmx,quarterly
2024-09-30,"Pakistan Definition,Central Government Operations, Memorandum items: Net external receipts, Gross external receipts, Grants, National Currency [PAK_CGO_MI_NER_GER_G_XDC]",3289.6799999999985,million PKR,mof_central_govt_operations_sdmx,quarterly
2024-12-31,"Pakistan Definition,Central Government Operations, Memorandum items: Net external receipts, Gross external receipts, Grants, National Currency [PAK_CGO_MI_NER_GER_G_XDC]",6120.210162065998,million PKR,mof_central_govt_operations_sdmx,quarterly
2025-03-31,"Pakistan Definition,Central Government Operations, Memorandum items: Net external receipts, Gross external receipts, Grants, National Currency [PAK_CGO_MI_NER_GER_G_XDC]",8962.483743882001,million PKR,mof_central_govt_operations_sdmx,quarterly
2016-09-30,"Pakistan Definition,Central Government Operations, Memorandum items: Net external receipts, Gross external receipts, Loans, Commodity aid (non-food)/programme loans, National Currency [PAK_CGO_MI_NER_GER_L_CA_XDC]",50476.0,million PKR,mof_central_govt_operations_sdmx,quarterly
2016-12-31,"Pakistan Definition,Central Government Operations, Memorandum items: Net external receipts, Gross external receipts, Loans, Commodity aid (non-food)/programme loans, National Currency [PAK_CGO_MI_NER_GER_L_CA_XDC]",131530.0,million PKR,mof_central_govt_operations_sdmx,quarterly
2017-03-31,"Pakistan Definition,Central Government Operations, Memorandum items: Net external receipts, Gross external receipts, Loans, Commodity aid (non-food)/programme loans, National Currency [PAK_CGO_MI_NER_GER_L_CA_XDC]",200601.0,million PKR,mof_central_govt_operations_sdmx,quarterly
2017-06-30,"Pakistan Definition,Central Government Operations, Memorandum items: Net external receipts, Gross external receipts, Loans, Commodity aid (non-food)/programme loans, National Currency [PAK_CGO_MI_NER_GER_L_CA_XDC]",441711.0,million PKR,mof_central_govt_operations_sdmx,quarterly
2017-09-30,"Pakistan Definition,Central Government Operations, Memorandum items: Net external receipts, Gross external receipts, Loans, Commodity aid (non-food)/programme loans, National Currency [PAK_CGO_MI_NER_GER_L_CA_XDC]",29454.0,million PKR,mof_central_govt_operations_sdmx,quarterly
2017-12-31,"Pakistan Definition,Central Government Operations, Memorandum items: Net external receipts, Gross external receipts, Loans, Commodity aid (non-food)/programme loans, National Currency [PAK_CGO_MI_NER_GER_L_CA_XDC]",70220.0,million PKR,mof_central_govt_operations_sdmx,quarterly
2018-03-31,"Pakistan Definition,Central Government Operations, Memorandum items: Net external receipts, Gross external receipts, Loans, Commodity aid (non-food)/programme loans, National Currency [PAK_CGO_MI_NER_GER_L_CA_XDC]",443014.0,million PKR,mof_central_govt_operations_sdmx,quarterly
2018-06-30,"Pakistan Definition,Central Government Operations, Memorandum items: Net external receipts, Gross external receipts, Loans, Commodity aid (non-food)/programme loans, National Currency [PAK_CGO_MI_NER_GER_L_CA_XDC]",646167.0,million PKR,mof_central_govt_operations_sdmx,quarterly
2018-09-30,"Pakistan Definition,Central Government Operations, Memorandum items: Net external receipts, Gross external receipts, Loans, Commodity aid (non-food)/programme loans, National Currency [PAK_CGO_MI_NER_GER_L_CA_XDC]",166107.0,million PKR,mof_central_govt_operations_sdmx,quarterly
2018-12-31,"Pakistan Definition,Central Government Operations, Memorandum items: Net external receipts, Gross external receipts, Loans, Commodity aid (non-food)/programme loans, National Currency [PAK_CGO_MI_NER_GER_L_CA_XDC]",599015.0,million PKR,mof_central_govt_operations_sdmx,quarterly
2019-03-31,"Pakistan Definition,Central Government Operations, Memorandum items: Net external receipts, Gross external receipts, Loans, Commodity aid (non-food)/programme loans, National Currency [PAK_CGO_MI_NER_GER_L_CA_XDC]",604139.0,million PKR,mof_central_govt_operations_sdmx,quarterly
2019-06-30,"Pakistan Definition,Central Government Operations, Memorandum items: Net external receipts, Gross external receipts, Loans, Commodity aid (non-food)/programme loans, National Currency [PAK_CGO_MI_NER_GER_L_CA_XDC]",1168586.0,million PKR,mof_central_govt_operations_sdmx,quarterly
2019-09-30,"Pakistan Definition,Central Government Operations, Memorandum items: Net external receipts, Gross external receipts, Loans, Commodity aid (non-food)/programme loans, National Currency [PAK_CGO_MI_NER_GER_L_CA_XDC]",186070.82,million PKR,mof_central_govt_operations_sdmx,quarterly
2019-12-31,"Pakistan Definition,Central Government Operations, Memorandum items: Net external receipts, Gross external receipts, Loans, Commodity aid (non-food)/programme loans, National Currency [PAK_CGO_MI_NER_GER_L_CA_XDC]",595753.0,million PKR,mof_central_govt_operations_sdmx,quarterly
2020-03-31,"Pakistan Definition,Central Government Operations, Memorandum items: Net external receipts, Gross external receipts, Loans, Commodity aid (non-food)/programme loans, National Currency [PAK_CGO_MI_NER_GER_L_CA_XDC]",769672.5,million PKR,mof_central_govt_operations_sdmx,quarterly
2020-06-30,"Pakistan Definition,Central Government Operations, Memorandum items: Net external receipts, Gross external receipts, Loans, Commodity aid (non-food)/programme loans, National Currency [PAK_CGO_MI_NER_GER_L_CA_XDC]",977333.0,million PKR,mof_central_govt_operations_sdmx,quarterly
2020-09-30,"Pakistan Definition,Central Government Operations, Memorandum items: Net external receipts, Gross external receipts, Loans, Commodity aid (non-food)/programme loans, National Currency [PAK_CGO_MI_NER_GER_L_CA_XDC]",142348.2,million PKR,mof_central_govt_operations_sdmx,quarterly
2020-12-31,"Pakistan Definition,Central Government Operations, Memorandum items: Net external receipts, Gross external receipts, Loans, Commodity aid (non-food)/programme loans, National Currency [PAK_CGO_MI_NER_GER_L_CA_XDC]",475043.0,million PKR,mof_central_govt_operations_sdmx,quarterly
2021-03-31,"Pakistan Definition,Central Government Operations, Memorandum items: Net external receipts, Gross external receipts, Loans, Commodity aid (non-food)/programme loans, National Currency [PAK_CGO_MI_NER_GER_L_CA_XDC]",844208.0,million PKR,mof_central_govt_operations_sdmx,quarterly
2021-06-30,"Pakistan Definition,Central Government Operations, Memorandum items: Net external receipts, Gross external receipts, Loans, Commodity aid (non-food)/programme loans, National Currency [PAK_CGO_MI_NER_GER_L_CA_XDC]",739359.0,million PKR,mof_central_govt_operations_sdmx,quarterly
2021-09-30,"Pakistan Definition,Central Government Operations, Memorandum items: Net external receipts, Gross external receipts, Loans, Commodity aid (non-food)/programme loans, National Currency [PAK_CGO_MI_NER_GER_L_CA_XDC]",36209.0,million PKR,mof_central_govt_operations_sdmx,quarterly
2021-12-31,"Pakistan Definition,Central Government Operations, Memorandum items: Net external receipts, Gross external receipts, Loans, Commodity aid (non-food)/programme loans, National Currency [PAK_CGO_MI_NER_GER_L_CA_XDC]",583936.97,million PKR,mof_central_govt_operations_sdmx,quarterly
2022-03-31,"Pakistan Definition,Central Government Operations, Memorandum items: Net external receipts, Gross external receipts, Loans, Commodity aid (non-food)/programme loans, National Currency [PAK_CGO_MI_NER_GER_L_CA_XDC]",819700.0,million PKR,mof_central_govt_operations_sdmx,quarterly
2022-06-30,"Pakistan Definition,Central Government Operations, Memorandum items: Net external receipts, Gross external receipts, Loans, Commodity aid (non-food)/programme loans, National Currency [PAK_CGO_MI_NER_GER_L_CA_XDC]",1388403.2,million PKR,mof_central_govt_operations_sdmx,quarterly
2022-09-30,"Pakistan Definition,Central Government Operations, Memorandum items: Net external receipts, Gross external receipts, Loans, Commodity aid (non-food)/programme loans, National Currency [PAK_CGO_MI_NER_GER_L_CA_XDC]",14590.109999999964,million PKR,mof_central_govt_operations_sdmx,quarterly
2022-12-31,"Pakistan Definition,Central Government Operations, Memorandum items: Net external receipts, Gross external receipts, Loans, Commodity aid (non-food)/programme loans, National Currency [PAK_CGO_MI_NER_GER_L_CA_XDC]",41953.399999999965,million PKR,mof_central_govt_operations_sdmx,quarterly
2023-03-31,"Pakistan Definition,Central Government Operations, Memorandum items: Net external receipts, Gross external receipts, Loans, Commodity aid (non-food)/programme loans, National Currency [PAK_CGO_MI_NER_GER_L_CA_XDC]",226694.91,million PKR,mof_central_govt_operations_sdmx,quarterly
2023-06-30,"Pakistan Definition,Central Government Operations, Memorandum items: Net external receipts, Gross external receipts, Loans, Commodity aid (non-food)/programme loans, National Currency [PAK_CGO_MI_NER_GER_L_CA_XDC]",694677.36,million PKR,mof_central_govt_operations_sdmx,quarterly
2023-09-30,"Pakistan Definition,Central Government Operations, Memorandum items: Net external receipts, Gross external receipts, Loans, Commodity aid (non-food)/programme loans, National Currency [PAK_CGO_MI_NER_GER_L_CA_XDC]",62693.62,million PKR,mof_central_govt_operations_sdmx,quarterly
2023-12-31,"Pakistan Definition,Central Government Operations, Memorandum items: Net external receipts, Gross external receipts, Loans, Commodity aid (non-food)/programme loans, National Currency [PAK_CGO_MI_NER_GER_L_CA_XDC]",324355.66000000003,million PKR,mof_central_govt_operations_sdmx,quarterly
2024-03-31,"Pakistan Definition,Central Government Operations, Memorandum items: Net external receipts, Gross external receipts, Loans, Commodity aid (non-food)/programme loans, National Currency [PAK_CGO_MI_NER_GER_L_CA_XDC]",325197.13999999996,million PKR,mof_central_govt_operations_sdmx,quarterly
2024-06-30,"Pakistan Definition,Central Government Operations, Memorandum items: Net external receipts, Gross external receipts, Loans, Commodity aid (non-food)/programme loans, National Currency [PAK_CGO_MI_NER_GER_L_CA_XDC]",1764730.8412202173,million PKR,mof_central_govt_operations_sdmx,quarterly
2024-09-30,"Pakistan Definition,Central Government Operations, Memorandum items: Net external receipts, Gross external receipts, Loans, Commodity aid (non-food)/programme loans, National Currency [PAK_CGO_MI_NER_GER_L_CA_XDC]",4255.960000000005,million PKR,mof_central_govt_operations_sdmx,quarterly
2024-12-31,"Pakistan Definition,Central Government Operations, Memorandum items: Net external receipts, Gross external receipts, Loans, Commodity aid (non-food)/programme loans, National Currency [PAK_CGO_MI_NER_GER_L_CA_XDC]",124487.83227243497,million PKR,mof_central_govt_operations_sdmx,quarterly
2025-03-31,"Pakistan Definition,Central Government Operations, Memorandum items: Net external receipts, Gross external receipts, Loans, Commodity aid (non-food)/programme loans, National Currency [PAK_CGO_MI_NER_GER_L_CA_XDC]",159925.16326421706,million PKR,mof_central_govt_operations_sdmx,quarterly
2016-09-30,"Pakistan Definition,Central Government Operations, Memorandum items: Net external receipts, Gross external receipts, Loans, Other aid, National Currency [PAK_CGO_MI_NER_GER_L_OA_XDC]",36558.0,million PKR,mof_central_govt_operations_sdmx,quarterly
2016-12-31,"Pakistan Definition,Central Government Operations, Memorandum items: Net external receipts, Gross external receipts, Loans, Other aid, National Currency [PAK_CGO_MI_NER_GER_L_OA_XDC]",338538.0,million PKR,mof_central_govt_operations_sdmx,quarterly
2017-03-31,"Pakistan Definition,Central Government Operations, Memorandum items: Net external receipts, Gross external receipts, Loans, Other aid, National Currency [PAK_CGO_MI_NER_GER_L_OA_XDC]",367617.0,million PKR,mof_central_govt_operations_sdmx,quarterly
2017-06-30,"Pakistan Definition,Central Government Operations, Memorandum items: Net external receipts, Gross external receipts, Loans, Other aid, National Currency [PAK_CGO_MI_NER_GER_L_OA_XDC]",374130.0,million PKR,mof_central_govt_operations_sdmx,quarterly
2017-09-30,"Pakistan Definition,Central Government Operations, Memorandum items: Net external receipts, Gross external receipts, Loans, Other aid, National Currency [PAK_CGO_MI_NER_GER_L_OA_XDC]",282642.0,million PKR,mof_central_govt_operations_sdmx,quarterly
2017-12-31,"Pakistan Definition,Central Government Operations, Memorandum items: Net external receipts, Gross external receipts, Loans, Other aid, National Currency [PAK_CGO_MI_NER_GER_L_OA_XDC]",293129.0,million PKR,mof_central_govt_operations_sdmx,quarterly
2018-03-31,"Pakistan Definition,Central Government Operations, Memorandum items: Net external receipts, Gross external receipts, Loans, Other aid, National Currency [PAK_CGO_MI_NER_GER_L_OA_XDC]",326684.0,million PKR,mof_central_govt_operations_sdmx,quarterly
2018-06-30,"Pakistan Definition,Central Government Operations, Memorandum items: Net external receipts, Gross external receipts, Loans, Other aid, National Currency [PAK_CGO_MI_NER_GER_L_OA_XDC]",375409.0,million PKR,mof_central_govt_operations_sdmx,quarterly
2018-09-30,"Pakistan Definition,Central Government Operations, Memorandum items: Net external receipts, Gross external receipts, Loans, Other aid, National Currency [PAK_CGO_MI_NER_GER_L_OA_XDC]",227718.0,million PKR,mof_central_govt_operations_sdmx,quarterly
2018-12-31,"Pakistan Definition,Central Government Operations, Memorandum items: Net external receipts, Gross external receipts, Loans, Other aid, National Currency [PAK_CGO_MI_NER_GER_L_OA_XDC]",355714.0,million PKR,mof_central_govt_operations_sdmx,quarterly
2019-03-31,"Pakistan Definition,Central Government Operations, Memorandum items: Net external receipts, Gross external receipts, Loans, Other aid, National Currency [PAK_CGO_MI_NER_GER_L_OA_XDC]",702695.0,million PKR,mof_central_govt_operations_sdmx,quarterly
2019-06-30,"Pakistan Definition,Central Government Operations, Memorandum items: Net external receipts, Gross external receipts, Loans, Other aid, National Currency [PAK_CGO_MI_NER_GER_L_OA_XDC]",821275.0,million PKR,mof_central_govt_operations_sdmx,quarterly
2019-09-30,"Pakistan Definition,Central Government Operations, Memorandum items: Net external receipts, Gross external receipts, Loans, Other aid, National Currency [PAK_CGO_MI_NER_GER_L_OA_XDC]",164549.83,million PKR,mof_central_govt_operations_sdmx,quarterly
2019-12-31,"Pakistan Definition,Central Government Operations, Memorandum items: Net external receipts, Gross external receipts, Loans, Other aid, National Currency [PAK_CGO_MI_NER_GER_L_OA_XDC]",179973.0,million PKR,mof_central_govt_operations_sdmx,quarterly
2020-03-31,"Pakistan Definition,Central Government Operations, Memorandum items: Net external receipts, Gross external receipts, Loans, Other aid, National Currency [PAK_CGO_MI_NER_GER_L_OA_XDC]",314482.0,million PKR,mof_central_govt_operations_sdmx,quarterly
2020-06-30,"Pakistan Definition,Central Government Operations, Memorandum items: Net external receipts, Gross external receipts, Loans, Other aid, National Currency [PAK_CGO_MI_NER_GER_L_OA_XDC]",1003219.0,million PKR,mof_central_govt_operations_sdmx,quarterly
2020-09-30,"Pakistan Definition,Central Government Operations, Memorandum items: Net external receipts, Gross external receipts, Loans, Other aid, National Currency [PAK_CGO_MI_NER_GER_L_OA_XDC]",310588.0,million PKR,mof_central_govt_operations_sdmx,quarterly
2020-12-31,"Pakistan Definition,Central Government Operations, Memorandum items: Net external receipts, Gross external receipts, Loans, Other aid, National Currency [PAK_CGO_MI_NER_GER_L_OA_XDC]",921087.0,million PKR,mof_central_govt_operations_sdmx,quarterly
2021-03-31,"Pakistan Definition,Central Government Operations, Memorandum items: Net external receipts, Gross external receipts, Loans, Other aid, National Currency [PAK_CGO_MI_NER_GER_L_OA_XDC]",1114203.0,million PKR,mof_central_govt_operations_sdmx,quarterly
2021-06-30,"Pakistan Definition,Central Government Operations, Memorandum items: Net external receipts, Gross external receipts, Loans, Other aid, National Currency [PAK_CGO_MI_NER_GER_L_OA_XDC]",1715785.0,million PKR,mof_central_govt_operations_sdmx,quarterly
2021-09-30,"Pakistan Definition,Central Government Operations, Memorandum items: Net external receipts, Gross external receipts, Loans, Other aid, National Currency [PAK_CGO_MI_NER_GER_L_OA_XDC]",315725.0,million PKR,mof_central_govt_operations_sdmx,quarterly
2021-12-31,"Pakistan Definition,Central Government Operations, Memorandum items: Net external receipts, Gross external receipts, Loans, Other aid, National Currency [PAK_CGO_MI_NER_GER_L_OA_XDC]",377470.395,million PKR,mof_central_govt_operations_sdmx,quarterly
2022-03-31,"Pakistan Definition,Central Government Operations, Memorandum items: Net external receipts, Gross external receipts, Loans, Other aid, National Currency [PAK_CGO_MI_NER_GER_L_OA_XDC]",432676.0,million PKR,mof_central_govt_operations_sdmx,quarterly
2022-06-30,"Pakistan Definition,Central Government Operations, Memorandum items: Net external receipts, Gross external receipts, Loans, Other aid, National Currency [PAK_CGO_MI_NER_GER_L_OA_XDC]",513681.0,million PKR,mof_central_govt_operations_sdmx,quarterly
2022-09-30,"Pakistan Definition,Central Government Operations, Memorandum items: Net external receipts, Gross external receipts, Loans, Other aid, National Currency [PAK_CGO_MI_NER_GER_L_OA_XDC]",729433.9500000001,million PKR,mof_central_govt_operations_sdmx,quarterly
2022-12-31,"Pakistan Definition,Central Government Operations, Memorandum items: Net external receipts, Gross external receipts, Loans, Other aid, National Currency [PAK_CGO_MI_NER_GER_L_OA_XDC]",963940.02,million PKR,mof_central_govt_operations_sdmx,quarterly
2023-03-31,"Pakistan Definition,Central Government Operations, Memorandum items: Net external receipts, Gross external receipts, Loans, Other aid, National Currency [PAK_CGO_MI_NER_GER_L_OA_XDC]",1135539.86,million PKR,mof_central_govt_operations_sdmx,quarterly
2023-06-30,"Pakistan Definition,Central Government Operations, Memorandum items: Net external receipts, Gross external receipts, Loans, Other aid, National Currency [PAK_CGO_MI_NER_GER_L_OA_XDC]",1352628.8599999999,million PKR,mof_central_govt_operations_sdmx,quarterly
2023-09-30,"Pakistan Definition,Central Government Operations, Memorandum items: Net external receipts, Gross external receipts, Loans, Other aid, National Currency [PAK_CGO_MI_NER_GER_L_OA_XDC]",70724.374575,million PKR,mof_central_govt_operations_sdmx,quarterly
2023-12-31,"Pakistan Definition,Central Government Operations, Memorandum items: Net external receipts, Gross external receipts, Loans, Other aid, National Currency [PAK_CGO_MI_NER_GER_L_OA_XDC]",234864.842246,million PKR,mof_central_govt_operations_sdmx,quarterly
2024-03-31,"Pakistan Definition,Central Government Operations, Memorandum items: Net external receipts, Gross external receipts, Loans, Other aid, National Currency [PAK_CGO_MI_NER_GER_L_OA_XDC]",225353.590792,million PKR,mof_central_govt_operations_sdmx,quarterly
2024-06-30,"Pakistan Definition,Central Government Operations, Memorandum items: Net external receipts, Gross external receipts, Loans, Other aid, National Currency [PAK_CGO_MI_NER_GER_L_OA_XDC]",306644.139232575,million PKR,mof_central_govt_operations_sdmx,quarterly
2024-09-30,"Pakistan Definition,Central Government Operations, Memorandum items: Net external receipts, Gross external receipts, Loans, Other aid, National Currency [PAK_CGO_MI_NER_GER_L_OA_XDC]",213099.728868,million PKR,mof_central_govt_operations_sdmx,quarterly
2024-12-31,"Pakistan Definition,Central Government Operations, Memorandum items: Net external receipts, Gross external receipts, Loans, Other aid, National Currency [PAK_CGO_MI_NER_GER_L_OA_XDC]",397876.170868064,million PKR,mof_central_govt_operations_sdmx,quarterly
2025-03-31,"Pakistan Definition,Central Government Operations, Memorandum items: Net external receipts, Gross external receipts, Loans, Other aid, National Currency [PAK_CGO_MI_NER_GER_L_OA_XDC]",557359.03934429,million PKR,mof_central_govt_operations_sdmx,quarterly
2016-09-30,"Pakistan Definition,Central Government Operations, Memorandum items: Net external receipts, Gross external receipts, Loans, Project aid, National Currency [PAK_CGO_MI_NER_GER_L_PA_XDC]",55981.0,million PKR,mof_central_govt_operations_sdmx,quarterly
2016-12-31,"Pakistan Definition,Central Government Operations, Memorandum items: Net external receipts, Gross external receipts, Loans, Project aid, National Currency [PAK_CGO_MI_NER_GER_L_PA_XDC]",126478.0,million PKR,mof_central_govt_operations_sdmx,quarterly
2017-03-31,"Pakistan Definition,Central Government Operations, Memorandum items: Net external receipts, Gross external receipts, Loans, Project aid, National Currency [PAK_CGO_MI_NER_GER_L_PA_XDC]",228325.0,million PKR,mof_central_govt_operations_sdmx,quarterly
2017-06-30,"Pakistan Definition,Central Government Operations, Memorandum items: Net external receipts, Gross external receipts, Loans, Project aid, National Currency [PAK_CGO_MI_NER_GER_L_PA_XDC]",372736.0,million PKR,mof_central_govt_operations_sdmx,quarterly
2017-09-30,"Pakistan Definition,Central Government Operations, Memorandum items: Net external receipts, Gross external receipts, Loans, Project aid, National Currency [PAK_CGO_MI_NER_GER_L_PA_XDC]",60189.0,million PKR,mof_central_govt_operations_sdmx,quarterly
2017-12-31,"Pakistan Definition,Central Government Operations, Memorandum items: Net external receipts, Gross external receipts, Loans, Project aid, National Currency [PAK_CGO_MI_NER_GER_L_PA_XDC]",170208.0,million PKR,mof_central_govt_operations_sdmx,quarterly
2018-03-31,"Pakistan Definition,Central Government Operations, Memorandum items: Net external receipts, Gross external receipts, Loans, Project aid, National Currency [PAK_CGO_MI_NER_GER_L_PA_XDC]",250267.0,million PKR,mof_central_govt_operations_sdmx,quarterly
2018-06-30,"Pakistan Definition,Central Government Operations, Memorandum items: Net external receipts, Gross external receipts, Loans, Project aid, National Currency [PAK_CGO_MI_NER_GER_L_PA_XDC]",332457.0,million PKR,mof_central_govt_operations_sdmx,quarterly
2018-09-30,"Pakistan Definition,Central Government Operations, Memorandum items: Net external receipts, Gross external receipts, Loans, Project aid, National Currency [PAK_CGO_MI_NER_GER_L_PA_XDC]",63742.0,million PKR,mof_central_govt_operations_sdmx,quarterly
2018-12-31,"Pakistan Definition,Central Government Operations, Memorandum items: Net external receipts, Gross external receipts, Loans, Project aid, National Currency [PAK_CGO_MI_NER_GER_L_PA_XDC]",131304.0,million PKR,mof_central_govt_operations_sdmx,quarterly
2019-03-31,"Pakistan Definition,Central Government Operations, Memorandum items: Net external receipts, Gross external receipts, Loans, Project aid, National Currency [PAK_CGO_MI_NER_GER_L_PA_XDC]",163502.0,million PKR,mof_central_govt_operations_sdmx,quarterly
2019-06-30,"Pakistan Definition,Central Government Operations, Memorandum items: Net external receipts, Gross external receipts, Loans, Project aid, National Currency [PAK_CGO_MI_NER_GER_L_PA_XDC]",228156.0,million PKR,mof_central_govt_operations_sdmx,quarterly
2019-09-30,"Pakistan Definition,Central Government Operations, Memorandum items: Net external receipts, Gross external receipts, Loans, Project aid, National Currency [PAK_CGO_MI_NER_GER_L_PA_XDC]",42488.5,million PKR,mof_central_govt_operations_sdmx,quarterly
2019-12-31,"Pakistan Definition,Central Government Operations, Memorandum items: Net external receipts, Gross external receipts, Loans, Project aid, National Currency [PAK_CGO_MI_NER_GER_L_PA_XDC]",99617.0,million PKR,mof_central_govt_operations_sdmx,quarterly
2020-03-31,"Pakistan Definition,Central Government Operations, Memorandum items: Net external receipts, Gross external receipts, Loans, Project aid, National Currency [PAK_CGO_MI_NER_GER_L_PA_XDC]",156173.5,million PKR,mof_central_govt_operations_sdmx,quarterly
2020-06-30,"Pakistan Definition,Central Government Operations, Memorandum items: Net external receipts, Gross external receipts, Loans, Project aid, National Currency [PAK_CGO_MI_NER_GER_L_PA_XDC]",223314.0,million PKR,mof_central_govt_operations_sdmx,quarterly
2020-09-30,"Pakistan Definition,Central Government Operations, Memorandum items: Net external receipts, Gross external receipts, Loans, Project aid, National Currency [PAK_CGO_MI_NER_GER_L_PA_XDC]",128937.122,million PKR,mof_central_govt_operations_sdmx,quarterly
2020-12-31,"Pakistan Definition,Central Government Operations, Memorandum items: Net external receipts, Gross external receipts, Loans, Project aid, National Currency [PAK_CGO_MI_NER_GER_L_PA_XDC]",234682.0,million PKR,mof_central_govt_operations_sdmx,quarterly
2021-03-31,"Pakistan Definition,Central Government Operations, Memorandum items: Net external receipts, Gross external receipts, Loans, Project aid, National Currency [PAK_CGO_MI_NER_GER_L_PA_XDC]",287322.0,million PKR,mof_central_govt_operations_sdmx,quarterly
2021-06-30,"Pakistan Definition,Central Government Operations, Memorandum items: Net external receipts, Gross external receipts, Loans, Project aid, National Currency [PAK_CGO_MI_NER_GER_L_PA_XDC]",347931.0,million PKR,mof_central_govt_operations_sdmx,quarterly
2021-09-30,"Pakistan Definition,Central Government Operations, Memorandum items: Net external receipts, Gross external receipts, Loans, Project aid, National Currency [PAK_CGO_MI_NER_GER_L_PA_XDC]",61103.0,million PKR,mof_central_govt_operations_sdmx,quarterly
2021-12-31,"Pakistan Definition,Central Government Operations, Memorandum items: Net external receipts, Gross external receipts, Loans, Project aid, National Currency [PAK_CGO_MI_NER_GER_L_PA_XDC]",126828.27,million PKR,mof_central_govt_operations_sdmx,quarterly
2022-03-31,"Pakistan Definition,Central Government Operations, Memorandum items: Net external receipts, Gross external receipts, Loans, Project aid, National Currency [PAK_CGO_MI_NER_GER_L_PA_XDC]",258682.0,million PKR,mof_central_govt_operations_sdmx,quarterly
2022-06-30,"Pakistan Definition,Central Government Operations, Memorandum items: Net external receipts, Gross external receipts, Loans, Project aid, National Currency [PAK_CGO_MI_NER_GER_L_PA_XDC]",388009.3,million PKR,mof_central_govt_operations_sdmx,quarterly
2022-09-30,"Pakistan Definition,Central Government Operations, Memorandum items: Net external receipts, Gross external receipts, Loans, Project aid, National Currency [PAK_CGO_MI_NER_GER_L_PA_XDC]",16547.329999999987,million PKR,mof_central_govt_operations_sdmx,quarterly
2022-12-31,"Pakistan Definition,Central Government Operations, Memorandum items: Net external receipts, Gross external receipts, Loans, Project aid, National Currency [PAK_CGO_MI_NER_GER_L_PA_XDC]",302362.64,million PKR,mof_central_govt_operations_sdmx,quarterly
2023-03-31,"Pakistan Definition,Central Government Operations, Memorandum items: Net external receipts, Gross external receipts, Loans, Project aid, National Currency [PAK_CGO_MI_NER_GER_L_PA_XDC]",150344.69999999998,million PKR,mof_central_govt_operations_sdmx,quarterly
2023-06-30,"Pakistan Definition,Central Government Operations, Memorandum items: Net external receipts, Gross external receipts, Loans, Project aid, National Currency [PAK_CGO_MI_NER_GER_L_PA_XDC]",225024.82000000004,million PKR,mof_central_govt_operations_sdmx,quarterly
2023-09-30,"Pakistan Definition,Central Government Operations, Memorandum items: Net external receipts, Gross external receipts, Loans, Project aid, National Currency [PAK_CGO_MI_NER_GER_L_PA_XDC]",70251.71999999999,million PKR,mof_central_govt_operations_sdmx,quarterly
2023-12-31,"Pakistan Definition,Central Government Operations, Memorandum items: Net external receipts, Gross external receipts, Loans, Project aid, National Currency [PAK_CGO_MI_NER_GER_L_PA_XDC]",131903.28999999998,million PKR,mof_central_govt_operations_sdmx,quarterly
2024-03-31,"Pakistan Definition,Central Government Operations, Memorandum items: Net external receipts, Gross external receipts, Loans, Project aid, National Currency [PAK_CGO_MI_NER_GER_L_PA_XDC]",273652.04000000004,million PKR,mof_central_govt_operations_sdmx,quarterly
2024-06-30,"Pakistan Definition,Central Government Operations, Memorandum items: Net external receipts, Gross external receipts, Loans, Project aid, National Currency [PAK_CGO_MI_NER_GER_L_PA_XDC]",179679.70145217,million PKR,mof_central_govt_operations_sdmx,quarterly
2024-09-30,"Pakistan Definition,Central Government Operations, Memorandum items: Net external receipts, Gross external receipts, Loans, Project aid, National Currency [PAK_CGO_MI_NER_GER_L_PA_XDC]",49976.86999999998,million PKR,mof_central_govt_operations_sdmx,quarterly
2024-12-31,"Pakistan Definition,Central Government Operations, Memorandum items: Net external receipts, Gross external receipts, Loans, Project aid, National Currency [PAK_CGO_MI_NER_GER_L_PA_XDC]",151327.612710765,million PKR,mof_central_govt_operations_sdmx,quarterly
2025-03-31,"Pakistan Definition,Central Government Operations, Memorandum items: Net external receipts, Gross external receipts, Loans, Project aid, National Currency [PAK_CGO_MI_NER_GER_L_PA_XDC]",217459.39874248498,million PKR,mof_central_govt_operations_sdmx,quarterly
2016-09-30,"Pakistan Definition,Central Government Operations, Memorandum items: Net external receipts, Gross external receipts, National Currency [PAK_CGO_MI_NER_GER_XDC]",150154.0,million PKR,mof_central_govt_operations_sdmx,quarterly
2016-12-31,"Pakistan Definition,Central Government Operations, Memorandum items: Net external receipts, Gross external receipts, National Currency [PAK_CGO_MI_NER_GER_XDC]",612341.0,million PKR,mof_central_govt_operations_sdmx,quarterly
2017-03-31,"Pakistan Definition,Central Government Operations, Memorandum items: Net external receipts, Gross external receipts, National Currency [PAK_CGO_MI_NER_GER_XDC]",827718.0,million PKR,mof_central_govt_operations_sdmx,quarterly
2017-06-30,"Pakistan Definition,Central Government Operations, Memorandum items: Net external receipts, Gross external receipts, National Currency [PAK_CGO_MI_NER_GER_XDC]",1235355.0,million PKR,mof_central_govt_operations_sdmx,quarterly
2017-09-30,"Pakistan Definition,Central Government Operations, Memorandum items: Net external receipts, Gross external receipts, National Currency [PAK_CGO_MI_NER_GER_XDC]",381315.0,million PKR,mof_central_govt_operations_sdmx,quarterly
2017-12-31,"Pakistan Definition,Central Government Operations, Memorandum items: Net external receipts, Gross external receipts, National Currency [PAK_CGO_MI_NER_GER_XDC]",547224.0,million PKR,mof_central_govt_operations_sdmx,quarterly
2018-03-31,"Pakistan Definition,Central Government Operations, Memorandum items: Net external receipts, Gross external receipts, National Currency [PAK_CGO_MI_NER_GER_XDC]",1039994.0,million PKR,mof_central_govt_operations_sdmx,quarterly
2018-06-30,"Pakistan Definition,Central Government Operations, Memorandum items: Net external receipts, Gross external receipts, National Currency [PAK_CGO_MI_NER_GER_XDC]",1390707.0,million PKR,mof_central_govt_operations_sdmx,quarterly
2018-09-30,"Pakistan Definition,Central Government Operations, Memorandum items: Net external receipts, Gross external receipts, National Currency [PAK_CGO_MI_NER_GER_XDC]",470169.0,million PKR,mof_central_govt_operations_sdmx,quarterly
2018-12-31,"Pakistan Definition,Central Government Operations, Memorandum items: Net external receipts, Gross external receipts, National Currency [PAK_CGO_MI_NER_GER_XDC]",1111897.0,million PKR,mof_central_govt_operations_sdmx,quarterly
2019-03-31,"Pakistan Definition,Central Government Operations, Memorandum items: Net external receipts, Gross external receipts, National Currency [PAK_CGO_MI_NER_GER_XDC]",1500807.0,million PKR,mof_central_govt_operations_sdmx,quarterly
2019-06-30,"Pakistan Definition,Central Government Operations, Memorandum items: Net external receipts, Gross external receipts, National Currency [PAK_CGO_MI_NER_GER_XDC]",2257863.0,million PKR,mof_central_govt_operations_sdmx,quarterly
2019-09-30,"Pakistan Definition,Central Government Operations, Memorandum items: Net external receipts, Gross external receipts, National Currency [PAK_CGO_MI_NER_GER_XDC]",402693.07000000007,million PKR,mof_central_govt_operations_sdmx,quarterly
2019-12-31,"Pakistan Definition,Central Government Operations, Memorandum items: Net external receipts, Gross external receipts, National Currency [PAK_CGO_MI_NER_GER_XDC]",896809.0,million PKR,mof_central_govt_operations_sdmx,quarterly
2020-03-31,"Pakistan Definition,Central Government Operations, Memorandum items: Net external receipts, Gross external receipts, National Currency [PAK_CGO_MI_NER_GER_XDC]",1273184.0,million PKR,mof_central_govt_operations_sdmx,quarterly
2020-06-30,"Pakistan Definition,Central Government Operations, Memorandum items: Net external receipts, Gross external receipts, National Currency [PAK_CGO_MI_NER_GER_XDC]",2278368.0,million PKR,mof_central_govt_operations_sdmx,quarterly
2020-09-30,"Pakistan Definition,Central Government Operations, Memorandum items: Net external receipts, Gross external receipts, National Currency [PAK_CGO_MI_NER_GER_XDC]",599596.322,million PKR,mof_central_govt_operations_sdmx,quarterly
2020-12-31,"Pakistan Definition,Central Government Operations, Memorandum items: Net external receipts, Gross external receipts, National Currency [PAK_CGO_MI_NER_GER_XDC]",1658154.0,million PKR,mof_central_govt_operations_sdmx,quarterly
2021-03-31,"Pakistan Definition,Central Government Operations, Memorandum items: Net external receipts, Gross external receipts, National Currency [PAK_CGO_MI_NER_GER_XDC]",2282354.0,million PKR,mof_central_govt_operations_sdmx,quarterly
2021-06-30,"Pakistan Definition,Central Government Operations, Memorandum items: Net external receipts, Gross external receipts, National Currency [PAK_CGO_MI_NER_GER_XDC]",2859497.0,million PKR,mof_central_govt_operations_sdmx,quarterly
2021-09-30,"Pakistan Definition,Central Government Operations, Memorandum items: Net external receipts, Gross external receipts, National Currency [PAK_CGO_MI_NER_GER_XDC]",465232.0,million PKR,mof_central_govt_operations_sdmx,quarterly
2021-12-31,"Pakistan Definition,Central Government Operations, Memorandum items: Net external receipts, Gross external receipts, National Currency [PAK_CGO_MI_NER_GER_XDC]",1146846.215,million PKR,mof_central_govt_operations_sdmx,quarterly
2022-03-31,"Pakistan Definition,Central Government Operations, Memorandum items: Net external receipts, Gross external receipts, National Currency [PAK_CGO_MI_NER_GER_XDC]",1585718.0,million PKR,mof_central_govt_operations_sdmx,quarterly
2022-06-30,"Pakistan Definition,Central Government Operations, Memorandum items: Net external receipts, Gross external receipts, National Currency [PAK_CGO_MI_NER_GER_XDC]",2407596.5,million PKR,mof_central_govt_operations_sdmx,quarterly
2022-09-30,"Pakistan Definition,Central Government Operations, Memorandum items: Net external receipts, Gross external receipts, National Currency [PAK_CGO_MI_NER_GER_XDC]",850283.59,million PKR,mof_central_govt_operations_sdmx,quarterly
2022-12-31,"Pakistan Definition,Central Government Operations, Memorandum items: Net external receipts, Gross external receipts, National Currency [PAK_CGO_MI_NER_GER_XDC]",1540238.81,million PKR,mof_central_govt_operations_sdmx,quarterly
2023-03-31,"Pakistan Definition,Central Government Operations, Memorandum items: Net external receipts, Gross external receipts, National Currency [PAK_CGO_MI_NER_GER_XDC]",1834773.4500000002,million PKR,mof_central_govt_operations_sdmx,quarterly
2023-06-30,"Pakistan Definition,Central Government Operations, Memorandum items: Net external receipts, Gross external receipts, National Currency [PAK_CGO_MI_NER_GER_XDC]",2758893.62,million PKR,mof_central_govt_operations_sdmx,quarterly
2023-09-30,"Pakistan Definition,Central Government Operations, Memorandum items: Net external receipts, Gross external receipts, National Currency [PAK_CGO_MI_NER_GER_XDC]",313066.374575,million PKR,mof_central_govt_operations_sdmx,quarterly
2023-12-31,"Pakistan Definition,Central Government Operations, Memorandum items: Net external receipts, Gross external receipts, National Currency [PAK_CGO_MI_NER_GER_XDC]",951044.7622460001,million PKR,mof_central_govt_operations_sdmx,quarterly
2024-03-31,"Pakistan Definition,Central Government Operations, Memorandum items: Net external receipts, Gross external receipts, National Currency [PAK_CGO_MI_NER_GER_XDC]",1247828.940792,million PKR,mof_central_govt_operations_sdmx,quarterly
2024-06-30,"Pakistan Definition,Central Government Operations, Memorandum items: Net external receipts, Gross external receipts, National Currency [PAK_CGO_MI_NER_GER_XDC]",2882339.06784857,million PKR,mof_central_govt_operations_sdmx,quarterly
2024-09-30,"Pakistan Definition,Central Government Operations, Memorandum items: Net external receipts, Gross external receipts, National Currency [PAK_CGO_MI_NER_GER_XDC]",400639.908868,million PKR,mof_central_govt_operations_sdmx,quarterly
2024-12-31,"Pakistan Definition,Central Government Operations, Memorandum items: Net external receipts, Gross external receipts, National Currency [PAK_CGO_MI_NER_GER_XDC]",949932.540473242,million PKR,mof_central_govt_operations_sdmx,quarterly
2025-03-31,"Pakistan Definition,Central Government Operations, Memorandum items: Net external receipts, Gross external receipts, National Currency [PAK_CGO_MI_NER_GER_XDC]",1333856.5514040112,million PKR,mof_central_govt_operations_sdmx,quarterly
2016-09-30,"Pakistan Definition,Central Government Operations, Memorandum items: Net external receipts, Gross external receipts, Others, National Currency [PAK_CGO_MI_NER_GER_O_XDC]",2242.0,million PKR,mof_central_govt_operations_sdmx,quarterly
2016-12-31,"Pakistan Definition,Central Government Operations, Memorandum items: Net external receipts, Gross external receipts, Others, National Currency [PAK_CGO_MI_NER_GER_O_XDC]",6379.0,million PKR,mof_central_govt_operations_sdmx,quarterly
2017-03-31,"Pakistan Definition,Central Government Operations, Memorandum items: Net external receipts, Gross external receipts, Others, National Currency [PAK_CGO_MI_NER_GER_O_XDC]",7483.0,million PKR,mof_central_govt_operations_sdmx,quarterly
2017-06-30,"Pakistan Definition,Central Government Operations, Memorandum items: Net external receipts, Gross external receipts, Others, National Currency [PAK_CGO_MI_NER_GER_O_XDC]",9824.0,million PKR,mof_central_govt_operations_sdmx,quarterly
2017-09-30,"Pakistan Definition,Central Government Operations, Memorandum items: Net external receipts, Gross external receipts, Others, National Currency [PAK_CGO_MI_NER_GER_O_XDC]",1083.0,million PKR,mof_central_govt_operations_sdmx,quarterly
2017-12-31,"Pakistan Definition,Central Government Operations, Memorandum items: Net external receipts, Gross external receipts, Others, National Currency [PAK_CGO_MI_NER_GER_O_XDC]",2308.0,million PKR,mof_central_govt_operations_sdmx,quarterly
2018-03-31,"Pakistan Definition,Central Government Operations, Memorandum items: Net external receipts, Gross external receipts, Others, National Currency [PAK_CGO_MI_NER_GER_O_XDC]",3746.0,million PKR,mof_central_govt_operations_sdmx,quarterly
2018-06-30,"Pakistan Definition,Central Government Operations, Memorandum items: Net external receipts, Gross external receipts, Others, National Currency [PAK_CGO_MI_NER_GER_O_XDC]",3651.0,million PKR,mof_central_govt_operations_sdmx,quarterly
2018-09-30,"Pakistan Definition,Central Government Operations, Memorandum items: Net external receipts, Gross external receipts, Others, National Currency [PAK_CGO_MI_NER_GER_O_XDC]",4620.0,million PKR,mof_central_govt_operations_sdmx,quarterly
2018-12-31,"Pakistan Definition,Central Government Operations, Memorandum items: Net external receipts, Gross external receipts, Others, National Currency [PAK_CGO_MI_NER_GER_O_XDC]",5295.0,million PKR,mof_central_govt_operations_sdmx,quarterly
2019-03-31,"Pakistan Definition,Central Government Operations, Memorandum items: Net external receipts, Gross external receipts, Others, National Currency [PAK_CGO_MI_NER_GER_O_XDC]",5856.0,million PKR,mof_central_govt_operations_sdmx,quarterly
2019-06-30,"Pakistan Definition,Central Government Operations, Memorandum items: Net external receipts, Gross external receipts, Others, National Currency [PAK_CGO_MI_NER_GER_O_XDC]",6363.0,million PKR,mof_central_govt_operations_sdmx,quarterly
2019-09-30,"Pakistan Definition,Central Government Operations, Memorandum items: Net external receipts, Gross external receipts, Others, National Currency [PAK_CGO_MI_NER_GER_O_XDC]",266.39,million PKR,mof_central_govt_operations_sdmx,quarterly
2019-12-31,"Pakistan Definition,Central Government Operations, Memorandum items: Net external receipts, Gross external receipts, Others, National Currency [PAK_CGO_MI_NER_GER_O_XDC]",5511.0,million PKR,mof_central_govt_operations_sdmx,quarterly
2020-03-31,"Pakistan Definition,Central Government Operations, Memorandum items: Net external receipts, Gross external receipts, Others, National Currency [PAK_CGO_MI_NER_GER_O_XDC]",8635.0,million PKR,mof_central_govt_operations_sdmx,quarterly
2020-06-30,"Pakistan Definition,Central Government Operations, Memorandum items: Net external receipts, Gross external receipts, Others, National Currency [PAK_CGO_MI_NER_GER_O_XDC]",43887.5,million PKR,mof_central_govt_operations_sdmx,quarterly
2020-09-30,"Pakistan Definition,Central Government Operations, Memorandum items: Net external receipts, Gross external receipts, Others, National Currency [PAK_CGO_MI_NER_GER_O_XDC]",610.0,million PKR,mof_central_govt_operations_sdmx,quarterly
2020-12-31,"Pakistan Definition,Central Government Operations, Memorandum items: Net external receipts, Gross external receipts, Others, National Currency [PAK_CGO_MI_NER_GER_O_XDC]",1047.0,million PKR,mof_central_govt_operations_sdmx,quarterly
2021-03-31,"Pakistan Definition,Central Government Operations, Memorandum items: Net external receipts, Gross external receipts, Others, National Currency [PAK_CGO_MI_NER_GER_O_XDC]",1597.0,million PKR,mof_central_govt_operations_sdmx,quarterly
2021-06-30,"Pakistan Definition,Central Government Operations, Memorandum items: Net external receipts, Gross external receipts, Others, National Currency [PAK_CGO_MI_NER_GER_O_XDC]",15014.0,million PKR,mof_central_govt_operations_sdmx,quarterly
2021-09-30,"Pakistan Definition,Central Government Operations, Memorandum items: Net external receipts, Gross external receipts, Others, National Currency [PAK_CGO_MI_NER_GER_O_XDC]",46565.0,million PKR,mof_central_govt_operations_sdmx,quarterly
2021-12-31,"Pakistan Definition,Central Government Operations, Memorandum items: Net external receipts, Gross external receipts, Others, National Currency [PAK_CGO_MI_NER_GER_O_XDC]",46635.0,million PKR,mof_central_govt_operations_sdmx,quarterly
2022-03-31,"Pakistan Definition,Central Government Operations, Memorandum items: Net external receipts, Gross external receipts, Others, National Currency [PAK_CGO_MI_NER_GER_O_XDC]",47544.0,million PKR,mof_central_govt_operations_sdmx,quarterly
2022-06-30,"Pakistan Definition,Central Government Operations, Memorandum items: Net external receipts, Gross external receipts, Others, National Currency [PAK_CGO_MI_NER_GER_O_XDC]",82924.0,million PKR,mof_central_govt_operations_sdmx,quarterly
2022-09-30,"Pakistan Definition,Central Government Operations, Memorandum items: Net external receipts, Gross external receipts, Others, National Currency [PAK_CGO_MI_NER_GER_O_XDC]",85357.0,million PKR,mof_central_govt_operations_sdmx,quarterly
2022-12-31,"Pakistan Definition,Central Government Operations, Memorandum items: Net external receipts, Gross external receipts, Others, National Currency [PAK_CGO_MI_NER_GER_O_XDC]",221424.0,million PKR,mof_central_govt_operations_sdmx,quarterly
2023-03-31,"Pakistan Definition,Central Government Operations, Memorandum items: Net external receipts, Gross external receipts, Others, National Currency [PAK_CGO_MI_NER_GER_O_XDC]",304057.83999999997,million PKR,mof_central_govt_operations_sdmx,quarterly
2023-06-30,"Pakistan Definition,Central Government Operations, Memorandum items: Net external receipts, Gross external receipts, Others, National Currency [PAK_CGO_MI_NER_GER_O_XDC]",455959.67,million PKR,mof_central_govt_operations_sdmx,quarterly
2023-09-30,"Pakistan Definition,Central Government Operations, Memorandum items: Net external receipts, Gross external receipts, Others, National Currency [PAK_CGO_MI_NER_GER_O_XDC]",98456.06,million PKR,mof_central_govt_operations_sdmx,quarterly
2023-12-31,"Pakistan Definition,Central Government Operations, Memorandum items: Net external receipts, Gross external receipts, Others, National Currency [PAK_CGO_MI_NER_GER_O_XDC]",246425.54,million PKR,mof_central_govt_operations_sdmx,quarterly
2024-03-31,"Pakistan Definition,Central Government Operations, Memorandum items: Net external receipts, Gross external receipts, Others, National Currency [PAK_CGO_MI_NER_GER_O_XDC]",405652.95,million PKR,mof_central_govt_operations_sdmx,quarterly
2024-06-30,"Pakistan Definition,Central Government Operations, Memorandum items: Net external receipts, Gross external receipts, Others, National Currency [PAK_CGO_MI_NER_GER_O_XDC]",608229.9706617161,million PKR,mof_central_govt_operations_sdmx,quarterly
2024-09-30,"Pakistan Definition,Central Government Operations, Memorandum items: Net external receipts, Gross external receipts, Others, National Currency [PAK_CGO_MI_NER_GER_O_XDC]",130017.67000000001,million PKR,mof_central_govt_operations_sdmx,quarterly
2024-12-31,"Pakistan Definition,Central Government Operations, Memorandum items: Net external receipts, Gross external receipts, Others, National Currency [PAK_CGO_MI_NER_GER_O_XDC]",270120.714459912,million PKR,mof_central_govt_operations_sdmx,quarterly
2025-03-31,"Pakistan Definition,Central Government Operations, Memorandum items: Net external receipts, Gross external receipts, Others, National Currency [PAK_CGO_MI_NER_GER_O_XDC]",390150.466309137,million PKR,mof_central_govt_operations_sdmx,quarterly
2016-09-30,"Pakistan Definition,Central Government Operations, Memorandum items: Net external receipts, National Currency [PAK_CGO_MI_NER_XDC]",7946.0,million PKR,mof_central_govt_operations_sdmx,quarterly
2016-12-31,"Pakistan Definition,Central Government Operations, Memorandum items: Net external receipts, National Currency [PAK_CGO_MI_NER_XDC]",384112.0,million PKR,mof_central_govt_operations_sdmx,quarterly
2017-03-31,"Pakistan Definition,Central Government Operations, Memorandum items: Net external receipts, National Currency [PAK_CGO_MI_NER_XDC]",524299.0,million PKR,mof_central_govt_operations_sdmx,quarterly
2017-06-30,"Pakistan Definition,Central Government Operations, Memorandum items: Net external receipts, National Currency [PAK_CGO_MI_NER_XDC]",785166.0,million PKR,mof_central_govt_operations_sdmx,quarterly
2017-09-30,"Pakistan Definition,Central Government Operations, Memorandum items: Net external receipts, National Currency [PAK_CGO_MI_NER_XDC]",210770.0,million PKR,mof_central_govt_operations_sdmx,quarterly
2017-12-31,"Pakistan Definition,Central Government Operations, Memorandum items: Net external receipts, National Currency [PAK_CGO_MI_NER_XDC]",217958.0,million PKR,mof_central_govt_operations_sdmx,quarterly
2018-03-31,"Pakistan Definition,Central Government Operations, Memorandum items: Net external receipts, National Currency [PAK_CGO_MI_NER_XDC]",524457.203,million PKR,mof_central_govt_operations_sdmx,quarterly
2018-06-30,"Pakistan Definition,Central Government Operations, Memorandum items: Net external receipts, National Currency [PAK_CGO_MI_NER_XDC]",416706.0,million PKR,mof_central_govt_operations_sdmx,quarterly
2018-09-30,"Pakistan Definition,Central Government Operations, Memorandum items: Net external receipts, National Currency [PAK_CGO_MI_NER_XDC]",166494.0,million PKR,mof_central_govt_operations_sdmx,quarterly
2018-12-31,"Pakistan Definition,Central Government Operations, Memorandum items: Net external receipts, National Currency [PAK_CGO_MI_NER_XDC]",513583.0,million PKR,mof_central_govt_operations_sdmx,quarterly
2019-03-31,"Pakistan Definition,Central Government Operations, Memorandum items: Net external receipts, National Currency [PAK_CGO_MI_NER_XDC]",682362.0,million PKR,mof_central_govt_operations_sdmx,quarterly
2019-06-30,"Pakistan Definition,Central Government Operations, Memorandum items: Net external receipts, National Currency [PAK_CGO_MI_NER_XDC]",895510.0,million PKR,mof_central_govt_operations_sdmx,quarterly
2019-09-30,"Pakistan Definition,Central Government Operations, Memorandum items: Net external receipts, National Currency [PAK_CGO_MI_NER_XDC]",161371.56100000007,million PKR,mof_central_govt_operations_sdmx,quarterly
2019-12-31,"Pakistan Definition,Central Government Operations, Memorandum items: Net external receipts, National Currency [PAK_CGO_MI_NER_XDC]",454446.0,million PKR,mof_central_govt_operations_sdmx,quarterly
2020-03-31,"Pakistan Definition,Central Government Operations, Memorandum items: Net external receipts, National Currency [PAK_CGO_MI_NER_XDC]",562158.0,million PKR,mof_central_govt_operations_sdmx,quarterly
2020-06-30,"Pakistan Definition,Central Government Operations, Memorandum items: Net external receipts, National Currency [PAK_CGO_MI_NER_XDC]",1338090.5,million PKR,mof_central_govt_operations_sdmx,quarterly
2020-09-30,"Pakistan Definition,Central Government Operations, Memorandum items: Net external receipts, National Currency [PAK_CGO_MI_NER_XDC]",466126.32200000004,million PKR,mof_central_govt_operations_sdmx,quarterly
2020-12-31,"Pakistan Definition,Central Government Operations, Memorandum items: Net external receipts, National Currency [PAK_CGO_MI_NER_XDC]",1025646.0,million PKR,mof_central_govt_operations_sdmx,quarterly
2021-03-31,"Pakistan Definition,Central Government Operations, Memorandum items: Net external receipts, National Currency [PAK_CGO_MI_NER_XDC]",981460.0,million PKR,mof_central_govt_operations_sdmx,quarterly
2021-06-30,"Pakistan Definition,Central Government Operations, Memorandum items: Net external receipts, National Currency [PAK_CGO_MI_NER_XDC]",1178409.560896,million PKR,mof_central_govt_operations_sdmx,quarterly
2021-09-30,"Pakistan Definition,Central Government Operations, Memorandum items: Net external receipts, National Currency [PAK_CGO_MI_NER_XDC]",40939.0,million PKR,mof_central_govt_operations_sdmx,quarterly
2021-12-31,"Pakistan Definition,Central Government Operations, Memorandum items: Net external receipts, National Currency [PAK_CGO_MI_NER_XDC]",-296289.6499999999,million PKR,mof_central_govt_operations_sdmx,quarterly
2022-03-31,"Pakistan Definition,Central Government Operations, Memorandum items: Net external receipts, National Currency [PAK_CGO_MI_NER_XDC]",-682809.0,million PKR,mof_central_govt_operations_sdmx,quarterly
2022-06-30,"Pakistan Definition,Central Government Operations, Memorandum items: Net external receipts, National Currency [PAK_CGO_MI_NER_XDC]",-679848.0,million PKR,mof_central_govt_operations_sdmx,quarterly
2022-09-30,"Pakistan Definition,Central Government Operations, Memorandum items: Net external receipts, National Currency [PAK_CGO_MI_NER_XDC]",442425.81025499996,million PKR,mof_central_govt_operations_sdmx,quarterly
2022-12-31,"Pakistan Definition,Central Government Operations, Memorandum items: Net external receipts, National Currency [PAK_CGO_MI_NER_XDC]",608380.550972,million PKR,mof_central_govt_operations_sdmx,quarterly
2023-03-31,"Pakistan Definition,Central Government Operations, Memorandum items: Net external receipts, National Currency [PAK_CGO_MI_NER_XDC]",493814.90636300016,million PKR,mof_central_govt_operations_sdmx,quarterly
2023-06-30,"Pakistan Definition,Central Government Operations, Memorandum items: Net external receipts, National Currency [PAK_CGO_MI_NER_XDC]",320713.1392070004,million PKR,mof_central_govt_operations_sdmx,quarterly
2023-09-30,"Pakistan Definition,Central Government Operations, Memorandum items: Net external receipts, National Currency [PAK_CGO_MI_NER_XDC]",-156860.90447699995,million PKR,mof_central_govt_operations_sdmx,quarterly
2023-12-31,"Pakistan Definition,Central Government Operations, Memorandum items: Net external receipts, National Currency [PAK_CGO_MI_NER_XDC]",-78695.30289099994,million PKR,mof_central_govt_operations_sdmx,quarterly
2024-03-31,"Pakistan Definition,Central Government Operations, Memorandum items: Net external receipts, National Currency [PAK_CGO_MI_NER_XDC]",19505.401798000094,million PKR,mof_central_govt_operations_sdmx,quarterly
2024-06-30,"Pakistan Definition,Central Government Operations, Memorandum items: Net external receipts, National Currency [PAK_CGO_MI_NER_XDC]",618838.8755845702,million PKR,mof_central_govt_operations_sdmx,quarterly
2024-09-30,"Pakistan Definition,Central Government Operations, Memorandum items: Net external receipts, National Currency [PAK_CGO_MI_NER_XDC]",-38873.21585500002,million PKR,mof_central_govt_operations_sdmx,quarterly
2024-12-31,"Pakistan Definition,Central Government Operations, Memorandum items: Net external receipts, National Currency [PAK_CGO_MI_NER_XDC]",34042.28446924221,million PKR,mof_central_govt_operations_sdmx,quarterly
2025-03-31,"Pakistan Definition,Central Government Operations, Memorandum items: Net external receipts, National Currency [PAK_CGO_MI_NER_XDC]",-105529.77959398879,million PKR,mof_central_govt_operations_sdmx,quarterly
2016-09-30,"Pakistan Definition,Central Government Operations, Memorandum items: Net external receipts, Repayments, National Currency [PAK_CGO_MI_NER_R_XDC]",142208.0,million PKR,mof_central_govt_operations_sdmx,quarterly
2016-12-31,"Pakistan Definition,Central Government Operations, Memorandum items: Net external receipts, Repayments, National Currency [PAK_CGO_MI_NER_R_XDC]",228229.0,million PKR,mof_central_govt_operations_sdmx,quarterly
2017-03-31,"Pakistan Definition,Central Government Operations, Memorandum items: Net external receipts, Repayments, National Currency [PAK_CGO_MI_NER_R_XDC]",303419.0,million PKR,mof_central_govt_operations_sdmx,quarterly
2017-06-30,"Pakistan Definition,Central Government Operations, Memorandum items: Net external receipts, Repayments, National Currency [PAK_CGO_MI_NER_R_XDC]",450189.0,million PKR,mof_central_govt_operations_sdmx,quarterly
2017-09-30,"Pakistan Definition,Central Government Operations, Memorandum items: Net external receipts, Repayments, National Currency [PAK_CGO_MI_NER_R_XDC]",170545.0,million PKR,mof_central_govt_operations_sdmx,quarterly
2017-12-31,"Pakistan Definition,Central Government Operations, Memorandum items: Net external receipts, Repayments, National Currency [PAK_CGO_MI_NER_R_XDC]",329266.0,million PKR,mof_central_govt_operations_sdmx,quarterly
2018-03-31,"Pakistan Definition,Central Government Operations, Memorandum items: Net external receipts, Repayments, National Currency [PAK_CGO_MI_NER_R_XDC]",515536.797,million PKR,mof_central_govt_operations_sdmx,quarterly
2018-06-30,"Pakistan Definition,Central Government Operations, Memorandum items: Net external receipts, Repayments, National Currency [PAK_CGO_MI_NER_R_XDC]",974001.0,million PKR,mof_central_govt_operations_sdmx,quarterly
2018-09-30,"Pakistan Definition,Central Government Operations, Memorandum items: Net external receipts, Repayments, National Currency [PAK_CGO_MI_NER_R_XDC]",303675.0,million PKR,mof_central_govt_operations_sdmx,quarterly
2018-12-31,"Pakistan Definition,Central Government Operations, Memorandum items: Net external receipts, Repayments, National Currency [PAK_CGO_MI_NER_R_XDC]",598314.0,million PKR,mof_central_govt_operations_sdmx,quarterly
2019-03-31,"Pakistan Definition,Central Government Operations, Memorandum items: Net external receipts, Repayments, National Currency [PAK_CGO_MI_NER_R_XDC]",818445.0,million PKR,mof_central_govt_operations_sdmx,quarterly
2019-06-30,"Pakistan Definition,Central Government Operations, Memorandum items: Net external receipts, Repayments, National Currency [PAK_CGO_MI_NER_R_XDC]",1362353.0,million PKR,mof_central_govt_operations_sdmx,quarterly
2019-09-30,"Pakistan Definition,Central Government Operations, Memorandum items: Net external receipts, Repayments, National Currency [PAK_CGO_MI_NER_R_XDC]",241321.509,million PKR,mof_central_govt_operations_sdmx,quarterly
2019-12-31,"Pakistan Definition,Central Government Operations, Memorandum items: Net external receipts, Repayments, National Currency [PAK_CGO_MI_NER_R_XDC]",442363.0,million PKR,mof_central_govt_operations_sdmx,quarterly
2020-03-31,"Pakistan Definition,Central Government Operations, Memorandum items: Net external receipts, Repayments, National Currency [PAK_CGO_MI_NER_R_XDC]",711026.0,million PKR,mof_central_govt_operations_sdmx,quarterly
2020-06-30,"Pakistan Definition,Central Government Operations, Memorandum items: Net external receipts, Repayments, National Currency [PAK_CGO_MI_NER_R_XDC]",940277.5,million PKR,mof_central_govt_operations_sdmx,quarterly
2020-09-30,"Pakistan Definition,Central Government Operations, Memorandum items: Net external receipts, Repayments, National Currency [PAK_CGO_MI_NER_R_XDC]",133470.0,million PKR,mof_central_govt_operations_sdmx,quarterly
2020-12-31,"Pakistan Definition,Central Government Operations, Memorandum items: Net external receipts, Repayments, National Currency [PAK_CGO_MI_NER_R_XDC]",632508.0,million PKR,mof_central_govt_operations_sdmx,quarterly
2021-03-31,"Pakistan Definition,Central Government Operations, Memorandum items: Net external receipts, Repayments, National Currency [PAK_CGO_MI_NER_R_XDC]",1300894.0,million PKR,mof_central_govt_operations_sdmx,quarterly
2021-06-30,"Pakistan Definition,Central Government Operations, Memorandum items: Net external receipts, Repayments, National Currency [PAK_CGO_MI_NER_R_XDC]",1681087.439104,million PKR,mof_central_govt_operations_sdmx,quarterly
2021-09-30,"Pakistan Definition,Central Government Operations, Memorandum items: Net external receipts, Repayments, National Currency [PAK_CGO_MI_NER_R_XDC]",424293.0,million PKR,mof_central_govt_operations_sdmx,quarterly
2021-12-31,"Pakistan Definition,Central Government Operations, Memorandum items: Net external receipts, Repayments, National Currency [PAK_CGO_MI_NER_R_XDC]",1443135.865,million PKR,mof_central_govt_operations_sdmx,quarterly
2022-03-31,"Pakistan Definition,Central Government Operations, Memorandum items: Net external receipts, Repayments, National Currency [PAK_CGO_MI_NER_R_XDC]",2268527.0,million PKR,mof_central_govt_operations_sdmx,quarterly
2022-06-30,"Pakistan Definition,Central Government Operations, Memorandum items: Net external receipts, Repayments, National Currency [PAK_CGO_MI_NER_R_XDC]",3087444.5,million PKR,mof_central_govt_operations_sdmx,quarterly
2022-09-30,"Pakistan Definition,Central Government Operations, Memorandum items: Net external receipts, Repayments, National Currency [PAK_CGO_MI_NER_R_XDC]",407857.779745,million PKR,mof_central_govt_operations_sdmx,quarterly
2022-12-31,"Pakistan Definition,Central Government Operations, Memorandum items: Net external receipts, Repayments, National Currency [PAK_CGO_MI_NER_R_XDC]",931858.2590280001,million PKR,mof_central_govt_operations_sdmx,quarterly
2023-03-31,"Pakistan Definition,Central Government Operations, Memorandum items: Net external receipts, Repayments, National Currency [PAK_CGO_MI_NER_R_XDC]",1340958.543637,million PKR,mof_central_govt_operations_sdmx,quarterly
2023-06-30,"Pakistan Definition,Central Government Operations, Memorandum items: Net external receipts, Repayments, National Currency [PAK_CGO_MI_NER_R_XDC]",2438180.4807929997,million PKR,mof_central_govt_operations_sdmx,quarterly
2023-09-30,"Pakistan Definition,Central Government Operations, Memorandum items: Net external receipts, Repayments, National Currency [PAK_CGO_MI_NER_R_XDC]",469927.27905199997,million PKR,mof_central_govt_operations_sdmx,quarterly
2023-12-31,"Pakistan Definition,Central Government Operations, Memorandum items: Net external receipts, Repayments, National Currency [PAK_CGO_MI_NER_R_XDC]",1029740.065137,million PKR,mof_central_govt_operations_sdmx,quarterly
2024-03-31,"Pakistan Definition,Central Government Operations, Memorandum items: Net external receipts, Repayments, National Currency [PAK_CGO_MI_NER_R_XDC]",1228323.5389939998,million PKR,mof_central_govt_operations_sdmx,quarterly
2024-06-30,"Pakistan Definition,Central Government Operations, Memorandum items: Net external receipts, Repayments, National Currency [PAK_CGO_MI_NER_R_XDC]",2263500.192264,million PKR,mof_central_govt_operations_sdmx,quarterly
2024-09-30,"Pakistan Definition,Central Government Operations, Memorandum items: Net external receipts, Repayments, National Currency [PAK_CGO_MI_NER_R_XDC]",439513.12472300004,million PKR,mof_central_govt_operations_sdmx,quarterly
2024-12-31,"Pakistan Definition,Central Government Operations, Memorandum items: Net external receipts, Repayments, National Currency [PAK_CGO_MI_NER_R_XDC]",915890.2560039998,million PKR,mof_central_govt_operations_sdmx,quarterly
2025-03-31,"Pakistan Definition,Central Government Operations, Memorandum items: Net external receipts, Repayments, National Currency [PAK_CGO_MI_NER_R_XDC]",1439386.330998,million PKR,mof_central_govt_operations_sdmx,quarterly
2016-09-30,"Pakistan Definition,Central Government Operations, Net Revenue, Gross Revenue, National Currency [PAK_CGO_NR_GR_XDC]",914388.72,million PKR,mof_central_govt_operations_sdmx,quarterly
2016-12-31,"Pakistan Definition,Central Government Operations, Net Revenue, Gross Revenue, National Currency [PAK_CGO_NR_GR_XDC]",2150805.0,million PKR,mof_central_govt_operations_sdmx,quarterly
2017-03-31,"Pakistan Definition,Central Government Operations, Net Revenue, Gross Revenue, National Currency [PAK_CGO_NR_GR_XDC]",3186331.44,million PKR,mof_central_govt_operations_sdmx,quarterly
2017-06-30,"Pakistan Definition,Central Government Operations, Net Revenue, Gross Revenue, National Currency [PAK_CGO_NR_GR_XDC]",4696166.0,million PKR,mof_central_govt_operations_sdmx,quarterly
2017-09-30,"Pakistan Definition,Central Government Operations, Net Revenue, Gross Revenue, National Currency [PAK_CGO_NR_GR_XDC]",1003058.53,million PKR,mof_central_govt_operations_sdmx,quarterly
2017-12-31,"Pakistan Definition,Central Government Operations, Net Revenue, Gross Revenue, National Currency [PAK_CGO_NR_GR_XDC]",2118478.06,million PKR,mof_central_govt_operations_sdmx,quarterly
2018-03-31,"Pakistan Definition,Central Government Operations, Net Revenue, Gross Revenue, National Currency [PAK_CGO_NR_GR_XDC]",3243315.6,million PKR,mof_central_govt_operations_sdmx,quarterly
2018-06-30,"Pakistan Definition,Central Government Operations, Net Revenue, Gross Revenue, National Currency [PAK_CGO_NR_GR_XDC]",4435560.17,million PKR,mof_central_govt_operations_sdmx,quarterly
2018-09-30,"Pakistan Definition,Central Government Operations, Net Revenue, Gross Revenue, National Currency [PAK_CGO_NR_GR_XDC]",1359653.02,million PKR,mof_central_govt_operations_sdmx,quarterly
2018-12-31,"Pakistan Definition,Central Government Operations, Net Revenue, Gross Revenue, National Currency [PAK_CGO_NR_GR_XDC]",2969605.0,million PKR,mof_central_govt_operations_sdmx,quarterly
2019-03-31,"Pakistan Definition,Central Government Operations, Net Revenue, Gross Revenue, National Currency [PAK_CGO_NR_GR_XDC]",4306977.5,million PKR,mof_central_govt_operations_sdmx,quarterly
2019-06-30,"Pakistan Definition,Central Government Operations, Net Revenue, Gross Revenue, National Currency [PAK_CGO_NR_GR_XDC]",5782273.0,million PKR,mof_central_govt_operations_sdmx,quarterly
2019-09-30,"Pakistan Definition,Central Government Operations, Net Revenue, Gross Revenue, National Currency [PAK_CGO_NR_GR_XDC]",1353731.55,million PKR,mof_central_govt_operations_sdmx,quarterly
2019-12-31,"Pakistan Definition,Central Government Operations, Net Revenue, Gross Revenue, National Currency [PAK_CGO_NR_GR_XDC]",3071619.0900000003,million PKR,mof_central_govt_operations_sdmx,quarterly
2020-03-31,"Pakistan Definition,Central Government Operations, Net Revenue, Gross Revenue, National Currency [PAK_CGO_NR_GR_XDC]",4560531.84,million PKR,mof_central_govt_operations_sdmx,quarterly
2020-06-30,"Pakistan Definition,Central Government Operations, Net Revenue, Gross Revenue, National Currency [PAK_CGO_NR_GR_XDC]",6269725.18,million PKR,mof_central_govt_operations_sdmx,quarterly
2020-09-30,"Pakistan Definition,Central Government Operations, Net Revenue, Gross Revenue, National Currency [PAK_CGO_NR_GR_XDC]",1647271.05,million PKR,mof_central_govt_operations_sdmx,quarterly
2020-12-31,"Pakistan Definition,Central Government Operations, Net Revenue, Gross Revenue, National Currency [PAK_CGO_NR_GR_XDC]",3634916.5,million PKR,mof_central_govt_operations_sdmx,quarterly
2021-03-31,"Pakistan Definition,Central Government Operations, Net Revenue, Gross Revenue, National Currency [PAK_CGO_NR_GR_XDC]",5366309.76,million PKR,mof_central_govt_operations_sdmx,quarterly
2021-06-30,"Pakistan Definition,Central Government Operations, Net Revenue, Gross Revenue, National Currency [PAK_CGO_NR_GR_XDC]",7328223.2,million PKR,mof_central_govt_operations_sdmx,quarterly
2021-09-30,"Pakistan Definition,Central Government Operations, Net Revenue, Gross Revenue, National Currency [PAK_CGO_NR_GR_XDC]",1844497.51,million PKR,mof_central_govt_operations_sdmx,quarterly
2021-12-31,"Pakistan Definition,Central Government Operations, Net Revenue, Gross Revenue, National Currency [PAK_CGO_NR_GR_XDC]",4342964.88,million PKR,mof_central_govt_operations_sdmx,quarterly
2022-03-31,"Pakistan Definition,Central Government Operations, Net Revenue, Gross Revenue, National Currency [PAK_CGO_NR_GR_XDC]",6396582.43,million PKR,mof_central_govt_operations_sdmx,quarterly
2022-06-30,"Pakistan Definition,Central Government Operations, Net Revenue, Gross Revenue, National Currency [PAK_CGO_NR_GR_XDC]",8879870.42,million PKR,mof_central_govt_operations_sdmx,quarterly
2022-09-30,"Pakistan Definition,Central Government Operations, Net Revenue, Gross Revenue, National Currency [PAK_CGO_NR_GR_XDC]",2494615.806,million PKR,mof_central_govt_operations_sdmx,quarterly
2022-12-31,"Pakistan Definition,Central Government Operations, Net Revenue, Gross Revenue, National Currency [PAK_CGO_NR_GR_XDC]",6448362.5600000005,million PKR,mof_central_govt_operations_sdmx,quarterly
2023-03-31,"Pakistan Definition,Central Government Operations, Net Revenue, Gross Revenue, National Currency [PAK_CGO_NR_GR_XDC]",9128462.19,million PKR,mof_central_govt_operations_sdmx,quarterly
2023-06-30,"Pakistan Definition,Central Government Operations, Net Revenue, Gross Revenue, National Currency [PAK_CGO_NR_GR_XDC]",12361461.662926,million PKR,mof_central_govt_operations_sdmx,quarterly
2023-09-30,"Pakistan Definition,Central Government Operations, Net Revenue, Gross Revenue, National Currency [PAK_CGO_NR_GR_XDC]",5584607.935151,million PKR,mof_central_govt_operations_sdmx,quarterly
2023-12-31,"Pakistan Definition,Central Government Operations, Net Revenue, Gross Revenue, National Currency [PAK_CGO_NR_GR_XDC]",9226862.986218,million PKR,mof_central_govt_operations_sdmx,quarterly
2024-03-31,"Pakistan Definition,Central Government Operations, Net Revenue, Gross Revenue, National Currency [PAK_CGO_NR_GR_XDC]",12552501.027832001,million PKR,mof_central_govt_operations_sdmx,quarterly
2024-06-30,"Pakistan Definition,Central Government Operations, Net Revenue, Gross Revenue, National Currency [PAK_CGO_NR_GR_XDC]",16800719.374282,million PKR,mof_central_govt_operations_sdmx,quarterly
2024-09-30,"Pakistan Definition,Central Government Operations, Net Revenue, Gross Revenue, National Currency [PAK_CGO_NR_GR_XDC]",5892832.836151,million PKR,mof_central_govt_operations_sdmx,quarterly
2024-12-31,"Pakistan Definition,Central Government Operations, Net Revenue, Gross Revenue, National Currency [PAK_CGO_NR_GR_XDC]",10008209.16589,million PKR,mof_central_govt_operations_sdmx,quarterly
2025-03-31,"Pakistan Definition,Central Government Operations, Net Revenue, Gross Revenue, National Currency [PAK_CGO_NR_GR_XDC]",13732864.63534332,million PKR,mof_central_govt_operations_sdmx,quarterly
2016-09-30,"Pakistan Definition,Central Government Operations, Net Revenue, Gross Revenue, Tax revenue, National Currency [PAK_CGO_NR_GR_TR_XDC]",820974.0,million PKR,mof_central_govt_operations_sdmx,quarterly
2016-12-31,"Pakistan Definition,Central Government Operations, Net Revenue, Gross Revenue, Tax revenue, National Currency [PAK_CGO_NR_GR_TR_XDC]",1840929.0,million PKR,mof_central_govt_operations_sdmx,quarterly
2017-03-31,"Pakistan Definition,Central Government Operations, Net Revenue, Gross Revenue, Tax revenue, National Currency [PAK_CGO_NR_GR_TR_XDC]",2782526.0,million PKR,mof_central_govt_operations_sdmx,quarterly
2017-06-30,"Pakistan Definition,Central Government Operations, Net Revenue, Gross Revenue, Tax revenue, National Currency [PAK_CGO_NR_GR_TR_XDC]",4045234.0,million PKR,mof_central_govt_operations_sdmx,quarterly
2017-09-30,"Pakistan Definition,Central Government Operations, Net Revenue, Gross Revenue, Tax revenue, National Currency [PAK_CGO_NR_GR_TR_XDC]",879272.0,million PKR,mof_central_govt_operations_sdmx,quarterly
2017-12-31,"Pakistan Definition,Central Government Operations, Net Revenue, Gross Revenue, Tax revenue, National Currency [PAK_CGO_NR_GR_TR_XDC]",1880353.0,million PKR,mof_central_govt_operations_sdmx,quarterly
2018-03-31,"Pakistan Definition,Central Government Operations, Net Revenue, Gross Revenue, Tax revenue, National Currency [PAK_CGO_NR_GR_TR_XDC]",2850705.0,million PKR,mof_central_govt_operations_sdmx,quarterly
2018-06-30,"Pakistan Definition,Central Government Operations, Net Revenue, Gross Revenue, Tax revenue, National Currency [PAK_CGO_NR_GR_TR_XDC]",4041081.0,million PKR,mof_central_govt_operations_sdmx,quarterly
2018-09-30,"Pakistan Definition,Central Government Operations, Net Revenue, Gross Revenue, Tax revenue, National Currency [PAK_CGO_NR_GR_TR_XDC]",1030861.0,million PKR,mof_central_govt_operations_sdmx,quarterly
2018-12-31,"Pakistan Definition,Central Government Operations, Net Revenue, Gross Revenue, Tax revenue, National Currency [PAK_CGO_NR_GR_TR_XDC]",2235959.0,million PKR,mof_central_govt_operations_sdmx,quarterly
2019-03-31,"Pakistan Definition,Central Government Operations, Net Revenue, Gross Revenue, Tax revenue, National Currency [PAK_CGO_NR_GR_TR_XDC]",3250542.0,million PKR,mof_central_govt_operations_sdmx,quarterly
2019-06-30,"Pakistan Definition,Central Government Operations, Net Revenue, Gross Revenue, Tax revenue, National Currency [PAK_CGO_NR_GR_TR_XDC]",4303958.0,million PKR,mof_central_govt_operations_sdmx,quarterly
2019-09-30,"Pakistan Definition,Central Government Operations, Net Revenue, Gross Revenue, Tax revenue, National Currency [PAK_CGO_NR_GR_TR_XDC]",1155093.0,million PKR,mof_central_govt_operations_sdmx,quarterly
2019-12-31,"Pakistan Definition,Central Government Operations, Net Revenue, Gross Revenue, Tax revenue, National Currency [PAK_CGO_NR_GR_TR_XDC]",2498637.2,million PKR,mof_central_govt_operations_sdmx,quarterly
2020-03-31,"Pakistan Definition,Central Government Operations, Net Revenue, Gross Revenue, Tax revenue, National Currency [PAK_CGO_NR_GR_TR_XDC]",3781343.6,million PKR,mof_central_govt_operations_sdmx,quarterly
2020-06-30,"Pakistan Definition,Central Government Operations, Net Revenue, Gross Revenue, Tax revenue, National Currency [PAK_CGO_NR_GR_TR_XDC]",5211479.0,million PKR,mof_central_govt_operations_sdmx,quarterly
2020-09-30,"Pakistan Definition,Central Government Operations, Net Revenue, Gross Revenue, Tax revenue, National Currency [PAK_CGO_NR_GR_TR_XDC]",1416129.0,million PKR,mof_central_govt_operations_sdmx,quarterly
2020-12-31,"Pakistan Definition,Central Government Operations, Net Revenue, Gross Revenue, Tax revenue, National Currency [PAK_CGO_NR_GR_TR_XDC]",2999638.0,million PKR,mof_central_govt_operations_sdmx,quarterly
2021-03-31,"Pakistan Definition,Central Government Operations, Net Revenue, Gross Revenue, Tax revenue, National Currency [PAK_CGO_NR_GR_TR_XDC]",4526706.0,million PKR,mof_central_govt_operations_sdmx,quarterly
2021-06-30,"Pakistan Definition,Central Government Operations, Net Revenue, Gross Revenue, Tax revenue, National Currency [PAK_CGO_NR_GR_TR_XDC]",6290703.0,million PKR,mof_central_govt_operations_sdmx,quarterly
2021-09-30,"Pakistan Definition,Central Government Operations, Net Revenue, Gross Revenue, Tax revenue, National Currency [PAK_CGO_NR_GR_TR_XDC]",1686857.0,million PKR,mof_central_govt_operations_sdmx,quarterly
2021-12-31,"Pakistan Definition,Central Government Operations, Net Revenue, Gross Revenue, Tax revenue, National Currency [PAK_CGO_NR_GR_TR_XDC]",3617482.0,million PKR,mof_central_govt_operations_sdmx,quarterly
2022-03-31,"Pakistan Definition,Central Government Operations, Net Revenue, Gross Revenue, Tax revenue, National Currency [PAK_CGO_NR_GR_TR_XDC]",5530114.0,million PKR,mof_central_govt_operations_sdmx,quarterly
2022-06-30,"Pakistan Definition,Central Government Operations, Net Revenue, Gross Revenue, Tax revenue, National Currency [PAK_CGO_NR_GR_TR_XDC]",7759722.0,million PKR,mof_central_govt_operations_sdmx,quarterly
2022-09-30,"Pakistan Definition,Central Government Operations, Net Revenue, Gross Revenue, Tax revenue, National Currency [PAK_CGO_NR_GR_TR_XDC]",2263614.0,million PKR,mof_central_govt_operations_sdmx,quarterly
2022-12-31,"Pakistan Definition,Central Government Operations, Net Revenue, Gross Revenue, Tax revenue, National Currency [PAK_CGO_NR_GR_TR_XDC]",4946517.0,million PKR,mof_central_govt_operations_sdmx,quarterly
2023-03-31,"Pakistan Definition,Central Government Operations, Net Revenue, Gross Revenue, Tax revenue, National Currency [PAK_CGO_NR_GR_TR_XDC]",7449738.909999999,million PKR,mof_central_govt_operations_sdmx,quarterly
2023-06-30,"Pakistan Definition,Central Government Operations, Net Revenue, Gross Revenue, Tax revenue, National Currency [PAK_CGO_NR_GR_TR_XDC]",10360739.562253,million PKR,mof_central_govt_operations_sdmx,quarterly
2023-09-30,"Pakistan Definition,Central Government Operations, Net Revenue, Gross Revenue, Tax revenue, National Currency [PAK_CGO_NR_GR_TR_XDC]",2836337.797142,million PKR,mof_central_govt_operations_sdmx,quarterly
2023-12-31,"Pakistan Definition,Central Government Operations, Net Revenue, Gross Revenue, Tax revenue, National Currency [PAK_CGO_NR_GR_TR_XDC]",6201608.95309,million PKR,mof_central_govt_operations_sdmx,quarterly
2024-03-31,"Pakistan Definition,Central Government Operations, Net Revenue, Gross Revenue, Tax revenue, National Currency [PAK_CGO_NR_GR_TR_XDC]",9322543.112384,million PKR,mof_central_govt_operations_sdmx,quarterly
2024-06-30,"Pakistan Definition,Central Government Operations, Net Revenue, Gross Revenue, Tax revenue, National Currency [PAK_CGO_NR_GR_TR_XDC]",13009442.206942,million PKR,mof_central_govt_operations_sdmx,quarterly
2024-09-30,"Pakistan Definition,Central Government Operations, Net Revenue, Gross Revenue, Tax revenue, National Currency [PAK_CGO_NR_GR_TR_XDC]",3278185.885698,million PKR,mof_central_govt_operations_sdmx,quarterly
2024-12-31,"Pakistan Definition,Central Government Operations, Net Revenue, Gross Revenue, Tax revenue, National Currency [PAK_CGO_NR_GR_TR_XDC]",7060592.607067,million PKR,mof_central_govt_operations_sdmx,quarterly
2025-03-31,"Pakistan Definition,Central Government Operations, Net Revenue, Gross Revenue, Tax revenue, National Currency [PAK_CGO_NR_GR_TR_XDC]",10620562.274862,million PKR,mof_central_govt_operations_sdmx,quarterly
2016-09-30,"Pakistan Definition,Central Government Operations, Net Revenue, Gross revenue , Nontax Revenue, Civil Administration, Defense receipts, National Currency [PAK_CGO_NR_GR_NTR_CA_DR_XDC]",2679.0,million PKR,mof_central_govt_operations_sdmx,quarterly
2016-12-31,"Pakistan Definition,Central Government Operations, Net Revenue, Gross revenue , Nontax Revenue, Civil Administration, Defense receipts, National Currency [PAK_CGO_NR_GR_NTR_CA_DR_XDC]",6101.0,million PKR,mof_central_govt_operations_sdmx,quarterly
2017-03-31,"Pakistan Definition,Central Government Operations, Net Revenue, Gross revenue , Nontax Revenue, Civil Administration, Defense receipts, National Currency [PAK_CGO_NR_GR_NTR_CA_DR_XDC]",9300.0,million PKR,mof_central_govt_operations_sdmx,quarterly
2017-06-30,"Pakistan Definition,Central Government Operations, Net Revenue, Gross revenue , Nontax Revenue, Civil Administration, Defense receipts, National Currency [PAK_CGO_NR_GR_NTR_CA_DR_XDC]",12779.0,million PKR,mof_central_govt_operations_sdmx,quarterly
2017-09-30,"Pakistan Definition,Central Government Operations, Net Revenue, Gross revenue , Nontax Revenue, Civil Administration, Defense receipts, National Currency [PAK_CGO_NR_GR_NTR_CA_DR_XDC]",2430.0,million PKR,mof_central_govt_operations_sdmx,quarterly
2017-12-31,"Pakistan Definition,Central Government Operations, Net Revenue, Gross revenue , Nontax Revenue, Civil Administration, Defense receipts, National Currency [PAK_CGO_NR_GR_NTR_CA_DR_XDC]",6264.0,million PKR,mof_central_govt_operations_sdmx,quarterly
2018-03-31,"Pakistan Definition,Central Government Operations, Net Revenue, Gross revenue , Nontax Revenue, Civil Administration, Defense receipts, National Currency [PAK_CGO_NR_GR_NTR_CA_DR_XDC]",10745.0,million PKR,mof_central_govt_operations_sdmx,quarterly
2018-06-30,"Pakistan Definition,Central Government Operations, Net Revenue, Gross revenue , Nontax Revenue, Civil Administration, Defense receipts, National Currency [PAK_CGO_NR_GR_NTR_CA_DR_XDC]",15645.0,million PKR,mof_central_govt_operations_sdmx,quarterly
2018-09-30,"Pakistan Definition,Central Government Operations, Net Revenue, Gross revenue , Nontax Revenue, Civil Administration, Defense receipts, National Currency [PAK_CGO_NR_GR_NTR_CA_DR_XDC]",2610.0,million PKR,mof_central_govt_operations_sdmx,quarterly
2018-12-31,"Pakistan Definition,Central Government Operations, Net Revenue, Gross revenue , Nontax Revenue, Civil Administration, Defense receipts, National Currency [PAK_CGO_NR_GR_NTR_CA_DR_XDC]",6488.0,million PKR,mof_central_govt_operations_sdmx,quarterly
2019-03-31,"Pakistan Definition,Central Government Operations, Net Revenue, Gross revenue , Nontax Revenue, Civil Administration, Defense receipts, National Currency [PAK_CGO_NR_GR_NTR_CA_DR_XDC]",10843.0,million PKR,mof_central_govt_operations_sdmx,quarterly
2019-06-30,"Pakistan Definition,Central Government Operations, Net Revenue, Gross revenue , Nontax Revenue, Civil Administration, Defense receipts, National Currency [PAK_CGO_NR_GR_NTR_CA_DR_XDC]",14422.0,million PKR,mof_central_govt_operations_sdmx,quarterly
2019-09-30,"Pakistan Definition,Central Government Operations, Net Revenue, Gross revenue , Nontax Revenue, Civil Administration, Defense receipts, National Currency [PAK_CGO_NR_GR_NTR_CA_DR_XDC]",2880.0,million PKR,mof_central_govt_operations_sdmx,quarterly
2019-12-31,"Pakistan Definition,Central Government Operations, Net Revenue, Gross revenue , Nontax Revenue, Civil Administration, Defense receipts, National Currency [PAK_CGO_NR_GR_NTR_CA_DR_XDC]",6533.0,million PKR,mof_central_govt_operations_sdmx,quarterly
2020-03-31,"Pakistan Definition,Central Government Operations, Net Revenue, Gross revenue , Nontax Revenue, Civil Administration, Defense receipts, National Currency [PAK_CGO_NR_GR_NTR_CA_DR_XDC]",10544.0,million PKR,mof_central_govt_operations_sdmx,quarterly
2020-06-30,"Pakistan Definition,Central Government Operations, Net Revenue, Gross revenue , Nontax Revenue, Civil Administration, Defense receipts, National Currency [PAK_CGO_NR_GR_NTR_CA_DR_XDC]",14856.0,million PKR,mof_central_govt_operations_sdmx,quarterly
2020-09-30,"Pakistan Definition,Central Government Operations, Net Revenue, Gross revenue , Nontax Revenue, Civil Administration, Defense receipts, National Currency [PAK_CGO_NR_GR_NTR_CA_DR_XDC]",2843.0,million PKR,mof_central_govt_operations_sdmx,quarterly
2020-12-31,"Pakistan Definition,Central Government Operations, Net Revenue, Gross revenue , Nontax Revenue, Civil Administration, Defense receipts, National Currency [PAK_CGO_NR_GR_NTR_CA_DR_XDC]",7749.0,million PKR,mof_central_govt_operations_sdmx,quarterly
2021-03-31,"Pakistan Definition,Central Government Operations, Net Revenue, Gross revenue , Nontax Revenue, Civil Administration, Defense receipts, National Currency [PAK_CGO_NR_GR_NTR_CA_DR_XDC]",12152.0,million PKR,mof_central_govt_operations_sdmx,quarterly
2021-06-30,"Pakistan Definition,Central Government Operations, Net Revenue, Gross revenue , Nontax Revenue, Civil Administration, Defense receipts, National Currency [PAK_CGO_NR_GR_NTR_CA_DR_XDC]",17261.0,million PKR,mof_central_govt_operations_sdmx,quarterly
2021-09-30,"Pakistan Definition,Central Government Operations, Net Revenue, Gross revenue , Nontax Revenue, Civil Administration, Defense receipts, National Currency [PAK_CGO_NR_GR_NTR_CA_DR_XDC]",3794.0,million PKR,mof_central_govt_operations_sdmx,quarterly
2021-12-31,"Pakistan Definition,Central Government Operations, Net Revenue, Gross revenue , Nontax Revenue, Civil Administration, Defense receipts, National Currency [PAK_CGO_NR_GR_NTR_CA_DR_XDC]",9261.0,million PKR,mof_central_govt_operations_sdmx,quarterly
2022-03-31,"Pakistan Definition,Central Government Operations, Net Revenue, Gross revenue , Nontax Revenue, Civil Administration, Defense receipts, National Currency [PAK_CGO_NR_GR_NTR_CA_DR_XDC]",14250.0,million PKR,mof_central_govt_operations_sdmx,quarterly
2022-06-30,"Pakistan Definition,Central Government Operations, Net Revenue, Gross revenue , Nontax Revenue, Civil Administration, Defense receipts, National Currency [PAK_CGO_NR_GR_NTR_CA_DR_XDC]",21133.0,million PKR,mof_central_govt_operations_sdmx,quarterly
2022-09-30,"Pakistan Definition,Central Government Operations, Net Revenue, Gross revenue , Nontax Revenue, Civil Administration, Defense receipts, National Currency [PAK_CGO_NR_GR_NTR_CA_DR_XDC]",6600.0,million PKR,mof_central_govt_operations_sdmx,quarterly
2022-12-31,"Pakistan Definition,Central Government Operations, Net Revenue, Gross revenue , Nontax Revenue, Civil Administration, Defense receipts, National Currency [PAK_CGO_NR_GR_NTR_CA_DR_XDC]",14235.0,million PKR,mof_central_govt_operations_sdmx,quarterly
2023-03-31,"Pakistan Definition,Central Government Operations, Net Revenue, Gross revenue , Nontax Revenue, Civil Administration, Defense receipts, National Currency [PAK_CGO_NR_GR_NTR_CA_DR_XDC]",22331.37,million PKR,mof_central_govt_operations_sdmx,quarterly
2023-06-30,"Pakistan Definition,Central Government Operations, Net Revenue, Gross revenue , Nontax Revenue, Civil Administration, Defense receipts, National Currency [PAK_CGO_NR_GR_NTR_CA_DR_XDC]",30615.817945,million PKR,mof_central_govt_operations_sdmx,quarterly
2023-09-30,"Pakistan Definition,Central Government Operations, Net Revenue, Gross revenue , Nontax Revenue, Civil Administration, Defense receipts, National Currency [PAK_CGO_NR_GR_NTR_CA_DR_XDC]",6066.989493,million PKR,mof_central_govt_operations_sdmx,quarterly
2023-12-31,"Pakistan Definition,Central Government Operations, Net Revenue, Gross revenue , Nontax Revenue, Civil Administration, Defense receipts, National Currency [PAK_CGO_NR_GR_NTR_CA_DR_XDC]",14668.592197,million PKR,mof_central_govt_operations_sdmx,quarterly
2024-03-31,"Pakistan Definition,Central Government Operations, Net Revenue, Gross revenue , Nontax Revenue, Civil Administration, Defense receipts, National Currency [PAK_CGO_NR_GR_NTR_CA_DR_XDC]",23796.664814,million PKR,mof_central_govt_operations_sdmx,quarterly
2024-06-30,"Pakistan Definition,Central Government Operations, Net Revenue, Gross revenue , Nontax Revenue, Civil Administration, Defense receipts, National Currency [PAK_CGO_NR_GR_NTR_CA_DR_XDC]",31373.738115,million PKR,mof_central_govt_operations_sdmx,quarterly
2024-09-30,"Pakistan Definition,Central Government Operations, Net Revenue, Gross revenue , Nontax Revenue, Civil Administration, Defense receipts, National Currency [PAK_CGO_NR_GR_NTR_CA_DR_XDC]",6486.982178,million PKR,mof_central_govt_operations_sdmx,quarterly
2024-12-31,"Pakistan Definition,Central Government Operations, Net Revenue, Gross revenue , Nontax Revenue, Civil Administration, Defense receipts, National Currency [PAK_CGO_NR_GR_NTR_CA_DR_XDC]",13604.071775,million PKR,mof_central_govt_operations_sdmx,quarterly
2025-03-31,"Pakistan Definition,Central Government Operations, Net Revenue, Gross revenue , Nontax Revenue, Civil Administration, Defense receipts, National Currency [PAK_CGO_NR_GR_NTR_CA_DR_XDC]",19784.862831,million PKR,mof_central_govt_operations_sdmx,quarterly
2016-09-30,"Pakistan Definition,Central Government Operations, Net Revenue, Gross revenue , Nontax Revenue, Civil Administration, National Currency [PAK_CGO_NR_GR_NTR_CA_XDC]",49917.0,million PKR,mof_central_govt_operations_sdmx,quarterly
2016-12-31,"Pakistan Definition,Central Government Operations, Net Revenue, Gross revenue , Nontax Revenue, Civil Administration, National Currency [PAK_CGO_NR_GR_NTR_CA_XDC]",135190.0,million PKR,mof_central_govt_operations_sdmx,quarterly
2017-03-31,"Pakistan Definition,Central Government Operations, Net Revenue, Gross revenue , Nontax Revenue, Civil Administration, National Currency [PAK_CGO_NR_GR_NTR_CA_XDC]",158110.0,million PKR,mof_central_govt_operations_sdmx,quarterly
2017-06-30,"Pakistan Definition,Central Government Operations, Net Revenue, Gross revenue , Nontax Revenue, Civil Administration, National Currency [PAK_CGO_NR_GR_NTR_CA_XDC]",253388.0,million PKR,mof_central_govt_operations_sdmx,quarterly
2017-09-30,"Pakistan Definition,Central Government Operations, Net Revenue, Gross revenue , Nontax Revenue, Civil Administration, National Currency [PAK_CGO_NR_GR_NTR_CA_XDC]",54668.0,million PKR,mof_central_govt_operations_sdmx,quarterly
2017-12-31,"Pakistan Definition,Central Government Operations, Net Revenue, Gross revenue , Nontax Revenue, Civil Administration, National Currency [PAK_CGO_NR_GR_NTR_CA_XDC]",72995.0,million PKR,mof_central_govt_operations_sdmx,quarterly
2018-03-31,"Pakistan Definition,Central Government Operations, Net Revenue, Gross revenue , Nontax Revenue, Civil Administration, National Currency [PAK_CGO_NR_GR_NTR_CA_XDC]",154548.0,million PKR,mof_central_govt_operations_sdmx,quarterly
2018-06-30,"Pakistan Definition,Central Government Operations, Net Revenue, Gross revenue , Nontax Revenue, Civil Administration, National Currency [PAK_CGO_NR_GR_NTR_CA_XDC]",36525.0,million PKR,mof_central_govt_operations_sdmx,quarterly
2018-09-30,"Pakistan Definition,Central Government Operations, Net Revenue, Gross revenue , Nontax Revenue, Civil Administration, National Currency [PAK_CGO_NR_GR_NTR_CA_XDC]",189340.0,million PKR,mof_central_govt_operations_sdmx,quarterly
2018-12-31,"Pakistan Definition,Central Government Operations, Net Revenue, Gross revenue , Nontax Revenue, Civil Administration, National Currency [PAK_CGO_NR_GR_NTR_CA_XDC]",436556.0,million PKR,mof_central_govt_operations_sdmx,quarterly
2019-03-31,"Pakistan Definition,Central Government Operations, Net Revenue, Gross revenue , Nontax Revenue, Civil Administration, National Currency [PAK_CGO_NR_GR_NTR_CA_XDC]",652490.0,million PKR,mof_central_govt_operations_sdmx,quarterly
2019-06-30,"Pakistan Definition,Central Government Operations, Net Revenue, Gross revenue , Nontax Revenue, Civil Administration, National Currency [PAK_CGO_NR_GR_NTR_CA_XDC]",957904.0,million PKR,mof_central_govt_operations_sdmx,quarterly
2019-09-30,"Pakistan Definition,Central Government Operations, Net Revenue, Gross revenue , Nontax Revenue, Civil Administration, National Currency [PAK_CGO_NR_GR_NTR_CA_XDC]",109265.0,million PKR,mof_central_govt_operations_sdmx,quarterly
2019-12-31,"Pakistan Definition,Central Government Operations, Net Revenue, Gross revenue , Nontax Revenue, Civil Administration, National Currency [PAK_CGO_NR_GR_NTR_CA_XDC]",382173.0,million PKR,mof_central_govt_operations_sdmx,quarterly
2020-03-31,"Pakistan Definition,Central Government Operations, Net Revenue, Gross revenue , Nontax Revenue, Civil Administration, National Currency [PAK_CGO_NR_GR_NTR_CA_XDC]",512987.0,million PKR,mof_central_govt_operations_sdmx,quarterly
2020-06-30,"Pakistan Definition,Central Government Operations, Net Revenue, Gross revenue , Nontax Revenue, Civil Administration, National Currency [PAK_CGO_NR_GR_NTR_CA_XDC]",672881.0,million PKR,mof_central_govt_operations_sdmx,quarterly
2020-09-30,"Pakistan Definition,Central Government Operations, Net Revenue, Gross revenue , Nontax Revenue, Civil Administration, National Currency [PAK_CGO_NR_GR_NTR_CA_XDC]",113606.0,million PKR,mof_central_govt_operations_sdmx,quarterly
2020-12-31,"Pakistan Definition,Central Government Operations, Net Revenue, Gross revenue , Nontax Revenue, Civil Administration, National Currency [PAK_CGO_NR_GR_NTR_CA_XDC]",395015.0,million PKR,mof_central_govt_operations_sdmx,quarterly
2021-03-31,"Pakistan Definition,Central Government Operations, Net Revenue, Gross revenue , Nontax Revenue, Civil Administration, National Currency [PAK_CGO_NR_GR_NTR_CA_XDC]",495376.0,million PKR,mof_central_govt_operations_sdmx,quarterly
2021-06-30,"Pakistan Definition,Central Government Operations, Net Revenue, Gross revenue , Nontax Revenue, Civil Administration, National Currency [PAK_CGO_NR_GR_NTR_CA_XDC]",504830.0,million PKR,mof_central_govt_operations_sdmx,quarterly
2021-09-30,"Pakistan Definition,Central Government Operations, Net Revenue, Gross revenue , Nontax Revenue, Civil Administration, National Currency [PAK_CGO_NR_GR_NTR_CA_XDC]",8863.0,million PKR,mof_central_govt_operations_sdmx,quarterly
2021-12-31,"Pakistan Definition,Central Government Operations, Net Revenue, Gross revenue , Nontax Revenue, Civil Administration, National Currency [PAK_CGO_NR_GR_NTR_CA_XDC]",388805.0,million PKR,mof_central_govt_operations_sdmx,quarterly
2022-03-31,"Pakistan Definition,Central Government Operations, Net Revenue, Gross revenue , Nontax Revenue, Civil Administration, National Currency [PAK_CGO_NR_GR_NTR_CA_XDC]",395837.0,million PKR,mof_central_govt_operations_sdmx,quarterly
2022-06-30,"Pakistan Definition,Central Government Operations, Net Revenue, Gross revenue , Nontax Revenue, Civil Administration, National Currency [PAK_CGO_NR_GR_NTR_CA_XDC]",406410.0,million PKR,mof_central_govt_operations_sdmx,quarterly
2022-09-30,"Pakistan Definition,Central Government Operations, Net Revenue, Gross revenue , Nontax Revenue, Civil Administration, National Currency [PAK_CGO_NR_GR_NTR_CA_XDC]",11124.0,million PKR,mof_central_govt_operations_sdmx,quarterly
2022-12-31,"Pakistan Definition,Central Government Operations, Net Revenue, Gross revenue , Nontax Revenue, Civil Administration, National Currency [PAK_CGO_NR_GR_NTR_CA_XDC]",994149.0,million PKR,mof_central_govt_operations_sdmx,quarterly
2023-03-31,"Pakistan Definition,Central Government Operations, Net Revenue, Gross revenue , Nontax Revenue, Civil Administration, National Currency [PAK_CGO_NR_GR_NTR_CA_XDC]",1006039.37,million PKR,mof_central_govt_operations_sdmx,quarterly
2023-06-30,"Pakistan Definition,Central Government Operations, Net Revenue, Gross revenue , Nontax Revenue, Civil Administration, National Currency [PAK_CGO_NR_GR_NTR_CA_XDC]",1018158.2159450001,million PKR,mof_central_govt_operations_sdmx,quarterly
2023-09-30,"Pakistan Definition,Central Government Operations, Net Revenue, Gross revenue , Nontax Revenue, Civil Administration, National Currency [PAK_CGO_NR_GR_NTR_CA_XDC]",2508775.7424359997,million PKR,mof_central_govt_operations_sdmx,quarterly
2023-12-31,"Pakistan Definition,Central Government Operations, Net Revenue, Gross revenue , Nontax Revenue, Civil Administration, National Currency [PAK_CGO_NR_GR_NTR_CA_XDC]",2521177.592197,million PKR,mof_central_govt_operations_sdmx,quarterly
2024-03-31,"Pakistan Definition,Central Government Operations, Net Revenue, Gross revenue , Nontax Revenue, Civil Administration, National Currency [PAK_CGO_NR_GR_NTR_CA_XDC]",2533603.664814,million PKR,mof_central_govt_operations_sdmx,quarterly
2024-06-30,"Pakistan Definition,Central Government Operations, Net Revenue, Gross revenue , Nontax Revenue, Civil Administration, National Currency [PAK_CGO_NR_GR_NTR_CA_XDC]",2664601.6681150002,million PKR,mof_central_govt_operations_sdmx,quarterly
2024-09-30,"Pakistan Definition,Central Government Operations, Net Revenue, Gross revenue , Nontax Revenue, Civil Administration, National Currency [PAK_CGO_NR_GR_NTR_CA_XDC]",2439236.372178,million PKR,mof_central_govt_operations_sdmx,quarterly
2024-12-31,"Pakistan Definition,Central Government Operations, Net Revenue, Gross revenue , Nontax Revenue, Civil Administration, National Currency [PAK_CGO_NR_GR_NTR_CA_XDC]",2449892.703184,million PKR,mof_central_govt_operations_sdmx,quarterly
2025-03-31,"Pakistan Definition,Central Government Operations, Net Revenue, Gross revenue , Nontax Revenue, Civil Administration, National Currency [PAK_CGO_NR_GR_NTR_CA_XDC]",2460223.1275279997,million PKR,mof_central_govt_operations_sdmx,quarterly
2016-09-30,"Pakistan Definition,Central Government Operations, Net Revenue, Gross revenue , Nontax Revenue, Civil Administration, Others, National Currency [PAK_CGO_NR_GR_NTR_CA_O_XDC]",2238.0,million PKR,mof_central_govt_operations_sdmx,quarterly
2016-12-31,"Pakistan Definition,Central Government Operations, Net Revenue, Gross revenue , Nontax Revenue, Civil Administration, Others, National Currency [PAK_CGO_NR_GR_NTR_CA_O_XDC]",3902.0,million PKR,mof_central_govt_operations_sdmx,quarterly
2017-03-31,"Pakistan Definition,Central Government Operations, Net Revenue, Gross revenue , Nontax Revenue, Civil Administration, Others, National Currency [PAK_CGO_NR_GR_NTR_CA_O_XDC]",5623.0,million PKR,mof_central_govt_operations_sdmx,quarterly
2017-06-30,"Pakistan Definition,Central Government Operations, Net Revenue, Gross revenue , Nontax Revenue, Civil Administration, Others, National Currency [PAK_CGO_NR_GR_NTR_CA_O_XDC]",7422.0,million PKR,mof_central_govt_operations_sdmx,quarterly
2017-09-30,"Pakistan Definition,Central Government Operations, Net Revenue, Gross revenue , Nontax Revenue, Civil Administration, Others, National Currency [PAK_CGO_NR_GR_NTR_CA_O_XDC]",1528.0,million PKR,mof_central_govt_operations_sdmx,quarterly
2017-12-31,"Pakistan Definition,Central Government Operations, Net Revenue, Gross revenue , Nontax Revenue, Civil Administration, Others, National Currency [PAK_CGO_NR_GR_NTR_CA_O_XDC]",3501.0,million PKR,mof_central_govt_operations_sdmx,quarterly
2018-03-31,"Pakistan Definition,Central Government Operations, Net Revenue, Gross revenue , Nontax Revenue, Civil Administration, Others, National Currency [PAK_CGO_NR_GR_NTR_CA_O_XDC]",5573.0,million PKR,mof_central_govt_operations_sdmx,quarterly
2018-06-30,"Pakistan Definition,Central Government Operations, Net Revenue, Gross revenue , Nontax Revenue, Civil Administration, Others, National Currency [PAK_CGO_NR_GR_NTR_CA_O_XDC]",8360.0,million PKR,mof_central_govt_operations_sdmx,quarterly
2018-09-30,"Pakistan Definition,Central Government Operations, Net Revenue, Gross revenue , Nontax Revenue, Civil Administration, Others, National Currency [PAK_CGO_NR_GR_NTR_CA_O_XDC]",1730.0,million PKR,mof_central_govt_operations_sdmx,quarterly
2018-12-31,"Pakistan Definition,Central Government Operations, Net Revenue, Gross revenue , Nontax Revenue, Civil Administration, Others, National Currency [PAK_CGO_NR_GR_NTR_CA_O_XDC]",3549.0,million PKR,mof_central_govt_operations_sdmx,quarterly
2019-03-31,"Pakistan Definition,Central Government Operations, Net Revenue, Gross revenue , Nontax Revenue, Civil Administration, Others, National Currency [PAK_CGO_NR_GR_NTR_CA_O_XDC]",6128.0,million PKR,mof_central_govt_operations_sdmx,quarterly
2019-06-30,"Pakistan Definition,Central Government Operations, Net Revenue, Gross revenue , Nontax Revenue, Civil Administration, Others, National Currency [PAK_CGO_NR_GR_NTR_CA_O_XDC]",7963.0,million PKR,mof_central_govt_operations_sdmx,quarterly
2019-09-30,"Pakistan Definition,Central Government Operations, Net Revenue, Gross revenue , Nontax Revenue, Civil Administration, Others, National Currency [PAK_CGO_NR_GR_NTR_CA_O_XDC]",1385.0,million PKR,mof_central_govt_operations_sdmx,quarterly
2019-12-31,"Pakistan Definition,Central Government Operations, Net Revenue, Gross revenue , Nontax Revenue, Civil Administration, Others, National Currency [PAK_CGO_NR_GR_NTR_CA_O_XDC]",3099.0,million PKR,mof_central_govt_operations_sdmx,quarterly
2020-03-31,"Pakistan Definition,Central Government Operations, Net Revenue, Gross revenue , Nontax Revenue, Civil Administration, Others, National Currency [PAK_CGO_NR_GR_NTR_CA_O_XDC]",4902.0,million PKR,mof_central_govt_operations_sdmx,quarterly
2020-06-30,"Pakistan Definition,Central Government Operations, Net Revenue, Gross revenue , Nontax Revenue, Civil Administration, Others, National Currency [PAK_CGO_NR_GR_NTR_CA_O_XDC]",7484.0,million PKR,mof_central_govt_operations_sdmx,quarterly
2020-09-30,"Pakistan Definition,Central Government Operations, Net Revenue, Gross revenue , Nontax Revenue, Civil Administration, Others, National Currency [PAK_CGO_NR_GR_NTR_CA_O_XDC]",1763.0,million PKR,mof_central_govt_operations_sdmx,quarterly
2020-12-31,"Pakistan Definition,Central Government Operations, Net Revenue, Gross revenue , Nontax Revenue, Civil Administration, Others, National Currency [PAK_CGO_NR_GR_NTR_CA_O_XDC]",7292.0,million PKR,mof_central_govt_operations_sdmx,quarterly
2021-03-31,"Pakistan Definition,Central Government Operations, Net Revenue, Gross revenue , Nontax Revenue, Civil Administration, Others, National Currency [PAK_CGO_NR_GR_NTR_CA_O_XDC]",9650.0,million PKR,mof_central_govt_operations_sdmx,quarterly
2021-06-30,"Pakistan Definition,Central Government Operations, Net Revenue, Gross revenue , Nontax Revenue, Civil Administration, Others, National Currency [PAK_CGO_NR_GR_NTR_CA_O_XDC]",13995.0,million PKR,mof_central_govt_operations_sdmx,quarterly
2021-09-30,"Pakistan Definition,Central Government Operations, Net Revenue, Gross revenue , Nontax Revenue, Civil Administration, Others, National Currency [PAK_CGO_NR_GR_NTR_CA_O_XDC]",5069.0,million PKR,mof_central_govt_operations_sdmx,quarterly
2021-12-31,"Pakistan Definition,Central Government Operations, Net Revenue, Gross revenue , Nontax Revenue, Civil Administration, Others, National Currency [PAK_CGO_NR_GR_NTR_CA_O_XDC]",8358.0,million PKR,mof_central_govt_operations_sdmx,quarterly
2022-03-31,"Pakistan Definition,Central Government Operations, Net Revenue, Gross revenue , Nontax Revenue, Civil Administration, Others, National Currency [PAK_CGO_NR_GR_NTR_CA_O_XDC]",10401.0,million PKR,mof_central_govt_operations_sdmx,quarterly
2022-06-30,"Pakistan Definition,Central Government Operations, Net Revenue, Gross revenue , Nontax Revenue, Civil Administration, Others, National Currency [PAK_CGO_NR_GR_NTR_CA_O_XDC]",14091.0,million PKR,mof_central_govt_operations_sdmx,quarterly
2022-09-30,"Pakistan Definition,Central Government Operations, Net Revenue, Gross revenue , Nontax Revenue, Civil Administration, Others, National Currency [PAK_CGO_NR_GR_NTR_CA_O_XDC]",4524.0,million PKR,mof_central_govt_operations_sdmx,quarterly
2022-12-31,"Pakistan Definition,Central Government Operations, Net Revenue, Gross revenue , Nontax Revenue, Civil Administration, Others, National Currency [PAK_CGO_NR_GR_NTR_CA_O_XDC]",7731.0,million PKR,mof_central_govt_operations_sdmx,quarterly
2023-03-31,"Pakistan Definition,Central Government Operations, Net Revenue, Gross revenue , Nontax Revenue, Civil Administration, Others, National Currency [PAK_CGO_NR_GR_NTR_CA_O_XDC]",11525.0,million PKR,mof_central_govt_operations_sdmx,quarterly
2023-06-30,"Pakistan Definition,Central Government Operations, Net Revenue, Gross revenue , Nontax Revenue, Civil Administration, Others, National Currency [PAK_CGO_NR_GR_NTR_CA_O_XDC]",15359.398,million PKR,mof_central_govt_operations_sdmx,quarterly
2023-09-30,"Pakistan Definition,Central Government Operations, Net Revenue, Gross revenue , Nontax Revenue, Civil Administration, Others, National Currency [PAK_CGO_NR_GR_NTR_CA_O_XDC]",2708.752943,million PKR,mof_central_govt_operations_sdmx,quarterly
2023-12-31,"Pakistan Definition,Central Government Operations, Net Revenue, Gross revenue , Nontax Revenue, Civil Administration, Others, National Currency [PAK_CGO_NR_GR_NTR_CA_O_XDC]",6509.0,million PKR,mof_central_govt_operations_sdmx,quarterly
2024-03-31,"Pakistan Definition,Central Government Operations, Net Revenue, Gross revenue , Nontax Revenue, Civil Administration, Others, National Currency [PAK_CGO_NR_GR_NTR_CA_O_XDC]",9807.0,million PKR,mof_central_govt_operations_sdmx,quarterly
2024-06-30,"Pakistan Definition,Central Government Operations, Net Revenue, Gross revenue , Nontax Revenue, Civil Administration, Others, National Currency [PAK_CGO_NR_GR_NTR_CA_O_XDC]",13625.0,million PKR,mof_central_govt_operations_sdmx,quarterly
2024-09-30,"Pakistan Definition,Central Government Operations, Net Revenue, Gross revenue , Nontax Revenue, Civil Administration, Others, National Currency [PAK_CGO_NR_GR_NTR_CA_O_XDC]",4385.0,million PKR,mof_central_govt_operations_sdmx,quarterly
2024-12-31,"Pakistan Definition,Central Government Operations, Net Revenue, Gross revenue , Nontax Revenue, Civil Administration, Others, National Currency [PAK_CGO_NR_GR_NTR_CA_O_XDC]",7924.241409,million PKR,mof_central_govt_operations_sdmx,quarterly
2025-03-31,"Pakistan Definition,Central Government Operations, Net Revenue, Gross revenue , Nontax Revenue, Civil Administration, Others, National Currency [PAK_CGO_NR_GR_NTR_CA_O_XDC]",12073.874697,million PKR,mof_central_govt_operations_sdmx,quarterly
2016-09-30,"Pakistan Definition,Central Government Operations, Net Revenue, Gross revenue , Nontax Revenue, Civil Administration, Profit of SBP, National Currency [PAK_CGO_NR_GR_NTR_CA_PSBP_XDC]",45000.0,million PKR,mof_central_govt_operations_sdmx,quarterly
2016-12-31,"Pakistan Definition,Central Government Operations, Net Revenue, Gross revenue , Nontax Revenue, Civil Administration, Profit of SBP, National Currency [PAK_CGO_NR_GR_NTR_CA_PSBP_XDC]",125187.0,million PKR,mof_central_govt_operations_sdmx,quarterly
2017-03-31,"Pakistan Definition,Central Government Operations, Net Revenue, Gross revenue , Nontax Revenue, Civil Administration, Profit of SBP, National Currency [PAK_CGO_NR_GR_NTR_CA_PSBP_XDC]",143187.0,million PKR,mof_central_govt_operations_sdmx,quarterly
2017-06-30,"Pakistan Definition,Central Government Operations, Net Revenue, Gross revenue , Nontax Revenue, Civil Administration, Profit of SBP, National Currency [PAK_CGO_NR_GR_NTR_CA_PSBP_XDC]",233187.0,million PKR,mof_central_govt_operations_sdmx,quarterly
2017-09-30,"Pakistan Definition,Central Government Operations, Net Revenue, Gross revenue , Nontax Revenue, Civil Administration, Profit of SBP, National Currency [PAK_CGO_NR_GR_NTR_CA_PSBP_XDC]",50710.0,million PKR,mof_central_govt_operations_sdmx,quarterly
2017-12-31,"Pakistan Definition,Central Government Operations, Net Revenue, Gross revenue , Nontax Revenue, Civil Administration, Profit of SBP, National Currency [PAK_CGO_NR_GR_NTR_CA_PSBP_XDC]",63230.0,million PKR,mof_central_govt_operations_sdmx,quarterly
2018-03-31,"Pakistan Definition,Central Government Operations, Net Revenue, Gross revenue , Nontax Revenue, Civil Administration, Profit of SBP, National Currency [PAK_CGO_NR_GR_NTR_CA_PSBP_XDC]",138230.0,million PKR,mof_central_govt_operations_sdmx,quarterly
2018-06-30,"Pakistan Definition,Central Government Operations, Net Revenue, Gross revenue , Nontax Revenue, Civil Administration, Profit of SBP, National Currency [PAK_CGO_NR_GR_NTR_CA_PSBP_XDC]",12520.0,million PKR,mof_central_govt_operations_sdmx,quarterly
2018-09-30,"Pakistan Definition,Central Government Operations, Net Revenue, Gross revenue , Nontax Revenue, Civil Administration, Profit of SBP, National Currency [PAK_CGO_NR_GR_NTR_CA_PSBP_XDC]",185000.0,million PKR,mof_central_govt_operations_sdmx,quarterly
2018-12-31,"Pakistan Definition,Central Government Operations, Net Revenue, Gross revenue , Nontax Revenue, Civil Administration, Profit of SBP, National Currency [PAK_CGO_NR_GR_NTR_CA_PSBP_XDC]",426519.0,million PKR,mof_central_govt_operations_sdmx,quarterly
2019-03-31,"Pakistan Definition,Central Government Operations, Net Revenue, Gross revenue , Nontax Revenue, Civil Administration, Profit of SBP, National Currency [PAK_CGO_NR_GR_NTR_CA_PSBP_XDC]",635519.0,million PKR,mof_central_govt_operations_sdmx,quarterly
2019-06-30,"Pakistan Definition,Central Government Operations, Net Revenue, Gross revenue , Nontax Revenue, Civil Administration, Profit of SBP, National Currency [PAK_CGO_NR_GR_NTR_CA_PSBP_XDC]",935519.0,million PKR,mof_central_govt_operations_sdmx,quarterly
2019-09-30,"Pakistan Definition,Central Government Operations, Net Revenue, Gross revenue , Nontax Revenue, Civil Administration, Profit of SBP, National Currency [PAK_CGO_NR_GR_NTR_CA_PSBP_XDC]",105000.0,million PKR,mof_central_govt_operations_sdmx,quarterly
2019-12-31,"Pakistan Definition,Central Government Operations, Net Revenue, Gross revenue , Nontax Revenue, Civil Administration, Profit of SBP, National Currency [PAK_CGO_NR_GR_NTR_CA_PSBP_XDC]",372541.0,million PKR,mof_central_govt_operations_sdmx,quarterly
2020-03-31,"Pakistan Definition,Central Government Operations, Net Revenue, Gross revenue , Nontax Revenue, Civil Administration, Profit of SBP, National Currency [PAK_CGO_NR_GR_NTR_CA_PSBP_XDC]",497541.0,million PKR,mof_central_govt_operations_sdmx,quarterly
2020-06-30,"Pakistan Definition,Central Government Operations, Net Revenue, Gross revenue , Nontax Revenue, Civil Administration, Profit of SBP, National Currency [PAK_CGO_NR_GR_NTR_CA_PSBP_XDC]",650541.0,million PKR,mof_central_govt_operations_sdmx,quarterly
2020-09-30,"Pakistan Definition,Central Government Operations, Net Revenue, Gross revenue , Nontax Revenue, Civil Administration, Profit of SBP, National Currency [PAK_CGO_NR_GR_NTR_CA_PSBP_XDC]",109000.0,million PKR,mof_central_govt_operations_sdmx,quarterly
2020-12-31,"Pakistan Definition,Central Government Operations, Net Revenue, Gross revenue , Nontax Revenue, Civil Administration, Profit of SBP, National Currency [PAK_CGO_NR_GR_NTR_CA_PSBP_XDC]",379974.0,million PKR,mof_central_govt_operations_sdmx,quarterly
2021-03-31,"Pakistan Definition,Central Government Operations, Net Revenue, Gross revenue , Nontax Revenue, Civil Administration, Profit of SBP, National Currency [PAK_CGO_NR_GR_NTR_CA_PSBP_XDC]",473574.0,million PKR,mof_central_govt_operations_sdmx,quarterly
2021-06-30,"Pakistan Definition,Central Government Operations, Net Revenue, Gross revenue , Nontax Revenue, Civil Administration, Profit of SBP, National Currency [PAK_CGO_NR_GR_NTR_CA_PSBP_XDC]",473574.0,million PKR,mof_central_govt_operations_sdmx,quarterly
2021-09-30,"Pakistan Definition,Central Government Operations, Net Revenue, Gross revenue , Nontax Revenue, Civil Administration, Profit of SBP, National Currency [PAK_CGO_NR_GR_NTR_CA_PSBP_XDC]",0.0,million PKR,mof_central_govt_operations_sdmx,quarterly
2021-12-31,"Pakistan Definition,Central Government Operations, Net Revenue, Gross revenue , Nontax Revenue, Civil Administration, Profit of SBP, National Currency [PAK_CGO_NR_GR_NTR_CA_PSBP_XDC]",371186.0,million PKR,mof_central_govt_operations_sdmx,quarterly
2022-03-31,"Pakistan Definition,Central Government Operations, Net Revenue, Gross revenue , Nontax Revenue, Civil Administration, Profit of SBP, National Currency [PAK_CGO_NR_GR_NTR_CA_PSBP_XDC]",371186.0,million PKR,mof_central_govt_operations_sdmx,quarterly
2022-06-30,"Pakistan Definition,Central Government Operations, Net Revenue, Gross revenue , Nontax Revenue, Civil Administration, Profit of SBP, National Currency [PAK_CGO_NR_GR_NTR_CA_PSBP_XDC]",371186.0,million PKR,mof_central_govt_operations_sdmx,quarterly
2022-09-30,"Pakistan Definition,Central Government Operations, Net Revenue, Gross revenue , Nontax Revenue, Civil Administration, Profit of SBP, National Currency [PAK_CGO_NR_GR_NTR_CA_PSBP_XDC]",0.0,million PKR,mof_central_govt_operations_sdmx,quarterly
2022-12-31,"Pakistan Definition,Central Government Operations, Net Revenue, Gross revenue , Nontax Revenue, Civil Administration, Profit of SBP, National Currency [PAK_CGO_NR_GR_NTR_CA_PSBP_XDC]",972183.0,million PKR,mof_central_govt_operations_sdmx,quarterly
2023-03-31,"Pakistan Definition,Central Government Operations, Net Revenue, Gross revenue , Nontax Revenue, Civil Administration, Profit of SBP, National Currency [PAK_CGO_NR_GR_NTR_CA_PSBP_XDC]",972183.0,million PKR,mof_central_govt_operations_sdmx,quarterly
2023-06-30,"Pakistan Definition,Central Government Operations, Net Revenue, Gross revenue , Nontax Revenue, Civil Administration, Profit of SBP, National Currency [PAK_CGO_NR_GR_NTR_CA_PSBP_XDC]",972183.0,million PKR,mof_central_govt_operations_sdmx,quarterly
2023-09-30,"Pakistan Definition,Central Government Operations, Net Revenue, Gross revenue , Nontax Revenue, Civil Administration, Profit of SBP, National Currency [PAK_CGO_NR_GR_NTR_CA_PSBP_XDC]",2500000.0,million PKR,mof_central_govt_operations_sdmx,quarterly
2023-12-31,"Pakistan Definition,Central Government Operations, Net Revenue, Gross revenue , Nontax Revenue, Civil Administration, Profit of SBP, National Currency [PAK_CGO_NR_GR_NTR_CA_PSBP_XDC]",2500000.0,million PKR,mof_central_govt_operations_sdmx,quarterly
2024-03-31,"Pakistan Definition,Central Government Operations, Net Revenue, Gross revenue , Nontax Revenue, Civil Administration, Profit of SBP, National Currency [PAK_CGO_NR_GR_NTR_CA_PSBP_XDC]",2500000.0,million PKR,mof_central_govt_operations_sdmx,quarterly
2024-06-30,"Pakistan Definition,Central Government Operations, Net Revenue, Gross revenue , Nontax Revenue, Civil Administration, Profit of SBP, National Currency [PAK_CGO_NR_GR_NTR_CA_PSBP_XDC]",2619602.93,million PKR,mof_central_govt_operations_sdmx,quarterly
2024-09-30,"Pakistan Definition,Central Government Operations, Net Revenue, Gross revenue , Nontax Revenue, Civil Administration, Profit of SBP, National Currency [PAK_CGO_NR_GR_NTR_CA_PSBP_XDC]",2428364.39,million PKR,mof_central_govt_operations_sdmx,quarterly
2024-12-31,"Pakistan Definition,Central Government Operations, Net Revenue, Gross revenue , Nontax Revenue, Civil Administration, Profit of SBP, National Currency [PAK_CGO_NR_GR_NTR_CA_PSBP_XDC]",2428364.39,million PKR,mof_central_govt_operations_sdmx,quarterly
2025-03-31,"Pakistan Definition,Central Government Operations, Net Revenue, Gross revenue , Nontax Revenue, Civil Administration, Profit of SBP, National Currency [PAK_CGO_NR_GR_NTR_CA_PSBP_XDC]",2428364.39,million PKR,mof_central_govt_operations_sdmx,quarterly
2016-09-30,"Pakistan Definition,Central Government Operations, Net Revenue, Gross revenue , Nontax Revenue, Miscellaneous receipts, Airport tax, National Currency [PAK_CGO_NR_GR_NTR_MR_AT_XDC]",7.0,million PKR,mof_central_govt_operations_sdmx,quarterly
2016-12-31,"Pakistan Definition,Central Government Operations, Net Revenue, Gross revenue , Nontax Revenue, Miscellaneous receipts, Airport tax, National Currency [PAK_CGO_NR_GR_NTR_MR_AT_XDC]",15.0,million PKR,mof_central_govt_operations_sdmx,quarterly
2017-03-31,"Pakistan Definition,Central Government Operations, Net Revenue, Gross revenue , Nontax Revenue, Miscellaneous receipts, Airport tax, National Currency [PAK_CGO_NR_GR_NTR_MR_AT_XDC]",21.0,million PKR,mof_central_govt_operations_sdmx,quarterly
2017-06-30,"Pakistan Definition,Central Government Operations, Net Revenue, Gross revenue , Nontax Revenue, Miscellaneous receipts, Airport tax, National Currency [PAK_CGO_NR_GR_NTR_MR_AT_XDC]",29.0,million PKR,mof_central_govt_operations_sdmx,quarterly
2017-09-30,"Pakistan Definition,Central Government Operations, Net Revenue, Gross revenue , Nontax Revenue, Miscellaneous receipts, Airport tax, National Currency [PAK_CGO_NR_GR_NTR_MR_AT_XDC]",5.0,million PKR,mof_central_govt_operations_sdmx,quarterly
2017-12-31,"Pakistan Definition,Central Government Operations, Net Revenue, Gross revenue , Nontax Revenue, Miscellaneous receipts, Airport tax, National Currency [PAK_CGO_NR_GR_NTR_MR_AT_XDC]",12.0,million PKR,mof_central_govt_operations_sdmx,quarterly
2018-03-31,"Pakistan Definition,Central Government Operations, Net Revenue, Gross revenue , Nontax Revenue, Miscellaneous receipts, Airport tax, National Currency [PAK_CGO_NR_GR_NTR_MR_AT_XDC]",18.0,million PKR,mof_central_govt_operations_sdmx,quarterly
2018-06-30,"Pakistan Definition,Central Government Operations, Net Revenue, Gross revenue , Nontax Revenue, Miscellaneous receipts, Airport tax, National Currency [PAK_CGO_NR_GR_NTR_MR_AT_XDC]",24.0,million PKR,mof_central_govt_operations_sdmx,quarterly
2018-09-30,"Pakistan Definition,Central Government Operations, Net Revenue, Gross revenue , Nontax Revenue, Miscellaneous receipts, Airport tax, National Currency [PAK_CGO_NR_GR_NTR_MR_AT_XDC]",5.0,million PKR,mof_central_govt_operations_sdmx,quarterly
2018-12-31,"Pakistan Definition,Central Government Operations, Net Revenue, Gross revenue , Nontax Revenue, Miscellaneous receipts, Airport tax, National Currency [PAK_CGO_NR_GR_NTR_MR_AT_XDC]",10.0,million PKR,mof_central_govt_operations_sdmx,quarterly
2019-03-31,"Pakistan Definition,Central Government Operations, Net Revenue, Gross revenue , Nontax Revenue, Miscellaneous receipts, Airport tax, National Currency [PAK_CGO_NR_GR_NTR_MR_AT_XDC]",15.5,million PKR,mof_central_govt_operations_sdmx,quarterly
2019-06-30,"Pakistan Definition,Central Government Operations, Net Revenue, Gross revenue , Nontax Revenue, Miscellaneous receipts, Airport tax, National Currency [PAK_CGO_NR_GR_NTR_MR_AT_XDC]",17.0,million PKR,mof_central_govt_operations_sdmx,quarterly
2019-09-30,"Pakistan Definition,Central Government Operations, Net Revenue, Gross revenue , Nontax Revenue, Miscellaneous receipts, Airport tax, National Currency [PAK_CGO_NR_GR_NTR_MR_AT_XDC]",2.41,million PKR,mof_central_govt_operations_sdmx,quarterly
2019-12-31,"Pakistan Definition,Central Government Operations, Net Revenue, Gross revenue , Nontax Revenue, Miscellaneous receipts, Airport tax, National Currency [PAK_CGO_NR_GR_NTR_MR_AT_XDC]",9.0,million PKR,mof_central_govt_operations_sdmx,quarterly
2020-03-31,"Pakistan Definition,Central Government Operations, Net Revenue, Gross revenue , Nontax Revenue, Miscellaneous receipts, Airport tax, National Currency [PAK_CGO_NR_GR_NTR_MR_AT_XDC]",17.0,million PKR,mof_central_govt_operations_sdmx,quarterly
2020-06-30,"Pakistan Definition,Central Government Operations, Net Revenue, Gross revenue , Nontax Revenue, Miscellaneous receipts, Airport tax, National Currency [PAK_CGO_NR_GR_NTR_MR_AT_XDC]",17.09,million PKR,mof_central_govt_operations_sdmx,quarterly
2020-09-30,"Pakistan Definition,Central Government Operations, Net Revenue, Gross revenue , Nontax Revenue, Miscellaneous receipts, Airport tax, National Currency [PAK_CGO_NR_GR_NTR_MR_AT_XDC]",13.15,million PKR,mof_central_govt_operations_sdmx,quarterly
2020-12-31,"Pakistan Definition,Central Government Operations, Net Revenue, Gross revenue , Nontax Revenue, Miscellaneous receipts, Airport tax, National Currency [PAK_CGO_NR_GR_NTR_MR_AT_XDC]",25.0,million PKR,mof_central_govt_operations_sdmx,quarterly
2021-03-31,"Pakistan Definition,Central Government Operations, Net Revenue, Gross revenue , Nontax Revenue, Miscellaneous receipts, Airport tax, National Currency [PAK_CGO_NR_GR_NTR_MR_AT_XDC]",32.0,million PKR,mof_central_govt_operations_sdmx,quarterly
2021-06-30,"Pakistan Definition,Central Government Operations, Net Revenue, Gross revenue , Nontax Revenue, Miscellaneous receipts, Airport tax, National Currency [PAK_CGO_NR_GR_NTR_MR_AT_XDC]",39.0,million PKR,mof_central_govt_operations_sdmx,quarterly
2021-09-30,"Pakistan Definition,Central Government Operations, Net Revenue, Gross revenue , Nontax Revenue, Miscellaneous receipts, Airport tax, National Currency [PAK_CGO_NR_GR_NTR_MR_AT_XDC]",3.0,million PKR,mof_central_govt_operations_sdmx,quarterly
2021-12-31,"Pakistan Definition,Central Government Operations, Net Revenue, Gross revenue , Nontax Revenue, Miscellaneous receipts, Airport tax, National Currency [PAK_CGO_NR_GR_NTR_MR_AT_XDC]",11.0,million PKR,mof_central_govt_operations_sdmx,quarterly
2022-03-31,"Pakistan Definition,Central Government Operations, Net Revenue, Gross revenue , Nontax Revenue, Miscellaneous receipts, Airport tax, National Currency [PAK_CGO_NR_GR_NTR_MR_AT_XDC]",18.0,million PKR,mof_central_govt_operations_sdmx,quarterly
2022-06-30,"Pakistan Definition,Central Government Operations, Net Revenue, Gross revenue , Nontax Revenue, Miscellaneous receipts, Airport tax, National Currency [PAK_CGO_NR_GR_NTR_MR_AT_XDC]",27.0,million PKR,mof_central_govt_operations_sdmx,quarterly
2022-09-30,"Pakistan Definition,Central Government Operations, Net Revenue, Gross revenue , Nontax Revenue, Miscellaneous receipts, Airport tax, National Currency [PAK_CGO_NR_GR_NTR_MR_AT_XDC]",6.73,million PKR,mof_central_govt_operations_sdmx,quarterly
2022-12-31,"Pakistan Definition,Central Government Operations, Net Revenue, Gross revenue , Nontax Revenue, Miscellaneous receipts, Airport tax, National Currency [PAK_CGO_NR_GR_NTR_MR_AT_XDC]",15.0,million PKR,mof_central_govt_operations_sdmx,quarterly
2023-03-31,"Pakistan Definition,Central Government Operations, Net Revenue, Gross revenue , Nontax Revenue, Miscellaneous receipts, Airport tax, National Currency [PAK_CGO_NR_GR_NTR_MR_AT_XDC]",22.05,million PKR,mof_central_govt_operations_sdmx,quarterly
2023-06-30,"Pakistan Definition,Central Government Operations, Net Revenue, Gross revenue , Nontax Revenue, Miscellaneous receipts, Airport tax, National Currency [PAK_CGO_NR_GR_NTR_MR_AT_XDC]",32.77,million PKR,mof_central_govt_operations_sdmx,quarterly
2023-09-30,"Pakistan Definition,Central Government Operations, Net Revenue, Gross revenue , Nontax Revenue, Miscellaneous receipts, Airport tax, National Currency [PAK_CGO_NR_GR_NTR_MR_AT_XDC]",10.03,million PKR,mof_central_govt_operations_sdmx,quarterly
2023-12-31,"Pakistan Definition,Central Government Operations, Net Revenue, Gross revenue , Nontax Revenue, Miscellaneous receipts, Airport tax, National Currency [PAK_CGO_NR_GR_NTR_MR_AT_XDC]",18.87,million PKR,mof_central_govt_operations_sdmx,quarterly
2024-03-31,"Pakistan Definition,Central Government Operations, Net Revenue, Gross revenue , Nontax Revenue, Miscellaneous receipts, Airport tax, National Currency [PAK_CGO_NR_GR_NTR_MR_AT_XDC]",29.54,million PKR,mof_central_govt_operations_sdmx,quarterly
2024-06-30,"Pakistan Definition,Central Government Operations, Net Revenue, Gross revenue , Nontax Revenue, Miscellaneous receipts, Airport tax, National Currency [PAK_CGO_NR_GR_NTR_MR_AT_XDC]",44.0,million PKR,mof_central_govt_operations_sdmx,quarterly
2024-09-30,"Pakistan Definition,Central Government Operations, Net Revenue, Gross revenue , Nontax Revenue, Miscellaneous receipts, Airport tax, National Currency [PAK_CGO_NR_GR_NTR_MR_AT_XDC]",21.72,million PKR,mof_central_govt_operations_sdmx,quarterly
2024-12-31,"Pakistan Definition,Central Government Operations, Net Revenue, Gross revenue , Nontax Revenue, Miscellaneous receipts, Airport tax, National Currency [PAK_CGO_NR_GR_NTR_MR_AT_XDC]",33.31,million PKR,mof_central_govt_operations_sdmx,quarterly
2025-03-31,"Pakistan Definition,Central Government Operations, Net Revenue, Gross revenue , Nontax Revenue, Miscellaneous receipts, Airport tax, National Currency [PAK_CGO_NR_GR_NTR_MR_AT_XDC]",48.16,million PKR,mof_central_govt_operations_sdmx,quarterly
2016-09-30,"Pakistan Definition,Central Government Operations, Net Revenue, Gross revenue , Nontax Revenue, Miscellaneous receipts, National Currency [PAK_CGO_NR_GR_NTR_MR_XDC]",33589.0,million PKR,mof_central_govt_operations_sdmx,quarterly
2016-12-31,"Pakistan Definition,Central Government Operations, Net Revenue, Gross revenue , Nontax Revenue, Miscellaneous receipts, National Currency [PAK_CGO_NR_GR_NTR_MR_XDC]",126002.0,million PKR,mof_central_govt_operations_sdmx,quarterly
2017-03-31,"Pakistan Definition,Central Government Operations, Net Revenue, Gross revenue , Nontax Revenue, Miscellaneous receipts, National Currency [PAK_CGO_NR_GR_NTR_MR_XDC]",171022.0,million PKR,mof_central_govt_operations_sdmx,quarterly
2017-06-30,"Pakistan Definition,Central Government Operations, Net Revenue, Gross revenue , Nontax Revenue, Miscellaneous receipts, National Currency [PAK_CGO_NR_GR_NTR_MR_XDC]",220208.0,million PKR,mof_central_govt_operations_sdmx,quarterly
2017-09-30,"Pakistan Definition,Central Government Operations, Net Revenue, Gross revenue , Nontax Revenue, Miscellaneous receipts, National Currency [PAK_CGO_NR_GR_NTR_MR_XDC]",53197.0,million PKR,mof_central_govt_operations_sdmx,quarterly
2017-12-31,"Pakistan Definition,Central Government Operations, Net Revenue, Gross revenue , Nontax Revenue, Miscellaneous receipts, National Currency [PAK_CGO_NR_GR_NTR_MR_XDC]",104878.0,million PKR,mof_central_govt_operations_sdmx,quarterly
2018-03-31,"Pakistan Definition,Central Government Operations, Net Revenue, Gross revenue , Nontax Revenue, Miscellaneous receipts, National Currency [PAK_CGO_NR_GR_NTR_MR_XDC]",162733.0,million PKR,mof_central_govt_operations_sdmx,quarterly
2018-06-30,"Pakistan Definition,Central Government Operations, Net Revenue, Gross revenue , Nontax Revenue, Miscellaneous receipts, National Currency [PAK_CGO_NR_GR_NTR_MR_XDC]",220882.0,million PKR,mof_central_govt_operations_sdmx,quarterly
2018-09-30,"Pakistan Definition,Central Government Operations, Net Revenue, Gross revenue , Nontax Revenue, Miscellaneous receipts, National Currency [PAK_CGO_NR_GR_NTR_MR_XDC]",56527.0,million PKR,mof_central_govt_operations_sdmx,quarterly
2018-12-31,"Pakistan Definition,Central Government Operations, Net Revenue, Gross revenue , Nontax Revenue, Miscellaneous receipts, National Currency [PAK_CGO_NR_GR_NTR_MR_XDC]",119336.0,million PKR,mof_central_govt_operations_sdmx,quarterly
2019-03-31,"Pakistan Definition,Central Government Operations, Net Revenue, Gross revenue , Nontax Revenue, Miscellaneous receipts, National Currency [PAK_CGO_NR_GR_NTR_MR_XDC]",176207.5,million PKR,mof_central_govt_operations_sdmx,quarterly
2019-06-30,"Pakistan Definition,Central Government Operations, Net Revenue, Gross revenue , Nontax Revenue, Miscellaneous receipts, National Currency [PAK_CGO_NR_GR_NTR_MR_XDC]",222047.0,million PKR,mof_central_govt_operations_sdmx,quarterly
2019-09-30,"Pakistan Definition,Central Government Operations, Net Revenue, Gross revenue , Nontax Revenue, Miscellaneous receipts, National Currency [PAK_CGO_NR_GR_NTR_MR_XDC]",47295.91,million PKR,mof_central_govt_operations_sdmx,quarterly
2019-12-31,"Pakistan Definition,Central Government Operations, Net Revenue, Gross revenue , Nontax Revenue, Miscellaneous receipts, National Currency [PAK_CGO_NR_GR_NTR_MR_XDC]",102810.0,million PKR,mof_central_govt_operations_sdmx,quarterly
2020-03-31,"Pakistan Definition,Central Government Operations, Net Revenue, Gross revenue , Nontax Revenue, Miscellaneous receipts, National Currency [PAK_CGO_NR_GR_NTR_MR_XDC]",153155.5,million PKR,mof_central_govt_operations_sdmx,quarterly
2020-06-30,"Pakistan Definition,Central Government Operations, Net Revenue, Gross revenue , Nontax Revenue, Miscellaneous receipts, National Currency [PAK_CGO_NR_GR_NTR_MR_XDC]",201185.09,million PKR,mof_central_govt_operations_sdmx,quarterly
2020-09-30,"Pakistan Definition,Central Government Operations, Net Revenue, Gross revenue , Nontax Revenue, Miscellaneous receipts, National Currency [PAK_CGO_NR_GR_NTR_MR_XDC]",58279.83,million PKR,mof_central_govt_operations_sdmx,quarterly
2020-12-31,"Pakistan Definition,Central Government Operations, Net Revenue, Gross revenue , Nontax Revenue, Miscellaneous receipts, National Currency [PAK_CGO_NR_GR_NTR_MR_XDC]",125059.68,million PKR,mof_central_govt_operations_sdmx,quarterly
2021-03-31,"Pakistan Definition,Central Government Operations, Net Revenue, Gross revenue , Nontax Revenue, Miscellaneous receipts, National Currency [PAK_CGO_NR_GR_NTR_MR_XDC]",189318.0,million PKR,mof_central_govt_operations_sdmx,quarterly
2021-06-30,"Pakistan Definition,Central Government Operations, Net Revenue, Gross revenue , Nontax Revenue, Miscellaneous receipts, National Currency [PAK_CGO_NR_GR_NTR_MR_XDC]",265079.0,million PKR,mof_central_govt_operations_sdmx,quarterly
2021-09-30,"Pakistan Definition,Central Government Operations, Net Revenue, Gross revenue , Nontax Revenue, Miscellaneous receipts, National Currency [PAK_CGO_NR_GR_NTR_MR_XDC]",73764.0,million PKR,mof_central_govt_operations_sdmx,quarterly
2021-12-31,"Pakistan Definition,Central Government Operations, Net Revenue, Gross revenue , Nontax Revenue, Miscellaneous receipts, National Currency [PAK_CGO_NR_GR_NTR_MR_XDC]",167970.0,million PKR,mof_central_govt_operations_sdmx,quarterly
2022-03-31,"Pakistan Definition,Central Government Operations, Net Revenue, Gross revenue , Nontax Revenue, Miscellaneous receipts, National Currency [PAK_CGO_NR_GR_NTR_MR_XDC]",245640.0,million PKR,mof_central_govt_operations_sdmx,quarterly
2022-06-30,"Pakistan Definition,Central Government Operations, Net Revenue, Gross revenue , Nontax Revenue, Miscellaneous receipts, National Currency [PAK_CGO_NR_GR_NTR_MR_XDC]",353994.0,million PKR,mof_central_govt_operations_sdmx,quarterly
2022-09-30,"Pakistan Definition,Central Government Operations, Net Revenue, Gross revenue , Nontax Revenue, Miscellaneous receipts, National Currency [PAK_CGO_NR_GR_NTR_MR_XDC]",97576.73000000001,million PKR,mof_central_govt_operations_sdmx,quarterly
2022-12-31,"Pakistan Definition,Central Government Operations, Net Revenue, Gross revenue , Nontax Revenue, Miscellaneous receipts, National Currency [PAK_CGO_NR_GR_NTR_MR_XDC]",212272.0,million PKR,mof_central_govt_operations_sdmx,quarterly
2023-03-31,"Pakistan Definition,Central Government Operations, Net Revenue, Gross revenue , Nontax Revenue, Miscellaneous receipts, National Currency [PAK_CGO_NR_GR_NTR_MR_XDC]",317066.03,million PKR,mof_central_govt_operations_sdmx,quarterly
2023-06-30,"Pakistan Definition,Central Government Operations, Net Revenue, Gross revenue , Nontax Revenue, Miscellaneous receipts, National Currency [PAK_CGO_NR_GR_NTR_MR_XDC]",406819.5037799999,million PKR,mof_central_govt_operations_sdmx,quarterly
2023-09-30,"Pakistan Definition,Central Government Operations, Net Revenue, Gross revenue , Nontax Revenue, Miscellaneous receipts, National Currency [PAK_CGO_NR_GR_NTR_MR_XDC]",133304.148674,million PKR,mof_central_govt_operations_sdmx,quarterly
2023-12-31,"Pakistan Definition,Central Government Operations, Net Revenue, Gross revenue , Nontax Revenue, Miscellaneous receipts, National Currency [PAK_CGO_NR_GR_NTR_MR_XDC]",246174.03211499937,million PKR,mof_central_govt_operations_sdmx,quarterly
2024-03-31,"Pakistan Definition,Central Government Operations, Net Revenue, Gross revenue , Nontax Revenue, Miscellaneous receipts, National Currency [PAK_CGO_NR_GR_NTR_MR_XDC]",338260.249509,million PKR,mof_central_govt_operations_sdmx,quarterly
2024-06-30,"Pakistan Definition,Central Government Operations, Net Revenue, Gross revenue , Nontax Revenue, Miscellaneous receipts, National Currency [PAK_CGO_NR_GR_NTR_MR_XDC]",557600.183587,million PKR,mof_central_govt_operations_sdmx,quarterly
2024-09-30,"Pakistan Definition,Central Government Operations, Net Revenue, Gross revenue , Nontax Revenue, Miscellaneous receipts, National Currency [PAK_CGO_NR_GR_NTR_MR_XDC]",94324.62337300001,million PKR,mof_central_govt_operations_sdmx,quarterly
2024-12-31,"Pakistan Definition,Central Government Operations, Net Revenue, Gross revenue , Nontax Revenue, Miscellaneous receipts, National Currency [PAK_CGO_NR_GR_NTR_MR_XDC]",260433.851018,million PKR,mof_central_govt_operations_sdmx,quarterly
2025-03-31,"Pakistan Definition,Central Government Operations, Net Revenue, Gross revenue , Nontax Revenue, Miscellaneous receipts, National Currency [PAK_CGO_NR_GR_NTR_MR_XDC]",352650.1578923201,million PKR,mof_central_govt_operations_sdmx,quarterly
2016-09-30,"Pakistan Definition,Central Government Operations, Net Revenue, Gross revenue , Nontax Revenue, Miscellaneous receipts, Others, National Currency [PAK_CGO_NR_GR_NTR_MR_O_XDC]",16416.0,million PKR,mof_central_govt_operations_sdmx,quarterly
2016-12-31,"Pakistan Definition,Central Government Operations, Net Revenue, Gross revenue , Nontax Revenue, Miscellaneous receipts, Others, National Currency [PAK_CGO_NR_GR_NTR_MR_O_XDC]",91890.0,million PKR,mof_central_govt_operations_sdmx,quarterly
2017-03-31,"Pakistan Definition,Central Government Operations, Net Revenue, Gross revenue , Nontax Revenue, Miscellaneous receipts, Others, National Currency [PAK_CGO_NR_GR_NTR_MR_O_XDC]",116679.0,million PKR,mof_central_govt_operations_sdmx,quarterly
2017-06-30,"Pakistan Definition,Central Government Operations, Net Revenue, Gross revenue , Nontax Revenue, Miscellaneous receipts, Others, National Currency [PAK_CGO_NR_GR_NTR_MR_O_XDC]",146032.0,million PKR,mof_central_govt_operations_sdmx,quarterly
2017-09-30,"Pakistan Definition,Central Government Operations, Net Revenue, Gross revenue , Nontax Revenue, Miscellaneous receipts, Others, National Currency [PAK_CGO_NR_GR_NTR_MR_O_XDC]",26256.0,million PKR,mof_central_govt_operations_sdmx,quarterly
2017-12-31,"Pakistan Definition,Central Government Operations, Net Revenue, Gross revenue , Nontax Revenue, Miscellaneous receipts, Others, National Currency [PAK_CGO_NR_GR_NTR_MR_O_XDC]",53674.0,million PKR,mof_central_govt_operations_sdmx,quarterly
2018-03-31,"Pakistan Definition,Central Government Operations, Net Revenue, Gross revenue , Nontax Revenue, Miscellaneous receipts, Others, National Currency [PAK_CGO_NR_GR_NTR_MR_O_XDC]",84644.0,million PKR,mof_central_govt_operations_sdmx,quarterly
2018-06-30,"Pakistan Definition,Central Government Operations, Net Revenue, Gross revenue , Nontax Revenue, Miscellaneous receipts, Others, National Currency [PAK_CGO_NR_GR_NTR_MR_O_XDC]",109963.0,million PKR,mof_central_govt_operations_sdmx,quarterly
2018-09-30,"Pakistan Definition,Central Government Operations, Net Revenue, Gross revenue , Nontax Revenue, Miscellaneous receipts, Others, National Currency [PAK_CGO_NR_GR_NTR_MR_O_XDC]",26518.0,million PKR,mof_central_govt_operations_sdmx,quarterly
2018-12-31,"Pakistan Definition,Central Government Operations, Net Revenue, Gross revenue , Nontax Revenue, Miscellaneous receipts, Others, National Currency [PAK_CGO_NR_GR_NTR_MR_O_XDC]",64061.0,million PKR,mof_central_govt_operations_sdmx,quarterly
2019-03-31,"Pakistan Definition,Central Government Operations, Net Revenue, Gross revenue , Nontax Revenue, Miscellaneous receipts, Others, National Currency [PAK_CGO_NR_GR_NTR_MR_O_XDC]",94295.0,million PKR,mof_central_govt_operations_sdmx,quarterly
2019-06-30,"Pakistan Definition,Central Government Operations, Net Revenue, Gross revenue , Nontax Revenue, Miscellaneous receipts, Others, National Currency [PAK_CGO_NR_GR_NTR_MR_O_XDC]",124909.0,million PKR,mof_central_govt_operations_sdmx,quarterly
2019-09-30,"Pakistan Definition,Central Government Operations, Net Revenue, Gross revenue , Nontax Revenue, Miscellaneous receipts, Others, National Currency [PAK_CGO_NR_GR_NTR_MR_O_XDC]",29697.5,million PKR,mof_central_govt_operations_sdmx,quarterly
2019-12-31,"Pakistan Definition,Central Government Operations, Net Revenue, Gross revenue , Nontax Revenue, Miscellaneous receipts, Others, National Currency [PAK_CGO_NR_GR_NTR_MR_O_XDC]",60685.0,million PKR,mof_central_govt_operations_sdmx,quarterly
2020-03-31,"Pakistan Definition,Central Government Operations, Net Revenue, Gross revenue , Nontax Revenue, Miscellaneous receipts, Others, National Currency [PAK_CGO_NR_GR_NTR_MR_O_XDC]",89578.5,million PKR,mof_central_govt_operations_sdmx,quarterly
2020-06-30,"Pakistan Definition,Central Government Operations, Net Revenue, Gross revenue , Nontax Revenue, Miscellaneous receipts, Others, National Currency [PAK_CGO_NR_GR_NTR_MR_O_XDC]",117235.0,million PKR,mof_central_govt_operations_sdmx,quarterly
2020-09-30,"Pakistan Definition,Central Government Operations, Net Revenue, Gross revenue , Nontax Revenue, Miscellaneous receipts, Others, National Currency [PAK_CGO_NR_GR_NTR_MR_O_XDC]",30411.68,million PKR,mof_central_govt_operations_sdmx,quarterly
2020-12-31,"Pakistan Definition,Central Government Operations, Net Revenue, Gross revenue , Nontax Revenue, Miscellaneous receipts, Others, National Currency [PAK_CGO_NR_GR_NTR_MR_O_XDC]",75556.68,million PKR,mof_central_govt_operations_sdmx,quarterly
2021-03-31,"Pakistan Definition,Central Government Operations, Net Revenue, Gross revenue , Nontax Revenue, Miscellaneous receipts, Others, National Currency [PAK_CGO_NR_GR_NTR_MR_O_XDC]",111750.0,million PKR,mof_central_govt_operations_sdmx,quarterly
2021-06-30,"Pakistan Definition,Central Government Operations, Net Revenue, Gross revenue , Nontax Revenue, Miscellaneous receipts, Others, National Currency [PAK_CGO_NR_GR_NTR_MR_O_XDC]",152579.0,million PKR,mof_central_govt_operations_sdmx,quarterly
2021-09-30,"Pakistan Definition,Central Government Operations, Net Revenue, Gross revenue , Nontax Revenue, Miscellaneous receipts, Others, National Currency [PAK_CGO_NR_GR_NTR_MR_O_XDC]",46372.0,million PKR,mof_central_govt_operations_sdmx,quarterly
2021-12-31,"Pakistan Definition,Central Government Operations, Net Revenue, Gross revenue , Nontax Revenue, Miscellaneous receipts, Others, National Currency [PAK_CGO_NR_GR_NTR_MR_O_XDC]",94860.0,million PKR,mof_central_govt_operations_sdmx,quarterly
2022-03-31,"Pakistan Definition,Central Government Operations, Net Revenue, Gross revenue , Nontax Revenue, Miscellaneous receipts, Others, National Currency [PAK_CGO_NR_GR_NTR_MR_O_XDC]",131413.0,million PKR,mof_central_govt_operations_sdmx,quarterly
2022-06-30,"Pakistan Definition,Central Government Operations, Net Revenue, Gross revenue , Nontax Revenue, Miscellaneous receipts, Others, National Currency [PAK_CGO_NR_GR_NTR_MR_O_XDC]",199159.0,million PKR,mof_central_govt_operations_sdmx,quarterly
2022-09-30,"Pakistan Definition,Central Government Operations, Net Revenue, Gross revenue , Nontax Revenue, Miscellaneous receipts, Others, National Currency [PAK_CGO_NR_GR_NTR_MR_O_XDC]",41377.0,million PKR,mof_central_govt_operations_sdmx,quarterly
2022-12-31,"Pakistan Definition,Central Government Operations, Net Revenue, Gross revenue , Nontax Revenue, Miscellaneous receipts, Others, National Currency [PAK_CGO_NR_GR_NTR_MR_O_XDC]",99054.0,million PKR,mof_central_govt_operations_sdmx,quarterly
2023-03-31,"Pakistan Definition,Central Government Operations, Net Revenue, Gross revenue , Nontax Revenue, Miscellaneous receipts, Others, National Currency [PAK_CGO_NR_GR_NTR_MR_O_XDC]",153708.7,million PKR,mof_central_govt_operations_sdmx,quarterly
2023-06-30,"Pakistan Definition,Central Government Operations, Net Revenue, Gross revenue , Nontax Revenue, Miscellaneous receipts, Others, National Currency [PAK_CGO_NR_GR_NTR_MR_O_XDC]",190542.67199999996,million PKR,mof_central_govt_operations_sdmx,quarterly
2023-09-30,"Pakistan Definition,Central Government Operations, Net Revenue, Gross revenue , Nontax Revenue, Miscellaneous receipts, Others, National Currency [PAK_CGO_NR_GR_NTR_MR_O_XDC]",64826.418799,million PKR,mof_central_govt_operations_sdmx,quarterly
2023-12-31,"Pakistan Definition,Central Government Operations, Net Revenue, Gross revenue , Nontax Revenue, Miscellaneous receipts, Others, National Currency [PAK_CGO_NR_GR_NTR_MR_O_XDC]",109925.36562399939,million PKR,mof_central_govt_operations_sdmx,quarterly
2024-03-31,"Pakistan Definition,Central Government Operations, Net Revenue, Gross revenue , Nontax Revenue, Miscellaneous receipts, Others, National Currency [PAK_CGO_NR_GR_NTR_MR_O_XDC]",145761.912851,million PKR,mof_central_govt_operations_sdmx,quarterly
2024-06-30,"Pakistan Definition,Central Government Operations, Net Revenue, Gross revenue , Nontax Revenue, Miscellaneous receipts, Others, National Currency [PAK_CGO_NR_GR_NTR_MR_O_XDC]",314438.374044,million PKR,mof_central_govt_operations_sdmx,quarterly
2024-09-30,"Pakistan Definition,Central Government Operations, Net Revenue, Gross revenue , Nontax Revenue, Miscellaneous receipts, Others, National Currency [PAK_CGO_NR_GR_NTR_MR_O_XDC]",57343.297676,million PKR,mof_central_govt_operations_sdmx,quarterly
2024-12-31,"Pakistan Definition,Central Government Operations, Net Revenue, Gross revenue , Nontax Revenue, Miscellaneous receipts, Others, National Currency [PAK_CGO_NR_GR_NTR_MR_O_XDC]",172542.50854799998,million PKR,mof_central_govt_operations_sdmx,quarterly
2025-03-31,"Pakistan Definition,Central Government Operations, Net Revenue, Gross revenue , Nontax Revenue, Miscellaneous receipts, Others, National Currency [PAK_CGO_NR_GR_NTR_MR_O_XDC]",224377.69202232006,million PKR,mof_central_govt_operations_sdmx,quarterly
2016-09-30,"Pakistan Definition,Central Government Operations, Net Revenue, Gross revenue , Nontax Revenue, Miscellaneous receipts, Passport fee, National Currency [PAK_CGO_NR_GR_NTR_MR_PF_XDC]",4161.0,million PKR,mof_central_govt_operations_sdmx,quarterly
2016-12-31,"Pakistan Definition,Central Government Operations, Net Revenue, Gross revenue , Nontax Revenue, Miscellaneous receipts, Passport fee, National Currency [PAK_CGO_NR_GR_NTR_MR_PF_XDC]",7482.0,million PKR,mof_central_govt_operations_sdmx,quarterly
2017-03-31,"Pakistan Definition,Central Government Operations, Net Revenue, Gross revenue , Nontax Revenue, Miscellaneous receipts, Passport fee, National Currency [PAK_CGO_NR_GR_NTR_MR_PF_XDC]",11930.0,million PKR,mof_central_govt_operations_sdmx,quarterly
2017-06-30,"Pakistan Definition,Central Government Operations, Net Revenue, Gross revenue , Nontax Revenue, Miscellaneous receipts, Passport fee, National Currency [PAK_CGO_NR_GR_NTR_MR_PF_XDC]",15931.0,million PKR,mof_central_govt_operations_sdmx,quarterly
2017-09-30,"Pakistan Definition,Central Government Operations, Net Revenue, Gross revenue , Nontax Revenue, Miscellaneous receipts, Passport fee, National Currency [PAK_CGO_NR_GR_NTR_MR_PF_XDC]",3294.0,million PKR,mof_central_govt_operations_sdmx,quarterly
2017-12-31,"Pakistan Definition,Central Government Operations, Net Revenue, Gross revenue , Nontax Revenue, Miscellaneous receipts, Passport fee, National Currency [PAK_CGO_NR_GR_NTR_MR_PF_XDC]",9330.0,million PKR,mof_central_govt_operations_sdmx,quarterly
2018-03-31,"Pakistan Definition,Central Government Operations, Net Revenue, Gross revenue , Nontax Revenue, Miscellaneous receipts, Passport fee, National Currency [PAK_CGO_NR_GR_NTR_MR_PF_XDC]",16312.0,million PKR,mof_central_govt_operations_sdmx,quarterly
2018-06-30,"Pakistan Definition,Central Government Operations, Net Revenue, Gross revenue , Nontax Revenue, Miscellaneous receipts, Passport fee, National Currency [PAK_CGO_NR_GR_NTR_MR_PF_XDC]",23000.0,million PKR,mof_central_govt_operations_sdmx,quarterly
2018-09-30,"Pakistan Definition,Central Government Operations, Net Revenue, Gross revenue , Nontax Revenue, Miscellaneous receipts, Passport fee, National Currency [PAK_CGO_NR_GR_NTR_MR_PF_XDC]",6234.0,million PKR,mof_central_govt_operations_sdmx,quarterly
2018-12-31,"Pakistan Definition,Central Government Operations, Net Revenue, Gross revenue , Nontax Revenue, Miscellaneous receipts, Passport fee, National Currency [PAK_CGO_NR_GR_NTR_MR_PF_XDC]",11429.0,million PKR,mof_central_govt_operations_sdmx,quarterly
2019-03-31,"Pakistan Definition,Central Government Operations, Net Revenue, Gross revenue , Nontax Revenue, Miscellaneous receipts, Passport fee, National Currency [PAK_CGO_NR_GR_NTR_MR_PF_XDC]",16307.0,million PKR,mof_central_govt_operations_sdmx,quarterly
2019-06-30,"Pakistan Definition,Central Government Operations, Net Revenue, Gross revenue , Nontax Revenue, Miscellaneous receipts, Passport fee, National Currency [PAK_CGO_NR_GR_NTR_MR_PF_XDC]",17743.0,million PKR,mof_central_govt_operations_sdmx,quarterly
2019-09-30,"Pakistan Definition,Central Government Operations, Net Revenue, Gross revenue , Nontax Revenue, Miscellaneous receipts, Passport fee, National Currency [PAK_CGO_NR_GR_NTR_MR_PF_XDC]",2958.0,million PKR,mof_central_govt_operations_sdmx,quarterly
2019-12-31,"Pakistan Definition,Central Government Operations, Net Revenue, Gross revenue , Nontax Revenue, Miscellaneous receipts, Passport fee, National Currency [PAK_CGO_NR_GR_NTR_MR_PF_XDC]",6975.0,million PKR,mof_central_govt_operations_sdmx,quarterly
2020-03-31,"Pakistan Definition,Central Government Operations, Net Revenue, Gross revenue , Nontax Revenue, Miscellaneous receipts, Passport fee, National Currency [PAK_CGO_NR_GR_NTR_MR_PF_XDC]",10239.0,million PKR,mof_central_govt_operations_sdmx,quarterly
2020-06-30,"Pakistan Definition,Central Government Operations, Net Revenue, Gross revenue , Nontax Revenue, Miscellaneous receipts, Passport fee, National Currency [PAK_CGO_NR_GR_NTR_MR_PF_XDC]",13044.0,million PKR,mof_central_govt_operations_sdmx,quarterly
2020-09-30,"Pakistan Definition,Central Government Operations, Net Revenue, Gross revenue , Nontax Revenue, Miscellaneous receipts, Passport fee, National Currency [PAK_CGO_NR_GR_NTR_MR_PF_XDC]",6113.0,million PKR,mof_central_govt_operations_sdmx,quarterly
2020-12-31,"Pakistan Definition,Central Government Operations, Net Revenue, Gross revenue , Nontax Revenue, Miscellaneous receipts, Passport fee, National Currency [PAK_CGO_NR_GR_NTR_MR_PF_XDC]",10404.0,million PKR,mof_central_govt_operations_sdmx,quarterly
2021-03-31,"Pakistan Definition,Central Government Operations, Net Revenue, Gross revenue , Nontax Revenue, Miscellaneous receipts, Passport fee, National Currency [PAK_CGO_NR_GR_NTR_MR_PF_XDC]",15872.0,million PKR,mof_central_govt_operations_sdmx,quarterly
2021-06-30,"Pakistan Definition,Central Government Operations, Net Revenue, Gross revenue , Nontax Revenue, Miscellaneous receipts, Passport fee, National Currency [PAK_CGO_NR_GR_NTR_MR_PF_XDC]",21619.0,million PKR,mof_central_govt_operations_sdmx,quarterly
2021-09-30,"Pakistan Definition,Central Government Operations, Net Revenue, Gross revenue , Nontax Revenue, Miscellaneous receipts, Passport fee, National Currency [PAK_CGO_NR_GR_NTR_MR_PF_XDC]",6717.0,million PKR,mof_central_govt_operations_sdmx,quarterly
2021-12-31,"Pakistan Definition,Central Government Operations, Net Revenue, Gross revenue , Nontax Revenue, Miscellaneous receipts, Passport fee, National Currency [PAK_CGO_NR_GR_NTR_MR_PF_XDC]",16424.0,million PKR,mof_central_govt_operations_sdmx,quarterly
2022-03-31,"Pakistan Definition,Central Government Operations, Net Revenue, Gross revenue , Nontax Revenue, Miscellaneous receipts, Passport fee, National Currency [PAK_CGO_NR_GR_NTR_MR_PF_XDC]",25679.0,million PKR,mof_central_govt_operations_sdmx,quarterly
2022-06-30,"Pakistan Definition,Central Government Operations, Net Revenue, Gross revenue , Nontax Revenue, Miscellaneous receipts, Passport fee, National Currency [PAK_CGO_NR_GR_NTR_MR_PF_XDC]",34495.0,million PKR,mof_central_govt_operations_sdmx,quarterly
2022-09-30,"Pakistan Definition,Central Government Operations, Net Revenue, Gross revenue , Nontax Revenue, Miscellaneous receipts, Passport fee, National Currency [PAK_CGO_NR_GR_NTR_MR_PF_XDC]",14541.0,million PKR,mof_central_govt_operations_sdmx,quarterly
2022-12-31,"Pakistan Definition,Central Government Operations, Net Revenue, Gross revenue , Nontax Revenue, Miscellaneous receipts, Passport fee, National Currency [PAK_CGO_NR_GR_NTR_MR_PF_XDC]",25739.0,million PKR,mof_central_govt_operations_sdmx,quarterly
2023-03-31,"Pakistan Definition,Central Government Operations, Net Revenue, Gross revenue , Nontax Revenue, Miscellaneous receipts, Passport fee, National Currency [PAK_CGO_NR_GR_NTR_MR_PF_XDC]",35483.73,million PKR,mof_central_govt_operations_sdmx,quarterly
2023-06-30,"Pakistan Definition,Central Government Operations, Net Revenue, Gross revenue , Nontax Revenue, Miscellaneous receipts, Passport fee, National Currency [PAK_CGO_NR_GR_NTR_MR_PF_XDC]",50876.426720999996,million PKR,mof_central_govt_operations_sdmx,quarterly
2023-09-30,"Pakistan Definition,Central Government Operations, Net Revenue, Gross revenue , Nontax Revenue, Miscellaneous receipts, Passport fee, National Currency [PAK_CGO_NR_GR_NTR_MR_PF_XDC]",19982.421126999998,million PKR,mof_central_govt_operations_sdmx,quarterly
2023-12-31,"Pakistan Definition,Central Government Operations, Net Revenue, Gross revenue , Nontax Revenue, Miscellaneous receipts, Passport fee, National Currency [PAK_CGO_NR_GR_NTR_MR_PF_XDC]",39541.548888,million PKR,mof_central_govt_operations_sdmx,quarterly
2024-03-31,"Pakistan Definition,Central Government Operations, Net Revenue, Gross revenue , Nontax Revenue, Miscellaneous receipts, Passport fee, National Currency [PAK_CGO_NR_GR_NTR_MR_PF_XDC]",52835.10873,million PKR,mof_central_govt_operations_sdmx,quarterly
2024-06-30,"Pakistan Definition,Central Government Operations, Net Revenue, Gross revenue , Nontax Revenue, Miscellaneous receipts, Passport fee, National Currency [PAK_CGO_NR_GR_NTR_MR_PF_XDC]",64359.84053,million PKR,mof_central_govt_operations_sdmx,quarterly
2024-09-30,"Pakistan Definition,Central Government Operations, Net Revenue, Gross revenue , Nontax Revenue, Miscellaneous receipts, Passport fee, National Currency [PAK_CGO_NR_GR_NTR_MR_PF_XDC]",14110.747527,million PKR,mof_central_govt_operations_sdmx,quarterly
2024-12-31,"Pakistan Definition,Central Government Operations, Net Revenue, Gross revenue , Nontax Revenue, Miscellaneous receipts, Passport fee, National Currency [PAK_CGO_NR_GR_NTR_MR_PF_XDC]",26716.327283000002,million PKR,mof_central_govt_operations_sdmx,quarterly
2025-03-31,"Pakistan Definition,Central Government Operations, Net Revenue, Gross revenue , Nontax Revenue, Miscellaneous receipts, Passport fee, National Currency [PAK_CGO_NR_GR_NTR_MR_PF_XDC]",35250.899818,million PKR,mof_central_govt_operations_sdmx,quarterly
2016-09-30,"Pakistan Definition,Central Government Operations, Net Revenue, Gross revenue , Nontax Revenue, Miscellaneous receipts, Royalty on oil/gas, National Currency [PAK_CGO_NR_GR_NTR_MR_ROG_XDC]",13005.0,million PKR,mof_central_govt_operations_sdmx,quarterly
2016-12-31,"Pakistan Definition,Central Government Operations, Net Revenue, Gross revenue , Nontax Revenue, Miscellaneous receipts, Royalty on oil/gas, National Currency [PAK_CGO_NR_GR_NTR_MR_ROG_XDC]",26615.0,million PKR,mof_central_govt_operations_sdmx,quarterly
2017-03-31,"Pakistan Definition,Central Government Operations, Net Revenue, Gross revenue , Nontax Revenue, Miscellaneous receipts, Royalty on oil/gas, National Currency [PAK_CGO_NR_GR_NTR_MR_ROG_XDC]",42392.0,million PKR,mof_central_govt_operations_sdmx,quarterly
2017-06-30,"Pakistan Definition,Central Government Operations, Net Revenue, Gross revenue , Nontax Revenue, Miscellaneous receipts, Royalty on oil/gas, National Currency [PAK_CGO_NR_GR_NTR_MR_ROG_XDC]",58216.0,million PKR,mof_central_govt_operations_sdmx,quarterly
2017-09-30,"Pakistan Definition,Central Government Operations, Net Revenue, Gross revenue , Nontax Revenue, Miscellaneous receipts, Royalty on oil/gas, National Currency [PAK_CGO_NR_GR_NTR_MR_ROG_XDC]",23642.0,million PKR,mof_central_govt_operations_sdmx,quarterly
2017-12-31,"Pakistan Definition,Central Government Operations, Net Revenue, Gross revenue , Nontax Revenue, Miscellaneous receipts, Royalty on oil/gas, National Currency [PAK_CGO_NR_GR_NTR_MR_ROG_XDC]",41862.0,million PKR,mof_central_govt_operations_sdmx,quarterly
2018-03-31,"Pakistan Definition,Central Government Operations, Net Revenue, Gross revenue , Nontax Revenue, Miscellaneous receipts, Royalty on oil/gas, National Currency [PAK_CGO_NR_GR_NTR_MR_ROG_XDC]",61759.0,million PKR,mof_central_govt_operations_sdmx,quarterly
2018-06-30,"Pakistan Definition,Central Government Operations, Net Revenue, Gross revenue , Nontax Revenue, Miscellaneous receipts, Royalty on oil/gas, National Currency [PAK_CGO_NR_GR_NTR_MR_ROG_XDC]",87895.0,million PKR,mof_central_govt_operations_sdmx,quarterly
2018-09-30,"Pakistan Definition,Central Government Operations, Net Revenue, Gross revenue , Nontax Revenue, Miscellaneous receipts, Royalty on oil/gas, National Currency [PAK_CGO_NR_GR_NTR_MR_ROG_XDC]",23770.0,million PKR,mof_central_govt_operations_sdmx,quarterly
2018-12-31,"Pakistan Definition,Central Government Operations, Net Revenue, Gross revenue , Nontax Revenue, Miscellaneous receipts, Royalty on oil/gas, National Currency [PAK_CGO_NR_GR_NTR_MR_ROG_XDC]",43836.0,million PKR,mof_central_govt_operations_sdmx,quarterly
2019-03-31,"Pakistan Definition,Central Government Operations, Net Revenue, Gross revenue , Nontax Revenue, Miscellaneous receipts, Royalty on oil/gas, National Currency [PAK_CGO_NR_GR_NTR_MR_ROG_XDC]",65590.0,million PKR,mof_central_govt_operations_sdmx,quarterly
2019-06-30,"Pakistan Definition,Central Government Operations, Net Revenue, Gross revenue , Nontax Revenue, Miscellaneous receipts, Royalty on oil/gas, National Currency [PAK_CGO_NR_GR_NTR_MR_ROG_XDC]",79378.0,million PKR,mof_central_govt_operations_sdmx,quarterly
2019-09-30,"Pakistan Definition,Central Government Operations, Net Revenue, Gross revenue , Nontax Revenue, Miscellaneous receipts, Royalty on oil/gas, National Currency [PAK_CGO_NR_GR_NTR_MR_ROG_XDC]",14638.0,million PKR,mof_central_govt_operations_sdmx,quarterly
2019-12-31,"Pakistan Definition,Central Government Operations, Net Revenue, Gross revenue , Nontax Revenue, Miscellaneous receipts, Royalty on oil/gas, National Currency [PAK_CGO_NR_GR_NTR_MR_ROG_XDC]",35141.0,million PKR,mof_central_govt_operations_sdmx,quarterly
2020-03-31,"Pakistan Definition,Central Government Operations, Net Revenue, Gross revenue , Nontax Revenue, Miscellaneous receipts, Royalty on oil/gas, National Currency [PAK_CGO_NR_GR_NTR_MR_ROG_XDC]",53321.0,million PKR,mof_central_govt_operations_sdmx,quarterly
2020-06-30,"Pakistan Definition,Central Government Operations, Net Revenue, Gross revenue , Nontax Revenue, Miscellaneous receipts, Royalty on oil/gas, National Currency [PAK_CGO_NR_GR_NTR_MR_ROG_XDC]",70889.0,million PKR,mof_central_govt_operations_sdmx,quarterly
2020-09-30,"Pakistan Definition,Central Government Operations, Net Revenue, Gross revenue , Nontax Revenue, Miscellaneous receipts, Royalty on oil/gas, National Currency [PAK_CGO_NR_GR_NTR_MR_ROG_XDC]",21742.0,million PKR,mof_central_govt_operations_sdmx,quarterly
2020-12-31,"Pakistan Definition,Central Government Operations, Net Revenue, Gross revenue , Nontax Revenue, Miscellaneous receipts, Royalty on oil/gas, National Currency [PAK_CGO_NR_GR_NTR_MR_ROG_XDC]",39074.0,million PKR,mof_central_govt_operations_sdmx,quarterly
2021-03-31,"Pakistan Definition,Central Government Operations, Net Revenue, Gross revenue , Nontax Revenue, Miscellaneous receipts, Royalty on oil/gas, National Currency [PAK_CGO_NR_GR_NTR_MR_ROG_XDC]",61664.0,million PKR,mof_central_govt_operations_sdmx,quarterly
2021-06-30,"Pakistan Definition,Central Government Operations, Net Revenue, Gross revenue , Nontax Revenue, Miscellaneous receipts, Royalty on oil/gas, National Currency [PAK_CGO_NR_GR_NTR_MR_ROG_XDC]",90842.0,million PKR,mof_central_govt_operations_sdmx,quarterly
2021-09-30,"Pakistan Definition,Central Government Operations, Net Revenue, Gross revenue , Nontax Revenue, Miscellaneous receipts, Royalty on oil/gas, National Currency [PAK_CGO_NR_GR_NTR_MR_ROG_XDC]",20672.0,million PKR,mof_central_govt_operations_sdmx,quarterly
2021-12-31,"Pakistan Definition,Central Government Operations, Net Revenue, Gross revenue , Nontax Revenue, Miscellaneous receipts, Royalty on oil/gas, National Currency [PAK_CGO_NR_GR_NTR_MR_ROG_XDC]",56675.0,million PKR,mof_central_govt_operations_sdmx,quarterly
2022-03-31,"Pakistan Definition,Central Government Operations, Net Revenue, Gross revenue , Nontax Revenue, Miscellaneous receipts, Royalty on oil/gas, National Currency [PAK_CGO_NR_GR_NTR_MR_ROG_XDC]",88530.0,million PKR,mof_central_govt_operations_sdmx,quarterly
2022-06-30,"Pakistan Definition,Central Government Operations, Net Revenue, Gross revenue , Nontax Revenue, Miscellaneous receipts, Royalty on oil/gas, National Currency [PAK_CGO_NR_GR_NTR_MR_ROG_XDC]",120313.0,million PKR,mof_central_govt_operations_sdmx,quarterly
2022-09-30,"Pakistan Definition,Central Government Operations, Net Revenue, Gross revenue , Nontax Revenue, Miscellaneous receipts, Royalty on oil/gas, National Currency [PAK_CGO_NR_GR_NTR_MR_ROG_XDC]",41652.0,million PKR,mof_central_govt_operations_sdmx,quarterly
2022-12-31,"Pakistan Definition,Central Government Operations, Net Revenue, Gross revenue , Nontax Revenue, Miscellaneous receipts, Royalty on oil/gas, National Currency [PAK_CGO_NR_GR_NTR_MR_ROG_XDC]",87464.0,million PKR,mof_central_govt_operations_sdmx,quarterly
2023-03-31,"Pakistan Definition,Central Government Operations, Net Revenue, Gross revenue , Nontax Revenue, Miscellaneous receipts, Royalty on oil/gas, National Currency [PAK_CGO_NR_GR_NTR_MR_ROG_XDC]",127851.55,million PKR,mof_central_govt_operations_sdmx,quarterly
2023-06-30,"Pakistan Definition,Central Government Operations, Net Revenue, Gross revenue , Nontax Revenue, Miscellaneous receipts, Royalty on oil/gas, National Currency [PAK_CGO_NR_GR_NTR_MR_ROG_XDC]",165367.635059,million PKR,mof_central_govt_operations_sdmx,quarterly
2023-09-30,"Pakistan Definition,Central Government Operations, Net Revenue, Gross revenue , Nontax Revenue, Miscellaneous receipts, Royalty on oil/gas, National Currency [PAK_CGO_NR_GR_NTR_MR_ROG_XDC]",48485.278748,million PKR,mof_central_govt_operations_sdmx,quarterly
2023-12-31,"Pakistan Definition,Central Government Operations, Net Revenue, Gross revenue , Nontax Revenue, Miscellaneous receipts, Royalty on oil/gas, National Currency [PAK_CGO_NR_GR_NTR_MR_ROG_XDC]",96688.247603,million PKR,mof_central_govt_operations_sdmx,quarterly
2024-03-31,"Pakistan Definition,Central Government Operations, Net Revenue, Gross revenue , Nontax Revenue, Miscellaneous receipts, Royalty on oil/gas, National Currency [PAK_CGO_NR_GR_NTR_MR_ROG_XDC]",139633.687928,million PKR,mof_central_govt_operations_sdmx,quarterly
2024-06-30,"Pakistan Definition,Central Government Operations, Net Revenue, Gross revenue , Nontax Revenue, Miscellaneous receipts, Royalty on oil/gas, National Currency [PAK_CGO_NR_GR_NTR_MR_ROG_XDC]",178757.969013,million PKR,mof_central_govt_operations_sdmx,quarterly
2024-09-30,"Pakistan Definition,Central Government Operations, Net Revenue, Gross revenue , Nontax Revenue, Miscellaneous receipts, Royalty on oil/gas, National Currency [PAK_CGO_NR_GR_NTR_MR_ROG_XDC]",22848.85817,million PKR,mof_central_govt_operations_sdmx,quarterly
2024-12-31,"Pakistan Definition,Central Government Operations, Net Revenue, Gross revenue , Nontax Revenue, Miscellaneous receipts, Royalty on oil/gas, National Currency [PAK_CGO_NR_GR_NTR_MR_ROG_XDC]",61141.705187,million PKR,mof_central_govt_operations_sdmx,quarterly
2025-03-31,"Pakistan Definition,Central Government Operations, Net Revenue, Gross revenue , Nontax Revenue, Miscellaneous receipts, Royalty on oil/gas, National Currency [PAK_CGO_NR_GR_NTR_MR_ROG_XDC]",92973.406052,million PKR,mof_central_govt_operations_sdmx,quarterly
2016-09-30,"Pakistan Definition,Central Government Operations, Net Revenue, Gross revenue , Nontax Revenue, National Currency [PAK_CGO_NR_GR_NTR_XDC]",93414.72,million PKR,mof_central_govt_operations_sdmx,quarterly
2016-12-31,"Pakistan Definition,Central Government Operations, Net Revenue, Gross revenue , Nontax Revenue, National Currency [PAK_CGO_NR_GR_NTR_XDC]",309876.0,million PKR,mof_central_govt_operations_sdmx,quarterly
2017-03-31,"Pakistan Definition,Central Government Operations, Net Revenue, Gross revenue , Nontax Revenue, National Currency [PAK_CGO_NR_GR_NTR_XDC]",403805.44,million PKR,mof_central_govt_operations_sdmx,quarterly
2017-06-30,"Pakistan Definition,Central Government Operations, Net Revenue, Gross revenue , Nontax Revenue, National Currency [PAK_CGO_NR_GR_NTR_XDC]",650932.0,million PKR,mof_central_govt_operations_sdmx,quarterly
2017-09-30,"Pakistan Definition,Central Government Operations, Net Revenue, Gross revenue , Nontax Revenue, National Currency [PAK_CGO_NR_GR_NTR_XDC]",123786.53,million PKR,mof_central_govt_operations_sdmx,quarterly
2017-12-31,"Pakistan Definition,Central Government Operations, Net Revenue, Gross revenue , Nontax Revenue, National Currency [PAK_CGO_NR_GR_NTR_XDC]",238125.06,million PKR,mof_central_govt_operations_sdmx,quarterly
2018-03-31,"Pakistan Definition,Central Government Operations, Net Revenue, Gross revenue , Nontax Revenue, National Currency [PAK_CGO_NR_GR_NTR_XDC]",392610.6,million PKR,mof_central_govt_operations_sdmx,quarterly
2018-06-30,"Pakistan Definition,Central Government Operations, Net Revenue, Gross revenue , Nontax Revenue, National Currency [PAK_CGO_NR_GR_NTR_XDC]",394479.17,million PKR,mof_central_govt_operations_sdmx,quarterly
2018-09-30,"Pakistan Definition,Central Government Operations, Net Revenue, Gross revenue , Nontax Revenue, National Currency [PAK_CGO_NR_GR_NTR_XDC]",328792.02,million PKR,mof_central_govt_operations_sdmx,quarterly
2018-12-31,"Pakistan Definition,Central Government Operations, Net Revenue, Gross revenue , Nontax Revenue, National Currency [PAK_CGO_NR_GR_NTR_XDC]",733646.0,million PKR,mof_central_govt_operations_sdmx,quarterly
2019-03-31,"Pakistan Definition,Central Government Operations, Net Revenue, Gross revenue , Nontax Revenue, National Currency [PAK_CGO_NR_GR_NTR_XDC]",1056435.5,million PKR,mof_central_govt_operations_sdmx,quarterly
2019-06-30,"Pakistan Definition,Central Government Operations, Net Revenue, Gross revenue , Nontax Revenue, National Currency [PAK_CGO_NR_GR_NTR_XDC]",1478315.0,million PKR,mof_central_govt_operations_sdmx,quarterly
2019-09-30,"Pakistan Definition,Central Government Operations, Net Revenue, Gross revenue , Nontax Revenue, National Currency [PAK_CGO_NR_GR_NTR_XDC]",198638.55000000002,million PKR,mof_central_govt_operations_sdmx,quarterly
2019-12-31,"Pakistan Definition,Central Government Operations, Net Revenue, Gross revenue , Nontax Revenue, National Currency [PAK_CGO_NR_GR_NTR_XDC]",572981.89,million PKR,mof_central_govt_operations_sdmx,quarterly
2020-03-31,"Pakistan Definition,Central Government Operations, Net Revenue, Gross revenue , Nontax Revenue, National Currency [PAK_CGO_NR_GR_NTR_XDC]",779188.24,million PKR,mof_central_govt_operations_sdmx,quarterly
2020-06-30,"Pakistan Definition,Central Government Operations, Net Revenue, Gross revenue , Nontax Revenue, National Currency [PAK_CGO_NR_GR_NTR_XDC]",1058246.18,million PKR,mof_central_govt_operations_sdmx,quarterly
2020-09-30,"Pakistan Definition,Central Government Operations, Net Revenue, Gross revenue , Nontax Revenue, National Currency [PAK_CGO_NR_GR_NTR_XDC]",231142.05,million PKR,mof_central_govt_operations_sdmx,quarterly
2020-12-31,"Pakistan Definition,Central Government Operations, Net Revenue, Gross revenue , Nontax Revenue, National Currency [PAK_CGO_NR_GR_NTR_XDC]",635278.5,million PKR,mof_central_govt_operations_sdmx,quarterly
2021-03-31,"Pakistan Definition,Central Government Operations, Net Revenue, Gross revenue , Nontax Revenue, National Currency [PAK_CGO_NR_GR_NTR_XDC]",839603.76,million PKR,mof_central_govt_operations_sdmx,quarterly
2021-06-30,"Pakistan Definition,Central Government Operations, Net Revenue, Gross revenue , Nontax Revenue, National Currency [PAK_CGO_NR_GR_NTR_XDC]",1037520.2,million PKR,mof_central_govt_operations_sdmx,quarterly
2021-09-30,"Pakistan Definition,Central Government Operations, Net Revenue, Gross revenue , Nontax Revenue, National Currency [PAK_CGO_NR_GR_NTR_XDC]",157640.51,million PKR,mof_central_govt_operations_sdmx,quarterly
2021-12-31,"Pakistan Definition,Central Government Operations, Net Revenue, Gross revenue , Nontax Revenue, National Currency [PAK_CGO_NR_GR_NTR_XDC]",725482.88,million PKR,mof_central_govt_operations_sdmx,quarterly
2022-03-31,"Pakistan Definition,Central Government Operations, Net Revenue, Gross revenue , Nontax Revenue, National Currency [PAK_CGO_NR_GR_NTR_XDC]",866468.4299999999,million PKR,mof_central_govt_operations_sdmx,quarterly
2022-06-30,"Pakistan Definition,Central Government Operations, Net Revenue, Gross revenue , Nontax Revenue, National Currency [PAK_CGO_NR_GR_NTR_XDC]",1120148.42,million PKR,mof_central_govt_operations_sdmx,quarterly
2022-09-30,"Pakistan Definition,Central Government Operations, Net Revenue, Gross revenue , Nontax Revenue, National Currency [PAK_CGO_NR_GR_NTR_XDC]",231001.806,million PKR,mof_central_govt_operations_sdmx,quarterly
2022-12-31,"Pakistan Definition,Central Government Operations, Net Revenue, Gross revenue , Nontax Revenue, National Currency [PAK_CGO_NR_GR_NTR_XDC]",1501845.56,million PKR,mof_central_govt_operations_sdmx,quarterly
2023-03-31,"Pakistan Definition,Central Government Operations, Net Revenue, Gross revenue , Nontax Revenue, National Currency [PAK_CGO_NR_GR_NTR_XDC]",1678723.28,million PKR,mof_central_govt_operations_sdmx,quarterly
2023-06-30,"Pakistan Definition,Central Government Operations, Net Revenue, Gross revenue , Nontax Revenue, National Currency [PAK_CGO_NR_GR_NTR_XDC]",2000722.1006729999,million PKR,mof_central_govt_operations_sdmx,quarterly
2023-09-30,"Pakistan Definition,Central Government Operations, Net Revenue, Gross revenue , Nontax Revenue, National Currency [PAK_CGO_NR_GR_NTR_XDC]",2748270.1380089996,million PKR,mof_central_govt_operations_sdmx,quarterly
2023-12-31,"Pakistan Definition,Central Government Operations, Net Revenue, Gross revenue , Nontax Revenue, National Currency [PAK_CGO_NR_GR_NTR_XDC]",3025254.0331279994,million PKR,mof_central_govt_operations_sdmx,quarterly
2024-03-31,"Pakistan Definition,Central Government Operations, Net Revenue, Gross revenue , Nontax Revenue, National Currency [PAK_CGO_NR_GR_NTR_XDC]",3229957.9154479997,million PKR,mof_central_govt_operations_sdmx,quarterly
2024-06-30,"Pakistan Definition,Central Government Operations, Net Revenue, Gross revenue , Nontax Revenue, National Currency [PAK_CGO_NR_GR_NTR_XDC]",3791277.16734,million PKR,mof_central_govt_operations_sdmx,quarterly
2024-09-30,"Pakistan Definition,Central Government Operations, Net Revenue, Gross revenue , Nontax Revenue, National Currency [PAK_CGO_NR_GR_NTR_XDC]",2614646.9504529997,million PKR,mof_central_govt_operations_sdmx,quarterly
2024-12-31,"Pakistan Definition,Central Government Operations, Net Revenue, Gross revenue , Nontax Revenue, National Currency [PAK_CGO_NR_GR_NTR_XDC]",2947616.558823,million PKR,mof_central_govt_operations_sdmx,quarterly
2025-03-31,"Pakistan Definition,Central Government Operations, Net Revenue, Gross revenue , Nontax Revenue, National Currency [PAK_CGO_NR_GR_NTR_XDC]",3112302.36048132,million PKR,mof_central_govt_operations_sdmx,quarterly
2016-09-30,"Pakistan Definition,Central Government Operations, Net Revenue, Gross revenue , Nontax Revenue, Property and enterprises, Dividends, National Currency [PAK_CGO_NR_GR_NTR_PE_D_XDC]",383.0,million PKR,mof_central_govt_operations_sdmx,quarterly
2016-12-31,"Pakistan Definition,Central Government Operations, Net Revenue, Gross revenue , Nontax Revenue, Property and enterprises, Dividends, National Currency [PAK_CGO_NR_GR_NTR_PE_D_XDC]",19186.0,million PKR,mof_central_govt_operations_sdmx,quarterly
2017-03-31,"Pakistan Definition,Central Government Operations, Net Revenue, Gross revenue , Nontax Revenue, Property and enterprises, Dividends, National Currency [PAK_CGO_NR_GR_NTR_PE_D_XDC]",33614.0,million PKR,mof_central_govt_operations_sdmx,quarterly
2017-06-30,"Pakistan Definition,Central Government Operations, Net Revenue, Gross revenue , Nontax Revenue, Property and enterprises, Dividends, National Currency [PAK_CGO_NR_GR_NTR_PE_D_XDC]",57454.0,million PKR,mof_central_govt_operations_sdmx,quarterly
2017-09-30,"Pakistan Definition,Central Government Operations, Net Revenue, Gross revenue , Nontax Revenue, Property and enterprises, Dividends, National Currency [PAK_CGO_NR_GR_NTR_PE_D_XDC]",4478.0,million PKR,mof_central_govt_operations_sdmx,quarterly
2017-12-31,"Pakistan Definition,Central Government Operations, Net Revenue, Gross revenue , Nontax Revenue, Property and enterprises, Dividends, National Currency [PAK_CGO_NR_GR_NTR_PE_D_XDC]",30201.0,million PKR,mof_central_govt_operations_sdmx,quarterly
2018-03-31,"Pakistan Definition,Central Government Operations, Net Revenue, Gross revenue , Nontax Revenue, Property and enterprises, Dividends, National Currency [PAK_CGO_NR_GR_NTR_PE_D_XDC]",32186.0,million PKR,mof_central_govt_operations_sdmx,quarterly
2018-06-30,"Pakistan Definition,Central Government Operations, Net Revenue, Gross revenue , Nontax Revenue, Property and enterprises, Dividends, National Currency [PAK_CGO_NR_GR_NTR_PE_D_XDC]",60202.0,million PKR,mof_central_govt_operations_sdmx,quarterly
2018-09-30,"Pakistan Definition,Central Government Operations, Net Revenue, Gross revenue , Nontax Revenue, Property and enterprises, Dividends, National Currency [PAK_CGO_NR_GR_NTR_PE_D_XDC]",1734.0,million PKR,mof_central_govt_operations_sdmx,quarterly
2018-12-31,"Pakistan Definition,Central Government Operations, Net Revenue, Gross revenue , Nontax Revenue, Property and enterprises, Dividends, National Currency [PAK_CGO_NR_GR_NTR_PE_D_XDC]",26209.0,million PKR,mof_central_govt_operations_sdmx,quarterly
2019-03-31,"Pakistan Definition,Central Government Operations, Net Revenue, Gross revenue , Nontax Revenue, Property and enterprises, Dividends, National Currency [PAK_CGO_NR_GR_NTR_PE_D_XDC]",26579.0,million PKR,mof_central_govt_operations_sdmx,quarterly
2019-06-30,"Pakistan Definition,Central Government Operations, Net Revenue, Gross revenue , Nontax Revenue, Property and enterprises, Dividends, National Currency [PAK_CGO_NR_GR_NTR_PE_D_XDC]",40098.0,million PKR,mof_central_govt_operations_sdmx,quarterly
2019-09-30,"Pakistan Definition,Central Government Operations, Net Revenue, Gross revenue , Nontax Revenue, Property and enterprises, Dividends, National Currency [PAK_CGO_NR_GR_NTR_PE_D_XDC]",1495.0,million PKR,mof_central_govt_operations_sdmx,quarterly
2019-12-31,"Pakistan Definition,Central Government Operations, Net Revenue, Gross revenue , Nontax Revenue, Property and enterprises, Dividends, National Currency [PAK_CGO_NR_GR_NTR_PE_D_XDC]",11869.0,million PKR,mof_central_govt_operations_sdmx,quarterly
2020-03-31,"Pakistan Definition,Central Government Operations, Net Revenue, Gross revenue , Nontax Revenue, Property and enterprises, Dividends, National Currency [PAK_CGO_NR_GR_NTR_PE_D_XDC]",19593.0,million PKR,mof_central_govt_operations_sdmx,quarterly
2020-06-30,"Pakistan Definition,Central Government Operations, Net Revenue, Gross revenue , Nontax Revenue, Property and enterprises, Dividends, National Currency [PAK_CGO_NR_GR_NTR_PE_D_XDC]",43853.0,million PKR,mof_central_govt_operations_sdmx,quarterly
2020-09-30,"Pakistan Definition,Central Government Operations, Net Revenue, Gross revenue , Nontax Revenue, Property and enterprises, Dividends, National Currency [PAK_CGO_NR_GR_NTR_PE_D_XDC]",1903.0,million PKR,mof_central_govt_operations_sdmx,quarterly
2020-12-31,"Pakistan Definition,Central Government Operations, Net Revenue, Gross revenue , Nontax Revenue, Property and enterprises, Dividends, National Currency [PAK_CGO_NR_GR_NTR_PE_D_XDC]",25970.0,million PKR,mof_central_govt_operations_sdmx,quarterly
2021-03-31,"Pakistan Definition,Central Government Operations, Net Revenue, Gross revenue , Nontax Revenue, Property and enterprises, Dividends, National Currency [PAK_CGO_NR_GR_NTR_PE_D_XDC]",36608.0,million PKR,mof_central_govt_operations_sdmx,quarterly
2021-06-30,"Pakistan Definition,Central Government Operations, Net Revenue, Gross revenue , Nontax Revenue, Property and enterprises, Dividends, National Currency [PAK_CGO_NR_GR_NTR_PE_D_XDC]",42872.0,million PKR,mof_central_govt_operations_sdmx,quarterly
2021-09-30,"Pakistan Definition,Central Government Operations, Net Revenue, Gross revenue , Nontax Revenue, Property and enterprises, Dividends, National Currency [PAK_CGO_NR_GR_NTR_PE_D_XDC]",24651.0,million PKR,mof_central_govt_operations_sdmx,quarterly
2021-12-31,"Pakistan Definition,Central Government Operations, Net Revenue, Gross revenue , Nontax Revenue, Property and enterprises, Dividends, National Currency [PAK_CGO_NR_GR_NTR_PE_D_XDC]",40812.0,million PKR,mof_central_govt_operations_sdmx,quarterly
2022-03-31,"Pakistan Definition,Central Government Operations, Net Revenue, Gross revenue , Nontax Revenue, Property and enterprises, Dividends, National Currency [PAK_CGO_NR_GR_NTR_PE_D_XDC]",52348.0,million PKR,mof_central_govt_operations_sdmx,quarterly
2022-06-30,"Pakistan Definition,Central Government Operations, Net Revenue, Gross revenue , Nontax Revenue, Property and enterprises, Dividends, National Currency [PAK_CGO_NR_GR_NTR_PE_D_XDC]",68669.0,million PKR,mof_central_govt_operations_sdmx,quarterly
2022-09-30,"Pakistan Definition,Central Government Operations, Net Revenue, Gross revenue , Nontax Revenue, Property and enterprises, Dividends, National Currency [PAK_CGO_NR_GR_NTR_PE_D_XDC]",33816.0,million PKR,mof_central_govt_operations_sdmx,quarterly
2022-12-31,"Pakistan Definition,Central Government Operations, Net Revenue, Gross revenue , Nontax Revenue, Property and enterprises, Dividends, National Currency [PAK_CGO_NR_GR_NTR_PE_D_XDC]",50465.0,million PKR,mof_central_govt_operations_sdmx,quarterly
2023-03-31,"Pakistan Definition,Central Government Operations, Net Revenue, Gross revenue , Nontax Revenue, Property and enterprises, Dividends, National Currency [PAK_CGO_NR_GR_NTR_PE_D_XDC]",64347.0,million PKR,mof_central_govt_operations_sdmx,quarterly
2023-06-30,"Pakistan Definition,Central Government Operations, Net Revenue, Gross revenue , Nontax Revenue, Property and enterprises, Dividends, National Currency [PAK_CGO_NR_GR_NTR_PE_D_XDC]",88741.874375,million PKR,mof_central_govt_operations_sdmx,quarterly
2023-09-30,"Pakistan Definition,Central Government Operations, Net Revenue, Gross revenue , Nontax Revenue, Property and enterprises, Dividends, National Currency [PAK_CGO_NR_GR_NTR_PE_D_XDC]",25238.840579,million PKR,mof_central_govt_operations_sdmx,quarterly
2023-12-31,"Pakistan Definition,Central Government Operations, Net Revenue, Gross revenue , Nontax Revenue, Property and enterprises, Dividends, National Currency [PAK_CGO_NR_GR_NTR_PE_D_XDC]",97478.017776,million PKR,mof_central_govt_operations_sdmx,quarterly
2024-03-31,"Pakistan Definition,Central Government Operations, Net Revenue, Gross revenue , Nontax Revenue, Property and enterprises, Dividends, National Currency [PAK_CGO_NR_GR_NTR_PE_D_XDC]",138884.637175,million PKR,mof_central_govt_operations_sdmx,quarterly
2024-06-30,"Pakistan Definition,Central Government Operations, Net Revenue, Gross revenue , Nontax Revenue, Property and enterprises, Dividends, National Currency [PAK_CGO_NR_GR_NTR_PE_D_XDC]",186918.919464,million PKR,mof_central_govt_operations_sdmx,quarterly
2024-09-30,"Pakistan Definition,Central Government Operations, Net Revenue, Gross revenue , Nontax Revenue, Property and enterprises, Dividends, National Currency [PAK_CGO_NR_GR_NTR_PE_D_XDC]",26554.157875,million PKR,mof_central_govt_operations_sdmx,quarterly
2024-12-31,"Pakistan Definition,Central Government Operations, Net Revenue, Gross revenue , Nontax Revenue, Property and enterprises, Dividends, National Currency [PAK_CGO_NR_GR_NTR_PE_D_XDC]",76240.820824,million PKR,mof_central_govt_operations_sdmx,quarterly
2025-03-31,"Pakistan Definition,Central Government Operations, Net Revenue, Gross revenue , Nontax Revenue, Property and enterprises, Dividends, National Currency [PAK_CGO_NR_GR_NTR_PE_D_XDC]",100865.790692,million PKR,mof_central_govt_operations_sdmx,quarterly
2016-09-30,"Pakistan Definition,Central Government Operations, Net Revenue, Gross revenue , Nontax Revenue, Property and enterprises, Interest from PSEs, National Currency [PAK_CGO_NR_GR_NTR_PE_IFPS_XDC]",643.0,million PKR,mof_central_govt_operations_sdmx,quarterly
2016-12-31,"Pakistan Definition,Central Government Operations, Net Revenue, Gross revenue , Nontax Revenue, Property and enterprises, Interest from PSEs, National Currency [PAK_CGO_NR_GR_NTR_PE_IFPS_XDC]",13854.0,million PKR,mof_central_govt_operations_sdmx,quarterly
2017-03-31,"Pakistan Definition,Central Government Operations, Net Revenue, Gross revenue , Nontax Revenue, Property and enterprises, Interest from PSEs, National Currency [PAK_CGO_NR_GR_NTR_PE_IFPS_XDC]",21665.0,million PKR,mof_central_govt_operations_sdmx,quarterly
2017-06-30,"Pakistan Definition,Central Government Operations, Net Revenue, Gross revenue , Nontax Revenue, Property and enterprises, Interest from PSEs, National Currency [PAK_CGO_NR_GR_NTR_PE_IFPS_XDC]",87769.0,million PKR,mof_central_govt_operations_sdmx,quarterly
2017-09-30,"Pakistan Definition,Central Government Operations, Net Revenue, Gross revenue , Nontax Revenue, Property and enterprises, Interest from PSEs, National Currency [PAK_CGO_NR_GR_NTR_PE_IFPS_XDC]",1153.0,million PKR,mof_central_govt_operations_sdmx,quarterly
2017-12-31,"Pakistan Definition,Central Government Operations, Net Revenue, Gross revenue , Nontax Revenue, Property and enterprises, Interest from PSEs, National Currency [PAK_CGO_NR_GR_NTR_PE_IFPS_XDC]",5795.0,million PKR,mof_central_govt_operations_sdmx,quarterly
2018-03-31,"Pakistan Definition,Central Government Operations, Net Revenue, Gross revenue , Nontax Revenue, Property and enterprises, Interest from PSEs, National Currency [PAK_CGO_NR_GR_NTR_PE_IFPS_XDC]",14373.0,million PKR,mof_central_govt_operations_sdmx,quarterly
2018-06-30,"Pakistan Definition,Central Government Operations, Net Revenue, Gross revenue , Nontax Revenue, Property and enterprises, Interest from PSEs, National Currency [PAK_CGO_NR_GR_NTR_PE_IFPS_XDC]",35700.0,million PKR,mof_central_govt_operations_sdmx,quarterly
2018-09-30,"Pakistan Definition,Central Government Operations, Net Revenue, Gross revenue , Nontax Revenue, Property and enterprises, Interest from PSEs, National Currency [PAK_CGO_NR_GR_NTR_PE_IFPS_XDC]",3314.0,million PKR,mof_central_govt_operations_sdmx,quarterly
2018-12-31,"Pakistan Definition,Central Government Operations, Net Revenue, Gross revenue , Nontax Revenue, Property and enterprises, Interest from PSEs, National Currency [PAK_CGO_NR_GR_NTR_PE_IFPS_XDC]",27442.0,million PKR,mof_central_govt_operations_sdmx,quarterly
2019-03-31,"Pakistan Definition,Central Government Operations, Net Revenue, Gross revenue , Nontax Revenue, Property and enterprises, Interest from PSEs, National Currency [PAK_CGO_NR_GR_NTR_PE_IFPS_XDC]",70037.0,million PKR,mof_central_govt_operations_sdmx,quarterly
2019-06-30,"Pakistan Definition,Central Government Operations, Net Revenue, Gross revenue , Nontax Revenue, Property and enterprises, Interest from PSEs, National Currency [PAK_CGO_NR_GR_NTR_PE_IFPS_XDC]",105163.0,million PKR,mof_central_govt_operations_sdmx,quarterly
2019-09-30,"Pakistan Definition,Central Government Operations, Net Revenue, Gross revenue , Nontax Revenue, Property and enterprises, Interest from PSEs, National Currency [PAK_CGO_NR_GR_NTR_PE_IFPS_XDC]",25675.0,million PKR,mof_central_govt_operations_sdmx,quarterly
2019-12-31,"Pakistan Definition,Central Government Operations, Net Revenue, Gross revenue , Nontax Revenue, Property and enterprises, Interest from PSEs, National Currency [PAK_CGO_NR_GR_NTR_PE_IFPS_XDC]",43982.0,million PKR,mof_central_govt_operations_sdmx,quarterly
2020-03-31,"Pakistan Definition,Central Government Operations, Net Revenue, Gross revenue , Nontax Revenue, Property and enterprises, Interest from PSEs, National Currency [PAK_CGO_NR_GR_NTR_PE_IFPS_XDC]",53210.0,million PKR,mof_central_govt_operations_sdmx,quarterly
2020-06-30,"Pakistan Definition,Central Government Operations, Net Revenue, Gross revenue , Nontax Revenue, Property and enterprises, Interest from PSEs, National Currency [PAK_CGO_NR_GR_NTR_PE_IFPS_XDC]",76232.0,million PKR,mof_central_govt_operations_sdmx,quarterly
2020-09-30,"Pakistan Definition,Central Government Operations, Net Revenue, Gross revenue , Nontax Revenue, Property and enterprises, Interest from PSEs, National Currency [PAK_CGO_NR_GR_NTR_PE_IFPS_XDC]",19484.0,million PKR,mof_central_govt_operations_sdmx,quarterly
2020-12-31,"Pakistan Definition,Central Government Operations, Net Revenue, Gross revenue , Nontax Revenue, Property and enterprises, Interest from PSEs, National Currency [PAK_CGO_NR_GR_NTR_PE_IFPS_XDC]",32593.0,million PKR,mof_central_govt_operations_sdmx,quarterly
2021-03-31,"Pakistan Definition,Central Government Operations, Net Revenue, Gross revenue , Nontax Revenue, Property and enterprises, Interest from PSEs, National Currency [PAK_CGO_NR_GR_NTR_PE_IFPS_XDC]",55088.0,million PKR,mof_central_govt_operations_sdmx,quarterly
2021-06-30,"Pakistan Definition,Central Government Operations, Net Revenue, Gross revenue , Nontax Revenue, Property and enterprises, Interest from PSEs, National Currency [PAK_CGO_NR_GR_NTR_PE_IFPS_XDC]",87792.0,million PKR,mof_central_govt_operations_sdmx,quarterly
2021-09-30,"Pakistan Definition,Central Government Operations, Net Revenue, Gross revenue , Nontax Revenue, Property and enterprises, Interest from PSEs, National Currency [PAK_CGO_NR_GR_NTR_PE_IFPS_XDC]",28844.0,million PKR,mof_central_govt_operations_sdmx,quarterly
2021-12-31,"Pakistan Definition,Central Government Operations, Net Revenue, Gross revenue , Nontax Revenue, Property and enterprises, Interest from PSEs, National Currency [PAK_CGO_NR_GR_NTR_PE_IFPS_XDC]",77623.0,million PKR,mof_central_govt_operations_sdmx,quarterly
2022-03-31,"Pakistan Definition,Central Government Operations, Net Revenue, Gross revenue , Nontax Revenue, Property and enterprises, Interest from PSEs, National Currency [PAK_CGO_NR_GR_NTR_PE_IFPS_XDC]",85235.0,million PKR,mof_central_govt_operations_sdmx,quarterly
2022-06-30,"Pakistan Definition,Central Government Operations, Net Revenue, Gross revenue , Nontax Revenue, Property and enterprises, Interest from PSEs, National Currency [PAK_CGO_NR_GR_NTR_PE_IFPS_XDC]",144683.0,million PKR,mof_central_govt_operations_sdmx,quarterly
2022-09-30,"Pakistan Definition,Central Government Operations, Net Revenue, Gross revenue , Nontax Revenue, Property and enterprises, Interest from PSEs, National Currency [PAK_CGO_NR_GR_NTR_PE_IFPS_XDC]",66762.0,million PKR,mof_central_govt_operations_sdmx,quarterly
2022-12-31,"Pakistan Definition,Central Government Operations, Net Revenue, Gross revenue , Nontax Revenue, Property and enterprises, Interest from PSEs, National Currency [PAK_CGO_NR_GR_NTR_PE_IFPS_XDC]",202625.0,million PKR,mof_central_govt_operations_sdmx,quarterly
2023-03-31,"Pakistan Definition,Central Government Operations, Net Revenue, Gross revenue , Nontax Revenue, Property and enterprises, Interest from PSEs, National Currency [PAK_CGO_NR_GR_NTR_PE_IFPS_XDC]",226782.0,million PKR,mof_central_govt_operations_sdmx,quarterly
2023-06-30,"Pakistan Definition,Central Government Operations, Net Revenue, Gross revenue , Nontax Revenue, Property and enterprises, Interest from PSEs, National Currency [PAK_CGO_NR_GR_NTR_PE_IFPS_XDC]",354986.0,million PKR,mof_central_govt_operations_sdmx,quarterly
2023-09-30,"Pakistan Definition,Central Government Operations, Net Revenue, Gross revenue , Nontax Revenue, Property and enterprises, Interest from PSEs, National Currency [PAK_CGO_NR_GR_NTR_PE_IFPS_XDC]",36411.0,million PKR,mof_central_govt_operations_sdmx,quarterly
2023-12-31,"Pakistan Definition,Central Government Operations, Net Revenue, Gross revenue , Nontax Revenue, Property and enterprises, Interest from PSEs, National Currency [PAK_CGO_NR_GR_NTR_PE_IFPS_XDC]",83084.0,million PKR,mof_central_govt_operations_sdmx,quarterly
2024-03-31,"Pakistan Definition,Central Government Operations, Net Revenue, Gross revenue , Nontax Revenue, Property and enterprises, Interest from PSEs, National Currency [PAK_CGO_NR_GR_NTR_PE_IFPS_XDC]",117465.0,million PKR,mof_central_govt_operations_sdmx,quarterly
2024-06-30,"Pakistan Definition,Central Government Operations, Net Revenue, Gross revenue , Nontax Revenue, Property and enterprises, Interest from PSEs, National Currency [PAK_CGO_NR_GR_NTR_PE_IFPS_XDC]",257032.0,million PKR,mof_central_govt_operations_sdmx,quarterly
2024-09-30,"Pakistan Definition,Central Government Operations, Net Revenue, Gross revenue , Nontax Revenue, Property and enterprises, Interest from PSEs, National Currency [PAK_CGO_NR_GR_NTR_PE_IFPS_XDC]",13269.0,million PKR,mof_central_govt_operations_sdmx,quarterly
2024-12-31,"Pakistan Definition,Central Government Operations, Net Revenue, Gross revenue , Nontax Revenue, Property and enterprises, Interest from PSEs, National Currency [PAK_CGO_NR_GR_NTR_PE_IFPS_XDC]",88267.0,million PKR,mof_central_govt_operations_sdmx,quarterly
2025-03-31,"Pakistan Definition,Central Government Operations, Net Revenue, Gross revenue , Nontax Revenue, Property and enterprises, Interest from PSEs, National Currency [PAK_CGO_NR_GR_NTR_PE_IFPS_XDC]",100213.0,million PKR,mof_central_govt_operations_sdmx,quarterly
2016-09-30,"Pakistan Definition,Central Government Operations, Net Revenue, Gross revenue , Nontax Revenue, Property and enterprises, Interest from provinces, National Currency [PAK_CGO_NR_GR_NTR_PE_IFP_XDC]",3527.7200000000003,million PKR,mof_central_govt_operations_sdmx,quarterly
2016-12-31,"Pakistan Definition,Central Government Operations, Net Revenue, Gross revenue , Nontax Revenue, Property and enterprises, Interest from provinces, National Currency [PAK_CGO_NR_GR_NTR_PE_IFP_XDC]",7020.0,million PKR,mof_central_govt_operations_sdmx,quarterly
2017-03-31,"Pakistan Definition,Central Government Operations, Net Revenue, Gross revenue , Nontax Revenue, Property and enterprises, Interest from provinces, National Currency [PAK_CGO_NR_GR_NTR_PE_IFP_XDC]",10547.439999999999,million PKR,mof_central_govt_operations_sdmx,quarterly
2017-06-30,"Pakistan Definition,Central Government Operations, Net Revenue, Gross revenue , Nontax Revenue, Property and enterprises, Interest from provinces, National Currency [PAK_CGO_NR_GR_NTR_PE_IFP_XDC]",16221.0,million PKR,mof_central_govt_operations_sdmx,quarterly
2017-09-30,"Pakistan Definition,Central Government Operations, Net Revenue, Gross revenue , Nontax Revenue, Property and enterprises, Interest from provinces, National Currency [PAK_CGO_NR_GR_NTR_PE_IFP_XDC]",4195.53,million PKR,mof_central_govt_operations_sdmx,quarterly
2017-12-31,"Pakistan Definition,Central Government Operations, Net Revenue, Gross revenue , Nontax Revenue, Property and enterprises, Interest from provinces, National Currency [PAK_CGO_NR_GR_NTR_PE_IFP_XDC]",8391.06,million PKR,mof_central_govt_operations_sdmx,quarterly
2018-03-31,"Pakistan Definition,Central Government Operations, Net Revenue, Gross revenue , Nontax Revenue, Property and enterprises, Interest from provinces, National Currency [PAK_CGO_NR_GR_NTR_PE_IFP_XDC]",12586.6,million PKR,mof_central_govt_operations_sdmx,quarterly
2018-06-30,"Pakistan Definition,Central Government Operations, Net Revenue, Gross revenue , Nontax Revenue, Property and enterprises, Interest from provinces, National Currency [PAK_CGO_NR_GR_NTR_PE_IFP_XDC]",22935.17,million PKR,mof_central_govt_operations_sdmx,quarterly
2018-09-30,"Pakistan Definition,Central Government Operations, Net Revenue, Gross revenue , Nontax Revenue, Property and enterprises, Interest from provinces, National Currency [PAK_CGO_NR_GR_NTR_PE_IFP_XDC]",6028.0199999999995,million PKR,mof_central_govt_operations_sdmx,quarterly
2018-12-31,"Pakistan Definition,Central Government Operations, Net Revenue, Gross revenue , Nontax Revenue, Property and enterprises, Interest from provinces, National Currency [PAK_CGO_NR_GR_NTR_PE_IFP_XDC]",12012.0,million PKR,mof_central_govt_operations_sdmx,quarterly
2019-03-31,"Pakistan Definition,Central Government Operations, Net Revenue, Gross revenue , Nontax Revenue, Property and enterprises, Interest from provinces, National Currency [PAK_CGO_NR_GR_NTR_PE_IFP_XDC]",17938.0,million PKR,mof_central_govt_operations_sdmx,quarterly
2019-06-30,"Pakistan Definition,Central Government Operations, Net Revenue, Gross revenue , Nontax Revenue, Property and enterprises, Interest from provinces, National Currency [PAK_CGO_NR_GR_NTR_PE_IFP_XDC]",26111.0,million PKR,mof_central_govt_operations_sdmx,quarterly
2019-09-30,"Pakistan Definition,Central Government Operations, Net Revenue, Gross revenue , Nontax Revenue, Property and enterprises, Interest from provinces, National Currency [PAK_CGO_NR_GR_NTR_PE_IFP_XDC]",6755.639999999999,million PKR,mof_central_govt_operations_sdmx,quarterly
2019-12-31,"Pakistan Definition,Central Government Operations, Net Revenue, Gross revenue , Nontax Revenue, Property and enterprises, Interest from provinces, National Currency [PAK_CGO_NR_GR_NTR_PE_IFP_XDC]",13532.890000000001,million PKR,mof_central_govt_operations_sdmx,quarterly
2020-03-31,"Pakistan Definition,Central Government Operations, Net Revenue, Gross revenue , Nontax Revenue, Property and enterprises, Interest from provinces, National Currency [PAK_CGO_NR_GR_NTR_PE_IFP_XDC]",20243.74,million PKR,mof_central_govt_operations_sdmx,quarterly
2020-06-30,"Pakistan Definition,Central Government Operations, Net Revenue, Gross revenue , Nontax Revenue, Property and enterprises, Interest from provinces, National Currency [PAK_CGO_NR_GR_NTR_PE_IFP_XDC]",25027.09,million PKR,mof_central_govt_operations_sdmx,quarterly
2020-09-30,"Pakistan Definition,Central Government Operations, Net Revenue, Gross revenue , Nontax Revenue, Property and enterprises, Interest from provinces, National Currency [PAK_CGO_NR_GR_NTR_PE_IFP_XDC]",7771.22,million PKR,mof_central_govt_operations_sdmx,quarterly
2020-12-31,"Pakistan Definition,Central Government Operations, Net Revenue, Gross revenue , Nontax Revenue, Property and enterprises, Interest from provinces, National Currency [PAK_CGO_NR_GR_NTR_PE_IFP_XDC]",17760.820000000003,million PKR,mof_central_govt_operations_sdmx,quarterly
2021-03-31,"Pakistan Definition,Central Government Operations, Net Revenue, Gross revenue , Nontax Revenue, Property and enterprises, Interest from provinces, National Currency [PAK_CGO_NR_GR_NTR_PE_IFP_XDC]",24196.760000000002,million PKR,mof_central_govt_operations_sdmx,quarterly
2021-06-30,"Pakistan Definition,Central Government Operations, Net Revenue, Gross revenue , Nontax Revenue, Property and enterprises, Interest from provinces, National Currency [PAK_CGO_NR_GR_NTR_PE_IFP_XDC]",33503.2,million PKR,mof_central_govt_operations_sdmx,quarterly
2021-09-30,"Pakistan Definition,Central Government Operations, Net Revenue, Gross revenue , Nontax Revenue, Property and enterprises, Interest from provinces, National Currency [PAK_CGO_NR_GR_NTR_PE_IFP_XDC]",8442.51,million PKR,mof_central_govt_operations_sdmx,quarterly
2021-12-31,"Pakistan Definition,Central Government Operations, Net Revenue, Gross revenue , Nontax Revenue, Property and enterprises, Interest from provinces, National Currency [PAK_CGO_NR_GR_NTR_PE_IFP_XDC]",17690.88,million PKR,mof_central_govt_operations_sdmx,quarterly
2022-03-31,"Pakistan Definition,Central Government Operations, Net Revenue, Gross revenue , Nontax Revenue, Property and enterprises, Interest from provinces, National Currency [PAK_CGO_NR_GR_NTR_PE_IFP_XDC]",25950.43,million PKR,mof_central_govt_operations_sdmx,quarterly
2022-06-30,"Pakistan Definition,Central Government Operations, Net Revenue, Gross revenue , Nontax Revenue, Property and enterprises, Interest from provinces, National Currency [PAK_CGO_NR_GR_NTR_PE_IFP_XDC]",61800.42,million PKR,mof_central_govt_operations_sdmx,quarterly
2022-09-30,"Pakistan Definition,Central Government Operations, Net Revenue, Gross revenue , Nontax Revenue, Property and enterprises, Interest from provinces, National Currency [PAK_CGO_NR_GR_NTR_PE_IFP_XDC]",18142.076,million PKR,mof_central_govt_operations_sdmx,quarterly
2022-12-31,"Pakistan Definition,Central Government Operations, Net Revenue, Gross revenue , Nontax Revenue, Property and enterprises, Interest from provinces, National Currency [PAK_CGO_NR_GR_NTR_PE_IFP_XDC]",38600.560000000005,million PKR,mof_central_govt_operations_sdmx,quarterly
2023-03-31,"Pakistan Definition,Central Government Operations, Net Revenue, Gross revenue , Nontax Revenue, Property and enterprises, Interest from provinces, National Currency [PAK_CGO_NR_GR_NTR_PE_IFP_XDC]",57900.880000000005,million PKR,mof_central_govt_operations_sdmx,quarterly
2023-06-30,"Pakistan Definition,Central Government Operations, Net Revenue, Gross revenue , Nontax Revenue, Property and enterprises, Interest from provinces, National Currency [PAK_CGO_NR_GR_NTR_PE_IFP_XDC]",89736.54,million PKR,mof_central_govt_operations_sdmx,quarterly
2023-09-30,"Pakistan Definition,Central Government Operations, Net Revenue, Gross revenue , Nontax Revenue, Property and enterprises, Interest from provinces, National Currency [PAK_CGO_NR_GR_NTR_PE_IFP_XDC]",24263.33,million PKR,mof_central_govt_operations_sdmx,quarterly
2023-12-31,"Pakistan Definition,Central Government Operations, Net Revenue, Gross revenue , Nontax Revenue, Property and enterprises, Interest from provinces, National Currency [PAK_CGO_NR_GR_NTR_PE_IFP_XDC]",48526.65,million PKR,mof_central_govt_operations_sdmx,quarterly
2024-03-31,"Pakistan Definition,Central Government Operations, Net Revenue, Gross revenue , Nontax Revenue, Property and enterprises, Interest from provinces, National Currency [PAK_CGO_NR_GR_NTR_PE_IFP_XDC]",72789.97,million PKR,mof_central_govt_operations_sdmx,quarterly
2024-06-30,"Pakistan Definition,Central Government Operations, Net Revenue, Gross revenue , Nontax Revenue, Property and enterprises, Interest from provinces, National Currency [PAK_CGO_NR_GR_NTR_PE_IFP_XDC]",95446.09999999999,million PKR,mof_central_govt_operations_sdmx,quarterly
2024-09-30,"Pakistan Definition,Central Government Operations, Net Revenue, Gross revenue , Nontax Revenue, Property and enterprises, Interest from provinces, National Currency [PAK_CGO_NR_GR_NTR_PE_IFP_XDC]",23952.41,million PKR,mof_central_govt_operations_sdmx,quarterly
2024-12-31,"Pakistan Definition,Central Government Operations, Net Revenue, Gross revenue , Nontax Revenue, Property and enterprises, Interest from provinces, National Currency [PAK_CGO_NR_GR_NTR_PE_IFP_XDC]",47891.22,million PKR,mof_central_govt_operations_sdmx,quarterly
2025-03-31,"Pakistan Definition,Central Government Operations, Net Revenue, Gross revenue , Nontax Revenue, Property and enterprises, Interest from provinces, National Currency [PAK_CGO_NR_GR_NTR_PE_IFP_XDC]",71812.18000000001,million PKR,mof_central_govt_operations_sdmx,quarterly
2016-09-30,"Pakistan Definition,Central Government Operations, Net Revenue, Gross revenue , Nontax Revenue, Property and enterprises, National Currency [PAK_CGO_NR_GR_NTR_PE_XDC]",9908.720000000001,million PKR,mof_central_govt_operations_sdmx,quarterly
2016-12-31,"Pakistan Definition,Central Government Operations, Net Revenue, Gross revenue , Nontax Revenue, Property and enterprises, National Currency [PAK_CGO_NR_GR_NTR_PE_XDC]",48684.0,million PKR,mof_central_govt_operations_sdmx,quarterly
2017-03-31,"Pakistan Definition,Central Government Operations, Net Revenue, Gross revenue , Nontax Revenue, Property and enterprises, National Currency [PAK_CGO_NR_GR_NTR_PE_XDC]",74673.44,million PKR,mof_central_govt_operations_sdmx,quarterly
2017-06-30,"Pakistan Definition,Central Government Operations, Net Revenue, Gross revenue , Nontax Revenue, Property and enterprises, National Currency [PAK_CGO_NR_GR_NTR_PE_XDC]",177336.0,million PKR,mof_central_govt_operations_sdmx,quarterly
2017-09-30,"Pakistan Definition,Central Government Operations, Net Revenue, Gross revenue , Nontax Revenue, Property and enterprises, National Currency [PAK_CGO_NR_GR_NTR_PE_XDC]",15921.529999999999,million PKR,mof_central_govt_operations_sdmx,quarterly
2017-12-31,"Pakistan Definition,Central Government Operations, Net Revenue, Gross revenue , Nontax Revenue, Property and enterprises, National Currency [PAK_CGO_NR_GR_NTR_PE_XDC]",60252.06,million PKR,mof_central_govt_operations_sdmx,quarterly
2018-03-31,"Pakistan Definition,Central Government Operations, Net Revenue, Gross revenue , Nontax Revenue, Property and enterprises, National Currency [PAK_CGO_NR_GR_NTR_PE_XDC]",75329.6,million PKR,mof_central_govt_operations_sdmx,quarterly
2018-06-30,"Pakistan Definition,Central Government Operations, Net Revenue, Gross revenue , Nontax Revenue, Property and enterprises, National Currency [PAK_CGO_NR_GR_NTR_PE_XDC]",137072.16999999998,million PKR,mof_central_govt_operations_sdmx,quarterly
2018-09-30,"Pakistan Definition,Central Government Operations, Net Revenue, Gross revenue , Nontax Revenue, Property and enterprises, National Currency [PAK_CGO_NR_GR_NTR_PE_XDC]",82925.02,million PKR,mof_central_govt_operations_sdmx,quarterly
2018-12-31,"Pakistan Definition,Central Government Operations, Net Revenue, Gross revenue , Nontax Revenue, Property and enterprises, National Currency [PAK_CGO_NR_GR_NTR_PE_XDC]",177754.0,million PKR,mof_central_govt_operations_sdmx,quarterly
2019-03-31,"Pakistan Definition,Central Government Operations, Net Revenue, Gross revenue , Nontax Revenue, Property and enterprises, National Currency [PAK_CGO_NR_GR_NTR_PE_XDC]",227738.0,million PKR,mof_central_govt_operations_sdmx,quarterly
2019-06-30,"Pakistan Definition,Central Government Operations, Net Revenue, Gross revenue , Nontax Revenue, Property and enterprises, National Currency [PAK_CGO_NR_GR_NTR_PE_XDC]",298364.0,million PKR,mof_central_govt_operations_sdmx,quarterly
2019-09-30,"Pakistan Definition,Central Government Operations, Net Revenue, Gross revenue , Nontax Revenue, Property and enterprises, National Currency [PAK_CGO_NR_GR_NTR_PE_XDC]",42077.64,million PKR,mof_central_govt_operations_sdmx,quarterly
2019-12-31,"Pakistan Definition,Central Government Operations, Net Revenue, Gross revenue , Nontax Revenue, Property and enterprises, National Currency [PAK_CGO_NR_GR_NTR_PE_XDC]",87998.89,million PKR,mof_central_govt_operations_sdmx,quarterly
2020-03-31,"Pakistan Definition,Central Government Operations, Net Revenue, Gross revenue , Nontax Revenue, Property and enterprises, National Currency [PAK_CGO_NR_GR_NTR_PE_XDC]",113045.74,million PKR,mof_central_govt_operations_sdmx,quarterly
2020-06-30,"Pakistan Definition,Central Government Operations, Net Revenue, Gross revenue , Nontax Revenue, Property and enterprises, National Currency [PAK_CGO_NR_GR_NTR_PE_XDC]",184180.09,million PKR,mof_central_govt_operations_sdmx,quarterly
2020-09-30,"Pakistan Definition,Central Government Operations, Net Revenue, Gross revenue , Nontax Revenue, Property and enterprises, National Currency [PAK_CGO_NR_GR_NTR_PE_XDC]",59256.22,million PKR,mof_central_govt_operations_sdmx,quarterly
2020-12-31,"Pakistan Definition,Central Government Operations, Net Revenue, Gross revenue , Nontax Revenue, Property and enterprises, National Currency [PAK_CGO_NR_GR_NTR_PE_XDC]",115203.82,million PKR,mof_central_govt_operations_sdmx,quarterly
2021-03-31,"Pakistan Definition,Central Government Operations, Net Revenue, Gross revenue , Nontax Revenue, Property and enterprises, National Currency [PAK_CGO_NR_GR_NTR_PE_XDC]",154909.76,million PKR,mof_central_govt_operations_sdmx,quarterly
2021-06-30,"Pakistan Definition,Central Government Operations, Net Revenue, Gross revenue , Nontax Revenue, Property and enterprises, National Currency [PAK_CGO_NR_GR_NTR_PE_XDC]",267611.2,million PKR,mof_central_govt_operations_sdmx,quarterly
2021-09-30,"Pakistan Definition,Central Government Operations, Net Revenue, Gross revenue , Nontax Revenue, Property and enterprises, National Currency [PAK_CGO_NR_GR_NTR_PE_XDC]",75013.51000000001,million PKR,mof_central_govt_operations_sdmx,quarterly
2021-12-31,"Pakistan Definition,Central Government Operations, Net Revenue, Gross revenue , Nontax Revenue, Property and enterprises, National Currency [PAK_CGO_NR_GR_NTR_PE_XDC]",168707.88,million PKR,mof_central_govt_operations_sdmx,quarterly
2022-03-31,"Pakistan Definition,Central Government Operations, Net Revenue, Gross revenue , Nontax Revenue, Property and enterprises, National Currency [PAK_CGO_NR_GR_NTR_PE_XDC]",224991.43,million PKR,mof_central_govt_operations_sdmx,quarterly
2022-06-30,"Pakistan Definition,Central Government Operations, Net Revenue, Gross revenue , Nontax Revenue, Property and enterprises, National Currency [PAK_CGO_NR_GR_NTR_PE_XDC]",359744.42,million PKR,mof_central_govt_operations_sdmx,quarterly
2022-09-30,"Pakistan Definition,Central Government Operations, Net Revenue, Gross revenue , Nontax Revenue, Property and enterprises, National Currency [PAK_CGO_NR_GR_NTR_PE_XDC]",122301.076,million PKR,mof_central_govt_operations_sdmx,quarterly
2022-12-31,"Pakistan Definition,Central Government Operations, Net Revenue, Gross revenue , Nontax Revenue, Property and enterprises, National Currency [PAK_CGO_NR_GR_NTR_PE_XDC]",295424.56,million PKR,mof_central_govt_operations_sdmx,quarterly
2023-03-31,"Pakistan Definition,Central Government Operations, Net Revenue, Gross revenue , Nontax Revenue, Property and enterprises, National Currency [PAK_CGO_NR_GR_NTR_PE_XDC]",355617.88,million PKR,mof_central_govt_operations_sdmx,quarterly
2023-06-30,"Pakistan Definition,Central Government Operations, Net Revenue, Gross revenue , Nontax Revenue, Property and enterprises, National Currency [PAK_CGO_NR_GR_NTR_PE_XDC]",575744.3809479999,million PKR,mof_central_govt_operations_sdmx,quarterly
2023-09-30,"Pakistan Definition,Central Government Operations, Net Revenue, Gross revenue , Nontax Revenue, Property and enterprises, National Currency [PAK_CGO_NR_GR_NTR_PE_XDC]",106190.24689899999,million PKR,mof_central_govt_operations_sdmx,quarterly
2023-12-31,"Pakistan Definition,Central Government Operations, Net Revenue, Gross revenue , Nontax Revenue, Property and enterprises, National Currency [PAK_CGO_NR_GR_NTR_PE_XDC]",257902.40881599998,million PKR,mof_central_govt_operations_sdmx,quarterly
2024-03-31,"Pakistan Definition,Central Government Operations, Net Revenue, Gross revenue , Nontax Revenue, Property and enterprises, National Currency [PAK_CGO_NR_GR_NTR_PE_XDC]",358094.001125,million PKR,mof_central_govt_operations_sdmx,quarterly
2024-06-30,"Pakistan Definition,Central Government Operations, Net Revenue, Gross revenue , Nontax Revenue, Property and enterprises, National Currency [PAK_CGO_NR_GR_NTR_PE_XDC]",569075.315638,million PKR,mof_central_govt_operations_sdmx,quarterly
2024-09-30,"Pakistan Definition,Central Government Operations, Net Revenue, Gross revenue , Nontax Revenue, Property and enterprises, National Currency [PAK_CGO_NR_GR_NTR_PE_XDC]",81085.95490200001,million PKR,mof_central_govt_operations_sdmx,quarterly
2024-12-31,"Pakistan Definition,Central Government Operations, Net Revenue, Gross revenue , Nontax Revenue, Property and enterprises, National Currency [PAK_CGO_NR_GR_NTR_PE_XDC]",237290.004621,million PKR,mof_central_govt_operations_sdmx,quarterly
2025-03-31,"Pakistan Definition,Central Government Operations, Net Revenue, Gross revenue , Nontax Revenue, Property and enterprises, National Currency [PAK_CGO_NR_GR_NTR_PE_XDC]",299429.075061,million PKR,mof_central_govt_operations_sdmx,quarterly
2016-09-30,"Pakistan Definition,Central Government Operations, Net Revenue, Gross revenue , Nontax Revenue, Property and enterprises, Profits from Post Office/PTA, National Currency [PAK_CGO_NR_GR_NTR_PE_PFPO_XDC]",5355.0,million PKR,mof_central_govt_operations_sdmx,quarterly
2016-12-31,"Pakistan Definition,Central Government Operations, Net Revenue, Gross revenue , Nontax Revenue, Property and enterprises, Profits from Post Office/PTA, National Currency [PAK_CGO_NR_GR_NTR_PE_PFPO_XDC]",8624.0,million PKR,mof_central_govt_operations_sdmx,quarterly
2017-03-31,"Pakistan Definition,Central Government Operations, Net Revenue, Gross revenue , Nontax Revenue, Property and enterprises, Profits from Post Office/PTA, National Currency [PAK_CGO_NR_GR_NTR_PE_PFPO_XDC]",8847.0,million PKR,mof_central_govt_operations_sdmx,quarterly
2017-06-30,"Pakistan Definition,Central Government Operations, Net Revenue, Gross revenue , Nontax Revenue, Property and enterprises, Profits from Post Office/PTA, National Currency [PAK_CGO_NR_GR_NTR_PE_PFPO_XDC]",15892.0,million PKR,mof_central_govt_operations_sdmx,quarterly
2017-09-30,"Pakistan Definition,Central Government Operations, Net Revenue, Gross revenue , Nontax Revenue, Property and enterprises, Profits from Post Office/PTA, National Currency [PAK_CGO_NR_GR_NTR_PE_PFPO_XDC]",6095.0,million PKR,mof_central_govt_operations_sdmx,quarterly
2017-12-31,"Pakistan Definition,Central Government Operations, Net Revenue, Gross revenue , Nontax Revenue, Property and enterprises, Profits from Post Office/PTA, National Currency [PAK_CGO_NR_GR_NTR_PE_PFPO_XDC]",15865.0,million PKR,mof_central_govt_operations_sdmx,quarterly
2018-03-31,"Pakistan Definition,Central Government Operations, Net Revenue, Gross revenue , Nontax Revenue, Property and enterprises, Profits from Post Office/PTA, National Currency [PAK_CGO_NR_GR_NTR_PE_PFPO_XDC]",16184.0,million PKR,mof_central_govt_operations_sdmx,quarterly
2018-06-30,"Pakistan Definition,Central Government Operations, Net Revenue, Gross revenue , Nontax Revenue, Property and enterprises, Profits from Post Office/PTA, National Currency [PAK_CGO_NR_GR_NTR_PE_PFPO_XDC]",18235.0,million PKR,mof_central_govt_operations_sdmx,quarterly
2018-09-30,"Pakistan Definition,Central Government Operations, Net Revenue, Gross revenue , Nontax Revenue, Property and enterprises, Profits from Post Office/PTA, National Currency [PAK_CGO_NR_GR_NTR_PE_PFPO_XDC]",71849.0,million PKR,mof_central_govt_operations_sdmx,quarterly
2018-12-31,"Pakistan Definition,Central Government Operations, Net Revenue, Gross revenue , Nontax Revenue, Property and enterprises, Profits from Post Office/PTA, National Currency [PAK_CGO_NR_GR_NTR_PE_PFPO_XDC]",112091.0,million PKR,mof_central_govt_operations_sdmx,quarterly
2019-03-31,"Pakistan Definition,Central Government Operations, Net Revenue, Gross revenue , Nontax Revenue, Property and enterprises, Profits from Post Office/PTA, National Currency [PAK_CGO_NR_GR_NTR_PE_PFPO_XDC]",113184.0,million PKR,mof_central_govt_operations_sdmx,quarterly
2019-06-30,"Pakistan Definition,Central Government Operations, Net Revenue, Gross revenue , Nontax Revenue, Property and enterprises, Profits from Post Office/PTA, National Currency [PAK_CGO_NR_GR_NTR_PE_PFPO_XDC]",126992.0,million PKR,mof_central_govt_operations_sdmx,quarterly
2019-09-30,"Pakistan Definition,Central Government Operations, Net Revenue, Gross revenue , Nontax Revenue, Property and enterprises, Profits from Post Office/PTA, National Currency [PAK_CGO_NR_GR_NTR_PE_PFPO_XDC]",8152.0,million PKR,mof_central_govt_operations_sdmx,quarterly
2019-12-31,"Pakistan Definition,Central Government Operations, Net Revenue, Gross revenue , Nontax Revenue, Property and enterprises, Profits from Post Office/PTA, National Currency [PAK_CGO_NR_GR_NTR_PE_PFPO_XDC]",18615.0,million PKR,mof_central_govt_operations_sdmx,quarterly
2020-03-31,"Pakistan Definition,Central Government Operations, Net Revenue, Gross revenue , Nontax Revenue, Property and enterprises, Profits from Post Office/PTA, National Currency [PAK_CGO_NR_GR_NTR_PE_PFPO_XDC]",19999.0,million PKR,mof_central_govt_operations_sdmx,quarterly
2020-06-30,"Pakistan Definition,Central Government Operations, Net Revenue, Gross revenue , Nontax Revenue, Property and enterprises, Profits from Post Office/PTA, National Currency [PAK_CGO_NR_GR_NTR_PE_PFPO_XDC]",39068.0,million PKR,mof_central_govt_operations_sdmx,quarterly
2020-09-30,"Pakistan Definition,Central Government Operations, Net Revenue, Gross revenue , Nontax Revenue, Property and enterprises, Profits from Post Office/PTA, National Currency [PAK_CGO_NR_GR_NTR_PE_PFPO_XDC]",30098.0,million PKR,mof_central_govt_operations_sdmx,quarterly
2020-12-31,"Pakistan Definition,Central Government Operations, Net Revenue, Gross revenue , Nontax Revenue, Property and enterprises, Profits from Post Office/PTA, National Currency [PAK_CGO_NR_GR_NTR_PE_PFPO_XDC]",38880.0,million PKR,mof_central_govt_operations_sdmx,quarterly
2021-03-31,"Pakistan Definition,Central Government Operations, Net Revenue, Gross revenue , Nontax Revenue, Property and enterprises, Profits from Post Office/PTA, National Currency [PAK_CGO_NR_GR_NTR_PE_PFPO_XDC]",39017.0,million PKR,mof_central_govt_operations_sdmx,quarterly
2021-06-30,"Pakistan Definition,Central Government Operations, Net Revenue, Gross revenue , Nontax Revenue, Property and enterprises, Profits from Post Office/PTA, National Currency [PAK_CGO_NR_GR_NTR_PE_PFPO_XDC]",103444.0,million PKR,mof_central_govt_operations_sdmx,quarterly
2021-09-30,"Pakistan Definition,Central Government Operations, Net Revenue, Gross revenue , Nontax Revenue, Property and enterprises, Profits from Post Office/PTA, National Currency [PAK_CGO_NR_GR_NTR_PE_PFPO_XDC]",13076.0,million PKR,mof_central_govt_operations_sdmx,quarterly
2021-12-31,"Pakistan Definition,Central Government Operations, Net Revenue, Gross revenue , Nontax Revenue, Property and enterprises, Profits from Post Office/PTA, National Currency [PAK_CGO_NR_GR_NTR_PE_PFPO_XDC]",32582.0,million PKR,mof_central_govt_operations_sdmx,quarterly
2022-03-31,"Pakistan Definition,Central Government Operations, Net Revenue, Gross revenue , Nontax Revenue, Property and enterprises, Profits from Post Office/PTA, National Currency [PAK_CGO_NR_GR_NTR_PE_PFPO_XDC]",61458.0,million PKR,mof_central_govt_operations_sdmx,quarterly
2022-06-30,"Pakistan Definition,Central Government Operations, Net Revenue, Gross revenue , Nontax Revenue, Property and enterprises, Profits from Post Office/PTA, National Currency [PAK_CGO_NR_GR_NTR_PE_PFPO_XDC]",84592.0,million PKR,mof_central_govt_operations_sdmx,quarterly
2022-09-30,"Pakistan Definition,Central Government Operations, Net Revenue, Gross revenue , Nontax Revenue, Property and enterprises, Profits from Post Office/PTA, National Currency [PAK_CGO_NR_GR_NTR_PE_PFPO_XDC]",3581.0,million PKR,mof_central_govt_operations_sdmx,quarterly
2022-12-31,"Pakistan Definition,Central Government Operations, Net Revenue, Gross revenue , Nontax Revenue, Property and enterprises, Profits from Post Office/PTA, National Currency [PAK_CGO_NR_GR_NTR_PE_PFPO_XDC]",3734.0,million PKR,mof_central_govt_operations_sdmx,quarterly
2023-03-31,"Pakistan Definition,Central Government Operations, Net Revenue, Gross revenue , Nontax Revenue, Property and enterprises, Profits from Post Office/PTA, National Currency [PAK_CGO_NR_GR_NTR_PE_PFPO_XDC]",6588.0,million PKR,mof_central_govt_operations_sdmx,quarterly
2023-06-30,"Pakistan Definition,Central Government Operations, Net Revenue, Gross revenue , Nontax Revenue, Property and enterprises, Profits from Post Office/PTA, National Currency [PAK_CGO_NR_GR_NTR_PE_PFPO_XDC]",42279.966573,million PKR,mof_central_govt_operations_sdmx,quarterly
2023-09-30,"Pakistan Definition,Central Government Operations, Net Revenue, Gross revenue , Nontax Revenue, Property and enterprises, Profits from Post Office/PTA, National Currency [PAK_CGO_NR_GR_NTR_PE_PFPO_XDC]",20277.07632,million PKR,mof_central_govt_operations_sdmx,quarterly
2023-12-31,"Pakistan Definition,Central Government Operations, Net Revenue, Gross revenue , Nontax Revenue, Property and enterprises, Profits from Post Office/PTA, National Currency [PAK_CGO_NR_GR_NTR_PE_PFPO_XDC]",28813.74104,million PKR,mof_central_govt_operations_sdmx,quarterly
2024-03-31,"Pakistan Definition,Central Government Operations, Net Revenue, Gross revenue , Nontax Revenue, Property and enterprises, Profits from Post Office/PTA, National Currency [PAK_CGO_NR_GR_NTR_PE_PFPO_XDC]",28954.39395,million PKR,mof_central_govt_operations_sdmx,quarterly
2024-06-30,"Pakistan Definition,Central Government Operations, Net Revenue, Gross revenue , Nontax Revenue, Property and enterprises, Profits from Post Office/PTA, National Currency [PAK_CGO_NR_GR_NTR_PE_PFPO_XDC]",29678.296174,million PKR,mof_central_govt_operations_sdmx,quarterly
2024-09-30,"Pakistan Definition,Central Government Operations, Net Revenue, Gross revenue , Nontax Revenue, Property and enterprises, Profits from Post Office/PTA, National Currency [PAK_CGO_NR_GR_NTR_PE_PFPO_XDC]",17310.387027,million PKR,mof_central_govt_operations_sdmx,quarterly
2024-12-31,"Pakistan Definition,Central Government Operations, Net Revenue, Gross revenue , Nontax Revenue, Property and enterprises, Profits from Post Office/PTA, National Currency [PAK_CGO_NR_GR_NTR_PE_PFPO_XDC]",24890.963797,million PKR,mof_central_govt_operations_sdmx,quarterly
2025-03-31,"Pakistan Definition,Central Government Operations, Net Revenue, Gross revenue , Nontax Revenue, Property and enterprises, Profits from Post Office/PTA, National Currency [PAK_CGO_NR_GR_NTR_PE_PFPO_XDC]",26538.104369,million PKR,mof_central_govt_operations_sdmx,quarterly
2016-09-30,"Pakistan Definition,Central Government Operations, Net Revenue, Gross revenue , Tax Revenue, FBR revenue, Direct Taxes, National Currency [PAK_CGO_NR_GR_TR_CBRR_DT_XDC]",286922.0,million PKR,mof_central_govt_operations_sdmx,quarterly
2016-12-31,"Pakistan Definition,Central Government Operations, Net Revenue, Gross revenue , Tax Revenue, FBR revenue, Direct Taxes, National Currency [PAK_CGO_NR_GR_TR_CBRR_DT_XDC]",673752.0,million PKR,mof_central_govt_operations_sdmx,quarterly
2017-03-31,"Pakistan Definition,Central Government Operations, Net Revenue, Gross revenue , Tax Revenue, FBR revenue, Direct Taxes, National Currency [PAK_CGO_NR_GR_TR_CBRR_DT_XDC]",1009020.0,million PKR,mof_central_govt_operations_sdmx,quarterly
2017-06-30,"Pakistan Definition,Central Government Operations, Net Revenue, Gross revenue , Tax Revenue, FBR revenue, Direct Taxes, National Currency [PAK_CGO_NR_GR_TR_CBRR_DT_XDC]",1536636.0,million PKR,mof_central_govt_operations_sdmx,quarterly
2017-09-30,"Pakistan Definition,Central Government Operations, Net Revenue, Gross revenue , Tax Revenue, FBR revenue, Direct Taxes, National Currency [PAK_CGO_NR_GR_TR_CBRR_DT_XDC]",298539.0,million PKR,mof_central_govt_operations_sdmx,quarterly
2017-12-31,"Pakistan Definition,Central Government Operations, Net Revenue, Gross revenue , Tax Revenue, FBR revenue, Direct Taxes, National Currency [PAK_CGO_NR_GR_TR_CBRR_DT_XDC]",672564.0,million PKR,mof_central_govt_operations_sdmx,quarterly
2018-03-31,"Pakistan Definition,Central Government Operations, Net Revenue, Gross revenue , Tax Revenue, FBR revenue, Direct Taxes, National Currency [PAK_CGO_NR_GR_TR_CBRR_DT_XDC]",997411.0,million PKR,mof_central_govt_operations_sdmx,quarterly
2018-06-30,"Pakistan Definition,Central Government Operations, Net Revenue, Gross revenue , Tax Revenue, FBR revenue, Direct Taxes, National Currency [PAK_CGO_NR_GR_TR_CBRR_DT_XDC]",1445594.0,million PKR,mof_central_govt_operations_sdmx,quarterly
2018-09-30,"Pakistan Definition,Central Government Operations, Net Revenue, Gross revenue , Tax Revenue, FBR revenue, Direct Taxes, National Currency [PAK_CGO_NR_GR_TR_CBRR_DT_XDC]",355694.0,million PKR,mof_central_govt_operations_sdmx,quarterly
2018-12-31,"Pakistan Definition,Central Government Operations, Net Revenue, Gross revenue , Tax Revenue, FBR revenue, Direct Taxes, National Currency [PAK_CGO_NR_GR_TR_CBRR_DT_XDC]",784362.0,million PKR,mof_central_govt_operations_sdmx,quarterly
2019-03-31,"Pakistan Definition,Central Government Operations, Net Revenue, Gross revenue , Tax Revenue, FBR revenue, Direct Taxes, National Currency [PAK_CGO_NR_GR_TR_CBRR_DT_XDC]",1146090.0,million PKR,mof_central_govt_operations_sdmx,quarterly
2019-06-30,"Pakistan Definition,Central Government Operations, Net Revenue, Gross revenue , Tax Revenue, FBR revenue, Direct Taxes, National Currency [PAK_CGO_NR_GR_TR_CBRR_DT_XDC]",1524252.0,million PKR,mof_central_govt_operations_sdmx,quarterly
2019-09-30,"Pakistan Definition,Central Government Operations, Net Revenue, Gross revenue , Tax Revenue, FBR revenue, Direct Taxes, National Currency [PAK_CGO_NR_GR_TR_CBRR_DT_XDC]",363623.0,million PKR,mof_central_govt_operations_sdmx,quarterly
2019-12-31,"Pakistan Definition,Central Government Operations, Net Revenue, Gross revenue , Tax Revenue, FBR revenue, Direct Taxes, National Currency [PAK_CGO_NR_GR_TR_CBRR_DT_XDC]",830827.0,million PKR,mof_central_govt_operations_sdmx,quarterly
2020-03-31,"Pakistan Definition,Central Government Operations, Net Revenue, Gross revenue , Tax Revenue, FBR revenue, Direct Taxes, National Currency [PAK_CGO_NR_GR_TR_CBRR_DT_XDC]",1246379.0,million PKR,mof_central_govt_operations_sdmx,quarterly
2020-06-30,"Pakistan Definition,Central Government Operations, Net Revenue, Gross revenue , Tax Revenue, FBR revenue, Direct Taxes, National Currency [PAK_CGO_NR_GR_TR_CBRR_DT_XDC]",1731860.0,million PKR,mof_central_govt_operations_sdmx,quarterly
2020-09-30,"Pakistan Definition,Central Government Operations, Net Revenue, Gross revenue , Tax Revenue, FBR revenue, Direct Taxes, National Currency [PAK_CGO_NR_GR_TR_CBRR_DT_XDC]",481395.0,million PKR,mof_central_govt_operations_sdmx,quarterly
2020-12-31,"Pakistan Definition,Central Government Operations, Net Revenue, Gross revenue , Tax Revenue, FBR revenue, Direct Taxes, National Currency [PAK_CGO_NR_GR_TR_CBRR_DT_XDC]",1019519.0,million PKR,mof_central_govt_operations_sdmx,quarterly
2021-03-31,"Pakistan Definition,Central Government Operations, Net Revenue, Gross revenue , Tax Revenue, FBR revenue, Direct Taxes, National Currency [PAK_CGO_NR_GR_TR_CBRR_DT_XDC]",1578584.0,million PKR,mof_central_govt_operations_sdmx,quarterly
2021-06-30,"Pakistan Definition,Central Government Operations, Net Revenue, Gross revenue , Tax Revenue, FBR revenue, Direct Taxes, National Currency [PAK_CGO_NR_GR_TR_CBRR_DT_XDC]",2280470.0,million PKR,mof_central_govt_operations_sdmx,quarterly
2021-09-30,"Pakistan Definition,Central Government Operations, Net Revenue, Gross revenue , Tax Revenue, FBR revenue, Direct Taxes, National Currency [PAK_CGO_NR_GR_TR_CBRR_DT_XDC]",682675.0,million PKR,mof_central_govt_operations_sdmx,quarterly
2021-12-31,"Pakistan Definition,Central Government Operations, Net Revenue, Gross revenue , Tax Revenue, FBR revenue, Direct Taxes, National Currency [PAK_CGO_NR_GR_TR_CBRR_DT_XDC]",1525653.0,million PKR,mof_central_govt_operations_sdmx,quarterly
2022-03-31,"Pakistan Definition,Central Government Operations, Net Revenue, Gross revenue , Tax Revenue, FBR revenue, Direct Taxes, National Currency [PAK_CGO_NR_GR_TR_CBRR_DT_XDC]",2308916.0,million PKR,mof_central_govt_operations_sdmx,quarterly
2022-06-30,"Pakistan Definition,Central Government Operations, Net Revenue, Gross revenue , Tax Revenue, FBR revenue, Direct Taxes, National Currency [PAK_CGO_NR_GR_TR_CBRR_DT_XDC]",3272402.0,million PKR,mof_central_govt_operations_sdmx,quarterly
2022-09-30,"Pakistan Definition,Central Government Operations, Net Revenue, Gross revenue , Tax Revenue, FBR revenue, Direct Taxes, National Currency [PAK_CGO_NR_GR_TR_CBRR_DT_XDC]",934789.0,million PKR,mof_central_govt_operations_sdmx,quarterly
2022-12-31,"Pakistan Definition,Central Government Operations, Net Revenue, Gross revenue , Tax Revenue, FBR revenue, Direct Taxes, National Currency [PAK_CGO_NR_GR_TR_CBRR_DT_XDC]",2148891.0,million PKR,mof_central_govt_operations_sdmx,quarterly
2023-03-31,"Pakistan Definition,Central Government Operations, Net Revenue, Gross revenue , Tax Revenue, FBR revenue, Direct Taxes, National Currency [PAK_CGO_NR_GR_TR_CBRR_DT_XDC]",3264705.4399999995,million PKR,mof_central_govt_operations_sdmx,quarterly
2023-06-30,"Pakistan Definition,Central Government Operations, Net Revenue, Gross revenue , Tax Revenue, FBR revenue, Direct Taxes, National Currency [PAK_CGO_NR_GR_TR_CBRR_DT_XDC]",4530722.000000001,million PKR,mof_central_govt_operations_sdmx,quarterly
2023-09-30,"Pakistan Definition,Central Government Operations, Net Revenue, Gross revenue , Tax Revenue, FBR revenue, Direct Taxes, National Currency [PAK_CGO_NR_GR_TR_CBRR_DT_XDC]",1230243.0,million PKR,mof_central_govt_operations_sdmx,quarterly
2023-12-31,"Pakistan Definition,Central Government Operations, Net Revenue, Gross revenue , Tax Revenue, FBR revenue, Direct Taxes, National Currency [PAK_CGO_NR_GR_TR_CBRR_DT_XDC]",2781552.0,million PKR,mof_central_govt_operations_sdmx,quarterly
2024-03-31,"Pakistan Definition,Central Government Operations, Net Revenue, Gross revenue , Tax Revenue, FBR revenue, Direct Taxes, National Currency [PAK_CGO_NR_GR_TR_CBRR_DT_XDC]",4127815.0000000005,million PKR,mof_central_govt_operations_sdmx,quarterly
2024-06-30,"Pakistan Definition,Central Government Operations, Net Revenue, Gross revenue , Tax Revenue, FBR revenue, Direct Taxes, National Currency [PAK_CGO_NR_GR_TR_CBRR_DT_XDC]",5791666.999999999,million PKR,mof_central_govt_operations_sdmx,quarterly
2024-09-30,"Pakistan Definition,Central Government Operations, Net Revenue, Gross revenue , Tax Revenue, FBR revenue, Direct Taxes, National Currency [PAK_CGO_NR_GR_TR_CBRR_DT_XDC]",1364308.0000000002,million PKR,mof_central_govt_operations_sdmx,quarterly
2024-12-31,"Pakistan Definition,Central Government Operations, Net Revenue, Gross revenue , Tax Revenue, FBR revenue, Direct Taxes, National Currency [PAK_CGO_NR_GR_TR_CBRR_DT_XDC]",3030311.9999999995,million PKR,mof_central_govt_operations_sdmx,quarterly
2025-03-31,"Pakistan Definition,Central Government Operations, Net Revenue, Gross revenue , Tax Revenue, FBR revenue, Direct Taxes, National Currency [PAK_CGO_NR_GR_TR_CBRR_DT_XDC]",4637810.999999999,million PKR,mof_central_govt_operations_sdmx,quarterly
2016-09-30,"Pakistan Definition,Central Government Operations, Net Revenue, Gross revenue , Tax Revenue, FBR revenue, Indirect Taxes, Customs duty, National Currency [PAK_CGO_NR_GR_TR_CBRR_IT_CD_XDC]",128145.0,million PKR,mof_central_govt_operations_sdmx,quarterly
2016-12-31,"Pakistan Definition,Central Government Operations, Net Revenue, Gross revenue , Tax Revenue, FBR revenue, Indirect Taxes, Customs duty, National Currency [PAK_CGO_NR_GR_TR_CBRR_IT_CD_XDC]",282617.0,million PKR,mof_central_govt_operations_sdmx,quarterly
2017-03-31,"Pakistan Definition,Central Government Operations, Net Revenue, Gross revenue , Tax Revenue, FBR revenue, Indirect Taxes, Customs duty, National Currency [PAK_CGO_NR_GR_TR_CBRR_IT_CD_XDC]",429852.0,million PKR,mof_central_govt_operations_sdmx,quarterly
2017-06-30,"Pakistan Definition,Central Government Operations, Net Revenue, Gross revenue , Tax Revenue, FBR revenue, Indirect Taxes, Customs duty, National Currency [PAK_CGO_NR_GR_TR_CBRR_IT_CD_XDC]",608325.0,million PKR,mof_central_govt_operations_sdmx,quarterly
2017-09-30,"Pakistan Definition,Central Government Operations, Net Revenue, Gross revenue , Tax Revenue, FBR revenue, Indirect Taxes, Customs duty, National Currency [PAK_CGO_NR_GR_TR_CBRR_IT_CD_XDC]",156544.0,million PKR,mof_central_govt_operations_sdmx,quarterly
2017-12-31,"Pakistan Definition,Central Government Operations, Net Revenue, Gross revenue , Tax Revenue, FBR revenue, Indirect Taxes, Customs duty, National Currency [PAK_CGO_NR_GR_TR_CBRR_IT_CD_XDC]",335790.0,million PKR,mof_central_govt_operations_sdmx,quarterly
2018-03-31,"Pakistan Definition,Central Government Operations, Net Revenue, Gross revenue , Tax Revenue, FBR revenue, Indirect Taxes, Customs duty, National Currency [PAK_CGO_NR_GR_TR_CBRR_IT_CD_XDC]",507186.0,million PKR,mof_central_govt_operations_sdmx,quarterly
2018-06-30,"Pakistan Definition,Central Government Operations, Net Revenue, Gross revenue , Tax Revenue, FBR revenue, Indirect Taxes, Customs duty, National Currency [PAK_CGO_NR_GR_TR_CBRR_IT_CD_XDC]",685397.0,million PKR,mof_central_govt_operations_sdmx,quarterly
2018-09-30,"Pakistan Definition,Central Government Operations, Net Revenue, Gross revenue , Tax Revenue, FBR revenue, Indirect Taxes, Customs duty, National Currency [PAK_CGO_NR_GR_TR_CBRR_IT_CD_XDC]",155568.0,million PKR,mof_central_govt_operations_sdmx,quarterly
2018-12-31,"Pakistan Definition,Central Government Operations, Net Revenue, Gross revenue , Tax Revenue, FBR revenue, Indirect Taxes, Customs duty, National Currency [PAK_CGO_NR_GR_TR_CBRR_IT_CD_XDC]",328135.0,million PKR,mof_central_govt_operations_sdmx,quarterly
2019-03-31,"Pakistan Definition,Central Government Operations, Net Revenue, Gross revenue , Tax Revenue, FBR revenue, Indirect Taxes, Customs duty, National Currency [PAK_CGO_NR_GR_TR_CBRR_IT_CD_XDC]",474100.0,million PKR,mof_central_govt_operations_sdmx,quarterly
2019-06-30,"Pakistan Definition,Central Government Operations, Net Revenue, Gross revenue , Tax Revenue, FBR revenue, Indirect Taxes, Customs duty, National Currency [PAK_CGO_NR_GR_TR_CBRR_IT_CD_XDC]",626378.0,million PKR,mof_central_govt_operations_sdmx,quarterly
2019-09-30,"Pakistan Definition,Central Government Operations, Net Revenue, Gross revenue , Tax Revenue, FBR revenue, Indirect Taxes, Customs duty, National Currency [PAK_CGO_NR_GR_TR_CBRR_IT_CD_XDC]",155258.0,million PKR,mof_central_govt_operations_sdmx,quarterly
2019-12-31,"Pakistan Definition,Central Government Operations, Net Revenue, Gross revenue , Tax Revenue, FBR revenue, Indirect Taxes, Customs duty, National Currency [PAK_CGO_NR_GR_TR_CBRR_IT_CD_XDC]",337876.4,million PKR,mof_central_govt_operations_sdmx,quarterly
2020-03-31,"Pakistan Definition,Central Government Operations, Net Revenue, Gross revenue , Tax Revenue, FBR revenue, Indirect Taxes, Customs duty, National Currency [PAK_CGO_NR_GR_TR_CBRR_IT_CD_XDC]",541049.2,million PKR,mof_central_govt_operations_sdmx,quarterly
2020-06-30,"Pakistan Definition,Central Government Operations, Net Revenue, Gross revenue , Tax Revenue, FBR revenue, Indirect Taxes, Customs duty, National Currency [PAK_CGO_NR_GR_TR_CBRR_IT_CD_XDC]",765184.0,million PKR,mof_central_govt_operations_sdmx,quarterly
2020-09-30,"Pakistan Definition,Central Government Operations, Net Revenue, Gross revenue , Tax Revenue, FBR revenue, Indirect Taxes, Customs duty, National Currency [PAK_CGO_NR_GR_TR_CBRR_IT_CD_XDC]",221253.0,million PKR,mof_central_govt_operations_sdmx,quarterly
2020-12-31,"Pakistan Definition,Central Government Operations, Net Revenue, Gross revenue , Tax Revenue, FBR revenue, Indirect Taxes, Customs duty, National Currency [PAK_CGO_NR_GR_TR_CBRR_IT_CD_XDC]",480334.0,million PKR,mof_central_govt_operations_sdmx,quarterly
2021-03-31,"Pakistan Definition,Central Government Operations, Net Revenue, Gross revenue , Tax Revenue, FBR revenue, Indirect Taxes, Customs duty, National Currency [PAK_CGO_NR_GR_TR_CBRR_IT_CD_XDC]",714778.0,million PKR,mof_central_govt_operations_sdmx,quarterly
2021-06-30,"Pakistan Definition,Central Government Operations, Net Revenue, Gross revenue , Tax Revenue, FBR revenue, Indirect Taxes, Customs duty, National Currency [PAK_CGO_NR_GR_TR_CBRR_IT_CD_XDC]",1009498.0,million PKR,mof_central_govt_operations_sdmx,quarterly
2021-09-30,"Pakistan Definition,Central Government Operations, Net Revenue, Gross revenue , Tax Revenue, FBR revenue, Indirect Taxes, Customs duty, National Currency [PAK_CGO_NR_GR_TR_CBRR_IT_CD_XDC]",229957.0,million PKR,mof_central_govt_operations_sdmx,quarterly
2021-12-31,"Pakistan Definition,Central Government Operations, Net Revenue, Gross revenue , Tax Revenue, FBR revenue, Indirect Taxes, Customs duty, National Currency [PAK_CGO_NR_GR_TR_CBRR_IT_CD_XDC]",466925.0,million PKR,mof_central_govt_operations_sdmx,quarterly
2022-03-31,"Pakistan Definition,Central Government Operations, Net Revenue, Gross revenue , Tax Revenue, FBR revenue, Indirect Taxes, Customs duty, National Currency [PAK_CGO_NR_GR_TR_CBRR_IT_CD_XDC]",701152.0,million PKR,mof_central_govt_operations_sdmx,quarterly
2022-06-30,"Pakistan Definition,Central Government Operations, Net Revenue, Gross revenue , Tax Revenue, FBR revenue, Indirect Taxes, Customs duty, National Currency [PAK_CGO_NR_GR_TR_CBRR_IT_CD_XDC]",934823.0,million PKR,mof_central_govt_operations_sdmx,quarterly
2022-09-30,"Pakistan Definition,Central Government Operations, Net Revenue, Gross revenue , Tax Revenue, FBR revenue, Indirect Taxes, Customs duty, National Currency [PAK_CGO_NR_GR_TR_CBRR_IT_CD_XDC]",252220.0,million PKR,mof_central_govt_operations_sdmx,quarterly
2022-12-31,"Pakistan Definition,Central Government Operations, Net Revenue, Gross revenue , Tax Revenue, FBR revenue, Indirect Taxes, Customs duty, National Currency [PAK_CGO_NR_GR_TR_CBRR_IT_CD_XDC]",540504.0,million PKR,mof_central_govt_operations_sdmx,quarterly
2023-03-31,"Pakistan Definition,Central Government Operations, Net Revenue, Gross revenue , Tax Revenue, FBR revenue, Indirect Taxes, Customs duty, National Currency [PAK_CGO_NR_GR_TR_CBRR_IT_CD_XDC]",807805.0,million PKR,mof_central_govt_operations_sdmx,quarterly
2023-06-30,"Pakistan Definition,Central Government Operations, Net Revenue, Gross revenue , Tax Revenue, FBR revenue, Indirect Taxes, Customs duty, National Currency [PAK_CGO_NR_GR_TR_CBRR_IT_CD_XDC]",1104063.0,million PKR,mof_central_govt_operations_sdmx,quarterly
2023-09-30,"Pakistan Definition,Central Government Operations, Net Revenue, Gross revenue , Tax Revenue, FBR revenue, Indirect Taxes, Customs duty, National Currency [PAK_CGO_NR_GR_TR_CBRR_IT_CD_XDC]",276869.0,million PKR,mof_central_govt_operations_sdmx,quarterly
2023-12-31,"Pakistan Definition,Central Government Operations, Net Revenue, Gross revenue , Tax Revenue, FBR revenue, Indirect Taxes, Customs duty, National Currency [PAK_CGO_NR_GR_TR_CBRR_IT_CD_XDC]",598540.0,million PKR,mof_central_govt_operations_sdmx,quarterly
2024-03-31,"Pakistan Definition,Central Government Operations, Net Revenue, Gross revenue , Tax Revenue, FBR revenue, Indirect Taxes, Customs duty, National Currency [PAK_CGO_NR_GR_TR_CBRR_IT_CD_XDC]",927461.0000000001,million PKR,mof_central_govt_operations_sdmx,quarterly
2024-06-30,"Pakistan Definition,Central Government Operations, Net Revenue, Gross revenue , Tax Revenue, FBR revenue, Indirect Taxes, Customs duty, National Currency [PAK_CGO_NR_GR_TR_CBRR_IT_CD_XDC]",1284608.0,million PKR,mof_central_govt_operations_sdmx,quarterly
2024-09-30,"Pakistan Definition,Central Government Operations, Net Revenue, Gross revenue , Tax Revenue, FBR revenue, Indirect Taxes, Customs duty, National Currency [PAK_CGO_NR_GR_TR_CBRR_IT_CD_XDC]",310580.00000000006,million PKR,mof_central_govt_operations_sdmx,quarterly
2024-12-31,"Pakistan Definition,Central Government Operations, Net Revenue, Gross revenue , Tax Revenue, FBR revenue, Indirect Taxes, Customs duty, National Currency [PAK_CGO_NR_GR_TR_CBRR_IT_CD_XDC]",642644.0,million PKR,mof_central_govt_operations_sdmx,quarterly
2025-03-31,"Pakistan Definition,Central Government Operations, Net Revenue, Gross revenue , Tax Revenue, FBR revenue, Indirect Taxes, Customs duty, National Currency [PAK_CGO_NR_GR_TR_CBRR_IT_CD_XDC]",955063.0,million PKR,mof_central_govt_operations_sdmx,quarterly
2016-09-30,"Pakistan Definition,Central Government Operations, Net Revenue, Gross revenue , Tax Revenue, FBR revenue, Indirect Taxes, National Currency [PAK_CGO_NR_GR_TR_CBRR_IT_XDC]",477915.0,million PKR,mof_central_govt_operations_sdmx,quarterly
2016-12-31,"Pakistan Definition,Central Government Operations, Net Revenue, Gross revenue , Tax Revenue, FBR revenue, Indirect Taxes, National Currency [PAK_CGO_NR_GR_TR_CBRR_IT_XDC]",1056330.0,million PKR,mof_central_govt_operations_sdmx,quarterly
2017-03-31,"Pakistan Definition,Central Government Operations, Net Revenue, Gross revenue , Tax Revenue, FBR revenue, Indirect Taxes, National Currency [PAK_CGO_NR_GR_TR_CBRR_IT_XDC]",1618628.0,million PKR,mof_central_govt_operations_sdmx,quarterly
2017-06-30,"Pakistan Definition,Central Government Operations, Net Revenue, Gross revenue , Tax Revenue, FBR revenue, Indirect Taxes, National Currency [PAK_CGO_NR_GR_TR_CBRR_IT_XDC]",2305512.0,million PKR,mof_central_govt_operations_sdmx,quarterly
2017-09-30,"Pakistan Definition,Central Government Operations, Net Revenue, Gross revenue , Tax Revenue, FBR revenue, Indirect Taxes, National Currency [PAK_CGO_NR_GR_TR_CBRR_IT_XDC]",533713.0,million PKR,mof_central_govt_operations_sdmx,quarterly
2017-12-31,"Pakistan Definition,Central Government Operations, Net Revenue, Gross revenue , Tax Revenue, FBR revenue, Indirect Taxes, National Currency [PAK_CGO_NR_GR_TR_CBRR_IT_XDC]",1122847.0,million PKR,mof_central_govt_operations_sdmx,quarterly
2018-03-31,"Pakistan Definition,Central Government Operations, Net Revenue, Gross revenue , Tax Revenue, FBR revenue, Indirect Taxes, National Currency [PAK_CGO_NR_GR_TR_CBRR_IT_XDC]",1707117.0,million PKR,mof_central_govt_operations_sdmx,quarterly
2018-06-30,"Pakistan Definition,Central Government Operations, Net Revenue, Gross revenue , Tax Revenue, FBR revenue, Indirect Taxes, National Currency [PAK_CGO_NR_GR_TR_CBRR_IT_XDC]",2383875.0,million PKR,mof_central_govt_operations_sdmx,quarterly
2018-09-30,"Pakistan Definition,Central Government Operations, Net Revenue, Gross revenue , Tax Revenue, FBR revenue, Indirect Taxes, National Currency [PAK_CGO_NR_GR_TR_CBRR_IT_XDC]",608677.0,million PKR,mof_central_govt_operations_sdmx,quarterly
2018-12-31,"Pakistan Definition,Central Government Operations, Net Revenue, Gross revenue , Tax Revenue, FBR revenue, Indirect Taxes, National Currency [PAK_CGO_NR_GR_TR_CBRR_IT_XDC]",1309051.0,million PKR,mof_central_govt_operations_sdmx,quarterly
2019-03-31,"Pakistan Definition,Central Government Operations, Net Revenue, Gross revenue , Tax Revenue, FBR revenue, Indirect Taxes, National Currency [PAK_CGO_NR_GR_TR_CBRR_IT_XDC]",1898192.0,million PKR,mof_central_govt_operations_sdmx,quarterly
2019-06-30,"Pakistan Definition,Central Government Operations, Net Revenue, Gross revenue , Tax Revenue, FBR revenue, Indirect Taxes, National Currency [PAK_CGO_NR_GR_TR_CBRR_IT_XDC]",2473669.0,million PKR,mof_central_govt_operations_sdmx,quarterly
2019-09-30,"Pakistan Definition,Central Government Operations, Net Revenue, Gross revenue , Tax Revenue, FBR revenue, Indirect Taxes, National Currency [PAK_CGO_NR_GR_TR_CBRR_IT_XDC]",647018.0,million PKR,mof_central_govt_operations_sdmx,quarterly
2019-12-31,"Pakistan Definition,Central Government Operations, Net Revenue, Gross revenue , Tax Revenue, FBR revenue, Indirect Taxes, National Currency [PAK_CGO_NR_GR_TR_CBRR_IT_XDC]",1379221.2,million PKR,mof_central_govt_operations_sdmx,quarterly
2020-03-31,"Pakistan Definition,Central Government Operations, Net Revenue, Gross revenue , Tax Revenue, FBR revenue, Indirect Taxes, National Currency [PAK_CGO_NR_GR_TR_CBRR_IT_XDC]",2148505.6,million PKR,mof_central_govt_operations_sdmx,quarterly
2020-06-30,"Pakistan Definition,Central Government Operations, Net Revenue, Gross revenue , Tax Revenue, FBR revenue, Indirect Taxes, National Currency [PAK_CGO_NR_GR_TR_CBRR_IT_XDC]",3032442.0,million PKR,mof_central_govt_operations_sdmx,quarterly
2020-09-30,"Pakistan Definition,Central Government Operations, Net Revenue, Gross revenue , Tax Revenue, FBR revenue, Indirect Taxes, National Currency [PAK_CGO_NR_GR_TR_CBRR_IT_XDC]",916589.0,million PKR,mof_central_govt_operations_sdmx,quarterly
2020-12-31,"Pakistan Definition,Central Government Operations, Net Revenue, Gross revenue , Tax Revenue, FBR revenue, Indirect Taxes, National Currency [PAK_CGO_NR_GR_TR_CBRR_IT_XDC]",1900286.0,million PKR,mof_central_govt_operations_sdmx,quarterly
2021-03-31,"Pakistan Definition,Central Government Operations, Net Revenue, Gross revenue , Tax Revenue, FBR revenue, Indirect Taxes, National Currency [PAK_CGO_NR_GR_TR_CBRR_IT_XDC]",2805026.0,million PKR,mof_central_govt_operations_sdmx,quarterly
2021-06-30,"Pakistan Definition,Central Government Operations, Net Revenue, Gross revenue , Tax Revenue, FBR revenue, Indirect Taxes, National Currency [PAK_CGO_NR_GR_TR_CBRR_IT_XDC]",3862332.0,million PKR,mof_central_govt_operations_sdmx,quarterly
2021-09-30,"Pakistan Definition,Central Government Operations, Net Revenue, Gross revenue , Tax Revenue, FBR revenue, Indirect Taxes, National Currency [PAK_CGO_NR_GR_TR_CBRR_IT_XDC]",951221.0,million PKR,mof_central_govt_operations_sdmx,quarterly
2021-12-31,"Pakistan Definition,Central Government Operations, Net Revenue, Gross revenue , Tax Revenue, FBR revenue, Indirect Taxes, National Currency [PAK_CGO_NR_GR_TR_CBRR_IT_XDC]",1903186.0,million PKR,mof_central_govt_operations_sdmx,quarterly
2022-03-31,"Pakistan Definition,Central Government Operations, Net Revenue, Gross revenue , Tax Revenue, FBR revenue, Indirect Taxes, National Currency [PAK_CGO_NR_GR_TR_CBRR_IT_XDC]",2846990.0,million PKR,mof_central_govt_operations_sdmx,quarterly
2022-06-30,"Pakistan Definition,Central Government Operations, Net Revenue, Gross revenue , Tax Revenue, FBR revenue, Indirect Taxes, National Currency [PAK_CGO_NR_GR_TR_CBRR_IT_XDC]",3896738.0,million PKR,mof_central_govt_operations_sdmx,quarterly
2022-09-30,"Pakistan Definition,Central Government Operations, Net Revenue, Gross revenue , Tax Revenue, FBR revenue, Indirect Taxes, National Currency [PAK_CGO_NR_GR_TR_CBRR_IT_XDC]",1106758.0,million PKR,mof_central_govt_operations_sdmx,quarterly
2022-12-31,"Pakistan Definition,Central Government Operations, Net Revenue, Gross revenue , Tax Revenue, FBR revenue, Indirect Taxes, National Currency [PAK_CGO_NR_GR_TR_CBRR_IT_XDC]",2320350.0,million PKR,mof_central_govt_operations_sdmx,quarterly
2023-03-31,"Pakistan Definition,Central Government Operations, Net Revenue, Gross revenue , Tax Revenue, FBR revenue, Indirect Taxes, National Currency [PAK_CGO_NR_GR_TR_CBRR_IT_XDC]",3446809.0,million PKR,mof_central_govt_operations_sdmx,quarterly
2023-06-30,"Pakistan Definition,Central Government Operations, Net Revenue, Gross revenue , Tax Revenue, FBR revenue, Indirect Taxes, National Currency [PAK_CGO_NR_GR_TR_CBRR_IT_XDC]",4780285.0,million PKR,mof_central_govt_operations_sdmx,quarterly
2023-09-30,"Pakistan Definition,Central Government Operations, Net Revenue, Gross revenue , Tax Revenue, FBR revenue, Indirect Taxes, National Currency [PAK_CGO_NR_GR_TR_CBRR_IT_XDC]",1332684.0,million PKR,mof_central_govt_operations_sdmx,quarterly
2023-12-31,"Pakistan Definition,Central Government Operations, Net Revenue, Gross revenue , Tax Revenue, FBR revenue, Indirect Taxes, National Currency [PAK_CGO_NR_GR_TR_CBRR_IT_XDC]",2843299.0,million PKR,mof_central_govt_operations_sdmx,quarterly
2024-03-31,"Pakistan Definition,Central Government Operations, Net Revenue, Gross revenue , Tax Revenue, FBR revenue, Indirect Taxes, National Currency [PAK_CGO_NR_GR_TR_CBRR_IT_XDC]",4325236.0,million PKR,mof_central_govt_operations_sdmx,quarterly
2024-06-30,"Pakistan Definition,Central Government Operations, Net Revenue, Gross revenue , Tax Revenue, FBR revenue, Indirect Taxes, National Currency [PAK_CGO_NR_GR_TR_CBRR_IT_XDC]",5952621.0,million PKR,mof_central_govt_operations_sdmx,quarterly
2024-09-30,"Pakistan Definition,Central Government Operations, Net Revenue, Gross revenue , Tax Revenue, FBR revenue, Indirect Taxes, National Currency [PAK_CGO_NR_GR_TR_CBRR_IT_XDC]",1520062.0,million PKR,mof_central_govt_operations_sdmx,quarterly
2024-12-31,"Pakistan Definition,Central Government Operations, Net Revenue, Gross revenue , Tax Revenue, FBR revenue, Indirect Taxes, National Currency [PAK_CGO_NR_GR_TR_CBRR_IT_XDC]",3130530.0,million PKR,mof_central_govt_operations_sdmx,quarterly
2025-03-31,"Pakistan Definition,Central Government Operations, Net Revenue, Gross revenue , Tax Revenue, FBR revenue, Indirect Taxes, National Currency [PAK_CGO_NR_GR_TR_CBRR_IT_XDC]",4668092.0,million PKR,mof_central_govt_operations_sdmx,quarterly
2016-09-30,"Pakistan Definition,Central Government Operations, Net Revenue, Gross revenue , Tax Revenue, FBR revenue, Indirect taxes, Customs duty, Federal excise, National Currency [PAK_CGO_NR_GR_TR_CBRR_IT_FE_XDC]",35657.0,million PKR,mof_central_govt_operations_sdmx,quarterly
2016-12-31,"Pakistan Definition,Central Government Operations, Net Revenue, Gross revenue , Tax Revenue, FBR revenue, Indirect taxes, Customs duty, Federal excise, National Currency [PAK_CGO_NR_GR_TR_CBRR_IT_FE_XDC]",83191.0,million PKR,mof_central_govt_operations_sdmx,quarterly
2017-03-31,"Pakistan Definition,Central Government Operations, Net Revenue, Gross revenue , Tax Revenue, FBR revenue, Indirect taxes, Customs duty, Federal excise, National Currency [PAK_CGO_NR_GR_TR_CBRR_IT_FE_XDC]",139152.0,million PKR,mof_central_govt_operations_sdmx,quarterly
2017-06-30,"Pakistan Definition,Central Government Operations, Net Revenue, Gross revenue , Tax Revenue, FBR revenue, Indirect taxes, Customs duty, Federal excise, National Currency [PAK_CGO_NR_GR_TR_CBRR_IT_FE_XDC]",205877.0,million PKR,mof_central_govt_operations_sdmx,quarterly
2017-09-30,"Pakistan Definition,Central Government Operations, Net Revenue, Gross revenue , Tax Revenue, FBR revenue, Indirect taxes, Customs duty, Federal excise, National Currency [PAK_CGO_NR_GR_TR_CBRR_IT_FE_XDC]",42095.0,million PKR,mof_central_govt_operations_sdmx,quarterly
2017-12-31,"Pakistan Definition,Central Government Operations, Net Revenue, Gross revenue , Tax Revenue, FBR revenue, Indirect taxes, Customs duty, Federal excise, National Currency [PAK_CGO_NR_GR_TR_CBRR_IT_FE_XDC]",93846.0,million PKR,mof_central_govt_operations_sdmx,quarterly
2018-03-31,"Pakistan Definition,Central Government Operations, Net Revenue, Gross revenue , Tax Revenue, FBR revenue, Indirect taxes, Customs duty, Federal excise, National Currency [PAK_CGO_NR_GR_TR_CBRR_IT_FE_XDC]",151466.0,million PKR,mof_central_govt_operations_sdmx,quarterly
2018-06-30,"Pakistan Definition,Central Government Operations, Net Revenue, Gross revenue , Tax Revenue, FBR revenue, Indirect taxes, Customs duty, Federal excise, National Currency [PAK_CGO_NR_GR_TR_CBRR_IT_FE_XDC]",233591.0,million PKR,mof_central_govt_operations_sdmx,quarterly
2018-09-30,"Pakistan Definition,Central Government Operations, Net Revenue, Gross revenue , Tax Revenue, FBR revenue, Indirect taxes, Customs duty, Federal excise, National Currency [PAK_CGO_NR_GR_TR_CBRR_IT_FE_XDC]",49188.0,million PKR,mof_central_govt_operations_sdmx,quarterly
2018-12-31,"Pakistan Definition,Central Government Operations, Net Revenue, Gross revenue , Tax Revenue, FBR revenue, Indirect taxes, Customs duty, Federal excise, National Currency [PAK_CGO_NR_GR_TR_CBRR_IT_FE_XDC]",122256.0,million PKR,mof_central_govt_operations_sdmx,quarterly
2019-03-31,"Pakistan Definition,Central Government Operations, Net Revenue, Gross revenue , Tax Revenue, FBR revenue, Indirect taxes, Customs duty, Federal excise, National Currency [PAK_CGO_NR_GR_TR_CBRR_IT_FE_XDC]",181768.0,million PKR,mof_central_govt_operations_sdmx,quarterly
2019-06-30,"Pakistan Definition,Central Government Operations, Net Revenue, Gross revenue , Tax Revenue, FBR revenue, Indirect taxes, Customs duty, Federal excise, National Currency [PAK_CGO_NR_GR_TR_CBRR_IT_FE_XDC]",250470.0,million PKR,mof_central_govt_operations_sdmx,quarterly
2019-09-30,"Pakistan Definition,Central Government Operations, Net Revenue, Gross revenue , Tax Revenue, FBR revenue, Indirect taxes, Customs duty, Federal excise, National Currency [PAK_CGO_NR_GR_TR_CBRR_IT_FE_XDC]",56026.0,million PKR,mof_central_govt_operations_sdmx,quarterly
2019-12-31,"Pakistan Definition,Central Government Operations, Net Revenue, Gross revenue , Tax Revenue, FBR revenue, Indirect taxes, Customs duty, Federal excise, National Currency [PAK_CGO_NR_GR_TR_CBRR_IT_FE_XDC]",123226.4,million PKR,mof_central_govt_operations_sdmx,quarterly
2020-03-31,"Pakistan Definition,Central Government Operations, Net Revenue, Gross revenue , Tax Revenue, FBR revenue, Indirect taxes, Customs duty, Federal excise, National Currency [PAK_CGO_NR_GR_TR_CBRR_IT_FE_XDC]",191686.2,million PKR,mof_central_govt_operations_sdmx,quarterly
2020-06-30,"Pakistan Definition,Central Government Operations, Net Revenue, Gross revenue , Tax Revenue, FBR revenue, Indirect taxes, Customs duty, Federal excise, National Currency [PAK_CGO_NR_GR_TR_CBRR_IT_FE_XDC]",277072.0,million PKR,mof_central_govt_operations_sdmx,quarterly
2020-09-30,"Pakistan Definition,Central Government Operations, Net Revenue, Gross revenue , Tax Revenue, FBR revenue, Indirect taxes, Customs duty, Federal excise, National Currency [PAK_CGO_NR_GR_TR_CBRR_IT_FE_XDC]",70927.0,million PKR,mof_central_govt_operations_sdmx,quarterly
2020-12-31,"Pakistan Definition,Central Government Operations, Net Revenue, Gross revenue , Tax Revenue, FBR revenue, Indirect taxes, Customs duty, Federal excise, National Currency [PAK_CGO_NR_GR_TR_CBRR_IT_FE_XDC]",145495.0,million PKR,mof_central_govt_operations_sdmx,quarterly
2021-03-31,"Pakistan Definition,Central Government Operations, Net Revenue, Gross revenue , Tax Revenue, FBR revenue, Indirect taxes, Customs duty, Federal excise, National Currency [PAK_CGO_NR_GR_TR_CBRR_IT_FE_XDC]",224125.0,million PKR,mof_central_govt_operations_sdmx,quarterly
2021-06-30,"Pakistan Definition,Central Government Operations, Net Revenue, Gross revenue , Tax Revenue, FBR revenue, Indirect taxes, Customs duty, Federal excise, National Currency [PAK_CGO_NR_GR_TR_CBRR_IT_FE_XDC]",320978.0,million PKR,mof_central_govt_operations_sdmx,quarterly
2021-09-30,"Pakistan Definition,Central Government Operations, Net Revenue, Gross revenue , Tax Revenue, FBR revenue, Indirect taxes, Customs duty, Federal excise, National Currency [PAK_CGO_NR_GR_TR_CBRR_IT_FE_XDC]",79120.0,million PKR,mof_central_govt_operations_sdmx,quarterly
2021-12-31,"Pakistan Definition,Central Government Operations, Net Revenue, Gross revenue , Tax Revenue, FBR revenue, Indirect taxes, Customs duty, Federal excise, National Currency [PAK_CGO_NR_GR_TR_CBRR_IT_FE_XDC]",164286.0,million PKR,mof_central_govt_operations_sdmx,quarterly
2022-03-31,"Pakistan Definition,Central Government Operations, Net Revenue, Gross revenue , Tax Revenue, FBR revenue, Indirect taxes, Customs duty, Federal excise, National Currency [PAK_CGO_NR_GR_TR_CBRR_IT_FE_XDC]",244771.0,million PKR,mof_central_govt_operations_sdmx,quarterly
2022-06-30,"Pakistan Definition,Central Government Operations, Net Revenue, Gross revenue , Tax Revenue, FBR revenue, Indirect taxes, Customs duty, Federal excise, National Currency [PAK_CGO_NR_GR_TR_CBRR_IT_FE_XDC]",369779.0,million PKR,mof_central_govt_operations_sdmx,quarterly
2022-09-30,"Pakistan Definition,Central Government Operations, Net Revenue, Gross revenue , Tax Revenue, FBR revenue, Indirect taxes, Customs duty, Federal excise, National Currency [PAK_CGO_NR_GR_TR_CBRR_IT_FE_XDC]",127594.0,million PKR,mof_central_govt_operations_sdmx,quarterly
2022-12-31,"Pakistan Definition,Central Government Operations, Net Revenue, Gross revenue , Tax Revenue, FBR revenue, Indirect taxes, Customs duty, Federal excise, National Currency [PAK_CGO_NR_GR_TR_CBRR_IT_FE_XDC]",264580.0,million PKR,mof_central_govt_operations_sdmx,quarterly
2023-03-31,"Pakistan Definition,Central Government Operations, Net Revenue, Gross revenue , Tax Revenue, FBR revenue, Indirect taxes, Customs duty, Federal excise, National Currency [PAK_CGO_NR_GR_TR_CBRR_IT_FE_XDC]",401897.0,million PKR,mof_central_govt_operations_sdmx,quarterly
2023-06-30,"Pakistan Definition,Central Government Operations, Net Revenue, Gross revenue , Tax Revenue, FBR revenue, Indirect taxes, Customs duty, Federal excise, National Currency [PAK_CGO_NR_GR_TR_CBRR_IT_FE_XDC]",577451.0,million PKR,mof_central_govt_operations_sdmx,quarterly
2023-09-30,"Pakistan Definition,Central Government Operations, Net Revenue, Gross revenue , Tax Revenue, FBR revenue, Indirect taxes, Customs duty, Federal excise, National Currency [PAK_CGO_NR_GR_TR_CBRR_IT_FE_XDC]",151059.0,million PKR,mof_central_govt_operations_sdmx,quarterly
2023-12-31,"Pakistan Definition,Central Government Operations, Net Revenue, Gross revenue , Tax Revenue, FBR revenue, Indirect taxes, Customs duty, Federal excise, National Currency [PAK_CGO_NR_GR_TR_CBRR_IT_FE_XDC]",346571.00000000006,million PKR,mof_central_govt_operations_sdmx,quarterly
2024-03-31,"Pakistan Definition,Central Government Operations, Net Revenue, Gross revenue , Tax Revenue, FBR revenue, Indirect taxes, Customs duty, Federal excise, National Currency [PAK_CGO_NR_GR_TR_CBRR_IT_FE_XDC]",537030.9999999999,million PKR,mof_central_govt_operations_sdmx,quarterly
2024-06-30,"Pakistan Definition,Central Government Operations, Net Revenue, Gross revenue , Tax Revenue, FBR revenue, Indirect taxes, Customs duty, Federal excise, National Currency [PAK_CGO_NR_GR_TR_CBRR_IT_FE_XDC]",766641.0,million PKR,mof_central_govt_operations_sdmx,quarterly
2024-09-30,"Pakistan Definition,Central Government Operations, Net Revenue, Gross revenue , Tax Revenue, FBR revenue, Indirect taxes, Customs duty, Federal excise, National Currency [PAK_CGO_NR_GR_TR_CBRR_IT_FE_XDC]",190493.0,million PKR,mof_central_govt_operations_sdmx,quarterly
2024-12-31,"Pakistan Definition,Central Government Operations, Net Revenue, Gross revenue , Tax Revenue, FBR revenue, Indirect taxes, Customs duty, Federal excise, National Currency [PAK_CGO_NR_GR_TR_CBRR_IT_FE_XDC]",400732.0,million PKR,mof_central_govt_operations_sdmx,quarterly
2025-03-31,"Pakistan Definition,Central Government Operations, Net Revenue, Gross revenue , Tax Revenue, FBR revenue, Indirect taxes, Customs duty, Federal excise, National Currency [PAK_CGO_NR_GR_TR_CBRR_IT_FE_XDC]",608524.0,million PKR,mof_central_govt_operations_sdmx,quarterly
2016-09-30,"Pakistan Definition,Central Government Operations, Net Revenue, Gross revenue , Tax Revenue, FBR revenue, Indirect taxes, Customs duty, Sales tax, National Currency [PAK_CGO_NR_GR_TR_CBRR_IT_ST_XDC]",314113.0,million PKR,mof_central_govt_operations_sdmx,quarterly
2016-12-31,"Pakistan Definition,Central Government Operations, Net Revenue, Gross revenue , Tax Revenue, FBR revenue, Indirect taxes, Customs duty, Sales tax, National Currency [PAK_CGO_NR_GR_TR_CBRR_IT_ST_XDC]",690522.0,million PKR,mof_central_govt_operations_sdmx,quarterly
2017-03-31,"Pakistan Definition,Central Government Operations, Net Revenue, Gross revenue , Tax Revenue, FBR revenue, Indirect taxes, Customs duty, Sales tax, National Currency [PAK_CGO_NR_GR_TR_CBRR_IT_ST_XDC]",1049624.0,million PKR,mof_central_govt_operations_sdmx,quarterly
2017-06-30,"Pakistan Definition,Central Government Operations, Net Revenue, Gross revenue , Tax Revenue, FBR revenue, Indirect taxes, Customs duty, Sales tax, National Currency [PAK_CGO_NR_GR_TR_CBRR_IT_ST_XDC]",1491310.0,million PKR,mof_central_govt_operations_sdmx,quarterly
2017-09-30,"Pakistan Definition,Central Government Operations, Net Revenue, Gross revenue , Tax Revenue, FBR revenue, Indirect taxes, Customs duty, Sales tax, National Currency [PAK_CGO_NR_GR_TR_CBRR_IT_ST_XDC]",335074.0,million PKR,mof_central_govt_operations_sdmx,quarterly
2017-12-31,"Pakistan Definition,Central Government Operations, Net Revenue, Gross revenue , Tax Revenue, FBR revenue, Indirect taxes, Customs duty, Sales tax, National Currency [PAK_CGO_NR_GR_TR_CBRR_IT_ST_XDC]",693211.0,million PKR,mof_central_govt_operations_sdmx,quarterly
2018-03-31,"Pakistan Definition,Central Government Operations, Net Revenue, Gross revenue , Tax Revenue, FBR revenue, Indirect taxes, Customs duty, Sales tax, National Currency [PAK_CGO_NR_GR_TR_CBRR_IT_ST_XDC]",1048465.0,million PKR,mof_central_govt_operations_sdmx,quarterly
2018-06-30,"Pakistan Definition,Central Government Operations, Net Revenue, Gross revenue , Tax Revenue, FBR revenue, Indirect taxes, Customs duty, Sales tax, National Currency [PAK_CGO_NR_GR_TR_CBRR_IT_ST_XDC]",1464887.0,million PKR,mof_central_govt_operations_sdmx,quarterly
2018-09-30,"Pakistan Definition,Central Government Operations, Net Revenue, Gross revenue , Tax Revenue, FBR revenue, Indirect taxes, Customs duty, Sales tax, National Currency [PAK_CGO_NR_GR_TR_CBRR_IT_ST_XDC]",403921.0,million PKR,mof_central_govt_operations_sdmx,quarterly
2018-12-31,"Pakistan Definition,Central Government Operations, Net Revenue, Gross revenue , Tax Revenue, FBR revenue, Indirect taxes, Customs duty, Sales tax, National Currency [PAK_CGO_NR_GR_TR_CBRR_IT_ST_XDC]",858660.0,million PKR,mof_central_govt_operations_sdmx,quarterly
2019-03-31,"Pakistan Definition,Central Government Operations, Net Revenue, Gross revenue , Tax Revenue, FBR revenue, Indirect taxes, Customs duty, Sales tax, National Currency [PAK_CGO_NR_GR_TR_CBRR_IT_ST_XDC]",1242324.0,million PKR,mof_central_govt_operations_sdmx,quarterly
2019-06-30,"Pakistan Definition,Central Government Operations, Net Revenue, Gross revenue , Tax Revenue, FBR revenue, Indirect taxes, Customs duty, Sales tax, National Currency [PAK_CGO_NR_GR_TR_CBRR_IT_ST_XDC]",1596821.0,million PKR,mof_central_govt_operations_sdmx,quarterly
2019-09-30,"Pakistan Definition,Central Government Operations, Net Revenue, Gross revenue , Tax Revenue, FBR revenue, Indirect taxes, Customs duty, Sales tax, National Currency [PAK_CGO_NR_GR_TR_CBRR_IT_ST_XDC]",435734.0,million PKR,mof_central_govt_operations_sdmx,quarterly
2019-12-31,"Pakistan Definition,Central Government Operations, Net Revenue, Gross revenue , Tax Revenue, FBR revenue, Indirect taxes, Customs duty, Sales tax, National Currency [PAK_CGO_NR_GR_TR_CBRR_IT_ST_XDC]",918118.4,million PKR,mof_central_govt_operations_sdmx,quarterly
2020-03-31,"Pakistan Definition,Central Government Operations, Net Revenue, Gross revenue , Tax Revenue, FBR revenue, Indirect taxes, Customs duty, Sales tax, National Currency [PAK_CGO_NR_GR_TR_CBRR_IT_ST_XDC]",1415770.2,million PKR,mof_central_govt_operations_sdmx,quarterly
2020-06-30,"Pakistan Definition,Central Government Operations, Net Revenue, Gross revenue , Tax Revenue, FBR revenue, Indirect taxes, Customs duty, Sales tax, National Currency [PAK_CGO_NR_GR_TR_CBRR_IT_ST_XDC]",1990186.0,million PKR,mof_central_govt_operations_sdmx,quarterly
2020-09-30,"Pakistan Definition,Central Government Operations, Net Revenue, Gross revenue , Tax Revenue, FBR revenue, Indirect taxes, Customs duty, Sales tax, National Currency [PAK_CGO_NR_GR_TR_CBRR_IT_ST_XDC]",624409.0,million PKR,mof_central_govt_operations_sdmx,quarterly
2020-12-31,"Pakistan Definition,Central Government Operations, Net Revenue, Gross revenue , Tax Revenue, FBR revenue, Indirect taxes, Customs duty, Sales tax, National Currency [PAK_CGO_NR_GR_TR_CBRR_IT_ST_XDC]",1274457.0,million PKR,mof_central_govt_operations_sdmx,quarterly
2021-03-31,"Pakistan Definition,Central Government Operations, Net Revenue, Gross revenue , Tax Revenue, FBR revenue, Indirect taxes, Customs duty, Sales tax, National Currency [PAK_CGO_NR_GR_TR_CBRR_IT_ST_XDC]",1866123.0,million PKR,mof_central_govt_operations_sdmx,quarterly
2021-06-30,"Pakistan Definition,Central Government Operations, Net Revenue, Gross revenue , Tax Revenue, FBR revenue, Indirect taxes, Customs duty, Sales tax, National Currency [PAK_CGO_NR_GR_TR_CBRR_IT_ST_XDC]",2531856.0,million PKR,mof_central_govt_operations_sdmx,quarterly
2021-09-30,"Pakistan Definition,Central Government Operations, Net Revenue, Gross revenue , Tax Revenue, FBR revenue, Indirect taxes, Customs duty, Sales tax, National Currency [PAK_CGO_NR_GR_TR_CBRR_IT_ST_XDC]",642144.0,million PKR,mof_central_govt_operations_sdmx,quarterly
2021-12-31,"Pakistan Definition,Central Government Operations, Net Revenue, Gross revenue , Tax Revenue, FBR revenue, Indirect taxes, Customs duty, Sales tax, National Currency [PAK_CGO_NR_GR_TR_CBRR_IT_ST_XDC]",1271975.0,million PKR,mof_central_govt_operations_sdmx,quarterly
2022-03-31,"Pakistan Definition,Central Government Operations, Net Revenue, Gross revenue , Tax Revenue, FBR revenue, Indirect taxes, Customs duty, Sales tax, National Currency [PAK_CGO_NR_GR_TR_CBRR_IT_ST_XDC]",1901067.0,million PKR,mof_central_govt_operations_sdmx,quarterly
2022-06-30,"Pakistan Definition,Central Government Operations, Net Revenue, Gross revenue , Tax Revenue, FBR revenue, Indirect taxes, Customs duty, Sales tax, National Currency [PAK_CGO_NR_GR_TR_CBRR_IT_ST_XDC]",2592136.0,million PKR,mof_central_govt_operations_sdmx,quarterly
2022-09-30,"Pakistan Definition,Central Government Operations, Net Revenue, Gross revenue , Tax Revenue, FBR revenue, Indirect taxes, Customs duty, Sales tax, National Currency [PAK_CGO_NR_GR_TR_CBRR_IT_ST_XDC]",726944.0,million PKR,mof_central_govt_operations_sdmx,quarterly
2022-12-31,"Pakistan Definition,Central Government Operations, Net Revenue, Gross revenue , Tax Revenue, FBR revenue, Indirect taxes, Customs duty, Sales tax, National Currency [PAK_CGO_NR_GR_TR_CBRR_IT_ST_XDC]",1515266.0,million PKR,mof_central_govt_operations_sdmx,quarterly
2023-03-31,"Pakistan Definition,Central Government Operations, Net Revenue, Gross revenue , Tax Revenue, FBR revenue, Indirect taxes, Customs duty, Sales tax, National Currency [PAK_CGO_NR_GR_TR_CBRR_IT_ST_XDC]",2237107.0,million PKR,mof_central_govt_operations_sdmx,quarterly
2023-06-30,"Pakistan Definition,Central Government Operations, Net Revenue, Gross revenue , Tax Revenue, FBR revenue, Indirect taxes, Customs duty, Sales tax, National Currency [PAK_CGO_NR_GR_TR_CBRR_IT_ST_XDC]",3098771.0,million PKR,mof_central_govt_operations_sdmx,quarterly
2023-09-30,"Pakistan Definition,Central Government Operations, Net Revenue, Gross revenue , Tax Revenue, FBR revenue, Indirect taxes, Customs duty, Sales tax, National Currency [PAK_CGO_NR_GR_TR_CBRR_IT_ST_XDC]",904756.0,million PKR,mof_central_govt_operations_sdmx,quarterly
2023-12-31,"Pakistan Definition,Central Government Operations, Net Revenue, Gross revenue , Tax Revenue, FBR revenue, Indirect taxes, Customs duty, Sales tax, National Currency [PAK_CGO_NR_GR_TR_CBRR_IT_ST_XDC]",1898188.0,million PKR,mof_central_govt_operations_sdmx,quarterly
2024-03-31,"Pakistan Definition,Central Government Operations, Net Revenue, Gross revenue , Tax Revenue, FBR revenue, Indirect taxes, Customs duty, Sales tax, National Currency [PAK_CGO_NR_GR_TR_CBRR_IT_ST_XDC]",2860744.0,million PKR,mof_central_govt_operations_sdmx,quarterly
2024-06-30,"Pakistan Definition,Central Government Operations, Net Revenue, Gross revenue , Tax Revenue, FBR revenue, Indirect taxes, Customs duty, Sales tax, National Currency [PAK_CGO_NR_GR_TR_CBRR_IT_ST_XDC]",3901372.0,million PKR,mof_central_govt_operations_sdmx,quarterly
2024-09-30,"Pakistan Definition,Central Government Operations, Net Revenue, Gross revenue , Tax Revenue, FBR revenue, Indirect taxes, Customs duty, Sales tax, National Currency [PAK_CGO_NR_GR_TR_CBRR_IT_ST_XDC]",1018989.0,million PKR,mof_central_govt_operations_sdmx,quarterly
2024-12-31,"Pakistan Definition,Central Government Operations, Net Revenue, Gross revenue , Tax Revenue, FBR revenue, Indirect taxes, Customs duty, Sales tax, National Currency [PAK_CGO_NR_GR_TR_CBRR_IT_ST_XDC]",2087154.0,million PKR,mof_central_govt_operations_sdmx,quarterly
2025-03-31,"Pakistan Definition,Central Government Operations, Net Revenue, Gross revenue , Tax Revenue, FBR revenue, Indirect taxes, Customs duty, Sales tax, National Currency [PAK_CGO_NR_GR_TR_CBRR_IT_ST_XDC]",3104505.0,million PKR,mof_central_govt_operations_sdmx,quarterly
2016-09-30,"Pakistan Definition,Central Government Operations, Net Revenue, Gross revenue , Tax Revenue, FBR revenue, National Currency [PAK_CGO_NR_GR_TR_CBRR_XDC]",764837.0,million PKR,mof_central_govt_operations_sdmx,quarterly
2016-12-31,"Pakistan Definition,Central Government Operations, Net Revenue, Gross revenue , Tax Revenue, FBR revenue, National Currency [PAK_CGO_NR_GR_TR_CBRR_XDC]",1730082.0,million PKR,mof_central_govt_operations_sdmx,quarterly
2017-03-31,"Pakistan Definition,Central Government Operations, Net Revenue, Gross revenue , Tax Revenue, FBR revenue, National Currency [PAK_CGO_NR_GR_TR_CBRR_XDC]",2627648.0,million PKR,mof_central_govt_operations_sdmx,quarterly
2017-06-30,"Pakistan Definition,Central Government Operations, Net Revenue, Gross revenue , Tax Revenue, FBR revenue, National Currency [PAK_CGO_NR_GR_TR_CBRR_XDC]",3842148.0,million PKR,mof_central_govt_operations_sdmx,quarterly
2017-09-30,"Pakistan Definition,Central Government Operations, Net Revenue, Gross revenue , Tax Revenue, FBR revenue, National Currency [PAK_CGO_NR_GR_TR_CBRR_XDC]",832252.0,million PKR,mof_central_govt_operations_sdmx,quarterly
2017-12-31,"Pakistan Definition,Central Government Operations, Net Revenue, Gross revenue , Tax Revenue, FBR revenue, National Currency [PAK_CGO_NR_GR_TR_CBRR_XDC]",1795411.0,million PKR,mof_central_govt_operations_sdmx,quarterly
2018-03-31,"Pakistan Definition,Central Government Operations, Net Revenue, Gross revenue , Tax Revenue, FBR revenue, National Currency [PAK_CGO_NR_GR_TR_CBRR_XDC]",2704528.0,million PKR,mof_central_govt_operations_sdmx,quarterly
2018-06-30,"Pakistan Definition,Central Government Operations, Net Revenue, Gross revenue , Tax Revenue, FBR revenue, National Currency [PAK_CGO_NR_GR_TR_CBRR_XDC]",3829469.0,million PKR,mof_central_govt_operations_sdmx,quarterly
2018-09-30,"Pakistan Definition,Central Government Operations, Net Revenue, Gross revenue , Tax Revenue, FBR revenue, National Currency [PAK_CGO_NR_GR_TR_CBRR_XDC]",964371.0,million PKR,mof_central_govt_operations_sdmx,quarterly
2018-12-31,"Pakistan Definition,Central Government Operations, Net Revenue, Gross revenue , Tax Revenue, FBR revenue, National Currency [PAK_CGO_NR_GR_TR_CBRR_XDC]",2093413.0,million PKR,mof_central_govt_operations_sdmx,quarterly
2019-03-31,"Pakistan Definition,Central Government Operations, Net Revenue, Gross revenue , Tax Revenue, FBR revenue, National Currency [PAK_CGO_NR_GR_TR_CBRR_XDC]",3044282.0,million PKR,mof_central_govt_operations_sdmx,quarterly
2019-06-30,"Pakistan Definition,Central Government Operations, Net Revenue, Gross revenue , Tax Revenue, FBR revenue, National Currency [PAK_CGO_NR_GR_TR_CBRR_XDC]",3997921.0,million PKR,mof_central_govt_operations_sdmx,quarterly
2019-09-30,"Pakistan Definition,Central Government Operations, Net Revenue, Gross revenue , Tax Revenue, FBR revenue, National Currency [PAK_CGO_NR_GR_TR_CBRR_XDC]",1010641.0,million PKR,mof_central_govt_operations_sdmx,quarterly
2019-12-31,"Pakistan Definition,Central Government Operations, Net Revenue, Gross revenue , Tax Revenue, FBR revenue, National Currency [PAK_CGO_NR_GR_TR_CBRR_XDC]",2210048.2,million PKR,mof_central_govt_operations_sdmx,quarterly
2020-03-31,"Pakistan Definition,Central Government Operations, Net Revenue, Gross revenue , Tax Revenue, FBR revenue, National Currency [PAK_CGO_NR_GR_TR_CBRR_XDC]",3394884.6,million PKR,mof_central_govt_operations_sdmx,quarterly
2020-06-30,"Pakistan Definition,Central Government Operations, Net Revenue, Gross revenue , Tax Revenue, FBR revenue, National Currency [PAK_CGO_NR_GR_TR_CBRR_XDC]",4764302.0,million PKR,mof_central_govt_operations_sdmx,quarterly
2020-09-30,"Pakistan Definition,Central Government Operations, Net Revenue, Gross revenue , Tax Revenue, FBR revenue, National Currency [PAK_CGO_NR_GR_TR_CBRR_XDC]",1397984.0,million PKR,mof_central_govt_operations_sdmx,quarterly
2020-12-31,"Pakistan Definition,Central Government Operations, Net Revenue, Gross revenue , Tax Revenue, FBR revenue, National Currency [PAK_CGO_NR_GR_TR_CBRR_XDC]",2919805.0,million PKR,mof_central_govt_operations_sdmx,quarterly
2021-03-31,"Pakistan Definition,Central Government Operations, Net Revenue, Gross revenue , Tax Revenue, FBR revenue, National Currency [PAK_CGO_NR_GR_TR_CBRR_XDC]",4383610.0,million PKR,mof_central_govt_operations_sdmx,quarterly
2021-06-30,"Pakistan Definition,Central Government Operations, Net Revenue, Gross revenue , Tax Revenue, FBR revenue, National Currency [PAK_CGO_NR_GR_TR_CBRR_XDC]",6142802.0,million PKR,mof_central_govt_operations_sdmx,quarterly
2021-09-30,"Pakistan Definition,Central Government Operations, Net Revenue, Gross revenue , Tax Revenue, FBR revenue, National Currency [PAK_CGO_NR_GR_TR_CBRR_XDC]",1633896.0,million PKR,mof_central_govt_operations_sdmx,quarterly
2021-12-31,"Pakistan Definition,Central Government Operations, Net Revenue, Gross revenue , Tax Revenue, FBR revenue, National Currency [PAK_CGO_NR_GR_TR_CBRR_XDC]",3428839.0,million PKR,mof_central_govt_operations_sdmx,quarterly
2022-03-31,"Pakistan Definition,Central Government Operations, Net Revenue, Gross revenue , Tax Revenue, FBR revenue, National Currency [PAK_CGO_NR_GR_TR_CBRR_XDC]",5155906.0,million PKR,mof_central_govt_operations_sdmx,quarterly
2022-06-30,"Pakistan Definition,Central Government Operations, Net Revenue, Gross revenue , Tax Revenue, FBR revenue, National Currency [PAK_CGO_NR_GR_TR_CBRR_XDC]",7169140.0,million PKR,mof_central_govt_operations_sdmx,quarterly
2022-09-30,"Pakistan Definition,Central Government Operations, Net Revenue, Gross revenue , Tax Revenue, FBR revenue, National Currency [PAK_CGO_NR_GR_TR_CBRR_XDC]",2041547.0,million PKR,mof_central_govt_operations_sdmx,quarterly
2022-12-31,"Pakistan Definition,Central Government Operations, Net Revenue, Gross revenue , Tax Revenue, FBR revenue, National Currency [PAK_CGO_NR_GR_TR_CBRR_XDC]",4469241.0,million PKR,mof_central_govt_operations_sdmx,quarterly
2023-03-31,"Pakistan Definition,Central Government Operations, Net Revenue, Gross revenue , Tax Revenue, FBR revenue, National Currency [PAK_CGO_NR_GR_TR_CBRR_XDC]",6711514.4399999995,million PKR,mof_central_govt_operations_sdmx,quarterly
2023-06-30,"Pakistan Definition,Central Government Operations, Net Revenue, Gross revenue , Tax Revenue, FBR revenue, National Currency [PAK_CGO_NR_GR_TR_CBRR_XDC]",9311007.0,million PKR,mof_central_govt_operations_sdmx,quarterly
2023-09-30,"Pakistan Definition,Central Government Operations, Net Revenue, Gross revenue , Tax Revenue, FBR revenue, National Currency [PAK_CGO_NR_GR_TR_CBRR_XDC]",2562927.0,million PKR,mof_central_govt_operations_sdmx,quarterly
2023-12-31,"Pakistan Definition,Central Government Operations, Net Revenue, Gross revenue , Tax Revenue, FBR revenue, National Currency [PAK_CGO_NR_GR_TR_CBRR_XDC]",5624851.0,million PKR,mof_central_govt_operations_sdmx,quarterly
2024-03-31,"Pakistan Definition,Central Government Operations, Net Revenue, Gross revenue , Tax Revenue, FBR revenue, National Currency [PAK_CGO_NR_GR_TR_CBRR_XDC]",8453051.0,million PKR,mof_central_govt_operations_sdmx,quarterly
2024-06-30,"Pakistan Definition,Central Government Operations, Net Revenue, Gross revenue , Tax Revenue, FBR revenue, National Currency [PAK_CGO_NR_GR_TR_CBRR_XDC]",11744288.0,million PKR,mof_central_govt_operations_sdmx,quarterly
2024-09-30,"Pakistan Definition,Central Government Operations, Net Revenue, Gross revenue , Tax Revenue, FBR revenue, National Currency [PAK_CGO_NR_GR_TR_CBRR_XDC]",2884370.0,million PKR,mof_central_govt_operations_sdmx,quarterly
2024-12-31,"Pakistan Definition,Central Government Operations, Net Revenue, Gross revenue , Tax Revenue, FBR revenue, National Currency [PAK_CGO_NR_GR_TR_CBRR_XDC]",6160842.0,million PKR,mof_central_govt_operations_sdmx,quarterly
2025-03-31,"Pakistan Definition,Central Government Operations, Net Revenue, Gross revenue , Tax Revenue, FBR revenue, National Currency [PAK_CGO_NR_GR_TR_CBRR_XDC]",9305903.0,million PKR,mof_central_govt_operations_sdmx,quarterly
2016-09-30,"Pakistan Definition,Central Government Operations, Net Revenue, Gross revenue , Tax Revenue, Surcharges, Natural gas, National Currency [PAK_CGO_NR_GR_TR_S_NG_XDC]",11817.0,million PKR,mof_central_govt_operations_sdmx,quarterly
2016-12-31,"Pakistan Definition,Central Government Operations, Net Revenue, Gross revenue , Tax Revenue, Surcharges, Natural gas, National Currency [PAK_CGO_NR_GR_TR_S_NG_XDC]",17003.0,million PKR,mof_central_govt_operations_sdmx,quarterly
2017-03-31,"Pakistan Definition,Central Government Operations, Net Revenue, Gross revenue , Tax Revenue, Surcharges, Natural gas, National Currency [PAK_CGO_NR_GR_TR_S_NG_XDC]",18474.0,million PKR,mof_central_govt_operations_sdmx,quarterly
2017-06-30,"Pakistan Definition,Central Government Operations, Net Revenue, Gross revenue , Tax Revenue, Surcharges, Natural gas, National Currency [PAK_CGO_NR_GR_TR_S_NG_XDC]",24212.0,million PKR,mof_central_govt_operations_sdmx,quarterly
2017-09-30,"Pakistan Definition,Central Government Operations, Net Revenue, Gross revenue , Tax Revenue, Surcharges, Natural gas, National Currency [PAK_CGO_NR_GR_TR_S_NG_XDC]",2544.0,million PKR,mof_central_govt_operations_sdmx,quarterly
2017-12-31,"Pakistan Definition,Central Government Operations, Net Revenue, Gross revenue , Tax Revenue, Surcharges, Natural gas, National Currency [PAK_CGO_NR_GR_TR_S_NG_XDC]",3037.0,million PKR,mof_central_govt_operations_sdmx,quarterly
2018-03-31,"Pakistan Definition,Central Government Operations, Net Revenue, Gross revenue , Tax Revenue, Surcharges, Natural gas, National Currency [PAK_CGO_NR_GR_TR_S_NG_XDC]",4808.0,million PKR,mof_central_govt_operations_sdmx,quarterly
2018-06-30,"Pakistan Definition,Central Government Operations, Net Revenue, Gross revenue , Tax Revenue, Surcharges, Natural gas, National Currency [PAK_CGO_NR_GR_TR_S_NG_XDC]",5304.0,million PKR,mof_central_govt_operations_sdmx,quarterly
2018-09-30,"Pakistan Definition,Central Government Operations, Net Revenue, Gross revenue , Tax Revenue, Surcharges, Natural gas, National Currency [PAK_CGO_NR_GR_TR_S_NG_XDC]",1699.0,million PKR,mof_central_govt_operations_sdmx,quarterly
2018-12-31,"Pakistan Definition,Central Government Operations, Net Revenue, Gross revenue , Tax Revenue, Surcharges, Natural gas, National Currency [PAK_CGO_NR_GR_TR_S_NG_XDC]",4600.0,million PKR,mof_central_govt_operations_sdmx,quarterly
2019-03-31,"Pakistan Definition,Central Government Operations, Net Revenue, Gross revenue , Tax Revenue, Surcharges, Natural gas, National Currency [PAK_CGO_NR_GR_TR_S_NG_XDC]",7920.0,million PKR,mof_central_govt_operations_sdmx,quarterly
2019-06-30,"Pakistan Definition,Central Government Operations, Net Revenue, Gross revenue , Tax Revenue, Surcharges, Natural gas, National Currency [PAK_CGO_NR_GR_TR_S_NG_XDC]",12356.0,million PKR,mof_central_govt_operations_sdmx,quarterly
2019-09-30,"Pakistan Definition,Central Government Operations, Net Revenue, Gross revenue , Tax Revenue, Surcharges, Natural gas, National Currency [PAK_CGO_NR_GR_TR_S_NG_XDC]",8101.0,million PKR,mof_central_govt_operations_sdmx,quarterly
2019-12-31,"Pakistan Definition,Central Government Operations, Net Revenue, Gross revenue , Tax Revenue, Surcharges, Natural gas, National Currency [PAK_CGO_NR_GR_TR_S_NG_XDC]",13272.0,million PKR,mof_central_govt_operations_sdmx,quarterly
2020-03-31,"Pakistan Definition,Central Government Operations, Net Revenue, Gross revenue , Tax Revenue, Surcharges, Natural gas, National Currency [PAK_CGO_NR_GR_TR_S_NG_XDC]",17249.0,million PKR,mof_central_govt_operations_sdmx,quarterly
2020-06-30,"Pakistan Definition,Central Government Operations, Net Revenue, Gross revenue , Tax Revenue, Surcharges, Natural gas, National Currency [PAK_CGO_NR_GR_TR_S_NG_XDC]",22523.0,million PKR,mof_central_govt_operations_sdmx,quarterly
2020-09-30,"Pakistan Definition,Central Government Operations, Net Revenue, Gross revenue , Tax Revenue, Surcharges, Natural gas, National Currency [PAK_CGO_NR_GR_TR_S_NG_XDC]",4797.0,million PKR,mof_central_govt_operations_sdmx,quarterly
2020-12-31,"Pakistan Definition,Central Government Operations, Net Revenue, Gross revenue , Tax Revenue, Surcharges, Natural gas, National Currency [PAK_CGO_NR_GR_TR_S_NG_XDC]",9826.0,million PKR,mof_central_govt_operations_sdmx,quarterly
2021-03-31,"Pakistan Definition,Central Government Operations, Net Revenue, Gross revenue , Tax Revenue, Surcharges, Natural gas, National Currency [PAK_CGO_NR_GR_TR_S_NG_XDC]",17532.0,million PKR,mof_central_govt_operations_sdmx,quarterly
2021-06-30,"Pakistan Definition,Central Government Operations, Net Revenue, Gross revenue , Tax Revenue, Surcharges, Natural gas, National Currency [PAK_CGO_NR_GR_TR_S_NG_XDC]",20372.0,million PKR,mof_central_govt_operations_sdmx,quarterly
2021-09-30,"Pakistan Definition,Central Government Operations, Net Revenue, Gross revenue , Tax Revenue, Surcharges, Natural gas, National Currency [PAK_CGO_NR_GR_TR_S_NG_XDC]",5485.0,million PKR,mof_central_govt_operations_sdmx,quarterly
2021-12-31,"Pakistan Definition,Central Government Operations, Net Revenue, Gross revenue , Tax Revenue, Surcharges, Natural gas, National Currency [PAK_CGO_NR_GR_TR_S_NG_XDC]",10838.0,million PKR,mof_central_govt_operations_sdmx,quarterly
2022-03-31,"Pakistan Definition,Central Government Operations, Net Revenue, Gross revenue , Tax Revenue, Surcharges, Natural gas, National Currency [PAK_CGO_NR_GR_TR_S_NG_XDC]",11728.0,million PKR,mof_central_govt_operations_sdmx,quarterly
2022-06-30,"Pakistan Definition,Central Government Operations, Net Revenue, Gross revenue , Tax Revenue, Surcharges, Natural gas, National Currency [PAK_CGO_NR_GR_TR_S_NG_XDC]",10672.0,million PKR,mof_central_govt_operations_sdmx,quarterly
2022-09-30,"Pakistan Definition,Central Government Operations, Net Revenue, Gross revenue , Tax Revenue, Surcharges, Natural gas, National Currency [PAK_CGO_NR_GR_TR_S_NG_XDC]",0.0,million PKR,mof_central_govt_operations_sdmx,quarterly
2022-12-31,"Pakistan Definition,Central Government Operations, Net Revenue, Gross revenue , Tax Revenue, Surcharges, Natural gas, National Currency [PAK_CGO_NR_GR_TR_S_NG_XDC]",4504.0,million PKR,mof_central_govt_operations_sdmx,quarterly
2023-03-31,"Pakistan Definition,Central Government Operations, Net Revenue, Gross revenue , Tax Revenue, Surcharges, Natural gas, National Currency [PAK_CGO_NR_GR_TR_S_NG_XDC]",18632.55,million PKR,mof_central_govt_operations_sdmx,quarterly
2023-06-30,"Pakistan Definition,Central Government Operations, Net Revenue, Gross revenue , Tax Revenue, Surcharges, Natural gas, National Currency [PAK_CGO_NR_GR_TR_S_NG_XDC]",30509.829671,million PKR,mof_central_govt_operations_sdmx,quarterly
2023-09-30,"Pakistan Definition,Central Government Operations, Net Revenue, Gross revenue , Tax Revenue, Surcharges, Natural gas, National Currency [PAK_CGO_NR_GR_TR_S_NG_XDC]",11722.687181,million PKR,mof_central_govt_operations_sdmx,quarterly
2023-12-31,"Pakistan Definition,Central Government Operations, Net Revenue, Gross revenue , Tax Revenue, Surcharges, Natural gas, National Currency [PAK_CGO_NR_GR_TR_S_NG_XDC]",27343.820799,million PKR,mof_central_govt_operations_sdmx,quarterly
2024-03-31,"Pakistan Definition,Central Government Operations, Net Revenue, Gross revenue , Tax Revenue, Surcharges, Natural gas, National Currency [PAK_CGO_NR_GR_TR_S_NG_XDC]",35644.823344,million PKR,mof_central_govt_operations_sdmx,quarterly
2024-06-30,"Pakistan Definition,Central Government Operations, Net Revenue, Gross revenue , Tax Revenue, Surcharges, Natural gas, National Currency [PAK_CGO_NR_GR_TR_S_NG_XDC]",42942.478511,million PKR,mof_central_govt_operations_sdmx,quarterly
2024-09-30,"Pakistan Definition,Central Government Operations, Net Revenue, Gross revenue , Tax Revenue, Surcharges, Natural gas, National Currency [PAK_CGO_NR_GR_TR_S_NG_XDC]",7943.197941,million PKR,mof_central_govt_operations_sdmx,quarterly
2024-12-31,"Pakistan Definition,Central Government Operations, Net Revenue, Gross revenue , Tax Revenue, Surcharges, Natural gas, National Currency [PAK_CGO_NR_GR_TR_S_NG_XDC]",32307.097133,million PKR,mof_central_govt_operations_sdmx,quarterly
2025-03-31,"Pakistan Definition,Central Government Operations, Net Revenue, Gross revenue , Tax Revenue, Surcharges, Natural gas, National Currency [PAK_CGO_NR_GR_TR_S_NG_XDC]",43076.007854,million PKR,mof_central_govt_operations_sdmx,quarterly
2016-09-30,"Pakistan Definition,Central Government Operations, Net Revenue, Gross revenue , Tax Revenue, Surcharges, Petroleum, National Currency [PAK_CGO_NR_GR_TR_S_P_XDC]",44320.0,million PKR,mof_central_govt_operations_sdmx,quarterly
2016-12-31,"Pakistan Definition,Central Government Operations, Net Revenue, Gross revenue , Tax Revenue, Surcharges, Petroleum, National Currency [PAK_CGO_NR_GR_TR_S_P_XDC]",93844.0,million PKR,mof_central_govt_operations_sdmx,quarterly
2017-03-31,"Pakistan Definition,Central Government Operations, Net Revenue, Gross revenue , Tax Revenue, Surcharges, Petroleum, National Currency [PAK_CGO_NR_GR_TR_S_P_XDC]",136404.0,million PKR,mof_central_govt_operations_sdmx,quarterly
2017-06-30,"Pakistan Definition,Central Government Operations, Net Revenue, Gross revenue , Tax Revenue, Surcharges, Petroleum, National Currency [PAK_CGO_NR_GR_TR_S_P_XDC]",178874.0,million PKR,mof_central_govt_operations_sdmx,quarterly
2017-09-30,"Pakistan Definition,Central Government Operations, Net Revenue, Gross revenue , Tax Revenue, Surcharges, Petroleum, National Currency [PAK_CGO_NR_GR_TR_S_P_XDC]",44476.0,million PKR,mof_central_govt_operations_sdmx,quarterly
2017-12-31,"Pakistan Definition,Central Government Operations, Net Revenue, Gross revenue , Tax Revenue, Surcharges, Petroleum, National Currency [PAK_CGO_NR_GR_TR_S_P_XDC]",81905.0,million PKR,mof_central_govt_operations_sdmx,quarterly
2018-03-31,"Pakistan Definition,Central Government Operations, Net Revenue, Gross revenue , Tax Revenue, Surcharges, Petroleum, National Currency [PAK_CGO_NR_GR_TR_S_P_XDC]",141369.0,million PKR,mof_central_govt_operations_sdmx,quarterly
2018-06-30,"Pakistan Definition,Central Government Operations, Net Revenue, Gross revenue , Tax Revenue, Surcharges, Petroleum, National Currency [PAK_CGO_NR_GR_TR_S_P_XDC]",206308.0,million PKR,mof_central_govt_operations_sdmx,quarterly
2018-09-30,"Pakistan Definition,Central Government Operations, Net Revenue, Gross revenue , Tax Revenue, Surcharges, Petroleum, National Currency [PAK_CGO_NR_GR_TR_S_P_XDC]",64791.0,million PKR,mof_central_govt_operations_sdmx,quarterly
2018-12-31,"Pakistan Definition,Central Government Operations, Net Revenue, Gross revenue , Tax Revenue, Surcharges, Petroleum, National Currency [PAK_CGO_NR_GR_TR_S_P_XDC]",137946.0,million PKR,mof_central_govt_operations_sdmx,quarterly
2019-03-31,"Pakistan Definition,Central Government Operations, Net Revenue, Gross revenue , Tax Revenue, Surcharges, Petroleum, National Currency [PAK_CGO_NR_GR_TR_S_P_XDC]",198340.0,million PKR,mof_central_govt_operations_sdmx,quarterly
2019-06-30,"Pakistan Definition,Central Government Operations, Net Revenue, Gross revenue , Tax Revenue, Surcharges, Petroleum, National Currency [PAK_CGO_NR_GR_TR_S_P_XDC]",293681.0,million PKR,mof_central_govt_operations_sdmx,quarterly
2019-09-30,"Pakistan Definition,Central Government Operations, Net Revenue, Gross revenue , Tax Revenue, Surcharges, Petroleum, National Currency [PAK_CGO_NR_GR_TR_S_P_XDC]",136351.0,million PKR,mof_central_govt_operations_sdmx,quarterly
2019-12-31,"Pakistan Definition,Central Government Operations, Net Revenue, Gross revenue , Tax Revenue, Surcharges, Petroleum, National Currency [PAK_CGO_NR_GR_TR_S_P_XDC]",275317.0,million PKR,mof_central_govt_operations_sdmx,quarterly
2020-03-31,"Pakistan Definition,Central Government Operations, Net Revenue, Gross revenue , Tax Revenue, Surcharges, Petroleum, National Currency [PAK_CGO_NR_GR_TR_S_P_XDC]",369210.0,million PKR,mof_central_govt_operations_sdmx,quarterly
2020-06-30,"Pakistan Definition,Central Government Operations, Net Revenue, Gross revenue , Tax Revenue, Surcharges, Petroleum, National Currency [PAK_CGO_NR_GR_TR_S_P_XDC]",424654.0,million PKR,mof_central_govt_operations_sdmx,quarterly
2020-09-30,"Pakistan Definition,Central Government Operations, Net Revenue, Gross revenue , Tax Revenue, Surcharges, Petroleum, National Currency [PAK_CGO_NR_GR_TR_S_P_XDC]",13348.0,million PKR,mof_central_govt_operations_sdmx,quarterly
2020-12-31,"Pakistan Definition,Central Government Operations, Net Revenue, Gross revenue , Tax Revenue, Surcharges, Petroleum, National Currency [PAK_CGO_NR_GR_TR_S_P_XDC]",70007.0,million PKR,mof_central_govt_operations_sdmx,quarterly
2021-03-31,"Pakistan Definition,Central Government Operations, Net Revenue, Gross revenue , Tax Revenue, Surcharges, Petroleum, National Currency [PAK_CGO_NR_GR_TR_S_P_XDC]",125564.0,million PKR,mof_central_govt_operations_sdmx,quarterly
2021-06-30,"Pakistan Definition,Central Government Operations, Net Revenue, Gross revenue , Tax Revenue, Surcharges, Petroleum, National Currency [PAK_CGO_NR_GR_TR_S_P_XDC]",127529.0,million PKR,mof_central_govt_operations_sdmx,quarterly
2021-09-30,"Pakistan Definition,Central Government Operations, Net Revenue, Gross revenue , Tax Revenue, Surcharges, Petroleum, National Currency [PAK_CGO_NR_GR_TR_S_P_XDC]",47476.0,million PKR,mof_central_govt_operations_sdmx,quarterly
2021-12-31,"Pakistan Definition,Central Government Operations, Net Revenue, Gross revenue , Tax Revenue, Surcharges, Petroleum, National Currency [PAK_CGO_NR_GR_TR_S_P_XDC]",177805.0,million PKR,mof_central_govt_operations_sdmx,quarterly
2022-03-31,"Pakistan Definition,Central Government Operations, Net Revenue, Gross revenue , Tax Revenue, Surcharges, Petroleum, National Currency [PAK_CGO_NR_GR_TR_S_P_XDC]",362480.0,million PKR,mof_central_govt_operations_sdmx,quarterly
2022-06-30,"Pakistan Definition,Central Government Operations, Net Revenue, Gross revenue , Tax Revenue, Surcharges, Petroleum, National Currency [PAK_CGO_NR_GR_TR_S_P_XDC]",579910.0,million PKR,mof_central_govt_operations_sdmx,quarterly
2022-09-30,"Pakistan Definition,Central Government Operations, Net Revenue, Gross revenue , Tax Revenue, Surcharges, Petroleum, National Currency [PAK_CGO_NR_GR_TR_S_P_XDC]",222067.0,million PKR,mof_central_govt_operations_sdmx,quarterly
2022-12-31,"Pakistan Definition,Central Government Operations, Net Revenue, Gross revenue , Tax Revenue, Surcharges, Petroleum, National Currency [PAK_CGO_NR_GR_TR_S_P_XDC]",472772.0,million PKR,mof_central_govt_operations_sdmx,quarterly
2023-03-31,"Pakistan Definition,Central Government Operations, Net Revenue, Gross revenue , Tax Revenue, Surcharges, Petroleum, National Currency [PAK_CGO_NR_GR_TR_S_P_XDC]",719591.92,million PKR,mof_central_govt_operations_sdmx,quarterly
2023-06-30,"Pakistan Definition,Central Government Operations, Net Revenue, Gross revenue , Tax Revenue, Surcharges, Petroleum, National Currency [PAK_CGO_NR_GR_TR_S_P_XDC]",1019222.732582,million PKR,mof_central_govt_operations_sdmx,quarterly
2023-09-30,"Pakistan Definition,Central Government Operations, Net Revenue, Gross revenue , Tax Revenue, Surcharges, Petroleum, National Currency [PAK_CGO_NR_GR_TR_S_P_XDC]",261688.109961,million PKR,mof_central_govt_operations_sdmx,quarterly
2023-12-31,"Pakistan Definition,Central Government Operations, Net Revenue, Gross revenue , Tax Revenue, Surcharges, Petroleum, National Currency [PAK_CGO_NR_GR_TR_S_P_XDC]",549414.132291,million PKR,mof_central_govt_operations_sdmx,quarterly
2024-03-31,"Pakistan Definition,Central Government Operations, Net Revenue, Gross revenue , Tax Revenue, Surcharges, Petroleum, National Currency [PAK_CGO_NR_GR_TR_S_P_XDC]",833847.28904,million PKR,mof_central_govt_operations_sdmx,quarterly
2024-06-30,"Pakistan Definition,Central Government Operations, Net Revenue, Gross revenue , Tax Revenue, Surcharges, Petroleum, National Currency [PAK_CGO_NR_GR_TR_S_P_XDC]",1220212.783651,million PKR,mof_central_govt_operations_sdmx,quarterly
2024-09-30,"Pakistan Definition,Central Government Operations, Net Revenue, Gross revenue , Tax Revenue, Surcharges, Petroleum, National Currency [PAK_CGO_NR_GR_TR_S_P_XDC]",371606.5794,million PKR,mof_central_govt_operations_sdmx,quarterly
2024-12-31,"Pakistan Definition,Central Government Operations, Net Revenue, Gross revenue , Tax Revenue, Surcharges, Petroleum, National Currency [PAK_CGO_NR_GR_TR_S_P_XDC]",822926.690066,million PKR,mof_central_govt_operations_sdmx,quarterly
2025-03-31,"Pakistan Definition,Central Government Operations, Net Revenue, Gross revenue , Tax Revenue, Surcharges, Petroleum, National Currency [PAK_CGO_NR_GR_TR_S_P_XDC]",1205182.091646,million PKR,mof_central_govt_operations_sdmx,quarterly
2016-09-30,"Pakistan Definition,Central Government Operations, Net Revenue, National Currency [PAK_CGO_NR_XDC]",485724.72,million PKR,mof_central_govt_operations_sdmx,quarterly
2016-12-31,"Pakistan Definition,Central Government Operations, Net Revenue, National Currency [PAK_CGO_NR_XDC]",1057003.599,million PKR,mof_central_govt_operations_sdmx,quarterly
2017-03-31,"Pakistan Definition,Central Government Operations, Net Revenue, National Currency [PAK_CGO_NR_XDC]",1537391.296,million PKR,mof_central_govt_operations_sdmx,quarterly
2017-06-30,"Pakistan Definition,Central Government Operations, Net Revenue, National Currency [PAK_CGO_NR_XDC]",2478737.0,million PKR,mof_central_govt_operations_sdmx,quarterly
2017-09-30,"Pakistan Definition,Central Government Operations, Net Revenue, National Currency [PAK_CGO_NR_XDC]",340206.53,million PKR,mof_central_govt_operations_sdmx,quarterly
2017-12-31,"Pakistan Definition,Central Government Operations, Net Revenue, National Currency [PAK_CGO_NR_XDC]",919174.26,million PKR,mof_central_govt_operations_sdmx,quarterly
2018-03-31,"Pakistan Definition,Central Government Operations, Net Revenue, National Currency [PAK_CGO_NR_XDC]",1464173.164,million PKR,mof_central_govt_operations_sdmx,quarterly
2018-06-30,"Pakistan Definition,Central Government Operations, Net Revenue, National Currency [PAK_CGO_NR_XDC]",2037798.17,million PKR,mof_central_govt_operations_sdmx,quarterly
2018-09-30,"Pakistan Definition,Central Government Operations, Net Revenue, National Currency [PAK_CGO_NR_XDC]",747179.02,million PKR,mof_central_govt_operations_sdmx,quarterly
2018-12-31,"Pakistan Definition,Central Government Operations, Net Revenue, National Currency [PAK_CGO_NR_XDC]",1643779.0,million PKR,mof_central_govt_operations_sdmx,quarterly
2019-03-31,"Pakistan Definition,Central Government Operations, Net Revenue, National Currency [PAK_CGO_NR_XDC]",2375364.5,million PKR,mof_central_govt_operations_sdmx,quarterly
2019-06-30,"Pakistan Definition,Central Government Operations, Net Revenue, National Currency [PAK_CGO_NR_XDC]",3278271.0,million PKR,mof_central_govt_operations_sdmx,quarterly
2019-09-30,"Pakistan Definition,Central Government Operations, Net Revenue, National Currency [PAK_CGO_NR_XDC]",849749.55,million PKR,mof_central_govt_operations_sdmx,quarterly
2019-12-31,"Pakistan Definition,Central Government Operations, Net Revenue, National Currency [PAK_CGO_NR_XDC]",1791556.0900000003,million PKR,mof_central_govt_operations_sdmx,quarterly
2020-03-31,"Pakistan Definition,Central Government Operations, Net Revenue, National Currency [PAK_CGO_NR_XDC]",2574767.84,million PKR,mof_central_govt_operations_sdmx,quarterly
2020-06-30,"Pakistan Definition,Central Government Operations, Net Revenue, National Currency [PAK_CGO_NR_XDC]",3527822.2609999995,million PKR,mof_central_govt_operations_sdmx,quarterly
2020-09-30,"Pakistan Definition,Central Government Operations, Net Revenue, National Currency [PAK_CGO_NR_XDC]",839751.6420000001,million PKR,mof_central_govt_operations_sdmx,quarterly
2020-12-31,"Pakistan Definition,Central Government Operations, Net Revenue, National Currency [PAK_CGO_NR_XDC]",1940624.5,million PKR,mof_central_govt_operations_sdmx,quarterly
2021-03-31,"Pakistan Definition,Central Government Operations, Net Revenue, National Currency [PAK_CGO_NR_XDC]",2782126.76,million PKR,mof_central_govt_operations_sdmx,quarterly
2021-06-30,"Pakistan Definition,Central Government Operations, Net Revenue, National Currency [PAK_CGO_NR_XDC]",3739205.91,million PKR,mof_central_govt_operations_sdmx,quarterly
2021-09-30,"Pakistan Definition,Central Government Operations, Net Revenue, National Currency [PAK_CGO_NR_XDC]",964150.085,million PKR,mof_central_govt_operations_sdmx,quarterly
2021-12-31,"Pakistan Definition,Central Government Operations, Net Revenue, National Currency [PAK_CGO_NR_XDC]",2462924.88,million PKR,mof_central_govt_operations_sdmx,quarterly
2022-03-31,"Pakistan Definition,Central Government Operations, Net Revenue, National Currency [PAK_CGO_NR_XDC]",3443474.476,million PKR,mof_central_govt_operations_sdmx,quarterly
2022-06-30,"Pakistan Definition,Central Government Operations, Net Revenue, National Currency [PAK_CGO_NR_XDC]",4656396.035999999,million PKR,mof_central_govt_operations_sdmx,quarterly
2022-09-30,"Pakistan Definition,Central Government Operations, Net Revenue, National Currency [PAK_CGO_NR_XDC]",1406414.3819999998,million PKR,mof_central_govt_operations_sdmx,quarterly
2022-12-31,"Pakistan Definition,Central Government Operations, Net Revenue, National Currency [PAK_CGO_NR_XDC]",4013013.247,million PKR,mof_central_govt_operations_sdmx,quarterly
2023-03-31,"Pakistan Definition,Central Government Operations, Net Revenue, National Currency [PAK_CGO_NR_XDC]",5313313.936999999,million PKR,mof_central_govt_operations_sdmx,quarterly
2023-06-30,"Pakistan Definition,Central Government Operations, Net Revenue, National Currency [PAK_CGO_NR_XDC]",7097834.606926,million PKR,mof_central_govt_operations_sdmx,quarterly
2023-09-30,"Pakistan Definition,Central Government Operations, Net Revenue, National Currency [PAK_CGO_NR_XDC]",4019462.7771509998,million PKR,mof_central_govt_operations_sdmx,quarterly
2023-12-31,"Pakistan Definition,Central Government Operations, Net Revenue, National Currency [PAK_CGO_NR_XDC]",5887639.709217999,million PKR,mof_central_govt_operations_sdmx,quarterly
2024-03-31,"Pakistan Definition,Central Government Operations, Net Revenue, National Currency [PAK_CGO_NR_XDC]",7468127.3348320015,million PKR,mof_central_govt_operations_sdmx,quarterly
2024-06-30,"Pakistan Definition,Central Government Operations, Net Revenue, National Currency [PAK_CGO_NR_XDC]",9946703.186106836,million PKR,mof_central_govt_operations_sdmx,quarterly
2024-09-30,"Pakistan Definition,Central Government Operations, Net Revenue, National Currency [PAK_CGO_NR_XDC]",4117545.154151,million PKR,mof_central_govt_operations_sdmx,quarterly
2024-12-31,"Pakistan Definition,Central Government Operations, Net Revenue, National Currency [PAK_CGO_NR_XDC]",6392110.750890001,million PKR,mof_central_govt_operations_sdmx,quarterly
2025-03-31,"Pakistan Definition,Central Government Operations, Net Revenue, National Currency [PAK_CGO_NR_XDC]",8102090.071343321,million PKR,mof_central_govt_operations_sdmx,quarterly
2016-09-30,"Pakistan Definition,Central Government Operations, Net Revenue, Provincial tax share, National Currency [PAK_CGO_NR_PTS_XDC]",428664.0,million PKR,mof_central_govt_operations_sdmx,quarterly
2016-12-31,"Pakistan Definition,Central Government Operations, Net Revenue, Provincial tax share, National Currency [PAK_CGO_NR_PTS_XDC]",1093801.401,million PKR,mof_central_govt_operations_sdmx,quarterly
2017-03-31,"Pakistan Definition,Central Government Operations, Net Revenue, Provincial tax share, National Currency [PAK_CGO_NR_PTS_XDC]",1648940.1439999999,million PKR,mof_central_govt_operations_sdmx,quarterly
2017-06-30,"Pakistan Definition,Central Government Operations, Net Revenue, Provincial tax share, National Currency [PAK_CGO_NR_PTS_XDC]",2217429.0,million PKR,mof_central_govt_operations_sdmx,quarterly
2017-09-30,"Pakistan Definition,Central Government Operations, Net Revenue, Provincial tax share, National Currency [PAK_CGO_NR_PTS_XDC]",662852.0,million PKR,mof_central_govt_operations_sdmx,quarterly
2017-12-31,"Pakistan Definition,Central Government Operations, Net Revenue, Provincial tax share, National Currency [PAK_CGO_NR_PTS_XDC]",1199303.8,million PKR,mof_central_govt_operations_sdmx,quarterly
2018-03-31,"Pakistan Definition,Central Government Operations, Net Revenue, Provincial tax share, National Currency [PAK_CGO_NR_PTS_XDC]",1779142.436,million PKR,mof_central_govt_operations_sdmx,quarterly
2018-06-30,"Pakistan Definition,Central Government Operations, Net Revenue, Provincial tax share, National Currency [PAK_CGO_NR_PTS_XDC]",2397762.0,million PKR,mof_central_govt_operations_sdmx,quarterly
2018-09-30,"Pakistan Definition,Central Government Operations, Net Revenue, Provincial tax share, National Currency [PAK_CGO_NR_PTS_XDC]",612474.0,million PKR,mof_central_govt_operations_sdmx,quarterly
2018-12-31,"Pakistan Definition,Central Government Operations, Net Revenue, Provincial tax share, National Currency [PAK_CGO_NR_PTS_XDC]",1325826.0,million PKR,mof_central_govt_operations_sdmx,quarterly
2019-03-31,"Pakistan Definition,Central Government Operations, Net Revenue, Provincial tax share, National Currency [PAK_CGO_NR_PTS_XDC]",1931613.0,million PKR,mof_central_govt_operations_sdmx,quarterly
2019-06-30,"Pakistan Definition,Central Government Operations, Net Revenue, Provincial tax share, National Currency [PAK_CGO_NR_PTS_XDC]",2504002.0,million PKR,mof_central_govt_operations_sdmx,quarterly
2019-09-30,"Pakistan Definition,Central Government Operations, Net Revenue, Provincial tax share, National Currency [PAK_CGO_NR_PTS_XDC]",503982.0,million PKR,mof_central_govt_operations_sdmx,quarterly
2019-12-31,"Pakistan Definition,Central Government Operations, Net Revenue, Provincial tax share, National Currency [PAK_CGO_NR_PTS_XDC]",1280063.0,million PKR,mof_central_govt_operations_sdmx,quarterly
2020-03-31,"Pakistan Definition,Central Government Operations, Net Revenue, Provincial tax share, National Currency [PAK_CGO_NR_PTS_XDC]",1985764.0,million PKR,mof_central_govt_operations_sdmx,quarterly
2020-06-30,"Pakistan Definition,Central Government Operations, Net Revenue, Provincial tax share, National Currency [PAK_CGO_NR_PTS_XDC]",2741902.919,million PKR,mof_central_govt_operations_sdmx,quarterly
2020-09-30,"Pakistan Definition,Central Government Operations, Net Revenue, Provincial tax share, National Currency [PAK_CGO_NR_PTS_XDC]",807519.4079999999,million PKR,mof_central_govt_operations_sdmx,quarterly
2020-12-31,"Pakistan Definition,Central Government Operations, Net Revenue, Provincial tax share, National Currency [PAK_CGO_NR_PTS_XDC]",1694292.0,million PKR,mof_central_govt_operations_sdmx,quarterly
2021-03-31,"Pakistan Definition,Central Government Operations, Net Revenue, Provincial tax share, National Currency [PAK_CGO_NR_PTS_XDC]",2584183.0,million PKR,mof_central_govt_operations_sdmx,quarterly
2021-06-30,"Pakistan Definition,Central Government Operations, Net Revenue, Provincial tax share, National Currency [PAK_CGO_NR_PTS_XDC]",3589017.29,million PKR,mof_central_govt_operations_sdmx,quarterly
2021-09-30,"Pakistan Definition,Central Government Operations, Net Revenue, Provincial tax share, National Currency [PAK_CGO_NR_PTS_XDC]",880347.425,million PKR,mof_central_govt_operations_sdmx,quarterly
2021-12-31,"Pakistan Definition,Central Government Operations, Net Revenue, Provincial tax share, National Currency [PAK_CGO_NR_PTS_XDC]",1880040.0,million PKR,mof_central_govt_operations_sdmx,quarterly
2022-03-31,"Pakistan Definition,Central Government Operations, Net Revenue, Provincial tax share, National Currency [PAK_CGO_NR_PTS_XDC]",2953107.954,million PKR,mof_central_govt_operations_sdmx,quarterly
2022-06-30,"Pakistan Definition,Central Government Operations, Net Revenue, Provincial tax share, National Currency [PAK_CGO_NR_PTS_XDC]",4223474.384000001,million PKR,mof_central_govt_operations_sdmx,quarterly
2022-09-30,"Pakistan Definition,Central Government Operations, Net Revenue, Provincial tax share, National Currency [PAK_CGO_NR_PTS_XDC]",1088201.424,million PKR,mof_central_govt_operations_sdmx,quarterly
2022-12-31,"Pakistan Definition,Central Government Operations, Net Revenue, Provincial tax share, National Currency [PAK_CGO_NR_PTS_XDC]",2435349.3130000005,million PKR,mof_central_govt_operations_sdmx,quarterly
2023-03-31,"Pakistan Definition,Central Government Operations, Net Revenue, Provincial tax share, National Currency [PAK_CGO_NR_PTS_XDC]",3815148.253,million PKR,mof_central_govt_operations_sdmx,quarterly
2023-06-30,"Pakistan Definition,Central Government Operations, Net Revenue, Provincial tax share, National Currency [PAK_CGO_NR_PTS_XDC]",5263627.056,million PKR,mof_central_govt_operations_sdmx,quarterly
2023-09-30,"Pakistan Definition,Central Government Operations, Net Revenue, Provincial tax share, National Currency [PAK_CGO_NR_PTS_XDC]",1565145.1579999998,million PKR,mof_central_govt_operations_sdmx,quarterly
2023-12-31,"Pakistan Definition,Central Government Operations, Net Revenue, Provincial tax share, National Currency [PAK_CGO_NR_PTS_XDC]",3339223.2770000002,million PKR,mof_central_govt_operations_sdmx,quarterly
2024-03-31,"Pakistan Definition,Central Government Operations, Net Revenue, Provincial tax share, National Currency [PAK_CGO_NR_PTS_XDC]",5084373.693,million PKR,mof_central_govt_operations_sdmx,quarterly
2024-06-30,"Pakistan Definition,Central Government Operations, Net Revenue, Provincial tax share, National Currency [PAK_CGO_NR_PTS_XDC]",6854016.188175162,million PKR,mof_central_govt_operations_sdmx,quarterly
2024-09-30,"Pakistan Definition,Central Government Operations, Net Revenue, Provincial tax share, National Currency [PAK_CGO_NR_PTS_XDC]",1775287.682,million PKR,mof_central_govt_operations_sdmx,quarterly
2024-12-31,"Pakistan Definition,Central Government Operations, Net Revenue, Provincial tax share, National Currency [PAK_CGO_NR_PTS_XDC]",3616098.415,million PKR,mof_central_govt_operations_sdmx,quarterly
2025-03-31,"Pakistan Definition,Central Government Operations, Net Revenue, Provincial tax share, National Currency [PAK_CGO_NR_PTS_XDC]",5630774.563999999,million PKR,mof_central_govt_operations_sdmx,quarterly
2016-09-30,"Pakistan Definition,General Government Operations, Expenditure, Development expenditure and net lending, Public Sector Development Program (PSDP) 2/ ,Other development expenditure, National Currency [PAK_GGO_E_DENL_PSDP_ODE_XDC]",24902.0,million PKR,mof_central_govt_operations_sdmx,quarterly
2016-12-31,"Pakistan Definition,General Government Operations, Expenditure, Development expenditure and net lending, Public Sector Development Program (PSDP) 2/ ,Other development expenditure, National Currency [PAK_GGO_E_DENL_PSDP_ODE_XDC]",55020.0,million PKR,mof_central_govt_operations_sdmx,quarterly
2017-03-31,"Pakistan Definition,General Government Operations, Expenditure, Development expenditure and net lending, Public Sector Development Program (PSDP) 2/ ,Other development expenditure, National Currency [PAK_GGO_E_DENL_PSDP_ODE_XDC]",61941.0,million PKR,mof_central_govt_operations_sdmx,quarterly
2017-06-30,"Pakistan Definition,General Government Operations, Expenditure, Development expenditure and net lending, Public Sector Development Program (PSDP) 2/ ,Other development expenditure, National Currency [PAK_GGO_E_DENL_PSDP_ODE_XDC]",127810.0,million PKR,mof_central_govt_operations_sdmx,quarterly
2017-09-30,"Pakistan Definition,General Government Operations, Expenditure, Development expenditure and net lending, Public Sector Development Program (PSDP) 2/ ,Other development expenditure, National Currency [PAK_GGO_E_DENL_PSDP_ODE_XDC]",2619.0,million PKR,mof_central_govt_operations_sdmx,quarterly
2017-12-31,"Pakistan Definition,General Government Operations, Expenditure, Development expenditure and net lending, Public Sector Development Program (PSDP) 2/ ,Other development expenditure, National Currency [PAK_GGO_E_DENL_PSDP_ODE_XDC]",32854.0,million PKR,mof_central_govt_operations_sdmx,quarterly
2018-03-31,"Pakistan Definition,General Government Operations, Expenditure, Development expenditure and net lending, Public Sector Development Program (PSDP) 2/ ,Other development expenditure, National Currency [PAK_GGO_E_DENL_PSDP_ODE_XDC]",77397.0,million PKR,mof_central_govt_operations_sdmx,quarterly
2018-06-30,"Pakistan Definition,General Government Operations, Expenditure, Development expenditure and net lending, Public Sector Development Program (PSDP) 2/ ,Other development expenditure, National Currency [PAK_GGO_E_DENL_PSDP_ODE_XDC]",170211.0,million PKR,mof_central_govt_operations_sdmx,quarterly
2018-09-30,"Pakistan Definition,General Government Operations, Expenditure, Development expenditure and net lending, Public Sector Development Program (PSDP) 2/ ,Other development expenditure, National Currency [PAK_GGO_E_DENL_PSDP_ODE_XDC]",106.0,million PKR,mof_central_govt_operations_sdmx,quarterly
2018-12-31,"Pakistan Definition,General Government Operations, Expenditure, Development expenditure and net lending, Public Sector Development Program (PSDP) 2/ ,Other development expenditure, National Currency [PAK_GGO_E_DENL_PSDP_ODE_XDC]",8107.0,million PKR,mof_central_govt_operations_sdmx,quarterly
2019-03-31,"Pakistan Definition,General Government Operations, Expenditure, Development expenditure and net lending, Public Sector Development Program (PSDP) 2/ ,Other development expenditure, National Currency [PAK_GGO_E_DENL_PSDP_ODE_XDC]",29218.0,million PKR,mof_central_govt_operations_sdmx,quarterly
2019-06-30,"Pakistan Definition,General Government Operations, Expenditure, Development expenditure and net lending, Public Sector Development Program (PSDP) 2/ ,Other development expenditure, National Currency [PAK_GGO_E_DENL_PSDP_ODE_XDC]",65480.0,million PKR,mof_central_govt_operations_sdmx,quarterly
2019-09-30,"Pakistan Definition,General Government Operations, Expenditure, Development expenditure and net lending, Public Sector Development Program (PSDP) 2/ ,Other development expenditure, National Currency [PAK_GGO_E_DENL_PSDP_ODE_XDC]",3926.0,million PKR,mof_central_govt_operations_sdmx,quarterly
2019-12-31,"Pakistan Definition,General Government Operations, Expenditure, Development expenditure and net lending, Public Sector Development Program (PSDP) 2/ ,Other development expenditure, National Currency [PAK_GGO_E_DENL_PSDP_ODE_XDC]",10980.0,million PKR,mof_central_govt_operations_sdmx,quarterly
2020-03-31,"Pakistan Definition,General Government Operations, Expenditure, Development expenditure and net lending, Public Sector Development Program (PSDP) 2/ ,Other development expenditure, National Currency [PAK_GGO_E_DENL_PSDP_ODE_XDC]",14066.0,million PKR,mof_central_govt_operations_sdmx,quarterly
2020-06-30,"Pakistan Definition,General Government Operations, Expenditure, Development expenditure and net lending, Public Sector Development Program (PSDP) 2/ ,Other development expenditure, National Currency [PAK_GGO_E_DENL_PSDP_ODE_XDC]",27287.0,million PKR,mof_central_govt_operations_sdmx,quarterly
2020-09-30,"Pakistan Definition,General Government Operations, Expenditure, Development expenditure and net lending, Public Sector Development Program (PSDP) 2/ ,Other development expenditure, National Currency [PAK_GGO_E_DENL_PSDP_ODE_XDC]",0.0,million PKR,mof_central_govt_operations_sdmx,quarterly
2020-12-31,"Pakistan Definition,General Government Operations, Expenditure, Development expenditure and net lending, Public Sector Development Program (PSDP) 2/ ,Other development expenditure, National Currency [PAK_GGO_E_DENL_PSDP_ODE_XDC]",0.0,million PKR,mof_central_govt_operations_sdmx,quarterly
2021-03-31,"Pakistan Definition,General Government Operations, Expenditure, Development expenditure and net lending, Public Sector Development Program (PSDP) 2/ ,Other development expenditure, National Currency [PAK_GGO_E_DENL_PSDP_ODE_XDC]",0.0,million PKR,mof_central_govt_operations_sdmx,quarterly
2021-06-30,"Pakistan Definition,General Government Operations, Expenditure, Development expenditure and net lending, Public Sector Development Program (PSDP) 2/ ,Other development expenditure, National Currency [PAK_GGO_E_DENL_PSDP_ODE_XDC]",0.0,million PKR,mof_central_govt_operations_sdmx,quarterly
2021-09-30,"Pakistan Definition,General Government Operations, Expenditure, Development expenditure and net lending, Public Sector Development Program (PSDP) 2/ ,Other development expenditure, National Currency [PAK_GGO_E_DENL_PSDP_ODE_XDC]",0.0,million PKR,mof_central_govt_operations_sdmx,quarterly
2021-12-31,"Pakistan Definition,General Government Operations, Expenditure, Development expenditure and net lending, Public Sector Development Program (PSDP) 2/ ,Other development expenditure, National Currency [PAK_GGO_E_DENL_PSDP_ODE_XDC]",0.0,million PKR,mof_central_govt_operations_sdmx,quarterly
2022-03-31,"Pakistan Definition,General Government Operations, Expenditure, Development expenditure and net lending, Public Sector Development Program (PSDP) 2/ ,Other development expenditure, National Currency [PAK_GGO_E_DENL_PSDP_ODE_XDC]",0.0,million PKR,mof_central_govt_operations_sdmx,quarterly
2022-06-30,"Pakistan Definition,General Government Operations, Expenditure, Development expenditure and net lending, Public Sector Development Program (PSDP) 2/ ,Other development expenditure, National Currency [PAK_GGO_E_DENL_PSDP_ODE_XDC]",0.0,million PKR,mof_central_govt_operations_sdmx,quarterly
2022-09-30,"Pakistan Definition,General Government Operations, Expenditure, Development expenditure and net lending, Public Sector Development Program (PSDP) 2/ ,Other development expenditure, National Currency [PAK_GGO_E_DENL_PSDP_ODE_XDC]",0.0,million PKR,mof_central_govt_operations_sdmx,quarterly
2022-12-31,"Pakistan Definition,General Government Operations, Expenditure, Development expenditure and net lending, Public Sector Development Program (PSDP) 2/ ,Other development expenditure, National Currency [PAK_GGO_E_DENL_PSDP_ODE_XDC]",0.0,million PKR,mof_central_govt_operations_sdmx,quarterly
2023-03-31,"Pakistan Definition,General Government Operations, Expenditure, Development expenditure and net lending, Public Sector Development Program (PSDP) 2/ ,Other development expenditure, National Currency [PAK_GGO_E_DENL_PSDP_ODE_XDC]",0.0,million PKR,mof_central_govt_operations_sdmx,quarterly
2023-06-30,"Pakistan Definition,General Government Operations, Expenditure, Development expenditure and net lending, Public Sector Development Program (PSDP) 2/ ,Other development expenditure, National Currency [PAK_GGO_E_DENL_PSDP_ODE_XDC]",0.0,million PKR,mof_central_govt_operations_sdmx,quarterly
2023-09-30,"Pakistan Definition,General Government Operations, Expenditure, Development expenditure and net lending, Public Sector Development Program (PSDP) 2/ ,Other development expenditure, National Currency [PAK_GGO_E_DENL_PSDP_ODE_XDC]",0.0,million PKR,mof_central_govt_operations_sdmx,quarterly
2023-12-31,"Pakistan Definition,General Government Operations, Expenditure, Development expenditure and net lending, Public Sector Development Program (PSDP) 2/ ,Other development expenditure, National Currency [PAK_GGO_E_DENL_PSDP_ODE_XDC]",0.0,million PKR,mof_central_govt_operations_sdmx,quarterly
2024-03-31,"Pakistan Definition,General Government Operations, Expenditure, Development expenditure and net lending, Public Sector Development Program (PSDP) 2/ ,Other development expenditure, National Currency [PAK_GGO_E_DENL_PSDP_ODE_XDC]",0.0,million PKR,mof_central_govt_operations_sdmx,quarterly
2024-06-30,"Pakistan Definition,General Government Operations, Expenditure, Development expenditure and net lending, Public Sector Development Program (PSDP) 2/ ,Other development expenditure, National Currency [PAK_GGO_E_DENL_PSDP_ODE_XDC]",0.0,million PKR,mof_central_govt_operations_sdmx,quarterly
2024-09-30,"Pakistan Definition,General Government Operations, Expenditure, Development expenditure and net lending, Public Sector Development Program (PSDP) 2/ ,Other development expenditure, National Currency [PAK_GGO_E_DENL_PSDP_ODE_XDC]",0.0,million PKR,mof_central_govt_operations_sdmx,quarterly
2024-12-31,"Pakistan Definition,General Government Operations, Expenditure, Development expenditure and net lending, Public Sector Development Program (PSDP) 2/ ,Other development expenditure, National Currency [PAK_GGO_E_DENL_PSDP_ODE_XDC]",0.0,million PKR,mof_central_govt_operations_sdmx,quarterly
2025-03-31,"Pakistan Definition,General Government Operations, Expenditure, Development expenditure and net lending, Public Sector Development Program (PSDP) 2/ ,Other development expenditure, National Currency [PAK_GGO_E_DENL_PSDP_ODE_XDC]",0.0,million PKR,mof_central_govt_operations_sdmx,quarterly
