date,series,value,unit,source_id,frequency
2022-07-31,"Prices, Consumer Price,  All items, Index [PCPI_IX] (BASE_PER=2015/2016)",183.3491269953184,index,pbs_cpi_sdmx,monthly
2022-08-31,"Prices, Consumer Price,  All items, Index [PCPI_IX] (BASE_PER=2015/2016)",187.84009306785492,index,pbs_cpi_sdmx,monthly
2022-09-30,"Prices, Consumer Price,  All items, Index [PCPI_IX] (BASE_PER=2015/2016)",185.6779102036212,index,pbs_cpi_sdmx,monthly
2022-10-31,"Prices, Consumer Price,  All items, Index [PCPI_IX] (BASE_PER=2015/2016)",194.41582943200407,index,pbs_cpi_sdmx,monthly
2022-11-30,"Prices, Consumer Price,  All items, Index [PCPI_IX] (BASE_PER=2015/2016)",195.88902039032095,index,pbs_cpi_sdmx,monthly
2022-12-31,"Prices, Consumer Price,  All items, Index [PCPI_IX] (BASE_PER=2015/2016)",196.85587596593155,index,pbs_cpi_sdmx,monthly
2023-01-31,"Prices, Consumer Price,  All items, Index [PCPI_IX] (BASE_PER=2015/2016)",202.5295360708444,index,pbs_cpi_sdmx,monthly
2023-02-28,"Prices, Consumer Price,  All items, Index [PCPI_IX] (BASE_PER=2015/2016)",211.27810085171188,index,pbs_cpi_sdmx,monthly
2023-03-31,"Prices, Consumer Price,  All items, Index [PCPI_IX] (BASE_PER=2015/2016)",219.13854673134412,index,pbs_cpi_sdmx,monthly
2023-04-30,"Prices, Consumer Price,  All items, Index [PCPI_IX] (BASE_PER=2015/2016)",224.4107716171245,index,pbs_cpi_sdmx,monthly
2023-05-31,"Prices, Consumer Price,  All items, Index [PCPI_IX] (BASE_PER=2015/2016)",227.9616866433527,index,pbs_cpi_sdmx,monthly
2023-06-30,"Prices, Consumer Price,  All items, Index [PCPI_IX] (BASE_PER=2015/2016)",227.37270376219755,index,pbs_cpi_sdmx,monthly
2023-07-31,"Prices, Consumer Price,  All items, Index [PCPI_IX] (BASE_PER=2015/2016)",235.23277807546955,index,pbs_cpi_sdmx,monthly
2023-08-31,"Prices, Consumer Price,  All items, Index [PCPI_IX] (BASE_PER=2015/2016)",239.269336397992,index,pbs_cpi_sdmx,monthly
2023-09-30,"Prices, Consumer Price,  All items, Index [PCPI_IX] (BASE_PER=2015/2016)",244.04794771278694,index,pbs_cpi_sdmx,monthly
2023-10-31,"Prices, Consumer Price,  All items, Index [PCPI_IX] (BASE_PER=2015/2016)",246.68750183315473,index,pbs_cpi_sdmx,monthly
2023-11-30,"Prices, Consumer Price,  All items, Index [PCPI_IX] (BASE_PER=2015/2016)",253.15003750916577,index,pbs_cpi_sdmx,monthly
2023-12-31,"Prices, Consumer Price,  All items, Index [PCPI_IX] (BASE_PER=2015/2016)",255.2350119860116,index,pbs_cpi_sdmx,monthly
2024-01-31,"Prices, Consumer Price,  All items, Index [PCPI_IX] (BASE_PER=2015/2016)",259.9184769304529,index,pbs_cpi_sdmx,monthly
2024-02-29,"Prices, Consumer Price,  All items, Index [PCPI_IX] (BASE_PER=2015/2016)",260.0083793502171,index,pbs_cpi_sdmx,monthly
2024-03-31,"Prices, Consumer Price,  All items, Index [PCPI_IX] (BASE_PER=2015/2016)",264.46,index,pbs_cpi_sdmx,monthly
2024-04-30,"Prices, Consumer Price,  All items, Index [PCPI_IX] (BASE_PER=2015/2016)",263.3207806418862,index,pbs_cpi_sdmx,monthly
2024-05-31,"Prices, Consumer Price,  All items, Index [PCPI_IX] (BASE_PER=2015/2016)",254.7795961419144,index,pbs_cpi_sdmx,monthly
2024-06-30,"Prices, Consumer Price,  All items, Index [PCPI_IX] (BASE_PER=2015/2016)",255.94266625303177,index,pbs_cpi_sdmx,monthly
2024-07-31,"Prices, Consumer Price,  All items, Index [PCPI_IX] (BASE_PER=2015/2016)",261.3158339443849,index,pbs_cpi_sdmx,monthly
2024-08-31,"Prices, Consumer Price,  All items, Index [PCPI_IX] (BASE_PER=2015/2016)",262.3247192453043,index,pbs_cpi_sdmx,monthly
2024-09-30,"Prices, Consumer Price,  All items, Index [PCPI_IX] (BASE_PER=2015/2016)",260.96065979468665,index,pbs_cpi_sdmx,monthly
2024-10-31,"Prices, Consumer Price,  All items, Index [PCPI_IX] (BASE_PER=2015/2016)",264.17481682554006,index,pbs_cpi_sdmx,monthly
2024-11-30,"Prices, Consumer Price,  All items, Index [PCPI_IX] (BASE_PER=2015/2016)",265.46278710023125,index,pbs_cpi_sdmx,monthly
2024-12-31,"Prices, Consumer Price,  All items, Index [PCPI_IX] (BASE_PER=2015/2016)",265.62724138417286,index,pbs_cpi_sdmx,monthly
2025-01-31,"Prices, Consumer Price,  All items, Index [PCPI_IX] (BASE_PER=2015/2016)",266.17107789497436,index,pbs_cpi_sdmx,monthly
2025-02-28,"Prices, Consumer Price,  All items, Index [PCPI_IX] (BASE_PER=2015/2016)",263.95098031473856,index,pbs_cpi_sdmx,monthly
2025-03-31,"Prices, Consumer Price,  All items, Index [PCPI_IX] (BASE_PER=2015/2016)",266.2937764397315,index,pbs_cpi_sdmx,monthly
2025-04-30,"Prices, Consumer Price,  All items, Index [PCPI_IX] (BASE_PER=2015/2016)",264.05729243048114,index,pbs_cpi_sdmx,monthly
2025-05-31,"Prices, Consumer Price,  All items, Index [PCPI_IX] (BASE_PER=2015/2016)",263.6017001804952,index,pbs_cpi_sdmx,monthly
2025-06-30,"Prices, Consumer Price,  All items, Index [PCPI_IX] (BASE_PER=2015/2016)",264.2201396017824,index,pbs_cpi_sdmx,monthly
2025-07-31,"Prices, Consumer Price,  All items, Index [PCPI_IX] (BASE_PER=2015/2016)",271.94091051384737,index,pbs_cpi_sdmx,monthly
2025-08-31,"Prices, Consumer Price,  All items, Index [PCPI_IX] (BASE_PER=2015/2016)",270.35,index,pbs_cpi_sdmx,monthly
2025-09-30,"Prices, Consumer Price,  All items, Index [PCPI_IX] (BASE_PER=2015/2016)",276.01,index,pbs_cpi_sdmx,monthly
2025-10-31,"Prices, Consumer Price,  All items, Index [PCPI_IX] (BASE_PER=2015/2016)",280.66,index,pbs_cpi_sdmx,monthly
2025-11-30,"Prices, Consumer Price,  All items, Index [PCPI_IX] (BASE_PER=2015/2016)",281.78,index,pbs_cpi_sdmx,monthly
2025-12-31,"Prices, Consumer Price,  All items, Index [PCPI_IX] (BASE_PER=2015/2016)",280.53,index,pbs_cpi_sdmx,monthly
2026-01-31,"Prices, Consumer Price,  All items, Index [PCPI_IX] (BASE_PER=2015/2016)",281.6183050369451,index,pbs_cpi_sdmx,monthly
2026-02-28,"Prices, Consumer Price,  All items, Index [PCPI_IX] (BASE_PER=2015/2016)",282.38620099836425,index,pbs_cpi_sdmx,monthly
2026-03-31,"Prices, Consumer Price,  All items, Index [PCPI_IX] (BASE_PER=2015/2016)",285.72761295053306,index,pbs_cpi_sdmx,monthly
2026-04-30,"Prices, Consumer Price,  All items, Index [PCPI_IX] (BASE_PER=2015/2016)",292.8060801511648,index,pbs_cpi_sdmx,monthly
2026-05-31,"Prices, Consumer Price,  All items, Index [PCPI_IX] (BASE_PER=2015/2016)",294.3417001804952,index,pbs_cpi_sdmx,monthly
2026-06-30,"Prices, Consumer Price,  All items, Index [PCPI_IX] (BASE_PER=2015/2016)",293.471797760731,index,pbs_cpi_sdmx,monthly
2026-07-31,"Prices, Consumer Price,  All items, Index [PCPI_IX] (BASE_PER=2015/2016)",296.97135188109877,index,pbs_cpi_sdmx,monthly
2022-07-31,"Prices, Consumer Prices, All Items, Weight [PCPI_WT] (BASE_PER=_Z)",100.00000000000003,weight (%),pbs_cpi_sdmx,monthly
2022-08-31,"Prices, Consumer Prices, All Items, Weight [PCPI_WT] (BASE_PER=_Z)",100.00000000000003,weight (%),pbs_cpi_sdmx,monthly
2022-09-30,"Prices, Consumer Prices, All Items, Weight [PCPI_WT] (BASE_PER=_Z)",100.00000000000003,weight (%),pbs_cpi_sdmx,monthly
2022-10-31,"Prices, Consumer Prices, All Items, Weight [PCPI_WT] (BASE_PER=_Z)",100.00000000000003,weight (%),pbs_cpi_sdmx,monthly
2022-11-30,"Prices, Consumer Prices, All Items, Weight [PCPI_WT] (BASE_PER=_Z)",100.00000000000003,weight (%),pbs_cpi_sdmx,monthly
2022-12-31,"Prices, Consumer Prices, All Items, Weight [PCPI_WT] (BASE_PER=_Z)",100.00000000000003,weight (%),pbs_cpi_sdmx,monthly
2023-01-31,"Prices, Consumer Prices, All Items, Weight [PCPI_WT] (BASE_PER=_Z)",100.00000000000003,weight (%),pbs_cpi_sdmx,monthly
2023-02-28,"Prices, Consumer Prices, All Items, Weight [PCPI_WT] (BASE_PER=_Z)",100.00000000000003,weight (%),pbs_cpi_sdmx,monthly
2023-03-31,"Prices, Consumer Prices, All Items, Weight [PCPI_WT] (BASE_PER=_Z)",100.00000000000003,weight (%),pbs_cpi_sdmx,monthly
2023-04-30,"Prices, Consumer Prices, All Items, Weight [PCPI_WT] (BASE_PER=_Z)",100.00000000000003,weight (%),pbs_cpi_sdmx,monthly
2023-05-31,"Prices, Consumer Prices, All Items, Weight [PCPI_WT] (BASE_PER=_Z)",100.00000000000003,weight (%),pbs_cpi_sdmx,monthly
2023-06-30,"Prices, Consumer Prices, All Items, Weight [PCPI_WT] (BASE_PER=_Z)",100.00000000000003,weight (%),pbs_cpi_sdmx,monthly
2023-07-31,"Prices, Consumer Prices, All Items, Weight [PCPI_WT] (BASE_PER=_Z)",100.00000000000003,weight (%),pbs_cpi_sdmx,monthly
2023-08-31,"Prices, Consumer Prices, All Items, Weight [PCPI_WT] (BASE_PER=_Z)",100.00000000000003,weight (%),pbs_cpi_sdmx,monthly
2023-09-30,"Prices, Consumer Prices, All Items, Weight [PCPI_WT] (BASE_PER=_Z)",100.00000000000003,weight (%),pbs_cpi_sdmx,monthly
2023-10-31,"Prices, Consumer Prices, All Items, Weight [PCPI_WT] (BASE_PER=_Z)",100.00000000000003,weight (%),pbs_cpi_sdmx,monthly
2023-11-30,"Prices, Consumer Prices, All Items, Weight [PCPI_WT] (BASE_PER=_Z)",100.00000000000003,weight (%),pbs_cpi_sdmx,monthly
2023-12-31,"Prices, Consumer Prices, All Items, Weight [PCPI_WT] (BASE_PER=_Z)",100.00000000000003,weight (%),pbs_cpi_sdmx,monthly
2024-01-31,"Prices, Consumer Prices, All Items, Weight [PCPI_WT] (BASE_PER=_Z)",100.00000000000003,weight (%),pbs_cpi_sdmx,monthly
2024-02-29,"Prices, Consumer Prices, All Items, Weight [PCPI_WT] (BASE_PER=_Z)",100.00000000000003,weight (%),pbs_cpi_sdmx,monthly
2024-03-31,"Prices, Consumer Prices, All Items, Weight [PCPI_WT] (BASE_PER=_Z)",100.00000000000003,weight (%),pbs_cpi_sdmx,monthly
2024-04-30,"Prices, Consumer Prices, All Items, Weight [PCPI_WT] (BASE_PER=_Z)",100.00000000000003,weight (%),pbs_cpi_sdmx,monthly
2024-05-31,"Prices, Consumer Prices, All Items, Weight [PCPI_WT] (BASE_PER=_Z)",100.00000000000003,weight (%),pbs_cpi_sdmx,monthly
2024-06-30,"Prices, Consumer Prices, All Items, Weight [PCPI_WT] (BASE_PER=_Z)",100.00000000000003,weight (%),pbs_cpi_sdmx,monthly
2024-07-31,"Prices, Consumer Prices, All Items, Weight [PCPI_WT] (BASE_PER=_Z)",100.00000000000003,weight (%),pbs_cpi_sdmx,monthly
2024-08-31,"Prices, Consumer Prices, All Items, Weight [PCPI_WT] (BASE_PER=_Z)",100.00000000000003,weight (%),pbs_cpi_sdmx,monthly
2024-09-30,"Prices, Consumer Prices, All Items, Weight [PCPI_WT] (BASE_PER=_Z)",100.00000000000003,weight (%),pbs_cpi_sdmx,monthly
2024-10-31,"Prices, Consumer Prices, All Items, Weight [PCPI_WT] (BASE_PER=_Z)",100.00000000000003,weight (%),pbs_cpi_sdmx,monthly
2024-11-30,"Prices, Consumer Prices, All Items, Weight [PCPI_WT] (BASE_PER=_Z)",100.00000000000003,weight (%),pbs_cpi_sdmx,monthly
2024-12-31,"Prices, Consumer Prices, All Items, Weight [PCPI_WT] (BASE_PER=_Z)",100.00000000000003,weight (%),pbs_cpi_sdmx,monthly
2025-01-31,"Prices, Consumer Prices, All Items, Weight [PCPI_WT] (BASE_PER=_Z)",100.00000000000003,weight (%),pbs_cpi_sdmx,monthly
2025-02-28,"Prices, Consumer Prices, All Items, Weight [PCPI_WT] (BASE_PER=_Z)",100.00000000000003,weight (%),pbs_cpi_sdmx,monthly
2025-03-31,"Prices, Consumer Prices, All Items, Weight [PCPI_WT] (BASE_PER=_Z)",100.00000000000003,weight (%),pbs_cpi_sdmx,monthly
2025-04-30,"Prices, Consumer Prices, All Items, Weight [PCPI_WT] (BASE_PER=_Z)",100.00000000000003,weight (%),pbs_cpi_sdmx,monthly
2025-05-31,"Prices, Consumer Prices, All Items, Weight [PCPI_WT] (BASE_PER=_Z)",100.00000000000003,weight (%),pbs_cpi_sdmx,monthly
2025-06-30,"Prices, Consumer Prices, All Items, Weight [PCPI_WT] (BASE_PER=_Z)",100.00000000000003,weight (%),pbs_cpi_sdmx,monthly
2025-07-31,"Prices, Consumer Prices, All Items, Weight [PCPI_WT] (BASE_PER=_Z)",100.00000000000003,weight (%),pbs_cpi_sdmx,monthly
2025-08-31,"Prices, Consumer Prices, All Items, Weight [PCPI_WT] (BASE_PER=_Z)",100.00000000000003,weight (%),pbs_cpi_sdmx,monthly
2025-09-30,"Prices, Consumer Prices, All Items, Weight [PCPI_WT] (BASE_PER=_Z)",100.00000000000003,weight (%),pbs_cpi_sdmx,monthly
2025-10-31,"Prices, Consumer Prices, All Items, Weight [PCPI_WT] (BASE_PER=_Z)",100.00000000000003,weight (%),pbs_cpi_sdmx,monthly
2025-11-30,"Prices, Consumer Prices, All Items, Weight [PCPI_WT] (BASE_PER=_Z)",100.00000000000003,weight (%),pbs_cpi_sdmx,monthly
2025-12-31,"Prices, Consumer Prices, All Items, Weight [PCPI_WT] (BASE_PER=_Z)",100.00000000000003,weight (%),pbs_cpi_sdmx,monthly
2026-01-31,"Prices, Consumer Prices, All Items, Weight [PCPI_WT] (BASE_PER=_Z)",100.00000000000003,weight (%),pbs_cpi_sdmx,monthly
2026-02-28,"Prices, Consumer Prices, All Items, Weight [PCPI_WT] (BASE_PER=_Z)",100.00000000000003,weight (%),pbs_cpi_sdmx,monthly
2026-03-31,"Prices, Consumer Prices, All Items, Weight [PCPI_WT] (BASE_PER=_Z)",100.00000000000003,weight (%),pbs_cpi_sdmx,monthly
2026-04-30,"Prices, Consumer Prices, All Items, Weight [PCPI_WT] (BASE_PER=_Z)",100.00000000000003,weight (%),pbs_cpi_sdmx,monthly
2026-05-31,"Prices, Consumer Prices, All Items, Weight [PCPI_WT] (BASE_PER=_Z)",100.00000000000003,weight (%),pbs_cpi_sdmx,monthly
2026-06-30,"Prices, Consumer Prices, All Items, Weight [PCPI_WT] (BASE_PER=_Z)",100.00000000000003,weight (%),pbs_cpi_sdmx,monthly
2026-07-31,"Prices, Consumer Prices, All Items, Weight [PCPI_WT] (BASE_PER=_Z)",100.00000000000003,weight (%),pbs_cpi_sdmx,monthly
2022-07-31,"Prices, Consumer Prices, By Classification of Individual Consumption According to Purpose (COICOP), Expenditure of Households, Alcoholic beverages, tobacco and narcotics, Index [PCPI_CP_02_IX] (BASE_PER=2015/2016)",177.22179310344825,index,pbs_cpi_sdmx,monthly
2022-08-31,"Prices, Consumer Prices, By Classification of Individual Consumption According to Purpose (COICOP), Expenditure of Households, Alcoholic beverages, tobacco and narcotics, Index [PCPI_CP_02_IX] (BASE_PER=2015/2016)",181.98824827586208,index,pbs_cpi_sdmx,monthly
2022-09-30,"Prices, Consumer Prices, By Classification of Individual Consumption According to Purpose (COICOP), Expenditure of Households, Alcoholic beverages, tobacco and narcotics, Index [PCPI_CP_02_IX] (BASE_PER=2015/2016)",192.67344827586206,index,pbs_cpi_sdmx,monthly
2022-10-31,"Prices, Consumer Prices, By Classification of Individual Consumption According to Purpose (COICOP), Expenditure of Households, Alcoholic beverages, tobacco and narcotics, Index [PCPI_CP_02_IX] (BASE_PER=2015/2016)",196.21449655172415,index,pbs_cpi_sdmx,monthly
2022-11-30,"Prices, Consumer Prices, By Classification of Individual Consumption According to Purpose (COICOP), Expenditure of Households, Alcoholic beverages, tobacco and narcotics, Index [PCPI_CP_02_IX] (BASE_PER=2015/2016)",198.45904827586207,index,pbs_cpi_sdmx,monthly
2022-12-31,"Prices, Consumer Prices, By Classification of Individual Consumption According to Purpose (COICOP), Expenditure of Households, Alcoholic beverages, tobacco and narcotics, Index [PCPI_CP_02_IX] (BASE_PER=2015/2016)",199.4864,index,pbs_cpi_sdmx,monthly
2023-01-31,"Prices, Consumer Prices, By Classification of Individual Consumption According to Purpose (COICOP), Expenditure of Households, Alcoholic beverages, tobacco and narcotics, Index [PCPI_CP_02_IX] (BASE_PER=2015/2016)",199.9700551724138,index,pbs_cpi_sdmx,monthly
2023-02-28,"Prices, Consumer Prices, By Classification of Individual Consumption According to Purpose (COICOP), Expenditure of Households, Alcoholic beverages, tobacco and narcotics, Index [PCPI_CP_02_IX] (BASE_PER=2015/2016)",219.42460689655172,index,pbs_cpi_sdmx,monthly
2023-03-31,"Prices, Consumer Prices, By Classification of Individual Consumption According to Purpose (COICOP), Expenditure of Households, Alcoholic beverages, tobacco and narcotics, Index [PCPI_CP_02_IX] (BASE_PER=2015/2016)",353.13543448275857,index,pbs_cpi_sdmx,monthly
2023-04-30,"Prices, Consumer Prices, By Classification of Individual Consumption According to Purpose (COICOP), Expenditure of Households, Alcoholic beverages, tobacco and narcotics, Index [PCPI_CP_02_IX] (BASE_PER=2015/2016)",354.1704137931034,index,pbs_cpi_sdmx,monthly
2023-05-31,"Prices, Consumer Prices, By Classification of Individual Consumption According to Purpose (COICOP), Expenditure of Households, Alcoholic beverages, tobacco and narcotics, Index [PCPI_CP_02_IX] (BASE_PER=2015/2016)",356.39875862068965,index,pbs_cpi_sdmx,monthly
2023-06-30,"Prices, Consumer Prices, By Classification of Individual Consumption According to Purpose (COICOP), Expenditure of Households, Alcoholic beverages, tobacco and narcotics, Index [PCPI_CP_02_IX] (BASE_PER=2015/2016)",356.76776551724134,index,pbs_cpi_sdmx,monthly
2023-07-31,"Prices, Consumer Prices, By Classification of Individual Consumption According to Purpose (COICOP), Expenditure of Households, Alcoholic beverages, tobacco and narcotics, Index [PCPI_CP_02_IX] (BASE_PER=2015/2016)",358.17851034482754,index,pbs_cpi_sdmx,monthly
2023-08-31,"Prices, Consumer Prices, By Classification of Individual Consumption According to Purpose (COICOP), Expenditure of Households, Alcoholic beverages, tobacco and narcotics, Index [PCPI_CP_02_IX] (BASE_PER=2015/2016)",359.4524551724138,index,pbs_cpi_sdmx,monthly
2023-09-30,"Prices, Consumer Prices, By Classification of Individual Consumption According to Purpose (COICOP), Expenditure of Households, Alcoholic beverages, tobacco and narcotics, Index [PCPI_CP_02_IX] (BASE_PER=2015/2016)",361.15693793103446,index,pbs_cpi_sdmx,monthly
2023-10-31,"Prices, Consumer Prices, By Classification of Individual Consumption According to Purpose (COICOP), Expenditure of Households, Alcoholic beverages, tobacco and narcotics, Index [PCPI_CP_02_IX] (BASE_PER=2015/2016)",362.2437517241379,index,pbs_cpi_sdmx,monthly
2023-11-30,"Prices, Consumer Prices, By Classification of Individual Consumption According to Purpose (COICOP), Expenditure of Households, Alcoholic beverages, tobacco and narcotics, Index [PCPI_CP_02_IX] (BASE_PER=2015/2016)",362.8708137931034,index,pbs_cpi_sdmx,monthly
2023-12-31,"Prices, Consumer Prices, By Classification of Individual Consumption According to Purpose (COICOP), Expenditure of Households, Alcoholic beverages, tobacco and narcotics, Index [PCPI_CP_02_IX] (BASE_PER=2015/2016)",364.721048275862,index,pbs_cpi_sdmx,monthly
2024-01-31,"Prices, Consumer Prices, By Classification of Individual Consumption According to Purpose (COICOP), Expenditure of Households, Alcoholic beverages, tobacco and narcotics, Index [PCPI_CP_02_IX] (BASE_PER=2015/2016)",365.1307172413793,index,pbs_cpi_sdmx,monthly
2024-02-29,"Prices, Consumer Prices, By Classification of Individual Consumption According to Purpose (COICOP), Expenditure of Households, Alcoholic beverages, tobacco and narcotics, Index [PCPI_CP_02_IX] (BASE_PER=2015/2016)",365.6149103448276,index,pbs_cpi_sdmx,monthly
2024-03-31,"Prices, Consumer Prices, By Classification of Individual Consumption According to Purpose (COICOP), Expenditure of Households, Alcoholic beverages, tobacco and narcotics, Index [PCPI_CP_02_IX] (BASE_PER=2015/2016)",365.8,index,pbs_cpi_sdmx,monthly
2024-04-30,"Prices, Consumer Prices, By Classification of Individual Consumption According to Purpose (COICOP), Expenditure of Households, Alcoholic beverages, tobacco and narcotics, Index [PCPI_CP_02_IX] (BASE_PER=2015/2016)",366.0693103448276,index,pbs_cpi_sdmx,monthly
2024-05-31,"Prices, Consumer Prices, By Classification of Individual Consumption According to Purpose (COICOP), Expenditure of Households, Alcoholic beverages, tobacco and narcotics, Index [PCPI_CP_02_IX] (BASE_PER=2015/2016)",366.67997241379305,index,pbs_cpi_sdmx,monthly
2024-06-30,"Prices, Consumer Prices, By Classification of Individual Consumption According to Purpose (COICOP), Expenditure of Households, Alcoholic beverages, tobacco and narcotics, Index [PCPI_CP_02_IX] (BASE_PER=2015/2016)",377.4666068965517,index,pbs_cpi_sdmx,monthly
2024-07-31,"Prices, Consumer Prices, By Classification of Individual Consumption According to Purpose (COICOP), Expenditure of Households, Alcoholic beverages, tobacco and narcotics, Index [PCPI_CP_02_IX] (BASE_PER=2015/2016)",383.42503448275863,index,pbs_cpi_sdmx,monthly
2024-08-31,"Prices, Consumer Prices, By Classification of Individual Consumption According to Purpose (COICOP), Expenditure of Households, Alcoholic beverages, tobacco and narcotics, Index [PCPI_CP_02_IX] (BASE_PER=2015/2016)",384.0911862068965,index,pbs_cpi_sdmx,monthly
2024-09-30,"Prices, Consumer Prices, By Classification of Individual Consumption According to Purpose (COICOP), Expenditure of Households, Alcoholic beverages, tobacco and narcotics, Index [PCPI_CP_02_IX] (BASE_PER=2015/2016)",385.2388689655172,index,pbs_cpi_sdmx,monthly
2024-10-31,"Prices, Consumer Prices, By Classification of Individual Consumption According to Purpose (COICOP), Expenditure of Households, Alcoholic beverages, tobacco and narcotics, Index [PCPI_CP_02_IX] (BASE_PER=2015/2016)",385.4000689655172,index,pbs_cpi_sdmx,monthly
2024-11-30,"Prices, Consumer Prices, By Classification of Individual Consumption According to Purpose (COICOP), Expenditure of Households, Alcoholic beverages, tobacco and narcotics, Index [PCPI_CP_02_IX] (BASE_PER=2015/2016)",382.59046896551723,index,pbs_cpi_sdmx,monthly
2024-12-31,"Prices, Consumer Prices, By Classification of Individual Consumption According to Purpose (COICOP), Expenditure of Households, Alcoholic beverages, tobacco and narcotics, Index [PCPI_CP_02_IX] (BASE_PER=2015/2016)",384.6670620689655,index,pbs_cpi_sdmx,monthly
2025-01-31,"Prices, Consumer Prices, By Classification of Individual Consumption According to Purpose (COICOP), Expenditure of Households, Alcoholic beverages, tobacco and narcotics, Index [PCPI_CP_02_IX] (BASE_PER=2015/2016)",385.69532413793104,index,pbs_cpi_sdmx,monthly
2025-02-28,"Prices, Consumer Prices, By Classification of Individual Consumption According to Purpose (COICOP), Expenditure of Households, Alcoholic beverages, tobacco and narcotics, Index [PCPI_CP_02_IX] (BASE_PER=2015/2016)",389.9856137931034,index,pbs_cpi_sdmx,monthly
2025-03-31,"Prices, Consumer Prices, By Classification of Individual Consumption According to Purpose (COICOP), Expenditure of Households, Alcoholic beverages, tobacco and narcotics, Index [PCPI_CP_02_IX] (BASE_PER=2015/2016)",393.37925517241376,index,pbs_cpi_sdmx,monthly
2025-04-30,"Prices, Consumer Prices, By Classification of Individual Consumption According to Purpose (COICOP), Expenditure of Households, Alcoholic beverages, tobacco and narcotics, Index [PCPI_CP_02_IX] (BASE_PER=2015/2016)",395.1498620689655,index,pbs_cpi_sdmx,monthly
2025-05-31,"Prices, Consumer Prices, By Classification of Individual Consumption According to Purpose (COICOP), Expenditure of Households, Alcoholic beverages, tobacco and narcotics, Index [PCPI_CP_02_IX] (BASE_PER=2015/2016)",395.4837655172414,index,pbs_cpi_sdmx,monthly
2025-06-30,"Prices, Consumer Prices, By Classification of Individual Consumption According to Purpose (COICOP), Expenditure of Households, Alcoholic beverages, tobacco and narcotics, Index [PCPI_CP_02_IX] (BASE_PER=2015/2016)",396.7168413793103,index,pbs_cpi_sdmx,monthly
2025-07-31,"Prices, Consumer Prices, By Classification of Individual Consumption According to Purpose (COICOP), Expenditure of Households, Alcoholic beverages, tobacco and narcotics, Index [PCPI_CP_02_IX] (BASE_PER=2015/2016)",397.4433931034482,index,pbs_cpi_sdmx,monthly
2025-08-31,"Prices, Consumer Prices, By Classification of Individual Consumption According to Purpose (COICOP), Expenditure of Households, Alcoholic beverages, tobacco and narcotics, Index [PCPI_CP_02_IX] (BASE_PER=2015/2016)",397.79,index,pbs_cpi_sdmx,monthly
2025-09-30,"Prices, Consumer Prices, By Classification of Individual Consumption According to Purpose (COICOP), Expenditure of Households, Alcoholic beverages, tobacco and narcotics, Index [PCPI_CP_02_IX] (BASE_PER=2015/2016)",398.28,index,pbs_cpi_sdmx,monthly
2025-10-31,"Prices, Consumer Prices, By Classification of Individual Consumption According to Purpose (COICOP), Expenditure of Households, Alcoholic beverages, tobacco and narcotics, Index [PCPI_CP_02_IX] (BASE_PER=2015/2016)",398.1,index,pbs_cpi_sdmx,monthly
2025-11-30,"Prices, Consumer Prices, By Classification of Individual Consumption According to Purpose (COICOP), Expenditure of Households, Alcoholic beverages, tobacco and narcotics, Index [PCPI_CP_02_IX] (BASE_PER=2015/2016)",399.67,index,pbs_cpi_sdmx,monthly
2025-12-31,"Prices, Consumer Prices, By Classification of Individual Consumption According to Purpose (COICOP), Expenditure of Households, Alcoholic beverages, tobacco and narcotics, Index [PCPI_CP_02_IX] (BASE_PER=2015/2016)",399.71,index,pbs_cpi_sdmx,monthly
2026-01-31,"Prices, Consumer Prices, By Classification of Individual Consumption According to Purpose (COICOP), Expenditure of Households, Alcoholic beverages, tobacco and narcotics, Index [PCPI_CP_02_IX] (BASE_PER=2015/2016)",399.9062068965517,index,pbs_cpi_sdmx,monthly
2026-02-28,"Prices, Consumer Prices, By Classification of Individual Consumption According to Purpose (COICOP), Expenditure of Households, Alcoholic beverages, tobacco and narcotics, Index [PCPI_CP_02_IX] (BASE_PER=2015/2016)",401.3834620689655,index,pbs_cpi_sdmx,monthly
2026-03-31,"Prices, Consumer Prices, By Classification of Individual Consumption According to Purpose (COICOP), Expenditure of Households, Alcoholic beverages, tobacco and narcotics, Index [PCPI_CP_02_IX] (BASE_PER=2015/2016)",402.4091862068965,index,pbs_cpi_sdmx,monthly
2026-04-30,"Prices, Consumer Prices, By Classification of Individual Consumption According to Purpose (COICOP), Expenditure of Households, Alcoholic beverages, tobacco and narcotics, Index [PCPI_CP_02_IX] (BASE_PER=2015/2016)",403.12868965517237,index,pbs_cpi_sdmx,monthly
2026-05-31,"Prices, Consumer Prices, By Classification of Individual Consumption According to Purpose (COICOP), Expenditure of Households, Alcoholic beverages, tobacco and narcotics, Index [PCPI_CP_02_IX] (BASE_PER=2015/2016)",404.40193103448274,index,pbs_cpi_sdmx,monthly
2026-06-30,"Prices, Consumer Prices, By Classification of Individual Consumption According to Purpose (COICOP), Expenditure of Households, Alcoholic beverages, tobacco and narcotics, Index [PCPI_CP_02_IX] (BASE_PER=2015/2016)",409.8734896551724,index,pbs_cpi_sdmx,monthly
2026-07-31,"Prices, Consumer Prices, By Classification of Individual Consumption According to Purpose (COICOP), Expenditure of Households, Alcoholic beverages, tobacco and narcotics, Index [PCPI_CP_02_IX] (BASE_PER=2015/2016)",410.10942068965517,index,pbs_cpi_sdmx,monthly
2022-07-31,"Prices, Consumer Prices, By Classification of Individual Consumption According to Purpose (COICOP), Expenditure of Households, Alcoholic beverages, tobacco and narcotics, Weight [PCPI_CP_02_WT] (BASE_PER=_Z)",1.0223362851824693,weight (%),pbs_cpi_sdmx,monthly
2022-08-31,"Prices, Consumer Prices, By Classification of Individual Consumption According to Purpose (COICOP), Expenditure of Households, Alcoholic beverages, tobacco and narcotics, Weight [PCPI_CP_02_WT] (BASE_PER=_Z)",1.0223362851824693,weight (%),pbs_cpi_sdmx,monthly
2022-09-30,"Prices, Consumer Prices, By Classification of Individual Consumption According to Purpose (COICOP), Expenditure of Households, Alcoholic beverages, tobacco and narcotics, Weight [PCPI_CP_02_WT] (BASE_PER=_Z)",1.0223362851824693,weight (%),pbs_cpi_sdmx,monthly
2022-10-31,"Prices, Consumer Prices, By Classification of Individual Consumption According to Purpose (COICOP), Expenditure of Households, Alcoholic beverages, tobacco and narcotics, Weight [PCPI_CP_02_WT] (BASE_PER=_Z)",1.0223362851824693,weight (%),pbs_cpi_sdmx,monthly
2022-11-30,"Prices, Consumer Prices, By Classification of Individual Consumption According to Purpose (COICOP), Expenditure of Households, Alcoholic beverages, tobacco and narcotics, Weight [PCPI_CP_02_WT] (BASE_PER=_Z)",1.0223362851824693,weight (%),pbs_cpi_sdmx,monthly
2022-12-31,"Prices, Consumer Prices, By Classification of Individual Consumption According to Purpose (COICOP), Expenditure of Households, Alcoholic beverages, tobacco and narcotics, Weight [PCPI_CP_02_WT] (BASE_PER=_Z)",1.0223362851824693,weight (%),pbs_cpi_sdmx,monthly
2023-01-31,"Prices, Consumer Prices, By Classification of Individual Consumption According to Purpose (COICOP), Expenditure of Households, Alcoholic beverages, tobacco and narcotics, Weight [PCPI_CP_02_WT] (BASE_PER=_Z)",1.0223362851824693,weight (%),pbs_cpi_sdmx,monthly
2023-02-28,"Prices, Consumer Prices, By Classification of Individual Consumption According to Purpose (COICOP), Expenditure of Households, Alcoholic beverages, tobacco and narcotics, Weight [PCPI_CP_02_WT] (BASE_PER=_Z)",1.0223362851824693,weight (%),pbs_cpi_sdmx,monthly
2023-03-31,"Prices, Consumer Prices, By Classification of Individual Consumption According to Purpose (COICOP), Expenditure of Households, Alcoholic beverages, tobacco and narcotics, Weight [PCPI_CP_02_WT] (BASE_PER=_Z)",1.0223362851824693,weight (%),pbs_cpi_sdmx,monthly
2023-04-30,"Prices, Consumer Prices, By Classification of Individual Consumption According to Purpose (COICOP), Expenditure of Households, Alcoholic beverages, tobacco and narcotics, Weight [PCPI_CP_02_WT] (BASE_PER=_Z)",1.0223362851824693,weight (%),pbs_cpi_sdmx,monthly
2023-05-31,"Prices, Consumer Prices, By Classification of Individual Consumption According to Purpose (COICOP), Expenditure of Households, Alcoholic beverages, tobacco and narcotics, Weight [PCPI_CP_02_WT] (BASE_PER=_Z)",1.0223362851824693,weight (%),pbs_cpi_sdmx,monthly
2023-06-30,"Prices, Consumer Prices, By Classification of Individual Consumption According to Purpose (COICOP), Expenditure of Households, Alcoholic beverages, tobacco and narcotics, Weight [PCPI_CP_02_WT] (BASE_PER=_Z)",1.0223362851824693,weight (%),pbs_cpi_sdmx,monthly
2023-07-31,"Prices, Consumer Prices, By Classification of Individual Consumption According to Purpose (COICOP), Expenditure of Households, Alcoholic beverages, tobacco and narcotics, Weight [PCPI_CP_02_WT] (BASE_PER=_Z)",1.0223362851824693,weight (%),pbs_cpi_sdmx,monthly
2023-08-31,"Prices, Consumer Prices, By Classification of Individual Consumption According to Purpose (COICOP), Expenditure of Households, Alcoholic beverages, tobacco and narcotics, Weight [PCPI_CP_02_WT] (BASE_PER=_Z)",1.0223362851824693,weight (%),pbs_cpi_sdmx,monthly
2023-09-30,"Prices, Consumer Prices, By Classification of Individual Consumption According to Purpose (COICOP), Expenditure of Households, Alcoholic beverages, tobacco and narcotics, Weight [PCPI_CP_02_WT] (BASE_PER=_Z)",1.0223362851824693,weight (%),pbs_cpi_sdmx,monthly
2023-10-31,"Prices, Consumer Prices, By Classification of Individual Consumption According to Purpose (COICOP), Expenditure of Households, Alcoholic beverages, tobacco and narcotics, Weight [PCPI_CP_02_WT] (BASE_PER=_Z)",1.0223362851824693,weight (%),pbs_cpi_sdmx,monthly
2023-11-30,"Prices, Consumer Prices, By Classification of Individual Consumption According to Purpose (COICOP), Expenditure of Households, Alcoholic beverages, tobacco and narcotics, Weight [PCPI_CP_02_WT] (BASE_PER=_Z)",1.0223362851824693,weight (%),pbs_cpi_sdmx,monthly
2023-12-31,"Prices, Consumer Prices, By Classification of Individual Consumption According to Purpose (COICOP), Expenditure of Households, Alcoholic beverages, tobacco and narcotics, Weight [PCPI_CP_02_WT] (BASE_PER=_Z)",1.0223362851824693,weight (%),pbs_cpi_sdmx,monthly
2024-01-31,"Prices, Consumer Prices, By Classification of Individual Consumption According to Purpose (COICOP), Expenditure of Households, Alcoholic beverages, tobacco and narcotics, Weight [PCPI_CP_02_WT] (BASE_PER=_Z)",1.0223362851824693,weight (%),pbs_cpi_sdmx,monthly
2024-02-29,"Prices, Consumer Prices, By Classification of Individual Consumption According to Purpose (COICOP), Expenditure of Households, Alcoholic beverages, tobacco and narcotics, Weight [PCPI_CP_02_WT] (BASE_PER=_Z)",1.0223362851824693,weight (%),pbs_cpi_sdmx,monthly
2024-03-31,"Prices, Consumer Prices, By Classification of Individual Consumption According to Purpose (COICOP), Expenditure of Households, Alcoholic beverages, tobacco and narcotics, Weight [PCPI_CP_02_WT] (BASE_PER=_Z)",1.0223362851824693,weight (%),pbs_cpi_sdmx,monthly
2024-04-30,"Prices, Consumer Prices, By Classification of Individual Consumption According to Purpose (COICOP), Expenditure of Households, Alcoholic beverages, tobacco and narcotics, Weight [PCPI_CP_02_WT] (BASE_PER=_Z)",1.0223362851824693,weight (%),pbs_cpi_sdmx,monthly
2024-05-31,"Prices, Consumer Prices, By Classification of Individual Consumption According to Purpose (COICOP), Expenditure of Households, Alcoholic beverages, tobacco and narcotics, Weight [PCPI_CP_02_WT] (BASE_PER=_Z)",1.0223362851824693,weight (%),pbs_cpi_sdmx,monthly
2024-06-30,"Prices, Consumer Prices, By Classification of Individual Consumption According to Purpose (COICOP), Expenditure of Households, Alcoholic beverages, tobacco and narcotics, Weight [PCPI_CP_02_WT] (BASE_PER=_Z)",1.0223362851824693,weight (%),pbs_cpi_sdmx,monthly
2024-07-31,"Prices, Consumer Prices, By Classification of Individual Consumption According to Purpose (COICOP), Expenditure of Households, Alcoholic beverages, tobacco and narcotics, Weight [PCPI_CP_02_WT] (BASE_PER=_Z)",1.0223362851824693,weight (%),pbs_cpi_sdmx,monthly
2024-08-31,"Prices, Consumer Prices, By Classification of Individual Consumption According to Purpose (COICOP), Expenditure of Households, Alcoholic beverages, tobacco and narcotics, Weight [PCPI_CP_02_WT] (BASE_PER=_Z)",1.0223362851824693,weight (%),pbs_cpi_sdmx,monthly
2024-09-30,"Prices, Consumer Prices, By Classification of Individual Consumption According to Purpose (COICOP), Expenditure of Households, Alcoholic beverages, tobacco and narcotics, Weight [PCPI_CP_02_WT] (BASE_PER=_Z)",1.0223362851824693,weight (%),pbs_cpi_sdmx,monthly
2024-10-31,"Prices, Consumer Prices, By Classification of Individual Consumption According to Purpose (COICOP), Expenditure of Households, Alcoholic beverages, tobacco and narcotics, Weight [PCPI_CP_02_WT] (BASE_PER=_Z)",1.0223362851824693,weight (%),pbs_cpi_sdmx,monthly
2024-11-30,"Prices, Consumer Prices, By Classification of Individual Consumption According to Purpose (COICOP), Expenditure of Households, Alcoholic beverages, tobacco and narcotics, Weight [PCPI_CP_02_WT] (BASE_PER=_Z)",1.0223362851824693,weight (%),pbs_cpi_sdmx,monthly
2024-12-31,"Prices, Consumer Prices, By Classification of Individual Consumption According to Purpose (COICOP), Expenditure of Households, Alcoholic beverages, tobacco and narcotics, Weight [PCPI_CP_02_WT] (BASE_PER=_Z)",1.0223362851824693,weight (%),pbs_cpi_sdmx,monthly
2025-01-31,"Prices, Consumer Prices, By Classification of Individual Consumption According to Purpose (COICOP), Expenditure of Households, Alcoholic beverages, tobacco and narcotics, Weight [PCPI_CP_02_WT] (BASE_PER=_Z)",1.0223362851824693,weight (%),pbs_cpi_sdmx,monthly
2025-02-28,"Prices, Consumer Prices, By Classification of Individual Consumption According to Purpose (COICOP), Expenditure of Households, Alcoholic beverages, tobacco and narcotics, Weight [PCPI_CP_02_WT] (BASE_PER=_Z)",1.0223362851824693,weight (%),pbs_cpi_sdmx,monthly
2025-03-31,"Prices, Consumer Prices, By Classification of Individual Consumption According to Purpose (COICOP), Expenditure of Households, Alcoholic beverages, tobacco and narcotics, Weight [PCPI_CP_02_WT] (BASE_PER=_Z)",1.0223362851824693,weight (%),pbs_cpi_sdmx,monthly
2025-04-30,"Prices, Consumer Prices, By Classification of Individual Consumption According to Purpose (COICOP), Expenditure of Households, Alcoholic beverages, tobacco and narcotics, Weight [PCPI_CP_02_WT] (BASE_PER=_Z)",1.0223362851824693,weight (%),pbs_cpi_sdmx,monthly
2025-05-31,"Prices, Consumer Prices, By Classification of Individual Consumption According to Purpose (COICOP), Expenditure of Households, Alcoholic beverages, tobacco and narcotics, Weight [PCPI_CP_02_WT] (BASE_PER=_Z)",1.0223362851824693,weight (%),pbs_cpi_sdmx,monthly
2025-06-30,"Prices, Consumer Prices, By Classification of Individual Consumption According to Purpose (COICOP), Expenditure of Households, Alcoholic beverages, tobacco and narcotics, Weight [PCPI_CP_02_WT] (BASE_PER=_Z)",1.0223362851824693,weight (%),pbs_cpi_sdmx,monthly
2025-07-31,"Prices, Consumer Prices, By Classification of Individual Consumption According to Purpose (COICOP), Expenditure of Households, Alcoholic beverages, tobacco and narcotics, Weight [PCPI_CP_02_WT] (BASE_PER=_Z)",1.0223362851824693,weight (%),pbs_cpi_sdmx,monthly
2025-08-31,"Prices, Consumer Prices, By Classification of Individual Consumption According to Purpose (COICOP), Expenditure of Households, Alcoholic beverages, tobacco and narcotics, Weight [PCPI_CP_02_WT] (BASE_PER=_Z)",1.0223362851824693,weight (%),pbs_cpi_sdmx,monthly
2025-09-30,"Prices, Consumer Prices, By Classification of Individual Consumption According to Purpose (COICOP), Expenditure of Households, Alcoholic beverages, tobacco and narcotics, Weight [PCPI_CP_02_WT] (BASE_PER=_Z)",1.0223362851824693,weight (%),pbs_cpi_sdmx,monthly
2025-10-31,"Prices, Consumer Prices, By Classification of Individual Consumption According to Purpose (COICOP), Expenditure of Households, Alcoholic beverages, tobacco and narcotics, Weight [PCPI_CP_02_WT] (BASE_PER=_Z)",1.0223362851824693,weight (%),pbs_cpi_sdmx,monthly
2025-11-30,"Prices, Consumer Prices, By Classification of Individual Consumption According to Purpose (COICOP), Expenditure of Households, Alcoholic beverages, tobacco and narcotics, Weight [PCPI_CP_02_WT] (BASE_PER=_Z)",1.0223362851824693,weight (%),pbs_cpi_sdmx,monthly
2025-12-31,"Prices, Consumer Prices, By Classification of Individual Consumption According to Purpose (COICOP), Expenditure of Households, Alcoholic beverages, tobacco and narcotics, Weight [PCPI_CP_02_WT] (BASE_PER=_Z)",1.0223362851824693,weight (%),pbs_cpi_sdmx,monthly
2026-01-31,"Prices, Consumer Prices, By Classification of Individual Consumption According to Purpose (COICOP), Expenditure of Households, Alcoholic beverages, tobacco and narcotics, Weight [PCPI_CP_02_WT] (BASE_PER=_Z)",1.0223362851824693,weight (%),pbs_cpi_sdmx,monthly
2026-02-28,"Prices, Consumer Prices, By Classification of Individual Consumption According to Purpose (COICOP), Expenditure of Households, Alcoholic beverages, tobacco and narcotics, Weight [PCPI_CP_02_WT] (BASE_PER=_Z)",1.0223362851824693,weight (%),pbs_cpi_sdmx,monthly
2026-03-31,"Prices, Consumer Prices, By Classification of Individual Consumption According to Purpose (COICOP), Expenditure of Households, Alcoholic beverages, tobacco and narcotics, Weight [PCPI_CP_02_WT] (BASE_PER=_Z)",1.0223362851824693,weight (%),pbs_cpi_sdmx,monthly
2026-04-30,"Prices, Consumer Prices, By Classification of Individual Consumption According to Purpose (COICOP), Expenditure of Households, Alcoholic beverages, tobacco and narcotics, Weight [PCPI_CP_02_WT] (BASE_PER=_Z)",1.0223362851824693,weight (%),pbs_cpi_sdmx,monthly
2026-05-31,"Prices, Consumer Prices, By Classification of Individual Consumption According to Purpose (COICOP), Expenditure of Households, Alcoholic beverages, tobacco and narcotics, Weight [PCPI_CP_02_WT] (BASE_PER=_Z)",1.0223362851824693,weight (%),pbs_cpi_sdmx,monthly
2026-06-30,"Prices, Consumer Prices, By Classification of Individual Consumption According to Purpose (COICOP), Expenditure of Households, Alcoholic beverages, tobacco and narcotics, Weight [PCPI_CP_02_WT] (BASE_PER=_Z)",1.0223362851824693,weight (%),pbs_cpi_sdmx,monthly
2026-07-31,"Prices, Consumer Prices, By Classification of Individual Consumption According to Purpose (COICOP), Expenditure of Households, Alcoholic beverages, tobacco and narcotics, Weight [PCPI_CP_02_WT] (BASE_PER=_Z)",1.0223362851824693,weight (%),pbs_cpi_sdmx,monthly
2022-07-31,"Prices, Consumer Prices, By Classification of Individual Consumption According to Purpose (COICOP), Expenditure of Households, Clothing and footwear, Index [PCPI_CP_03_IX] (BASE_PER=2015/2016)",171.40384615384613,index,pbs_cpi_sdmx,monthly
2022-08-31,"Prices, Consumer Prices, By Classification of Individual Consumption According to Purpose (COICOP), Expenditure of Households, Clothing and footwear, Index [PCPI_CP_03_IX] (BASE_PER=2015/2016)",176.20681318681318,index,pbs_cpi_sdmx,monthly
2022-09-30,"Prices, Consumer Prices, By Classification of Individual Consumption According to Purpose (COICOP), Expenditure of Households, Clothing and footwear, Index [PCPI_CP_03_IX] (BASE_PER=2015/2016)",176.72813186813187,index,pbs_cpi_sdmx,monthly
2022-10-31,"Prices, Consumer Prices, By Classification of Individual Consumption According to Purpose (COICOP), Expenditure of Households, Clothing and footwear, Index [PCPI_CP_03_IX] (BASE_PER=2015/2016)",178.47692307692307,index,pbs_cpi_sdmx,monthly
2022-11-30,"Prices, Consumer Prices, By Classification of Individual Consumption According to Purpose (COICOP), Expenditure of Households, Clothing and footwear, Index [PCPI_CP_03_IX] (BASE_PER=2015/2016)",182.32021978021976,index,pbs_cpi_sdmx,monthly
2022-12-31,"Prices, Consumer Prices, By Classification of Individual Consumption According to Purpose (COICOP), Expenditure of Households, Clothing and footwear, Index [PCPI_CP_03_IX] (BASE_PER=2015/2016)",183.6201098901099,index,pbs_cpi_sdmx,monthly
2023-01-31,"Prices, Consumer Prices, By Classification of Individual Consumption According to Purpose (COICOP), Expenditure of Households, Clothing and footwear, Index [PCPI_CP_03_IX] (BASE_PER=2015/2016)",184.5146153846154,index,pbs_cpi_sdmx,monthly
2023-02-28,"Prices, Consumer Prices, By Classification of Individual Consumption According to Purpose (COICOP), Expenditure of Households, Clothing and footwear, Index [PCPI_CP_03_IX] (BASE_PER=2015/2016)",186.6531868131868,index,pbs_cpi_sdmx,monthly
2023-03-31,"Prices, Consumer Prices, By Classification of Individual Consumption According to Purpose (COICOP), Expenditure of Households, Clothing and footwear, Index [PCPI_CP_03_IX] (BASE_PER=2015/2016)",196.49714285714285,index,pbs_cpi_sdmx,monthly
2023-04-30,"Prices, Consumer Prices, By Classification of Individual Consumption According to Purpose (COICOP), Expenditure of Households, Clothing and footwear, Index [PCPI_CP_03_IX] (BASE_PER=2015/2016)",200.17087912087914,index,pbs_cpi_sdmx,monthly
2023-05-31,"Prices, Consumer Prices, By Classification of Individual Consumption According to Purpose (COICOP), Expenditure of Households, Clothing and footwear, Index [PCPI_CP_03_IX] (BASE_PER=2015/2016)",202.95164835164834,index,pbs_cpi_sdmx,monthly
2023-06-30,"Prices, Consumer Prices, By Classification of Individual Consumption According to Purpose (COICOP), Expenditure of Households, Clothing and footwear, Index [PCPI_CP_03_IX] (BASE_PER=2015/2016)",205.1556043956044,index,pbs_cpi_sdmx,monthly
2023-07-31,"Prices, Consumer Prices, By Classification of Individual Consumption According to Purpose (COICOP), Expenditure of Households, Clothing and footwear, Index [PCPI_CP_03_IX] (BASE_PER=2015/2016)",206.29395604395603,index,pbs_cpi_sdmx,monthly
2023-08-31,"Prices, Consumer Prices, By Classification of Individual Consumption According to Purpose (COICOP), Expenditure of Households, Clothing and footwear, Index [PCPI_CP_03_IX] (BASE_PER=2015/2016)",208.73626373626374,index,pbs_cpi_sdmx,monthly
2023-09-30,"Prices, Consumer Prices, By Classification of Individual Consumption According to Purpose (COICOP), Expenditure of Households, Clothing and footwear, Index [PCPI_CP_03_IX] (BASE_PER=2015/2016)",213.04505494505494,index,pbs_cpi_sdmx,monthly
2023-10-31,"Prices, Consumer Prices, By Classification of Individual Consumption According to Purpose (COICOP), Expenditure of Households, Clothing and footwear, Index [PCPI_CP_03_IX] (BASE_PER=2015/2016)",215.310989010989,index,pbs_cpi_sdmx,monthly
2023-11-30,"Prices, Consumer Prices, By Classification of Individual Consumption According to Purpose (COICOP), Expenditure of Households, Clothing and footwear, Index [PCPI_CP_03_IX] (BASE_PER=2015/2016)",220.37846153846152,index,pbs_cpi_sdmx,monthly
2023-12-31,"Prices, Consumer Prices, By Classification of Individual Consumption According to Purpose (COICOP), Expenditure of Households, Clothing and footwear, Index [PCPI_CP_03_IX] (BASE_PER=2015/2016)",221.64043956043955,index,pbs_cpi_sdmx,monthly
2024-01-31,"Prices, Consumer Prices, By Classification of Individual Consumption According to Purpose (COICOP), Expenditure of Households, Clothing and footwear, Index [PCPI_CP_03_IX] (BASE_PER=2015/2016)",223.27747252747253,index,pbs_cpi_sdmx,monthly
2024-02-29,"Prices, Consumer Prices, By Classification of Individual Consumption According to Purpose (COICOP), Expenditure of Households, Clothing and footwear, Index [PCPI_CP_03_IX] (BASE_PER=2015/2016)",224.43208791208792,index,pbs_cpi_sdmx,monthly
2024-03-31,"Prices, Consumer Prices, By Classification of Individual Consumption According to Purpose (COICOP), Expenditure of Households, Clothing and footwear, Index [PCPI_CP_03_IX] (BASE_PER=2015/2016)",228.13,index,pbs_cpi_sdmx,monthly
2024-04-30,"Prices, Consumer Prices, By Classification of Individual Consumption According to Purpose (COICOP), Expenditure of Households, Clothing and footwear, Index [PCPI_CP_03_IX] (BASE_PER=2015/2016)",238.3768131868132,index,pbs_cpi_sdmx,monthly
2024-05-31,"Prices, Consumer Prices, By Classification of Individual Consumption According to Purpose (COICOP), Expenditure of Households, Clothing and footwear, Index [PCPI_CP_03_IX] (BASE_PER=2015/2016)",239.4646153846154,index,pbs_cpi_sdmx,monthly
2024-06-30,"Prices, Consumer Prices, By Classification of Individual Consumption According to Purpose (COICOP), Expenditure of Households, Clothing and footwear, Index [PCPI_CP_03_IX] (BASE_PER=2015/2016)",241.67505494505497,index,pbs_cpi_sdmx,monthly
2024-07-31,"Prices, Consumer Prices, By Classification of Individual Consumption According to Purpose (COICOP), Expenditure of Households, Clothing and footwear, Index [PCPI_CP_03_IX] (BASE_PER=2015/2016)",243.80703296703297,index,pbs_cpi_sdmx,monthly
2024-08-31,"Prices, Consumer Prices, By Classification of Individual Consumption According to Purpose (COICOP), Expenditure of Households, Clothing and footwear, Index [PCPI_CP_03_IX] (BASE_PER=2015/2016)",244.84296703296704,index,pbs_cpi_sdmx,monthly
2024-09-30,"Prices, Consumer Prices, By Classification of Individual Consumption According to Purpose (COICOP), Expenditure of Households, Clothing and footwear, Index [PCPI_CP_03_IX] (BASE_PER=2015/2016)",246.10571428571427,index,pbs_cpi_sdmx,monthly
2024-10-31,"Prices, Consumer Prices, By Classification of Individual Consumption According to Purpose (COICOP), Expenditure of Households, Clothing and footwear, Index [PCPI_CP_03_IX] (BASE_PER=2015/2016)",246.7564835164835,index,pbs_cpi_sdmx,monthly
2024-11-30,"Prices, Consumer Prices, By Classification of Individual Consumption According to Purpose (COICOP), Expenditure of Households, Clothing and footwear, Index [PCPI_CP_03_IX] (BASE_PER=2015/2016)",252.0564835164835,index,pbs_cpi_sdmx,monthly
2024-12-31,"Prices, Consumer Prices, By Classification of Individual Consumption According to Purpose (COICOP), Expenditure of Households, Clothing and footwear, Index [PCPI_CP_03_IX] (BASE_PER=2015/2016)",253.5254945054945,index,pbs_cpi_sdmx,monthly
2025-01-31,"Prices, Consumer Prices, By Classification of Individual Consumption According to Purpose (COICOP), Expenditure of Households, Clothing and footwear, Index [PCPI_CP_03_IX] (BASE_PER=2015/2016)",254.8035164835165,index,pbs_cpi_sdmx,monthly
2025-02-28,"Prices, Consumer Prices, By Classification of Individual Consumption According to Purpose (COICOP), Expenditure of Households, Clothing and footwear, Index [PCPI_CP_03_IX] (BASE_PER=2015/2016)",255.4108791208791,index,pbs_cpi_sdmx,monthly
2025-03-31,"Prices, Consumer Prices, By Classification of Individual Consumption According to Purpose (COICOP), Expenditure of Households, Clothing and footwear, Index [PCPI_CP_03_IX] (BASE_PER=2015/2016)",258.983956043956,index,pbs_cpi_sdmx,monthly
2025-04-30,"Prices, Consumer Prices, By Classification of Individual Consumption According to Purpose (COICOP), Expenditure of Households, Clothing and footwear, Index [PCPI_CP_03_IX] (BASE_PER=2015/2016)",260.0641758241758,index,pbs_cpi_sdmx,monthly
2025-05-31,"Prices, Consumer Prices, By Classification of Individual Consumption According to Purpose (COICOP), Expenditure of Households, Clothing and footwear, Index [PCPI_CP_03_IX] (BASE_PER=2015/2016)",262.5882417582418,index,pbs_cpi_sdmx,monthly
2025-06-30,"Prices, Consumer Prices, By Classification of Individual Consumption According to Purpose (COICOP), Expenditure of Households, Clothing and footwear, Index [PCPI_CP_03_IX] (BASE_PER=2015/2016)",263.30813186813185,index,pbs_cpi_sdmx,monthly
2025-07-31,"Prices, Consumer Prices, By Classification of Individual Consumption According to Purpose (COICOP), Expenditure of Households, Clothing and footwear, Index [PCPI_CP_03_IX] (BASE_PER=2015/2016)",264.1710989010989,index,pbs_cpi_sdmx,monthly
2025-08-31,"Prices, Consumer Prices, By Classification of Individual Consumption According to Purpose (COICOP), Expenditure of Households, Clothing and footwear, Index [PCPI_CP_03_IX] (BASE_PER=2015/2016)",264.7,index,pbs_cpi_sdmx,monthly
2025-09-30,"Prices, Consumer Prices, By Classification of Individual Consumption According to Purpose (COICOP), Expenditure of Households, Clothing and footwear, Index [PCPI_CP_03_IX] (BASE_PER=2015/2016)",265.79,index,pbs_cpi_sdmx,monthly
2025-10-31,"Prices, Consumer Prices, By Classification of Individual Consumption According to Purpose (COICOP), Expenditure of Households, Clothing and footwear, Index [PCPI_CP_03_IX] (BASE_PER=2015/2016)",266.67,index,pbs_cpi_sdmx,monthly
2025-11-30,"Prices, Consumer Prices, By Classification of Individual Consumption According to Purpose (COICOP), Expenditure of Households, Clothing and footwear, Index [PCPI_CP_03_IX] (BASE_PER=2015/2016)",268.48,index,pbs_cpi_sdmx,monthly
2025-12-31,"Prices, Consumer Prices, By Classification of Individual Consumption According to Purpose (COICOP), Expenditure of Households, Clothing and footwear, Index [PCPI_CP_03_IX] (BASE_PER=2015/2016)",269.3,index,pbs_cpi_sdmx,monthly
2026-01-31,"Prices, Consumer Prices, By Classification of Individual Consumption According to Purpose (COICOP), Expenditure of Households, Clothing and footwear, Index [PCPI_CP_03_IX] (BASE_PER=2015/2016)",270.2567032967033,index,pbs_cpi_sdmx,monthly
2026-02-28,"Prices, Consumer Prices, By Classification of Individual Consumption According to Purpose (COICOP), Expenditure of Households, Clothing and footwear, Index [PCPI_CP_03_IX] (BASE_PER=2015/2016)",271.1912087912088,index,pbs_cpi_sdmx,monthly
2026-03-31,"Prices, Consumer Prices, By Classification of Individual Consumption According to Purpose (COICOP), Expenditure of Households, Clothing and footwear, Index [PCPI_CP_03_IX] (BASE_PER=2015/2016)",274.00593406593407,index,pbs_cpi_sdmx,monthly
2026-04-30,"Prices, Consumer Prices, By Classification of Individual Consumption According to Purpose (COICOP), Expenditure of Households, Clothing and footwear, Index [PCPI_CP_03_IX] (BASE_PER=2015/2016)",276.19307692307694,index,pbs_cpi_sdmx,monthly
2026-05-31,"Prices, Consumer Prices, By Classification of Individual Consumption According to Purpose (COICOP), Expenditure of Households, Clothing and footwear, Index [PCPI_CP_03_IX] (BASE_PER=2015/2016)",285.6225274725275,index,pbs_cpi_sdmx,monthly
2026-06-30,"Prices, Consumer Prices, By Classification of Individual Consumption According to Purpose (COICOP), Expenditure of Households, Clothing and footwear, Index [PCPI_CP_03_IX] (BASE_PER=2015/2016)",287.79252747252747,index,pbs_cpi_sdmx,monthly
2026-07-31,"Prices, Consumer Prices, By Classification of Individual Consumption According to Purpose (COICOP), Expenditure of Households, Clothing and footwear, Index [PCPI_CP_03_IX] (BASE_PER=2015/2016)",288.4176923076923,index,pbs_cpi_sdmx,monthly
2022-07-31,"Prices, Consumer Prices, By Classification of Individual Consumption According to Purpose (COICOP), Expenditure of Households, Clothing and footwear, Weight [PCPI_CP_03_WT] (BASE_PER=_Z)",8.597495628631057,weight (%),pbs_cpi_sdmx,monthly
2022-08-31,"Prices, Consumer Prices, By Classification of Individual Consumption According to Purpose (COICOP), Expenditure of Households, Clothing and footwear, Weight [PCPI_CP_03_WT] (BASE_PER=_Z)",8.597495628631057,weight (%),pbs_cpi_sdmx,monthly
2022-09-30,"Prices, Consumer Prices, By Classification of Individual Consumption According to Purpose (COICOP), Expenditure of Households, Clothing and footwear, Weight [PCPI_CP_03_WT] (BASE_PER=_Z)",8.597495628631057,weight (%),pbs_cpi_sdmx,monthly
2022-10-31,"Prices, Consumer Prices, By Classification of Individual Consumption According to Purpose (COICOP), Expenditure of Households, Clothing and footwear, Weight [PCPI_CP_03_WT] (BASE_PER=_Z)",8.597495628631057,weight (%),pbs_cpi_sdmx,monthly
2022-11-30,"Prices, Consumer Prices, By Classification of Individual Consumption According to Purpose (COICOP), Expenditure of Households, Clothing and footwear, Weight [PCPI_CP_03_WT] (BASE_PER=_Z)",8.597495628631057,weight (%),pbs_cpi_sdmx,monthly
2022-12-31,"Prices, Consumer Prices, By Classification of Individual Consumption According to Purpose (COICOP), Expenditure of Households, Clothing and footwear, Weight [PCPI_CP_03_WT] (BASE_PER=_Z)",8.597495628631057,weight (%),pbs_cpi_sdmx,monthly
2023-01-31,"Prices, Consumer Prices, By Classification of Individual Consumption According to Purpose (COICOP), Expenditure of Households, Clothing and footwear, Weight [PCPI_CP_03_WT] (BASE_PER=_Z)",8.597495628631057,weight (%),pbs_cpi_sdmx,monthly
2023-02-28,"Prices, Consumer Prices, By Classification of Individual Consumption According to Purpose (COICOP), Expenditure of Households, Clothing and footwear, Weight [PCPI_CP_03_WT] (BASE_PER=_Z)",8.597495628631057,weight (%),pbs_cpi_sdmx,monthly
2023-03-31,"Prices, Consumer Prices, By Classification of Individual Consumption According to Purpose (COICOP), Expenditure of Households, Clothing and footwear, Weight [PCPI_CP_03_WT] (BASE_PER=_Z)",8.597495628631057,weight (%),pbs_cpi_sdmx,monthly
2023-04-30,"Prices, Consumer Prices, By Classification of Individual Consumption According to Purpose (COICOP), Expenditure of Households, Clothing and footwear, Weight [PCPI_CP_03_WT] (BASE_PER=_Z)",8.597495628631057,weight (%),pbs_cpi_sdmx,monthly
2023-05-31,"Prices, Consumer Prices, By Classification of Individual Consumption According to Purpose (COICOP), Expenditure of Households, Clothing and footwear, Weight [PCPI_CP_03_WT] (BASE_PER=_Z)",8.597495628631057,weight (%),pbs_cpi_sdmx,monthly
2023-06-30,"Prices, Consumer Prices, By Classification of Individual Consumption According to Purpose (COICOP), Expenditure of Households, Clothing and footwear, Weight [PCPI_CP_03_WT] (BASE_PER=_Z)",8.597495628631057,weight (%),pbs_cpi_sdmx,monthly
2023-07-31,"Prices, Consumer Prices, By Classification of Individual Consumption According to Purpose (COICOP), Expenditure of Households, Clothing and footwear, Weight [PCPI_CP_03_WT] (BASE_PER=_Z)",8.597495628631057,weight (%),pbs_cpi_sdmx,monthly
2023-08-31,"Prices, Consumer Prices, By Classification of Individual Consumption According to Purpose (COICOP), Expenditure of Households, Clothing and footwear, Weight [PCPI_CP_03_WT] (BASE_PER=_Z)",8.597495628631057,weight (%),pbs_cpi_sdmx,monthly
2023-09-30,"Prices, Consumer Prices, By Classification of Individual Consumption According to Purpose (COICOP), Expenditure of Households, Clothing and footwear, Weight [PCPI_CP_03_WT] (BASE_PER=_Z)",8.597495628631057,weight (%),pbs_cpi_sdmx,monthly
2023-10-31,"Prices, Consumer Prices, By Classification of Individual Consumption According to Purpose (COICOP), Expenditure of Households, Clothing and footwear, Weight [PCPI_CP_03_WT] (BASE_PER=_Z)",8.597495628631057,weight (%),pbs_cpi_sdmx,monthly
2023-11-30,"Prices, Consumer Prices, By Classification of Individual Consumption According to Purpose (COICOP), Expenditure of Households, Clothing and footwear, Weight [PCPI_CP_03_WT] (BASE_PER=_Z)",8.597495628631057,weight (%),pbs_cpi_sdmx,monthly
2023-12-31,"Prices, Consumer Prices, By Classification of Individual Consumption According to Purpose (COICOP), Expenditure of Households, Clothing and footwear, Weight [PCPI_CP_03_WT] (BASE_PER=_Z)",8.597495628631057,weight (%),pbs_cpi_sdmx,monthly
2024-01-31,"Prices, Consumer Prices, By Classification of Individual Consumption According to Purpose (COICOP), Expenditure of Households, Clothing and footwear, Weight [PCPI_CP_03_WT] (BASE_PER=_Z)",8.597495628631057,weight (%),pbs_cpi_sdmx,monthly
2024-02-29,"Prices, Consumer Prices, By Classification of Individual Consumption According to Purpose (COICOP), Expenditure of Households, Clothing and footwear, Weight [PCPI_CP_03_WT] (BASE_PER=_Z)",8.597495628631057,weight (%),pbs_cpi_sdmx,monthly
2024-03-31,"Prices, Consumer Prices, By Classification of Individual Consumption According to Purpose (COICOP), Expenditure of Households, Clothing and footwear, Weight [PCPI_CP_03_WT] (BASE_PER=_Z)",8.597495628631057,weight (%),pbs_cpi_sdmx,monthly
2024-04-30,"Prices, Consumer Prices, By Classification of Individual Consumption According to Purpose (COICOP), Expenditure of Households, Clothing and footwear, Weight [PCPI_CP_03_WT] (BASE_PER=_Z)",8.597495628631057,weight (%),pbs_cpi_sdmx,monthly
2024-05-31,"Prices, Consumer Prices, By Classification of Individual Consumption According to Purpose (COICOP), Expenditure of Households, Clothing and footwear, Weight [PCPI_CP_03_WT] (BASE_PER=_Z)",8.597495628631057,weight (%),pbs_cpi_sdmx,monthly
2024-06-30,"Prices, Consumer Prices, By Classification of Individual Consumption According to Purpose (COICOP), Expenditure of Households, Clothing and footwear, Weight [PCPI_CP_03_WT] (BASE_PER=_Z)",8.597495628631057,weight (%),pbs_cpi_sdmx,monthly
2024-07-31,"Prices, Consumer Prices, By Classification of Individual Consumption According to Purpose (COICOP), Expenditure of Households, Clothing and footwear, Weight [PCPI_CP_03_WT] (BASE_PER=_Z)",8.597495628631057,weight (%),pbs_cpi_sdmx,monthly
2024-08-31,"Prices, Consumer Prices, By Classification of Individual Consumption According to Purpose (COICOP), Expenditure of Households, Clothing and footwear, Weight [PCPI_CP_03_WT] (BASE_PER=_Z)",8.597495628631057,weight (%),pbs_cpi_sdmx,monthly
2024-09-30,"Prices, Consumer Prices, By Classification of Individual Consumption According to Purpose (COICOP), Expenditure of Households, Clothing and footwear, Weight [PCPI_CP_03_WT] (BASE_PER=_Z)",8.597495628631057,weight (%),pbs_cpi_sdmx,monthly
2024-10-31,"Prices, Consumer Prices, By Classification of Individual Consumption According to Purpose (COICOP), Expenditure of Households, Clothing and footwear, Weight [PCPI_CP_03_WT] (BASE_PER=_Z)",8.597495628631057,weight (%),pbs_cpi_sdmx,monthly
2024-11-30,"Prices, Consumer Prices, By Classification of Individual Consumption According to Purpose (COICOP), Expenditure of Households, Clothing and footwear, Weight [PCPI_CP_03_WT] (BASE_PER=_Z)",8.597495628631057,weight (%),pbs_cpi_sdmx,monthly
2024-12-31,"Prices, Consumer Prices, By Classification of Individual Consumption According to Purpose (COICOP), Expenditure of Households, Clothing and footwear, Weight [PCPI_CP_03_WT] (BASE_PER=_Z)",8.597495628631057,weight (%),pbs_cpi_sdmx,monthly
2025-01-31,"Prices, Consumer Prices, By Classification of Individual Consumption According to Purpose (COICOP), Expenditure of Households, Clothing and footwear, Weight [PCPI_CP_03_WT] (BASE_PER=_Z)",8.597495628631057,weight (%),pbs_cpi_sdmx,monthly
2025-02-28,"Prices, Consumer Prices, By Classification of Individual Consumption According to Purpose (COICOP), Expenditure of Households, Clothing and footwear, Weight [PCPI_CP_03_WT] (BASE_PER=_Z)",8.597495628631057,weight (%),pbs_cpi_sdmx,monthly
2025-03-31,"Prices, Consumer Prices, By Classification of Individual Consumption According to Purpose (COICOP), Expenditure of Households, Clothing and footwear, Weight [PCPI_CP_03_WT] (BASE_PER=_Z)",8.597495628631057,weight (%),pbs_cpi_sdmx,monthly
2025-04-30,"Prices, Consumer Prices, By Classification of Individual Consumption According to Purpose (COICOP), Expenditure of Households, Clothing and footwear, Weight [PCPI_CP_03_WT] (BASE_PER=_Z)",8.597495628631057,weight (%),pbs_cpi_sdmx,monthly
2025-05-31,"Prices, Consumer Prices, By Classification of Individual Consumption According to Purpose (COICOP), Expenditure of Households, Clothing and footwear, Weight [PCPI_CP_03_WT] (BASE_PER=_Z)",8.597495628631057,weight (%),pbs_cpi_sdmx,monthly
2025-06-30,"Prices, Consumer Prices, By Classification of Individual Consumption According to Purpose (COICOP), Expenditure of Households, Clothing and footwear, Weight [PCPI_CP_03_WT] (BASE_PER=_Z)",8.597495628631057,weight (%),pbs_cpi_sdmx,monthly
2025-07-31,"Prices, Consumer Prices, By Classification of Individual Consumption According to Purpose (COICOP), Expenditure of Households, Clothing and footwear, Weight [PCPI_CP_03_WT] (BASE_PER=_Z)",8.597495628631057,weight (%),pbs_cpi_sdmx,monthly
2025-08-31,"Prices, Consumer Prices, By Classification of Individual Consumption According to Purpose (COICOP), Expenditure of Households, Clothing and footwear, Weight [PCPI_CP_03_WT] (BASE_PER=_Z)",8.597495628631057,weight (%),pbs_cpi_sdmx,monthly
2025-09-30,"Prices, Consumer Prices, By Classification of Individual Consumption According to Purpose (COICOP), Expenditure of Households, Clothing and footwear, Weight [PCPI_CP_03_WT] (BASE_PER=_Z)",8.597495628631057,weight (%),pbs_cpi_sdmx,monthly
2025-10-31,"Prices, Consumer Prices, By Classification of Individual Consumption According to Purpose (COICOP), Expenditure of Households, Clothing and footwear, Weight [PCPI_CP_03_WT] (BASE_PER=_Z)",8.597495628631057,weight (%),pbs_cpi_sdmx,monthly
2025-11-30,"Prices, Consumer Prices, By Classification of Individual Consumption According to Purpose (COICOP), Expenditure of Households, Clothing and footwear, Weight [PCPI_CP_03_WT] (BASE_PER=_Z)",8.597495628631057,weight (%),pbs_cpi_sdmx,monthly
2025-12-31,"Prices, Consumer Prices, By Classification of Individual Consumption According to Purpose (COICOP), Expenditure of Households, Clothing and footwear, Weight [PCPI_CP_03_WT] (BASE_PER=_Z)",8.597495628631057,weight (%),pbs_cpi_sdmx,monthly
2026-01-31,"Prices, Consumer Prices, By Classification of Individual Consumption According to Purpose (COICOP), Expenditure of Households, Clothing and footwear, Weight [PCPI_CP_03_WT] (BASE_PER=_Z)",8.597495628631057,weight (%),pbs_cpi_sdmx,monthly
2026-02-28,"Prices, Consumer Prices, By Classification of Individual Consumption According to Purpose (COICOP), Expenditure of Households, Clothing and footwear, Weight [PCPI_CP_03_WT] (BASE_PER=_Z)",8.597495628631057,weight (%),pbs_cpi_sdmx,monthly
2026-03-31,"Prices, Consumer Prices, By Classification of Individual Consumption According to Purpose (COICOP), Expenditure of Households, Clothing and footwear, Weight [PCPI_CP_03_WT] (BASE_PER=_Z)",8.597495628631057,weight (%),pbs_cpi_sdmx,monthly
2026-04-30,"Prices, Consumer Prices, By Classification of Individual Consumption According to Purpose (COICOP), Expenditure of Households, Clothing and footwear, Weight [PCPI_CP_03_WT] (BASE_PER=_Z)",8.597495628631057,weight (%),pbs_cpi_sdmx,monthly
2026-05-31,"Prices, Consumer Prices, By Classification of Individual Consumption According to Purpose (COICOP), Expenditure of Households, Clothing and footwear, Weight [PCPI_CP_03_WT] (BASE_PER=_Z)",8.597495628631057,weight (%),pbs_cpi_sdmx,monthly
2026-06-30,"Prices, Consumer Prices, By Classification of Individual Consumption According to Purpose (COICOP), Expenditure of Households, Clothing and footwear, Weight [PCPI_CP_03_WT] (BASE_PER=_Z)",8.597495628631057,weight (%),pbs_cpi_sdmx,monthly
2026-07-31,"Prices, Consumer Prices, By Classification of Individual Consumption According to Purpose (COICOP), Expenditure of Households, Clothing and footwear, Weight [PCPI_CP_03_WT] (BASE_PER=_Z)",8.597495628631057,weight (%),pbs_cpi_sdmx,monthly
2022-07-31,"Prices, Consumer Prices, By Classification of Individual Consumption According to Purpose (COICOP), Expenditure of Households, Communication, Index [PCPI_CP_08_IX] (BASE_PER=2015/2016)",111.22479591836733,index,pbs_cpi_sdmx,monthly
2022-08-31,"Prices, Consumer Prices, By Classification of Individual Consumption According to Purpose (COICOP), Expenditure of Households, Communication, Index [PCPI_CP_08_IX] (BASE_PER=2015/2016)",111.31875,index,pbs_cpi_sdmx,monthly
2022-09-30,"Prices, Consumer Prices, By Classification of Individual Consumption According to Purpose (COICOP), Expenditure of Households, Communication, Index [PCPI_CP_08_IX] (BASE_PER=2015/2016)",111.39234693877552,index,pbs_cpi_sdmx,monthly
2022-10-31,"Prices, Consumer Prices, By Classification of Individual Consumption According to Purpose (COICOP), Expenditure of Households, Communication, Index [PCPI_CP_08_IX] (BASE_PER=2015/2016)",111.8377551020408,index,pbs_cpi_sdmx,monthly
2022-11-30,"Prices, Consumer Prices, By Classification of Individual Consumption According to Purpose (COICOP), Expenditure of Households, Communication, Index [PCPI_CP_08_IX] (BASE_PER=2015/2016)",111.8929336734694,index,pbs_cpi_sdmx,monthly
2022-12-31,"Prices, Consumer Prices, By Classification of Individual Consumption According to Purpose (COICOP), Expenditure of Households, Communication, Index [PCPI_CP_08_IX] (BASE_PER=2015/2016)",111.9577551020408,index,pbs_cpi_sdmx,monthly
2023-01-31,"Prices, Consumer Prices, By Classification of Individual Consumption According to Purpose (COICOP), Expenditure of Households, Communication, Index [PCPI_CP_08_IX] (BASE_PER=2015/2016)",112.00135204081633,index,pbs_cpi_sdmx,monthly
2023-02-28,"Prices, Consumer Prices, By Classification of Individual Consumption According to Purpose (COICOP), Expenditure of Households, Communication, Index [PCPI_CP_08_IX] (BASE_PER=2015/2016)",114.35729591836736,index,pbs_cpi_sdmx,monthly
2023-03-31,"Prices, Consumer Prices, By Classification of Individual Consumption According to Purpose (COICOP), Expenditure of Households, Communication, Index [PCPI_CP_08_IX] (BASE_PER=2015/2016)",117.63979591836734,index,pbs_cpi_sdmx,monthly
2023-04-30,"Prices, Consumer Prices, By Classification of Individual Consumption According to Purpose (COICOP), Expenditure of Households, Communication, Index [PCPI_CP_08_IX] (BASE_PER=2015/2016)",117.80461734693877,index,pbs_cpi_sdmx,monthly
2023-05-31,"Prices, Consumer Prices, By Classification of Individual Consumption According to Purpose (COICOP), Expenditure of Households, Communication, Index [PCPI_CP_08_IX] (BASE_PER=2015/2016)",118.27002551020408,index,pbs_cpi_sdmx,monthly
2023-06-30,"Prices, Consumer Prices, By Classification of Individual Consumption According to Purpose (COICOP), Expenditure of Households, Communication, Index [PCPI_CP_08_IX] (BASE_PER=2015/2016)",118.32563775510204,index,pbs_cpi_sdmx,monthly
2023-07-31,"Prices, Consumer Prices, By Classification of Individual Consumption According to Purpose (COICOP), Expenditure of Households, Communication, Index [PCPI_CP_08_IX] (BASE_PER=2015/2016)",118.82140306122449,index,pbs_cpi_sdmx,monthly
2023-08-31,"Prices, Consumer Prices, By Classification of Individual Consumption According to Purpose (COICOP), Expenditure of Households, Communication, Index [PCPI_CP_08_IX] (BASE_PER=2015/2016)",119.14073979591836,index,pbs_cpi_sdmx,monthly
2023-09-30,"Prices, Consumer Prices, By Classification of Individual Consumption According to Purpose (COICOP), Expenditure of Households, Communication, Index [PCPI_CP_08_IX] (BASE_PER=2015/2016)",119.66204081632652,index,pbs_cpi_sdmx,monthly
2023-10-31,"Prices, Consumer Prices, By Classification of Individual Consumption According to Purpose (COICOP), Expenditure of Households, Communication, Index [PCPI_CP_08_IX] (BASE_PER=2015/2016)",120.0748469387755,index,pbs_cpi_sdmx,monthly
2023-11-30,"Prices, Consumer Prices, By Classification of Individual Consumption According to Purpose (COICOP), Expenditure of Households, Communication, Index [PCPI_CP_08_IX] (BASE_PER=2015/2016)",120.18369897959182,index,pbs_cpi_sdmx,monthly
2023-12-31,"Prices, Consumer Prices, By Classification of Individual Consumption According to Purpose (COICOP), Expenditure of Households, Communication, Index [PCPI_CP_08_IX] (BASE_PER=2015/2016)",120.19729591836735,index,pbs_cpi_sdmx,monthly
2024-01-31,"Prices, Consumer Prices, By Classification of Individual Consumption According to Purpose (COICOP), Expenditure of Households, Communication, Index [PCPI_CP_08_IX] (BASE_PER=2015/2016)",134.72660714285712,index,pbs_cpi_sdmx,monthly
2024-02-29,"Prices, Consumer Prices, By Classification of Individual Consumption According to Purpose (COICOP), Expenditure of Households, Communication, Index [PCPI_CP_08_IX] (BASE_PER=2015/2016)",134.73739795918365,index,pbs_cpi_sdmx,monthly
2024-03-31,"Prices, Consumer Prices, By Classification of Individual Consumption According to Purpose (COICOP), Expenditure of Households, Communication, Index [PCPI_CP_08_IX] (BASE_PER=2015/2016)",134.83,index,pbs_cpi_sdmx,monthly
2024-04-30,"Prices, Consumer Prices, By Classification of Individual Consumption According to Purpose (COICOP), Expenditure of Households, Communication, Index [PCPI_CP_08_IX] (BASE_PER=2015/2016)",134.85293367346938,index,pbs_cpi_sdmx,monthly
2024-05-31,"Prices, Consumer Prices, By Classification of Individual Consumption According to Purpose (COICOP), Expenditure of Households, Communication, Index [PCPI_CP_08_IX] (BASE_PER=2015/2016)",134.27349489795918,index,pbs_cpi_sdmx,monthly
2024-06-30,"Prices, Consumer Prices, By Classification of Individual Consumption According to Purpose (COICOP), Expenditure of Households, Communication, Index [PCPI_CP_08_IX] (BASE_PER=2015/2016)",134.52479591836735,index,pbs_cpi_sdmx,monthly
2024-07-31,"Prices, Consumer Prices, By Classification of Individual Consumption According to Purpose (COICOP), Expenditure of Households, Communication, Index [PCPI_CP_08_IX] (BASE_PER=2015/2016)",134.6147193877551,index,pbs_cpi_sdmx,monthly
2024-08-31,"Prices, Consumer Prices, By Classification of Individual Consumption According to Purpose (COICOP), Expenditure of Households, Communication, Index [PCPI_CP_08_IX] (BASE_PER=2015/2016)",134.6706887755102,index,pbs_cpi_sdmx,monthly
2024-09-30,"Prices, Consumer Prices, By Classification of Individual Consumption According to Purpose (COICOP), Expenditure of Households, Communication, Index [PCPI_CP_08_IX] (BASE_PER=2015/2016)",134.82579081632653,index,pbs_cpi_sdmx,monthly
2024-10-31,"Prices, Consumer Prices, By Classification of Individual Consumption According to Purpose (COICOP), Expenditure of Households, Communication, Index [PCPI_CP_08_IX] (BASE_PER=2015/2016)",134.845,index,pbs_cpi_sdmx,monthly
2024-11-30,"Prices, Consumer Prices, By Classification of Individual Consumption According to Purpose (COICOP), Expenditure of Households, Communication, Index [PCPI_CP_08_IX] (BASE_PER=2015/2016)",134.88298469387752,index,pbs_cpi_sdmx,monthly
2024-12-31,"Prices, Consumer Prices, By Classification of Individual Consumption According to Purpose (COICOP), Expenditure of Households, Communication, Index [PCPI_CP_08_IX] (BASE_PER=2015/2016)",134.88938775510204,index,pbs_cpi_sdmx,monthly
2025-01-31,"Prices, Consumer Prices, By Classification of Individual Consumption According to Purpose (COICOP), Expenditure of Households, Communication, Index [PCPI_CP_08_IX] (BASE_PER=2015/2016)",134.8909693877551,index,pbs_cpi_sdmx,monthly
2025-02-28,"Prices, Consumer Prices, By Classification of Individual Consumption According to Purpose (COICOP), Expenditure of Households, Communication, Index [PCPI_CP_08_IX] (BASE_PER=2015/2016)",134.8909693877551,index,pbs_cpi_sdmx,monthly
2025-03-31,"Prices, Consumer Prices, By Classification of Individual Consumption According to Purpose (COICOP), Expenditure of Households, Communication, Index [PCPI_CP_08_IX] (BASE_PER=2015/2016)",134.8909693877551,index,pbs_cpi_sdmx,monthly
2025-04-30,"Prices, Consumer Prices, By Classification of Individual Consumption According to Purpose (COICOP), Expenditure of Households, Communication, Index [PCPI_CP_08_IX] (BASE_PER=2015/2016)",134.9801020408163,index,pbs_cpi_sdmx,monthly
2025-05-31,"Prices, Consumer Prices, By Classification of Individual Consumption According to Purpose (COICOP), Expenditure of Households, Communication, Index [PCPI_CP_08_IX] (BASE_PER=2015/2016)",135.0165051020408,index,pbs_cpi_sdmx,monthly
2025-06-30,"Prices, Consumer Prices, By Classification of Individual Consumption According to Purpose (COICOP), Expenditure of Households, Communication, Index [PCPI_CP_08_IX] (BASE_PER=2015/2016)",135.16852040816326,index,pbs_cpi_sdmx,monthly
2025-07-31,"Prices, Consumer Prices, By Classification of Individual Consumption According to Purpose (COICOP), Expenditure of Households, Communication, Index [PCPI_CP_08_IX] (BASE_PER=2015/2016)",135.26045918367345,index,pbs_cpi_sdmx,monthly
2025-08-31,"Prices, Consumer Prices, By Classification of Individual Consumption According to Purpose (COICOP), Expenditure of Households, Communication, Index [PCPI_CP_08_IX] (BASE_PER=2015/2016)",135.31,index,pbs_cpi_sdmx,monthly
2025-09-30,"Prices, Consumer Prices, By Classification of Individual Consumption According to Purpose (COICOP), Expenditure of Households, Communication, Index [PCPI_CP_08_IX] (BASE_PER=2015/2016)",135.38,index,pbs_cpi_sdmx,monthly
2025-10-31,"Prices, Consumer Prices, By Classification of Individual Consumption According to Purpose (COICOP), Expenditure of Households, Communication, Index [PCPI_CP_08_IX] (BASE_PER=2015/2016)",135.62,index,pbs_cpi_sdmx,monthly
2025-11-30,"Prices, Consumer Prices, By Classification of Individual Consumption According to Purpose (COICOP), Expenditure of Households, Communication, Index [PCPI_CP_08_IX] (BASE_PER=2015/2016)",135.68,index,pbs_cpi_sdmx,monthly
2025-12-31,"Prices, Consumer Prices, By Classification of Individual Consumption According to Purpose (COICOP), Expenditure of Households, Communication, Index [PCPI_CP_08_IX] (BASE_PER=2015/2016)",135.72,index,pbs_cpi_sdmx,monthly
2026-01-31,"Prices, Consumer Prices, By Classification of Individual Consumption According to Purpose (COICOP), Expenditure of Households, Communication, Index [PCPI_CP_08_IX] (BASE_PER=2015/2016)",135.74045918367347,index,pbs_cpi_sdmx,monthly
2026-02-28,"Prices, Consumer Prices, By Classification of Individual Consumption According to Purpose (COICOP), Expenditure of Households, Communication, Index [PCPI_CP_08_IX] (BASE_PER=2015/2016)",135.74686224489795,index,pbs_cpi_sdmx,monthly
2026-03-31,"Prices, Consumer Prices, By Classification of Individual Consumption According to Purpose (COICOP), Expenditure of Households, Communication, Index [PCPI_CP_08_IX] (BASE_PER=2015/2016)",135.96959183673468,index,pbs_cpi_sdmx,monthly
2026-04-30,"Prices, Consumer Prices, By Classification of Individual Consumption According to Purpose (COICOP), Expenditure of Households, Communication, Index [PCPI_CP_08_IX] (BASE_PER=2015/2016)",136.11045918367347,index,pbs_cpi_sdmx,monthly
2026-05-31,"Prices, Consumer Prices, By Classification of Individual Consumption According to Purpose (COICOP), Expenditure of Households, Communication, Index [PCPI_CP_08_IX] (BASE_PER=2015/2016)",136.29614795918366,index,pbs_cpi_sdmx,monthly
2026-06-30,"Prices, Consumer Prices, By Classification of Individual Consumption According to Purpose (COICOP), Expenditure of Households, Communication, Index [PCPI_CP_08_IX] (BASE_PER=2015/2016)",136.3317602040816,index,pbs_cpi_sdmx,monthly
2026-07-31,"Prices, Consumer Prices, By Classification of Individual Consumption According to Purpose (COICOP), Expenditure of Households, Communication, Index [PCPI_CP_08_IX] (BASE_PER=2015/2016)",153.69125,index,pbs_cpi_sdmx,monthly
2022-07-31,"Prices, Consumer Prices, By Classification of Individual Consumption According to Purpose (COICOP), Expenditure of Households, Communication, Weight [PCPI_CP_08_WT] (BASE_PER=_Z)",2.2110666140222235,weight (%),pbs_cpi_sdmx,monthly
2022-08-31,"Prices, Consumer Prices, By Classification of Individual Consumption According to Purpose (COICOP), Expenditure of Households, Communication, Weight [PCPI_CP_08_WT] (BASE_PER=_Z)",2.2110666140222235,weight (%),pbs_cpi_sdmx,monthly
2022-09-30,"Prices, Consumer Prices, By Classification of Individual Consumption According to Purpose (COICOP), Expenditure of Households, Communication, Weight [PCPI_CP_08_WT] (BASE_PER=_Z)",2.2110666140222235,weight (%),pbs_cpi_sdmx,monthly
2022-10-31,"Prices, Consumer Prices, By Classification of Individual Consumption According to Purpose (COICOP), Expenditure of Households, Communication, Weight [PCPI_CP_08_WT] (BASE_PER=_Z)",2.2110666140222235,weight (%),pbs_cpi_sdmx,monthly
2022-11-30,"Prices, Consumer Prices, By Classification of Individual Consumption According to Purpose (COICOP), Expenditure of Households, Communication, Weight [PCPI_CP_08_WT] (BASE_PER=_Z)",2.2110666140222235,weight (%),pbs_cpi_sdmx,monthly
2022-12-31,"Prices, Consumer Prices, By Classification of Individual Consumption According to Purpose (COICOP), Expenditure of Households, Communication, Weight [PCPI_CP_08_WT] (BASE_PER=_Z)",2.2110666140222235,weight (%),pbs_cpi_sdmx,monthly
2023-01-31,"Prices, Consumer Prices, By Classification of Individual Consumption According to Purpose (COICOP), Expenditure of Households, Communication, Weight [PCPI_CP_08_WT] (BASE_PER=_Z)",2.2110666140222235,weight (%),pbs_cpi_sdmx,monthly
2023-02-28,"Prices, Consumer Prices, By Classification of Individual Consumption According to Purpose (COICOP), Expenditure of Households, Communication, Weight [PCPI_CP_08_WT] (BASE_PER=_Z)",2.2110666140222235,weight (%),pbs_cpi_sdmx,monthly
2023-03-31,"Prices, Consumer Prices, By Classification of Individual Consumption According to Purpose (COICOP), Expenditure of Households, Communication, Weight [PCPI_CP_08_WT] (BASE_PER=_Z)",2.2110666140222235,weight (%),pbs_cpi_sdmx,monthly
2023-04-30,"Prices, Consumer Prices, By Classification of Individual Consumption According to Purpose (COICOP), Expenditure of Households, Communication, Weight [PCPI_CP_08_WT] (BASE_PER=_Z)",2.2110666140222235,weight (%),pbs_cpi_sdmx,monthly
2023-05-31,"Prices, Consumer Prices, By Classification of Individual Consumption According to Purpose (COICOP), Expenditure of Households, Communication, Weight [PCPI_CP_08_WT] (BASE_PER=_Z)",2.2110666140222235,weight (%),pbs_cpi_sdmx,monthly
2023-06-30,"Prices, Consumer Prices, By Classification of Individual Consumption According to Purpose (COICOP), Expenditure of Households, Communication, Weight [PCPI_CP_08_WT] (BASE_PER=_Z)",2.2110666140222235,weight (%),pbs_cpi_sdmx,monthly
2023-07-31,"Prices, Consumer Prices, By Classification of Individual Consumption According to Purpose (COICOP), Expenditure of Households, Communication, Weight [PCPI_CP_08_WT] (BASE_PER=_Z)",2.2110666140222235,weight (%),pbs_cpi_sdmx,monthly
2023-08-31,"Prices, Consumer Prices, By Classification of Individual Consumption According to Purpose (COICOP), Expenditure of Households, Communication, Weight [PCPI_CP_08_WT] (BASE_PER=_Z)",2.2110666140222235,weight (%),pbs_cpi_sdmx,monthly
2023-09-30,"Prices, Consumer Prices, By Classification of Individual Consumption According to Purpose (COICOP), Expenditure of Households, Communication, Weight [PCPI_CP_08_WT] (BASE_PER=_Z)",2.2110666140222235,weight (%),pbs_cpi_sdmx,monthly
2023-10-31,"Prices, Consumer Prices, By Classification of Individual Consumption According to Purpose (COICOP), Expenditure of Households, Communication, Weight [PCPI_CP_08_WT] (BASE_PER=_Z)",2.2110666140222235,weight (%),pbs_cpi_sdmx,monthly
2023-11-30,"Prices, Consumer Prices, By Classification of Individual Consumption According to Purpose (COICOP), Expenditure of Households, Communication, Weight [PCPI_CP_08_WT] (BASE_PER=_Z)",2.2110666140222235,weight (%),pbs_cpi_sdmx,monthly
2023-12-31,"Prices, Consumer Prices, By Classification of Individual Consumption According to Purpose (COICOP), Expenditure of Households, Communication, Weight [PCPI_CP_08_WT] (BASE_PER=_Z)",2.2110666140222235,weight (%),pbs_cpi_sdmx,monthly
2024-01-31,"Prices, Consumer Prices, By Classification of Individual Consumption According to Purpose (COICOP), Expenditure of Households, Communication, Weight [PCPI_CP_08_WT] (BASE_PER=_Z)",2.2110666140222235,weight (%),pbs_cpi_sdmx,monthly
2024-02-29,"Prices, Consumer Prices, By Classification of Individual Consumption According to Purpose (COICOP), Expenditure of Households, Communication, Weight [PCPI_CP_08_WT] (BASE_PER=_Z)",2.2110666140222235,weight (%),pbs_cpi_sdmx,monthly
2024-03-31,"Prices, Consumer Prices, By Classification of Individual Consumption According to Purpose (COICOP), Expenditure of Households, Communication, Weight [PCPI_CP_08_WT] (BASE_PER=_Z)",2.2110666140222235,weight (%),pbs_cpi_sdmx,monthly
2024-04-30,"Prices, Consumer Prices, By Classification of Individual Consumption According to Purpose (COICOP), Expenditure of Households, Communication, Weight [PCPI_CP_08_WT] (BASE_PER=_Z)",2.2110666140222235,weight (%),pbs_cpi_sdmx,monthly
2024-05-31,"Prices, Consumer Prices, By Classification of Individual Consumption According to Purpose (COICOP), Expenditure of Households, Communication, Weight [PCPI_CP_08_WT] (BASE_PER=_Z)",2.2110666140222235,weight (%),pbs_cpi_sdmx,monthly
2024-06-30,"Prices, Consumer Prices, By Classification of Individual Consumption According to Purpose (COICOP), Expenditure of Households, Communication, Weight [PCPI_CP_08_WT] (BASE_PER=_Z)",2.2110666140222235,weight (%),pbs_cpi_sdmx,monthly
2024-07-31,"Prices, Consumer Prices, By Classification of Individual Consumption According to Purpose (COICOP), Expenditure of Households, Communication, Weight [PCPI_CP_08_WT] (BASE_PER=_Z)",2.2110666140222235,weight (%),pbs_cpi_sdmx,monthly
2024-08-31,"Prices, Consumer Prices, By Classification of Individual Consumption According to Purpose (COICOP), Expenditure of Households, Communication, Weight [PCPI_CP_08_WT] (BASE_PER=_Z)",2.2110666140222235,weight (%),pbs_cpi_sdmx,monthly
2024-09-30,"Prices, Consumer Prices, By Classification of Individual Consumption According to Purpose (COICOP), Expenditure of Households, Communication, Weight [PCPI_CP_08_WT] (BASE_PER=_Z)",2.2110666140222235,weight (%),pbs_cpi_sdmx,monthly
2024-10-31,"Prices, Consumer Prices, By Classification of Individual Consumption According to Purpose (COICOP), Expenditure of Households, Communication, Weight [PCPI_CP_08_WT] (BASE_PER=_Z)",2.2110666140222235,weight (%),pbs_cpi_sdmx,monthly
2024-11-30,"Prices, Consumer Prices, By Classification of Individual Consumption According to Purpose (COICOP), Expenditure of Households, Communication, Weight [PCPI_CP_08_WT] (BASE_PER=_Z)",2.2110666140222235,weight (%),pbs_cpi_sdmx,monthly
2024-12-31,"Prices, Consumer Prices, By Classification of Individual Consumption According to Purpose (COICOP), Expenditure of Households, Communication, Weight [PCPI_CP_08_WT] (BASE_PER=_Z)",2.2110666140222235,weight (%),pbs_cpi_sdmx,monthly
2025-01-31,"Prices, Consumer Prices, By Classification of Individual Consumption According to Purpose (COICOP), Expenditure of Households, Communication, Weight [PCPI_CP_08_WT] (BASE_PER=_Z)",2.2110666140222235,weight (%),pbs_cpi_sdmx,monthly
2025-02-28,"Prices, Consumer Prices, By Classification of Individual Consumption According to Purpose (COICOP), Expenditure of Households, Communication, Weight [PCPI_CP_08_WT] (BASE_PER=_Z)",2.2110666140222235,weight (%),pbs_cpi_sdmx,monthly
2025-03-31,"Prices, Consumer Prices, By Classification of Individual Consumption According to Purpose (COICOP), Expenditure of Households, Communication, Weight [PCPI_CP_08_WT] (BASE_PER=_Z)",2.2110666140222235,weight (%),pbs_cpi_sdmx,monthly
2025-04-30,"Prices, Consumer Prices, By Classification of Individual Consumption According to Purpose (COICOP), Expenditure of Households, Communication, Weight [PCPI_CP_08_WT] (BASE_PER=_Z)",2.2110666140222235,weight (%),pbs_cpi_sdmx,monthly
2025-05-31,"Prices, Consumer Prices, By Classification of Individual Consumption According to Purpose (COICOP), Expenditure of Households, Communication, Weight [PCPI_CP_08_WT] (BASE_PER=_Z)",2.2110666140222235,weight (%),pbs_cpi_sdmx,monthly
2025-06-30,"Prices, Consumer Prices, By Classification of Individual Consumption According to Purpose (COICOP), Expenditure of Households, Communication, Weight [PCPI_CP_08_WT] (BASE_PER=_Z)",2.2110666140222235,weight (%),pbs_cpi_sdmx,monthly
2025-07-31,"Prices, Consumer Prices, By Classification of Individual Consumption According to Purpose (COICOP), Expenditure of Households, Communication, Weight [PCPI_CP_08_WT] (BASE_PER=_Z)",2.2110666140222235,weight (%),pbs_cpi_sdmx,monthly
2025-08-31,"Prices, Consumer Prices, By Classification of Individual Consumption According to Purpose (COICOP), Expenditure of Households, Communication, Weight [PCPI_CP_08_WT] (BASE_PER=_Z)",2.2110666140222235,weight (%),pbs_cpi_sdmx,monthly
2025-09-30,"Prices, Consumer Prices, By Classification of Individual Consumption According to Purpose (COICOP), Expenditure of Households, Communication, Weight [PCPI_CP_08_WT] (BASE_PER=_Z)",2.2110666140222235,weight (%),pbs_cpi_sdmx,monthly
2025-10-31,"Prices, Consumer Prices, By Classification of Individual Consumption According to Purpose (COICOP), Expenditure of Households, Communication, Weight [PCPI_CP_08_WT] (BASE_PER=_Z)",2.2110666140222235,weight (%),pbs_cpi_sdmx,monthly
2025-11-30,"Prices, Consumer Prices, By Classification of Individual Consumption According to Purpose (COICOP), Expenditure of Households, Communication, Weight [PCPI_CP_08_WT] (BASE_PER=_Z)",2.2110666140222235,weight (%),pbs_cpi_sdmx,monthly
2025-12-31,"Prices, Consumer Prices, By Classification of Individual Consumption According to Purpose (COICOP), Expenditure of Households, Communication, Weight [PCPI_CP_08_WT] (BASE_PER=_Z)",2.2110666140222235,weight (%),pbs_cpi_sdmx,monthly
2026-01-31,"Prices, Consumer Prices, By Classification of Individual Consumption According to Purpose (COICOP), Expenditure of Households, Communication, Weight [PCPI_CP_08_WT] (BASE_PER=_Z)",2.2110666140222235,weight (%),pbs_cpi_sdmx,monthly
2026-02-28,"Prices, Consumer Prices, By Classification of Individual Consumption According to Purpose (COICOP), Expenditure of Households, Communication, Weight [PCPI_CP_08_WT] (BASE_PER=_Z)",2.2110666140222235,weight (%),pbs_cpi_sdmx,monthly
2026-03-31,"Prices, Consumer Prices, By Classification of Individual Consumption According to Purpose (COICOP), Expenditure of Households, Communication, Weight [PCPI_CP_08_WT] (BASE_PER=_Z)",2.2110666140222235,weight (%),pbs_cpi_sdmx,monthly
2026-04-30,"Prices, Consumer Prices, By Classification of Individual Consumption According to Purpose (COICOP), Expenditure of Households, Communication, Weight [PCPI_CP_08_WT] (BASE_PER=_Z)",2.2110666140222235,weight (%),pbs_cpi_sdmx,monthly
2026-05-31,"Prices, Consumer Prices, By Classification of Individual Consumption According to Purpose (COICOP), Expenditure of Households, Communication, Weight [PCPI_CP_08_WT] (BASE_PER=_Z)",2.2110666140222235,weight (%),pbs_cpi_sdmx,monthly
2026-06-30,"Prices, Consumer Prices, By Classification of Individual Consumption According to Purpose (COICOP), Expenditure of Households, Communication, Weight [PCPI_CP_08_WT] (BASE_PER=_Z)",2.2110666140222235,weight (%),pbs_cpi_sdmx,monthly
2026-07-31,"Prices, Consumer Prices, By Classification of Individual Consumption According to Purpose (COICOP), Expenditure of Households, Communication, Weight [PCPI_CP_08_WT] (BASE_PER=_Z)",2.2110666140222235,weight (%),pbs_cpi_sdmx,monthly
2022-07-31,"Prices, Consumer Prices, By Classification of Individual Consumption According to Purpose (COICOP), Expenditure of Households, Education, Index [PCPI_CP_10_IX] (BASE_PER=2015/2016)",159.53222346368713,index,pbs_cpi_sdmx,monthly
2022-08-31,"Prices, Consumer Prices, By Classification of Individual Consumption According to Purpose (COICOP), Expenditure of Households, Education, Index [PCPI_CP_10_IX] (BASE_PER=2015/2016)",161.30842458100557,index,pbs_cpi_sdmx,monthly
2022-09-30,"Prices, Consumer Prices, By Classification of Individual Consumption According to Purpose (COICOP), Expenditure of Households, Education, Index [PCPI_CP_10_IX] (BASE_PER=2015/2016)",161.3161787709497,index,pbs_cpi_sdmx,monthly
2022-10-31,"Prices, Consumer Prices, By Classification of Individual Consumption According to Purpose (COICOP), Expenditure of Households, Education, Index [PCPI_CP_10_IX] (BASE_PER=2015/2016)",162.86689385474858,index,pbs_cpi_sdmx,monthly
2022-11-30,"Prices, Consumer Prices, By Classification of Individual Consumption According to Purpose (COICOP), Expenditure of Households, Education, Index [PCPI_CP_10_IX] (BASE_PER=2015/2016)",163.4512625698324,index,pbs_cpi_sdmx,monthly
2022-12-31,"Prices, Consumer Prices, By Classification of Individual Consumption According to Purpose (COICOP), Expenditure of Households, Education, Index [PCPI_CP_10_IX] (BASE_PER=2015/2016)",163.8863910614525,index,pbs_cpi_sdmx,monthly
2023-01-31,"Prices, Consumer Prices, By Classification of Individual Consumption According to Purpose (COICOP), Expenditure of Households, Education, Index [PCPI_CP_10_IX] (BASE_PER=2015/2016)",164.0535530726257,index,pbs_cpi_sdmx,monthly
2023-02-28,"Prices, Consumer Prices, By Classification of Individual Consumption According to Purpose (COICOP), Expenditure of Households, Education, Index [PCPI_CP_10_IX] (BASE_PER=2015/2016)",164.80377653631285,index,pbs_cpi_sdmx,monthly
2023-03-31,"Prices, Consumer Prices, By Classification of Individual Consumption According to Purpose (COICOP), Expenditure of Households, Education, Index [PCPI_CP_10_IX] (BASE_PER=2015/2016)",166.90174301675975,index,pbs_cpi_sdmx,monthly
2023-04-30,"Prices, Consumer Prices, By Classification of Individual Consumption According to Purpose (COICOP), Expenditure of Households, Education, Index [PCPI_CP_10_IX] (BASE_PER=2015/2016)",170.0233072625698,index,pbs_cpi_sdmx,monthly
2023-05-31,"Prices, Consumer Prices, By Classification of Individual Consumption According to Purpose (COICOP), Expenditure of Households, Education, Index [PCPI_CP_10_IX] (BASE_PER=2015/2016)",171.62954189944134,index,pbs_cpi_sdmx,monthly
2023-06-30,"Prices, Consumer Prices, By Classification of Individual Consumption According to Purpose (COICOP), Expenditure of Households, Education, Index [PCPI_CP_10_IX] (BASE_PER=2015/2016)",172.26086033519553,index,pbs_cpi_sdmx,monthly
2023-07-31,"Prices, Consumer Prices, By Classification of Individual Consumption According to Purpose (COICOP), Expenditure of Households, Education, Index [PCPI_CP_10_IX] (BASE_PER=2015/2016)",172.26861452513967,index,pbs_cpi_sdmx,monthly
2023-08-31,"Prices, Consumer Prices, By Classification of Individual Consumption According to Purpose (COICOP), Expenditure of Households, Education, Index [PCPI_CP_10_IX] (BASE_PER=2015/2016)",178.190938547486,index,pbs_cpi_sdmx,monthly
2023-09-30,"Prices, Consumer Prices, By Classification of Individual Consumption According to Purpose (COICOP), Expenditure of Households, Education, Index [PCPI_CP_10_IX] (BASE_PER=2015/2016)",179.25069273743014,index,pbs_cpi_sdmx,monthly
2023-10-31,"Prices, Consumer Prices, By Classification of Individual Consumption According to Purpose (COICOP), Expenditure of Households, Education, Index [PCPI_CP_10_IX] (BASE_PER=2015/2016)",183.7418100558659,index,pbs_cpi_sdmx,monthly
2023-11-30,"Prices, Consumer Prices, By Classification of Individual Consumption According to Purpose (COICOP), Expenditure of Households, Education, Index [PCPI_CP_10_IX] (BASE_PER=2015/2016)",185.61832402234634,index,pbs_cpi_sdmx,monthly
2023-12-31,"Prices, Consumer Prices, By Classification of Individual Consumption According to Purpose (COICOP), Expenditure of Households, Education, Index [PCPI_CP_10_IX] (BASE_PER=2015/2016)",186.04480446927374,index,pbs_cpi_sdmx,monthly
2024-01-31,"Prices, Consumer Prices, By Classification of Individual Consumption According to Purpose (COICOP), Expenditure of Households, Education, Index [PCPI_CP_10_IX] (BASE_PER=2015/2016)",186.1533631284916,index,pbs_cpi_sdmx,monthly
2024-02-29,"Prices, Consumer Prices, By Classification of Individual Consumption According to Purpose (COICOP), Expenditure of Households, Education, Index [PCPI_CP_10_IX] (BASE_PER=2015/2016)",186.1533631284916,index,pbs_cpi_sdmx,monthly
2024-03-31,"Prices, Consumer Prices, By Classification of Individual Consumption According to Purpose (COICOP), Expenditure of Households, Education, Index [PCPI_CP_10_IX] (BASE_PER=2015/2016)",187.5,index,pbs_cpi_sdmx,monthly
2024-04-30,"Prices, Consumer Prices, By Classification of Individual Consumption According to Purpose (COICOP), Expenditure of Households, Education, Index [PCPI_CP_10_IX] (BASE_PER=2015/2016)",196.2000782122905,index,pbs_cpi_sdmx,monthly
2024-05-31,"Prices, Consumer Prices, By Classification of Individual Consumption According to Purpose (COICOP), Expenditure of Households, Education, Index [PCPI_CP_10_IX] (BASE_PER=2015/2016)",199.00022346368715,index,pbs_cpi_sdmx,monthly
2024-06-30,"Prices, Consumer Prices, By Classification of Individual Consumption According to Purpose (COICOP), Expenditure of Households, Education, Index [PCPI_CP_10_IX] (BASE_PER=2015/2016)",199.58061452513965,index,pbs_cpi_sdmx,monthly
2024-07-31,"Prices, Consumer Prices, By Classification of Individual Consumption According to Purpose (COICOP), Expenditure of Households, Education, Index [PCPI_CP_10_IX] (BASE_PER=2015/2016)",199.73332960893856,index,pbs_cpi_sdmx,monthly
2024-08-31,"Prices, Consumer Prices, By Classification of Individual Consumption According to Purpose (COICOP), Expenditure of Households, Education, Index [PCPI_CP_10_IX] (BASE_PER=2015/2016)",200.98227932960896,index,pbs_cpi_sdmx,monthly
2024-09-30,"Prices, Consumer Prices, By Classification of Individual Consumption According to Purpose (COICOP), Expenditure of Households, Education, Index [PCPI_CP_10_IX] (BASE_PER=2015/2016)",201.791061452514,index,pbs_cpi_sdmx,monthly
2024-10-31,"Prices, Consumer Prices, By Classification of Individual Consumption According to Purpose (COICOP), Expenditure of Households, Education, Index [PCPI_CP_10_IX] (BASE_PER=2015/2016)",202.16271508379887,index,pbs_cpi_sdmx,monthly
2024-11-30,"Prices, Consumer Prices, By Classification of Individual Consumption According to Purpose (COICOP), Expenditure of Households, Education, Index [PCPI_CP_10_IX] (BASE_PER=2015/2016)",205.21011173184357,index,pbs_cpi_sdmx,monthly
2024-12-31,"Prices, Consumer Prices, By Classification of Individual Consumption According to Purpose (COICOP), Expenditure of Households, Education, Index [PCPI_CP_10_IX] (BASE_PER=2015/2016)",205.24888268156425,index,pbs_cpi_sdmx,monthly
2025-01-31,"Prices, Consumer Prices, By Classification of Individual Consumption According to Purpose (COICOP), Expenditure of Households, Education, Index [PCPI_CP_10_IX] (BASE_PER=2015/2016)",205.4818100558659,index,pbs_cpi_sdmx,monthly
2025-02-28,"Prices, Consumer Prices, By Classification of Individual Consumption According to Purpose (COICOP), Expenditure of Households, Education, Index [PCPI_CP_10_IX] (BASE_PER=2015/2016)",206.37948603351956,index,pbs_cpi_sdmx,monthly
2025-03-31,"Prices, Consumer Prices, By Classification of Individual Consumption According to Purpose (COICOP), Expenditure of Households, Education, Index [PCPI_CP_10_IX] (BASE_PER=2015/2016)",209.89277094972064,index,pbs_cpi_sdmx,monthly
2025-04-30,"Prices, Consumer Prices, By Classification of Individual Consumption According to Purpose (COICOP), Expenditure of Households, Education, Index [PCPI_CP_10_IX] (BASE_PER=2015/2016)",217.61618994413408,index,pbs_cpi_sdmx,monthly
2025-05-31,"Prices, Consumer Prices, By Classification of Individual Consumption According to Purpose (COICOP), Expenditure of Households, Education, Index [PCPI_CP_10_IX] (BASE_PER=2015/2016)",219.09544134078212,index,pbs_cpi_sdmx,monthly
2025-06-30,"Prices, Consumer Prices, By Classification of Individual Consumption According to Purpose (COICOP), Expenditure of Households, Education, Index [PCPI_CP_10_IX] (BASE_PER=2015/2016)",219.676,index,pbs_cpi_sdmx,monthly
2025-07-31,"Prices, Consumer Prices, By Classification of Individual Consumption According to Purpose (COICOP), Expenditure of Households, Education, Index [PCPI_CP_10_IX] (BASE_PER=2015/2016)",220.14935195530725,index,pbs_cpi_sdmx,monthly
2025-08-31,"Prices, Consumer Prices, By Classification of Individual Consumption According to Purpose (COICOP), Expenditure of Households, Education, Index [PCPI_CP_10_IX] (BASE_PER=2015/2016)",222.97,index,pbs_cpi_sdmx,monthly
2025-09-30,"Prices, Consumer Prices, By Classification of Individual Consumption According to Purpose (COICOP), Expenditure of Households, Education, Index [PCPI_CP_10_IX] (BASE_PER=2015/2016)",223.43,index,pbs_cpi_sdmx,monthly
2025-10-31,"Prices, Consumer Prices, By Classification of Individual Consumption According to Purpose (COICOP), Expenditure of Households, Education, Index [PCPI_CP_10_IX] (BASE_PER=2015/2016)",223.61,index,pbs_cpi_sdmx,monthly
2025-11-30,"Prices, Consumer Prices, By Classification of Individual Consumption According to Purpose (COICOP), Expenditure of Households, Education, Index [PCPI_CP_10_IX] (BASE_PER=2015/2016)",223.61,index,pbs_cpi_sdmx,monthly
2025-12-31,"Prices, Consumer Prices, By Classification of Individual Consumption According to Purpose (COICOP), Expenditure of Households, Education, Index [PCPI_CP_10_IX] (BASE_PER=2015/2016)",225.58,index,pbs_cpi_sdmx,monthly
2026-01-31,"Prices, Consumer Prices, By Classification of Individual Consumption According to Purpose (COICOP), Expenditure of Households, Education, Index [PCPI_CP_10_IX] (BASE_PER=2015/2016)",226.13444692737428,index,pbs_cpi_sdmx,monthly
2026-02-28,"Prices, Consumer Prices, By Classification of Individual Consumption According to Purpose (COICOP), Expenditure of Households, Education, Index [PCPI_CP_10_IX] (BASE_PER=2015/2016)",226.2767374301676,index,pbs_cpi_sdmx,monthly
2026-03-31,"Prices, Consumer Prices, By Classification of Individual Consumption According to Purpose (COICOP), Expenditure of Households, Education, Index [PCPI_CP_10_IX] (BASE_PER=2015/2016)",228.85418994413408,index,pbs_cpi_sdmx,monthly
2026-04-30,"Prices, Consumer Prices, By Classification of Individual Consumption According to Purpose (COICOP), Expenditure of Households, Education, Index [PCPI_CP_10_IX] (BASE_PER=2015/2016)",235.6205474860335,index,pbs_cpi_sdmx,monthly
2026-05-31,"Prices, Consumer Prices, By Classification of Individual Consumption According to Purpose (COICOP), Expenditure of Households, Education, Index [PCPI_CP_10_IX] (BASE_PER=2015/2016)",237.42622346368714,index,pbs_cpi_sdmx,monthly
2026-06-30,"Prices, Consumer Prices, By Classification of Individual Consumption According to Purpose (COICOP), Expenditure of Households, Education, Index [PCPI_CP_10_IX] (BASE_PER=2015/2016)",237.90690502793296,index,pbs_cpi_sdmx,monthly
2026-07-31,"Prices, Consumer Prices, By Classification of Individual Consumption According to Purpose (COICOP), Expenditure of Households, Education, Index [PCPI_CP_10_IX] (BASE_PER=2015/2016)",239.9708603351955,index,pbs_cpi_sdmx,monthly
2022-07-31,"Prices, Consumer Prices, By Classification of Individual Consumption According to Purpose (COICOP), Expenditure of Households, Education, Weight [PCPI_CP_10_WT] (BASE_PER=_Z)",3.786169552710249,weight (%),pbs_cpi_sdmx,monthly
2022-08-31,"Prices, Consumer Prices, By Classification of Individual Consumption According to Purpose (COICOP), Expenditure of Households, Education, Weight [PCPI_CP_10_WT] (BASE_PER=_Z)",3.786169552710249,weight (%),pbs_cpi_sdmx,monthly
2022-09-30,"Prices, Consumer Prices, By Classification of Individual Consumption According to Purpose (COICOP), Expenditure of Households, Education, Weight [PCPI_CP_10_WT] (BASE_PER=_Z)",3.786169552710249,weight (%),pbs_cpi_sdmx,monthly
2022-10-31,"Prices, Consumer Prices, By Classification of Individual Consumption According to Purpose (COICOP), Expenditure of Households, Education, Weight [PCPI_CP_10_WT] (BASE_PER=_Z)",3.786169552710249,weight (%),pbs_cpi_sdmx,monthly
2022-11-30,"Prices, Consumer Prices, By Classification of Individual Consumption According to Purpose (COICOP), Expenditure of Households, Education, Weight [PCPI_CP_10_WT] (BASE_PER=_Z)",3.786169552710249,weight (%),pbs_cpi_sdmx,monthly
2022-12-31,"Prices, Consumer Prices, By Classification of Individual Consumption According to Purpose (COICOP), Expenditure of Households, Education, Weight [PCPI_CP_10_WT] (BASE_PER=_Z)",3.786169552710249,weight (%),pbs_cpi_sdmx,monthly
2023-01-31,"Prices, Consumer Prices, By Classification of Individual Consumption According to Purpose (COICOP), Expenditure of Households, Education, Weight [PCPI_CP_10_WT] (BASE_PER=_Z)",3.786169552710249,weight (%),pbs_cpi_sdmx,monthly
2023-02-28,"Prices, Consumer Prices, By Classification of Individual Consumption According to Purpose (COICOP), Expenditure of Households, Education, Weight [PCPI_CP_10_WT] (BASE_PER=_Z)",3.786169552710249,weight (%),pbs_cpi_sdmx,monthly
2023-03-31,"Prices, Consumer Prices, By Classification of Individual Consumption According to Purpose (COICOP), Expenditure of Households, Education, Weight [PCPI_CP_10_WT] (BASE_PER=_Z)",3.786169552710249,weight (%),pbs_cpi_sdmx,monthly
2023-04-30,"Prices, Consumer Prices, By Classification of Individual Consumption According to Purpose (COICOP), Expenditure of Households, Education, Weight [PCPI_CP_10_WT] (BASE_PER=_Z)",3.786169552710249,weight (%),pbs_cpi_sdmx,monthly
2023-05-31,"Prices, Consumer Prices, By Classification of Individual Consumption According to Purpose (COICOP), Expenditure of Households, Education, Weight [PCPI_CP_10_WT] (BASE_PER=_Z)",3.786169552710249,weight (%),pbs_cpi_sdmx,monthly
2023-06-30,"Prices, Consumer Prices, By Classification of Individual Consumption According to Purpose (COICOP), Expenditure of Households, Education, Weight [PCPI_CP_10_WT] (BASE_PER=_Z)",3.786169552710249,weight (%),pbs_cpi_sdmx,monthly
2023-07-31,"Prices, Consumer Prices, By Classification of Individual Consumption According to Purpose (COICOP), Expenditure of Households, Education, Weight [PCPI_CP_10_WT] (BASE_PER=_Z)",3.786169552710249,weight (%),pbs_cpi_sdmx,monthly
2023-08-31,"Prices, Consumer Prices, By Classification of Individual Consumption According to Purpose (COICOP), Expenditure of Households, Education, Weight [PCPI_CP_10_WT] (BASE_PER=_Z)",3.786169552710249,weight (%),pbs_cpi_sdmx,monthly
2023-09-30,"Prices, Consumer Prices, By Classification of Individual Consumption According to Purpose (COICOP), Expenditure of Households, Education, Weight [PCPI_CP_10_WT] (BASE_PER=_Z)",3.786169552710249,weight (%),pbs_cpi_sdmx,monthly
2023-10-31,"Prices, Consumer Prices, By Classification of Individual Consumption According to Purpose (COICOP), Expenditure of Households, Education, Weight [PCPI_CP_10_WT] (BASE_PER=_Z)",3.786169552710249,weight (%),pbs_cpi_sdmx,monthly
2023-11-30,"Prices, Consumer Prices, By Classification of Individual Consumption According to Purpose (COICOP), Expenditure of Households, Education, Weight [PCPI_CP_10_WT] (BASE_PER=_Z)",3.786169552710249,weight (%),pbs_cpi_sdmx,monthly
2023-12-31,"Prices, Consumer Prices, By Classification of Individual Consumption According to Purpose (COICOP), Expenditure of Households, Education, Weight [PCPI_CP_10_WT] (BASE_PER=_Z)",3.786169552710249,weight (%),pbs_cpi_sdmx,monthly
2024-01-31,"Prices, Consumer Prices, By Classification of Individual Consumption According to Purpose (COICOP), Expenditure of Households, Education, Weight [PCPI_CP_10_WT] (BASE_PER=_Z)",3.786169552710249,weight (%),pbs_cpi_sdmx,monthly
2024-02-29,"Prices, Consumer Prices, By Classification of Individual Consumption According to Purpose (COICOP), Expenditure of Households, Education, Weight [PCPI_CP_10_WT] (BASE_PER=_Z)",3.786169552710249,weight (%),pbs_cpi_sdmx,monthly
2024-03-31,"Prices, Consumer Prices, By Classification of Individual Consumption According to Purpose (COICOP), Expenditure of Households, Education, Weight [PCPI_CP_10_WT] (BASE_PER=_Z)",3.786169552710249,weight (%),pbs_cpi_sdmx,monthly
2024-04-30,"Prices, Consumer Prices, By Classification of Individual Consumption According to Purpose (COICOP), Expenditure of Households, Education, Weight [PCPI_CP_10_WT] (BASE_PER=_Z)",3.786169552710249,weight (%),pbs_cpi_sdmx,monthly
2024-05-31,"Prices, Consumer Prices, By Classification of Individual Consumption According to Purpose (COICOP), Expenditure of Households, Education, Weight [PCPI_CP_10_WT] (BASE_PER=_Z)",3.786169552710249,weight (%),pbs_cpi_sdmx,monthly
2024-06-30,"Prices, Consumer Prices, By Classification of Individual Consumption According to Purpose (COICOP), Expenditure of Households, Education, Weight [PCPI_CP_10_WT] (BASE_PER=_Z)",3.786169552710249,weight (%),pbs_cpi_sdmx,monthly
2024-07-31,"Prices, Consumer Prices, By Classification of Individual Consumption According to Purpose (COICOP), Expenditure of Households, Education, Weight [PCPI_CP_10_WT] (BASE_PER=_Z)",3.786169552710249,weight (%),pbs_cpi_sdmx,monthly
2024-08-31,"Prices, Consumer Prices, By Classification of Individual Consumption According to Purpose (COICOP), Expenditure of Households, Education, Weight [PCPI_CP_10_WT] (BASE_PER=_Z)",3.786169552710249,weight (%),pbs_cpi_sdmx,monthly
2024-09-30,"Prices, Consumer Prices, By Classification of Individual Consumption According to Purpose (COICOP), Expenditure of Households, Education, Weight [PCPI_CP_10_WT] (BASE_PER=_Z)",3.786169552710249,weight (%),pbs_cpi_sdmx,monthly
2024-10-31,"Prices, Consumer Prices, By Classification of Individual Consumption According to Purpose (COICOP), Expenditure of Households, Education, Weight [PCPI_CP_10_WT] (BASE_PER=_Z)",3.786169552710249,weight (%),pbs_cpi_sdmx,monthly
2024-11-30,"Prices, Consumer Prices, By Classification of Individual Consumption According to Purpose (COICOP), Expenditure of Households, Education, Weight [PCPI_CP_10_WT] (BASE_PER=_Z)",3.786169552710249,weight (%),pbs_cpi_sdmx,monthly
2024-12-31,"Prices, Consumer Prices, By Classification of Individual Consumption According to Purpose (COICOP), Expenditure of Households, Education, Weight [PCPI_CP_10_WT] (BASE_PER=_Z)",3.786169552710249,weight (%),pbs_cpi_sdmx,monthly
2025-01-31,"Prices, Consumer Prices, By Classification of Individual Consumption According to Purpose (COICOP), Expenditure of Households, Education, Weight [PCPI_CP_10_WT] (BASE_PER=_Z)",3.786169552710249,weight (%),pbs_cpi_sdmx,monthly
2025-02-28,"Prices, Consumer Prices, By Classification of Individual Consumption According to Purpose (COICOP), Expenditure of Households, Education, Weight [PCPI_CP_10_WT] (BASE_PER=_Z)",3.786169552710249,weight (%),pbs_cpi_sdmx,monthly
2025-03-31,"Prices, Consumer Prices, By Classification of Individual Consumption According to Purpose (COICOP), Expenditure of Households, Education, Weight [PCPI_CP_10_WT] (BASE_PER=_Z)",3.786169552710249,weight (%),pbs_cpi_sdmx,monthly
2025-04-30,"Prices, Consumer Prices, By Classification of Individual Consumption According to Purpose (COICOP), Expenditure of Households, Education, Weight [PCPI_CP_10_WT] (BASE_PER=_Z)",3.786169552710249,weight (%),pbs_cpi_sdmx,monthly
2025-05-31,"Prices, Consumer Prices, By Classification of Individual Consumption According to Purpose (COICOP), Expenditure of Households, Education, Weight [PCPI_CP_10_WT] (BASE_PER=_Z)",3.786169552710249,weight (%),pbs_cpi_sdmx,monthly
2025-06-30,"Prices, Consumer Prices, By Classification of Individual Consumption According to Purpose (COICOP), Expenditure of Households, Education, Weight [PCPI_CP_10_WT] (BASE_PER=_Z)",3.786169552710249,weight (%),pbs_cpi_sdmx,monthly
2025-07-31,"Prices, Consumer Prices, By Classification of Individual Consumption According to Purpose (COICOP), Expenditure of Households, Education, Weight [PCPI_CP_10_WT] (BASE_PER=_Z)",3.786169552710249,weight (%),pbs_cpi_sdmx,monthly
2025-08-31,"Prices, Consumer Prices, By Classification of Individual Consumption According to Purpose (COICOP), Expenditure of Households, Education, Weight [PCPI_CP_10_WT] (BASE_PER=_Z)",3.786169552710249,weight (%),pbs_cpi_sdmx,monthly
2025-09-30,"Prices, Consumer Prices, By Classification of Individual Consumption According to Purpose (COICOP), Expenditure of Households, Education, Weight [PCPI_CP_10_WT] (BASE_PER=_Z)",3.786169552710249,weight (%),pbs_cpi_sdmx,monthly
2025-10-31,"Prices, Consumer Prices, By Classification of Individual Consumption According to Purpose (COICOP), Expenditure of Households, Education, Weight [PCPI_CP_10_WT] (BASE_PER=_Z)",3.786169552710249,weight (%),pbs_cpi_sdmx,monthly
2025-11-30,"Prices, Consumer Prices, By Classification of Individual Consumption According to Purpose (COICOP), Expenditure of Households, Education, Weight [PCPI_CP_10_WT] (BASE_PER=_Z)",3.786169552710249,weight (%),pbs_cpi_sdmx,monthly
2025-12-31,"Prices, Consumer Prices, By Classification of Individual Consumption According to Purpose (COICOP), Expenditure of Households, Education, Weight [PCPI_CP_10_WT] (BASE_PER=_Z)",3.786169552710249,weight (%),pbs_cpi_sdmx,monthly
2026-01-31,"Prices, Consumer Prices, By Classification of Individual Consumption According to Purpose (COICOP), Expenditure of Households, Education, Weight [PCPI_CP_10_WT] (BASE_PER=_Z)",3.786169552710249,weight (%),pbs_cpi_sdmx,monthly
2026-02-28,"Prices, Consumer Prices, By Classification of Individual Consumption According to Purpose (COICOP), Expenditure of Households, Education, Weight [PCPI_CP_10_WT] (BASE_PER=_Z)",3.786169552710249,weight (%),pbs_cpi_sdmx,monthly
2026-03-31,"Prices, Consumer Prices, By Classification of Individual Consumption According to Purpose (COICOP), Expenditure of Households, Education, Weight [PCPI_CP_10_WT] (BASE_PER=_Z)",3.786169552710249,weight (%),pbs_cpi_sdmx,monthly
2026-04-30,"Prices, Consumer Prices, By Classification of Individual Consumption According to Purpose (COICOP), Expenditure of Households, Education, Weight [PCPI_CP_10_WT] (BASE_PER=_Z)",3.786169552710249,weight (%),pbs_cpi_sdmx,monthly
2026-05-31,"Prices, Consumer Prices, By Classification of Individual Consumption According to Purpose (COICOP), Expenditure of Households, Education, Weight [PCPI_CP_10_WT] (BASE_PER=_Z)",3.786169552710249,weight (%),pbs_cpi_sdmx,monthly
2026-06-30,"Prices, Consumer Prices, By Classification of Individual Consumption According to Purpose (COICOP), Expenditure of Households, Education, Weight [PCPI_CP_10_WT] (BASE_PER=_Z)",3.786169552710249,weight (%),pbs_cpi_sdmx,monthly
2026-07-31,"Prices, Consumer Prices, By Classification of Individual Consumption According to Purpose (COICOP), Expenditure of Households, Education, Weight [PCPI_CP_10_WT] (BASE_PER=_Z)",3.786169552710249,weight (%),pbs_cpi_sdmx,monthly
2022-07-31,"Prices, Consumer Prices, By Classification of Individual Consumption According to Purpose (COICOP), Expenditure of Households, Food and non-alcoholic beverages, Index [PCPI_CP_01_IX] (BASE_PER=2015/2016)",195.27452150866463,index,pbs_cpi_sdmx,monthly
2022-08-31,"Prices, Consumer Prices, By Classification of Individual Consumption According to Purpose (COICOP), Expenditure of Households, Food and non-alcoholic beverages, Index [PCPI_CP_01_IX] (BASE_PER=2015/2016)",197.80964974515803,index,pbs_cpi_sdmx,monthly
2022-09-30,"Prices, Consumer Prices, By Classification of Individual Consumption According to Purpose (COICOP), Expenditure of Households, Food and non-alcoholic beverages, Index [PCPI_CP_01_IX] (BASE_PER=2015/2016)",209.21251946992862,index,pbs_cpi_sdmx,monthly
2022-10-31,"Prices, Consumer Prices, By Classification of Individual Consumption According to Purpose (COICOP), Expenditure of Households, Food and non-alcoholic beverages, Index [PCPI_CP_01_IX] (BASE_PER=2015/2016)",221.00498470948014,index,pbs_cpi_sdmx,monthly
2022-11-30,"Prices, Consumer Prices, By Classification of Individual Consumption According to Purpose (COICOP), Expenditure of Households, Food and non-alcoholic beverages, Index [PCPI_CP_01_IX] (BASE_PER=2015/2016)",221.1407637104995,index,pbs_cpi_sdmx,monthly
2022-12-31,"Prices, Consumer Prices, By Classification of Individual Consumption According to Purpose (COICOP), Expenditure of Households, Food and non-alcoholic beverages, Index [PCPI_CP_01_IX] (BASE_PER=2015/2016)",220.82092640163097,index,pbs_cpi_sdmx,monthly
2023-01-31,"Prices, Consumer Prices, By Classification of Individual Consumption According to Purpose (COICOP), Expenditure of Households, Food and non-alcoholic beverages, Index [PCPI_CP_01_IX] (BASE_PER=2015/2016)",231.88779001019367,index,pbs_cpi_sdmx,monthly
2023-02-28,"Prices, Consumer Prices, By Classification of Individual Consumption According to Purpose (COICOP), Expenditure of Households, Food and non-alcoholic beverages, Index [PCPI_CP_01_IX] (BASE_PER=2015/2016)",241.276572069317,index,pbs_cpi_sdmx,monthly
2023-03-31,"Prices, Consumer Prices, By Classification of Individual Consumption According to Purpose (COICOP), Expenditure of Households, Food and non-alcoholic beverages, Index [PCPI_CP_01_IX] (BASE_PER=2015/2016)",250.25437798165137,index,pbs_cpi_sdmx,monthly
2023-04-30,"Prices, Consumer Prices, By Classification of Individual Consumption According to Purpose (COICOP), Expenditure of Households, Food and non-alcoholic beverages, Index [PCPI_CP_01_IX] (BASE_PER=2015/2016)",261.16979204892965,index,pbs_cpi_sdmx,monthly
2023-05-31,"Prices, Consumer Prices, By Classification of Individual Consumption According to Purpose (COICOP), Expenditure of Households, Food and non-alcoholic beverages, Index [PCPI_CP_01_IX] (BASE_PER=2015/2016)",264.4496293577982,index,pbs_cpi_sdmx,monthly
2023-06-30,"Prices, Consumer Prices, By Classification of Individual Consumption According to Purpose (COICOP), Expenditure of Households, Food and non-alcoholic beverages, Index [PCPI_CP_01_IX] (BASE_PER=2015/2016)",261.77985647298675,index,pbs_cpi_sdmx,monthly
2023-07-31,"Prices, Consumer Prices, By Classification of Individual Consumption According to Purpose (COICOP), Expenditure of Households, Food and non-alcoholic beverages, Index [PCPI_CP_01_IX] (BASE_PER=2015/2016)",272.4413308868502,index,pbs_cpi_sdmx,monthly
2023-08-31,"Prices, Consumer Prices, By Classification of Individual Consumption According to Purpose (COICOP), Expenditure of Households, Food and non-alcoholic beverages, Index [PCPI_CP_01_IX] (BASE_PER=2015/2016)",273.98932884811416,index,pbs_cpi_sdmx,monthly
2023-09-30,"Prices, Consumer Prices, By Classification of Individual Consumption According to Purpose (COICOP), Expenditure of Households, Food and non-alcoholic beverages, Index [PCPI_CP_01_IX] (BASE_PER=2015/2016)",278.4801276248726,index,pbs_cpi_sdmx,monthly
2023-10-31,"Prices, Consumer Prices, By Classification of Individual Consumption According to Purpose (COICOP), Expenditure of Households, Food and non-alcoholic beverages, Index [PCPI_CP_01_IX] (BASE_PER=2015/2016)",280.2654185524975,index,pbs_cpi_sdmx,monthly
2023-11-30,"Prices, Consumer Prices, By Classification of Individual Consumption According to Purpose (COICOP), Expenditure of Households, Food and non-alcoholic beverages, Index [PCPI_CP_01_IX] (BASE_PER=2015/2016)",282.948598980632,index,pbs_cpi_sdmx,monthly
2023-12-31,"Prices, Consumer Prices, By Classification of Individual Consumption According to Purpose (COICOP), Expenditure of Households, Food and non-alcoholic beverages, Index [PCPI_CP_01_IX] (BASE_PER=2015/2016)",281.5489932721713,index,pbs_cpi_sdmx,monthly
2024-01-31,"Prices, Consumer Prices, By Classification of Individual Consumption According to Purpose (COICOP), Expenditure of Households, Food and non-alcoholic beverages, Index [PCPI_CP_01_IX] (BASE_PER=2015/2016)",289.7678691131499,index,pbs_cpi_sdmx,monthly
2024-02-29,"Prices, Consumer Prices, By Classification of Individual Consumption According to Purpose (COICOP), Expenditure of Households, Food and non-alcoholic beverages, Index [PCPI_CP_01_IX] (BASE_PER=2015/2016)",285.06073883792044,index,pbs_cpi_sdmx,monthly
2024-03-31,"Prices, Consumer Prices, By Classification of Individual Consumption According to Purpose (COICOP), Expenditure of Households, Food and non-alcoholic beverages, Index [PCPI_CP_01_IX] (BASE_PER=2015/2016)",293.36,index,pbs_cpi_sdmx,monthly
2024-04-30,"Prices, Consumer Prices, By Classification of Individual Consumption According to Purpose (COICOP), Expenditure of Households, Food and non-alcoholic beverages, Index [PCPI_CP_01_IX] (BASE_PER=2015/2016)",286.4321443425076,index,pbs_cpi_sdmx,monthly
2024-05-31,"Prices, Consumer Prices, By Classification of Individual Consumption According to Purpose (COICOP), Expenditure of Households, Food and non-alcoholic beverages, Index [PCPI_CP_01_IX] (BASE_PER=2015/2016)",264.0104236493374,index,pbs_cpi_sdmx,monthly
2024-06-30,"Prices, Consumer Prices, By Classification of Individual Consumption According to Purpose (COICOP), Expenditure of Households, Food and non-alcoholic beverages, Index [PCPI_CP_01_IX] (BASE_PER=2015/2016)",264.33204607543325,index,pbs_cpi_sdmx,monthly
2024-07-31,"Prices, Consumer Prices, By Classification of Individual Consumption According to Purpose (COICOP), Expenditure of Households, Food and non-alcoholic beverages, Index [PCPI_CP_01_IX] (BASE_PER=2015/2016)",276.6886340468909,index,pbs_cpi_sdmx,monthly
2024-08-31,"Prices, Consumer Prices, By Classification of Individual Consumption According to Purpose (COICOP), Expenditure of Households, Food and non-alcoholic beverages, Index [PCPI_CP_01_IX] (BASE_PER=2015/2016)",280.72207094801223,index,pbs_cpi_sdmx,monthly
2024-09-30,"Prices, Consumer Prices, By Classification of Individual Consumption According to Purpose (COICOP), Expenditure of Households, Food and non-alcoholic beverages, Index [PCPI_CP_01_IX] (BASE_PER=2015/2016)",276.84810642201836,index,pbs_cpi_sdmx,monthly
2024-10-31,"Prices, Consumer Prices, By Classification of Individual Consumption According to Purpose (COICOP), Expenditure of Households, Food and non-alcoholic beverages, Index [PCPI_CP_01_IX] (BASE_PER=2015/2016)",282.8592305810397,index,pbs_cpi_sdmx,monthly
2024-11-30,"Prices, Consumer Prices, By Classification of Individual Consumption According to Purpose (COICOP), Expenditure of Households, Food and non-alcoholic beverages, Index [PCPI_CP_01_IX] (BASE_PER=2015/2016)",282.2798271151886,index,pbs_cpi_sdmx,monthly
2024-12-31,"Prices, Consumer Prices, By Classification of Individual Consumption According to Purpose (COICOP), Expenditure of Households, Food and non-alcoholic beverages, Index [PCPI_CP_01_IX] (BASE_PER=2015/2016)",282.3204632008155,index,pbs_cpi_sdmx,monthly
2025-01-31,"Prices, Consumer Prices, By Classification of Individual Consumption According to Purpose (COICOP), Expenditure of Households, Food and non-alcoholic beverages, Index [PCPI_CP_01_IX] (BASE_PER=2015/2016)",280.6868636085627,index,pbs_cpi_sdmx,monthly
2025-02-28,"Prices, Consumer Prices, By Classification of Individual Consumption According to Purpose (COICOP), Expenditure of Households, Food and non-alcoholic beverages, Index [PCPI_CP_01_IX] (BASE_PER=2015/2016)",273.24330356778796,index,pbs_cpi_sdmx,monthly
2025-03-31,"Prices, Consumer Prices, By Classification of Individual Consumption According to Purpose (COICOP), Expenditure of Households, Food and non-alcoholic beverages, Index [PCPI_CP_01_IX] (BASE_PER=2015/2016)",278.3444130479103,index,pbs_cpi_sdmx,monthly
2025-04-30,"Prices, Consumer Prices, By Classification of Individual Consumption According to Purpose (COICOP), Expenditure of Households, Food and non-alcoholic beverages, Index [PCPI_CP_01_IX] (BASE_PER=2015/2016)",272.611977166157,index,pbs_cpi_sdmx,monthly
2025-05-31,"Prices, Consumer Prices, By Classification of Individual Consumption According to Purpose (COICOP), Expenditure of Households, Food and non-alcoholic beverages, Index [PCPI_CP_01_IX] (BASE_PER=2015/2016)",272.120350254842,index,pbs_cpi_sdmx,monthly
2025-06-30,"Prices, Consumer Prices, By Classification of Individual Consumption According to Purpose (COICOP), Expenditure of Households, Food and non-alcoholic beverages, Index [PCPI_CP_01_IX] (BASE_PER=2015/2016)",271.10221896024467,index,pbs_cpi_sdmx,monthly
2025-07-31,"Prices, Consumer Prices, By Classification of Individual Consumption According to Purpose (COICOP), Expenditure of Households, Food and non-alcoholic beverages, Index [PCPI_CP_01_IX] (BASE_PER=2015/2016)",279.1475641182467,index,pbs_cpi_sdmx,monthly
2025-08-31,"Prices, Consumer Prices, By Classification of Individual Consumption According to Purpose (COICOP), Expenditure of Households, Food and non-alcoholic beverages, Index [PCPI_CP_01_IX] (BASE_PER=2015/2016)",275.7,index,pbs_cpi_sdmx,monthly
2025-09-30,"Prices, Consumer Prices, By Classification of Individual Consumption According to Purpose (COICOP), Expenditure of Households, Food and non-alcoholic beverages, Index [PCPI_CP_01_IX] (BASE_PER=2015/2016)",290.74,index,pbs_cpi_sdmx,monthly
2025-10-31,"Prices, Consumer Prices, By Classification of Individual Consumption According to Purpose (COICOP), Expenditure of Households, Food and non-alcoholic beverages, Index [PCPI_CP_01_IX] (BASE_PER=2015/2016)",298.58,index,pbs_cpi_sdmx,monthly
2025-11-30,"Prices, Consumer Prices, By Classification of Individual Consumption According to Purpose (COICOP), Expenditure of Households, Food and non-alcoholic beverages, Index [PCPI_CP_01_IX] (BASE_PER=2015/2016)",297.9,index,pbs_cpi_sdmx,monthly
2025-12-31,"Prices, Consumer Prices, By Classification of Individual Consumption According to Purpose (COICOP), Expenditure of Households, Food and non-alcoholic beverages, Index [PCPI_CP_01_IX] (BASE_PER=2015/2016)",291.47,index,pbs_cpi_sdmx,monthly
2026-01-31,"Prices, Consumer Prices, By Classification of Individual Consumption According to Purpose (COICOP), Expenditure of Households, Food and non-alcoholic beverages, Index [PCPI_CP_01_IX] (BASE_PER=2015/2016)",291.6335102956167,index,pbs_cpi_sdmx,monthly
2026-02-28,"Prices, Consumer Prices, By Classification of Individual Consumption According to Purpose (COICOP), Expenditure of Households, Food and non-alcoholic beverages, Index [PCPI_CP_01_IX] (BASE_PER=2015/2016)",289.14034454638124,index,pbs_cpi_sdmx,monthly
2026-03-31,"Prices, Consumer Prices, By Classification of Individual Consumption According to Purpose (COICOP), Expenditure of Households, Food and non-alcoholic beverages, Index [PCPI_CP_01_IX] (BASE_PER=2015/2016)",288.2238209989806,index,pbs_cpi_sdmx,monthly
2026-04-30,"Prices, Consumer Prices, By Classification of Individual Consumption According to Purpose (COICOP), Expenditure of Households, Food and non-alcoholic beverages, Index [PCPI_CP_01_IX] (BASE_PER=2015/2016)",293.409975127421,index,pbs_cpi_sdmx,monthly
2026-05-31,"Prices, Consumer Prices, By Classification of Individual Consumption According to Purpose (COICOP), Expenditure of Households, Food and non-alcoholic beverages, Index [PCPI_CP_01_IX] (BASE_PER=2015/2016)",293.7071200815494,index,pbs_cpi_sdmx,monthly
2026-06-30,"Prices, Consumer Prices, By Classification of Individual Consumption According to Purpose (COICOP), Expenditure of Households, Food and non-alcoholic beverages, Index [PCPI_CP_01_IX] (BASE_PER=2015/2016)",296.52108460754334,index,pbs_cpi_sdmx,monthly
2026-07-31,"Prices, Consumer Prices, By Classification of Individual Consumption According to Purpose (COICOP), Expenditure of Households, Food and non-alcoholic beverages, Index [PCPI_CP_01_IX] (BASE_PER=2015/2016)",308.8558874617737,index,pbs_cpi_sdmx,monthly
2022-07-31,"Prices, Consumer Prices, By Classification of Individual Consumption According to Purpose (COICOP), Expenditure of Households, Food and non-alcoholic beverages, Weight [PCPI_CP_01_WT] (BASE_PER=_Z)",34.58316881944836,weight (%),pbs_cpi_sdmx,monthly
2022-08-31,"Prices, Consumer Prices, By Classification of Individual Consumption According to Purpose (COICOP), Expenditure of Households, Food and non-alcoholic beverages, Weight [PCPI_CP_01_WT] (BASE_PER=_Z)",34.58316881944836,weight (%),pbs_cpi_sdmx,monthly
2022-09-30,"Prices, Consumer Prices, By Classification of Individual Consumption According to Purpose (COICOP), Expenditure of Households, Food and non-alcoholic beverages, Weight [PCPI_CP_01_WT] (BASE_PER=_Z)",34.58316881944836,weight (%),pbs_cpi_sdmx,monthly
2022-10-31,"Prices, Consumer Prices, By Classification of Individual Consumption According to Purpose (COICOP), Expenditure of Households, Food and non-alcoholic beverages, Weight [PCPI_CP_01_WT] (BASE_PER=_Z)",34.58316881944836,weight (%),pbs_cpi_sdmx,monthly
2022-11-30,"Prices, Consumer Prices, By Classification of Individual Consumption According to Purpose (COICOP), Expenditure of Households, Food and non-alcoholic beverages, Weight [PCPI_CP_01_WT] (BASE_PER=_Z)",34.58316881944836,weight (%),pbs_cpi_sdmx,monthly
2022-12-31,"Prices, Consumer Prices, By Classification of Individual Consumption According to Purpose (COICOP), Expenditure of Households, Food and non-alcoholic beverages, Weight [PCPI_CP_01_WT] (BASE_PER=_Z)",34.58316881944836,weight (%),pbs_cpi_sdmx,monthly
2023-01-31,"Prices, Consumer Prices, By Classification of Individual Consumption According to Purpose (COICOP), Expenditure of Households, Food and non-alcoholic beverages, Weight [PCPI_CP_01_WT] (BASE_PER=_Z)",34.58316881944836,weight (%),pbs_cpi_sdmx,monthly
2023-02-28,"Prices, Consumer Prices, By Classification of Individual Consumption According to Purpose (COICOP), Expenditure of Households, Food and non-alcoholic beverages, Weight [PCPI_CP_01_WT] (BASE_PER=_Z)",34.58316881944836,weight (%),pbs_cpi_sdmx,monthly
2023-03-31,"Prices, Consumer Prices, By Classification of Individual Consumption According to Purpose (COICOP), Expenditure of Households, Food and non-alcoholic beverages, Weight [PCPI_CP_01_WT] (BASE_PER=_Z)",34.58316881944836,weight (%),pbs_cpi_sdmx,monthly
2023-04-30,"Prices, Consumer Prices, By Classification of Individual Consumption According to Purpose (COICOP), Expenditure of Households, Food and non-alcoholic beverages, Weight [PCPI_CP_01_WT] (BASE_PER=_Z)",34.58316881944836,weight (%),pbs_cpi_sdmx,monthly
2023-05-31,"Prices, Consumer Prices, By Classification of Individual Consumption According to Purpose (COICOP), Expenditure of Households, Food and non-alcoholic beverages, Weight [PCPI_CP_01_WT] (BASE_PER=_Z)",34.58316881944836,weight (%),pbs_cpi_sdmx,monthly
2023-06-30,"Prices, Consumer Prices, By Classification of Individual Consumption According to Purpose (COICOP), Expenditure of Households, Food and non-alcoholic beverages, Weight [PCPI_CP_01_WT] (BASE_PER=_Z)",34.58316881944836,weight (%),pbs_cpi_sdmx,monthly
2023-07-31,"Prices, Consumer Prices, By Classification of Individual Consumption According to Purpose (COICOP), Expenditure of Households, Food and non-alcoholic beverages, Weight [PCPI_CP_01_WT] (BASE_PER=_Z)",34.58316881944836,weight (%),pbs_cpi_sdmx,monthly
2023-08-31,"Prices, Consumer Prices, By Classification of Individual Consumption According to Purpose (COICOP), Expenditure of Households, Food and non-alcoholic beverages, Weight [PCPI_CP_01_WT] (BASE_PER=_Z)",34.58316881944836,weight (%),pbs_cpi_sdmx,monthly
2023-09-30,"Prices, Consumer Prices, By Classification of Individual Consumption According to Purpose (COICOP), Expenditure of Households, Food and non-alcoholic beverages, Weight [PCPI_CP_01_WT] (BASE_PER=_Z)",34.58316881944836,weight (%),pbs_cpi_sdmx,monthly
2023-10-31,"Prices, Consumer Prices, By Classification of Individual Consumption According to Purpose (COICOP), Expenditure of Households, Food and non-alcoholic beverages, Weight [PCPI_CP_01_WT] (BASE_PER=_Z)",34.58316881944836,weight (%),pbs_cpi_sdmx,monthly
2023-11-30,"Prices, Consumer Prices, By Classification of Individual Consumption According to Purpose (COICOP), Expenditure of Households, Food and non-alcoholic beverages, Weight [PCPI_CP_01_WT] (BASE_PER=_Z)",34.58316881944836,weight (%),pbs_cpi_sdmx,monthly
2023-12-31,"Prices, Consumer Prices, By Classification of Individual Consumption According to Purpose (COICOP), Expenditure of Households, Food and non-alcoholic beverages, Weight [PCPI_CP_01_WT] (BASE_PER=_Z)",34.58316881944836,weight (%),pbs_cpi_sdmx,monthly
2024-01-31,"Prices, Consumer Prices, By Classification of Individual Consumption According to Purpose (COICOP), Expenditure of Households, Food and non-alcoholic beverages, Weight [PCPI_CP_01_WT] (BASE_PER=_Z)",34.58316881944836,weight (%),pbs_cpi_sdmx,monthly
2024-02-29,"Prices, Consumer Prices, By Classification of Individual Consumption According to Purpose (COICOP), Expenditure of Households, Food and non-alcoholic beverages, Weight [PCPI_CP_01_WT] (BASE_PER=_Z)",34.58316881944836,weight (%),pbs_cpi_sdmx,monthly
2024-03-31,"Prices, Consumer Prices, By Classification of Individual Consumption According to Purpose (COICOP), Expenditure of Households, Food and non-alcoholic beverages, Weight [PCPI_CP_01_WT] (BASE_PER=_Z)",34.58316881944836,weight (%),pbs_cpi_sdmx,monthly
2024-04-30,"Prices, Consumer Prices, By Classification of Individual Consumption According to Purpose (COICOP), Expenditure of Households, Food and non-alcoholic beverages, Weight [PCPI_CP_01_WT] (BASE_PER=_Z)",34.58316881944836,weight (%),pbs_cpi_sdmx,monthly
2024-05-31,"Prices, Consumer Prices, By Classification of Individual Consumption According to Purpose (COICOP), Expenditure of Households, Food and non-alcoholic beverages, Weight [PCPI_CP_01_WT] (BASE_PER=_Z)",34.58316881944836,weight (%),pbs_cpi_sdmx,monthly
2024-06-30,"Prices, Consumer Prices, By Classification of Individual Consumption According to Purpose (COICOP), Expenditure of Households, Food and non-alcoholic beverages, Weight [PCPI_CP_01_WT] (BASE_PER=_Z)",34.58316881944836,weight (%),pbs_cpi_sdmx,monthly
2024-07-31,"Prices, Consumer Prices, By Classification of Individual Consumption According to Purpose (COICOP), Expenditure of Households, Food and non-alcoholic beverages, Weight [PCPI_CP_01_WT] (BASE_PER=_Z)",34.58316881944836,weight (%),pbs_cpi_sdmx,monthly
2024-08-31,"Prices, Consumer Prices, By Classification of Individual Consumption According to Purpose (COICOP), Expenditure of Households, Food and non-alcoholic beverages, Weight [PCPI_CP_01_WT] (BASE_PER=_Z)",34.58316881944836,weight (%),pbs_cpi_sdmx,monthly
2024-09-30,"Prices, Consumer Prices, By Classification of Individual Consumption According to Purpose (COICOP), Expenditure of Households, Food and non-alcoholic beverages, Weight [PCPI_CP_01_WT] (BASE_PER=_Z)",34.58316881944836,weight (%),pbs_cpi_sdmx,monthly
2024-10-31,"Prices, Consumer Prices, By Classification of Individual Consumption According to Purpose (COICOP), Expenditure of Households, Food and non-alcoholic beverages, Weight [PCPI_CP_01_WT] (BASE_PER=_Z)",34.58316881944836,weight (%),pbs_cpi_sdmx,monthly
2024-11-30,"Prices, Consumer Prices, By Classification of Individual Consumption According to Purpose (COICOP), Expenditure of Households, Food and non-alcoholic beverages, Weight [PCPI_CP_01_WT] (BASE_PER=_Z)",34.58316881944836,weight (%),pbs_cpi_sdmx,monthly
2024-12-31,"Prices, Consumer Prices, By Classification of Individual Consumption According to Purpose (COICOP), Expenditure of Households, Food and non-alcoholic beverages, Weight [PCPI_CP_01_WT] (BASE_PER=_Z)",34.58316881944836,weight (%),pbs_cpi_sdmx,monthly
2025-01-31,"Prices, Consumer Prices, By Classification of Individual Consumption According to Purpose (COICOP), Expenditure of Households, Food and non-alcoholic beverages, Weight [PCPI_CP_01_WT] (BASE_PER=_Z)",34.58316881944836,weight (%),pbs_cpi_sdmx,monthly
2025-02-28,"Prices, Consumer Prices, By Classification of Individual Consumption According to Purpose (COICOP), Expenditure of Households, Food and non-alcoholic beverages, Weight [PCPI_CP_01_WT] (BASE_PER=_Z)",34.58316881944836,weight (%),pbs_cpi_sdmx,monthly
2025-03-31,"Prices, Consumer Prices, By Classification of Individual Consumption According to Purpose (COICOP), Expenditure of Households, Food and non-alcoholic beverages, Weight [PCPI_CP_01_WT] (BASE_PER=_Z)",34.58316881944836,weight (%),pbs_cpi_sdmx,monthly
2025-04-30,"Prices, Consumer Prices, By Classification of Individual Consumption According to Purpose (COICOP), Expenditure of Households, Food and non-alcoholic beverages, Weight [PCPI_CP_01_WT] (BASE_PER=_Z)",34.58316881944836,weight (%),pbs_cpi_sdmx,monthly
2025-05-31,"Prices, Consumer Prices, By Classification of Individual Consumption According to Purpose (COICOP), Expenditure of Households, Food and non-alcoholic beverages, Weight [PCPI_CP_01_WT] (BASE_PER=_Z)",34.58316881944836,weight (%),pbs_cpi_sdmx,monthly
2025-06-30,"Prices, Consumer Prices, By Classification of Individual Consumption According to Purpose (COICOP), Expenditure of Households, Food and non-alcoholic beverages, Weight [PCPI_CP_01_WT] (BASE_PER=_Z)",34.58316881944836,weight (%),pbs_cpi_sdmx,monthly
2025-07-31,"Prices, Consumer Prices, By Classification of Individual Consumption According to Purpose (COICOP), Expenditure of Households, Food and non-alcoholic beverages, Weight [PCPI_CP_01_WT] (BASE_PER=_Z)",34.58316881944836,weight (%),pbs_cpi_sdmx,monthly
2025-08-31,"Prices, Consumer Prices, By Classification of Individual Consumption According to Purpose (COICOP), Expenditure of Households, Food and non-alcoholic beverages, Weight [PCPI_CP_01_WT] (BASE_PER=_Z)",34.58316881944836,weight (%),pbs_cpi_sdmx,monthly
2025-09-30,"Prices, Consumer Prices, By Classification of Individual Consumption According to Purpose (COICOP), Expenditure of Households, Food and non-alcoholic beverages, Weight [PCPI_CP_01_WT] (BASE_PER=_Z)",34.58316881944836,weight (%),pbs_cpi_sdmx,monthly
2025-10-31,"Prices, Consumer Prices, By Classification of Individual Consumption According to Purpose (COICOP), Expenditure of Households, Food and non-alcoholic beverages, Weight [PCPI_CP_01_WT] (BASE_PER=_Z)",34.58316881944836,weight (%),pbs_cpi_sdmx,monthly
2025-11-30,"Prices, Consumer Prices, By Classification of Individual Consumption According to Purpose (COICOP), Expenditure of Households, Food and non-alcoholic beverages, Weight [PCPI_CP_01_WT] (BASE_PER=_Z)",34.58316881944836,weight (%),pbs_cpi_sdmx,monthly
2025-12-31,"Prices, Consumer Prices, By Classification of Individual Consumption According to Purpose (COICOP), Expenditure of Households, Food and non-alcoholic beverages, Weight [PCPI_CP_01_WT] (BASE_PER=_Z)",34.58316881944836,weight (%),pbs_cpi_sdmx,monthly
2026-01-31,"Prices, Consumer Prices, By Classification of Individual Consumption According to Purpose (COICOP), Expenditure of Households, Food and non-alcoholic beverages, Weight [PCPI_CP_01_WT] (BASE_PER=_Z)",34.58316881944836,weight (%),pbs_cpi_sdmx,monthly
2026-02-28,"Prices, Consumer Prices, By Classification of Individual Consumption According to Purpose (COICOP), Expenditure of Households, Food and non-alcoholic beverages, Weight [PCPI_CP_01_WT] (BASE_PER=_Z)",34.58316881944836,weight (%),pbs_cpi_sdmx,monthly
2026-03-31,"Prices, Consumer Prices, By Classification of Individual Consumption According to Purpose (COICOP), Expenditure of Households, Food and non-alcoholic beverages, Weight [PCPI_CP_01_WT] (BASE_PER=_Z)",34.58316881944836,weight (%),pbs_cpi_sdmx,monthly
2026-04-30,"Prices, Consumer Prices, By Classification of Individual Consumption According to Purpose (COICOP), Expenditure of Households, Food and non-alcoholic beverages, Weight [PCPI_CP_01_WT] (BASE_PER=_Z)",34.58316881944836,weight (%),pbs_cpi_sdmx,monthly
2026-05-31,"Prices, Consumer Prices, By Classification of Individual Consumption According to Purpose (COICOP), Expenditure of Households, Food and non-alcoholic beverages, Weight [PCPI_CP_01_WT] (BASE_PER=_Z)",34.58316881944836,weight (%),pbs_cpi_sdmx,monthly
2026-06-30,"Prices, Consumer Prices, By Classification of Individual Consumption According to Purpose (COICOP), Expenditure of Households, Food and non-alcoholic beverages, Weight [PCPI_CP_01_WT] (BASE_PER=_Z)",34.58316881944836,weight (%),pbs_cpi_sdmx,monthly
2026-07-31,"Prices, Consumer Prices, By Classification of Individual Consumption According to Purpose (COICOP), Expenditure of Households, Food and non-alcoholic beverages, Weight [PCPI_CP_01_WT] (BASE_PER=_Z)",34.58316881944836,weight (%),pbs_cpi_sdmx,monthly
2022-07-31,"Prices, Consumer Prices, By Classification of Individual Consumption According to Purpose (COICOP), Expenditure of Households, Furnishings, household equipment and routine household maintenance, Index [PCPI_CP_05_IX] (BASE_PER=2015/2016)",171.40717825189265,index,pbs_cpi_sdmx,monthly
2022-08-31,"Prices, Consumer Prices, By Classification of Individual Consumption According to Purpose (COICOP), Expenditure of Households, Furnishings, household equipment and routine household maintenance, Index [PCPI_CP_05_IX] (BASE_PER=2015/2016)",175.38479008947007,index,pbs_cpi_sdmx,monthly
2022-09-30,"Prices, Consumer Prices, By Classification of Individual Consumption According to Purpose (COICOP), Expenditure of Households, Furnishings, household equipment and routine household maintenance, Index [PCPI_CP_05_IX] (BASE_PER=2015/2016)",181.35714384033034,index,pbs_cpi_sdmx,monthly
2022-10-31,"Prices, Consumer Prices, By Classification of Individual Consumption According to Purpose (COICOP), Expenditure of Households, Furnishings, household equipment and routine household maintenance, Index [PCPI_CP_05_IX] (BASE_PER=2015/2016)",186.55871300757053,index,pbs_cpi_sdmx,monthly
2022-11-30,"Prices, Consumer Prices, By Classification of Individual Consumption According to Purpose (COICOP), Expenditure of Households, Furnishings, household equipment and routine household maintenance, Index [PCPI_CP_05_IX] (BASE_PER=2015/2016)",191.8355815554026,index,pbs_cpi_sdmx,monthly
2022-12-31,"Prices, Consumer Prices, By Classification of Individual Consumption According to Purpose (COICOP), Expenditure of Households, Furnishings, household equipment and routine household maintenance, Index [PCPI_CP_05_IX] (BASE_PER=2015/2016)",196.44903647625603,index,pbs_cpi_sdmx,monthly
2023-01-31,"Prices, Consumer Prices, By Classification of Individual Consumption According to Purpose (COICOP), Expenditure of Households, Furnishings, household equipment and routine household maintenance, Index [PCPI_CP_05_IX] (BASE_PER=2015/2016)",199.56495526496903,index,pbs_cpi_sdmx,monthly
2023-02-28,"Prices, Consumer Prices, By Classification of Individual Consumption According to Purpose (COICOP), Expenditure of Households, Furnishings, household equipment and routine household maintenance, Index [PCPI_CP_05_IX] (BASE_PER=2015/2016)",209.51195457673776,index,pbs_cpi_sdmx,monthly
2023-03-31,"Prices, Consumer Prices, By Classification of Individual Consumption According to Purpose (COICOP), Expenditure of Households, Furnishings, household equipment and routine household maintenance, Index [PCPI_CP_05_IX] (BASE_PER=2015/2016)",220.1982105987612,index,pbs_cpi_sdmx,monthly
2023-04-30,"Prices, Consumer Prices, By Classification of Individual Consumption According to Purpose (COICOP), Expenditure of Households, Furnishings, household equipment and routine household maintenance, Index [PCPI_CP_05_IX] (BASE_PER=2015/2016)",226.2010048176187,index,pbs_cpi_sdmx,monthly
2023-05-31,"Prices, Consumer Prices, By Classification of Individual Consumption According to Purpose (COICOP), Expenditure of Households, Furnishings, household equipment and routine household maintenance, Index [PCPI_CP_05_IX] (BASE_PER=2015/2016)",235.0881486579491,index,pbs_cpi_sdmx,monthly
2023-06-30,"Prices, Consumer Prices, By Classification of Individual Consumption According to Purpose (COICOP), Expenditure of Households, Furnishings, household equipment and routine household maintenance, Index [PCPI_CP_05_IX] (BASE_PER=2015/2016)",238.81399174122504,index,pbs_cpi_sdmx,monthly
2023-07-31,"Prices, Consumer Prices, By Classification of Individual Consumption According to Purpose (COICOP), Expenditure of Households, Furnishings, household equipment and routine household maintenance, Index [PCPI_CP_05_IX] (BASE_PER=2015/2016)",242.89823124569855,index,pbs_cpi_sdmx,monthly
2023-08-31,"Prices, Consumer Prices, By Classification of Individual Consumption According to Purpose (COICOP), Expenditure of Households, Furnishings, household equipment and routine household maintenance, Index [PCPI_CP_05_IX] (BASE_PER=2015/2016)",248.54053682037164,index,pbs_cpi_sdmx,monthly
2023-09-30,"Prices, Consumer Prices, By Classification of Individual Consumption According to Purpose (COICOP), Expenditure of Households, Furnishings, household equipment and routine household maintenance, Index [PCPI_CP_05_IX] (BASE_PER=2015/2016)",252.66917412250518,index,pbs_cpi_sdmx,monthly
2023-10-31,"Prices, Consumer Prices, By Classification of Individual Consumption According to Purpose (COICOP), Expenditure of Households, Furnishings, household equipment and routine household maintenance, Index [PCPI_CP_05_IX] (BASE_PER=2015/2016)",255.84891947694425,index,pbs_cpi_sdmx,monthly
2023-11-30,"Prices, Consumer Prices, By Classification of Individual Consumption According to Purpose (COICOP), Expenditure of Households, Furnishings, household equipment and routine household maintenance, Index [PCPI_CP_05_IX] (BASE_PER=2015/2016)",258.0179284239504,index,pbs_cpi_sdmx,monthly
2023-12-31,"Prices, Consumer Prices, By Classification of Individual Consumption According to Purpose (COICOP), Expenditure of Households, Furnishings, household equipment and routine household maintenance, Index [PCPI_CP_05_IX] (BASE_PER=2015/2016)",260.3613007570544,index,pbs_cpi_sdmx,monthly
2024-01-31,"Prices, Consumer Prices, By Classification of Individual Consumption According to Purpose (COICOP), Expenditure of Households, Furnishings, household equipment and routine household maintenance, Index [PCPI_CP_05_IX] (BASE_PER=2015/2016)",261.81047487955954,index,pbs_cpi_sdmx,monthly
2024-02-29,"Prices, Consumer Prices, By Classification of Individual Consumption According to Purpose (COICOP), Expenditure of Households, Furnishings, household equipment and routine household maintenance, Index [PCPI_CP_05_IX] (BASE_PER=2015/2016)",263.2273916035788,index,pbs_cpi_sdmx,monthly
2024-03-31,"Prices, Consumer Prices, By Classification of Individual Consumption According to Purpose (COICOP), Expenditure of Households, Furnishings, household equipment and routine household maintenance, Index [PCPI_CP_05_IX] (BASE_PER=2015/2016)",265.47,index,pbs_cpi_sdmx,monthly
2024-04-30,"Prices, Consumer Prices, By Classification of Individual Consumption According to Purpose (COICOP), Expenditure of Households, Furnishings, household equipment and routine household maintenance, Index [PCPI_CP_05_IX] (BASE_PER=2015/2016)",266.41499655884377,index,pbs_cpi_sdmx,monthly
2024-05-31,"Prices, Consumer Prices, By Classification of Individual Consumption According to Purpose (COICOP), Expenditure of Households, Furnishings, household equipment and routine household maintenance, Index [PCPI_CP_05_IX] (BASE_PER=2015/2016)",267.41359256710257,index,pbs_cpi_sdmx,monthly
2024-06-30,"Prices, Consumer Prices, By Classification of Individual Consumption According to Purpose (COICOP), Expenditure of Households, Furnishings, household equipment and routine household maintenance, Index [PCPI_CP_05_IX] (BASE_PER=2015/2016)",268.2975017205781,index,pbs_cpi_sdmx,monthly
2024-07-31,"Prices, Consumer Prices, By Classification of Individual Consumption According to Purpose (COICOP), Expenditure of Households, Furnishings, household equipment and routine household maintenance, Index [PCPI_CP_05_IX] (BASE_PER=2015/2016)",269.7689814177564,index,pbs_cpi_sdmx,monthly
2024-08-31,"Prices, Consumer Prices, By Classification of Individual Consumption According to Purpose (COICOP), Expenditure of Households, Furnishings, household equipment and routine household maintenance, Index [PCPI_CP_05_IX] (BASE_PER=2015/2016)",270.2185684790089,index,pbs_cpi_sdmx,monthly
2024-09-30,"Prices, Consumer Prices, By Classification of Individual Consumption According to Purpose (COICOP), Expenditure of Households, Furnishings, household equipment and routine household maintenance, Index [PCPI_CP_05_IX] (BASE_PER=2015/2016)",269.3833379215416,index,pbs_cpi_sdmx,monthly
2024-10-31,"Prices, Consumer Prices, By Classification of Individual Consumption According to Purpose (COICOP), Expenditure of Households, Furnishings, household equipment and routine household maintenance, Index [PCPI_CP_05_IX] (BASE_PER=2015/2016)",271.04770818995183,index,pbs_cpi_sdmx,monthly
2024-11-30,"Prices, Consumer Prices, By Classification of Individual Consumption According to Purpose (COICOP), Expenditure of Households, Furnishings, household equipment and routine household maintenance, Index [PCPI_CP_05_IX] (BASE_PER=2015/2016)",273.2790708878183,index,pbs_cpi_sdmx,monthly
2024-12-31,"Prices, Consumer Prices, By Classification of Individual Consumption According to Purpose (COICOP), Expenditure of Households, Furnishings, household equipment and routine household maintenance, Index [PCPI_CP_05_IX] (BASE_PER=2015/2016)",273.77013076393666,index,pbs_cpi_sdmx,monthly
2025-01-31,"Prices, Consumer Prices, By Classification of Individual Consumption According to Purpose (COICOP), Expenditure of Households, Furnishings, household equipment and routine household maintenance, Index [PCPI_CP_05_IX] (BASE_PER=2015/2016)",275.03807295251204,index,pbs_cpi_sdmx,monthly
2025-02-28,"Prices, Consumer Prices, By Classification of Individual Consumption According to Purpose (COICOP), Expenditure of Households, Furnishings, household equipment and routine household maintenance, Index [PCPI_CP_05_IX] (BASE_PER=2015/2016)",274.9588162422574,index,pbs_cpi_sdmx,monthly
2025-03-31,"Prices, Consumer Prices, By Classification of Individual Consumption According to Purpose (COICOP), Expenditure of Households, Furnishings, household equipment and routine household maintenance, Index [PCPI_CP_05_IX] (BASE_PER=2015/2016)",275.37840330350997,index,pbs_cpi_sdmx,monthly
2025-04-30,"Prices, Consumer Prices, By Classification of Individual Consumption According to Purpose (COICOP), Expenditure of Households, Furnishings, household equipment and routine household maintenance, Index [PCPI_CP_05_IX] (BASE_PER=2015/2016)",277.1314934618032,index,pbs_cpi_sdmx,monthly
2025-05-31,"Prices, Consumer Prices, By Classification of Individual Consumption According to Purpose (COICOP), Expenditure of Households, Furnishings, household equipment and routine household maintenance, Index [PCPI_CP_05_IX] (BASE_PER=2015/2016)",277.8487336545079,index,pbs_cpi_sdmx,monthly
2025-06-30,"Prices, Consumer Prices, By Classification of Individual Consumption According to Purpose (COICOP), Expenditure of Households, Furnishings, household equipment and routine household maintenance, Index [PCPI_CP_05_IX] (BASE_PER=2015/2016)",278.2219821059876,index,pbs_cpi_sdmx,monthly
2025-07-31,"Prices, Consumer Prices, By Classification of Individual Consumption According to Purpose (COICOP), Expenditure of Households, Furnishings, household equipment and routine household maintenance, Index [PCPI_CP_05_IX] (BASE_PER=2015/2016)",278.73025464556093,index,pbs_cpi_sdmx,monthly
2025-08-31,"Prices, Consumer Prices, By Classification of Individual Consumption According to Purpose (COICOP), Expenditure of Households, Furnishings, household equipment and routine household maintenance, Index [PCPI_CP_05_IX] (BASE_PER=2015/2016)",279.69,index,pbs_cpi_sdmx,monthly
2025-09-30,"Prices, Consumer Prices, By Classification of Individual Consumption According to Purpose (COICOP), Expenditure of Households, Furnishings, household equipment and routine household maintenance, Index [PCPI_CP_05_IX] (BASE_PER=2015/2016)",280.52,index,pbs_cpi_sdmx,monthly
2025-10-31,"Prices, Consumer Prices, By Classification of Individual Consumption According to Purpose (COICOP), Expenditure of Households, Furnishings, household equipment and routine household maintenance, Index [PCPI_CP_05_IX] (BASE_PER=2015/2016)",281.86,index,pbs_cpi_sdmx,monthly
2025-11-30,"Prices, Consumer Prices, By Classification of Individual Consumption According to Purpose (COICOP), Expenditure of Households, Furnishings, household equipment and routine household maintenance, Index [PCPI_CP_05_IX] (BASE_PER=2015/2016)",282.83,index,pbs_cpi_sdmx,monthly
2025-12-31,"Prices, Consumer Prices, By Classification of Individual Consumption According to Purpose (COICOP), Expenditure of Households, Furnishings, household equipment and routine household maintenance, Index [PCPI_CP_05_IX] (BASE_PER=2015/2016)",283.08,index,pbs_cpi_sdmx,monthly
2026-01-31,"Prices, Consumer Prices, By Classification of Individual Consumption According to Purpose (COICOP), Expenditure of Households, Furnishings, household equipment and routine household maintenance, Index [PCPI_CP_05_IX] (BASE_PER=2015/2016)",283.8985615966965,index,pbs_cpi_sdmx,monthly
2026-02-28,"Prices, Consumer Prices, By Classification of Individual Consumption According to Purpose (COICOP), Expenditure of Households, Furnishings, household equipment and routine household maintenance, Index [PCPI_CP_05_IX] (BASE_PER=2015/2016)",284.5024294562973,index,pbs_cpi_sdmx,monthly
2026-03-31,"Prices, Consumer Prices, By Classification of Individual Consumption According to Purpose (COICOP), Expenditure of Households, Furnishings, household equipment and routine household maintenance, Index [PCPI_CP_05_IX] (BASE_PER=2015/2016)",286.14456985547145,index,pbs_cpi_sdmx,monthly
2026-04-30,"Prices, Consumer Prices, By Classification of Individual Consumption According to Purpose (COICOP), Expenditure of Households, Furnishings, household equipment and routine household maintenance, Index [PCPI_CP_05_IX] (BASE_PER=2015/2016)",287.69481761871987,index,pbs_cpi_sdmx,monthly
2026-05-31,"Prices, Consumer Prices, By Classification of Individual Consumption According to Purpose (COICOP), Expenditure of Households, Furnishings, household equipment and routine household maintenance, Index [PCPI_CP_05_IX] (BASE_PER=2015/2016)",292.0707019958706,index,pbs_cpi_sdmx,monthly
2026-06-30,"Prices, Consumer Prices, By Classification of Individual Consumption According to Purpose (COICOP), Expenditure of Households, Furnishings, household equipment and routine household maintenance, Index [PCPI_CP_05_IX] (BASE_PER=2015/2016)",294.7436269786648,index,pbs_cpi_sdmx,monthly
2026-07-31,"Prices, Consumer Prices, By Classification of Individual Consumption According to Purpose (COICOP), Expenditure of Households, Furnishings, household equipment and routine household maintenance, Index [PCPI_CP_05_IX] (BASE_PER=2015/2016)",298.01238816242255,index,pbs_cpi_sdmx,monthly
2022-07-31,"Prices, Consumer Prices, By Classification of Individual Consumption According to Purpose (COICOP), Expenditure of Households, Furnishings, household equipment and routine household maintenance, Weight [PCPI_CP_05_WT] (BASE_PER=_Z)",4.097805854814146,weight (%),pbs_cpi_sdmx,monthly
2022-08-31,"Prices, Consumer Prices, By Classification of Individual Consumption According to Purpose (COICOP), Expenditure of Households, Furnishings, household equipment and routine household maintenance, Weight [PCPI_CP_05_WT] (BASE_PER=_Z)",4.097805854814146,weight (%),pbs_cpi_sdmx,monthly
2022-09-30,"Prices, Consumer Prices, By Classification of Individual Consumption According to Purpose (COICOP), Expenditure of Households, Furnishings, household equipment and routine household maintenance, Weight [PCPI_CP_05_WT] (BASE_PER=_Z)",4.097805854814146,weight (%),pbs_cpi_sdmx,monthly
2022-10-31,"Prices, Consumer Prices, By Classification of Individual Consumption According to Purpose (COICOP), Expenditure of Households, Furnishings, household equipment and routine household maintenance, Weight [PCPI_CP_05_WT] (BASE_PER=_Z)",4.097805854814146,weight (%),pbs_cpi_sdmx,monthly
2022-11-30,"Prices, Consumer Prices, By Classification of Individual Consumption According to Purpose (COICOP), Expenditure of Households, Furnishings, household equipment and routine household maintenance, Weight [PCPI_CP_05_WT] (BASE_PER=_Z)",4.097805854814146,weight (%),pbs_cpi_sdmx,monthly
2022-12-31,"Prices, Consumer Prices, By Classification of Individual Consumption According to Purpose (COICOP), Expenditure of Households, Furnishings, household equipment and routine household maintenance, Weight [PCPI_CP_05_WT] (BASE_PER=_Z)",4.097805854814146,weight (%),pbs_cpi_sdmx,monthly
2023-01-31,"Prices, Consumer Prices, By Classification of Individual Consumption According to Purpose (COICOP), Expenditure of Households, Furnishings, household equipment and routine household maintenance, Weight [PCPI_CP_05_WT] (BASE_PER=_Z)",4.097805854814146,weight (%),pbs_cpi_sdmx,monthly
2023-02-28,"Prices, Consumer Prices, By Classification of Individual Consumption According to Purpose (COICOP), Expenditure of Households, Furnishings, household equipment and routine household maintenance, Weight [PCPI_CP_05_WT] (BASE_PER=_Z)",4.097805854814146,weight (%),pbs_cpi_sdmx,monthly
2023-03-31,"Prices, Consumer Prices, By Classification of Individual Consumption According to Purpose (COICOP), Expenditure of Households, Furnishings, household equipment and routine household maintenance, Weight [PCPI_CP_05_WT] (BASE_PER=_Z)",4.097805854814146,weight (%),pbs_cpi_sdmx,monthly
2023-04-30,"Prices, Consumer Prices, By Classification of Individual Consumption According to Purpose (COICOP), Expenditure of Households, Furnishings, household equipment and routine household maintenance, Weight [PCPI_CP_05_WT] (BASE_PER=_Z)",4.097805854814146,weight (%),pbs_cpi_sdmx,monthly
2023-05-31,"Prices, Consumer Prices, By Classification of Individual Consumption According to Purpose (COICOP), Expenditure of Households, Furnishings, household equipment and routine household maintenance, Weight [PCPI_CP_05_WT] (BASE_PER=_Z)",4.097805854814146,weight (%),pbs_cpi_sdmx,monthly
2023-06-30,"Prices, Consumer Prices, By Classification of Individual Consumption According to Purpose (COICOP), Expenditure of Households, Furnishings, household equipment and routine household maintenance, Weight [PCPI_CP_05_WT] (BASE_PER=_Z)",4.097805854814146,weight (%),pbs_cpi_sdmx,monthly
2023-07-31,"Prices, Consumer Prices, By Classification of Individual Consumption According to Purpose (COICOP), Expenditure of Households, Furnishings, household equipment and routine household maintenance, Weight [PCPI_CP_05_WT] (BASE_PER=_Z)",4.097805854814146,weight (%),pbs_cpi_sdmx,monthly
2023-08-31,"Prices, Consumer Prices, By Classification of Individual Consumption According to Purpose (COICOP), Expenditure of Households, Furnishings, household equipment and routine household maintenance, Weight [PCPI_CP_05_WT] (BASE_PER=_Z)",4.097805854814146,weight (%),pbs_cpi_sdmx,monthly
2023-09-30,"Prices, Consumer Prices, By Classification of Individual Consumption According to Purpose (COICOP), Expenditure of Households, Furnishings, household equipment and routine household maintenance, Weight [PCPI_CP_05_WT] (BASE_PER=_Z)",4.097805854814146,weight (%),pbs_cpi_sdmx,monthly
2023-10-31,"Prices, Consumer Prices, By Classification of Individual Consumption According to Purpose (COICOP), Expenditure of Households, Furnishings, household equipment and routine household maintenance, Weight [PCPI_CP_05_WT] (BASE_PER=_Z)",4.097805854814146,weight (%),pbs_cpi_sdmx,monthly
2023-11-30,"Prices, Consumer Prices, By Classification of Individual Consumption According to Purpose (COICOP), Expenditure of Households, Furnishings, household equipment and routine household maintenance, Weight [PCPI_CP_05_WT] (BASE_PER=_Z)",4.097805854814146,weight (%),pbs_cpi_sdmx,monthly
2023-12-31,"Prices, Consumer Prices, By Classification of Individual Consumption According to Purpose (COICOP), Expenditure of Households, Furnishings, household equipment and routine household maintenance, Weight [PCPI_CP_05_WT] (BASE_PER=_Z)",4.097805854814146,weight (%),pbs_cpi_sdmx,monthly
2024-01-31,"Prices, Consumer Prices, By Classification of Individual Consumption According to Purpose (COICOP), Expenditure of Households, Furnishings, household equipment and routine household maintenance, Weight [PCPI_CP_05_WT] (BASE_PER=_Z)",4.097805854814146,weight (%),pbs_cpi_sdmx,monthly
2024-02-29,"Prices, Consumer Prices, By Classification of Individual Consumption According to Purpose (COICOP), Expenditure of Households, Furnishings, household equipment and routine household maintenance, Weight [PCPI_CP_05_WT] (BASE_PER=_Z)",4.097805854814146,weight (%),pbs_cpi_sdmx,monthly
2024-03-31,"Prices, Consumer Prices, By Classification of Individual Consumption According to Purpose (COICOP), Expenditure of Households, Furnishings, household equipment and routine household maintenance, Weight [PCPI_CP_05_WT] (BASE_PER=_Z)",4.097805854814146,weight (%),pbs_cpi_sdmx,monthly
2024-04-30,"Prices, Consumer Prices, By Classification of Individual Consumption According to Purpose (COICOP), Expenditure of Households, Furnishings, household equipment and routine household maintenance, Weight [PCPI_CP_05_WT] (BASE_PER=_Z)",4.097805854814146,weight (%),pbs_cpi_sdmx,monthly
2024-05-31,"Prices, Consumer Prices, By Classification of Individual Consumption According to Purpose (COICOP), Expenditure of Households, Furnishings, household equipment and routine household maintenance, Weight [PCPI_CP_05_WT] (BASE_PER=_Z)",4.097805854814146,weight (%),pbs_cpi_sdmx,monthly
2024-06-30,"Prices, Consumer Prices, By Classification of Individual Consumption According to Purpose (COICOP), Expenditure of Households, Furnishings, household equipment and routine household maintenance, Weight [PCPI_CP_05_WT] (BASE_PER=_Z)",4.097805854814146,weight (%),pbs_cpi_sdmx,monthly
2024-07-31,"Prices, Consumer Prices, By Classification of Individual Consumption According to Purpose (COICOP), Expenditure of Households, Furnishings, household equipment and routine household maintenance, Weight [PCPI_CP_05_WT] (BASE_PER=_Z)",4.097805854814146,weight (%),pbs_cpi_sdmx,monthly
2024-08-31,"Prices, Consumer Prices, By Classification of Individual Consumption According to Purpose (COICOP), Expenditure of Households, Furnishings, household equipment and routine household maintenance, Weight [PCPI_CP_05_WT] (BASE_PER=_Z)",4.097805854814146,weight (%),pbs_cpi_sdmx,monthly
2024-09-30,"Prices, Consumer Prices, By Classification of Individual Consumption According to Purpose (COICOP), Expenditure of Households, Furnishings, household equipment and routine household maintenance, Weight [PCPI_CP_05_WT] (BASE_PER=_Z)",4.097805854814146,weight (%),pbs_cpi_sdmx,monthly
2024-10-31,"Prices, Consumer Prices, By Classification of Individual Consumption According to Purpose (COICOP), Expenditure of Households, Furnishings, household equipment and routine household maintenance, Weight [PCPI_CP_05_WT] (BASE_PER=_Z)",4.097805854814146,weight (%),pbs_cpi_sdmx,monthly
2024-11-30,"Prices, Consumer Prices, By Classification of Individual Consumption According to Purpose (COICOP), Expenditure of Households, Furnishings, household equipment and routine household maintenance, Weight [PCPI_CP_05_WT] (BASE_PER=_Z)",4.097805854814146,weight (%),pbs_cpi_sdmx,monthly
2024-12-31,"Prices, Consumer Prices, By Classification of Individual Consumption According to Purpose (COICOP), Expenditure of Households, Furnishings, household equipment and routine household maintenance, Weight [PCPI_CP_05_WT] (BASE_PER=_Z)",4.097805854814146,weight (%),pbs_cpi_sdmx,monthly
2025-01-31,"Prices, Consumer Prices, By Classification of Individual Consumption According to Purpose (COICOP), Expenditure of Households, Furnishings, household equipment and routine household maintenance, Weight [PCPI_CP_05_WT] (BASE_PER=_Z)",4.097805854814146,weight (%),pbs_cpi_sdmx,monthly
2025-02-28,"Prices, Consumer Prices, By Classification of Individual Consumption According to Purpose (COICOP), Expenditure of Households, Furnishings, household equipment and routine household maintenance, Weight [PCPI_CP_05_WT] (BASE_PER=_Z)",4.097805854814146,weight (%),pbs_cpi_sdmx,monthly
2025-03-31,"Prices, Consumer Prices, By Classification of Individual Consumption According to Purpose (COICOP), Expenditure of Households, Furnishings, household equipment and routine household maintenance, Weight [PCPI_CP_05_WT] (BASE_PER=_Z)",4.097805854814146,weight (%),pbs_cpi_sdmx,monthly
2025-04-30,"Prices, Consumer Prices, By Classification of Individual Consumption According to Purpose (COICOP), Expenditure of Households, Furnishings, household equipment and routine household maintenance, Weight [PCPI_CP_05_WT] (BASE_PER=_Z)",4.097805854814146,weight (%),pbs_cpi_sdmx,monthly
2025-05-31,"Prices, Consumer Prices, By Classification of Individual Consumption According to Purpose (COICOP), Expenditure of Households, Furnishings, household equipment and routine household maintenance, Weight [PCPI_CP_05_WT] (BASE_PER=_Z)",4.097805854814146,weight (%),pbs_cpi_sdmx,monthly
2025-06-30,"Prices, Consumer Prices, By Classification of Individual Consumption According to Purpose (COICOP), Expenditure of Households, Furnishings, household equipment and routine household maintenance, Weight [PCPI_CP_05_WT] (BASE_PER=_Z)",4.097805854814146,weight (%),pbs_cpi_sdmx,monthly
2025-07-31,"Prices, Consumer Prices, By Classification of Individual Consumption According to Purpose (COICOP), Expenditure of Households, Furnishings, household equipment and routine household maintenance, Weight [PCPI_CP_05_WT] (BASE_PER=_Z)",4.097805854814146,weight (%),pbs_cpi_sdmx,monthly
2025-08-31,"Prices, Consumer Prices, By Classification of Individual Consumption According to Purpose (COICOP), Expenditure of Households, Furnishings, household equipment and routine household maintenance, Weight [PCPI_CP_05_WT] (BASE_PER=_Z)",4.097805854814146,weight (%),pbs_cpi_sdmx,monthly
2025-09-30,"Prices, Consumer Prices, By Classification of Individual Consumption According to Purpose (COICOP), Expenditure of Households, Furnishings, household equipment and routine household maintenance, Weight [PCPI_CP_05_WT] (BASE_PER=_Z)",4.097805854814146,weight (%),pbs_cpi_sdmx,monthly
2025-10-31,"Prices, Consumer Prices, By Classification of Individual Consumption According to Purpose (COICOP), Expenditure of Households, Furnishings, household equipment and routine household maintenance, Weight [PCPI_CP_05_WT] (BASE_PER=_Z)",4.097805854814146,weight (%),pbs_cpi_sdmx,monthly
2025-11-30,"Prices, Consumer Prices, By Classification of Individual Consumption According to Purpose (COICOP), Expenditure of Households, Furnishings, household equipment and routine household maintenance, Weight [PCPI_CP_05_WT] (BASE_PER=_Z)",4.097805854814146,weight (%),pbs_cpi_sdmx,monthly
2025-12-31,"Prices, Consumer Prices, By Classification of Individual Consumption According to Purpose (COICOP), Expenditure of Households, Furnishings, household equipment and routine household maintenance, Weight [PCPI_CP_05_WT] (BASE_PER=_Z)",4.097805854814146,weight (%),pbs_cpi_sdmx,monthly
2026-01-31,"Prices, Consumer Prices, By Classification of Individual Consumption According to Purpose (COICOP), Expenditure of Households, Furnishings, household equipment and routine household maintenance, Weight [PCPI_CP_05_WT] (BASE_PER=_Z)",4.097805854814146,weight (%),pbs_cpi_sdmx,monthly
2026-02-28,"Prices, Consumer Prices, By Classification of Individual Consumption According to Purpose (COICOP), Expenditure of Households, Furnishings, household equipment and routine household maintenance, Weight [PCPI_CP_05_WT] (BASE_PER=_Z)",4.097805854814146,weight (%),pbs_cpi_sdmx,monthly
2026-03-31,"Prices, Consumer Prices, By Classification of Individual Consumption According to Purpose (COICOP), Expenditure of Households, Furnishings, household equipment and routine household maintenance, Weight [PCPI_CP_05_WT] (BASE_PER=_Z)",4.097805854814146,weight (%),pbs_cpi_sdmx,monthly
2026-04-30,"Prices, Consumer Prices, By Classification of Individual Consumption According to Purpose (COICOP), Expenditure of Households, Furnishings, household equipment and routine household maintenance, Weight [PCPI_CP_05_WT] (BASE_PER=_Z)",4.097805854814146,weight (%),pbs_cpi_sdmx,monthly
2026-05-31,"Prices, Consumer Prices, By Classification of Individual Consumption According to Purpose (COICOP), Expenditure of Households, Furnishings, household equipment and routine household maintenance, Weight [PCPI_CP_05_WT] (BASE_PER=_Z)",4.097805854814146,weight (%),pbs_cpi_sdmx,monthly
2026-06-30,"Prices, Consumer Prices, By Classification of Individual Consumption According to Purpose (COICOP), Expenditure of Households, Furnishings, household equipment and routine household maintenance, Weight [PCPI_CP_05_WT] (BASE_PER=_Z)",4.097805854814146,weight (%),pbs_cpi_sdmx,monthly
2026-07-31,"Prices, Consumer Prices, By Classification of Individual Consumption According to Purpose (COICOP), Expenditure of Households, Furnishings, household equipment and routine household maintenance, Weight [PCPI_CP_05_WT] (BASE_PER=_Z)",4.097805854814146,weight (%),pbs_cpi_sdmx,monthly
2022-07-31,"Prices, Consumer Prices, By Classification of Individual Consumption According to Purpose (COICOP), Expenditure of Households, Health, Index [PCPI_CP_06_IX] (BASE_PER=2015/2016)",171.6498786653185,index,pbs_cpi_sdmx,monthly
2022-08-31,"Prices, Consumer Prices, By Classification of Individual Consumption According to Purpose (COICOP), Expenditure of Households, Health, Index [PCPI_CP_06_IX] (BASE_PER=2015/2016)",173.6370879676441,index,pbs_cpi_sdmx,monthly
2022-09-30,"Prices, Consumer Prices, By Classification of Individual Consumption According to Purpose (COICOP), Expenditure of Households, Health, Index [PCPI_CP_06_IX] (BASE_PER=2015/2016)",177.44521739130437,index,pbs_cpi_sdmx,monthly
2022-10-31,"Prices, Consumer Prices, By Classification of Individual Consumption According to Purpose (COICOP), Expenditure of Households, Health, Index [PCPI_CP_06_IX] (BASE_PER=2015/2016)",182.4731041456016,index,pbs_cpi_sdmx,monthly
2022-11-30,"Prices, Consumer Prices, By Classification of Individual Consumption According to Purpose (COICOP), Expenditure of Households, Health, Index [PCPI_CP_06_IX] (BASE_PER=2015/2016)",186.02119817997976,index,pbs_cpi_sdmx,monthly
2022-12-31,"Prices, Consumer Prices, By Classification of Individual Consumption According to Purpose (COICOP), Expenditure of Households, Health, Index [PCPI_CP_06_IX] (BASE_PER=2015/2016)",189.6330131445905,index,pbs_cpi_sdmx,monthly
2023-01-31,"Prices, Consumer Prices, By Classification of Individual Consumption According to Purpose (COICOP), Expenditure of Households, Health, Index [PCPI_CP_06_IX] (BASE_PER=2015/2016)",193.12691102123358,index,pbs_cpi_sdmx,monthly
2023-02-28,"Prices, Consumer Prices, By Classification of Individual Consumption According to Purpose (COICOP), Expenditure of Households, Health, Index [PCPI_CP_06_IX] (BASE_PER=2015/2016)",197.2541253791709,index,pbs_cpi_sdmx,monthly
2023-03-31,"Prices, Consumer Prices, By Classification of Individual Consumption According to Purpose (COICOP), Expenditure of Households, Health, Index [PCPI_CP_06_IX] (BASE_PER=2015/2016)",197.83825581395348,index,pbs_cpi_sdmx,monthly
2023-04-30,"Prices, Consumer Prices, By Classification of Individual Consumption According to Purpose (COICOP), Expenditure of Households, Health, Index [PCPI_CP_06_IX] (BASE_PER=2015/2016)",200.05745197168858,index,pbs_cpi_sdmx,monthly
2023-05-31,"Prices, Consumer Prices, By Classification of Individual Consumption According to Purpose (COICOP), Expenditure of Households, Health, Index [PCPI_CP_06_IX] (BASE_PER=2015/2016)",201.94028311425683,index,pbs_cpi_sdmx,monthly
2023-06-30,"Prices, Consumer Prices, By Classification of Individual Consumption According to Purpose (COICOP), Expenditure of Households, Health, Index [PCPI_CP_06_IX] (BASE_PER=2015/2016)",204.0985389282103,index,pbs_cpi_sdmx,monthly
2023-07-31,"Prices, Consumer Prices, By Classification of Individual Consumption According to Purpose (COICOP), Expenditure of Households, Health, Index [PCPI_CP_06_IX] (BASE_PER=2015/2016)",208.5774924165824,index,pbs_cpi_sdmx,monthly
2023-08-31,"Prices, Consumer Prices, By Classification of Individual Consumption According to Purpose (COICOP), Expenditure of Households, Health, Index [PCPI_CP_06_IX] (BASE_PER=2015/2016)",212.79692618806877,index,pbs_cpi_sdmx,monthly
2023-09-30,"Prices, Consumer Prices, By Classification of Individual Consumption According to Purpose (COICOP), Expenditure of Households, Health, Index [PCPI_CP_06_IX] (BASE_PER=2015/2016)",222.30514661274015,index,pbs_cpi_sdmx,monthly
2023-10-31,"Prices, Consumer Prices, By Classification of Individual Consumption According to Purpose (COICOP), Expenditure of Households, Health, Index [PCPI_CP_06_IX] (BASE_PER=2015/2016)",228.4355915065723,index,pbs_cpi_sdmx,monthly
2023-11-30,"Prices, Consumer Prices, By Classification of Individual Consumption According to Purpose (COICOP), Expenditure of Households, Health, Index [PCPI_CP_06_IX] (BASE_PER=2015/2016)",232.27562689585443,index,pbs_cpi_sdmx,monthly
2023-12-31,"Prices, Consumer Prices, By Classification of Individual Consumption According to Purpose (COICOP), Expenditure of Households, Health, Index [PCPI_CP_06_IX] (BASE_PER=2015/2016)",233.93392821031347,index,pbs_cpi_sdmx,monthly
2024-01-31,"Prices, Consumer Prices, By Classification of Individual Consumption According to Purpose (COICOP), Expenditure of Households, Health, Index [PCPI_CP_06_IX] (BASE_PER=2015/2016)",234.59951466127401,index,pbs_cpi_sdmx,monthly
2024-02-29,"Prices, Consumer Prices, By Classification of Individual Consumption According to Purpose (COICOP), Expenditure of Households, Health, Index [PCPI_CP_06_IX] (BASE_PER=2015/2016)",235.39145601617798,index,pbs_cpi_sdmx,monthly
2024-03-31,"Prices, Consumer Prices, By Classification of Individual Consumption According to Purpose (COICOP), Expenditure of Households, Health, Index [PCPI_CP_06_IX] (BASE_PER=2015/2016)",236.68,index,pbs_cpi_sdmx,monthly
2024-04-30,"Prices, Consumer Prices, By Classification of Individual Consumption According to Purpose (COICOP), Expenditure of Households, Health, Index [PCPI_CP_06_IX] (BASE_PER=2015/2016)",237.2901213346815,index,pbs_cpi_sdmx,monthly
2024-05-31,"Prices, Consumer Prices, By Classification of Individual Consumption According to Purpose (COICOP), Expenditure of Households, Health, Index [PCPI_CP_06_IX] (BASE_PER=2015/2016)",241.166809908999,index,pbs_cpi_sdmx,monthly
2024-06-30,"Prices, Consumer Prices, By Classification of Individual Consumption According to Purpose (COICOP), Expenditure of Households, Health, Index [PCPI_CP_06_IX] (BASE_PER=2015/2016)",244.56369565217392,index,pbs_cpi_sdmx,monthly
2024-07-31,"Prices, Consumer Prices, By Classification of Individual Consumption According to Purpose (COICOP), Expenditure of Households, Health, Index [PCPI_CP_06_IX] (BASE_PER=2015/2016)",248.47794742163802,index,pbs_cpi_sdmx,monthly
2024-08-31,"Prices, Consumer Prices, By Classification of Individual Consumption According to Purpose (COICOP), Expenditure of Households, Health, Index [PCPI_CP_06_IX] (BASE_PER=2015/2016)",250.62649140546006,index,pbs_cpi_sdmx,monthly
2024-09-30,"Prices, Consumer Prices, By Classification of Individual Consumption According to Purpose (COICOP), Expenditure of Households, Health, Index [PCPI_CP_06_IX] (BASE_PER=2015/2016)",252.73572800808898,index,pbs_cpi_sdmx,monthly
2024-10-31,"Prices, Consumer Prices, By Classification of Individual Consumption According to Purpose (COICOP), Expenditure of Households, Health, Index [PCPI_CP_06_IX] (BASE_PER=2015/2016)",256.50803336703746,index,pbs_cpi_sdmx,monthly
2024-11-30,"Prices, Consumer Prices, By Classification of Individual Consumption According to Purpose (COICOP), Expenditure of Households, Health, Index [PCPI_CP_06_IX] (BASE_PER=2015/2016)",262.62220424671386,index,pbs_cpi_sdmx,monthly
2024-12-31,"Prices, Consumer Prices, By Classification of Individual Consumption According to Purpose (COICOP), Expenditure of Households, Health, Index [PCPI_CP_06_IX] (BASE_PER=2015/2016)",265.0007431749242,index,pbs_cpi_sdmx,monthly
2025-01-31,"Prices, Consumer Prices, By Classification of Individual Consumption According to Purpose (COICOP), Expenditure of Households, Health, Index [PCPI_CP_06_IX] (BASE_PER=2015/2016)",267.6485136501517,index,pbs_cpi_sdmx,monthly
2025-02-28,"Prices, Consumer Prices, By Classification of Individual Consumption According to Purpose (COICOP), Expenditure of Households, Health, Index [PCPI_CP_06_IX] (BASE_PER=2015/2016)",269.1561627906977,index,pbs_cpi_sdmx,monthly
2025-03-31,"Prices, Consumer Prices, By Classification of Individual Consumption According to Purpose (COICOP), Expenditure of Households, Health, Index [PCPI_CP_06_IX] (BASE_PER=2015/2016)",269.3354347826087,index,pbs_cpi_sdmx,monthly
2025-04-30,"Prices, Consumer Prices, By Classification of Individual Consumption According to Purpose (COICOP), Expenditure of Households, Health, Index [PCPI_CP_06_IX] (BASE_PER=2015/2016)",270.8681496461072,index,pbs_cpi_sdmx,monthly
2025-05-31,"Prices, Consumer Prices, By Classification of Individual Consumption According to Purpose (COICOP), Expenditure of Households, Health, Index [PCPI_CP_06_IX] (BASE_PER=2015/2016)",271.9107785642062,index,pbs_cpi_sdmx,monthly
2025-06-30,"Prices, Consumer Prices, By Classification of Individual Consumption According to Purpose (COICOP), Expenditure of Households, Health, Index [PCPI_CP_06_IX] (BASE_PER=2015/2016)",274.2820323559151,index,pbs_cpi_sdmx,monthly
2025-07-31,"Prices, Consumer Prices, By Classification of Individual Consumption According to Purpose (COICOP), Expenditure of Households, Health, Index [PCPI_CP_06_IX] (BASE_PER=2015/2016)",275.2390343781598,index,pbs_cpi_sdmx,monthly
2025-08-31,"Prices, Consumer Prices, By Classification of Individual Consumption According to Purpose (COICOP), Expenditure of Households, Health, Index [PCPI_CP_06_IX] (BASE_PER=2015/2016)",277.2,index,pbs_cpi_sdmx,monthly
2025-09-30,"Prices, Consumer Prices, By Classification of Individual Consumption According to Purpose (COICOP), Expenditure of Households, Health, Index [PCPI_CP_06_IX] (BASE_PER=2015/2016)",279.49,index,pbs_cpi_sdmx,monthly
2025-10-31,"Prices, Consumer Prices, By Classification of Individual Consumption According to Purpose (COICOP), Expenditure of Households, Health, Index [PCPI_CP_06_IX] (BASE_PER=2015/2016)",281.37,index,pbs_cpi_sdmx,monthly
2025-11-30,"Prices, Consumer Prices, By Classification of Individual Consumption According to Purpose (COICOP), Expenditure of Households, Health, Index [PCPI_CP_06_IX] (BASE_PER=2015/2016)",284.42,index,pbs_cpi_sdmx,monthly
2025-12-31,"Prices, Consumer Prices, By Classification of Individual Consumption According to Purpose (COICOP), Expenditure of Households, Health, Index [PCPI_CP_06_IX] (BASE_PER=2015/2016)",285.52,index,pbs_cpi_sdmx,monthly
2026-01-31,"Prices, Consumer Prices, By Classification of Individual Consumption According to Purpose (COICOP), Expenditure of Households, Health, Index [PCPI_CP_06_IX] (BASE_PER=2015/2016)",286.76315975733064,index,pbs_cpi_sdmx,monthly
2026-02-28,"Prices, Consumer Prices, By Classification of Individual Consumption According to Purpose (COICOP), Expenditure of Households, Health, Index [PCPI_CP_06_IX] (BASE_PER=2015/2016)",288.52097067745194,index,pbs_cpi_sdmx,monthly
2026-03-31,"Prices, Consumer Prices, By Classification of Individual Consumption According to Purpose (COICOP), Expenditure of Households, Health, Index [PCPI_CP_06_IX] (BASE_PER=2015/2016)",289.1595551061679,index,pbs_cpi_sdmx,monthly
2026-04-30,"Prices, Consumer Prices, By Classification of Individual Consumption According to Purpose (COICOP), Expenditure of Households, Health, Index [PCPI_CP_06_IX] (BASE_PER=2015/2016)",290.04259352881695,index,pbs_cpi_sdmx,monthly
2026-05-31,"Prices, Consumer Prices, By Classification of Individual Consumption According to Purpose (COICOP), Expenditure of Households, Health, Index [PCPI_CP_06_IX] (BASE_PER=2015/2016)",292.41004044489387,index,pbs_cpi_sdmx,monthly
2026-06-30,"Prices, Consumer Prices, By Classification of Individual Consumption According to Purpose (COICOP), Expenditure of Households, Health, Index [PCPI_CP_06_IX] (BASE_PER=2015/2016)",295.1082558139535,index,pbs_cpi_sdmx,monthly
2026-07-31,"Prices, Consumer Prices, By Classification of Individual Consumption According to Purpose (COICOP), Expenditure of Households, Health, Index [PCPI_CP_06_IX] (BASE_PER=2015/2016)",296.71372598584423,index,pbs_cpi_sdmx,monthly
2022-07-31,"Prices, Consumer Prices, By Classification of Individual Consumption According to Purpose (COICOP), Expenditure of Households, Health, Weight [PCPI_CP_06_WT] (BASE_PER=_Z)",2.7892154097805855,weight (%),pbs_cpi_sdmx,monthly
2022-08-31,"Prices, Consumer Prices, By Classification of Individual Consumption According to Purpose (COICOP), Expenditure of Households, Health, Weight [PCPI_CP_06_WT] (BASE_PER=_Z)",2.7892154097805855,weight (%),pbs_cpi_sdmx,monthly
2022-09-30,"Prices, Consumer Prices, By Classification of Individual Consumption According to Purpose (COICOP), Expenditure of Households, Health, Weight [PCPI_CP_06_WT] (BASE_PER=_Z)",2.7892154097805855,weight (%),pbs_cpi_sdmx,monthly
2022-10-31,"Prices, Consumer Prices, By Classification of Individual Consumption According to Purpose (COICOP), Expenditure of Households, Health, Weight [PCPI_CP_06_WT] (BASE_PER=_Z)",2.7892154097805855,weight (%),pbs_cpi_sdmx,monthly
2022-11-30,"Prices, Consumer Prices, By Classification of Individual Consumption According to Purpose (COICOP), Expenditure of Households, Health, Weight [PCPI_CP_06_WT] (BASE_PER=_Z)",2.7892154097805855,weight (%),pbs_cpi_sdmx,monthly
2022-12-31,"Prices, Consumer Prices, By Classification of Individual Consumption According to Purpose (COICOP), Expenditure of Households, Health, Weight [PCPI_CP_06_WT] (BASE_PER=_Z)",2.7892154097805855,weight (%),pbs_cpi_sdmx,monthly
2023-01-31,"Prices, Consumer Prices, By Classification of Individual Consumption According to Purpose (COICOP), Expenditure of Households, Health, Weight [PCPI_CP_06_WT] (BASE_PER=_Z)",2.7892154097805855,weight (%),pbs_cpi_sdmx,monthly
2023-02-28,"Prices, Consumer Prices, By Classification of Individual Consumption According to Purpose (COICOP), Expenditure of Households, Health, Weight [PCPI_CP_06_WT] (BASE_PER=_Z)",2.7892154097805855,weight (%),pbs_cpi_sdmx,monthly
2023-03-31,"Prices, Consumer Prices, By Classification of Individual Consumption According to Purpose (COICOP), Expenditure of Households, Health, Weight [PCPI_CP_06_WT] (BASE_PER=_Z)",2.7892154097805855,weight (%),pbs_cpi_sdmx,monthly
2023-04-30,"Prices, Consumer Prices, By Classification of Individual Consumption According to Purpose (COICOP), Expenditure of Households, Health, Weight [PCPI_CP_06_WT] (BASE_PER=_Z)",2.7892154097805855,weight (%),pbs_cpi_sdmx,monthly
2023-05-31,"Prices, Consumer Prices, By Classification of Individual Consumption According to Purpose (COICOP), Expenditure of Households, Health, Weight [PCPI_CP_06_WT] (BASE_PER=_Z)",2.7892154097805855,weight (%),pbs_cpi_sdmx,monthly
2023-06-30,"Prices, Consumer Prices, By Classification of Individual Consumption According to Purpose (COICOP), Expenditure of Households, Health, Weight [PCPI_CP_06_WT] (BASE_PER=_Z)",2.7892154097805855,weight (%),pbs_cpi_sdmx,monthly
2023-07-31,"Prices, Consumer Prices, By Classification of Individual Consumption According to Purpose (COICOP), Expenditure of Households, Health, Weight [PCPI_CP_06_WT] (BASE_PER=_Z)",2.7892154097805855,weight (%),pbs_cpi_sdmx,monthly
2023-08-31,"Prices, Consumer Prices, By Classification of Individual Consumption According to Purpose (COICOP), Expenditure of Households, Health, Weight [PCPI_CP_06_WT] (BASE_PER=_Z)",2.7892154097805855,weight (%),pbs_cpi_sdmx,monthly
2023-09-30,"Prices, Consumer Prices, By Classification of Individual Consumption According to Purpose (COICOP), Expenditure of Households, Health, Weight [PCPI_CP_06_WT] (BASE_PER=_Z)",2.7892154097805855,weight (%),pbs_cpi_sdmx,monthly
2023-10-31,"Prices, Consumer Prices, By Classification of Individual Consumption According to Purpose (COICOP), Expenditure of Households, Health, Weight [PCPI_CP_06_WT] (BASE_PER=_Z)",2.7892154097805855,weight (%),pbs_cpi_sdmx,monthly
2023-11-30,"Prices, Consumer Prices, By Classification of Individual Consumption According to Purpose (COICOP), Expenditure of Households, Health, Weight [PCPI_CP_06_WT] (BASE_PER=_Z)",2.7892154097805855,weight (%),pbs_cpi_sdmx,monthly
2023-12-31,"Prices, Consumer Prices, By Classification of Individual Consumption According to Purpose (COICOP), Expenditure of Households, Health, Weight [PCPI_CP_06_WT] (BASE_PER=_Z)",2.7892154097805855,weight (%),pbs_cpi_sdmx,monthly
2024-01-31,"Prices, Consumer Prices, By Classification of Individual Consumption According to Purpose (COICOP), Expenditure of Households, Health, Weight [PCPI_CP_06_WT] (BASE_PER=_Z)",2.7892154097805855,weight (%),pbs_cpi_sdmx,monthly
2024-02-29,"Prices, Consumer Prices, By Classification of Individual Consumption According to Purpose (COICOP), Expenditure of Households, Health, Weight [PCPI_CP_06_WT] (BASE_PER=_Z)",2.7892154097805855,weight (%),pbs_cpi_sdmx,monthly
2024-03-31,"Prices, Consumer Prices, By Classification of Individual Consumption According to Purpose (COICOP), Expenditure of Households, Health, Weight [PCPI_CP_06_WT] (BASE_PER=_Z)",2.7892154097805855,weight (%),pbs_cpi_sdmx,monthly
2024-04-30,"Prices, Consumer Prices, By Classification of Individual Consumption According to Purpose (COICOP), Expenditure of Households, Health, Weight [PCPI_CP_06_WT] (BASE_PER=_Z)",2.7892154097805855,weight (%),pbs_cpi_sdmx,monthly
2024-05-31,"Prices, Consumer Prices, By Classification of Individual Consumption According to Purpose (COICOP), Expenditure of Households, Health, Weight [PCPI_CP_06_WT] (BASE_PER=_Z)",2.7892154097805855,weight (%),pbs_cpi_sdmx,monthly
2024-06-30,"Prices, Consumer Prices, By Classification of Individual Consumption According to Purpose (COICOP), Expenditure of Households, Health, Weight [PCPI_CP_06_WT] (BASE_PER=_Z)",2.7892154097805855,weight (%),pbs_cpi_sdmx,monthly
2024-07-31,"Prices, Consumer Prices, By Classification of Individual Consumption According to Purpose (COICOP), Expenditure of Households, Health, Weight [PCPI_CP_06_WT] (BASE_PER=_Z)",2.7892154097805855,weight (%),pbs_cpi_sdmx,monthly
2024-08-31,"Prices, Consumer Prices, By Classification of Individual Consumption According to Purpose (COICOP), Expenditure of Households, Health, Weight [PCPI_CP_06_WT] (BASE_PER=_Z)",2.7892154097805855,weight (%),pbs_cpi_sdmx,monthly
2024-09-30,"Prices, Consumer Prices, By Classification of Individual Consumption According to Purpose (COICOP), Expenditure of Households, Health, Weight [PCPI_CP_06_WT] (BASE_PER=_Z)",2.7892154097805855,weight (%),pbs_cpi_sdmx,monthly
2024-10-31,"Prices, Consumer Prices, By Classification of Individual Consumption According to Purpose (COICOP), Expenditure of Households, Health, Weight [PCPI_CP_06_WT] (BASE_PER=_Z)",2.7892154097805855,weight (%),pbs_cpi_sdmx,monthly
2024-11-30,"Prices, Consumer Prices, By Classification of Individual Consumption According to Purpose (COICOP), Expenditure of Households, Health, Weight [PCPI_CP_06_WT] (BASE_PER=_Z)",2.7892154097805855,weight (%),pbs_cpi_sdmx,monthly
2024-12-31,"Prices, Consumer Prices, By Classification of Individual Consumption According to Purpose (COICOP), Expenditure of Households, Health, Weight [PCPI_CP_06_WT] (BASE_PER=_Z)",2.7892154097805855,weight (%),pbs_cpi_sdmx,monthly
2025-01-31,"Prices, Consumer Prices, By Classification of Individual Consumption According to Purpose (COICOP), Expenditure of Households, Health, Weight [PCPI_CP_06_WT] (BASE_PER=_Z)",2.7892154097805855,weight (%),pbs_cpi_sdmx,monthly
2025-02-28,"Prices, Consumer Prices, By Classification of Individual Consumption According to Purpose (COICOP), Expenditure of Households, Health, Weight [PCPI_CP_06_WT] (BASE_PER=_Z)",2.7892154097805855,weight (%),pbs_cpi_sdmx,monthly
2025-03-31,"Prices, Consumer Prices, By Classification of Individual Consumption According to Purpose (COICOP), Expenditure of Households, Health, Weight [PCPI_CP_06_WT] (BASE_PER=_Z)",2.7892154097805855,weight (%),pbs_cpi_sdmx,monthly
2025-04-30,"Prices, Consumer Prices, By Classification of Individual Consumption According to Purpose (COICOP), Expenditure of Households, Health, Weight [PCPI_CP_06_WT] (BASE_PER=_Z)",2.7892154097805855,weight (%),pbs_cpi_sdmx,monthly
2025-05-31,"Prices, Consumer Prices, By Classification of Individual Consumption According to Purpose (COICOP), Expenditure of Households, Health, Weight [PCPI_CP_06_WT] (BASE_PER=_Z)",2.7892154097805855,weight (%),pbs_cpi_sdmx,monthly
2025-06-30,"Prices, Consumer Prices, By Classification of Individual Consumption According to Purpose (COICOP), Expenditure of Households, Health, Weight [PCPI_CP_06_WT] (BASE_PER=_Z)",2.7892154097805855,weight (%),pbs_cpi_sdmx,monthly
2025-07-31,"Prices, Consumer Prices, By Classification of Individual Consumption According to Purpose (COICOP), Expenditure of Households, Health, Weight [PCPI_CP_06_WT] (BASE_PER=_Z)",2.7892154097805855,weight (%),pbs_cpi_sdmx,monthly
2025-08-31,"Prices, Consumer Prices, By Classification of Individual Consumption According to Purpose (COICOP), Expenditure of Households, Health, Weight [PCPI_CP_06_WT] (BASE_PER=_Z)",2.7892154097805855,weight (%),pbs_cpi_sdmx,monthly
2025-09-30,"Prices, Consumer Prices, By Classification of Individual Consumption According to Purpose (COICOP), Expenditure of Households, Health, Weight [PCPI_CP_06_WT] (BASE_PER=_Z)",2.7892154097805855,weight (%),pbs_cpi_sdmx,monthly
2025-10-31,"Prices, Consumer Prices, By Classification of Individual Consumption According to Purpose (COICOP), Expenditure of Households, Health, Weight [PCPI_CP_06_WT] (BASE_PER=_Z)",2.7892154097805855,weight (%),pbs_cpi_sdmx,monthly
2025-11-30,"Prices, Consumer Prices, By Classification of Individual Consumption According to Purpose (COICOP), Expenditure of Households, Health, Weight [PCPI_CP_06_WT] (BASE_PER=_Z)",2.7892154097805855,weight (%),pbs_cpi_sdmx,monthly
2025-12-31,"Prices, Consumer Prices, By Classification of Individual Consumption According to Purpose (COICOP), Expenditure of Households, Health, Weight [PCPI_CP_06_WT] (BASE_PER=_Z)",2.7892154097805855,weight (%),pbs_cpi_sdmx,monthly
2026-01-31,"Prices, Consumer Prices, By Classification of Individual Consumption According to Purpose (COICOP), Expenditure of Households, Health, Weight [PCPI_CP_06_WT] (BASE_PER=_Z)",2.7892154097805855,weight (%),pbs_cpi_sdmx,monthly
2026-02-28,"Prices, Consumer Prices, By Classification of Individual Consumption According to Purpose (COICOP), Expenditure of Households, Health, Weight [PCPI_CP_06_WT] (BASE_PER=_Z)",2.7892154097805855,weight (%),pbs_cpi_sdmx,monthly
2026-03-31,"Prices, Consumer Prices, By Classification of Individual Consumption According to Purpose (COICOP), Expenditure of Households, Health, Weight [PCPI_CP_06_WT] (BASE_PER=_Z)",2.7892154097805855,weight (%),pbs_cpi_sdmx,monthly
2026-04-30,"Prices, Consumer Prices, By Classification of Individual Consumption According to Purpose (COICOP), Expenditure of Households, Health, Weight [PCPI_CP_06_WT] (BASE_PER=_Z)",2.7892154097805855,weight (%),pbs_cpi_sdmx,monthly
2026-05-31,"Prices, Consumer Prices, By Classification of Individual Consumption According to Purpose (COICOP), Expenditure of Households, Health, Weight [PCPI_CP_06_WT] (BASE_PER=_Z)",2.7892154097805855,weight (%),pbs_cpi_sdmx,monthly
2026-06-30,"Prices, Consumer Prices, By Classification of Individual Consumption According to Purpose (COICOP), Expenditure of Households, Health, Weight [PCPI_CP_06_WT] (BASE_PER=_Z)",2.7892154097805855,weight (%),pbs_cpi_sdmx,monthly
2026-07-31,"Prices, Consumer Prices, By Classification of Individual Consumption According to Purpose (COICOP), Expenditure of Households, Health, Weight [PCPI_CP_06_WT] (BASE_PER=_Z)",2.7892154097805855,weight (%),pbs_cpi_sdmx,monthly
2022-07-31,"Prices, Consumer Prices, By Classification of Individual Consumption According to Purpose (COICOP), Expenditure of Households, Housing, water, electricity, gas and other fuels, Index [PCPI_CP_04_IX] (BASE_PER=2015/2016)",173.028482840943,index,pbs_cpi_sdmx,monthly
2022-08-31,"Prices, Consumer Prices, By Classification of Individual Consumption According to Purpose (COICOP), Expenditure of Households, Housing, water, electricity, gas and other fuels, Index [PCPI_CP_04_IX] (BASE_PER=2015/2016)",182.45722888689946,index,pbs_cpi_sdmx,monthly
2022-09-30,"Prices, Consumer Prices, By Classification of Individual Consumption According to Purpose (COICOP), Expenditure of Households, Housing, water, electricity, gas and other fuels, Index [PCPI_CP_04_IX] (BASE_PER=2015/2016)",150.23749447925994,index,pbs_cpi_sdmx,monthly
2022-10-31,"Prices, Consumer Prices, By Classification of Individual Consumption According to Purpose (COICOP), Expenditure of Households, Housing, water, electricity, gas and other fuels, Index [PCPI_CP_04_IX] (BASE_PER=2015/2016)",166.55863563115489,index,pbs_cpi_sdmx,monthly
2022-11-30,"Prices, Consumer Prices, By Classification of Individual Consumption According to Purpose (COICOP), Expenditure of Households, Housing, water, electricity, gas and other fuels, Index [PCPI_CP_04_IX] (BASE_PER=2015/2016)",167.47635571471204,index,pbs_cpi_sdmx,monthly
2022-12-31,"Prices, Consumer Prices, By Classification of Individual Consumption According to Purpose (COICOP), Expenditure of Households, Housing, water, electricity, gas and other fuels, Index [PCPI_CP_04_IX] (BASE_PER=2015/2016)",167.50806803939122,index,pbs_cpi_sdmx,monthly
2023-01-31,"Prices, Consumer Prices, By Classification of Individual Consumption According to Purpose (COICOP), Expenditure of Households, Housing, water, electricity, gas and other fuels, Index [PCPI_CP_04_IX] (BASE_PER=2015/2016)",170.52517934944794,index,pbs_cpi_sdmx,monthly
2023-02-28,"Prices, Consumer Prices, By Classification of Individual Consumption According to Purpose (COICOP), Expenditure of Households, Housing, water, electricity, gas and other fuels, Index [PCPI_CP_04_IX] (BASE_PER=2015/2016)",176.82806803939124,index,pbs_cpi_sdmx,monthly
2023-03-31,"Prices, Consumer Prices, By Classification of Individual Consumption According to Purpose (COICOP), Expenditure of Households, Housing, water, electricity, gas and other fuels, Index [PCPI_CP_04_IX] (BASE_PER=2015/2016)",178.7990188003581,index,pbs_cpi_sdmx,monthly
2023-04-30,"Prices, Consumer Prices, By Classification of Individual Consumption According to Purpose (COICOP), Expenditure of Households, Housing, water, electricity, gas and other fuels, Index [PCPI_CP_04_IX] (BASE_PER=2015/2016)",176.76700328260222,index,pbs_cpi_sdmx,monthly
2023-05-31,"Prices, Consumer Prices, By Classification of Individual Consumption According to Purpose (COICOP), Expenditure of Households, Housing, water, electricity, gas and other fuels, Index [PCPI_CP_04_IX] (BASE_PER=2015/2016)",177.92453178155773,index,pbs_cpi_sdmx,monthly
2023-06-30,"Prices, Consumer Prices, By Classification of Individual Consumption According to Purpose (COICOP), Expenditure of Households, Housing, water, electricity, gas and other fuels, Index [PCPI_CP_04_IX] (BASE_PER=2015/2016)",177.51145150701285,index,pbs_cpi_sdmx,monthly
2023-07-31,"Prices, Consumer Prices, By Classification of Individual Consumption According to Purpose (COICOP), Expenditure of Households, Housing, water, electricity, gas and other fuels, Index [PCPI_CP_04_IX] (BASE_PER=2015/2016)",191.79107191883023,index,pbs_cpi_sdmx,monthly
2023-08-31,"Prices, Consumer Prices, By Classification of Individual Consumption According to Purpose (COICOP), Expenditure of Households, Housing, water, electricity, gas and other fuels, Index [PCPI_CP_04_IX] (BASE_PER=2015/2016)",193.85707967770816,index,pbs_cpi_sdmx,monthly
2023-09-30,"Prices, Consumer Prices, By Classification of Individual Consumption According to Purpose (COICOP), Expenditure of Households, Housing, water, electricity, gas and other fuels, Index [PCPI_CP_04_IX] (BASE_PER=2015/2016)",194.86388660101466,index,pbs_cpi_sdmx,monthly
2023-10-31,"Prices, Consumer Prices, By Classification of Individual Consumption According to Purpose (COICOP), Expenditure of Households, Housing, water, electricity, gas and other fuels, Index [PCPI_CP_04_IX] (BASE_PER=2015/2016)",200.69719486720385,index,pbs_cpi_sdmx,monthly
2023-11-30,"Prices, Consumer Prices, By Classification of Individual Consumption According to Purpose (COICOP), Expenditure of Households, Housing, water, electricity, gas and other fuels, Index [PCPI_CP_04_IX] (BASE_PER=2015/2016)",222.69341271262311,index,pbs_cpi_sdmx,monthly
2023-12-31,"Prices, Consumer Prices, By Classification of Individual Consumption According to Purpose (COICOP), Expenditure of Households, Housing, water, electricity, gas and other fuels, Index [PCPI_CP_04_IX] (BASE_PER=2015/2016)",230.62352790211878,index,pbs_cpi_sdmx,monthly
2024-01-31,"Prices, Consumer Prices, By Classification of Individual Consumption According to Purpose (COICOP), Expenditure of Households, Housing, water, electricity, gas and other fuels, Index [PCPI_CP_04_IX] (BASE_PER=2015/2016)",236.42870008952553,index,pbs_cpi_sdmx,monthly
2024-02-29,"Prices, Consumer Prices, By Classification of Individual Consumption According to Purpose (COICOP), Expenditure of Households, Housing, water, electricity, gas and other fuels, Index [PCPI_CP_04_IX] (BASE_PER=2015/2016)",240.629230080573,index,pbs_cpi_sdmx,monthly
2024-03-31,"Prices, Consumer Prices, By Classification of Individual Consumption According to Purpose (COICOP), Expenditure of Households, Housing, water, electricity, gas and other fuels, Index [PCPI_CP_04_IX] (BASE_PER=2015/2016)",244.24,index,pbs_cpi_sdmx,monthly
2024-04-30,"Prices, Consumer Prices, By Classification of Individual Consumption According to Purpose (COICOP), Expenditure of Households, Housing, water, electricity, gas and other fuels, Index [PCPI_CP_04_IX] (BASE_PER=2015/2016)",239.8123479558341,index,pbs_cpi_sdmx,monthly
2024-05-31,"Prices, Consumer Prices, By Classification of Individual Consumption According to Purpose (COICOP), Expenditure of Households, Housing, water, electricity, gas and other fuels, Index [PCPI_CP_04_IX] (BASE_PER=2015/2016)",236.6316251865115,index,pbs_cpi_sdmx,monthly
2024-06-30,"Prices, Consumer Prices, By Classification of Individual Consumption According to Purpose (COICOP), Expenditure of Households, Housing, water, electricity, gas and other fuels, Index [PCPI_CP_04_IX] (BASE_PER=2015/2016)",240.1507508206506,index,pbs_cpi_sdmx,monthly
2024-07-31,"Prices, Consumer Prices, By Classification of Individual Consumption According to Purpose (COICOP), Expenditure of Households, Housing, water, electricity, gas and other fuels, Index [PCPI_CP_04_IX] (BASE_PER=2015/2016)",240.30846971053418,index,pbs_cpi_sdmx,monthly
2024-08-31,"Prices, Consumer Prices, By Classification of Individual Consumption According to Purpose (COICOP), Expenditure of Households, Housing, water, electricity, gas and other fuels, Index [PCPI_CP_04_IX] (BASE_PER=2015/2016)",236.93288033422857,index,pbs_cpi_sdmx,monthly
2024-09-30,"Prices, Consumer Prices, By Classification of Individual Consumption According to Purpose (COICOP), Expenditure of Households, Housing, water, electricity, gas and other fuels, Index [PCPI_CP_04_IX] (BASE_PER=2015/2016)",235.52158758579532,index,pbs_cpi_sdmx,monthly
2024-10-31,"Prices, Consumer Prices, By Classification of Individual Consumption According to Purpose (COICOP), Expenditure of Households, Housing, water, electricity, gas and other fuels, Index [PCPI_CP_04_IX] (BASE_PER=2015/2016)",239.31158758579528,index,pbs_cpi_sdmx,monthly
2024-11-30,"Prices, Consumer Prices, By Classification of Individual Consumption According to Purpose (COICOP), Expenditure of Households, Housing, water, electricity, gas and other fuels, Index [PCPI_CP_04_IX] (BASE_PER=2015/2016)",240.27295672933454,index,pbs_cpi_sdmx,monthly
2024-12-31,"Prices, Consumer Prices, By Classification of Individual Consumption According to Purpose (COICOP), Expenditure of Households, Housing, water, electricity, gas and other fuels, Index [PCPI_CP_04_IX] (BASE_PER=2015/2016)",238.42558102059087,index,pbs_cpi_sdmx,monthly
2025-01-31,"Prices, Consumer Prices, By Classification of Individual Consumption According to Purpose (COICOP), Expenditure of Households, Housing, water, electricity, gas and other fuels, Index [PCPI_CP_04_IX] (BASE_PER=2015/2016)",240.05618979409132,index,pbs_cpi_sdmx,monthly
2025-02-28,"Prices, Consumer Prices, By Classification of Individual Consumption According to Purpose (COICOP), Expenditure of Households, Housing, water, electricity, gas and other fuels, Index [PCPI_CP_04_IX] (BASE_PER=2015/2016)",239.26318591465235,index,pbs_cpi_sdmx,monthly
2025-03-31,"Prices, Consumer Prices, By Classification of Individual Consumption According to Purpose (COICOP), Expenditure of Households, Housing, water, electricity, gas and other fuels, Index [PCPI_CP_04_IX] (BASE_PER=2015/2016)",238.95349030140258,index,pbs_cpi_sdmx,monthly
2025-04-30,"Prices, Consumer Prices, By Classification of Individual Consumption According to Purpose (COICOP), Expenditure of Households, Housing, water, electricity, gas and other fuels, Index [PCPI_CP_04_IX] (BASE_PER=2015/2016)",233.53303312444046,index,pbs_cpi_sdmx,monthly
2025-05-31,"Prices, Consumer Prices, By Classification of Individual Consumption According to Purpose (COICOP), Expenditure of Households, Housing, water, electricity, gas and other fuels, Index [PCPI_CP_04_IX] (BASE_PER=2015/2016)",230.65915487914057,index,pbs_cpi_sdmx,monthly
2025-06-30,"Prices, Consumer Prices, By Classification of Individual Consumption According to Purpose (COICOP), Expenditure of Households, Housing, water, electricity, gas and other fuels, Index [PCPI_CP_04_IX] (BASE_PER=2015/2016)",232.27603700387942,index,pbs_cpi_sdmx,monthly
2025-07-31,"Prices, Consumer Prices, By Classification of Individual Consumption According to Purpose (COICOP), Expenditure of Households, Housing, water, electricity, gas and other fuels, Index [PCPI_CP_04_IX] (BASE_PER=2015/2016)",248.8717344076395,index,pbs_cpi_sdmx,monthly
2025-08-31,"Prices, Consumer Prices, By Classification of Individual Consumption According to Purpose (COICOP), Expenditure of Households, Housing, water, electricity, gas and other fuels, Index [PCPI_CP_04_IX] (BASE_PER=2015/2016)",246.24,index,pbs_cpi_sdmx,monthly
2025-09-30,"Prices, Consumer Prices, By Classification of Individual Consumption According to Purpose (COICOP), Expenditure of Households, Housing, water, electricity, gas and other fuels, Index [PCPI_CP_04_IX] (BASE_PER=2015/2016)",245.81,index,pbs_cpi_sdmx,monthly
2025-10-31,"Prices, Consumer Prices, By Classification of Individual Consumption According to Purpose (COICOP), Expenditure of Households, Housing, water, electricity, gas and other fuels, Index [PCPI_CP_04_IX] (BASE_PER=2015/2016)",249.46,index,pbs_cpi_sdmx,monthly
2025-11-30,"Prices, Consumer Prices, By Classification of Individual Consumption According to Purpose (COICOP), Expenditure of Households, Housing, water, electricity, gas and other fuels, Index [PCPI_CP_04_IX] (BASE_PER=2015/2016)",253.1,index,pbs_cpi_sdmx,monthly
2025-12-31,"Prices, Consumer Prices, By Classification of Individual Consumption According to Purpose (COICOP), Expenditure of Households, Housing, water, electricity, gas and other fuels, Index [PCPI_CP_04_IX] (BASE_PER=2015/2016)",254.79,index,pbs_cpi_sdmx,monthly
2026-01-31,"Prices, Consumer Prices, By Classification of Individual Consumption According to Purpose (COICOP), Expenditure of Households, Housing, water, electricity, gas and other fuels, Index [PCPI_CP_04_IX] (BASE_PER=2015/2016)",257.5628015517756,index,pbs_cpi_sdmx,monthly
2026-02-28,"Prices, Consumer Prices, By Classification of Individual Consumption According to Purpose (COICOP), Expenditure of Households, Housing, water, electricity, gas and other fuels, Index [PCPI_CP_04_IX] (BASE_PER=2015/2016)",262.352345568487,index,pbs_cpi_sdmx,monthly
2026-03-31,"Prices, Consumer Prices, By Classification of Individual Consumption According to Purpose (COICOP), Expenditure of Households, Housing, water, electricity, gas and other fuels, Index [PCPI_CP_04_IX] (BASE_PER=2015/2016)",266.40398149806026,index,pbs_cpi_sdmx,monthly
2026-04-30,"Prices, Consumer Prices, By Classification of Individual Consumption According to Purpose (COICOP), Expenditure of Households, Housing, water, electricity, gas and other fuels, Index [PCPI_CP_04_IX] (BASE_PER=2015/2016)",272.8663037899135,index,pbs_cpi_sdmx,monthly
2026-05-31,"Prices, Consumer Prices, By Classification of Individual Consumption According to Purpose (COICOP), Expenditure of Households, Housing, water, electricity, gas and other fuels, Index [PCPI_CP_04_IX] (BASE_PER=2015/2016)",269.35337630558047,index,pbs_cpi_sdmx,monthly
2026-06-30,"Prices, Consumer Prices, By Classification of Individual Consumption According to Purpose (COICOP), Expenditure of Households, Housing, water, electricity, gas and other fuels, Index [PCPI_CP_04_IX] (BASE_PER=2015/2016)",268.28908087138166,index,pbs_cpi_sdmx,monthly
2026-07-31,"Prices, Consumer Prices, By Classification of Individual Consumption According to Purpose (COICOP), Expenditure of Households, Housing, water, electricity, gas and other fuels, Index [PCPI_CP_04_IX] (BASE_PER=2015/2016)",266.63398388540736,index,pbs_cpi_sdmx,monthly
2022-07-31,"Prices, Consumer Prices, By Classification of Individual Consumption According to Purpose (COICOP), Expenditure of Households, Housing, water, electricity, gas and other fuels, Weight [PCPI_CP_04_WT] (BASE_PER=_Z)",23.62654408032038,weight (%),pbs_cpi_sdmx,monthly
2022-08-31,"Prices, Consumer Prices, By Classification of Individual Consumption According to Purpose (COICOP), Expenditure of Households, Housing, water, electricity, gas and other fuels, Weight [PCPI_CP_04_WT] (BASE_PER=_Z)",23.62654408032038,weight (%),pbs_cpi_sdmx,monthly
2022-09-30,"Prices, Consumer Prices, By Classification of Individual Consumption According to Purpose (COICOP), Expenditure of Households, Housing, water, electricity, gas and other fuels, Weight [PCPI_CP_04_WT] (BASE_PER=_Z)",23.62654408032038,weight (%),pbs_cpi_sdmx,monthly
2022-10-31,"Prices, Consumer Prices, By Classification of Individual Consumption According to Purpose (COICOP), Expenditure of Households, Housing, water, electricity, gas and other fuels, Weight [PCPI_CP_04_WT] (BASE_PER=_Z)",23.62654408032038,weight (%),pbs_cpi_sdmx,monthly
2022-11-30,"Prices, Consumer Prices, By Classification of Individual Consumption According to Purpose (COICOP), Expenditure of Households, Housing, water, electricity, gas and other fuels, Weight [PCPI_CP_04_WT] (BASE_PER=_Z)",23.62654408032038,weight (%),pbs_cpi_sdmx,monthly
2022-12-31,"Prices, Consumer Prices, By Classification of Individual Consumption According to Purpose (COICOP), Expenditure of Households, Housing, water, electricity, gas and other fuels, Weight [PCPI_CP_04_WT] (BASE_PER=_Z)",23.62654408032038,weight (%),pbs_cpi_sdmx,monthly
2023-01-31,"Prices, Consumer Prices, By Classification of Individual Consumption According to Purpose (COICOP), Expenditure of Households, Housing, water, electricity, gas and other fuels, Weight [PCPI_CP_04_WT] (BASE_PER=_Z)",23.62654408032038,weight (%),pbs_cpi_sdmx,monthly
2023-02-28,"Prices, Consumer Prices, By Classification of Individual Consumption According to Purpose (COICOP), Expenditure of Households, Housing, water, electricity, gas and other fuels, Weight [PCPI_CP_04_WT] (BASE_PER=_Z)",23.62654408032038,weight (%),pbs_cpi_sdmx,monthly
2023-03-31,"Prices, Consumer Prices, By Classification of Individual Consumption According to Purpose (COICOP), Expenditure of Households, Housing, water, electricity, gas and other fuels, Weight [PCPI_CP_04_WT] (BASE_PER=_Z)",23.62654408032038,weight (%),pbs_cpi_sdmx,monthly
2023-04-30,"Prices, Consumer Prices, By Classification of Individual Consumption According to Purpose (COICOP), Expenditure of Households, Housing, water, electricity, gas and other fuels, Weight [PCPI_CP_04_WT] (BASE_PER=_Z)",23.62654408032038,weight (%),pbs_cpi_sdmx,monthly
2023-05-31,"Prices, Consumer Prices, By Classification of Individual Consumption According to Purpose (COICOP), Expenditure of Households, Housing, water, electricity, gas and other fuels, Weight [PCPI_CP_04_WT] (BASE_PER=_Z)",23.62654408032038,weight (%),pbs_cpi_sdmx,monthly
2023-06-30,"Prices, Consumer Prices, By Classification of Individual Consumption According to Purpose (COICOP), Expenditure of Households, Housing, water, electricity, gas and other fuels, Weight [PCPI_CP_04_WT] (BASE_PER=_Z)",23.62654408032038,weight (%),pbs_cpi_sdmx,monthly
2023-07-31,"Prices, Consumer Prices, By Classification of Individual Consumption According to Purpose (COICOP), Expenditure of Households, Housing, water, electricity, gas and other fuels, Weight [PCPI_CP_04_WT] (BASE_PER=_Z)",23.62654408032038,weight (%),pbs_cpi_sdmx,monthly
2023-08-31,"Prices, Consumer Prices, By Classification of Individual Consumption According to Purpose (COICOP), Expenditure of Households, Housing, water, electricity, gas and other fuels, Weight [PCPI_CP_04_WT] (BASE_PER=_Z)",23.62654408032038,weight (%),pbs_cpi_sdmx,monthly
2023-09-30,"Prices, Consumer Prices, By Classification of Individual Consumption According to Purpose (COICOP), Expenditure of Households, Housing, water, electricity, gas and other fuels, Weight [PCPI_CP_04_WT] (BASE_PER=_Z)",23.62654408032038,weight (%),pbs_cpi_sdmx,monthly
2023-10-31,"Prices, Consumer Prices, By Classification of Individual Consumption According to Purpose (COICOP), Expenditure of Households, Housing, water, electricity, gas and other fuels, Weight [PCPI_CP_04_WT] (BASE_PER=_Z)",23.62654408032038,weight (%),pbs_cpi_sdmx,monthly
2023-11-30,"Prices, Consumer Prices, By Classification of Individual Consumption According to Purpose (COICOP), Expenditure of Households, Housing, water, electricity, gas and other fuels, Weight [PCPI_CP_04_WT] (BASE_PER=_Z)",23.62654408032038,weight (%),pbs_cpi_sdmx,monthly
2023-12-31,"Prices, Consumer Prices, By Classification of Individual Consumption According to Purpose (COICOP), Expenditure of Households, Housing, water, electricity, gas and other fuels, Weight [PCPI_CP_04_WT] (BASE_PER=_Z)",23.62654408032038,weight (%),pbs_cpi_sdmx,monthly
2024-01-31,"Prices, Consumer Prices, By Classification of Individual Consumption According to Purpose (COICOP), Expenditure of Households, Housing, water, electricity, gas and other fuels, Weight [PCPI_CP_04_WT] (BASE_PER=_Z)",23.62654408032038,weight (%),pbs_cpi_sdmx,monthly
2024-02-29,"Prices, Consumer Prices, By Classification of Individual Consumption According to Purpose (COICOP), Expenditure of Households, Housing, water, electricity, gas and other fuels, Weight [PCPI_CP_04_WT] (BASE_PER=_Z)",23.62654408032038,weight (%),pbs_cpi_sdmx,monthly
2024-03-31,"Prices, Consumer Prices, By Classification of Individual Consumption According to Purpose (COICOP), Expenditure of Households, Housing, water, electricity, gas and other fuels, Weight [PCPI_CP_04_WT] (BASE_PER=_Z)",23.62654408032038,weight (%),pbs_cpi_sdmx,monthly
2024-04-30,"Prices, Consumer Prices, By Classification of Individual Consumption According to Purpose (COICOP), Expenditure of Households, Housing, water, electricity, gas and other fuels, Weight [PCPI_CP_04_WT] (BASE_PER=_Z)",23.62654408032038,weight (%),pbs_cpi_sdmx,monthly
2024-05-31,"Prices, Consumer Prices, By Classification of Individual Consumption According to Purpose (COICOP), Expenditure of Households, Housing, water, electricity, gas and other fuels, Weight [PCPI_CP_04_WT] (BASE_PER=_Z)",23.62654408032038,weight (%),pbs_cpi_sdmx,monthly
2024-06-30,"Prices, Consumer Prices, By Classification of Individual Consumption According to Purpose (COICOP), Expenditure of Households, Housing, water, electricity, gas and other fuels, Weight [PCPI_CP_04_WT] (BASE_PER=_Z)",23.62654408032038,weight (%),pbs_cpi_sdmx,monthly
2024-07-31,"Prices, Consumer Prices, By Classification of Individual Consumption According to Purpose (COICOP), Expenditure of Households, Housing, water, electricity, gas and other fuels, Weight [PCPI_CP_04_WT] (BASE_PER=_Z)",23.62654408032038,weight (%),pbs_cpi_sdmx,monthly
2024-08-31,"Prices, Consumer Prices, By Classification of Individual Consumption According to Purpose (COICOP), Expenditure of Households, Housing, water, electricity, gas and other fuels, Weight [PCPI_CP_04_WT] (BASE_PER=_Z)",23.62654408032038,weight (%),pbs_cpi_sdmx,monthly
2024-09-30,"Prices, Consumer Prices, By Classification of Individual Consumption According to Purpose (COICOP), Expenditure of Households, Housing, water, electricity, gas and other fuels, Weight [PCPI_CP_04_WT] (BASE_PER=_Z)",23.62654408032038,weight (%),pbs_cpi_sdmx,monthly
2024-10-31,"Prices, Consumer Prices, By Classification of Individual Consumption According to Purpose (COICOP), Expenditure of Households, Housing, water, electricity, gas and other fuels, Weight [PCPI_CP_04_WT] (BASE_PER=_Z)",23.62654408032038,weight (%),pbs_cpi_sdmx,monthly
2024-11-30,"Prices, Consumer Prices, By Classification of Individual Consumption According to Purpose (COICOP), Expenditure of Households, Housing, water, electricity, gas and other fuels, Weight [PCPI_CP_04_WT] (BASE_PER=_Z)",23.62654408032038,weight (%),pbs_cpi_sdmx,monthly
2024-12-31,"Prices, Consumer Prices, By Classification of Individual Consumption According to Purpose (COICOP), Expenditure of Households, Housing, water, electricity, gas and other fuels, Weight [PCPI_CP_04_WT] (BASE_PER=_Z)",23.62654408032038,weight (%),pbs_cpi_sdmx,monthly
2025-01-31,"Prices, Consumer Prices, By Classification of Individual Consumption According to Purpose (COICOP), Expenditure of Households, Housing, water, electricity, gas and other fuels, Weight [PCPI_CP_04_WT] (BASE_PER=_Z)",23.62654408032038,weight (%),pbs_cpi_sdmx,monthly
2025-02-28,"Prices, Consumer Prices, By Classification of Individual Consumption According to Purpose (COICOP), Expenditure of Households, Housing, water, electricity, gas and other fuels, Weight [PCPI_CP_04_WT] (BASE_PER=_Z)",23.62654408032038,weight (%),pbs_cpi_sdmx,monthly
2025-03-31,"Prices, Consumer Prices, By Classification of Individual Consumption According to Purpose (COICOP), Expenditure of Households, Housing, water, electricity, gas and other fuels, Weight [PCPI_CP_04_WT] (BASE_PER=_Z)",23.62654408032038,weight (%),pbs_cpi_sdmx,monthly
2025-04-30,"Prices, Consumer Prices, By Classification of Individual Consumption According to Purpose (COICOP), Expenditure of Households, Housing, water, electricity, gas and other fuels, Weight [PCPI_CP_04_WT] (BASE_PER=_Z)",23.62654408032038,weight (%),pbs_cpi_sdmx,monthly
2025-05-31,"Prices, Consumer Prices, By Classification of Individual Consumption According to Purpose (COICOP), Expenditure of Households, Housing, water, electricity, gas and other fuels, Weight [PCPI_CP_04_WT] (BASE_PER=_Z)",23.62654408032038,weight (%),pbs_cpi_sdmx,monthly
2025-06-30,"Prices, Consumer Prices, By Classification of Individual Consumption According to Purpose (COICOP), Expenditure of Households, Housing, water, electricity, gas and other fuels, Weight [PCPI_CP_04_WT] (BASE_PER=_Z)",23.62654408032038,weight (%),pbs_cpi_sdmx,monthly
2025-07-31,"Prices, Consumer Prices, By Classification of Individual Consumption According to Purpose (COICOP), Expenditure of Households, Housing, water, electricity, gas and other fuels, Weight [PCPI_CP_04_WT] (BASE_PER=_Z)",23.62654408032038,weight (%),pbs_cpi_sdmx,monthly
2025-08-31,"Prices, Consumer Prices, By Classification of Individual Consumption According to Purpose (COICOP), Expenditure of Households, Housing, water, electricity, gas and other fuels, Weight [PCPI_CP_04_WT] (BASE_PER=_Z)",23.62654408032038,weight (%),pbs_cpi_sdmx,monthly
2025-09-30,"Prices, Consumer Prices, By Classification of Individual Consumption According to Purpose (COICOP), Expenditure of Households, Housing, water, electricity, gas and other fuels, Weight [PCPI_CP_04_WT] (BASE_PER=_Z)",23.62654408032038,weight (%),pbs_cpi_sdmx,monthly
2025-10-31,"Prices, Consumer Prices, By Classification of Individual Consumption According to Purpose (COICOP), Expenditure of Households, Housing, water, electricity, gas and other fuels, Weight [PCPI_CP_04_WT] (BASE_PER=_Z)",23.62654408032038,weight (%),pbs_cpi_sdmx,monthly
2025-11-30,"Prices, Consumer Prices, By Classification of Individual Consumption According to Purpose (COICOP), Expenditure of Households, Housing, water, electricity, gas and other fuels, Weight [PCPI_CP_04_WT] (BASE_PER=_Z)",23.62654408032038,weight (%),pbs_cpi_sdmx,monthly
2025-12-31,"Prices, Consumer Prices, By Classification of Individual Consumption According to Purpose (COICOP), Expenditure of Households, Housing, water, electricity, gas and other fuels, Weight [PCPI_CP_04_WT] (BASE_PER=_Z)",23.62654408032038,weight (%),pbs_cpi_sdmx,monthly
2026-01-31,"Prices, Consumer Prices, By Classification of Individual Consumption According to Purpose (COICOP), Expenditure of Households, Housing, water, electricity, gas and other fuels, Weight [PCPI_CP_04_WT] (BASE_PER=_Z)",23.62654408032038,weight (%),pbs_cpi_sdmx,monthly
2026-02-28,"Prices, Consumer Prices, By Classification of Individual Consumption According to Purpose (COICOP), Expenditure of Households, Housing, water, electricity, gas and other fuels, Weight [PCPI_CP_04_WT] (BASE_PER=_Z)",23.62654408032038,weight (%),pbs_cpi_sdmx,monthly
2026-03-31,"Prices, Consumer Prices, By Classification of Individual Consumption According to Purpose (COICOP), Expenditure of Households, Housing, water, electricity, gas and other fuels, Weight [PCPI_CP_04_WT] (BASE_PER=_Z)",23.62654408032038,weight (%),pbs_cpi_sdmx,monthly
2026-04-30,"Prices, Consumer Prices, By Classification of Individual Consumption According to Purpose (COICOP), Expenditure of Households, Housing, water, electricity, gas and other fuels, Weight [PCPI_CP_04_WT] (BASE_PER=_Z)",23.62654408032038,weight (%),pbs_cpi_sdmx,monthly
2026-05-31,"Prices, Consumer Prices, By Classification of Individual Consumption According to Purpose (COICOP), Expenditure of Households, Housing, water, electricity, gas and other fuels, Weight [PCPI_CP_04_WT] (BASE_PER=_Z)",23.62654408032038,weight (%),pbs_cpi_sdmx,monthly
2026-06-30,"Prices, Consumer Prices, By Classification of Individual Consumption According to Purpose (COICOP), Expenditure of Households, Housing, water, electricity, gas and other fuels, Weight [PCPI_CP_04_WT] (BASE_PER=_Z)",23.62654408032038,weight (%),pbs_cpi_sdmx,monthly
2026-07-31,"Prices, Consumer Prices, By Classification of Individual Consumption According to Purpose (COICOP), Expenditure of Households, Housing, water, electricity, gas and other fuels, Weight [PCPI_CP_04_WT] (BASE_PER=_Z)",23.62654408032038,weight (%),pbs_cpi_sdmx,monthly
2022-07-31,"Prices, Consumer Prices, By Classification of Individual Consumption According to Purpose (COICOP), Expenditure of Households, Miscellaneous goods and services, Index [PCPI_CP_12_IX] (BASE_PER=2015/2016)",180.70899408533984,index,pbs_cpi_sdmx,monthly
2022-08-31,"Prices, Consumer Prices, By Classification of Individual Consumption According to Purpose (COICOP), Expenditure of Households, Miscellaneous goods and services, Index [PCPI_CP_12_IX] (BASE_PER=2015/2016)",185.66608840658964,index,pbs_cpi_sdmx,monthly
2022-09-30,"Prices, Consumer Prices, By Classification of Individual Consumption According to Purpose (COICOP), Expenditure of Households, Miscellaneous goods and services, Index [PCPI_CP_12_IX] (BASE_PER=2015/2016)",192.73006314756404,index,pbs_cpi_sdmx,monthly
2022-10-31,"Prices, Consumer Prices, By Classification of Individual Consumption According to Purpose (COICOP), Expenditure of Households, Miscellaneous goods and services, Index [PCPI_CP_12_IX] (BASE_PER=2015/2016)",194.4858989638975,index,pbs_cpi_sdmx,monthly
2022-11-30,"Prices, Consumer Prices, By Classification of Individual Consumption According to Purpose (COICOP), Expenditure of Households, Miscellaneous goods and services, Index [PCPI_CP_12_IX] (BASE_PER=2015/2016)",199.0068172721605,index,pbs_cpi_sdmx,monthly
2022-12-31,"Prices, Consumer Prices, By Classification of Individual Consumption According to Purpose (COICOP), Expenditure of Households, Miscellaneous goods and services, Index [PCPI_CP_12_IX] (BASE_PER=2015/2016)",204.98607862305641,index,pbs_cpi_sdmx,monthly
2023-01-31,"Prices, Consumer Prices, By Classification of Individual Consumption According to Purpose (COICOP), Expenditure of Households, Miscellaneous goods and services, Index [PCPI_CP_12_IX] (BASE_PER=2015/2016)",211.47991728536942,index,pbs_cpi_sdmx,monthly
2023-02-28,"Prices, Consumer Prices, By Classification of Individual Consumption According to Purpose (COICOP), Expenditure of Households, Miscellaneous goods and services, Index [PCPI_CP_12_IX] (BASE_PER=2015/2016)",221.35296393454757,index,pbs_cpi_sdmx,monthly
2023-03-31,"Prices, Consumer Prices, By Classification of Individual Consumption According to Purpose (COICOP), Expenditure of Households, Miscellaneous goods and services, Index [PCPI_CP_12_IX] (BASE_PER=2015/2016)",226.88442166568933,index,pbs_cpi_sdmx,monthly
2023-04-30,"Prices, Consumer Prices, By Classification of Individual Consumption According to Purpose (COICOP), Expenditure of Households, Miscellaneous goods and services, Index [PCPI_CP_12_IX] (BASE_PER=2015/2016)",236.14270156075816,index,pbs_cpi_sdmx,monthly
2023-05-31,"Prices, Consumer Prices, By Classification of Individual Consumption According to Purpose (COICOP), Expenditure of Households, Miscellaneous goods and services, Index [PCPI_CP_12_IX] (BASE_PER=2015/2016)",246.63732734443948,index,pbs_cpi_sdmx,monthly
2023-06-30,"Prices, Consumer Prices, By Classification of Individual Consumption According to Purpose (COICOP), Expenditure of Households, Miscellaneous goods and services, Index [PCPI_CP_12_IX] (BASE_PER=2015/2016)",249.1165353313046,index,pbs_cpi_sdmx,monthly
2023-07-31,"Prices, Consumer Prices, By Classification of Individual Consumption According to Purpose (COICOP), Expenditure of Households, Miscellaneous goods and services, Index [PCPI_CP_12_IX] (BASE_PER=2015/2016)",251.68925156736262,index,pbs_cpi_sdmx,monthly
2023-08-31,"Prices, Consumer Prices, By Classification of Individual Consumption According to Purpose (COICOP), Expenditure of Households, Miscellaneous goods and services, Index [PCPI_CP_12_IX] (BASE_PER=2015/2016)",261.490369101851,index,pbs_cpi_sdmx,monthly
2023-09-30,"Prices, Consumer Prices, By Classification of Individual Consumption According to Purpose (COICOP), Expenditure of Households, Miscellaneous goods and services, Index [PCPI_CP_12_IX] (BASE_PER=2015/2016)",262.92241961990226,index,pbs_cpi_sdmx,monthly
2023-10-31,"Prices, Consumer Prices, By Classification of Individual Consumption According to Purpose (COICOP), Expenditure of Households, Miscellaneous goods and services, Index [PCPI_CP_12_IX] (BASE_PER=2015/2016)",262.99950415761884,index,pbs_cpi_sdmx,monthly
2023-11-30,"Prices, Consumer Prices, By Classification of Individual Consumption According to Purpose (COICOP), Expenditure of Households, Miscellaneous goods and services, Index [PCPI_CP_12_IX] (BASE_PER=2015/2016)",267.1840716855027,index,pbs_cpi_sdmx,monthly
2023-12-31,"Prices, Consumer Prices, By Classification of Individual Consumption According to Purpose (COICOP), Expenditure of Households, Miscellaneous goods and services, Index [PCPI_CP_12_IX] (BASE_PER=2015/2016)",269.77062658387376,index,pbs_cpi_sdmx,monthly
2024-01-31,"Prices, Consumer Prices, By Classification of Individual Consumption According to Purpose (COICOP), Expenditure of Households, Miscellaneous goods and services, Index [PCPI_CP_12_IX] (BASE_PER=2015/2016)",272.50141859700875,index,pbs_cpi_sdmx,monthly
2024-02-29,"Prices, Consumer Prices, By Classification of Individual Consumption According to Purpose (COICOP), Expenditure of Households, Miscellaneous goods and services, Index [PCPI_CP_12_IX] (BASE_PER=2015/2016)",274.65287632815046,index,pbs_cpi_sdmx,monthly
2024-03-31,"Prices, Consumer Prices, By Classification of Individual Consumption According to Purpose (COICOP), Expenditure of Households, Miscellaneous goods and services, Index [PCPI_CP_12_IX] (BASE_PER=2015/2016)",276.81,index,pbs_cpi_sdmx,monthly
2024-04-30,"Prices, Consumer Prices, By Classification of Individual Consumption According to Purpose (COICOP), Expenditure of Households, Miscellaneous goods and services, Index [PCPI_CP_12_IX] (BASE_PER=2015/2016)",282.22154000037017,index,pbs_cpi_sdmx,monthly
2024-05-31,"Prices, Consumer Prices, By Classification of Individual Consumption According to Purpose (COICOP), Expenditure of Households, Miscellaneous goods and services, Index [PCPI_CP_12_IX] (BASE_PER=2015/2016)",282.79246320039977,index,pbs_cpi_sdmx,monthly
2024-06-30,"Prices, Consumer Prices, By Classification of Individual Consumption According to Purpose (COICOP), Expenditure of Households, Miscellaneous goods and services, Index [PCPI_CP_12_IX] (BASE_PER=2015/2016)",284.93497531846583,index,pbs_cpi_sdmx,monthly
2024-07-31,"Prices, Consumer Prices, By Classification of Individual Consumption According to Purpose (COICOP), Expenditure of Households, Miscellaneous goods and services, Index [PCPI_CP_12_IX] (BASE_PER=2015/2016)",288.39511139712715,index,pbs_cpi_sdmx,monthly
2024-08-31,"Prices, Consumer Prices, By Classification of Individual Consumption According to Purpose (COICOP), Expenditure of Households, Miscellaneous goods and services, Index [PCPI_CP_12_IX] (BASE_PER=2015/2016)",291.55682661029175,index,pbs_cpi_sdmx,monthly
2024-09-30,"Prices, Consumer Prices, By Classification of Individual Consumption According to Purpose (COICOP), Expenditure of Households, Miscellaneous goods and services, Index [PCPI_CP_12_IX] (BASE_PER=2015/2016)",295.01357584312154,index,pbs_cpi_sdmx,monthly
2024-10-31,"Prices, Consumer Prices, By Classification of Individual Consumption According to Purpose (COICOP), Expenditure of Households, Miscellaneous goods and services, Index [PCPI_CP_12_IX] (BASE_PER=2015/2016)",298.5434348726935,index,pbs_cpi_sdmx,monthly
2024-11-30,"Prices, Consumer Prices, By Classification of Individual Consumption According to Purpose (COICOP), Expenditure of Households, Miscellaneous goods and services, Index [PCPI_CP_12_IX] (BASE_PER=2015/2016)",300.78165162019843,index,pbs_cpi_sdmx,monthly
2024-12-31,"Prices, Consumer Prices, By Classification of Individual Consumption According to Purpose (COICOP), Expenditure of Households, Miscellaneous goods and services, Index [PCPI_CP_12_IX] (BASE_PER=2015/2016)",302.3527691546867,index,pbs_cpi_sdmx,monthly
2025-01-31,"Prices, Consumer Prices, By Classification of Individual Consumption According to Purpose (COICOP), Expenditure of Households, Miscellaneous goods and services, Index [PCPI_CP_12_IX] (BASE_PER=2015/2016)",304.90164183666514,index,pbs_cpi_sdmx,monthly
2025-02-28,"Prices, Consumer Prices, By Classification of Individual Consumption According to Purpose (COICOP), Expenditure of Households, Miscellaneous goods and services, Index [PCPI_CP_12_IX] (BASE_PER=2015/2016)",309.92290034158145,index,pbs_cpi_sdmx,monthly
2025-03-31,"Prices, Consumer Prices, By Classification of Individual Consumption According to Purpose (COICOP), Expenditure of Households, Miscellaneous goods and services, Index [PCPI_CP_12_IX] (BASE_PER=2015/2016)",313.92853203992297,index,pbs_cpi_sdmx,monthly
2025-04-30,"Prices, Consumer Prices, By Classification of Individual Consumption According to Purpose (COICOP), Expenditure of Households, Miscellaneous goods and services, Index [PCPI_CP_12_IX] (BASE_PER=2015/2016)",321.10767198745737,index,pbs_cpi_sdmx,monthly
2025-05-31,"Prices, Consumer Prices, By Classification of Individual Consumption According to Purpose (COICOP), Expenditure of Households, Miscellaneous goods and services, Index [PCPI_CP_12_IX] (BASE_PER=2015/2016)",326.4359469907596,index,pbs_cpi_sdmx,monthly
2025-06-30,"Prices, Consumer Prices, By Classification of Individual Consumption According to Purpose (COICOP), Expenditure of Households, Miscellaneous goods and services, Index [PCPI_CP_12_IX] (BASE_PER=2015/2016)",328.42713256457864,index,pbs_cpi_sdmx,monthly
2025-07-31,"Prices, Consumer Prices, By Classification of Individual Consumption According to Purpose (COICOP), Expenditure of Households, Miscellaneous goods and services, Index [PCPI_CP_12_IX] (BASE_PER=2015/2016)",331.351044157989,index,pbs_cpi_sdmx,monthly
2025-08-31,"Prices, Consumer Prices, By Classification of Individual Consumption According to Purpose (COICOP), Expenditure of Households, Miscellaneous goods and services, Index [PCPI_CP_12_IX] (BASE_PER=2015/2016)",333.52,index,pbs_cpi_sdmx,monthly
2025-09-30,"Prices, Consumer Prices, By Classification of Individual Consumption According to Purpose (COICOP), Expenditure of Households, Miscellaneous goods and services, Index [PCPI_CP_12_IX] (BASE_PER=2015/2016)",339.02,index,pbs_cpi_sdmx,monthly
2025-10-31,"Prices, Consumer Prices, By Classification of Individual Consumption According to Purpose (COICOP), Expenditure of Households, Miscellaneous goods and services, Index [PCPI_CP_12_IX] (BASE_PER=2015/2016)",352.83,index,pbs_cpi_sdmx,monthly
2025-11-30,"Prices, Consumer Prices, By Classification of Individual Consumption According to Purpose (COICOP), Expenditure of Households, Miscellaneous goods and services, Index [PCPI_CP_12_IX] (BASE_PER=2015/2016)",354.92,index,pbs_cpi_sdmx,monthly
2025-12-31,"Prices, Consumer Prices, By Classification of Individual Consumption According to Purpose (COICOP), Expenditure of Households, Miscellaneous goods and services, Index [PCPI_CP_12_IX] (BASE_PER=2015/2016)",360.59,index,pbs_cpi_sdmx,monthly
2026-01-31,"Prices, Consumer Prices, By Classification of Individual Consumption According to Purpose (COICOP), Expenditure of Households, Miscellaneous goods and services, Index [PCPI_CP_12_IX] (BASE_PER=2015/2016)",368.84858051218714,index,pbs_cpi_sdmx,monthly
2026-02-28,"Prices, Consumer Prices, By Classification of Individual Consumption According to Purpose (COICOP), Expenditure of Households, Miscellaneous goods and services, Index [PCPI_CP_12_IX] (BASE_PER=2015/2016)",381.2248098892048,index,pbs_cpi_sdmx,monthly
2026-03-31,"Prices, Consumer Prices, By Classification of Individual Consumption According to Purpose (COICOP), Expenditure of Households, Miscellaneous goods and services, Index [PCPI_CP_12_IX] (BASE_PER=2015/2016)",381.76420731876203,index,pbs_cpi_sdmx,monthly
2026-04-30,"Prices, Consumer Prices, By Classification of Individual Consumption According to Purpose (COICOP), Expenditure of Households, Miscellaneous goods and services, Index [PCPI_CP_12_IX] (BASE_PER=2015/2016)",379.9361946892492,index,pbs_cpi_sdmx,monthly
2026-05-31,"Prices, Consumer Prices, By Classification of Individual Consumption According to Purpose (COICOP), Expenditure of Households, Miscellaneous goods and services, Index [PCPI_CP_12_IX] (BASE_PER=2015/2016)",375.49798772527765,index,pbs_cpi_sdmx,monthly
2026-06-30,"Prices, Consumer Prices, By Classification of Individual Consumption According to Purpose (COICOP), Expenditure of Households, Miscellaneous goods and services, Index [PCPI_CP_12_IX] (BASE_PER=2015/2016)",368.52182638759064,index,pbs_cpi_sdmx,monthly
2026-07-31,"Prices, Consumer Prices, By Classification of Individual Consumption According to Purpose (COICOP), Expenditure of Households, Miscellaneous goods and services, Index [PCPI_CP_12_IX] (BASE_PER=2015/2016)",367.12924133842733,index,pbs_cpi_sdmx,monthly
2022-07-31,"Prices, Consumer Prices, By Classification of Individual Consumption According to Purpose (COICOP), Expenditure of Households, Miscellaneous goods and services, Weight [PCPI_CP_12_WT] (BASE_PER=_Z)",4.869628433639799,weight (%),pbs_cpi_sdmx,monthly
2022-08-31,"Prices, Consumer Prices, By Classification of Individual Consumption According to Purpose (COICOP), Expenditure of Households, Miscellaneous goods and services, Weight [PCPI_CP_12_WT] (BASE_PER=_Z)",4.869628433639799,weight (%),pbs_cpi_sdmx,monthly
2022-09-30,"Prices, Consumer Prices, By Classification of Individual Consumption According to Purpose (COICOP), Expenditure of Households, Miscellaneous goods and services, Weight [PCPI_CP_12_WT] (BASE_PER=_Z)",4.869628433639799,weight (%),pbs_cpi_sdmx,monthly
2022-10-31,"Prices, Consumer Prices, By Classification of Individual Consumption According to Purpose (COICOP), Expenditure of Households, Miscellaneous goods and services, Weight [PCPI_CP_12_WT] (BASE_PER=_Z)",4.869628433639799,weight (%),pbs_cpi_sdmx,monthly
2022-11-30,"Prices, Consumer Prices, By Classification of Individual Consumption According to Purpose (COICOP), Expenditure of Households, Miscellaneous goods and services, Weight [PCPI_CP_12_WT] (BASE_PER=_Z)",4.869628433639799,weight (%),pbs_cpi_sdmx,monthly
2022-12-31,"Prices, Consumer Prices, By Classification of Individual Consumption According to Purpose (COICOP), Expenditure of Households, Miscellaneous goods and services, Weight [PCPI_CP_12_WT] (BASE_PER=_Z)",4.869628433639799,weight (%),pbs_cpi_sdmx,monthly
2023-01-31,"Prices, Consumer Prices, By Classification of Individual Consumption According to Purpose (COICOP), Expenditure of Households, Miscellaneous goods and services, Weight [PCPI_CP_12_WT] (BASE_PER=_Z)",4.869628433639799,weight (%),pbs_cpi_sdmx,monthly
2023-02-28,"Prices, Consumer Prices, By Classification of Individual Consumption According to Purpose (COICOP), Expenditure of Households, Miscellaneous goods and services, Weight [PCPI_CP_12_WT] (BASE_PER=_Z)",4.869628433639799,weight (%),pbs_cpi_sdmx,monthly
2023-03-31,"Prices, Consumer Prices, By Classification of Individual Consumption According to Purpose (COICOP), Expenditure of Households, Miscellaneous goods and services, Weight [PCPI_CP_12_WT] (BASE_PER=_Z)",4.869628433639799,weight (%),pbs_cpi_sdmx,monthly
2023-04-30,"Prices, Consumer Prices, By Classification of Individual Consumption According to Purpose (COICOP), Expenditure of Households, Miscellaneous goods and services, Weight [PCPI_CP_12_WT] (BASE_PER=_Z)",4.869628433639799,weight (%),pbs_cpi_sdmx,monthly
2023-05-31,"Prices, Consumer Prices, By Classification of Individual Consumption According to Purpose (COICOP), Expenditure of Households, Miscellaneous goods and services, Weight [PCPI_CP_12_WT] (BASE_PER=_Z)",4.869628433639799,weight (%),pbs_cpi_sdmx,monthly
2023-06-30,"Prices, Consumer Prices, By Classification of Individual Consumption According to Purpose (COICOP), Expenditure of Households, Miscellaneous goods and services, Weight [PCPI_CP_12_WT] (BASE_PER=_Z)",4.869628433639799,weight (%),pbs_cpi_sdmx,monthly
2023-07-31,"Prices, Consumer Prices, By Classification of Individual Consumption According to Purpose (COICOP), Expenditure of Households, Miscellaneous goods and services, Weight [PCPI_CP_12_WT] (BASE_PER=_Z)",4.869628433639799,weight (%),pbs_cpi_sdmx,monthly
2023-08-31,"Prices, Consumer Prices, By Classification of Individual Consumption According to Purpose (COICOP), Expenditure of Households, Miscellaneous goods and services, Weight [PCPI_CP_12_WT] (BASE_PER=_Z)",4.869628433639799,weight (%),pbs_cpi_sdmx,monthly
2023-09-30,"Prices, Consumer Prices, By Classification of Individual Consumption According to Purpose (COICOP), Expenditure of Households, Miscellaneous goods and services, Weight [PCPI_CP_12_WT] (BASE_PER=_Z)",4.869628433639799,weight (%),pbs_cpi_sdmx,monthly
2023-10-31,"Prices, Consumer Prices, By Classification of Individual Consumption According to Purpose (COICOP), Expenditure of Households, Miscellaneous goods and services, Weight [PCPI_CP_12_WT] (BASE_PER=_Z)",4.869628433639799,weight (%),pbs_cpi_sdmx,monthly
2023-11-30,"Prices, Consumer Prices, By Classification of Individual Consumption According to Purpose (COICOP), Expenditure of Households, Miscellaneous goods and services, Weight [PCPI_CP_12_WT] (BASE_PER=_Z)",4.869628433639799,weight (%),pbs_cpi_sdmx,monthly
2023-12-31,"Prices, Consumer Prices, By Classification of Individual Consumption According to Purpose (COICOP), Expenditure of Households, Miscellaneous goods and services, Weight [PCPI_CP_12_WT] (BASE_PER=_Z)",4.869628433639799,weight (%),pbs_cpi_sdmx,monthly
2024-01-31,"Prices, Consumer Prices, By Classification of Individual Consumption According to Purpose (COICOP), Expenditure of Households, Miscellaneous goods and services, Weight [PCPI_CP_12_WT] (BASE_PER=_Z)",4.869628433639799,weight (%),pbs_cpi_sdmx,monthly
2024-02-29,"Prices, Consumer Prices, By Classification of Individual Consumption According to Purpose (COICOP), Expenditure of Households, Miscellaneous goods and services, Weight [PCPI_CP_12_WT] (BASE_PER=_Z)",4.869628433639799,weight (%),pbs_cpi_sdmx,monthly
2024-03-31,"Prices, Consumer Prices, By Classification of Individual Consumption According to Purpose (COICOP), Expenditure of Households, Miscellaneous goods and services, Weight [PCPI_CP_12_WT] (BASE_PER=_Z)",4.869628433639799,weight (%),pbs_cpi_sdmx,monthly
2024-04-30,"Prices, Consumer Prices, By Classification of Individual Consumption According to Purpose (COICOP), Expenditure of Households, Miscellaneous goods and services, Weight [PCPI_CP_12_WT] (BASE_PER=_Z)",4.869628433639799,weight (%),pbs_cpi_sdmx,monthly
2024-05-31,"Prices, Consumer Prices, By Classification of Individual Consumption According to Purpose (COICOP), Expenditure of Households, Miscellaneous goods and services, Weight [PCPI_CP_12_WT] (BASE_PER=_Z)",4.869628433639799,weight (%),pbs_cpi_sdmx,monthly
2024-06-30,"Prices, Consumer Prices, By Classification of Individual Consumption According to Purpose (COICOP), Expenditure of Households, Miscellaneous goods and services, Weight [PCPI_CP_12_WT] (BASE_PER=_Z)",4.869628433639799,weight (%),pbs_cpi_sdmx,monthly
2024-07-31,"Prices, Consumer Prices, By Classification of Individual Consumption According to Purpose (COICOP), Expenditure of Households, Miscellaneous goods and services, Weight [PCPI_CP_12_WT] (BASE_PER=_Z)",4.869628433639799,weight (%),pbs_cpi_sdmx,monthly
2024-08-31,"Prices, Consumer Prices, By Classification of Individual Consumption According to Purpose (COICOP), Expenditure of Households, Miscellaneous goods and services, Weight [PCPI_CP_12_WT] (BASE_PER=_Z)",4.869628433639799,weight (%),pbs_cpi_sdmx,monthly
2024-09-30,"Prices, Consumer Prices, By Classification of Individual Consumption According to Purpose (COICOP), Expenditure of Households, Miscellaneous goods and services, Weight [PCPI_CP_12_WT] (BASE_PER=_Z)",4.869628433639799,weight (%),pbs_cpi_sdmx,monthly
2024-10-31,"Prices, Consumer Prices, By Classification of Individual Consumption According to Purpose (COICOP), Expenditure of Households, Miscellaneous goods and services, Weight [PCPI_CP_12_WT] (BASE_PER=_Z)",4.869628433639799,weight (%),pbs_cpi_sdmx,monthly
2024-11-30,"Prices, Consumer Prices, By Classification of Individual Consumption According to Purpose (COICOP), Expenditure of Households, Miscellaneous goods and services, Weight [PCPI_CP_12_WT] (BASE_PER=_Z)",4.869628433639799,weight (%),pbs_cpi_sdmx,monthly
2024-12-31,"Prices, Consumer Prices, By Classification of Individual Consumption According to Purpose (COICOP), Expenditure of Households, Miscellaneous goods and services, Weight [PCPI_CP_12_WT] (BASE_PER=_Z)",4.869628433639799,weight (%),pbs_cpi_sdmx,monthly
2025-01-31,"Prices, Consumer Prices, By Classification of Individual Consumption According to Purpose (COICOP), Expenditure of Households, Miscellaneous goods and services, Weight [PCPI_CP_12_WT] (BASE_PER=_Z)",4.869628433639799,weight (%),pbs_cpi_sdmx,monthly
2025-02-28,"Prices, Consumer Prices, By Classification of Individual Consumption According to Purpose (COICOP), Expenditure of Households, Miscellaneous goods and services, Weight [PCPI_CP_12_WT] (BASE_PER=_Z)",4.869628433639799,weight (%),pbs_cpi_sdmx,monthly
2025-03-31,"Prices, Consumer Prices, By Classification of Individual Consumption According to Purpose (COICOP), Expenditure of Households, Miscellaneous goods and services, Weight [PCPI_CP_12_WT] (BASE_PER=_Z)",4.869628433639799,weight (%),pbs_cpi_sdmx,monthly
2025-04-30,"Prices, Consumer Prices, By Classification of Individual Consumption According to Purpose (COICOP), Expenditure of Households, Miscellaneous goods and services, Weight [PCPI_CP_12_WT] (BASE_PER=_Z)",4.869628433639799,weight (%),pbs_cpi_sdmx,monthly
2025-05-31,"Prices, Consumer Prices, By Classification of Individual Consumption According to Purpose (COICOP), Expenditure of Households, Miscellaneous goods and services, Weight [PCPI_CP_12_WT] (BASE_PER=_Z)",4.869628433639799,weight (%),pbs_cpi_sdmx,monthly
2025-06-30,"Prices, Consumer Prices, By Classification of Individual Consumption According to Purpose (COICOP), Expenditure of Households, Miscellaneous goods and services, Weight [PCPI_CP_12_WT] (BASE_PER=_Z)",4.869628433639799,weight (%),pbs_cpi_sdmx,monthly
2025-07-31,"Prices, Consumer Prices, By Classification of Individual Consumption According to Purpose (COICOP), Expenditure of Households, Miscellaneous goods and services, Weight [PCPI_CP_12_WT] (BASE_PER=_Z)",4.869628433639799,weight (%),pbs_cpi_sdmx,monthly
2025-08-31,"Prices, Consumer Prices, By Classification of Individual Consumption According to Purpose (COICOP), Expenditure of Households, Miscellaneous goods and services, Weight [PCPI_CP_12_WT] (BASE_PER=_Z)",4.869628433639799,weight (%),pbs_cpi_sdmx,monthly
2025-09-30,"Prices, Consumer Prices, By Classification of Individual Consumption According to Purpose (COICOP), Expenditure of Households, Miscellaneous goods and services, Weight [PCPI_CP_12_WT] (BASE_PER=_Z)",4.869628433639799,weight (%),pbs_cpi_sdmx,monthly
2025-10-31,"Prices, Consumer Prices, By Classification of Individual Consumption According to Purpose (COICOP), Expenditure of Households, Miscellaneous goods and services, Weight [PCPI_CP_12_WT] (BASE_PER=_Z)",4.869628433639799,weight (%),pbs_cpi_sdmx,monthly
2025-11-30,"Prices, Consumer Prices, By Classification of Individual Consumption According to Purpose (COICOP), Expenditure of Households, Miscellaneous goods and services, Weight [PCPI_CP_12_WT] (BASE_PER=_Z)",4.869628433639799,weight (%),pbs_cpi_sdmx,monthly
2025-12-31,"Prices, Consumer Prices, By Classification of Individual Consumption According to Purpose (COICOP), Expenditure of Households, Miscellaneous goods and services, Weight [PCPI_CP_12_WT] (BASE_PER=_Z)",4.869628433639799,weight (%),pbs_cpi_sdmx,monthly
2026-01-31,"Prices, Consumer Prices, By Classification of Individual Consumption According to Purpose (COICOP), Expenditure of Households, Miscellaneous goods and services, Weight [PCPI_CP_12_WT] (BASE_PER=_Z)",4.869628433639799,weight (%),pbs_cpi_sdmx,monthly
2026-02-28,"Prices, Consumer Prices, By Classification of Individual Consumption According to Purpose (COICOP), Expenditure of Households, Miscellaneous goods and services, Weight [PCPI_CP_12_WT] (BASE_PER=_Z)",4.869628433639799,weight (%),pbs_cpi_sdmx,monthly
2026-03-31,"Prices, Consumer Prices, By Classification of Individual Consumption According to Purpose (COICOP), Expenditure of Households, Miscellaneous goods and services, Weight [PCPI_CP_12_WT] (BASE_PER=_Z)",4.869628433639799,weight (%),pbs_cpi_sdmx,monthly
2026-04-30,"Prices, Consumer Prices, By Classification of Individual Consumption According to Purpose (COICOP), Expenditure of Households, Miscellaneous goods and services, Weight [PCPI_CP_12_WT] (BASE_PER=_Z)",4.869628433639799,weight (%),pbs_cpi_sdmx,monthly
2026-05-31,"Prices, Consumer Prices, By Classification of Individual Consumption According to Purpose (COICOP), Expenditure of Households, Miscellaneous goods and services, Weight [PCPI_CP_12_WT] (BASE_PER=_Z)",4.869628433639799,weight (%),pbs_cpi_sdmx,monthly
2026-06-30,"Prices, Consumer Prices, By Classification of Individual Consumption According to Purpose (COICOP), Expenditure of Households, Miscellaneous goods and services, Weight [PCPI_CP_12_WT] (BASE_PER=_Z)",4.869628433639799,weight (%),pbs_cpi_sdmx,monthly
2026-07-31,"Prices, Consumer Prices, By Classification of Individual Consumption According to Purpose (COICOP), Expenditure of Households, Miscellaneous goods and services, Weight [PCPI_CP_12_WT] (BASE_PER=_Z)",4.869628433639799,weight (%),pbs_cpi_sdmx,monthly
2022-07-31,"Prices, Consumer Prices, By Classification of Individual Consumption According to Purpose (COICOP), Expenditure of Households, Recreation and culture, Index [PCPI_CP_09_IX] (BASE_PER=2015/2016)",147.91278615794147,index,pbs_cpi_sdmx,monthly
2022-08-31,"Prices, Consumer Prices, By Classification of Individual Consumption According to Purpose (COICOP), Expenditure of Households, Recreation and culture, Index [PCPI_CP_09_IX] (BASE_PER=2015/2016)",157.28556344276842,index,pbs_cpi_sdmx,monthly
2022-09-30,"Prices, Consumer Prices, By Classification of Individual Consumption According to Purpose (COICOP), Expenditure of Households, Recreation and culture, Index [PCPI_CP_09_IX] (BASE_PER=2015/2016)",160.48717834960073,index,pbs_cpi_sdmx,monthly
2022-10-31,"Prices, Consumer Prices, By Classification of Individual Consumption According to Purpose (COICOP), Expenditure of Households, Recreation and culture, Index [PCPI_CP_09_IX] (BASE_PER=2015/2016)",163.6014729370009,index,pbs_cpi_sdmx,monthly
2022-11-30,"Prices, Consumer Prices, By Classification of Individual Consumption According to Purpose (COICOP), Expenditure of Households, Recreation and culture, Index [PCPI_CP_09_IX] (BASE_PER=2015/2016)",166.79700088731144,index,pbs_cpi_sdmx,monthly
2022-12-31,"Prices, Consumer Prices, By Classification of Individual Consumption According to Purpose (COICOP), Expenditure of Households, Recreation and culture, Index [PCPI_CP_09_IX] (BASE_PER=2015/2016)",185.02052351375335,index,pbs_cpi_sdmx,monthly
2023-01-31,"Prices, Consumer Prices, By Classification of Individual Consumption According to Purpose (COICOP), Expenditure of Households, Recreation and culture, Index [PCPI_CP_09_IX] (BASE_PER=2015/2016)",193.39659272404614,index,pbs_cpi_sdmx,monthly
2023-02-28,"Prices, Consumer Prices, By Classification of Individual Consumption According to Purpose (COICOP), Expenditure of Households, Recreation and culture, Index [PCPI_CP_09_IX] (BASE_PER=2015/2016)",199.7165572315883,index,pbs_cpi_sdmx,monthly
2023-03-31,"Prices, Consumer Prices, By Classification of Individual Consumption According to Purpose (COICOP), Expenditure of Households, Recreation and culture, Index [PCPI_CP_09_IX] (BASE_PER=2015/2016)",205.8648181011535,index,pbs_cpi_sdmx,monthly
2023-04-30,"Prices, Consumer Prices, By Classification of Individual Consumption According to Purpose (COICOP), Expenditure of Households, Recreation and culture, Index [PCPI_CP_09_IX] (BASE_PER=2015/2016)",231.4021295474712,index,pbs_cpi_sdmx,monthly
2023-05-31,"Prices, Consumer Prices, By Classification of Individual Consumption According to Purpose (COICOP), Expenditure of Households, Recreation and culture, Index [PCPI_CP_09_IX] (BASE_PER=2015/2016)",242.93139307897076,index,pbs_cpi_sdmx,monthly
2023-06-30,"Prices, Consumer Prices, By Classification of Individual Consumption According to Purpose (COICOP), Expenditure of Households, Recreation and culture, Index [PCPI_CP_09_IX] (BASE_PER=2015/2016)",244.59949423247562,index,pbs_cpi_sdmx,monthly
2023-07-31,"Prices, Consumer Prices, By Classification of Individual Consumption According to Purpose (COICOP), Expenditure of Households, Recreation and culture, Index [PCPI_CP_09_IX] (BASE_PER=2015/2016)",245.3376220053239,index,pbs_cpi_sdmx,monthly
2023-08-31,"Prices, Consumer Prices, By Classification of Individual Consumption According to Purpose (COICOP), Expenditure of Households, Recreation and culture, Index [PCPI_CP_09_IX] (BASE_PER=2015/2016)",253.82062111801244,index,pbs_cpi_sdmx,monthly
2023-09-30,"Prices, Consumer Prices, By Classification of Individual Consumption According to Purpose (COICOP), Expenditure of Households, Recreation and culture, Index [PCPI_CP_09_IX] (BASE_PER=2015/2016)",254.80136645962736,index,pbs_cpi_sdmx,monthly
2023-10-31,"Prices, Consumer Prices, By Classification of Individual Consumption According to Purpose (COICOP), Expenditure of Households, Recreation and culture, Index [PCPI_CP_09_IX] (BASE_PER=2015/2016)",255.77621118012422,index,pbs_cpi_sdmx,monthly
2023-11-30,"Prices, Consumer Prices, By Classification of Individual Consumption According to Purpose (COICOP), Expenditure of Households, Recreation and culture, Index [PCPI_CP_09_IX] (BASE_PER=2015/2016)",256.1407630878439,index,pbs_cpi_sdmx,monthly
2023-12-31,"Prices, Consumer Prices, By Classification of Individual Consumption According to Purpose (COICOP), Expenditure of Households, Recreation and culture, Index [PCPI_CP_09_IX] (BASE_PER=2015/2016)",256.2127950310559,index,pbs_cpi_sdmx,monthly
2024-01-31,"Prices, Consumer Prices, By Classification of Individual Consumption According to Purpose (COICOP), Expenditure of Households, Recreation and culture, Index [PCPI_CP_09_IX] (BASE_PER=2015/2016)",256.4114729370009,index,pbs_cpi_sdmx,monthly
2024-02-29,"Prices, Consumer Prices, By Classification of Individual Consumption According to Purpose (COICOP), Expenditure of Households, Recreation and culture, Index [PCPI_CP_09_IX] (BASE_PER=2015/2016)",256.4066992014197,index,pbs_cpi_sdmx,monthly
2024-03-31,"Prices, Consumer Prices, By Classification of Individual Consumption According to Purpose (COICOP), Expenditure of Households, Recreation and culture, Index [PCPI_CP_09_IX] (BASE_PER=2015/2016)",256.67,index,pbs_cpi_sdmx,monthly
2024-04-30,"Prices, Consumer Prices, By Classification of Individual Consumption According to Purpose (COICOP), Expenditure of Households, Recreation and culture, Index [PCPI_CP_09_IX] (BASE_PER=2015/2016)",258.7711268855369,index,pbs_cpi_sdmx,monthly
2024-05-31,"Prices, Consumer Prices, By Classification of Individual Consumption According to Purpose (COICOP), Expenditure of Households, Recreation and culture, Index [PCPI_CP_09_IX] (BASE_PER=2015/2016)",262.2676397515528,index,pbs_cpi_sdmx,monthly
2024-06-30,"Prices, Consumer Prices, By Classification of Individual Consumption According to Purpose (COICOP), Expenditure of Households, Recreation and culture, Index [PCPI_CP_09_IX] (BASE_PER=2015/2016)",269.0025998225377,index,pbs_cpi_sdmx,monthly
2024-07-31,"Prices, Consumer Prices, By Classification of Individual Consumption According to Purpose (COICOP), Expenditure of Households, Recreation and culture, Index [PCPI_CP_09_IX] (BASE_PER=2015/2016)",270.4647293700089,index,pbs_cpi_sdmx,monthly
2024-08-31,"Prices, Consumer Prices, By Classification of Individual Consumption According to Purpose (COICOP), Expenditure of Households, Recreation and culture, Index [PCPI_CP_09_IX] (BASE_PER=2015/2016)",273.53321206743567,index,pbs_cpi_sdmx,monthly
2024-09-30,"Prices, Consumer Prices, By Classification of Individual Consumption According to Purpose (COICOP), Expenditure of Households, Recreation and culture, Index [PCPI_CP_09_IX] (BASE_PER=2015/2016)",273.82715173025736,index,pbs_cpi_sdmx,monthly
2024-10-31,"Prices, Consumer Prices, By Classification of Individual Consumption According to Purpose (COICOP), Expenditure of Households, Recreation and culture, Index [PCPI_CP_09_IX] (BASE_PER=2015/2016)",274.5413487133984,index,pbs_cpi_sdmx,monthly
2024-11-30,"Prices, Consumer Prices, By Classification of Individual Consumption According to Purpose (COICOP), Expenditure of Households, Recreation and culture, Index [PCPI_CP_09_IX] (BASE_PER=2015/2016)",275.7756787932565,index,pbs_cpi_sdmx,monthly
2024-12-31,"Prices, Consumer Prices, By Classification of Individual Consumption According to Purpose (COICOP), Expenditure of Households, Recreation and culture, Index [PCPI_CP_09_IX] (BASE_PER=2015/2016)",276.7120053238687,index,pbs_cpi_sdmx,monthly
2025-01-31,"Prices, Consumer Prices, By Classification of Individual Consumption According to Purpose (COICOP), Expenditure of Households, Recreation and culture, Index [PCPI_CP_09_IX] (BASE_PER=2015/2016)",277.2689440993789,index,pbs_cpi_sdmx,monthly
2025-02-28,"Prices, Consumer Prices, By Classification of Individual Consumption According to Purpose (COICOP), Expenditure of Households, Recreation and culture, Index [PCPI_CP_09_IX] (BASE_PER=2015/2016)",277.8937533274179,index,pbs_cpi_sdmx,monthly
2025-03-31,"Prices, Consumer Prices, By Classification of Individual Consumption According to Purpose (COICOP), Expenditure of Households, Recreation and culture, Index [PCPI_CP_09_IX] (BASE_PER=2015/2016)",276.35866015971607,index,pbs_cpi_sdmx,monthly
2025-04-30,"Prices, Consumer Prices, By Classification of Individual Consumption According to Purpose (COICOP), Expenditure of Households, Recreation and culture, Index [PCPI_CP_09_IX] (BASE_PER=2015/2016)",278.92637089618455,index,pbs_cpi_sdmx,monthly
2025-05-31,"Prices, Consumer Prices, By Classification of Individual Consumption According to Purpose (COICOP), Expenditure of Households, Recreation and culture, Index [PCPI_CP_09_IX] (BASE_PER=2015/2016)",265.7217391304348,index,pbs_cpi_sdmx,monthly
2025-06-30,"Prices, Consumer Prices, By Classification of Individual Consumption According to Purpose (COICOP), Expenditure of Households, Recreation and culture, Index [PCPI_CP_09_IX] (BASE_PER=2015/2016)",266.1926796805679,index,pbs_cpi_sdmx,monthly
2025-07-31,"Prices, Consumer Prices, By Classification of Individual Consumption According to Purpose (COICOP), Expenditure of Households, Recreation and culture, Index [PCPI_CP_09_IX] (BASE_PER=2015/2016)",266.49384205856256,index,pbs_cpi_sdmx,monthly
2025-08-31,"Prices, Consumer Prices, By Classification of Individual Consumption According to Purpose (COICOP), Expenditure of Households, Recreation and culture, Index [PCPI_CP_09_IX] (BASE_PER=2015/2016)",267.34,index,pbs_cpi_sdmx,monthly
2025-09-30,"Prices, Consumer Prices, By Classification of Individual Consumption According to Purpose (COICOP), Expenditure of Households, Recreation and culture, Index [PCPI_CP_09_IX] (BASE_PER=2015/2016)",266.5,index,pbs_cpi_sdmx,monthly
2025-10-31,"Prices, Consumer Prices, By Classification of Individual Consumption According to Purpose (COICOP), Expenditure of Households, Recreation and culture, Index [PCPI_CP_09_IX] (BASE_PER=2015/2016)",264.36,index,pbs_cpi_sdmx,monthly
2025-11-30,"Prices, Consumer Prices, By Classification of Individual Consumption According to Purpose (COICOP), Expenditure of Households, Recreation and culture, Index [PCPI_CP_09_IX] (BASE_PER=2015/2016)",264.55,index,pbs_cpi_sdmx,monthly
2025-12-31,"Prices, Consumer Prices, By Classification of Individual Consumption According to Purpose (COICOP), Expenditure of Households, Recreation and culture, Index [PCPI_CP_09_IX] (BASE_PER=2015/2016)",264.88,index,pbs_cpi_sdmx,monthly
2026-01-31,"Prices, Consumer Prices, By Classification of Individual Consumption According to Purpose (COICOP), Expenditure of Households, Recreation and culture, Index [PCPI_CP_09_IX] (BASE_PER=2015/2016)",265.0679059449867,index,pbs_cpi_sdmx,monthly
2026-02-28,"Prices, Consumer Prices, By Classification of Individual Consumption According to Purpose (COICOP), Expenditure of Households, Recreation and culture, Index [PCPI_CP_09_IX] (BASE_PER=2015/2016)",265.1600354924579,index,pbs_cpi_sdmx,monthly
2026-03-31,"Prices, Consumer Prices, By Classification of Individual Consumption According to Purpose (COICOP), Expenditure of Households, Recreation and culture, Index [PCPI_CP_09_IX] (BASE_PER=2015/2016)",265.1495474711624,index,pbs_cpi_sdmx,monthly
2026-04-30,"Prices, Consumer Prices, By Classification of Individual Consumption According to Purpose (COICOP), Expenditure of Households, Recreation and culture, Index [PCPI_CP_09_IX] (BASE_PER=2015/2016)",264.78702750665485,index,pbs_cpi_sdmx,monthly
2026-05-31,"Prices, Consumer Prices, By Classification of Individual Consumption According to Purpose (COICOP), Expenditure of Households, Recreation and culture, Index [PCPI_CP_09_IX] (BASE_PER=2015/2016)",265.12002661934343,index,pbs_cpi_sdmx,monthly
2026-06-30,"Prices, Consumer Prices, By Classification of Individual Consumption According to Purpose (COICOP), Expenditure of Households, Recreation and culture, Index [PCPI_CP_09_IX] (BASE_PER=2015/2016)",266.4277639751553,index,pbs_cpi_sdmx,monthly
2026-07-31,"Prices, Consumer Prices, By Classification of Individual Consumption According to Purpose (COICOP), Expenditure of Households, Recreation and culture, Index [PCPI_CP_09_IX] (BASE_PER=2015/2016)",269.83490683229815,index,pbs_cpi_sdmx,monthly
2022-07-31,"Prices, Consumer Prices, By Classification of Individual Consumption According to Purpose (COICOP), Expenditure of Households, Recreation and culture, Weight [PCPI_CP_09_WT] (BASE_PER=_Z)",1.5892041288284733,weight (%),pbs_cpi_sdmx,monthly
2022-08-31,"Prices, Consumer Prices, By Classification of Individual Consumption According to Purpose (COICOP), Expenditure of Households, Recreation and culture, Weight [PCPI_CP_09_WT] (BASE_PER=_Z)",1.5892041288284733,weight (%),pbs_cpi_sdmx,monthly
2022-09-30,"Prices, Consumer Prices, By Classification of Individual Consumption According to Purpose (COICOP), Expenditure of Households, Recreation and culture, Weight [PCPI_CP_09_WT] (BASE_PER=_Z)",1.5892041288284733,weight (%),pbs_cpi_sdmx,monthly
2022-10-31,"Prices, Consumer Prices, By Classification of Individual Consumption According to Purpose (COICOP), Expenditure of Households, Recreation and culture, Weight [PCPI_CP_09_WT] (BASE_PER=_Z)",1.5892041288284733,weight (%),pbs_cpi_sdmx,monthly
2022-11-30,"Prices, Consumer Prices, By Classification of Individual Consumption According to Purpose (COICOP), Expenditure of Households, Recreation and culture, Weight [PCPI_CP_09_WT] (BASE_PER=_Z)",1.5892041288284733,weight (%),pbs_cpi_sdmx,monthly
2022-12-31,"Prices, Consumer Prices, By Classification of Individual Consumption According to Purpose (COICOP), Expenditure of Households, Recreation and culture, Weight [PCPI_CP_09_WT] (BASE_PER=_Z)",1.5892041288284733,weight (%),pbs_cpi_sdmx,monthly
2023-01-31,"Prices, Consumer Prices, By Classification of Individual Consumption According to Purpose (COICOP), Expenditure of Households, Recreation and culture, Weight [PCPI_CP_09_WT] (BASE_PER=_Z)",1.5892041288284733,weight (%),pbs_cpi_sdmx,monthly
2023-02-28,"Prices, Consumer Prices, By Classification of Individual Consumption According to Purpose (COICOP), Expenditure of Households, Recreation and culture, Weight [PCPI_CP_09_WT] (BASE_PER=_Z)",1.5892041288284733,weight (%),pbs_cpi_sdmx,monthly
2023-03-31,"Prices, Consumer Prices, By Classification of Individual Consumption According to Purpose (COICOP), Expenditure of Households, Recreation and culture, Weight [PCPI_CP_09_WT] (BASE_PER=_Z)",1.5892041288284733,weight (%),pbs_cpi_sdmx,monthly
2023-04-30,"Prices, Consumer Prices, By Classification of Individual Consumption According to Purpose (COICOP), Expenditure of Households, Recreation and culture, Weight [PCPI_CP_09_WT] (BASE_PER=_Z)",1.5892041288284733,weight (%),pbs_cpi_sdmx,monthly
2023-05-31,"Prices, Consumer Prices, By Classification of Individual Consumption According to Purpose (COICOP), Expenditure of Households, Recreation and culture, Weight [PCPI_CP_09_WT] (BASE_PER=_Z)",1.5892041288284733,weight (%),pbs_cpi_sdmx,monthly
2023-06-30,"Prices, Consumer Prices, By Classification of Individual Consumption According to Purpose (COICOP), Expenditure of Households, Recreation and culture, Weight [PCPI_CP_09_WT] (BASE_PER=_Z)",1.5892041288284733,weight (%),pbs_cpi_sdmx,monthly
2023-07-31,"Prices, Consumer Prices, By Classification of Individual Consumption According to Purpose (COICOP), Expenditure of Households, Recreation and culture, Weight [PCPI_CP_09_WT] (BASE_PER=_Z)",1.5892041288284733,weight (%),pbs_cpi_sdmx,monthly
2023-08-31,"Prices, Consumer Prices, By Classification of Individual Consumption According to Purpose (COICOP), Expenditure of Households, Recreation and culture, Weight [PCPI_CP_09_WT] (BASE_PER=_Z)",1.5892041288284733,weight (%),pbs_cpi_sdmx,monthly
2023-09-30,"Prices, Consumer Prices, By Classification of Individual Consumption According to Purpose (COICOP), Expenditure of Households, Recreation and culture, Weight [PCPI_CP_09_WT] (BASE_PER=_Z)",1.5892041288284733,weight (%),pbs_cpi_sdmx,monthly
2023-10-31,"Prices, Consumer Prices, By Classification of Individual Consumption According to Purpose (COICOP), Expenditure of Households, Recreation and culture, Weight [PCPI_CP_09_WT] (BASE_PER=_Z)",1.5892041288284733,weight (%),pbs_cpi_sdmx,monthly
2023-11-30,"Prices, Consumer Prices, By Classification of Individual Consumption According to Purpose (COICOP), Expenditure of Households, Recreation and culture, Weight [PCPI_CP_09_WT] (BASE_PER=_Z)",1.5892041288284733,weight (%),pbs_cpi_sdmx,monthly
2023-12-31,"Prices, Consumer Prices, By Classification of Individual Consumption According to Purpose (COICOP), Expenditure of Households, Recreation and culture, Weight [PCPI_CP_09_WT] (BASE_PER=_Z)",1.5892041288284733,weight (%),pbs_cpi_sdmx,monthly
2024-01-31,"Prices, Consumer Prices, By Classification of Individual Consumption According to Purpose (COICOP), Expenditure of Households, Recreation and culture, Weight [PCPI_CP_09_WT] (BASE_PER=_Z)",1.5892041288284733,weight (%),pbs_cpi_sdmx,monthly
2024-02-29,"Prices, Consumer Prices, By Classification of Individual Consumption According to Purpose (COICOP), Expenditure of Households, Recreation and culture, Weight [PCPI_CP_09_WT] (BASE_PER=_Z)",1.5892041288284733,weight (%),pbs_cpi_sdmx,monthly
2024-03-31,"Prices, Consumer Prices, By Classification of Individual Consumption According to Purpose (COICOP), Expenditure of Households, Recreation and culture, Weight [PCPI_CP_09_WT] (BASE_PER=_Z)",1.5892041288284733,weight (%),pbs_cpi_sdmx,monthly
2024-04-30,"Prices, Consumer Prices, By Classification of Individual Consumption According to Purpose (COICOP), Expenditure of Households, Recreation and culture, Weight [PCPI_CP_09_WT] (BASE_PER=_Z)",1.5892041288284733,weight (%),pbs_cpi_sdmx,monthly
2024-05-31,"Prices, Consumer Prices, By Classification of Individual Consumption According to Purpose (COICOP), Expenditure of Households, Recreation and culture, Weight [PCPI_CP_09_WT] (BASE_PER=_Z)",1.5892041288284733,weight (%),pbs_cpi_sdmx,monthly
2024-06-30,"Prices, Consumer Prices, By Classification of Individual Consumption According to Purpose (COICOP), Expenditure of Households, Recreation and culture, Weight [PCPI_CP_09_WT] (BASE_PER=_Z)",1.5892041288284733,weight (%),pbs_cpi_sdmx,monthly
2024-07-31,"Prices, Consumer Prices, By Classification of Individual Consumption According to Purpose (COICOP), Expenditure of Households, Recreation and culture, Weight [PCPI_CP_09_WT] (BASE_PER=_Z)",1.5892041288284733,weight (%),pbs_cpi_sdmx,monthly
2024-08-31,"Prices, Consumer Prices, By Classification of Individual Consumption According to Purpose (COICOP), Expenditure of Households, Recreation and culture, Weight [PCPI_CP_09_WT] (BASE_PER=_Z)",1.5892041288284733,weight (%),pbs_cpi_sdmx,monthly
2024-09-30,"Prices, Consumer Prices, By Classification of Individual Consumption According to Purpose (COICOP), Expenditure of Households, Recreation and culture, Weight [PCPI_CP_09_WT] (BASE_PER=_Z)",1.5892041288284733,weight (%),pbs_cpi_sdmx,monthly
2024-10-31,"Prices, Consumer Prices, By Classification of Individual Consumption According to Purpose (COICOP), Expenditure of Households, Recreation and culture, Weight [PCPI_CP_09_WT] (BASE_PER=_Z)",1.5892041288284733,weight (%),pbs_cpi_sdmx,monthly
2024-11-30,"Prices, Consumer Prices, By Classification of Individual Consumption According to Purpose (COICOP), Expenditure of Households, Recreation and culture, Weight [PCPI_CP_09_WT] (BASE_PER=_Z)",1.5892041288284733,weight (%),pbs_cpi_sdmx,monthly
2024-12-31,"Prices, Consumer Prices, By Classification of Individual Consumption According to Purpose (COICOP), Expenditure of Households, Recreation and culture, Weight [PCPI_CP_09_WT] (BASE_PER=_Z)",1.5892041288284733,weight (%),pbs_cpi_sdmx,monthly
2025-01-31,"Prices, Consumer Prices, By Classification of Individual Consumption According to Purpose (COICOP), Expenditure of Households, Recreation and culture, Weight [PCPI_CP_09_WT] (BASE_PER=_Z)",1.5892041288284733,weight (%),pbs_cpi_sdmx,monthly
2025-02-28,"Prices, Consumer Prices, By Classification of Individual Consumption According to Purpose (COICOP), Expenditure of Households, Recreation and culture, Weight [PCPI_CP_09_WT] (BASE_PER=_Z)",1.5892041288284733,weight (%),pbs_cpi_sdmx,monthly
2025-03-31,"Prices, Consumer Prices, By Classification of Individual Consumption According to Purpose (COICOP), Expenditure of Households, Recreation and culture, Weight [PCPI_CP_09_WT] (BASE_PER=_Z)",1.5892041288284733,weight (%),pbs_cpi_sdmx,monthly
2025-04-30,"Prices, Consumer Prices, By Classification of Individual Consumption According to Purpose (COICOP), Expenditure of Households, Recreation and culture, Weight [PCPI_CP_09_WT] (BASE_PER=_Z)",1.5892041288284733,weight (%),pbs_cpi_sdmx,monthly
2025-05-31,"Prices, Consumer Prices, By Classification of Individual Consumption According to Purpose (COICOP), Expenditure of Households, Recreation and culture, Weight [PCPI_CP_09_WT] (BASE_PER=_Z)",1.5892041288284733,weight (%),pbs_cpi_sdmx,monthly
2025-06-30,"Prices, Consumer Prices, By Classification of Individual Consumption According to Purpose (COICOP), Expenditure of Households, Recreation and culture, Weight [PCPI_CP_09_WT] (BASE_PER=_Z)",1.5892041288284733,weight (%),pbs_cpi_sdmx,monthly
2025-07-31,"Prices, Consumer Prices, By Classification of Individual Consumption According to Purpose (COICOP), Expenditure of Households, Recreation and culture, Weight [PCPI_CP_09_WT] (BASE_PER=_Z)",1.5892041288284733,weight (%),pbs_cpi_sdmx,monthly
2025-08-31,"Prices, Consumer Prices, By Classification of Individual Consumption According to Purpose (COICOP), Expenditure of Households, Recreation and culture, Weight [PCPI_CP_09_WT] (BASE_PER=_Z)",1.5892041288284733,weight (%),pbs_cpi_sdmx,monthly
2025-09-30,"Prices, Consumer Prices, By Classification of Individual Consumption According to Purpose (COICOP), Expenditure of Households, Recreation and culture, Weight [PCPI_CP_09_WT] (BASE_PER=_Z)",1.5892041288284733,weight (%),pbs_cpi_sdmx,monthly
2025-10-31,"Prices, Consumer Prices, By Classification of Individual Consumption According to Purpose (COICOP), Expenditure of Households, Recreation and culture, Weight [PCPI_CP_09_WT] (BASE_PER=_Z)",1.5892041288284733,weight (%),pbs_cpi_sdmx,monthly
2025-11-30,"Prices, Consumer Prices, By Classification of Individual Consumption According to Purpose (COICOP), Expenditure of Households, Recreation and culture, Weight [PCPI_CP_09_WT] (BASE_PER=_Z)",1.5892041288284733,weight (%),pbs_cpi_sdmx,monthly
2025-12-31,"Prices, Consumer Prices, By Classification of Individual Consumption According to Purpose (COICOP), Expenditure of Households, Recreation and culture, Weight [PCPI_CP_09_WT] (BASE_PER=_Z)",1.5892041288284733,weight (%),pbs_cpi_sdmx,monthly
2026-01-31,"Prices, Consumer Prices, By Classification of Individual Consumption According to Purpose (COICOP), Expenditure of Households, Recreation and culture, Weight [PCPI_CP_09_WT] (BASE_PER=_Z)",1.5892041288284733,weight (%),pbs_cpi_sdmx,monthly
2026-02-28,"Prices, Consumer Prices, By Classification of Individual Consumption According to Purpose (COICOP), Expenditure of Households, Recreation and culture, Weight [PCPI_CP_09_WT] (BASE_PER=_Z)",1.5892041288284733,weight (%),pbs_cpi_sdmx,monthly
2026-03-31,"Prices, Consumer Prices, By Classification of Individual Consumption According to Purpose (COICOP), Expenditure of Households, Recreation and culture, Weight [PCPI_CP_09_WT] (BASE_PER=_Z)",1.5892041288284733,weight (%),pbs_cpi_sdmx,monthly
2026-04-30,"Prices, Consumer Prices, By Classification of Individual Consumption According to Purpose (COICOP), Expenditure of Households, Recreation and culture, Weight [PCPI_CP_09_WT] (BASE_PER=_Z)",1.5892041288284733,weight (%),pbs_cpi_sdmx,monthly
2026-05-31,"Prices, Consumer Prices, By Classification of Individual Consumption According to Purpose (COICOP), Expenditure of Households, Recreation and culture, Weight [PCPI_CP_09_WT] (BASE_PER=_Z)",1.5892041288284733,weight (%),pbs_cpi_sdmx,monthly
2026-06-30,"Prices, Consumer Prices, By Classification of Individual Consumption According to Purpose (COICOP), Expenditure of Households, Recreation and culture, Weight [PCPI_CP_09_WT] (BASE_PER=_Z)",1.5892041288284733,weight (%),pbs_cpi_sdmx,monthly
2026-07-31,"Prices, Consumer Prices, By Classification of Individual Consumption According to Purpose (COICOP), Expenditure of Households, Recreation and culture, Weight [PCPI_CP_09_WT] (BASE_PER=_Z)",1.5892041288284733,weight (%),pbs_cpi_sdmx,monthly
2022-07-31,"Prices, Consumer Prices, By Classification of Individual Consumption According to Purpose (COICOP), Expenditure of Households, Restaurants and hotels, Index [PCPI_CP_11_IX] (BASE_PER=2015/2016)",179.7729080535698,index,pbs_cpi_sdmx,monthly
2022-08-31,"Prices, Consumer Prices, By Classification of Individual Consumption According to Purpose (COICOP), Expenditure of Households, Restaurants and hotels, Index [PCPI_CP_11_IX] (BASE_PER=2015/2016)",183.90488326343777,index,pbs_cpi_sdmx,monthly
2022-09-30,"Prices, Consumer Prices, By Classification of Individual Consumption According to Purpose (COICOP), Expenditure of Households, Restaurants and hotels, Index [PCPI_CP_11_IX] (BASE_PER=2015/2016)",188.0104883263438,index,pbs_cpi_sdmx,monthly
2022-10-31,"Prices, Consumer Prices, By Classification of Individual Consumption According to Purpose (COICOP), Expenditure of Households, Restaurants and hotels, Index [PCPI_CP_11_IX] (BASE_PER=2015/2016)",192.7745044595583,index,pbs_cpi_sdmx,monthly
2022-11-30,"Prices, Consumer Prices, By Classification of Individual Consumption According to Purpose (COICOP), Expenditure of Households, Restaurants and hotels, Index [PCPI_CP_11_IX] (BASE_PER=2015/2016)",196.50666185726806,index,pbs_cpi_sdmx,monthly
2022-12-31,"Prices, Consumer Prices, By Classification of Individual Consumption According to Purpose (COICOP), Expenditure of Households, Restaurants and hotels, Index [PCPI_CP_11_IX] (BASE_PER=2015/2016)",199.03234706184855,index,pbs_cpi_sdmx,monthly
2023-01-31,"Prices, Consumer Prices, By Classification of Individual Consumption According to Purpose (COICOP), Expenditure of Households, Restaurants and hotels, Index [PCPI_CP_11_IX] (BASE_PER=2015/2016)",205.27646524123037,index,pbs_cpi_sdmx,monthly
2023-02-28,"Prices, Consumer Prices, By Classification of Individual Consumption According to Purpose (COICOP), Expenditure of Households, Restaurants and hotels, Index [PCPI_CP_11_IX] (BASE_PER=2015/2016)",215.8091253934798,index,pbs_cpi_sdmx,monthly
2023-03-31,"Prices, Consumer Prices, By Classification of Individual Consumption According to Purpose (COICOP), Expenditure of Households, Restaurants and hotels, Index [PCPI_CP_11_IX] (BASE_PER=2015/2016)",224.10124645850078,index,pbs_cpi_sdmx,monthly
2023-04-30,"Prices, Consumer Prices, By Classification of Individual Consumption According to Purpose (COICOP), Expenditure of Households, Restaurants and hotels, Index [PCPI_CP_11_IX] (BASE_PER=2015/2016)",225.4832216683688,index,pbs_cpi_sdmx,monthly
2023-05-31,"Prices, Consumer Prices, By Classification of Individual Consumption According to Purpose (COICOP), Expenditure of Households, Restaurants and hotels, Index [PCPI_CP_11_IX] (BASE_PER=2015/2016)",235.0276459862526,index,pbs_cpi_sdmx,monthly
2023-06-30,"Prices, Consumer Prices, By Classification of Individual Consumption According to Purpose (COICOP), Expenditure of Households, Restaurants and hotels, Index [PCPI_CP_11_IX] (BASE_PER=2015/2016)",238.2210060334774,index,pbs_cpi_sdmx,monthly
2023-07-31,"Prices, Consumer Prices, By Classification of Individual Consumption According to Purpose (COICOP), Expenditure of Households, Restaurants and hotels, Index [PCPI_CP_11_IX] (BASE_PER=2015/2016)",242.23299567154126,index,pbs_cpi_sdmx,monthly
2023-08-31,"Prices, Consumer Prices, By Classification of Individual Consumption According to Purpose (COICOP), Expenditure of Households, Restaurants and hotels, Index [PCPI_CP_11_IX] (BASE_PER=2015/2016)",246.53927124863284,index,pbs_cpi_sdmx,monthly
2023-09-30,"Prices, Consumer Prices, By Classification of Individual Consumption According to Purpose (COICOP), Expenditure of Households, Restaurants and hotels, Index [PCPI_CP_11_IX] (BASE_PER=2015/2016)",252.50551744493458,index,pbs_cpi_sdmx,monthly
2023-10-31,"Prices, Consumer Prices, By Classification of Individual Consumption According to Purpose (COICOP), Expenditure of Households, Restaurants and hotels, Index [PCPI_CP_11_IX] (BASE_PER=2015/2016)",256.49771865163007,index,pbs_cpi_sdmx,monthly
2023-11-30,"Prices, Consumer Prices, By Classification of Individual Consumption According to Purpose (COICOP), Expenditure of Households, Restaurants and hotels, Index [PCPI_CP_11_IX] (BASE_PER=2015/2016)",258.3052332109255,index,pbs_cpi_sdmx,monthly
2023-12-31,"Prices, Consumer Prices, By Classification of Individual Consumption According to Purpose (COICOP), Expenditure of Households, Restaurants and hotels, Index [PCPI_CP_11_IX] (BASE_PER=2015/2016)",260.1634620933922,index,pbs_cpi_sdmx,monthly
2024-01-31,"Prices, Consumer Prices, By Classification of Individual Consumption According to Purpose (COICOP), Expenditure of Households, Restaurants and hotels, Index [PCPI_CP_11_IX] (BASE_PER=2015/2016)",263.4543147954195,index,pbs_cpi_sdmx,monthly
2024-02-29,"Prices, Consumer Prices, By Classification of Individual Consumption According to Purpose (COICOP), Expenditure of Households, Restaurants and hotels, Index [PCPI_CP_11_IX] (BASE_PER=2015/2016)",264.17213549321696,index,pbs_cpi_sdmx,monthly
2024-03-31,"Prices, Consumer Prices, By Classification of Individual Consumption According to Purpose (COICOP), Expenditure of Households, Restaurants and hotels, Index [PCPI_CP_11_IX] (BASE_PER=2015/2016)",266.35,index,pbs_cpi_sdmx,monthly
2024-04-30,"Prices, Consumer Prices, By Classification of Individual Consumption According to Purpose (COICOP), Expenditure of Households, Restaurants and hotels, Index [PCPI_CP_11_IX] (BASE_PER=2015/2016)",269.3792637723359,index,pbs_cpi_sdmx,monthly
2024-05-31,"Prices, Consumer Prices, By Classification of Individual Consumption According to Purpose (COICOP), Expenditure of Households, Restaurants and hotels, Index [PCPI_CP_11_IX] (BASE_PER=2015/2016)",267.2244312697827,index,pbs_cpi_sdmx,monthly
2024-06-30,"Prices, Consumer Prices, By Classification of Individual Consumption According to Purpose (COICOP), Expenditure of Households, Restaurants and hotels, Index [PCPI_CP_11_IX] (BASE_PER=2015/2016)",266.5278495541892,index,pbs_cpi_sdmx,monthly
2024-07-31,"Prices, Consumer Prices, By Classification of Individual Consumption According to Purpose (COICOP), Expenditure of Households, Restaurants and hotels, Index [PCPI_CP_11_IX] (BASE_PER=2015/2016)",269.31460598132753,index,pbs_cpi_sdmx,monthly
2024-08-31,"Prices, Consumer Prices, By Classification of Individual Consumption According to Purpose (COICOP), Expenditure of Households, Restaurants and hotels, Index [PCPI_CP_11_IX] (BASE_PER=2015/2016)",271.1089426812399,index,pbs_cpi_sdmx,monthly
2024-09-30,"Prices, Consumer Prices, By Classification of Individual Consumption According to Purpose (COICOP), Expenditure of Households, Restaurants and hotels, Index [PCPI_CP_11_IX] (BASE_PER=2015/2016)",275.5933450946309,index,pbs_cpi_sdmx,monthly
2024-10-31,"Prices, Consumer Prices, By Classification of Individual Consumption According to Purpose (COICOP), Expenditure of Households, Restaurants and hotels, Index [PCPI_CP_11_IX] (BASE_PER=2015/2016)",276.8649121198295,index,pbs_cpi_sdmx,monthly
2024-11-30,"Prices, Consumer Prices, By Classification of Individual Consumption According to Purpose (COICOP), Expenditure of Households, Restaurants and hotels, Index [PCPI_CP_11_IX] (BASE_PER=2015/2016)",279.75306086062176,index,pbs_cpi_sdmx,monthly
2024-12-31,"Prices, Consumer Prices, By Classification of Individual Consumption According to Purpose (COICOP), Expenditure of Households, Restaurants and hotels, Index [PCPI_CP_11_IX] (BASE_PER=2015/2016)",280.747113326525,index,pbs_cpi_sdmx,monthly
2025-01-31,"Prices, Consumer Prices, By Classification of Individual Consumption According to Purpose (COICOP), Expenditure of Households, Restaurants and hotels, Index [PCPI_CP_11_IX] (BASE_PER=2015/2016)",283.34975905057854,index,pbs_cpi_sdmx,monthly
2025-02-28,"Prices, Consumer Prices, By Classification of Individual Consumption According to Purpose (COICOP), Expenditure of Households, Restaurants and hotels, Index [PCPI_CP_11_IX] (BASE_PER=2015/2016)",284.2554004461733,index,pbs_cpi_sdmx,monthly
2025-03-31,"Prices, Consumer Prices, By Classification of Individual Consumption According to Purpose (COICOP), Expenditure of Households, Restaurants and hotels, Index [PCPI_CP_11_IX] (BASE_PER=2015/2016)",284.7859908186844,index,pbs_cpi_sdmx,monthly
2025-04-30,"Prices, Consumer Prices, By Classification of Individual Consumption According to Purpose (COICOP), Expenditure of Households, Restaurants and hotels, Index [PCPI_CP_11_IX] (BASE_PER=2015/2016)",286.41242667912496,index,pbs_cpi_sdmx,monthly
2025-05-31,"Prices, Consumer Prices, By Classification of Individual Consumption According to Purpose (COICOP), Expenditure of Households, Restaurants and hotels, Index [PCPI_CP_11_IX] (BASE_PER=2015/2016)",286.96281295930135,index,pbs_cpi_sdmx,monthly
2025-06-30,"Prices, Consumer Prices, By Classification of Individual Consumption According to Purpose (COICOP), Expenditure of Households, Restaurants and hotels, Index [PCPI_CP_11_IX] (BASE_PER=2015/2016)",288.8627472458228,index,pbs_cpi_sdmx,monthly
2025-07-31,"Prices, Consumer Prices, By Classification of Individual Consumption According to Purpose (COICOP), Expenditure of Households, Restaurants and hotels, Index [PCPI_CP_11_IX] (BASE_PER=2015/2016)",289.9506261808018,index,pbs_cpi_sdmx,monthly
2025-08-31,"Prices, Consumer Prices, By Classification of Individual Consumption According to Purpose (COICOP), Expenditure of Households, Restaurants and hotels, Index [PCPI_CP_11_IX] (BASE_PER=2015/2016)",290.5,index,pbs_cpi_sdmx,monthly
2025-09-30,"Prices, Consumer Prices, By Classification of Individual Consumption According to Purpose (COICOP), Expenditure of Households, Restaurants and hotels, Index [PCPI_CP_11_IX] (BASE_PER=2015/2016)",292.46,index,pbs_cpi_sdmx,monthly
2025-10-31,"Prices, Consumer Prices, By Classification of Individual Consumption According to Purpose (COICOP), Expenditure of Households, Restaurants and hotels, Index [PCPI_CP_11_IX] (BASE_PER=2015/2016)",293.73,index,pbs_cpi_sdmx,monthly
2025-11-30,"Prices, Consumer Prices, By Classification of Individual Consumption According to Purpose (COICOP), Expenditure of Households, Restaurants and hotels, Index [PCPI_CP_11_IX] (BASE_PER=2015/2016)",294.7,index,pbs_cpi_sdmx,monthly
2025-12-31,"Prices, Consumer Prices, By Classification of Individual Consumption According to Purpose (COICOP), Expenditure of Households, Restaurants and hotels, Index [PCPI_CP_11_IX] (BASE_PER=2015/2016)",296.37,index,pbs_cpi_sdmx,monthly
2026-01-31,"Prices, Consumer Prices, By Classification of Individual Consumption According to Purpose (COICOP), Expenditure of Households, Restaurants and hotels, Index [PCPI_CP_11_IX] (BASE_PER=2015/2016)",297.23747022591164,index,pbs_cpi_sdmx,monthly
2026-02-28,"Prices, Consumer Prices, By Classification of Individual Consumption According to Purpose (COICOP), Expenditure of Households, Restaurants and hotels, Index [PCPI_CP_11_IX] (BASE_PER=2015/2016)",298.2632136676737,index,pbs_cpi_sdmx,monthly
2026-03-31,"Prices, Consumer Prices, By Classification of Individual Consumption According to Purpose (COICOP), Expenditure of Households, Restaurants and hotels, Index [PCPI_CP_11_IX] (BASE_PER=2015/2016)",299.3765154777169,index,pbs_cpi_sdmx,monthly
2026-04-30,"Prices, Consumer Prices, By Classification of Individual Consumption According to Purpose (COICOP), Expenditure of Households, Restaurants and hotels, Index [PCPI_CP_11_IX] (BASE_PER=2015/2016)",301.53466421850914,index,pbs_cpi_sdmx,monthly
2026-05-31,"Prices, Consumer Prices, By Classification of Individual Consumption According to Purpose (COICOP), Expenditure of Households, Restaurants and hotels, Index [PCPI_CP_11_IX] (BASE_PER=2015/2016)",303.29212054062293,index,pbs_cpi_sdmx,monthly
2026-06-30,"Prices, Consumer Prices, By Classification of Individual Consumption According to Purpose (COICOP), Expenditure of Households, Restaurants and hotels, Index [PCPI_CP_11_IX] (BASE_PER=2015/2016)",304.40962762362136,index,pbs_cpi_sdmx,monthly
2026-07-31,"Prices, Consumer Prices, By Classification of Individual Consumption According to Purpose (COICOP), Expenditure of Households, Restaurants and hotels, Index [PCPI_CP_11_IX] (BASE_PER=2015/2016)",306.49380404018484,index,pbs_cpi_sdmx,monthly
2022-07-31,"Prices, Consumer Prices, By Classification of Individual Consumption According to Purpose (COICOP), Expenditure of Households, Restaurants and hotels, Weight [PCPI_CP_11_WT] (BASE_PER=_Z)",6.923813243837778,weight (%),pbs_cpi_sdmx,monthly
2022-08-31,"Prices, Consumer Prices, By Classification of Individual Consumption According to Purpose (COICOP), Expenditure of Households, Restaurants and hotels, Weight [PCPI_CP_11_WT] (BASE_PER=_Z)",6.923813243837778,weight (%),pbs_cpi_sdmx,monthly
2022-09-30,"Prices, Consumer Prices, By Classification of Individual Consumption According to Purpose (COICOP), Expenditure of Households, Restaurants and hotels, Weight [PCPI_CP_11_WT] (BASE_PER=_Z)",6.923813243837778,weight (%),pbs_cpi_sdmx,monthly
2022-10-31,"Prices, Consumer Prices, By Classification of Individual Consumption According to Purpose (COICOP), Expenditure of Households, Restaurants and hotels, Weight [PCPI_CP_11_WT] (BASE_PER=_Z)",6.923813243837778,weight (%),pbs_cpi_sdmx,monthly
2022-11-30,"Prices, Consumer Prices, By Classification of Individual Consumption According to Purpose (COICOP), Expenditure of Households, Restaurants and hotels, Weight [PCPI_CP_11_WT] (BASE_PER=_Z)",6.923813243837778,weight (%),pbs_cpi_sdmx,monthly
2022-12-31,"Prices, Consumer Prices, By Classification of Individual Consumption According to Purpose (COICOP), Expenditure of Households, Restaurants and hotels, Weight [PCPI_CP_11_WT] (BASE_PER=_Z)",6.923813243837778,weight (%),pbs_cpi_sdmx,monthly
2023-01-31,"Prices, Consumer Prices, By Classification of Individual Consumption According to Purpose (COICOP), Expenditure of Households, Restaurants and hotels, Weight [PCPI_CP_11_WT] (BASE_PER=_Z)",6.923813243837778,weight (%),pbs_cpi_sdmx,monthly
2023-02-28,"Prices, Consumer Prices, By Classification of Individual Consumption According to Purpose (COICOP), Expenditure of Households, Restaurants and hotels, Weight [PCPI_CP_11_WT] (BASE_PER=_Z)",6.923813243837778,weight (%),pbs_cpi_sdmx,monthly
2023-03-31,"Prices, Consumer Prices, By Classification of Individual Consumption According to Purpose (COICOP), Expenditure of Households, Restaurants and hotels, Weight [PCPI_CP_11_WT] (BASE_PER=_Z)",6.923813243837778,weight (%),pbs_cpi_sdmx,monthly
2023-04-30,"Prices, Consumer Prices, By Classification of Individual Consumption According to Purpose (COICOP), Expenditure of Households, Restaurants and hotels, Weight [PCPI_CP_11_WT] (BASE_PER=_Z)",6.923813243837778,weight (%),pbs_cpi_sdmx,monthly
2023-05-31,"Prices, Consumer Prices, By Classification of Individual Consumption According to Purpose (COICOP), Expenditure of Households, Restaurants and hotels, Weight [PCPI_CP_11_WT] (BASE_PER=_Z)",6.923813243837778,weight (%),pbs_cpi_sdmx,monthly
2023-06-30,"Prices, Consumer Prices, By Classification of Individual Consumption According to Purpose (COICOP), Expenditure of Households, Restaurants and hotels, Weight [PCPI_CP_11_WT] (BASE_PER=_Z)",6.923813243837778,weight (%),pbs_cpi_sdmx,monthly
2023-07-31,"Prices, Consumer Prices, By Classification of Individual Consumption According to Purpose (COICOP), Expenditure of Households, Restaurants and hotels, Weight [PCPI_CP_11_WT] (BASE_PER=_Z)",6.923813243837778,weight (%),pbs_cpi_sdmx,monthly
2023-08-31,"Prices, Consumer Prices, By Classification of Individual Consumption According to Purpose (COICOP), Expenditure of Households, Restaurants and hotels, Weight [PCPI_CP_11_WT] (BASE_PER=_Z)",6.923813243837778,weight (%),pbs_cpi_sdmx,monthly
2023-09-30,"Prices, Consumer Prices, By Classification of Individual Consumption According to Purpose (COICOP), Expenditure of Households, Restaurants and hotels, Weight [PCPI_CP_11_WT] (BASE_PER=_Z)",6.923813243837778,weight (%),pbs_cpi_sdmx,monthly
2023-10-31,"Prices, Consumer Prices, By Classification of Individual Consumption According to Purpose (COICOP), Expenditure of Households, Restaurants and hotels, Weight [PCPI_CP_11_WT] (BASE_PER=_Z)",6.923813243837778,weight (%),pbs_cpi_sdmx,monthly
2023-11-30,"Prices, Consumer Prices, By Classification of Individual Consumption According to Purpose (COICOP), Expenditure of Households, Restaurants and hotels, Weight [PCPI_CP_11_WT] (BASE_PER=_Z)",6.923813243837778,weight (%),pbs_cpi_sdmx,monthly
2023-12-31,"Prices, Consumer Prices, By Classification of Individual Consumption According to Purpose (COICOP), Expenditure of Households, Restaurants and hotels, Weight [PCPI_CP_11_WT] (BASE_PER=_Z)",6.923813243837778,weight (%),pbs_cpi_sdmx,monthly
2024-01-31,"Prices, Consumer Prices, By Classification of Individual Consumption According to Purpose (COICOP), Expenditure of Households, Restaurants and hotels, Weight [PCPI_CP_11_WT] (BASE_PER=_Z)",6.923813243837778,weight (%),pbs_cpi_sdmx,monthly
2024-02-29,"Prices, Consumer Prices, By Classification of Individual Consumption According to Purpose (COICOP), Expenditure of Households, Restaurants and hotels, Weight [PCPI_CP_11_WT] (BASE_PER=_Z)",6.923813243837778,weight (%),pbs_cpi_sdmx,monthly
2024-03-31,"Prices, Consumer Prices, By Classification of Individual Consumption According to Purpose (COICOP), Expenditure of Households, Restaurants and hotels, Weight [PCPI_CP_11_WT] (BASE_PER=_Z)",6.923813243837778,weight (%),pbs_cpi_sdmx,monthly
2024-04-30,"Prices, Consumer Prices, By Classification of Individual Consumption According to Purpose (COICOP), Expenditure of Households, Restaurants and hotels, Weight [PCPI_CP_11_WT] (BASE_PER=_Z)",6.923813243837778,weight (%),pbs_cpi_sdmx,monthly
2024-05-31,"Prices, Consumer Prices, By Classification of Individual Consumption According to Purpose (COICOP), Expenditure of Households, Restaurants and hotels, Weight [PCPI_CP_11_WT] (BASE_PER=_Z)",6.923813243837778,weight (%),pbs_cpi_sdmx,monthly
2024-06-30,"Prices, Consumer Prices, By Classification of Individual Consumption According to Purpose (COICOP), Expenditure of Households, Restaurants and hotels, Weight [PCPI_CP_11_WT] (BASE_PER=_Z)",6.923813243837778,weight (%),pbs_cpi_sdmx,monthly
2024-07-31,"Prices, Consumer Prices, By Classification of Individual Consumption According to Purpose (COICOP), Expenditure of Households, Restaurants and hotels, Weight [PCPI_CP_11_WT] (BASE_PER=_Z)",6.923813243837778,weight (%),pbs_cpi_sdmx,monthly
2024-08-31,"Prices, Consumer Prices, By Classification of Individual Consumption According to Purpose (COICOP), Expenditure of Households, Restaurants and hotels, Weight [PCPI_CP_11_WT] (BASE_PER=_Z)",6.923813243837778,weight (%),pbs_cpi_sdmx,monthly
2024-09-30,"Prices, Consumer Prices, By Classification of Individual Consumption According to Purpose (COICOP), Expenditure of Households, Restaurants and hotels, Weight [PCPI_CP_11_WT] (BASE_PER=_Z)",6.923813243837778,weight (%),pbs_cpi_sdmx,monthly
2024-10-31,"Prices, Consumer Prices, By Classification of Individual Consumption According to Purpose (COICOP), Expenditure of Households, Restaurants and hotels, Weight [PCPI_CP_11_WT] (BASE_PER=_Z)",6.923813243837778,weight (%),pbs_cpi_sdmx,monthly
2024-11-30,"Prices, Consumer Prices, By Classification of Individual Consumption According to Purpose (COICOP), Expenditure of Households, Restaurants and hotels, Weight [PCPI_CP_11_WT] (BASE_PER=_Z)",6.923813243837778,weight (%),pbs_cpi_sdmx,monthly
2024-12-31,"Prices, Consumer Prices, By Classification of Individual Consumption According to Purpose (COICOP), Expenditure of Households, Restaurants and hotels, Weight [PCPI_CP_11_WT] (BASE_PER=_Z)",6.923813243837778,weight (%),pbs_cpi_sdmx,monthly
2025-01-31,"Prices, Consumer Prices, By Classification of Individual Consumption According to Purpose (COICOP), Expenditure of Households, Restaurants and hotels, Weight [PCPI_CP_11_WT] (BASE_PER=_Z)",6.923813243837778,weight (%),pbs_cpi_sdmx,monthly
2025-02-28,"Prices, Consumer Prices, By Classification of Individual Consumption According to Purpose (COICOP), Expenditure of Households, Restaurants and hotels, Weight [PCPI_CP_11_WT] (BASE_PER=_Z)",6.923813243837778,weight (%),pbs_cpi_sdmx,monthly
2025-03-31,"Prices, Consumer Prices, By Classification of Individual Consumption According to Purpose (COICOP), Expenditure of Households, Restaurants and hotels, Weight [PCPI_CP_11_WT] (BASE_PER=_Z)",6.923813243837778,weight (%),pbs_cpi_sdmx,monthly
2025-04-30,"Prices, Consumer Prices, By Classification of Individual Consumption According to Purpose (COICOP), Expenditure of Households, Restaurants and hotels, Weight [PCPI_CP_11_WT] (BASE_PER=_Z)",6.923813243837778,weight (%),pbs_cpi_sdmx,monthly
2025-05-31,"Prices, Consumer Prices, By Classification of Individual Consumption According to Purpose (COICOP), Expenditure of Households, Restaurants and hotels, Weight [PCPI_CP_11_WT] (BASE_PER=_Z)",6.923813243837778,weight (%),pbs_cpi_sdmx,monthly
2025-06-30,"Prices, Consumer Prices, By Classification of Individual Consumption According to Purpose (COICOP), Expenditure of Households, Restaurants and hotels, Weight [PCPI_CP_11_WT] (BASE_PER=_Z)",6.923813243837778,weight (%),pbs_cpi_sdmx,monthly
2025-07-31,"Prices, Consumer Prices, By Classification of Individual Consumption According to Purpose (COICOP), Expenditure of Households, Restaurants and hotels, Weight [PCPI_CP_11_WT] (BASE_PER=_Z)",6.923813243837778,weight (%),pbs_cpi_sdmx,monthly
2025-08-31,"Prices, Consumer Prices, By Classification of Individual Consumption According to Purpose (COICOP), Expenditure of Households, Restaurants and hotels, Weight [PCPI_CP_11_WT] (BASE_PER=_Z)",6.923813243837778,weight (%),pbs_cpi_sdmx,monthly
2025-09-30,"Prices, Consumer Prices, By Classification of Individual Consumption According to Purpose (COICOP), Expenditure of Households, Restaurants and hotels, Weight [PCPI_CP_11_WT] (BASE_PER=_Z)",6.923813243837778,weight (%),pbs_cpi_sdmx,monthly
2025-10-31,"Prices, Consumer Prices, By Classification of Individual Consumption According to Purpose (COICOP), Expenditure of Households, Restaurants and hotels, Weight [PCPI_CP_11_WT] (BASE_PER=_Z)",6.923813243837778,weight (%),pbs_cpi_sdmx,monthly
2025-11-30,"Prices, Consumer Prices, By Classification of Individual Consumption According to Purpose (COICOP), Expenditure of Households, Restaurants and hotels, Weight [PCPI_CP_11_WT] (BASE_PER=_Z)",6.923813243837778,weight (%),pbs_cpi_sdmx,monthly
2025-12-31,"Prices, Consumer Prices, By Classification of Individual Consumption According to Purpose (COICOP), Expenditure of Households, Restaurants and hotels, Weight [PCPI_CP_11_WT] (BASE_PER=_Z)",6.923813243837778,weight (%),pbs_cpi_sdmx,monthly
2026-01-31,"Prices, Consumer Prices, By Classification of Individual Consumption According to Purpose (COICOP), Expenditure of Households, Restaurants and hotels, Weight [PCPI_CP_11_WT] (BASE_PER=_Z)",6.923813243837778,weight (%),pbs_cpi_sdmx,monthly
2026-02-28,"Prices, Consumer Prices, By Classification of Individual Consumption According to Purpose (COICOP), Expenditure of Households, Restaurants and hotels, Weight [PCPI_CP_11_WT] (BASE_PER=_Z)",6.923813243837778,weight (%),pbs_cpi_sdmx,monthly
2026-03-31,"Prices, Consumer Prices, By Classification of Individual Consumption According to Purpose (COICOP), Expenditure of Households, Restaurants and hotels, Weight [PCPI_CP_11_WT] (BASE_PER=_Z)",6.923813243837778,weight (%),pbs_cpi_sdmx,monthly
2026-04-30,"Prices, Consumer Prices, By Classification of Individual Consumption According to Purpose (COICOP), Expenditure of Households, Restaurants and hotels, Weight [PCPI_CP_11_WT] (BASE_PER=_Z)",6.923813243837778,weight (%),pbs_cpi_sdmx,monthly
2026-05-31,"Prices, Consumer Prices, By Classification of Individual Consumption According to Purpose (COICOP), Expenditure of Households, Restaurants and hotels, Weight [PCPI_CP_11_WT] (BASE_PER=_Z)",6.923813243837778,weight (%),pbs_cpi_sdmx,monthly
2026-06-30,"Prices, Consumer Prices, By Classification of Individual Consumption According to Purpose (COICOP), Expenditure of Households, Restaurants and hotels, Weight [PCPI_CP_11_WT] (BASE_PER=_Z)",6.923813243837778,weight (%),pbs_cpi_sdmx,monthly
2026-07-31,"Prices, Consumer Prices, By Classification of Individual Consumption According to Purpose (COICOP), Expenditure of Households, Restaurants and hotels, Weight [PCPI_CP_11_WT] (BASE_PER=_Z)",6.923813243837778,weight (%),pbs_cpi_sdmx,monthly
2022-07-31,"Prices, Consumer Prices, By Classification of Individual Consumption According to Purpose (COICOP), Expenditure of Households, Transport, Index [PCPI_CP_07_IX] (BASE_PER=2015/2016)",245.2511840534734,index,pbs_cpi_sdmx,monthly
2022-08-31,"Prices, Consumer Prices, By Classification of Individual Consumption According to Purpose (COICOP), Expenditure of Households, Transport, Index [PCPI_CP_07_IX] (BASE_PER=2015/2016)",244.54615898782527,index,pbs_cpi_sdmx,monthly
2022-09-30,"Prices, Consumer Prices, By Classification of Individual Consumption According to Purpose (COICOP), Expenditure of Households, Transport, Index [PCPI_CP_07_IX] (BASE_PER=2015/2016)",249.963690618286,index,pbs_cpi_sdmx,monthly
2022-10-31,"Prices, Consumer Prices, By Classification of Individual Consumption According to Purpose (COICOP), Expenditure of Households, Transport, Index [PCPI_CP_07_IX] (BASE_PER=2015/2016)",245.43875865361662,index,pbs_cpi_sdmx,monthly
2022-11-30,"Prices, Consumer Prices, By Classification of Individual Consumption According to Purpose (COICOP), Expenditure of Households, Transport, Index [PCPI_CP_07_IX] (BASE_PER=2015/2016)",245.27376939603727,index,pbs_cpi_sdmx,monthly
2022-12-31,"Prices, Consumer Prices, By Classification of Individual Consumption According to Purpose (COICOP), Expenditure of Households, Transport, Index [PCPI_CP_07_IX] (BASE_PER=2015/2016)",243.28000477440915,index,pbs_cpi_sdmx,monthly
2023-01-31,"Prices, Consumer Prices, By Classification of Individual Consumption According to Purpose (COICOP), Expenditure of Households, Transport, Index [PCPI_CP_07_IX] (BASE_PER=2015/2016)",242.15249701599427,index,pbs_cpi_sdmx,monthly
2023-02-28,"Prices, Consumer Prices, By Classification of Individual Consumption According to Purpose (COICOP), Expenditure of Households, Transport, Index [PCPI_CP_07_IX] (BASE_PER=2015/2016)",271.2411983767009,index,pbs_cpi_sdmx,monthly
2023-03-31,"Prices, Consumer Prices, By Classification of Individual Consumption According to Purpose (COICOP), Expenditure of Households, Transport, Index [PCPI_CP_07_IX] (BASE_PER=2015/2016)",280.1998734781571,index,pbs_cpi_sdmx,monthly
2023-04-30,"Prices, Consumer Prices, By Classification of Individual Consumption According to Purpose (COICOP), Expenditure of Households, Transport, Index [PCPI_CP_07_IX] (BASE_PER=2015/2016)",284.7449248030556,index,pbs_cpi_sdmx,monthly
2023-05-31,"Prices, Consumer Prices, By Classification of Individual Consumption According to Purpose (COICOP), Expenditure of Households, Transport, Index [PCPI_CP_07_IX] (BASE_PER=2015/2016)",285.362475531153,index,pbs_cpi_sdmx,monthly
2023-06-30,"Prices, Consumer Prices, By Classification of Individual Consumption According to Purpose (COICOP), Expenditure of Households, Transport, Index [PCPI_CP_07_IX] (BASE_PER=2015/2016)",279.238727619957,index,pbs_cpi_sdmx,monthly
2023-07-31,"Prices, Consumer Prices, By Classification of Individual Consumption According to Purpose (COICOP), Expenditure of Households, Transport, Index [PCPI_CP_07_IX] (BASE_PER=2015/2016)",278.6049295774648,index,pbs_cpi_sdmx,monthly
2023-08-31,"Prices, Consumer Prices, By Classification of Individual Consumption According to Purpose (COICOP), Expenditure of Households, Transport, Index [PCPI_CP_07_IX] (BASE_PER=2015/2016)",300.6828336118406,index,pbs_cpi_sdmx,monthly
2023-09-30,"Prices, Consumer Prices, By Classification of Individual Consumption According to Purpose (COICOP), Expenditure of Households, Transport, Index [PCPI_CP_07_IX] (BASE_PER=2015/2016)",328.10693721651944,index,pbs_cpi_sdmx,monthly
2023-10-31,"Prices, Consumer Prices, By Classification of Individual Consumption According to Purpose (COICOP), Expenditure of Households, Transport, Index [PCPI_CP_07_IX] (BASE_PER=2015/2016)",322.33217713058013,index,pbs_cpi_sdmx,monthly
2023-11-30,"Prices, Consumer Prices, By Classification of Individual Consumption According to Purpose (COICOP), Expenditure of Households, Transport, Index [PCPI_CP_07_IX] (BASE_PER=2015/2016)",310.3368751492003,index,pbs_cpi_sdmx,monthly
2023-12-31,"Prices, Consumer Prices, By Classification of Individual Consumption According to Purpose (COICOP), Expenditure of Households, Transport, Index [PCPI_CP_07_IX] (BASE_PER=2015/2016)",312.8605490570542,index,pbs_cpi_sdmx,monthly
2024-01-31,"Prices, Consumer Prices, By Classification of Individual Consumption According to Purpose (COICOP), Expenditure of Households, Transport, Index [PCPI_CP_07_IX] (BASE_PER=2015/2016)",305.4804153735975,index,pbs_cpi_sdmx,monthly
2024-02-29,"Prices, Consumer Prices, By Classification of Individual Consumption According to Purpose (COICOP), Expenditure of Households, Transport, Index [PCPI_CP_07_IX] (BASE_PER=2015/2016)",311.9329076151826,index,pbs_cpi_sdmx,monthly
2024-03-31,"Prices, Consumer Prices, By Classification of Individual Consumption According to Purpose (COICOP), Expenditure of Households, Transport, Index [PCPI_CP_07_IX] (BASE_PER=2015/2016)",311.46,index,pbs_cpi_sdmx,monthly
2024-04-30,"Prices, Consumer Prices, By Classification of Individual Consumption According to Purpose (COICOP), Expenditure of Households, Transport, Index [PCPI_CP_07_IX] (BASE_PER=2015/2016)",320.28183576032467,index,pbs_cpi_sdmx,monthly
2024-05-31,"Prices, Consumer Prices, By Classification of Individual Consumption According to Purpose (COICOP), Expenditure of Households, Transport, Index [PCPI_CP_07_IX] (BASE_PER=2015/2016)",315.0567032704703,index,pbs_cpi_sdmx,monthly
2024-06-30,"Prices, Consumer Prices, By Classification of Individual Consumption According to Purpose (COICOP), Expenditure of Households, Transport, Index [PCPI_CP_07_IX] (BASE_PER=2015/2016)",308.2291549295775,index,pbs_cpi_sdmx,monthly
2024-07-31,"Prices, Consumer Prices, By Classification of Individual Consumption According to Purpose (COICOP), Expenditure of Households, Transport, Index [PCPI_CP_07_IX] (BASE_PER=2015/2016)",312.5416567199809,index,pbs_cpi_sdmx,monthly
2024-08-31,"Prices, Consumer Prices, By Classification of Individual Consumption According to Purpose (COICOP), Expenditure of Households, Transport, Index [PCPI_CP_07_IX] (BASE_PER=2015/2016)",310.2166101694915,index,pbs_cpi_sdmx,monthly
2024-09-30,"Prices, Consumer Prices, By Classification of Individual Consumption According to Purpose (COICOP), Expenditure of Households, Transport, Index [PCPI_CP_07_IX] (BASE_PER=2015/2016)",304.2791191215087,index,pbs_cpi_sdmx,monthly
2024-10-31,"Prices, Consumer Prices, By Classification of Individual Consumption According to Purpose (COICOP), Expenditure of Households, Transport, Index [PCPI_CP_07_IX] (BASE_PER=2015/2016)",299.63414896156604,index,pbs_cpi_sdmx,monthly
2024-11-30,"Prices, Consumer Prices, By Classification of Individual Consumption According to Purpose (COICOP), Expenditure of Households, Transport, Index [PCPI_CP_07_IX] (BASE_PER=2015/2016)",301.79414657436143,index,pbs_cpi_sdmx,monthly
2024-12-31,"Prices, Consumer Prices, By Classification of Individual Consumption According to Purpose (COICOP), Expenditure of Households, Transport, Index [PCPI_CP_07_IX] (BASE_PER=2015/2016)",304.9778944855574,index,pbs_cpi_sdmx,monthly
2025-01-31,"Prices, Consumer Prices, By Classification of Individual Consumption According to Purpose (COICOP), Expenditure of Households, Transport, Index [PCPI_CP_07_IX] (BASE_PER=2015/2016)",307.6091620911912,index,pbs_cpi_sdmx,monthly
2025-02-28,"Prices, Consumer Prices, By Classification of Individual Consumption According to Purpose (COICOP), Expenditure of Households, Transport, Index [PCPI_CP_07_IX] (BASE_PER=2015/2016)",308.55043447123415,index,pbs_cpi_sdmx,monthly
2025-03-31,"Prices, Consumer Prices, By Classification of Individual Consumption According to Purpose (COICOP), Expenditure of Households, Transport, Index [PCPI_CP_07_IX] (BASE_PER=2015/2016)",307.7129434232514,index,pbs_cpi_sdmx,monthly
2025-04-30,"Prices, Consumer Prices, By Classification of Individual Consumption According to Purpose (COICOP), Expenditure of Households, Transport, Index [PCPI_CP_07_IX] (BASE_PER=2015/2016)",307.7467199809023,index,pbs_cpi_sdmx,monthly
2025-05-31,"Prices, Consumer Prices, By Classification of Individual Consumption According to Purpose (COICOP), Expenditure of Households, Transport, Index [PCPI_CP_07_IX] (BASE_PER=2015/2016)",307.1954476008594,index,pbs_cpi_sdmx,monthly
2025-06-30,"Prices, Consumer Prices, By Classification of Individual Consumption According to Purpose (COICOP), Expenditure of Households, Transport, Index [PCPI_CP_07_IX] (BASE_PER=2015/2016)",310.1004440200525,index,pbs_cpi_sdmx,monthly
2025-07-31,"Prices, Consumer Prices, By Classification of Individual Consumption According to Purpose (COICOP), Expenditure of Households, Transport, Index [PCPI_CP_07_IX] (BASE_PER=2015/2016)",321.0354046311769,index,pbs_cpi_sdmx,monthly
2025-08-31,"Prices, Consumer Prices, By Classification of Individual Consumption According to Purpose (COICOP), Expenditure of Households, Transport, Index [PCPI_CP_07_IX] (BASE_PER=2015/2016)",317.93,index,pbs_cpi_sdmx,monthly
2025-09-30,"Prices, Consumer Prices, By Classification of Individual Consumption According to Purpose (COICOP), Expenditure of Households, Transport, Index [PCPI_CP_07_IX] (BASE_PER=2015/2016)",317.05,index,pbs_cpi_sdmx,monthly
2025-10-31,"Prices, Consumer Prices, By Classification of Individual Consumption According to Purpose (COICOP), Expenditure of Households, Transport, Index [PCPI_CP_07_IX] (BASE_PER=2015/2016)",319.76,index,pbs_cpi_sdmx,monthly
2025-11-30,"Prices, Consumer Prices, By Classification of Individual Consumption According to Purpose (COICOP), Expenditure of Households, Transport, Index [PCPI_CP_07_IX] (BASE_PER=2015/2016)",320.24,index,pbs_cpi_sdmx,monthly
2025-12-31,"Prices, Consumer Prices, By Classification of Individual Consumption According to Purpose (COICOP), Expenditure of Households, Transport, Index [PCPI_CP_07_IX] (BASE_PER=2015/2016)",320.05,index,pbs_cpi_sdmx,monthly
2026-01-31,"Prices, Consumer Prices, By Classification of Individual Consumption According to Purpose (COICOP), Expenditure of Households, Transport, Index [PCPI_CP_07_IX] (BASE_PER=2015/2016)",315.65288851754593,index,pbs_cpi_sdmx,monthly
2026-02-28,"Prices, Consumer Prices, By Classification of Individual Consumption According to Purpose (COICOP), Expenditure of Households, Transport, Index [PCPI_CP_07_IX] (BASE_PER=2015/2016)",309.69296013368347,index,pbs_cpi_sdmx,monthly
2026-03-31,"Prices, Consumer Prices, By Classification of Individual Consumption According to Purpose (COICOP), Expenditure of Households, Transport, Index [PCPI_CP_07_IX] (BASE_PER=2015/2016)",346.1341752208164,index,pbs_cpi_sdmx,monthly
2026-04-30,"Prices, Consumer Prices, By Classification of Individual Consumption According to Purpose (COICOP), Expenditure of Households, Transport, Index [PCPI_CP_07_IX] (BASE_PER=2015/2016)",399.69506564812605,index,pbs_cpi_sdmx,monthly
2026-05-31,"Prices, Consumer Prices, By Classification of Individual Consumption According to Purpose (COICOP), Expenditure of Households, Transport, Index [PCPI_CP_07_IX] (BASE_PER=2015/2016)",420.19495583671517,index,pbs_cpi_sdmx,monthly
2026-06-30,"Prices, Consumer Prices, By Classification of Individual Consumption According to Purpose (COICOP), Expenditure of Households, Transport, Index [PCPI_CP_07_IX] (BASE_PER=2015/2016)",389.8712270231559,index,pbs_cpi_sdmx,monthly
2026-07-31,"Prices, Consumer Prices, By Classification of Individual Consumption According to Purpose (COICOP), Expenditure of Households, Transport, Index [PCPI_CP_07_IX] (BASE_PER=2015/2016)",369.4538672714252,index,pbs_cpi_sdmx,monthly
2022-07-31,"Prices, Consumer Prices, By Classification of Individual Consumption According to Purpose (COICOP), Expenditure of Households, Transport, Weight [PCPI_CP_07_WT] (BASE_PER=_Z)",5.906988549833606,weight (%),pbs_cpi_sdmx,monthly
2022-08-31,"Prices, Consumer Prices, By Classification of Individual Consumption According to Purpose (COICOP), Expenditure of Households, Transport, Weight [PCPI_CP_07_WT] (BASE_PER=_Z)",5.906988549833606,weight (%),pbs_cpi_sdmx,monthly
2022-09-30,"Prices, Consumer Prices, By Classification of Individual Consumption According to Purpose (COICOP), Expenditure of Households, Transport, Weight [PCPI_CP_07_WT] (BASE_PER=_Z)",5.906988549833606,weight (%),pbs_cpi_sdmx,monthly
2022-10-31,"Prices, Consumer Prices, By Classification of Individual Consumption According to Purpose (COICOP), Expenditure of Households, Transport, Weight [PCPI_CP_07_WT] (BASE_PER=_Z)",5.906988549833606,weight (%),pbs_cpi_sdmx,monthly
2022-11-30,"Prices, Consumer Prices, By Classification of Individual Consumption According to Purpose (COICOP), Expenditure of Households, Transport, Weight [PCPI_CP_07_WT] (BASE_PER=_Z)",5.906988549833606,weight (%),pbs_cpi_sdmx,monthly
2022-12-31,"Prices, Consumer Prices, By Classification of Individual Consumption According to Purpose (COICOP), Expenditure of Households, Transport, Weight [PCPI_CP_07_WT] (BASE_PER=_Z)",5.906988549833606,weight (%),pbs_cpi_sdmx,monthly
2023-01-31,"Prices, Consumer Prices, By Classification of Individual Consumption According to Purpose (COICOP), Expenditure of Households, Transport, Weight [PCPI_CP_07_WT] (BASE_PER=_Z)",5.906988549833606,weight (%),pbs_cpi_sdmx,monthly
2023-02-28,"Prices, Consumer Prices, By Classification of Individual Consumption According to Purpose (COICOP), Expenditure of Households, Transport, Weight [PCPI_CP_07_WT] (BASE_PER=_Z)",5.906988549833606,weight (%),pbs_cpi_sdmx,monthly
2023-03-31,"Prices, Consumer Prices, By Classification of Individual Consumption According to Purpose (COICOP), Expenditure of Households, Transport, Weight [PCPI_CP_07_WT] (BASE_PER=_Z)",5.906988549833606,weight (%),pbs_cpi_sdmx,monthly
2023-04-30,"Prices, Consumer Prices, By Classification of Individual Consumption According to Purpose (COICOP), Expenditure of Households, Transport, Weight [PCPI_CP_07_WT] (BASE_PER=_Z)",5.906988549833606,weight (%),pbs_cpi_sdmx,monthly
2023-05-31,"Prices, Consumer Prices, By Classification of Individual Consumption According to Purpose (COICOP), Expenditure of Households, Transport, Weight [PCPI_CP_07_WT] (BASE_PER=_Z)",5.906988549833606,weight (%),pbs_cpi_sdmx,monthly
2023-06-30,"Prices, Consumer Prices, By Classification of Individual Consumption According to Purpose (COICOP), Expenditure of Households, Transport, Weight [PCPI_CP_07_WT] (BASE_PER=_Z)",5.906988549833606,weight (%),pbs_cpi_sdmx,monthly
2023-07-31,"Prices, Consumer Prices, By Classification of Individual Consumption According to Purpose (COICOP), Expenditure of Households, Transport, Weight [PCPI_CP_07_WT] (BASE_PER=_Z)",5.906988549833606,weight (%),pbs_cpi_sdmx,monthly
2023-08-31,"Prices, Consumer Prices, By Classification of Individual Consumption According to Purpose (COICOP), Expenditure of Households, Transport, Weight [PCPI_CP_07_WT] (BASE_PER=_Z)",5.906988549833606,weight (%),pbs_cpi_sdmx,monthly
2023-09-30,"Prices, Consumer Prices, By Classification of Individual Consumption According to Purpose (COICOP), Expenditure of Households, Transport, Weight [PCPI_CP_07_WT] (BASE_PER=_Z)",5.906988549833606,weight (%),pbs_cpi_sdmx,monthly
2023-10-31,"Prices, Consumer Prices, By Classification of Individual Consumption According to Purpose (COICOP), Expenditure of Households, Transport, Weight [PCPI_CP_07_WT] (BASE_PER=_Z)",5.906988549833606,weight (%),pbs_cpi_sdmx,monthly
2023-11-30,"Prices, Consumer Prices, By Classification of Individual Consumption According to Purpose (COICOP), Expenditure of Households, Transport, Weight [PCPI_CP_07_WT] (BASE_PER=_Z)",5.906988549833606,weight (%),pbs_cpi_sdmx,monthly
2023-12-31,"Prices, Consumer Prices, By Classification of Individual Consumption According to Purpose (COICOP), Expenditure of Households, Transport, Weight [PCPI_CP_07_WT] (BASE_PER=_Z)",5.906988549833606,weight (%),pbs_cpi_sdmx,monthly
2024-01-31,"Prices, Consumer Prices, By Classification of Individual Consumption According to Purpose (COICOP), Expenditure of Households, Transport, Weight [PCPI_CP_07_WT] (BASE_PER=_Z)",5.906988549833606,weight (%),pbs_cpi_sdmx,monthly
2024-02-29,"Prices, Consumer Prices, By Classification of Individual Consumption According to Purpose (COICOP), Expenditure of Households, Transport, Weight [PCPI_CP_07_WT] (BASE_PER=_Z)",5.906988549833606,weight (%),pbs_cpi_sdmx,monthly
2024-03-31,"Prices, Consumer Prices, By Classification of Individual Consumption According to Purpose (COICOP), Expenditure of Households, Transport, Weight [PCPI_CP_07_WT] (BASE_PER=_Z)",5.906988549833606,weight (%),pbs_cpi_sdmx,monthly
2024-04-30,"Prices, Consumer Prices, By Classification of Individual Consumption According to Purpose (COICOP), Expenditure of Households, Transport, Weight [PCPI_CP_07_WT] (BASE_PER=_Z)",5.906988549833606,weight (%),pbs_cpi_sdmx,monthly
2024-05-31,"Prices, Consumer Prices, By Classification of Individual Consumption According to Purpose (COICOP), Expenditure of Households, Transport, Weight [PCPI_CP_07_WT] (BASE_PER=_Z)",5.906988549833606,weight (%),pbs_cpi_sdmx,monthly
2024-06-30,"Prices, Consumer Prices, By Classification of Individual Consumption According to Purpose (COICOP), Expenditure of Households, Transport, Weight [PCPI_CP_07_WT] (BASE_PER=_Z)",5.906988549833606,weight (%),pbs_cpi_sdmx,monthly
2024-07-31,"Prices, Consumer Prices, By Classification of Individual Consumption According to Purpose (COICOP), Expenditure of Households, Transport, Weight [PCPI_CP_07_WT] (BASE_PER=_Z)",5.906988549833606,weight (%),pbs_cpi_sdmx,monthly
2024-08-31,"Prices, Consumer Prices, By Classification of Individual Consumption According to Purpose (COICOP), Expenditure of Households, Transport, Weight [PCPI_CP_07_WT] (BASE_PER=_Z)",5.906988549833606,weight (%),pbs_cpi_sdmx,monthly
2024-09-30,"Prices, Consumer Prices, By Classification of Individual Consumption According to Purpose (COICOP), Expenditure of Households, Transport, Weight [PCPI_CP_07_WT] (BASE_PER=_Z)",5.906988549833606,weight (%),pbs_cpi_sdmx,monthly
2024-10-31,"Prices, Consumer Prices, By Classification of Individual Consumption According to Purpose (COICOP), Expenditure of Households, Transport, Weight [PCPI_CP_07_WT] (BASE_PER=_Z)",5.906988549833606,weight (%),pbs_cpi_sdmx,monthly
2024-11-30,"Prices, Consumer Prices, By Classification of Individual Consumption According to Purpose (COICOP), Expenditure of Households, Transport, Weight [PCPI_CP_07_WT] (BASE_PER=_Z)",5.906988549833606,weight (%),pbs_cpi_sdmx,monthly
2024-12-31,"Prices, Consumer Prices, By Classification of Individual Consumption According to Purpose (COICOP), Expenditure of Households, Transport, Weight [PCPI_CP_07_WT] (BASE_PER=_Z)",5.906988549833606,weight (%),pbs_cpi_sdmx,monthly
2025-01-31,"Prices, Consumer Prices, By Classification of Individual Consumption According to Purpose (COICOP), Expenditure of Households, Transport, Weight [PCPI_CP_07_WT] (BASE_PER=_Z)",5.906988549833606,weight (%),pbs_cpi_sdmx,monthly
2025-02-28,"Prices, Consumer Prices, By Classification of Individual Consumption According to Purpose (COICOP), Expenditure of Households, Transport, Weight [PCPI_CP_07_WT] (BASE_PER=_Z)",5.906988549833606,weight (%),pbs_cpi_sdmx,monthly
2025-03-31,"Prices, Consumer Prices, By Classification of Individual Consumption According to Purpose (COICOP), Expenditure of Households, Transport, Weight [PCPI_CP_07_WT] (BASE_PER=_Z)",5.906988549833606,weight (%),pbs_cpi_sdmx,monthly
2025-04-30,"Prices, Consumer Prices, By Classification of Individual Consumption According to Purpose (COICOP), Expenditure of Households, Transport, Weight [PCPI_CP_07_WT] (BASE_PER=_Z)",5.906988549833606,weight (%),pbs_cpi_sdmx,monthly
2025-05-31,"Prices, Consumer Prices, By Classification of Individual Consumption According to Purpose (COICOP), Expenditure of Households, Transport, Weight [PCPI_CP_07_WT] (BASE_PER=_Z)",5.906988549833606,weight (%),pbs_cpi_sdmx,monthly
2025-06-30,"Prices, Consumer Prices, By Classification of Individual Consumption According to Purpose (COICOP), Expenditure of Households, Transport, Weight [PCPI_CP_07_WT] (BASE_PER=_Z)",5.906988549833606,weight (%),pbs_cpi_sdmx,monthly
2025-07-31,"Prices, Consumer Prices, By Classification of Individual Consumption According to Purpose (COICOP), Expenditure of Households, Transport, Weight [PCPI_CP_07_WT] (BASE_PER=_Z)",5.906988549833606,weight (%),pbs_cpi_sdmx,monthly
2025-08-31,"Prices, Consumer Prices, By Classification of Individual Consumption According to Purpose (COICOP), Expenditure of Households, Transport, Weight [PCPI_CP_07_WT] (BASE_PER=_Z)",5.906988549833606,weight (%),pbs_cpi_sdmx,monthly
2025-09-30,"Prices, Consumer Prices, By Classification of Individual Consumption According to Purpose (COICOP), Expenditure of Households, Transport, Weight [PCPI_CP_07_WT] (BASE_PER=_Z)",5.906988549833606,weight (%),pbs_cpi_sdmx,monthly
2025-10-31,"Prices, Consumer Prices, By Classification of Individual Consumption According to Purpose (COICOP), Expenditure of Households, Transport, Weight [PCPI_CP_07_WT] (BASE_PER=_Z)",5.906988549833606,weight (%),pbs_cpi_sdmx,monthly
2025-11-30,"Prices, Consumer Prices, By Classification of Individual Consumption According to Purpose (COICOP), Expenditure of Households, Transport, Weight [PCPI_CP_07_WT] (BASE_PER=_Z)",5.906988549833606,weight (%),pbs_cpi_sdmx,monthly
2025-12-31,"Prices, Consumer Prices, By Classification of Individual Consumption According to Purpose (COICOP), Expenditure of Households, Transport, Weight [PCPI_CP_07_WT] (BASE_PER=_Z)",5.906988549833606,weight (%),pbs_cpi_sdmx,monthly
2026-01-31,"Prices, Consumer Prices, By Classification of Individual Consumption According to Purpose (COICOP), Expenditure of Households, Transport, Weight [PCPI_CP_07_WT] (BASE_PER=_Z)",5.906988549833606,weight (%),pbs_cpi_sdmx,monthly
2026-02-28,"Prices, Consumer Prices, By Classification of Individual Consumption According to Purpose (COICOP), Expenditure of Households, Transport, Weight [PCPI_CP_07_WT] (BASE_PER=_Z)",5.906988549833606,weight (%),pbs_cpi_sdmx,monthly
2026-03-31,"Prices, Consumer Prices, By Classification of Individual Consumption According to Purpose (COICOP), Expenditure of Households, Transport, Weight [PCPI_CP_07_WT] (BASE_PER=_Z)",5.906988549833606,weight (%),pbs_cpi_sdmx,monthly
2026-04-30,"Prices, Consumer Prices, By Classification of Individual Consumption According to Purpose (COICOP), Expenditure of Households, Transport, Weight [PCPI_CP_07_WT] (BASE_PER=_Z)",5.906988549833606,weight (%),pbs_cpi_sdmx,monthly
2026-05-31,"Prices, Consumer Prices, By Classification of Individual Consumption According to Purpose (COICOP), Expenditure of Households, Transport, Weight [PCPI_CP_07_WT] (BASE_PER=_Z)",5.906988549833606,weight (%),pbs_cpi_sdmx,monthly
2026-06-30,"Prices, Consumer Prices, By Classification of Individual Consumption According to Purpose (COICOP), Expenditure of Households, Transport, Weight [PCPI_CP_07_WT] (BASE_PER=_Z)",5.906988549833606,weight (%),pbs_cpi_sdmx,monthly
2026-07-31,"Prices, Consumer Prices, By Classification of Individual Consumption According to Purpose (COICOP), Expenditure of Households, Transport, Weight [PCPI_CP_07_WT] (BASE_PER=_Z)",5.906988549833606,weight (%),pbs_cpi_sdmx,monthly
