date,series,value,unit,source_id,frequency
2010-06-30,1. Market Loans,2.9497777000000003,billion PKR,sbp_domestic_debt,monthly
2010-07-31,1. Market Loans,2.9497777000000003,billion PKR,sbp_domestic_debt,monthly
2010-08-31,1. Market Loans,2.9497777000000003,billion PKR,sbp_domestic_debt,monthly
2010-09-30,1. Market Loans,2.9497777000000003,billion PKR,sbp_domestic_debt,monthly
2010-10-31,1. Market Loans,2.9497777000000003,billion PKR,sbp_domestic_debt,monthly
2010-11-30,1. Market Loans,2.9497777000000003,billion PKR,sbp_domestic_debt,monthly
2010-12-31,1. Market Loans,2.9497777000000003,billion PKR,sbp_domestic_debt,monthly
2011-01-31,1. Market Loans,2.9497777000000003,billion PKR,sbp_domestic_debt,monthly
2011-02-28,1. Market Loans,2.9497777000000003,billion PKR,sbp_domestic_debt,monthly
2011-03-31,1. Market Loans,2.9497777000000003,billion PKR,sbp_domestic_debt,monthly
2011-04-30,1. Market Loans,2.9497777000000003,billion PKR,sbp_domestic_debt,monthly
2011-05-31,1. Market Loans,2.9497777000000003,billion PKR,sbp_domestic_debt,monthly
2011-06-30,1. Market Loans,2.9497777000000003,billion PKR,sbp_domestic_debt,monthly
2011-07-31,1. Market Loans,2.9497777000000003,billion PKR,sbp_domestic_debt,monthly
2011-08-31,1. Market Loans,2.9497777000000003,billion PKR,sbp_domestic_debt,monthly
2011-09-30,1. Market Loans,2.9497777000000003,billion PKR,sbp_domestic_debt,monthly
2011-10-31,1. Market Loans,2.9497777000000003,billion PKR,sbp_domestic_debt,monthly
2011-11-30,1. Market Loans,2.9497777000000003,billion PKR,sbp_domestic_debt,monthly
2011-12-31,1. Market Loans,2.9497777000000003,billion PKR,sbp_domestic_debt,monthly
2012-01-31,1. Market Loans,2.9497777000000003,billion PKR,sbp_domestic_debt,monthly
2012-02-29,1. Market Loans,2.9497777000000003,billion PKR,sbp_domestic_debt,monthly
2012-03-31,1. Market Loans,2.9497777000000003,billion PKR,sbp_domestic_debt,monthly
2012-04-30,1. Market Loans,2.9497777000000003,billion PKR,sbp_domestic_debt,monthly
2012-05-31,1. Market Loans,2.9497777000000003,billion PKR,sbp_domestic_debt,monthly
2012-06-30,1. Market Loans,2.9497777000000003,billion PKR,sbp_domestic_debt,monthly
2012-07-31,1. Market Loans,2.8427639,billion PKR,sbp_domestic_debt,monthly
2012-08-31,1. Market Loans,2.8427639,billion PKR,sbp_domestic_debt,monthly
2012-09-30,1. Market Loans,2.8427639,billion PKR,sbp_domestic_debt,monthly
2012-10-31,1. Market Loans,2.8427639,billion PKR,sbp_domestic_debt,monthly
2012-11-30,1. Market Loans,2.8427639,billion PKR,sbp_domestic_debt,monthly
2012-12-31,1. Market Loans,2.8427639,billion PKR,sbp_domestic_debt,monthly
2013-01-31,1. Market Loans,2.8427639,billion PKR,sbp_domestic_debt,monthly
2013-02-28,1. Market Loans,2.8427639,billion PKR,sbp_domestic_debt,monthly
2013-03-31,1. Market Loans,2.8427639,billion PKR,sbp_domestic_debt,monthly
2013-04-30,1. Market Loans,2.8427639,billion PKR,sbp_domestic_debt,monthly
2013-05-31,1. Market Loans,2.8427639,billion PKR,sbp_domestic_debt,monthly
2013-06-30,1. Market Loans,2.8427639,billion PKR,sbp_domestic_debt,monthly
2013-07-31,1. Market Loans,2.8427639,billion PKR,sbp_domestic_debt,monthly
2013-08-31,1. Market Loans,2.8427639,billion PKR,sbp_domestic_debt,monthly
2013-09-30,1. Market Loans,2.8427639,billion PKR,sbp_domestic_debt,monthly
2013-10-31,1. Market Loans,2.8427639,billion PKR,sbp_domestic_debt,monthly
2013-11-30,1. Market Loans,2.8427639,billion PKR,sbp_domestic_debt,monthly
2013-12-31,1. Market Loans,2.8427639,billion PKR,sbp_domestic_debt,monthly
2014-01-31,1. Market Loans,2.8427639,billion PKR,sbp_domestic_debt,monthly
2014-02-28,1. Market Loans,2.8427639,billion PKR,sbp_domestic_debt,monthly
2014-03-31,1. Market Loans,2.8427639,billion PKR,sbp_domestic_debt,monthly
2014-04-30,1. Market Loans,2.8427639,billion PKR,sbp_domestic_debt,monthly
2014-05-31,1. Market Loans,2.8427639,billion PKR,sbp_domestic_debt,monthly
2014-06-30,1. Market Loans,2.8427639,billion PKR,sbp_domestic_debt,monthly
2014-07-31,1. Market Loans,2.8450173000000003,billion PKR,sbp_domestic_debt,monthly
2014-08-31,1. Market Loans,2.8453385000000004,billion PKR,sbp_domestic_debt,monthly
2014-09-30,1. Market Loans,2.8453385000000004,billion PKR,sbp_domestic_debt,monthly
2014-10-31,1. Market Loans,2.8453385000000004,billion PKR,sbp_domestic_debt,monthly
2014-11-30,1. Market Loans,2.8427639,billion PKR,sbp_domestic_debt,monthly
2014-12-31,1. Market Loans,2.8427639,billion PKR,sbp_domestic_debt,monthly
2015-01-31,1. Market Loans,2.8427639,billion PKR,sbp_domestic_debt,monthly
2015-02-28,1. Market Loans,2.8427639,billion PKR,sbp_domestic_debt,monthly
2015-03-31,1. Market Loans,2.8427639,billion PKR,sbp_domestic_debt,monthly
2015-04-30,1. Market Loans,2.8427639,billion PKR,sbp_domestic_debt,monthly
2015-05-31,1. Market Loans,2.8427639,billion PKR,sbp_domestic_debt,monthly
2015-06-30,1. Market Loans,2.8427639,billion PKR,sbp_domestic_debt,monthly
2015-07-31,1. Market Loans,2.8427639,billion PKR,sbp_domestic_debt,monthly
2015-08-31,1. Market Loans,2.8427639,billion PKR,sbp_domestic_debt,monthly
2015-09-30,1. Market Loans,2.8427639,billion PKR,sbp_domestic_debt,monthly
2015-10-31,1. Market Loans,2.8427639,billion PKR,sbp_domestic_debt,monthly
2015-11-30,1. Market Loans,2.7895647,billion PKR,sbp_domestic_debt,monthly
2015-12-31,1. Market Loans,2.8427639,billion PKR,sbp_domestic_debt,monthly
2016-01-31,1. Market Loans,2.8427639,billion PKR,sbp_domestic_debt,monthly
2016-02-29,1. Market Loans,2.8427639,billion PKR,sbp_domestic_debt,monthly
2016-03-31,1. Market Loans,2.8427639,billion PKR,sbp_domestic_debt,monthly
2016-04-30,1. Market Loans,2.8427639,billion PKR,sbp_domestic_debt,monthly
2016-05-31,1. Market Loans,2.8427639,billion PKR,sbp_domestic_debt,monthly
2016-06-30,1. Market Loans,2.8427639,billion PKR,sbp_domestic_debt,monthly
2016-07-31,1. Market Loans,2.8427639,billion PKR,sbp_domestic_debt,monthly
2016-08-31,1. Market Loans,2.8427639,billion PKR,sbp_domestic_debt,monthly
2016-09-30,1. Market Loans,2.8427639,billion PKR,sbp_domestic_debt,monthly
2016-10-31,1. Market Loans,2.8427639,billion PKR,sbp_domestic_debt,monthly
2016-11-30,1. Market Loans,2.8427639,billion PKR,sbp_domestic_debt,monthly
2016-12-31,1. Market Loans,2.8427639,billion PKR,sbp_domestic_debt,monthly
2017-01-31,1. Market Loans,2.8427639,billion PKR,sbp_domestic_debt,monthly
2017-02-28,1. Market Loans,2.8427639,billion PKR,sbp_domestic_debt,monthly
2017-03-31,1. Market Loans,2.8427639,billion PKR,sbp_domestic_debt,monthly
2017-04-30,1. Market Loans,2.8427639,billion PKR,sbp_domestic_debt,monthly
2017-05-31,1. Market Loans,2.8427639,billion PKR,sbp_domestic_debt,monthly
2017-06-30,1. Market Loans,2.8427639,billion PKR,sbp_domestic_debt,monthly
2017-07-31,1. Market Loans,2.8427639,billion PKR,sbp_domestic_debt,monthly
2017-08-31,1. Market Loans,2.8427639,billion PKR,sbp_domestic_debt,monthly
2017-09-30,1. Market Loans,2.8427639,billion PKR,sbp_domestic_debt,monthly
2017-10-31,1. Market Loans,2.8427639,billion PKR,sbp_domestic_debt,monthly
2017-11-30,1. Market Loans,2.8427639,billion PKR,sbp_domestic_debt,monthly
2017-12-31,1. Market Loans,2.8427639,billion PKR,sbp_domestic_debt,monthly
2018-01-31,1. Market Loans,2.8453385000000004,billion PKR,sbp_domestic_debt,monthly
2018-02-28,1. Market Loans,2.8453385000000004,billion PKR,sbp_domestic_debt,monthly
2018-03-31,1. Market Loans,2.8427639,billion PKR,sbp_domestic_debt,monthly
2018-04-30,1. Market Loans,2.8427639,billion PKR,sbp_domestic_debt,monthly
2018-05-31,1. Market Loans,2.8427639,billion PKR,sbp_domestic_debt,monthly
2018-06-30,1. Market Loans,2.8453385000000004,billion PKR,sbp_domestic_debt,monthly
2018-07-31,1. Market Loans,2.8427639,billion PKR,sbp_domestic_debt,monthly
2018-08-31,1. Market Loans,2.8427639,billion PKR,sbp_domestic_debt,monthly
2018-09-30,1. Market Loans,2.8427639,billion PKR,sbp_domestic_debt,monthly
2018-10-31,1. Market Loans,2.8427639,billion PKR,sbp_domestic_debt,monthly
2018-11-30,1. Market Loans,2.8427639,billion PKR,sbp_domestic_debt,monthly
2018-12-31,1. Market Loans,2.8427639,billion PKR,sbp_domestic_debt,monthly
2019-01-31,1. Market Loans,2.8427639,billion PKR,sbp_domestic_debt,monthly
2019-02-28,1. Market Loans,2.8427639,billion PKR,sbp_domestic_debt,monthly
2019-03-31,1. Market Loans,2.8427639,billion PKR,sbp_domestic_debt,monthly
2019-04-30,1. Market Loans,2.8427639,billion PKR,sbp_domestic_debt,monthly
2019-05-31,1. Market Loans,2.8427639,billion PKR,sbp_domestic_debt,monthly
2019-06-30,1. Market Loans,2.8427639,billion PKR,sbp_domestic_debt,monthly
2019-07-31,1. Market Loans,2.8427639,billion PKR,sbp_domestic_debt,monthly
2019-08-31,1. Market Loans,2.8427639,billion PKR,sbp_domestic_debt,monthly
2019-09-30,1. Market Loans,2.8427639,billion PKR,sbp_domestic_debt,monthly
2019-10-31,1. Market Loans,2.8427639,billion PKR,sbp_domestic_debt,monthly
2019-11-30,1. Market Loans,2.8427639,billion PKR,sbp_domestic_debt,monthly
2019-12-31,1. Market Loans,2.8427639,billion PKR,sbp_domestic_debt,monthly
2020-01-31,1. Market Loans,2.8427639,billion PKR,sbp_domestic_debt,monthly
2020-02-29,1. Market Loans,2.8427639,billion PKR,sbp_domestic_debt,monthly
2020-03-31,1. Market Loans,2.8427639,billion PKR,sbp_domestic_debt,monthly
2020-04-30,1. Market Loans,2.8427639,billion PKR,sbp_domestic_debt,monthly
2020-05-31,1. Market Loans,2.8427639,billion PKR,sbp_domestic_debt,monthly
2020-06-30,1. Market Loans,2.8427639,billion PKR,sbp_domestic_debt,monthly
2020-07-31,1. Market Loans,2.8427639,billion PKR,sbp_domestic_debt,monthly
2020-08-31,1. Market Loans,2.8427639,billion PKR,sbp_domestic_debt,monthly
2020-09-30,1. Market Loans,2.8427639,billion PKR,sbp_domestic_debt,monthly
2020-10-31,1. Market Loans,2.8427639,billion PKR,sbp_domestic_debt,monthly
2020-11-30,1. Market Loans,2.8427639,billion PKR,sbp_domestic_debt,monthly
2020-12-31,1. Market Loans,2.8427639,billion PKR,sbp_domestic_debt,monthly
2021-01-31,1. Market Loans,2.8427639,billion PKR,sbp_domestic_debt,monthly
2021-02-28,1. Market Loans,2.8427639,billion PKR,sbp_domestic_debt,monthly
2021-03-31,1. Market Loans,2.8427639,billion PKR,sbp_domestic_debt,monthly
2021-04-30,1. Market Loans,2.8427639,billion PKR,sbp_domestic_debt,monthly
2021-05-31,1. Market Loans,2.8427639,billion PKR,sbp_domestic_debt,monthly
2021-06-30,1. Market Loans,2.8427639,billion PKR,sbp_domestic_debt,monthly
2021-07-31,1. Market Loans,2.8427639,billion PKR,sbp_domestic_debt,monthly
2021-08-31,1. Market Loans,2.8427639,billion PKR,sbp_domestic_debt,monthly
2021-09-30,1. Market Loans,2.8427639,billion PKR,sbp_domestic_debt,monthly
2021-10-31,1. Market Loans,2.8427639,billion PKR,sbp_domestic_debt,monthly
2021-11-30,1. Market Loans,2.8427639,billion PKR,sbp_domestic_debt,monthly
2021-12-31,1. Market Loans,2.8427639,billion PKR,sbp_domestic_debt,monthly
2022-01-31,1. Market Loans,2.8427639,billion PKR,sbp_domestic_debt,monthly
2022-02-28,1. Market Loans,2.8427639,billion PKR,sbp_domestic_debt,monthly
2022-03-31,1. Market Loans,2.8427639,billion PKR,sbp_domestic_debt,monthly
2022-04-30,1. Market Loans,2.8427639,billion PKR,sbp_domestic_debt,monthly
2022-05-31,1. Market Loans,2.8427639,billion PKR,sbp_domestic_debt,monthly
2022-06-30,1. Market Loans,2.8427639,billion PKR,sbp_domestic_debt,monthly
2022-07-31,1. Market Loans,2.8427639,billion PKR,sbp_domestic_debt,monthly
2022-08-31,1. Market Loans,2.8427639,billion PKR,sbp_domestic_debt,monthly
2022-09-30,1. Market Loans,2.8427639,billion PKR,sbp_domestic_debt,monthly
2022-10-31,1. Market Loans,2.8427639,billion PKR,sbp_domestic_debt,monthly
2022-11-30,1. Market Loans,2.8427639,billion PKR,sbp_domestic_debt,monthly
2022-12-31,1. Market Loans,2.8427639,billion PKR,sbp_domestic_debt,monthly
2023-01-31,1. Market Loans,2.8427639,billion PKR,sbp_domestic_debt,monthly
2023-02-28,1. Market Loans,2.8427639,billion PKR,sbp_domestic_debt,monthly
2023-03-31,1. Market Loans,2.8427639,billion PKR,sbp_domestic_debt,monthly
2023-04-30,1. Market Loans,2.8427639,billion PKR,sbp_domestic_debt,monthly
2023-05-31,1. Market Loans,2.8427639,billion PKR,sbp_domestic_debt,monthly
2023-06-30,1. Market Loans,2.8427639,billion PKR,sbp_domestic_debt,monthly
2023-07-31,1. Market Loans,2.8427639,billion PKR,sbp_domestic_debt,monthly
2023-08-31,1. Market Loans,2.8427639,billion PKR,sbp_domestic_debt,monthly
2023-09-30,1. Market Loans,2.8427639,billion PKR,sbp_domestic_debt,monthly
2023-10-31,1. Market Loans,2.8427639,billion PKR,sbp_domestic_debt,monthly
2023-11-30,1. Market Loans,2.8427639,billion PKR,sbp_domestic_debt,monthly
2023-12-31,1. Market Loans,2.8427639,billion PKR,sbp_domestic_debt,monthly
2024-01-31,1. Market Loans,2.8427639,billion PKR,sbp_domestic_debt,monthly
2024-02-29,1. Market Loans,2.8427639,billion PKR,sbp_domestic_debt,monthly
2024-03-31,1. Market Loans,2.8427639,billion PKR,sbp_domestic_debt,monthly
2024-04-30,1. Market Loans,2.8427639,billion PKR,sbp_domestic_debt,monthly
2024-05-31,1. Market Loans,2.8427639,billion PKR,sbp_domestic_debt,monthly
2024-06-30,1. Market Loans,2.8427639,billion PKR,sbp_domestic_debt,monthly
2024-07-31,1. Market Loans,2.8427639,billion PKR,sbp_domestic_debt,monthly
2024-08-31,1. Market Loans,2.8427639,billion PKR,sbp_domestic_debt,monthly
2024-09-30,1. Market Loans,2.8427639,billion PKR,sbp_domestic_debt,monthly
2024-10-31,1. Market Loans,2.8427639,billion PKR,sbp_domestic_debt,monthly
2024-11-30,1. Market Loans,2.8427639,billion PKR,sbp_domestic_debt,monthly
2024-12-31,1. Market Loans,2.8427639,billion PKR,sbp_domestic_debt,monthly
2025-01-31,1. Market Loans,2.8427639,billion PKR,sbp_domestic_debt,monthly
2025-02-28,1. Market Loans,2.8427639,billion PKR,sbp_domestic_debt,monthly
2025-03-31,1. Market Loans,2.8427639,billion PKR,sbp_domestic_debt,monthly
2025-04-30,1. Market Loans,2.8427639,billion PKR,sbp_domestic_debt,monthly
2025-05-31,1. Market Loans,2.8427639,billion PKR,sbp_domestic_debt,monthly
2025-06-30,1. Market Loans,2.8427639,billion PKR,sbp_domestic_debt,monthly
2025-07-31,1. Market Loans,2.8427639,billion PKR,sbp_domestic_debt,monthly
2025-08-31,1. Market Loans,2.8427639,billion PKR,sbp_domestic_debt,monthly
2025-09-30,1. Market Loans,2.8427639,billion PKR,sbp_domestic_debt,monthly
2025-10-31,1. Market Loans,2.8427639,billion PKR,sbp_domestic_debt,monthly
2025-11-30,1. Market Loans,2.8427639,billion PKR,sbp_domestic_debt,monthly
2025-12-31,1. Market Loans,2.8427639,billion PKR,sbp_domestic_debt,monthly
2026-01-31,1. Market Loans,2.8427639,billion PKR,sbp_domestic_debt,monthly
2026-02-28,1. Market Loans,2.8427639,billion PKR,sbp_domestic_debt,monthly
2026-03-31,1. Market Loans,2.8427639,billion PKR,sbp_domestic_debt,monthly
2026-04-30,1. Market Loans,2.8427639,billion PKR,sbp_domestic_debt,monthly
2026-05-31,1. Market Loans,2.8427639,billion PKR,sbp_domestic_debt,monthly
2010-06-30,2. Federal Government Bonds,554.861164701,billion PKR,sbp_domestic_debt,monthly
2010-07-31,2. Federal Government Bonds,548.8490777009999,billion PKR,sbp_domestic_debt,monthly
2010-08-31,2. Federal Government Bonds,543.6783277010001,billion PKR,sbp_domestic_debt,monthly
2010-09-30,2. Federal Government Bonds,543.6783277010001,billion PKR,sbp_domestic_debt,monthly
2010-10-31,2. Federal Government Bonds,551.623227701,billion PKR,sbp_domestic_debt,monthly
2010-11-30,2. Federal Government Bonds,603.460227701,billion PKR,sbp_domestic_debt,monthly
2010-12-31,2. Federal Government Bonds,654.6339277010001,billion PKR,sbp_domestic_debt,monthly
2011-01-31,2. Federal Government Bonds,654.633921801,billion PKR,sbp_domestic_debt,monthly
2011-02-28,2. Federal Government Bonds,668.6372218010001,billion PKR,sbp_domestic_debt,monthly
2011-03-31,2. Federal Government Bonds,741.407721801,billion PKR,sbp_domestic_debt,monthly
2011-04-30,2. Federal Government Bonds,757.946821801,billion PKR,sbp_domestic_debt,monthly
2011-05-31,2. Federal Government Bonds,818.8671541940001,billion PKR,sbp_domestic_debt,monthly
2011-06-30,2. Federal Government Bonds,842.335454194,billion PKR,sbp_domestic_debt,monthly
2011-07-31,2. Federal Government Bonds,842.3354534939999,billion PKR,sbp_domestic_debt,monthly
2011-08-31,2. Federal Government Bonds,867.3329534940001,billion PKR,sbp_domestic_debt,monthly
2011-09-30,2. Federal Government Bonds,888.048953494,billion PKR,sbp_domestic_debt,monthly
2011-10-31,2. Federal Government Bonds,894.563253494,billion PKR,sbp_domestic_debt,monthly
2011-11-30,2. Federal Government Bonds,1105.542663494,billion PKR,sbp_domestic_debt,monthly
2011-12-31,2. Federal Government Bonds,1165.630153494,billion PKR,sbp_domestic_debt,monthly
2012-01-31,2. Federal Government Bonds,1165.630153494,billion PKR,sbp_domestic_debt,monthly
2012-02-29,2. Federal Government Bonds,1182.518053494,billion PKR,sbp_domestic_debt,monthly
2012-03-31,2. Federal Government Bonds,1232.206853494,billion PKR,sbp_domestic_debt,monthly
2012-04-30,2. Federal Government Bonds,1256.483953494,billion PKR,sbp_domestic_debt,monthly
2012-05-31,2. Federal Government Bonds,1284.060653494,billion PKR,sbp_domestic_debt,monthly
2012-06-30,2. Federal Government Bonds,1359.5529534940001,billion PKR,sbp_domestic_debt,monthly
2012-07-31,2. Federal Government Bonds,1416.722610544,billion PKR,sbp_domestic_debt,monthly
2012-08-31,2. Federal Government Bonds,1429.7721105439998,billion PKR,sbp_domestic_debt,monthly
2012-09-30,2. Federal Government Bonds,1492.471939344,billion PKR,sbp_domestic_debt,monthly
2012-10-31,2. Federal Government Bonds,1510.344439344,billion PKR,sbp_domestic_debt,monthly
2012-11-30,2. Federal Government Bonds,1530.620839344,billion PKR,sbp_domestic_debt,monthly
2012-12-31,2. Federal Government Bonds,1537.230339344,billion PKR,sbp_domestic_debt,monthly
2013-01-31,2. Federal Government Bonds,1537.230339344,billion PKR,sbp_domestic_debt,monthly
2013-02-28,2. Federal Government Bonds,1537.230339344,billion PKR,sbp_domestic_debt,monthly
2013-03-31,2. Federal Government Bonds,1579.048339344,billion PKR,sbp_domestic_debt,monthly
2013-04-30,2. Federal Government Bonds,1595.403639344,billion PKR,sbp_domestic_debt,monthly
2013-05-31,2. Federal Government Bonds,1633.3450393439998,billion PKR,sbp_domestic_debt,monthly
2013-06-30,2. Federal Government Bonds,1782.077569344,billion PKR,sbp_domestic_debt,monthly
2013-07-31,2. Federal Government Bonds,1722.868669344,billion PKR,sbp_domestic_debt,monthly
2013-08-31,2. Federal Government Bonds,1744.029869344,billion PKR,sbp_domestic_debt,monthly
2013-09-30,2. Federal Government Bonds,1760.8415693440002,billion PKR,sbp_domestic_debt,monthly
2013-10-31,2. Federal Government Bonds,1735.3946693440002,billion PKR,sbp_domestic_debt,monthly
2013-11-30,2. Federal Government Bonds,1728.705669344,billion PKR,sbp_domestic_debt,monthly
2013-12-31,2. Federal Government Bonds,1750.9537693440002,billion PKR,sbp_domestic_debt,monthly
2014-01-31,2. Federal Government Bonds,1952.5472693440001,billion PKR,sbp_domestic_debt,monthly
2014-02-28,2. Federal Government Bonds,2201.3020693440003,billion PKR,sbp_domestic_debt,monthly
2014-03-31,2. Federal Government Bonds,2688.931169344,billion PKR,sbp_domestic_debt,monthly
2014-04-30,2. Federal Government Bonds,3091.149869344,billion PKR,sbp_domestic_debt,monthly
2014-05-31,2. Federal Government Bonds,3287.661669344,billion PKR,sbp_domestic_debt,monthly
2014-06-30,2. Federal Government Bonds,3549.633769344,billion PKR,sbp_domestic_debt,monthly
2014-07-31,2. Federal Government Bonds,3612.963669344,billion PKR,sbp_domestic_debt,monthly
2014-08-31,2. Federal Government Bonds,3630.425269344,billion PKR,sbp_domestic_debt,monthly
2014-09-30,2. Federal Government Bonds,3783.680269344,billion PKR,sbp_domestic_debt,monthly
2014-10-31,2. Federal Government Bonds,3840.160469344,billion PKR,sbp_domestic_debt,monthly
2014-11-30,2. Federal Government Bonds,3984.829169344,billion PKR,sbp_domestic_debt,monthly
2014-12-31,2. Federal Government Bonds,4137.099149344,billion PKR,sbp_domestic_debt,monthly
2015-01-31,2. Federal Government Bonds,4214.117149344,billion PKR,sbp_domestic_debt,monthly
2015-02-28,2. Federal Government Bonds,4280.528549344,billion PKR,sbp_domestic_debt,monthly
2015-03-31,2. Federal Government Bonds,4329.3090493439995,billion PKR,sbp_domestic_debt,monthly
2015-04-30,2. Federal Government Bonds,4372.125849344,billion PKR,sbp_domestic_debt,monthly
2015-05-31,2. Federal Government Bonds,4432.189269344,billion PKR,sbp_domestic_debt,monthly
2015-06-30,2. Federal Government Bonds,4482.875063345374,billion PKR,sbp_domestic_debt,monthly
2015-07-31,2. Federal Government Bonds,4383.139173944,billion PKR,sbp_domestic_debt,monthly
2015-08-31,2. Federal Government Bonds,4445.145286144,billion PKR,sbp_domestic_debt,monthly
2015-09-30,2. Federal Government Bonds,4538.490273944,billion PKR,sbp_domestic_debt,monthly
2015-10-31,2. Federal Government Bonds,4634.816180944,billion PKR,sbp_domestic_debt,monthly
2015-11-30,2. Federal Government Bonds,4453.653569344,billion PKR,sbp_domestic_debt,monthly
2015-12-31,2. Federal Government Bonds,4607.604569343999,billion PKR,sbp_domestic_debt,monthly
2016-01-31,2. Federal Government Bonds,4732.902369344,billion PKR,sbp_domestic_debt,monthly
2016-02-29,2. Federal Government Bonds,4990.426769344,billion PKR,sbp_domestic_debt,monthly
2016-03-31,2. Federal Government Bonds,5142.985869344,billion PKR,sbp_domestic_debt,monthly
2016-04-30,2. Federal Government Bonds,5275.094240343999,billion PKR,sbp_domestic_debt,monthly
2016-05-31,2. Federal Government Bonds,5241.459090166,billion PKR,sbp_domestic_debt,monthly
2016-06-30,2. Federal Government Bonds,5286.6175891660005,billion PKR,sbp_domestic_debt,monthly
2016-07-31,2. Federal Government Bonds,4342.195090166,billion PKR,sbp_domestic_debt,monthly
2016-08-31,2. Federal Government Bonds,4297.5413901659995,billion PKR,sbp_domestic_debt,monthly
2016-09-30,2. Federal Government Bonds,4505.677490166,billion PKR,sbp_domestic_debt,monthly
2016-10-31,2. Federal Government Bonds,4505.474849166,billion PKR,sbp_domestic_debt,monthly
2016-11-30,2. Federal Government Bonds,4505.724159166,billion PKR,sbp_domestic_debt,monthly
2016-12-31,2. Federal Government Bonds,4505.724159166,billion PKR,sbp_domestic_debt,monthly
2017-01-31,2. Federal Government Bonds,4549.769659166001,billion PKR,sbp_domestic_debt,monthly
2017-02-28,2. Federal Government Bonds,4612.501419166,billion PKR,sbp_domestic_debt,monthly
2017-03-31,2. Federal Government Bonds,4641.726919166,billion PKR,sbp_domestic_debt,monthly
2017-04-30,2. Federal Government Bonds,4641.726919166,billion PKR,sbp_domestic_debt,monthly
2017-05-31,2. Federal Government Bonds,4681.943419166,billion PKR,sbp_domestic_debt,monthly
2017-06-30,2. Federal Government Bonds,4778.446319166,billion PKR,sbp_domestic_debt,monthly
2017-07-31,2. Federal Government Bonds,4261.342819165859,billion PKR,sbp_domestic_debt,monthly
2017-08-31,2. Federal Government Bonds,4237.467419165859,billion PKR,sbp_domestic_debt,monthly
2017-09-30,2. Federal Government Bonds,4237.467419165859,billion PKR,sbp_domestic_debt,monthly
2017-10-31,2. Federal Government Bonds,4237.467419165859,billion PKR,sbp_domestic_debt,monthly
2017-11-30,2. Federal Government Bonds,4237.467419165859,billion PKR,sbp_domestic_debt,monthly
2017-12-31,2. Federal Government Bonds,4237.467419165859,billion PKR,sbp_domestic_debt,monthly
2018-01-31,2. Federal Government Bonds,4237.467419165859,billion PKR,sbp_domestic_debt,monthly
2018-02-28,2. Federal Government Bonds,4237.467419165859,billion PKR,sbp_domestic_debt,monthly
2018-03-31,2. Federal Government Bonds,3710.7047191658594,billion PKR,sbp_domestic_debt,monthly
2018-04-30,2. Federal Government Bonds,3746.1390191658593,billion PKR,sbp_domestic_debt,monthly
2018-05-31,2. Federal Government Bonds,3780.98051916586,billion PKR,sbp_domestic_debt,monthly
2018-06-30,2. Federal Government Bonds,3799.9504191658602,billion PKR,sbp_domestic_debt,monthly
2018-07-31,2. Federal Government Bonds,3373.83951916586,billion PKR,sbp_domestic_debt,monthly
2018-08-31,2. Federal Government Bonds,3463.0023191658593,billion PKR,sbp_domestic_debt,monthly
2018-09-30,2. Federal Government Bonds,3467.6703191658594,billion PKR,sbp_domestic_debt,monthly
2018-10-31,2. Federal Government Bonds,3467.6703191658594,billion PKR,sbp_domestic_debt,monthly
2018-11-30,2. Federal Government Bonds,3467.6703191658594,billion PKR,sbp_domestic_debt,monthly
2018-12-31,2. Federal Government Bonds,3444.9960191658593,billion PKR,sbp_domestic_debt,monthly
2019-01-31,2. Federal Government Bonds,3502.4605191658593,billion PKR,sbp_domestic_debt,monthly
2019-02-28,2. Federal Government Bonds,3786.6359191658594,billion PKR,sbp_domestic_debt,monthly
2019-03-31,2. Federal Government Bonds,3846.366819165859,billion PKR,sbp_domestic_debt,monthly
2019-04-30,2. Federal Government Bonds,3691.9070191658593,billion PKR,sbp_domestic_debt,monthly
2019-05-31,2. Federal Government Bonds,3850.0657191658593,billion PKR,sbp_domestic_debt,monthly
2019-06-30,2. Federal Government Bonds,11183.317819166,billion PKR,sbp_domestic_debt,monthly
2019-07-31,2. Federal Government Bonds,11256.245319165859,billion PKR,sbp_domestic_debt,monthly
2019-08-31,2. Federal Government Bonds,11811.48821916586,billion PKR,sbp_domestic_debt,monthly
2019-09-30,2. Federal Government Bonds,12089.70173916586,billion PKR,sbp_domestic_debt,monthly
2019-10-31,2. Federal Government Bonds,12267.572042216,billion PKR,sbp_domestic_debt,monthly
2019-11-30,2. Federal Government Bonds,12456.008442216,billion PKR,sbp_domestic_debt,monthly
2019-12-31,2. Federal Government Bonds,12423.087842216002,billion PKR,sbp_domestic_debt,monthly
2020-01-31,2. Federal Government Bonds,12581.0188777822,billion PKR,sbp_domestic_debt,monthly
2020-02-29,2. Federal Government Bonds,12693.0755077822,billion PKR,sbp_domestic_debt,monthly
2020-03-31,2. Federal Government Bonds,12504.5994477822,billion PKR,sbp_domestic_debt,monthly
2020-04-30,2. Federal Government Bonds,12743.963949166002,billion PKR,sbp_domestic_debt,monthly
2020-05-31,2. Federal Government Bonds,13051.923519166003,billion PKR,sbp_domestic_debt,monthly
2020-06-30,2. Federal Government Bonds,13286.543999166,billion PKR,sbp_domestic_debt,monthly
2020-07-31,2. Federal Government Bonds,13642.861679166,billion PKR,sbp_domestic_debt,monthly
2020-08-31,2. Federal Government Bonds,13878.958819166,billion PKR,sbp_domestic_debt,monthly
2020-09-30,2. Federal Government Bonds,14178.320614166,billion PKR,sbp_domestic_debt,monthly
2020-10-31,2. Federal Government Bonds,14468.364781166001,billion PKR,sbp_domestic_debt,monthly
2020-11-30,2. Federal Government Bonds,14665.469108166,billion PKR,sbp_domestic_debt,monthly
2020-12-31,2. Federal Government Bonds,14865.917574166,billion PKR,sbp_domestic_debt,monthly
2021-01-31,2. Federal Government Bonds,15003.318475166001,billion PKR,sbp_domestic_debt,monthly
2021-02-28,2. Federal Government Bonds,15110.840401166002,billion PKR,sbp_domestic_debt,monthly
2021-03-31,2. Federal Government Bonds,15213.105143166002,billion PKR,sbp_domestic_debt,monthly
2021-04-30,2. Federal Government Bonds,14862.858066166002,billion PKR,sbp_domestic_debt,monthly
2021-05-31,2. Federal Government Bonds,15161.977045166,billion PKR,sbp_domestic_debt,monthly
2021-06-30,2. Federal Government Bonds,15457.548946166,billion PKR,sbp_domestic_debt,monthly
2021-07-31,2. Federal Government Bonds,14979.420939166,billion PKR,sbp_domestic_debt,monthly
2021-08-31,2. Federal Government Bonds,14994.112349165998,billion PKR,sbp_domestic_debt,monthly
2021-09-30,2. Federal Government Bonds,15448.979299166,billion PKR,sbp_domestic_debt,monthly
2021-10-31,2. Federal Government Bonds,15993.965369166,billion PKR,sbp_domestic_debt,monthly
2021-11-30,2. Federal Government Bonds,16512.019579166,billion PKR,sbp_domestic_debt,monthly
2021-12-31,2. Federal Government Bonds,16602.442389166,billion PKR,sbp_domestic_debt,monthly
2022-01-31,2. Federal Government Bonds,17201.609309165997,billion PKR,sbp_domestic_debt,monthly
2022-02-28,2. Federal Government Bonds,17667.589219166,billion PKR,sbp_domestic_debt,monthly
2022-03-31,2. Federal Government Bonds,18329.906899166,billion PKR,sbp_domestic_debt,monthly
2022-04-30,2. Federal Government Bonds,18984.583102905,billion PKR,sbp_domestic_debt,monthly
2022-05-31,2. Federal Government Bonds,19110.452172905,billion PKR,sbp_domestic_debt,monthly
2022-06-30,2. Federal Government Bonds,19991.282672905,billion PKR,sbp_domestic_debt,monthly
2022-07-31,2. Federal Government Bonds,19654.877282905,billion PKR,sbp_domestic_debt,monthly
2022-08-31,2. Federal Government Bonds,20478.352962905003,billion PKR,sbp_domestic_debt,monthly
2022-09-30,2. Federal Government Bonds,20610.245962905003,billion PKR,sbp_domestic_debt,monthly
2022-10-31,2. Federal Government Bonds,21710.911002905,billion PKR,sbp_domestic_debt,monthly
2022-11-30,2. Federal Government Bonds,22067.749152905002,billion PKR,sbp_domestic_debt,monthly
2022-12-31,2. Federal Government Bonds,22970.250072905,billion PKR,sbp_domestic_debt,monthly
2023-01-31,2. Federal Government Bonds,23585.528472905,billion PKR,sbp_domestic_debt,monthly
2023-02-28,2. Federal Government Bonds,23836.659672905,billion PKR,sbp_domestic_debt,monthly
2023-03-31,2. Federal Government Bonds,24488.521172905,billion PKR,sbp_domestic_debt,monthly
2023-04-30,2. Federal Government Bonds,24992.285272905,billion PKR,sbp_domestic_debt,monthly
2023-05-31,2. Federal Government Bonds,25302.796272905,billion PKR,sbp_domestic_debt,monthly
2023-06-30,2. Federal Government Bonds,25161.171372905002,billion PKR,sbp_domestic_debt,monthly
2023-07-31,2. Federal Government Bonds,25405.018472905,billion PKR,sbp_domestic_debt,monthly
2023-08-31,2. Federal Government Bonds,25810.254592904996,billion PKR,sbp_domestic_debt,monthly
2023-09-30,2. Federal Government Bonds,26532.353052905,billion PKR,sbp_domestic_debt,monthly
2023-10-31,2. Federal Government Bonds,27173.150892904996,billion PKR,sbp_domestic_debt,monthly
2023-11-30,2. Federal Government Bonds,29083.948962904997,billion PKR,sbp_domestic_debt,monthly
2023-12-31,2. Federal Government Bonds,30029.056736127,billion PKR,sbp_domestic_debt,monthly
2024-01-31,2. Federal Government Bonds,30102.118705127,billion PKR,sbp_domestic_debt,monthly
2024-02-29,2. Federal Government Bonds,30578.474248911996,billion PKR,sbp_domestic_debt,monthly
2024-03-31,2. Federal Government Bonds,30820.875343963,billion PKR,sbp_domestic_debt,monthly
2024-04-30,2. Federal Government Bonds,31197.010014911997,billion PKR,sbp_domestic_debt,monthly
2024-05-31,2. Federal Government Bonds,32488.890040912003,billion PKR,sbp_domestic_debt,monthly
2024-06-30,2. Federal Government Bonds,32793.27248059958,billion PKR,sbp_domestic_debt,monthly
2024-07-31,2. Federal Government Bonds,32936.28481259958,billion PKR,sbp_domestic_debt,monthly
2024-08-31,2. Federal Government Bonds,33239.532721599586,billion PKR,sbp_domestic_debt,monthly
2024-09-30,2. Federal Government Bonds,32161.309689599588,billion PKR,sbp_domestic_debt,monthly
2024-10-31,2. Federal Government Bonds,32893.54046715784,billion PKR,sbp_domestic_debt,monthly
2024-11-30,2. Federal Government Bonds,34774.390508815726,billion PKR,sbp_domestic_debt,monthly
2024-12-31,2. Federal Government Bonds,36991.77026359373,billion PKR,sbp_domestic_debt,monthly
2025-01-31,2. Federal Government Bonds,37679.827350175045,billion PKR,sbp_domestic_debt,monthly
2025-02-28,2. Federal Government Bonds,38554.69828687417,billion PKR,sbp_domestic_debt,monthly
2025-03-31,2. Federal Government Bonds,39684.75570528817,billion PKR,sbp_domestic_debt,monthly
2025-04-30,2. Federal Government Bonds,40279.19025328817,billion PKR,sbp_domestic_debt,monthly
2025-05-31,2. Federal Government Bonds,41375.15214626852,billion PKR,sbp_domestic_debt,monthly
2025-06-30,2. Federal Government Bonds,41366.32977017194,billion PKR,sbp_domestic_debt,monthly
2025-07-31,2. Federal Government Bonds,41864.1081969472,billion PKR,sbp_domestic_debt,monthly
2025-08-31,2. Federal Government Bonds,40995.15925787555,billion PKR,sbp_domestic_debt,monthly
2025-09-30,2. Federal Government Bonds,40575.518436602244,billion PKR,sbp_domestic_debt,monthly
2025-10-31,2. Federal Government Bonds,41071.4342938499,billion PKR,sbp_domestic_debt,monthly
2025-11-30,2. Federal Government Bonds,41749.838450002564,billion PKR,sbp_domestic_debt,monthly
2025-12-31,2. Federal Government Bonds,42115.09708881611,billion PKR,sbp_domestic_debt,monthly
2026-01-31,2. Federal Government Bonds,42660.855871160966,billion PKR,sbp_domestic_debt,monthly
2026-02-28,2. Federal Government Bonds,42986.95481370002,billion PKR,sbp_domestic_debt,monthly
2026-03-31,2. Federal Government Bonds,43415.36167619636,billion PKR,sbp_domestic_debt,monthly
2026-04-30,2. Federal Government Bonds,42938.27930621627,billion PKR,sbp_domestic_debt,monthly
2026-05-31,2. Federal Government Bonds,42738.28142790917,billion PKR,sbp_domestic_debt,monthly
2010-06-30,3. Prize Bonds,235.99661,billion PKR,sbp_domestic_debt,monthly
2010-07-31,3. Prize Bonds,237.96568,billion PKR,sbp_domestic_debt,monthly
2010-08-31,3. Prize Bonds,240.23078,billion PKR,sbp_domestic_debt,monthly
2010-09-30,3. Prize Bonds,244.66399,billion PKR,sbp_domestic_debt,monthly
2010-10-31,3. Prize Bonds,246.1085,billion PKR,sbp_domestic_debt,monthly
2010-11-30,3. Prize Bonds,247.85329,billion PKR,sbp_domestic_debt,monthly
2010-12-31,3. Prize Bonds,252.05589,billion PKR,sbp_domestic_debt,monthly
2011-01-31,3. Prize Bonds,254.85625,billion PKR,sbp_domestic_debt,monthly
2011-02-28,3. Prize Bonds,258.02476,billion PKR,sbp_domestic_debt,monthly
2011-03-31,3. Prize Bonds,263.23894,billion PKR,sbp_domestic_debt,monthly
2011-04-30,3. Prize Bonds,266.30923,billion PKR,sbp_domestic_debt,monthly
2011-05-31,3. Prize Bonds,270.06582,billion PKR,sbp_domestic_debt,monthly
2011-06-30,3. Prize Bonds,277.08001,billion PKR,sbp_domestic_debt,monthly
2022-07-31,3. Prize Bonds1,374.45415279,billion PKR,sbp_domestic_debt,monthly
2022-08-31,3. Prize Bonds1,376.16786414,billion PKR,sbp_domestic_debt,monthly
2022-09-30,3. Prize Bonds1,378.25551469,billion PKR,sbp_domestic_debt,monthly
2022-10-31,3. Prize Bonds1,379.18077064,billion PKR,sbp_domestic_debt,monthly
2022-11-30,3. Prize Bonds1,380.48853039,billion PKR,sbp_domestic_debt,monthly
2022-12-31,3. Prize Bonds1,381.58439239,billion PKR,sbp_domestic_debt,monthly
2023-01-31,3. Prize Bonds1,381.37753034,billion PKR,sbp_domestic_debt,monthly
2023-02-28,3. Prize Bonds1,381.4941813900001,billion PKR,sbp_domestic_debt,monthly
2023-03-31,3. Prize Bonds1,381.6275771400001,billion PKR,sbp_domestic_debt,monthly
2023-04-30,3. Prize Bonds1,381.9549747900001,billion PKR,sbp_domestic_debt,monthly
2023-05-31,3. Prize Bonds1,382.5946235899999,billion PKR,sbp_domestic_debt,monthly
2023-06-30,3. Prize Bonds1,382.53344713999996,billion PKR,sbp_domestic_debt,monthly
2023-07-31,3. Prize Bonds1,382.0207201899999,billion PKR,sbp_domestic_debt,monthly
2023-08-31,3. Prize Bonds1,382.42804763999993,billion PKR,sbp_domestic_debt,monthly
2023-09-30,3. Prize Bonds1,382.4614136899999,billion PKR,sbp_domestic_debt,monthly
2023-10-31,3. Prize Bonds1,382.21653889,billion PKR,sbp_domestic_debt,monthly
2023-11-30,3. Prize Bonds1,382.4532054399999,billion PKR,sbp_domestic_debt,monthly
2023-12-31,3. Prize Bonds1,382.6451443899999,billion PKR,sbp_domestic_debt,monthly
2024-01-31,3. Prize Bonds1,382.69908633999995,billion PKR,sbp_domestic_debt,monthly
2024-02-29,3. Prize Bonds1,383.12648999,billion PKR,sbp_domestic_debt,monthly
2024-03-31,3. Prize Bonds1,383.64546814,billion PKR,sbp_domestic_debt,monthly
2024-04-30,3. Prize Bonds1,384.00013753999997,billion PKR,sbp_domestic_debt,monthly
2024-05-31,3. Prize Bonds1,384.65846978999997,billion PKR,sbp_domestic_debt,monthly
2024-06-30,3. Prize Bonds1,385.1401510399999,billion PKR,sbp_domestic_debt,monthly
2024-07-31,3. Prize Bonds1,386.1281647899999,billion PKR,sbp_domestic_debt,monthly
2024-08-31,3. Prize Bonds1,387.56341373999993,billion PKR,sbp_domestic_debt,monthly
2024-09-30,3. Prize Bonds1,389.60403983999987,billion PKR,sbp_domestic_debt,monthly
2024-10-31,3. Prize Bonds1,391.0990890899999,billion PKR,sbp_domestic_debt,monthly
2024-11-30,3. Prize Bonds1,392.5671484399999,billion PKR,sbp_domestic_debt,monthly
2024-12-31,3. Prize Bonds1,394.3156805399999,billion PKR,sbp_domestic_debt,monthly
2025-01-31,3. Prize Bonds1,396.8083857399999,billion PKR,sbp_domestic_debt,monthly
2025-02-28,3. Prize Bonds1,399.3574334899999,billion PKR,sbp_domestic_debt,monthly
2025-03-31,3. Prize Bonds1,401.23867698999993,billion PKR,sbp_domestic_debt,monthly
2025-04-30,3. Prize Bonds1,403.08781913999985,billion PKR,sbp_domestic_debt,monthly
2025-05-31,3. Prize Bonds1,404.90198118999984,billion PKR,sbp_domestic_debt,monthly
2025-06-30,3. Prize Bonds1,407.49538128999984,billion PKR,sbp_domestic_debt,monthly
2025-07-31,3. Prize Bonds1,410.35670999999996,billion PKR,sbp_domestic_debt,monthly
2025-08-31,3. Prize Bonds1,413.01991268999984,billion PKR,sbp_domestic_debt,monthly
2025-09-30,3. Prize Bonds1,416.15280693999983,billion PKR,sbp_domestic_debt,monthly
2025-10-31,3. Prize Bonds1,419.5690564899998,billion PKR,sbp_domestic_debt,monthly
2025-11-30,3. Prize Bonds1,421.0170653899998,billion PKR,sbp_domestic_debt,monthly
2025-12-31,3. Prize Bonds1,422.69520603999985,billion PKR,sbp_domestic_debt,monthly
2026-01-31,3. Prize Bonds1,425.24881793999987,billion PKR,sbp_domestic_debt,monthly
2026-02-28,3. Prize Bonds1,426.43882743999984,billion PKR,sbp_domestic_debt,monthly
2026-03-31,3. Prize Bonds1,427.22722283999985,billion PKR,sbp_domestic_debt,monthly
2026-04-30,3. Prize Bonds1,429.31760484000006,billion PKR,sbp_domestic_debt,monthly
2026-05-31,3. Prize Bonds1,431.0169961900001,billion PKR,sbp_domestic_debt,monthly
2011-06-30,3. Prize Bonds3,277.08001,billion PKR,sbp_domestic_debt,monthly
2011-07-31,3. Prize Bonds3,279.8559,billion PKR,sbp_domestic_debt,monthly
2011-08-31,3. Prize Bonds3,281.63903,billion PKR,sbp_domestic_debt,monthly
2011-09-30,3. Prize Bonds3,287.61221,billion PKR,sbp_domestic_debt,monthly
2011-10-31,3. Prize Bonds3,287.75604,billion PKR,sbp_domestic_debt,monthly
2011-11-30,3. Prize Bonds3,290.27727,billion PKR,sbp_domestic_debt,monthly
2011-12-31,3. Prize Bonds3,294.03699,billion PKR,sbp_domestic_debt,monthly
2012-01-31,3. Prize Bonds3,296.49821,billion PKR,sbp_domestic_debt,monthly
2012-02-29,3. Prize Bonds3,314.16315,billion PKR,sbp_domestic_debt,monthly
2012-03-31,3. Prize Bonds3,318.39433,billion PKR,sbp_domestic_debt,monthly
2012-04-30,3. Prize Bonds3,320.46211,billion PKR,sbp_domestic_debt,monthly
2012-05-31,3. Prize Bonds3,327.78224,billion PKR,sbp_domestic_debt,monthly
2012-06-30,3. Prize Bonds3,333.40422,billion PKR,sbp_domestic_debt,monthly
2012-07-31,3. Prize Bonds3,336.66632,billion PKR,sbp_domestic_debt,monthly
2012-08-31,3. Prize Bonds3,343.79989,billion PKR,sbp_domestic_debt,monthly
2012-09-30,3. Prize Bonds3,350.46894,billion PKR,sbp_domestic_debt,monthly
2012-10-31,3. Prize Bonds3,352.95456,billion PKR,sbp_domestic_debt,monthly
2012-11-30,3. Prize Bonds3,360.08004,billion PKR,sbp_domestic_debt,monthly
2012-12-31,3. Prize Bonds3,363.17364,billion PKR,sbp_domestic_debt,monthly
2013-01-31,3. Prize Bonds3,365.03178,billion PKR,sbp_domestic_debt,monthly
2013-02-28,3. Prize Bonds3,369.67922,billion PKR,sbp_domestic_debt,monthly
2013-03-31,3. Prize Bonds3,374.57803,billion PKR,sbp_domestic_debt,monthly
2013-04-30,3. Prize Bonds3,376.37552,billion PKR,sbp_domestic_debt,monthly
2013-05-31,3. Prize Bonds3,382.3255,billion PKR,sbp_domestic_debt,monthly
2013-06-30,3. Prize Bonds3,389.57961,billion PKR,sbp_domestic_debt,monthly
2013-07-31,3. Prize Bonds3,393.91105,billion PKR,sbp_domestic_debt,monthly
2013-08-31,3. Prize Bonds3,399.84937,billion PKR,sbp_domestic_debt,monthly
2013-09-30,3. Prize Bonds3,407.80349,billion PKR,sbp_domestic_debt,monthly
2013-10-31,3. Prize Bonds3,407.89839,billion PKR,sbp_domestic_debt,monthly
2013-11-30,3. Prize Bonds3,411.23891,billion PKR,sbp_domestic_debt,monthly
2013-12-31,3. Prize Bonds3,416.21404,billion PKR,sbp_domestic_debt,monthly
2014-01-31,3. Prize Bonds3,417.93794,billion PKR,sbp_domestic_debt,monthly
2014-02-28,3. Prize Bonds3,422.35973,billion PKR,sbp_domestic_debt,monthly
2014-03-31,3. Prize Bonds3,431.13858,billion PKR,sbp_domestic_debt,monthly
2014-04-30,3. Prize Bonds3,433.02739,billion PKR,sbp_domestic_debt,monthly
2014-05-31,3. Prize Bonds3,438.8073,billion PKR,sbp_domestic_debt,monthly
2014-06-30,3. Prize Bonds3,446.638015,billion PKR,sbp_domestic_debt,monthly
2014-07-31,3. Prize Bonds3,447.901389,billion PKR,sbp_domestic_debt,monthly
2014-08-31,3. Prize Bonds3,454.3948,billion PKR,sbp_domestic_debt,monthly
2014-09-30,3. Prize Bonds3,460.6135,billion PKR,sbp_domestic_debt,monthly
2014-10-31,3. Prize Bonds3,463.11073,billion PKR,sbp_domestic_debt,monthly
2014-11-30,3. Prize Bonds3,468.46619,billion PKR,sbp_domestic_debt,monthly
2014-12-31,3. Prize Bonds3,474.5973,billion PKR,sbp_domestic_debt,monthly
2015-01-31,3. Prize Bonds3,479.51184,billion PKR,sbp_domestic_debt,monthly
2015-02-28,3. Prize Bonds3,486.61428,billion PKR,sbp_domestic_debt,monthly
2015-03-31,3. Prize Bonds3,496.48728,billion PKR,sbp_domestic_debt,monthly
2015-04-30,3. Prize Bonds3,500.03527,billion PKR,sbp_domestic_debt,monthly
2015-05-31,3. Prize Bonds3,509.22441,billion PKR,sbp_domestic_debt,monthly
2015-06-30,3. Prize Bonds3,522.52257,billion PKR,sbp_domestic_debt,monthly
2015-07-31,3. Prize Bonds3,530.16294,billion PKR,sbp_domestic_debt,monthly
2015-08-31,3. Prize Bonds3,544.69745,billion PKR,sbp_domestic_debt,monthly
2015-09-30,3. Prize Bonds3,557.69763,billion PKR,sbp_domestic_debt,monthly
2015-10-31,3. Prize Bonds3,564.53594,billion PKR,sbp_domestic_debt,monthly
2015-11-30,3. Prize Bonds3,575.26734,billion PKR,sbp_domestic_debt,monthly
2015-12-31,3. Prize Bonds3,586.83731,billion PKR,sbp_domestic_debt,monthly
2016-01-31,3. Prize Bonds3,592.80119,billion PKR,sbp_domestic_debt,monthly
2016-02-29,3. Prize Bonds3,602.69893,billion PKR,sbp_domestic_debt,monthly
2016-03-31,3. Prize Bonds3,616.64219,billion PKR,sbp_domestic_debt,monthly
2016-04-30,3. Prize Bonds3,621.83428,billion PKR,sbp_domestic_debt,monthly
2016-05-31,3. Prize Bonds3,634.21396,billion PKR,sbp_domestic_debt,monthly
2016-06-30,3. Prize Bonds3,646.4245,billion PKR,sbp_domestic_debt,monthly
2016-07-31,3. Prize Bonds3,654.51562,billion PKR,sbp_domestic_debt,monthly
2016-08-31,3. Prize Bonds3,668.76378,billion PKR,sbp_domestic_debt,monthly
2016-09-30,3. Prize Bonds3,681.17813,billion PKR,sbp_domestic_debt,monthly
2016-10-31,3. Prize Bonds3,687.94718,billion PKR,sbp_domestic_debt,monthly
2016-11-30,3. Prize Bonds3,697.6276,billion PKR,sbp_domestic_debt,monthly
2016-12-31,3. Prize Bonds3,707.1611380400001,billion PKR,sbp_domestic_debt,monthly
2017-01-31,3. Prize Bonds3,713.02588,billion PKR,sbp_domestic_debt,monthly
2017-02-28,3. Prize Bonds3,720.0777253900001,billion PKR,sbp_domestic_debt,monthly
2017-03-31,3. Prize Bonds3,729.52504119,billion PKR,sbp_domestic_debt,monthly
2017-04-30,3. Prize Bonds3,733.71346929,billion PKR,sbp_domestic_debt,monthly
2017-05-31,3. Prize Bonds3,740.79211,billion PKR,sbp_domestic_debt,monthly
2017-06-30,3. Prize Bonds3,747.1378,billion PKR,sbp_domestic_debt,monthly
2017-07-31,3. Prize Bonds3,755.32427,billion PKR,sbp_domestic_debt,monthly
2017-08-31,3. Prize Bonds3,765.02083874,billion PKR,sbp_domestic_debt,monthly
2017-09-30,3. Prize Bonds3,773.7755007899999,billion PKR,sbp_domestic_debt,monthly
2017-10-31,3. Prize Bonds3,777.35113944,billion PKR,sbp_domestic_debt,monthly
2017-11-30,3. Prize Bonds3,787.6938329899999,billion PKR,sbp_domestic_debt,monthly
2017-12-31,3. Prize Bonds3,792.73983544,billion PKR,sbp_domestic_debt,monthly
2018-01-31,3. Prize Bonds3,798.61471764,billion PKR,sbp_domestic_debt,monthly
2018-02-28,3. Prize Bonds3,808.15336374,billion PKR,sbp_domestic_debt,monthly
2018-03-31,3. Prize Bonds3,815.63092719,billion PKR,sbp_domestic_debt,monthly
2018-04-30,3. Prize Bonds3,826.11554014,billion PKR,sbp_domestic_debt,monthly
2018-05-31,3. Prize Bonds3,841.76934564,billion PKR,sbp_domestic_debt,monthly
2018-06-30,3. Prize Bonds3,851.03665904,billion PKR,sbp_domestic_debt,monthly
2018-07-31,3. Prize Bonds3,859.9946533899999,billion PKR,sbp_domestic_debt,monthly
2018-08-31,3. Prize Bonds3,874.42453219,billion PKR,sbp_domestic_debt,monthly
2018-09-30,3. Prize Bonds3,893.16747529,billion PKR,sbp_domestic_debt,monthly
2018-10-31,3. Prize Bonds3,902.2092043399999,billion PKR,sbp_domestic_debt,monthly
2018-11-30,3. Prize Bonds3,915.56414019,billion PKR,sbp_domestic_debt,monthly
2018-12-31,3. Prize Bonds3,928.6210330399999,billion PKR,sbp_domestic_debt,monthly
2019-01-31,3. Prize Bonds3,935.50306519,billion PKR,sbp_domestic_debt,monthly
2019-02-28,3. Prize Bonds3,945.08454314,billion PKR,sbp_domestic_debt,monthly
2019-03-31,3. Prize Bonds3,948.2234859900001,billion PKR,sbp_domestic_debt,monthly
2019-04-30,3. Prize Bonds3,952.18553509,billion PKR,sbp_domestic_debt,monthly
2019-05-31,3. Prize Bonds3,957.81644994,billion PKR,sbp_domestic_debt,monthly
2019-06-30,3. Prize Bonds3,893.8887036899999,billion PKR,sbp_domestic_debt,monthly
2019-07-31,3. Prize Bonds3,779.3816454399999,billion PKR,sbp_domestic_debt,monthly
2019-08-31,3. Prize Bonds3,753.1190855399999,billion PKR,sbp_domestic_debt,monthly
2019-09-30,3. Prize Bonds3,741.58983359,billion PKR,sbp_domestic_debt,monthly
2019-10-31,3. Prize Bonds3,736.42096124,billion PKR,sbp_domestic_debt,monthly
2019-11-30,3. Prize Bonds3,737.99541634,billion PKR,sbp_domestic_debt,monthly
2019-12-31,3. Prize Bonds3,736.09424014,billion PKR,sbp_domestic_debt,monthly
2020-01-31,3. Prize Bonds3,733.64684544,billion PKR,sbp_domestic_debt,monthly
2020-02-29,3. Prize Bonds3,737.19167044,billion PKR,sbp_domestic_debt,monthly
2020-03-31,3. Prize Bonds3,736.92642594,billion PKR,sbp_domestic_debt,monthly
2020-04-30,3. Prize Bonds3,736.09061024,billion PKR,sbp_domestic_debt,monthly
2020-05-31,3. Prize Bonds3,735.55454324,billion PKR,sbp_domestic_debt,monthly
2020-06-30,3. Prize Bonds3,734.1015396399999,billion PKR,sbp_domestic_debt,monthly
2020-07-31,3. Prize Bonds3,733.62749039,billion PKR,sbp_domestic_debt,monthly
2020-08-31,3. Prize Bonds3,736.09189494,billion PKR,sbp_domestic_debt,monthly
2020-09-30,3. Prize Bonds3,740.8811914400001,billion PKR,sbp_domestic_debt,monthly
2020-10-31,3. Prize Bonds3,759.6389392399999,billion PKR,sbp_domestic_debt,monthly
2020-11-30,3. Prize Bonds3,761.18402554,billion PKR,sbp_domestic_debt,monthly
2020-12-31,3. Prize Bonds3,720.2851272400001,billion PKR,sbp_domestic_debt,monthly
2021-01-31,3. Prize Bonds3,685.79591939,billion PKR,sbp_domestic_debt,monthly
2021-02-28,3. Prize Bonds3,666.0429474900001,billion PKR,sbp_domestic_debt,monthly
2021-03-31,3. Prize Bonds3,659.89516444,billion PKR,sbp_domestic_debt,monthly
2021-04-30,3. Prize Bonds3,657.9833416900001,billion PKR,sbp_domestic_debt,monthly
2021-05-31,3. Prize Bonds3,561.60219429,billion PKR,sbp_domestic_debt,monthly
2021-06-30,3. Prize Bonds3,443.71701119,billion PKR,sbp_domestic_debt,monthly
2021-07-31,3. Prize Bonds3,417.43097159,billion PKR,sbp_domestic_debt,monthly
2021-08-31,3. Prize Bonds3,401.40255389,billion PKR,sbp_domestic_debt,monthly
2021-09-30,3. Prize Bonds3,385.13093389,billion PKR,sbp_domestic_debt,monthly
2021-10-31,3. Prize Bonds3,379.35002174,billion PKR,sbp_domestic_debt,monthly
2021-11-30,3. Prize Bonds3,375.98720574,billion PKR,sbp_domestic_debt,monthly
2021-12-31,3. Prize Bonds3,372.01155894,billion PKR,sbp_domestic_debt,monthly
2022-01-31,3. Prize Bonds3,371.90886968999996,billion PKR,sbp_domestic_debt,monthly
2022-02-28,3. Prize Bonds3,373.38338713999997,billion PKR,sbp_domestic_debt,monthly
2022-03-31,3. Prize Bonds3,373.45079344,billion PKR,sbp_domestic_debt,monthly
2022-04-30,3. Prize Bonds3,374.12136649,billion PKR,sbp_domestic_debt,monthly
2022-05-31,3. Prize Bonds3,375.07430894,billion PKR,sbp_domestic_debt,monthly
2022-06-30,3. Prize Bonds3,374.61948849,billion PKR,sbp_domestic_debt,monthly
2010-06-30,3.00 % 1971 (Permanent),2.74,billion PKR,sbp_domestic_debt,monthly
2010-07-31,3.00 % 1971 (Permanent),2.74,billion PKR,sbp_domestic_debt,monthly
2010-08-31,3.00 % 1971 (Permanent),2.74,billion PKR,sbp_domestic_debt,monthly
2010-09-30,3.00 % 1971 (Permanent),2.74,billion PKR,sbp_domestic_debt,monthly
2010-10-31,3.00 % 1971 (Permanent),2.74,billion PKR,sbp_domestic_debt,monthly
2010-11-30,3.00 % 1971 (Permanent),2.74,billion PKR,sbp_domestic_debt,monthly
2010-12-31,3.00 % 1971 (Permanent),2.74,billion PKR,sbp_domestic_debt,monthly
2011-01-31,3.00 % 1971 (Permanent),2.74,billion PKR,sbp_domestic_debt,monthly
2011-02-28,3.00 % 1971 (Permanent),2.74,billion PKR,sbp_domestic_debt,monthly
2011-03-31,3.00 % 1971 (Permanent),2.74,billion PKR,sbp_domestic_debt,monthly
2011-04-30,3.00 % 1971 (Permanent),2.74,billion PKR,sbp_domestic_debt,monthly
2011-05-31,3.00 % 1971 (Permanent),2.74,billion PKR,sbp_domestic_debt,monthly
2011-06-30,3.00 % 1971 (Permanent),2.74,billion PKR,sbp_domestic_debt,monthly
2011-07-31,3.00 % 1971 (Permanent),2.74,billion PKR,sbp_domestic_debt,monthly
2011-08-31,3.00 % 1971 (Permanent),2.74,billion PKR,sbp_domestic_debt,monthly
2011-09-30,3.00 % 1971 (Permanent),2.74,billion PKR,sbp_domestic_debt,monthly
2011-10-31,3.00 % 1971 (Permanent),2.74,billion PKR,sbp_domestic_debt,monthly
2011-11-30,3.00 % 1971 (Permanent),2.74,billion PKR,sbp_domestic_debt,monthly
2011-12-31,3.00 % 1971 (Permanent),2.74,billion PKR,sbp_domestic_debt,monthly
2012-01-31,3.00 % 1971 (Permanent),2.74,billion PKR,sbp_domestic_debt,monthly
2012-02-29,3.00 % 1971 (Permanent),2.74,billion PKR,sbp_domestic_debt,monthly
2012-03-31,3.00 % 1971 (Permanent),2.74,billion PKR,sbp_domestic_debt,monthly
2012-04-30,3.00 % 1971 (Permanent),2.74,billion PKR,sbp_domestic_debt,monthly
2012-05-31,3.00 % 1971 (Permanent),2.74,billion PKR,sbp_domestic_debt,monthly
2012-06-30,3.00 % 1971 (Permanent),2.74,billion PKR,sbp_domestic_debt,monthly
2012-07-31,3.00 % 1971 (Permanent),2.74,billion PKR,sbp_domestic_debt,monthly
2012-08-31,3.00 % 1971 (Permanent),2.74,billion PKR,sbp_domestic_debt,monthly
2012-09-30,3.00 % 1971 (Permanent),2.74,billion PKR,sbp_domestic_debt,monthly
2012-10-31,3.00 % 1971 (Permanent),2.74,billion PKR,sbp_domestic_debt,monthly
2012-11-30,3.00 % 1971 (Permanent),2.74,billion PKR,sbp_domestic_debt,monthly
2012-12-31,3.00 % 1971 (Permanent),2.74,billion PKR,sbp_domestic_debt,monthly
2013-01-31,3.00 % 1971 (Permanent),2.74,billion PKR,sbp_domestic_debt,monthly
2013-02-28,3.00 % 1971 (Permanent),2.74,billion PKR,sbp_domestic_debt,monthly
2013-03-31,3.00 % 1971 (Permanent),2.74,billion PKR,sbp_domestic_debt,monthly
2013-04-30,3.00 % 1971 (Permanent),2.74,billion PKR,sbp_domestic_debt,monthly
2013-05-31,3.00 % 1971 (Permanent),2.74,billion PKR,sbp_domestic_debt,monthly
2013-06-30,3.00 % 1971 (Permanent),2.74,billion PKR,sbp_domestic_debt,monthly
2013-07-31,3.00 % 1971 (Permanent),2.74,billion PKR,sbp_domestic_debt,monthly
2013-08-31,3.00 % 1971 (Permanent),2.74,billion PKR,sbp_domestic_debt,monthly
2013-09-30,3.00 % 1971 (Permanent),2.74,billion PKR,sbp_domestic_debt,monthly
2013-10-31,3.00 % 1971 (Permanent),2.74,billion PKR,sbp_domestic_debt,monthly
2013-11-30,3.00 % 1971 (Permanent),2.74,billion PKR,sbp_domestic_debt,monthly
2013-12-31,3.00 % 1971 (Permanent),2.74,billion PKR,sbp_domestic_debt,monthly
2014-01-31,3.00 % 1971 (Permanent),2.74,billion PKR,sbp_domestic_debt,monthly
2014-02-28,3.00 % 1971 (Permanent),2.74,billion PKR,sbp_domestic_debt,monthly
2014-03-31,3.00 % 1971 (Permanent),2.74,billion PKR,sbp_domestic_debt,monthly
2014-04-30,3.00 % 1971 (Permanent),2.74,billion PKR,sbp_domestic_debt,monthly
2014-05-31,3.00 % 1971 (Permanent),2.74,billion PKR,sbp_domestic_debt,monthly
2014-06-30,3.00 % 1971 (Permanent),2.74,billion PKR,sbp_domestic_debt,monthly
2014-07-31,3.00 % 1971 (Permanent),2.74,billion PKR,sbp_domestic_debt,monthly
2014-08-31,3.00 % 1971 (Permanent),2.74,billion PKR,sbp_domestic_debt,monthly
2014-09-30,3.00 % 1971 (Permanent),2.74,billion PKR,sbp_domestic_debt,monthly
2014-10-31,3.00 % 1971 (Permanent),2.74,billion PKR,sbp_domestic_debt,monthly
2014-11-30,3.00 % 1971 (Permanent),2.74,billion PKR,sbp_domestic_debt,monthly
2014-12-31,3.00 % 1971 (Permanent),2.74,billion PKR,sbp_domestic_debt,monthly
2015-01-31,3.00 % 1971 (Permanent),2.74,billion PKR,sbp_domestic_debt,monthly
2015-02-28,3.00 % 1971 (Permanent),2.74,billion PKR,sbp_domestic_debt,monthly
2015-03-31,3.00 % 1971 (Permanent),2.74,billion PKR,sbp_domestic_debt,monthly
2015-04-30,3.00 % 1971 (Permanent),2.74,billion PKR,sbp_domestic_debt,monthly
2015-05-31,3.00 % 1971 (Permanent),2.74,billion PKR,sbp_domestic_debt,monthly
2015-06-30,3.00 % 1971 (Permanent),2.74,billion PKR,sbp_domestic_debt,monthly
2015-07-31,3.00 % 1971 (Permanent),2.74,billion PKR,sbp_domestic_debt,monthly
2015-08-31,3.00 % 1971 (Permanent),2.74,billion PKR,sbp_domestic_debt,monthly
2015-09-30,3.00 % 1971 (Permanent),2.74,billion PKR,sbp_domestic_debt,monthly
2015-10-31,3.00 % 1971 (Permanent),2.74,billion PKR,sbp_domestic_debt,monthly
2015-11-30,3.00 % 1971 (Permanent),2.74,billion PKR,sbp_domestic_debt,monthly
2015-12-31,3.00 % 1971 (Permanent),2.74,billion PKR,sbp_domestic_debt,monthly
2016-01-31,3.00 % 1971 (Permanent),2.74,billion PKR,sbp_domestic_debt,monthly
2016-02-29,3.00 % 1971 (Permanent),2.74,billion PKR,sbp_domestic_debt,monthly
2016-03-31,3.00 % 1971 (Permanent),2.74,billion PKR,sbp_domestic_debt,monthly
2016-04-30,3.00 % 1971 (Permanent),2.74,billion PKR,sbp_domestic_debt,monthly
2016-05-31,3.00 % 1971 (Permanent),2.74,billion PKR,sbp_domestic_debt,monthly
2016-06-30,3.00 % 1971 (Permanent),2.74,billion PKR,sbp_domestic_debt,monthly
2016-07-31,3.00 % 1971 (Permanent),2.74,billion PKR,sbp_domestic_debt,monthly
2016-08-31,3.00 % 1971 (Permanent),2.74,billion PKR,sbp_domestic_debt,monthly
2016-09-30,3.00 % 1971 (Permanent),2.74,billion PKR,sbp_domestic_debt,monthly
2016-10-31,3.00 % 1971 (Permanent),2.74,billion PKR,sbp_domestic_debt,monthly
2016-11-30,3.00 % 1971 (Permanent),2.74,billion PKR,sbp_domestic_debt,monthly
2016-12-31,3.00 % 1971 (Permanent),2.74,billion PKR,sbp_domestic_debt,monthly
2017-01-31,3.00 % 1971 (Permanent),2.74,billion PKR,sbp_domestic_debt,monthly
2017-02-28,3.00 % 1971 (Permanent),2.74,billion PKR,sbp_domestic_debt,monthly
2017-03-31,3.00 % 1971 (Permanent),2.74,billion PKR,sbp_domestic_debt,monthly
2017-04-30,3.00 % 1971 (Permanent),2.74,billion PKR,sbp_domestic_debt,monthly
2017-05-31,3.00 % 1971 (Permanent),2.74,billion PKR,sbp_domestic_debt,monthly
2017-06-30,3.00 % 1971 (Permanent),2.74,billion PKR,sbp_domestic_debt,monthly
2017-07-31,3.00 % 1971 (Permanent),2.74,billion PKR,sbp_domestic_debt,monthly
2017-08-31,3.00 % 1971 (Permanent),2.74,billion PKR,sbp_domestic_debt,monthly
2017-09-30,3.00 % 1971 (Permanent),2.74,billion PKR,sbp_domestic_debt,monthly
2017-10-31,3.00 % 1971 (Permanent),2.74,billion PKR,sbp_domestic_debt,monthly
2017-11-30,3.00 % 1971 (Permanent),2.74,billion PKR,sbp_domestic_debt,monthly
2017-12-31,3.00 % 1971 (Permanent),2.74,billion PKR,sbp_domestic_debt,monthly
2018-01-31,3.00 % 1971 (Permanent),2.74,billion PKR,sbp_domestic_debt,monthly
2018-02-28,3.00 % 1971 (Permanent),2.74,billion PKR,sbp_domestic_debt,monthly
2018-03-31,3.00 % 1971 (Permanent),2.74,billion PKR,sbp_domestic_debt,monthly
2018-04-30,3.00 % 1971 (Permanent),2.74,billion PKR,sbp_domestic_debt,monthly
2018-05-31,3.00 % 1971 (Permanent),2.74,billion PKR,sbp_domestic_debt,monthly
2018-06-30,3.00 % 1971 (Permanent),2.74,billion PKR,sbp_domestic_debt,monthly
2018-07-31,3.00 % 1971 (Permanent),2.74,billion PKR,sbp_domestic_debt,monthly
2018-08-31,3.00 % 1971 (Permanent),2.74,billion PKR,sbp_domestic_debt,monthly
2018-09-30,3.00 % 1971 (Permanent),2.74,billion PKR,sbp_domestic_debt,monthly
2018-10-31,3.00 % 1971 (Permanent),2.74,billion PKR,sbp_domestic_debt,monthly
2018-11-30,3.00 % 1971 (Permanent),2.74,billion PKR,sbp_domestic_debt,monthly
2018-12-31,3.00 % 1971 (Permanent),2.74,billion PKR,sbp_domestic_debt,monthly
2019-01-31,3.00 % 1971 (Permanent),2.74,billion PKR,sbp_domestic_debt,monthly
2019-02-28,3.00 % 1971 (Permanent),2.74,billion PKR,sbp_domestic_debt,monthly
2019-03-31,3.00 % 1971 (Permanent),2.74,billion PKR,sbp_domestic_debt,monthly
2019-04-30,3.00 % 1971 (Permanent),2.74,billion PKR,sbp_domestic_debt,monthly
2019-05-31,3.00 % 1971 (Permanent),2.74,billion PKR,sbp_domestic_debt,monthly
2019-06-30,3.00 % 1971 (Permanent),2.74,billion PKR,sbp_domestic_debt,monthly
2019-07-31,3.00 % 1971 (Permanent),2.74,billion PKR,sbp_domestic_debt,monthly
2019-08-31,3.00 % 1971 (Permanent),2.74,billion PKR,sbp_domestic_debt,monthly
2019-09-30,3.00 % 1971 (Permanent),2.74,billion PKR,sbp_domestic_debt,monthly
2019-10-31,3.00 % 1971 (Permanent),2.74,billion PKR,sbp_domestic_debt,monthly
2019-11-30,3.00 % 1971 (Permanent),2.74,billion PKR,sbp_domestic_debt,monthly
2019-12-31,3.00 % 1971 (Permanent),2.74,billion PKR,sbp_domestic_debt,monthly
2020-01-31,3.00 % 1971 (Permanent),2.74,billion PKR,sbp_domestic_debt,monthly
2020-02-29,3.00 % 1971 (Permanent),2.74,billion PKR,sbp_domestic_debt,monthly
2020-03-31,3.00 % 1971 (Permanent),2.74,billion PKR,sbp_domestic_debt,monthly
2020-04-30,3.00 % 1971 (Permanent),2.74,billion PKR,sbp_domestic_debt,monthly
2020-05-31,3.00 % 1971 (Permanent),2.74,billion PKR,sbp_domestic_debt,monthly
2020-06-30,3.00 % 1971 (Permanent),2.74,billion PKR,sbp_domestic_debt,monthly
2020-07-31,3.00 % 1971 (Permanent),2.74,billion PKR,sbp_domestic_debt,monthly
2020-08-31,3.00 % 1971 (Permanent),2.74,billion PKR,sbp_domestic_debt,monthly
2020-09-30,3.00 % 1971 (Permanent),2.74,billion PKR,sbp_domestic_debt,monthly
2020-10-31,3.00 % 1971 (Permanent),2.74,billion PKR,sbp_domestic_debt,monthly
2020-11-30,3.00 % 1971 (Permanent),2.74,billion PKR,sbp_domestic_debt,monthly
2020-12-31,3.00 % 1971 (Permanent),2.74,billion PKR,sbp_domestic_debt,monthly
2021-01-31,3.00 % 1971 (Permanent),2.74,billion PKR,sbp_domestic_debt,monthly
2021-02-28,3.00 % 1971 (Permanent),2.74,billion PKR,sbp_domestic_debt,monthly
2021-03-31,3.00 % 1971 (Permanent),2.74,billion PKR,sbp_domestic_debt,monthly
2021-04-30,3.00 % 1971 (Permanent),2.74,billion PKR,sbp_domestic_debt,monthly
2021-05-31,3.00 % 1971 (Permanent),2.74,billion PKR,sbp_domestic_debt,monthly
2021-06-30,3.00 % 1971 (Permanent),2.74,billion PKR,sbp_domestic_debt,monthly
2021-07-31,3.00 % 1971 (Permanent),2.74,billion PKR,sbp_domestic_debt,monthly
2021-08-31,3.00 % 1971 (Permanent),2.74,billion PKR,sbp_domestic_debt,monthly
2021-09-30,3.00 % 1971 (Permanent),2.74,billion PKR,sbp_domestic_debt,monthly
2021-10-31,3.00 % 1971 (Permanent),2.74,billion PKR,sbp_domestic_debt,monthly
2021-11-30,3.00 % 1971 (Permanent),2.74,billion PKR,sbp_domestic_debt,monthly
2021-12-31,3.00 % 1971 (Permanent),2.74,billion PKR,sbp_domestic_debt,monthly
2022-01-31,3.00 % 1971 (Permanent),2.74,billion PKR,sbp_domestic_debt,monthly
2022-02-28,3.00 % 1971 (Permanent),2.74,billion PKR,sbp_domestic_debt,monthly
2022-03-31,3.00 % 1971 (Permanent),2.74,billion PKR,sbp_domestic_debt,monthly
2022-04-30,3.00 % 1971 (Permanent),2.74,billion PKR,sbp_domestic_debt,monthly
2022-05-31,3.00 % 1971 (Permanent),2.74,billion PKR,sbp_domestic_debt,monthly
2022-06-30,3.00 % 1971 (Permanent),2.74,billion PKR,sbp_domestic_debt,monthly
2022-07-31,4. SBP’s on-lending to GOP against SDRs allocation7,474.93882048702,billion PKR,sbp_domestic_debt,monthly
2022-08-31,4. SBP’s on-lending to GOP against SDRs allocation7,474.93882048702,billion PKR,sbp_domestic_debt,monthly
2022-09-30,4. SBP’s on-lending to GOP against SDRs allocation7,474.93882048702,billion PKR,sbp_domestic_debt,monthly
2022-10-31,4. SBP’s on-lending to GOP against SDRs allocation7,474.93882048702,billion PKR,sbp_domestic_debt,monthly
2022-11-30,4. SBP’s on-lending to GOP against SDRs allocation7,474.93882048702,billion PKR,sbp_domestic_debt,monthly
2022-12-31,4. SBP’s on-lending to GOP against SDRs allocation7,474.93882048702,billion PKR,sbp_domestic_debt,monthly
2023-01-31,4. SBP’s on-lending to GOP against SDRs allocation7,474.93882048702,billion PKR,sbp_domestic_debt,monthly
2023-02-28,4. SBP’s on-lending to GOP against SDRs allocation7,474.93882048702,billion PKR,sbp_domestic_debt,monthly
2023-03-31,4. SBP’s on-lending to GOP against SDRs allocation7,474.93882048702,billion PKR,sbp_domestic_debt,monthly
2023-04-30,4. SBP’s on-lending to GOP against SDRs allocation7,474.93882048702,billion PKR,sbp_domestic_debt,monthly
2023-05-31,4. SBP’s on-lending to GOP against SDRs allocation7,474.93882048702,billion PKR,sbp_domestic_debt,monthly
2023-06-30,4. SBP’s on-lending to GOP against SDRs allocation7,474.938820487,billion PKR,sbp_domestic_debt,monthly
2023-07-31,4. SBP’s on-lending to GOP against SDRs allocation7,474.938820487,billion PKR,sbp_domestic_debt,monthly
2023-08-31,4. SBP’s on-lending to GOP against SDRs allocation7,474.938820487,billion PKR,sbp_domestic_debt,monthly
2023-09-30,4. SBP’s on-lending to GOP against SDRs allocation7,474.938820487,billion PKR,sbp_domestic_debt,monthly
2023-10-31,4. SBP’s on-lending to GOP against SDRs allocation7,474.938820487,billion PKR,sbp_domestic_debt,monthly
2023-11-30,4. SBP’s on-lending to GOP against SDRs allocation7,474.938820487,billion PKR,sbp_domestic_debt,monthly
2023-12-31,4. SBP’s on-lending to GOP against SDRs allocation7,474.93882048702,billion PKR,sbp_domestic_debt,monthly
2024-01-31,4. SBP’s on-lending to GOP against SDRs allocation7,474.93882048702,billion PKR,sbp_domestic_debt,monthly
2024-02-29,4. SBP’s on-lending to GOP against SDRs allocation7,474.93882048702,billion PKR,sbp_domestic_debt,monthly
2024-03-31,4. SBP’s on-lending to GOP against SDRs allocation7,474.938820487,billion PKR,sbp_domestic_debt,monthly
2024-04-30,4. SBP’s on-lending to GOP against SDRs allocation7,474.938820487,billion PKR,sbp_domestic_debt,monthly
2024-05-31,4. SBP’s on-lending to GOP against SDRs allocation7,474.938820487,billion PKR,sbp_domestic_debt,monthly
2024-06-30,4. SBP’s on-lending to GOP against SDRs allocation7,474.93882048702,billion PKR,sbp_domestic_debt,monthly
2024-07-31,4. SBP’s on-lending to GOP against SDRs allocation7,474.93882048702,billion PKR,sbp_domestic_debt,monthly
2024-08-31,4. SBP’s on-lending to GOP against SDRs allocation7,474.93882048702,billion PKR,sbp_domestic_debt,monthly
2024-09-30,4. SBP’s on-lending to GOP against SDRs allocation7,474.93882048702,billion PKR,sbp_domestic_debt,monthly
2024-10-31,4. SBP’s on-lending to GOP against SDRs allocation7,474.938820487,billion PKR,sbp_domestic_debt,monthly
2024-11-30,4. SBP’s on-lending to GOP against SDRs allocation7,474.938820487,billion PKR,sbp_domestic_debt,monthly
2024-12-31,4. SBP’s on-lending to GOP against SDRs allocation7,474.93882048702,billion PKR,sbp_domestic_debt,monthly
2025-01-31,4. SBP’s on-lending to GOP against SDRs allocation7,474.93882048702,billion PKR,sbp_domestic_debt,monthly
2025-02-28,4. SBP’s on-lending to GOP against SDRs allocation7,474.938820487,billion PKR,sbp_domestic_debt,monthly
2025-03-31,4. SBP’s on-lending to GOP against SDRs allocation7,474.938820487,billion PKR,sbp_domestic_debt,monthly
2025-04-30,4. SBP’s on-lending to GOP against SDRs allocation7,474.938820487,billion PKR,sbp_domestic_debt,monthly
2025-05-31,4. SBP’s on-lending to GOP against SDRs allocation7,474.938820487,billion PKR,sbp_domestic_debt,monthly
2025-06-30,4. SBP’s on-lending to GOP against SDRs allocation7,474.938820487,billion PKR,sbp_domestic_debt,monthly
2025-07-31,4. SBP’s on-lending to GOP against SDRs allocation7,474.938820487,billion PKR,sbp_domestic_debt,monthly
2025-08-31,4. SBP’s on-lending to GOP against SDRs allocation7,474.938820487,billion PKR,sbp_domestic_debt,monthly
2025-09-30,4. SBP’s on-lending to GOP against SDRs allocation7,474.938820487,billion PKR,sbp_domestic_debt,monthly
2025-10-31,4. SBP’s on-lending to GOP against SDRs allocation7,474.938820487,billion PKR,sbp_domestic_debt,monthly
2025-11-30,4. SBP’s on-lending to GOP against SDRs allocation7,474.938820487,billion PKR,sbp_domestic_debt,monthly
2025-12-31,4. SBP’s on-lending to GOP against SDRs allocation7,474.938820487,billion PKR,sbp_domestic_debt,monthly
2026-01-31,4. SBP’s on-lending to GOP against SDRs allocation7,474.938820487,billion PKR,sbp_domestic_debt,monthly
2026-02-28,4. SBP’s on-lending to GOP against SDRs allocation7,474.938820487,billion PKR,sbp_domestic_debt,monthly
2026-03-31,4. SBP’s on-lending to GOP against SDRs allocation7,474.938820487,billion PKR,sbp_domestic_debt,monthly
2026-04-30,4. SBP’s on-lending to GOP against SDRs allocation7,474.93882048702,billion PKR,sbp_domestic_debt,monthly
2026-05-31,4. SBP’s on-lending to GOP against SDRs allocation7,474.93882048702,billion PKR,sbp_domestic_debt,monthly
2011-06-30,4. SBP’s on-lending to GOP against SDRs allocation9,0.0,billion PKR,sbp_domestic_debt,monthly
2011-07-31,4. SBP’s on-lending to GOP against SDRs allocation9,0.0,billion PKR,sbp_domestic_debt,monthly
2011-08-31,4. SBP’s on-lending to GOP against SDRs allocation9,0.0,billion PKR,sbp_domestic_debt,monthly
2011-09-30,4. SBP’s on-lending to GOP against SDRs allocation9,0.0,billion PKR,sbp_domestic_debt,monthly
2011-10-31,4. SBP’s on-lending to GOP against SDRs allocation9,0.0,billion PKR,sbp_domestic_debt,monthly
2011-11-30,4. SBP’s on-lending to GOP against SDRs allocation9,0.0,billion PKR,sbp_domestic_debt,monthly
2011-12-31,4. SBP’s on-lending to GOP against SDRs allocation9,0.0,billion PKR,sbp_domestic_debt,monthly
2012-01-31,4. SBP’s on-lending to GOP against SDRs allocation9,0.0,billion PKR,sbp_domestic_debt,monthly
2012-02-29,4. SBP’s on-lending to GOP against SDRs allocation9,0.0,billion PKR,sbp_domestic_debt,monthly
2012-03-31,4. SBP’s on-lending to GOP against SDRs allocation9,0.0,billion PKR,sbp_domestic_debt,monthly
2012-04-30,4. SBP’s on-lending to GOP against SDRs allocation9,0.0,billion PKR,sbp_domestic_debt,monthly
2012-05-31,4. SBP’s on-lending to GOP against SDRs allocation9,0.0,billion PKR,sbp_domestic_debt,monthly
2012-06-30,4. SBP’s on-lending to GOP against SDRs allocation9,0.0,billion PKR,sbp_domestic_debt,monthly
2012-07-31,4. SBP’s on-lending to GOP against SDRs allocation9,0.0,billion PKR,sbp_domestic_debt,monthly
2012-08-31,4. SBP’s on-lending to GOP against SDRs allocation9,0.0,billion PKR,sbp_domestic_debt,monthly
2012-09-30,4. SBP’s on-lending to GOP against SDRs allocation9,0.0,billion PKR,sbp_domestic_debt,monthly
2012-10-31,4. SBP’s on-lending to GOP against SDRs allocation9,0.0,billion PKR,sbp_domestic_debt,monthly
2012-11-30,4. SBP’s on-lending to GOP against SDRs allocation9,0.0,billion PKR,sbp_domestic_debt,monthly
2012-12-31,4. SBP’s on-lending to GOP against SDRs allocation9,0.0,billion PKR,sbp_domestic_debt,monthly
2013-01-31,4. SBP’s on-lending to GOP against SDRs allocation9,0.0,billion PKR,sbp_domestic_debt,monthly
2013-02-28,4. SBP’s on-lending to GOP against SDRs allocation9,0.0,billion PKR,sbp_domestic_debt,monthly
2013-03-31,4. SBP’s on-lending to GOP against SDRs allocation9,0.0,billion PKR,sbp_domestic_debt,monthly
2013-04-30,4. SBP’s on-lending to GOP against SDRs allocation9,0.0,billion PKR,sbp_domestic_debt,monthly
2013-05-31,4. SBP’s on-lending to GOP against SDRs allocation9,0.0,billion PKR,sbp_domestic_debt,monthly
2013-06-30,4. SBP’s on-lending to GOP against SDRs allocation9,0.0,billion PKR,sbp_domestic_debt,monthly
2013-07-31,4. SBP’s on-lending to GOP against SDRs allocation9,0.0,billion PKR,sbp_domestic_debt,monthly
2013-08-31,4. SBP’s on-lending to GOP against SDRs allocation9,0.0,billion PKR,sbp_domestic_debt,monthly
2013-09-30,4. SBP’s on-lending to GOP against SDRs allocation9,0.0,billion PKR,sbp_domestic_debt,monthly
2013-10-31,4. SBP’s on-lending to GOP against SDRs allocation9,0.0,billion PKR,sbp_domestic_debt,monthly
2013-11-30,4. SBP’s on-lending to GOP against SDRs allocation9,0.0,billion PKR,sbp_domestic_debt,monthly
2013-12-31,4. SBP’s on-lending to GOP against SDRs allocation9,0.0,billion PKR,sbp_domestic_debt,monthly
2014-01-31,4. SBP’s on-lending to GOP against SDRs allocation9,0.0,billion PKR,sbp_domestic_debt,monthly
2014-02-28,4. SBP’s on-lending to GOP against SDRs allocation9,0.0,billion PKR,sbp_domestic_debt,monthly
2014-03-31,4. SBP’s on-lending to GOP against SDRs allocation9,0.0,billion PKR,sbp_domestic_debt,monthly
2014-04-30,4. SBP’s on-lending to GOP against SDRs allocation9,0.0,billion PKR,sbp_domestic_debt,monthly
2014-05-31,4. SBP’s on-lending to GOP against SDRs allocation9,0.0,billion PKR,sbp_domestic_debt,monthly
2014-06-30,4. SBP’s on-lending to GOP against SDRs allocation9,0.0,billion PKR,sbp_domestic_debt,monthly
2014-07-31,4. SBP’s on-lending to GOP against SDRs allocation9,0.0,billion PKR,sbp_domestic_debt,monthly
2014-08-31,4. SBP’s on-lending to GOP against SDRs allocation9,0.0,billion PKR,sbp_domestic_debt,monthly
2014-09-30,4. SBP’s on-lending to GOP against SDRs allocation9,0.0,billion PKR,sbp_domestic_debt,monthly
2014-10-31,4. SBP’s on-lending to GOP against SDRs allocation9,0.0,billion PKR,sbp_domestic_debt,monthly
2014-11-30,4. SBP’s on-lending to GOP against SDRs allocation9,0.0,billion PKR,sbp_domestic_debt,monthly
2014-12-31,4. SBP’s on-lending to GOP against SDRs allocation9,0.0,billion PKR,sbp_domestic_debt,monthly
2015-01-31,4. SBP’s on-lending to GOP against SDRs allocation9,0.0,billion PKR,sbp_domestic_debt,monthly
2015-02-28,4. SBP’s on-lending to GOP against SDRs allocation9,0.0,billion PKR,sbp_domestic_debt,monthly
2015-03-31,4. SBP’s on-lending to GOP against SDRs allocation9,0.0,billion PKR,sbp_domestic_debt,monthly
2015-04-30,4. SBP’s on-lending to GOP against SDRs allocation9,0.0,billion PKR,sbp_domestic_debt,monthly
2015-05-31,4. SBP’s on-lending to GOP against SDRs allocation9,0.0,billion PKR,sbp_domestic_debt,monthly
2015-06-30,4. SBP’s on-lending to GOP against SDRs allocation9,0.0,billion PKR,sbp_domestic_debt,monthly
2015-07-31,4. SBP’s on-lending to GOP against SDRs allocation9,0.0,billion PKR,sbp_domestic_debt,monthly
2015-08-31,4. SBP’s on-lending to GOP against SDRs allocation9,0.0,billion PKR,sbp_domestic_debt,monthly
2015-09-30,4. SBP’s on-lending to GOP against SDRs allocation9,0.0,billion PKR,sbp_domestic_debt,monthly
2015-10-31,4. SBP’s on-lending to GOP against SDRs allocation9,0.0,billion PKR,sbp_domestic_debt,monthly
2015-11-30,4. SBP’s on-lending to GOP against SDRs allocation9,0.0,billion PKR,sbp_domestic_debt,monthly
2015-12-31,4. SBP’s on-lending to GOP against SDRs allocation9,0.0,billion PKR,sbp_domestic_debt,monthly
2016-01-31,4. SBP’s on-lending to GOP against SDRs allocation9,0.0,billion PKR,sbp_domestic_debt,monthly
2016-02-29,4. SBP’s on-lending to GOP against SDRs allocation9,0.0,billion PKR,sbp_domestic_debt,monthly
2016-03-31,4. SBP’s on-lending to GOP against SDRs allocation9,0.0,billion PKR,sbp_domestic_debt,monthly
2016-04-30,4. SBP’s on-lending to GOP against SDRs allocation9,0.0,billion PKR,sbp_domestic_debt,monthly
2016-05-31,4. SBP’s on-lending to GOP against SDRs allocation9,0.0,billion PKR,sbp_domestic_debt,monthly
2016-06-30,4. SBP’s on-lending to GOP against SDRs allocation9,0.0,billion PKR,sbp_domestic_debt,monthly
2016-07-31,4. SBP’s on-lending to GOP against SDRs allocation9,0.0,billion PKR,sbp_domestic_debt,monthly
2016-08-31,4. SBP’s on-lending to GOP against SDRs allocation9,0.0,billion PKR,sbp_domestic_debt,monthly
2016-09-30,4. SBP’s on-lending to GOP against SDRs allocation9,0.0,billion PKR,sbp_domestic_debt,monthly
2016-10-31,4. SBP’s on-lending to GOP against SDRs allocation9,0.0,billion PKR,sbp_domestic_debt,monthly
2016-11-30,4. SBP’s on-lending to GOP against SDRs allocation9,0.0,billion PKR,sbp_domestic_debt,monthly
2016-12-31,4. SBP’s on-lending to GOP against SDRs allocation9,0.0,billion PKR,sbp_domestic_debt,monthly
2017-01-31,4. SBP’s on-lending to GOP against SDRs allocation9,0.0,billion PKR,sbp_domestic_debt,monthly
2017-02-28,4. SBP’s on-lending to GOP against SDRs allocation9,0.0,billion PKR,sbp_domestic_debt,monthly
2017-03-31,4. SBP’s on-lending to GOP against SDRs allocation9,0.0,billion PKR,sbp_domestic_debt,monthly
2017-04-30,4. SBP’s on-lending to GOP against SDRs allocation9,0.0,billion PKR,sbp_domestic_debt,monthly
2017-05-31,4. SBP’s on-lending to GOP against SDRs allocation9,0.0,billion PKR,sbp_domestic_debt,monthly
2017-06-30,4. SBP’s on-lending to GOP against SDRs allocation9,0.0,billion PKR,sbp_domestic_debt,monthly
2017-07-31,4. SBP’s on-lending to GOP against SDRs allocation9,0.0,billion PKR,sbp_domestic_debt,monthly
2017-08-31,4. SBP’s on-lending to GOP against SDRs allocation9,0.0,billion PKR,sbp_domestic_debt,monthly
2017-09-30,4. SBP’s on-lending to GOP against SDRs allocation9,0.0,billion PKR,sbp_domestic_debt,monthly
2017-10-31,4. SBP’s on-lending to GOP against SDRs allocation9,0.0,billion PKR,sbp_domestic_debt,monthly
2017-11-30,4. SBP’s on-lending to GOP against SDRs allocation9,0.0,billion PKR,sbp_domestic_debt,monthly
2017-12-31,4. SBP’s on-lending to GOP against SDRs allocation9,0.0,billion PKR,sbp_domestic_debt,monthly
2018-01-31,4. SBP’s on-lending to GOP against SDRs allocation9,0.0,billion PKR,sbp_domestic_debt,monthly
2018-02-28,4. SBP’s on-lending to GOP against SDRs allocation9,0.0,billion PKR,sbp_domestic_debt,monthly
2018-03-31,4. SBP’s on-lending to GOP against SDRs allocation9,0.0,billion PKR,sbp_domestic_debt,monthly
2018-04-30,4. SBP’s on-lending to GOP against SDRs allocation9,0.0,billion PKR,sbp_domestic_debt,monthly
2018-05-31,4. SBP’s on-lending to GOP against SDRs allocation9,0.0,billion PKR,sbp_domestic_debt,monthly
2018-06-30,4. SBP’s on-lending to GOP against SDRs allocation9,0.0,billion PKR,sbp_domestic_debt,monthly
2018-07-31,4. SBP’s on-lending to GOP against SDRs allocation9,0.0,billion PKR,sbp_domestic_debt,monthly
2018-08-31,4. SBP’s on-lending to GOP against SDRs allocation9,0.0,billion PKR,sbp_domestic_debt,monthly
2018-09-30,4. SBP’s on-lending to GOP against SDRs allocation9,0.0,billion PKR,sbp_domestic_debt,monthly
2018-10-31,4. SBP’s on-lending to GOP against SDRs allocation9,0.0,billion PKR,sbp_domestic_debt,monthly
2018-11-30,4. SBP’s on-lending to GOP against SDRs allocation9,0.0,billion PKR,sbp_domestic_debt,monthly
2018-12-31,4. SBP’s on-lending to GOP against SDRs allocation9,0.0,billion PKR,sbp_domestic_debt,monthly
2019-01-31,4. SBP’s on-lending to GOP against SDRs allocation9,0.0,billion PKR,sbp_domestic_debt,monthly
2019-02-28,4. SBP’s on-lending to GOP against SDRs allocation9,0.0,billion PKR,sbp_domestic_debt,monthly
2019-03-31,4. SBP’s on-lending to GOP against SDRs allocation9,0.0,billion PKR,sbp_domestic_debt,monthly
2019-04-30,4. SBP’s on-lending to GOP against SDRs allocation9,0.0,billion PKR,sbp_domestic_debt,monthly
2019-05-31,4. SBP’s on-lending to GOP against SDRs allocation9,0.0,billion PKR,sbp_domestic_debt,monthly
2019-06-30,4. SBP’s on-lending to GOP against SDRs allocation9,0.0,billion PKR,sbp_domestic_debt,monthly
2019-07-31,4. SBP’s on-lending to GOP against SDRs allocation9,0.0,billion PKR,sbp_domestic_debt,monthly
2019-08-31,4. SBP’s on-lending to GOP against SDRs allocation9,0.0,billion PKR,sbp_domestic_debt,monthly
2019-09-30,4. SBP’s on-lending to GOP against SDRs allocation9,0.0,billion PKR,sbp_domestic_debt,monthly
2019-10-31,4. SBP’s on-lending to GOP against SDRs allocation9,0.0,billion PKR,sbp_domestic_debt,monthly
2019-11-30,4. SBP’s on-lending to GOP against SDRs allocation9,0.0,billion PKR,sbp_domestic_debt,monthly
2019-12-31,4. SBP’s on-lending to GOP against SDRs allocation9,0.0,billion PKR,sbp_domestic_debt,monthly
2020-01-31,4. SBP’s on-lending to GOP against SDRs allocation9,0.0,billion PKR,sbp_domestic_debt,monthly
2020-02-29,4. SBP’s on-lending to GOP against SDRs allocation9,0.0,billion PKR,sbp_domestic_debt,monthly
2020-03-31,4. SBP’s on-lending to GOP against SDRs allocation9,0.0,billion PKR,sbp_domestic_debt,monthly
2020-04-30,4. SBP’s on-lending to GOP against SDRs allocation9,0.0,billion PKR,sbp_domestic_debt,monthly
2020-05-31,4. SBP’s on-lending to GOP against SDRs allocation9,0.0,billion PKR,sbp_domestic_debt,monthly
2020-06-30,4. SBP’s on-lending to GOP against SDRs allocation9,0.0,billion PKR,sbp_domestic_debt,monthly
2020-07-31,4. SBP’s on-lending to GOP against SDRs allocation9,0.0,billion PKR,sbp_domestic_debt,monthly
2020-08-31,4. SBP’s on-lending to GOP against SDRs allocation9,0.0,billion PKR,sbp_domestic_debt,monthly
2020-09-30,4. SBP’s on-lending to GOP against SDRs allocation9,0.0,billion PKR,sbp_domestic_debt,monthly
2020-10-31,4. SBP’s on-lending to GOP against SDRs allocation9,0.0,billion PKR,sbp_domestic_debt,monthly
2020-11-30,4. SBP’s on-lending to GOP against SDRs allocation9,0.0,billion PKR,sbp_domestic_debt,monthly
2021-11-30,4. SBP’s on-lending to GOP against SDRs allocation9,474.93882048702,billion PKR,sbp_domestic_debt,monthly
2021-12-31,4. SBP’s on-lending to GOP against SDRs allocation9,474.93882048702,billion PKR,sbp_domestic_debt,monthly
2022-01-31,4. SBP’s on-lending to GOP against SDRs allocation9,474.93882048702,billion PKR,sbp_domestic_debt,monthly
2022-02-28,4. SBP’s on-lending to GOP against SDRs allocation9,474.93882048702,billion PKR,sbp_domestic_debt,monthly
2022-03-31,4. SBP’s on-lending to GOP against SDRs allocation9,474.93882048702,billion PKR,sbp_domestic_debt,monthly
2022-04-30,4. SBP’s on-lending to GOP against SDRs allocation9,474.93882048702,billion PKR,sbp_domestic_debt,monthly
2022-05-31,4. SBP’s on-lending to GOP against SDRs allocation9,474.93882048702,billion PKR,sbp_domestic_debt,monthly
2022-06-30,4. SBP’s on-lending to GOP against SDRs allocation9,474.93882048702,billion PKR,sbp_domestic_debt,monthly
2010-06-30,5.00 % Income Tax Bonds,0.02232705,billion PKR,sbp_domestic_debt,monthly
2010-07-31,5.00 % Income Tax Bonds,0.02232705,billion PKR,sbp_domestic_debt,monthly
2010-08-31,5.00 % Income Tax Bonds,0.02232705,billion PKR,sbp_domestic_debt,monthly
2010-09-30,5.00 % Income Tax Bonds,0.02232705,billion PKR,sbp_domestic_debt,monthly
2010-10-31,5.00 % Income Tax Bonds,0.02232705,billion PKR,sbp_domestic_debt,monthly
2010-11-30,5.00 % Income Tax Bonds,0.02232705,billion PKR,sbp_domestic_debt,monthly
2010-12-31,5.00 % Income Tax Bonds,0.02232705,billion PKR,sbp_domestic_debt,monthly
2011-01-31,5.00 % Income Tax Bonds,0.02232705,billion PKR,sbp_domestic_debt,monthly
2011-02-28,5.00 % Income Tax Bonds,0.02232705,billion PKR,sbp_domestic_debt,monthly
2011-03-31,5.00 % Income Tax Bonds,0.02232705,billion PKR,sbp_domestic_debt,monthly
2011-04-30,5.00 % Income Tax Bonds,0.02232705,billion PKR,sbp_domestic_debt,monthly
2011-05-31,5.00 % Income Tax Bonds,0.02232705,billion PKR,sbp_domestic_debt,monthly
2011-06-30,5.00 % Income Tax Bonds,0.02232705,billion PKR,sbp_domestic_debt,monthly
2011-07-31,5.00 % Income Tax Bonds,0.02232705,billion PKR,sbp_domestic_debt,monthly
2011-08-31,5.00 % Income Tax Bonds,0.02232705,billion PKR,sbp_domestic_debt,monthly
2011-09-30,5.00 % Income Tax Bonds,0.02232705,billion PKR,sbp_domestic_debt,monthly
2011-10-31,5.00 % Income Tax Bonds,0.02232705,billion PKR,sbp_domestic_debt,monthly
2011-11-30,5.00 % Income Tax Bonds,0.02232705,billion PKR,sbp_domestic_debt,monthly
2011-12-31,5.00 % Income Tax Bonds,0.02232705,billion PKR,sbp_domestic_debt,monthly
2012-01-31,5.00 % Income Tax Bonds,0.02232705,billion PKR,sbp_domestic_debt,monthly
2012-02-29,5.00 % Income Tax Bonds,0.02232705,billion PKR,sbp_domestic_debt,monthly
2012-03-31,5.00 % Income Tax Bonds,0.02232705,billion PKR,sbp_domestic_debt,monthly
2012-04-30,5.00 % Income Tax Bonds,0.02232705,billion PKR,sbp_domestic_debt,monthly
2012-05-31,5.00 % Income Tax Bonds,0.02232705,billion PKR,sbp_domestic_debt,monthly
2012-06-30,5.00 % Income Tax Bonds,0.02232705,billion PKR,sbp_domestic_debt,monthly
2012-07-31,5.00 % Income Tax Bonds,0.0097051,billion PKR,sbp_domestic_debt,monthly
2012-08-31,5.00 % Income Tax Bonds,0.0097051,billion PKR,sbp_domestic_debt,monthly
2012-09-30,5.00 % Income Tax Bonds,0.0097051,billion PKR,sbp_domestic_debt,monthly
2012-10-31,5.00 % Income Tax Bonds,0.0097051,billion PKR,sbp_domestic_debt,monthly
2012-11-30,5.00 % Income Tax Bonds,0.0097051,billion PKR,sbp_domestic_debt,monthly
2012-12-31,5.00 % Income Tax Bonds,0.0097051,billion PKR,sbp_domestic_debt,monthly
2013-01-31,5.00 % Income Tax Bonds,0.0097051,billion PKR,sbp_domestic_debt,monthly
2013-02-28,5.00 % Income Tax Bonds,0.0097051,billion PKR,sbp_domestic_debt,monthly
2013-03-31,5.00 % Income Tax Bonds,0.0097051,billion PKR,sbp_domestic_debt,monthly
2013-04-30,5.00 % Income Tax Bonds,0.0097051,billion PKR,sbp_domestic_debt,monthly
2013-05-31,5.00 % Income Tax Bonds,0.0097051,billion PKR,sbp_domestic_debt,monthly
2013-06-30,5.00 % Income Tax Bonds,0.0097051,billion PKR,sbp_domestic_debt,monthly
2013-07-31,5.00 % Income Tax Bonds,0.0097051,billion PKR,sbp_domestic_debt,monthly
2013-08-31,5.00 % Income Tax Bonds,0.0097051,billion PKR,sbp_domestic_debt,monthly
2013-09-30,5.00 % Income Tax Bonds,0.0097051,billion PKR,sbp_domestic_debt,monthly
2013-10-31,5.00 % Income Tax Bonds,0.0097051,billion PKR,sbp_domestic_debt,monthly
2013-11-30,5.00 % Income Tax Bonds,0.0097051,billion PKR,sbp_domestic_debt,monthly
2013-12-31,5.00 % Income Tax Bonds,0.0097051,billion PKR,sbp_domestic_debt,monthly
2014-01-31,5.00 % Income Tax Bonds,0.0097051,billion PKR,sbp_domestic_debt,monthly
2014-02-28,5.00 % Income Tax Bonds,0.0097051,billion PKR,sbp_domestic_debt,monthly
2014-03-31,5.00 % Income Tax Bonds,0.0097051,billion PKR,sbp_domestic_debt,monthly
2014-04-30,5.00 % Income Tax Bonds,0.0097051,billion PKR,sbp_domestic_debt,monthly
2014-05-31,5.00 % Income Tax Bonds,0.0097051,billion PKR,sbp_domestic_debt,monthly
2014-06-30,5.00 % Income Tax Bonds,0.0097051,billion PKR,sbp_domestic_debt,monthly
2014-07-31,5.00 % Income Tax Bonds,0.0097051,billion PKR,sbp_domestic_debt,monthly
2014-08-31,5.00 % Income Tax Bonds,0.0097051,billion PKR,sbp_domestic_debt,monthly
2014-09-30,5.00 % Income Tax Bonds,0.0097051,billion PKR,sbp_domestic_debt,monthly
2014-10-31,5.00 % Income Tax Bonds,0.0097051,billion PKR,sbp_domestic_debt,monthly
2014-11-30,5.00 % Income Tax Bonds,0.0097051,billion PKR,sbp_domestic_debt,monthly
2014-12-31,5.00 % Income Tax Bonds,0.0097051,billion PKR,sbp_domestic_debt,monthly
2015-01-31,5.00 % Income Tax Bonds,0.0097051,billion PKR,sbp_domestic_debt,monthly
2015-02-28,5.00 % Income Tax Bonds,0.0097051,billion PKR,sbp_domestic_debt,monthly
2015-03-31,5.00 % Income Tax Bonds,0.0097051,billion PKR,sbp_domestic_debt,monthly
2015-04-30,5.00 % Income Tax Bonds,0.0097051,billion PKR,sbp_domestic_debt,monthly
2015-05-31,5.00 % Income Tax Bonds,0.0097051,billion PKR,sbp_domestic_debt,monthly
2015-06-30,5.00 % Income Tax Bonds,0.0097051,billion PKR,sbp_domestic_debt,monthly
2015-07-31,5.00 % Income Tax Bonds,0.0097051,billion PKR,sbp_domestic_debt,monthly
2015-08-31,5.00 % Income Tax Bonds,0.0097051,billion PKR,sbp_domestic_debt,monthly
2015-09-30,5.00 % Income Tax Bonds,0.0097051,billion PKR,sbp_domestic_debt,monthly
2015-10-31,5.00 % Income Tax Bonds,0.0097051,billion PKR,sbp_domestic_debt,monthly
2015-11-30,5.00 % Income Tax Bonds,0.0097051,billion PKR,sbp_domestic_debt,monthly
2015-12-31,5.00 % Income Tax Bonds,0.0097051,billion PKR,sbp_domestic_debt,monthly
2016-01-31,5.00 % Income Tax Bonds,0.0097051,billion PKR,sbp_domestic_debt,monthly
2016-02-29,5.00 % Income Tax Bonds,0.0097051,billion PKR,sbp_domestic_debt,monthly
2016-03-31,5.00 % Income Tax Bonds,0.0097051,billion PKR,sbp_domestic_debt,monthly
2016-04-30,5.00 % Income Tax Bonds,0.0097051,billion PKR,sbp_domestic_debt,monthly
2016-05-31,5.00 % Income Tax Bonds,0.0097051,billion PKR,sbp_domestic_debt,monthly
2016-06-30,5.00 % Income Tax Bonds,0.0097051,billion PKR,sbp_domestic_debt,monthly
2016-07-31,5.00 % Income Tax Bonds,0.0097051,billion PKR,sbp_domestic_debt,monthly
2016-08-31,5.00 % Income Tax Bonds,0.0097051,billion PKR,sbp_domestic_debt,monthly
2016-09-30,5.00 % Income Tax Bonds,0.0097051,billion PKR,sbp_domestic_debt,monthly
2016-10-31,5.00 % Income Tax Bonds,0.0097051,billion PKR,sbp_domestic_debt,monthly
2016-11-30,5.00 % Income Tax Bonds,0.0097051,billion PKR,sbp_domestic_debt,monthly
2016-12-31,5.00 % Income Tax Bonds,0.0097051,billion PKR,sbp_domestic_debt,monthly
2017-01-31,5.00 % Income Tax Bonds,0.0097051,billion PKR,sbp_domestic_debt,monthly
2017-02-28,5.00 % Income Tax Bonds,0.0097051,billion PKR,sbp_domestic_debt,monthly
2017-03-31,5.00 % Income Tax Bonds,0.0097051,billion PKR,sbp_domestic_debt,monthly
2017-04-30,5.00 % Income Tax Bonds,0.0097051,billion PKR,sbp_domestic_debt,monthly
2017-05-31,5.00 % Income Tax Bonds,0.0097051,billion PKR,sbp_domestic_debt,monthly
2017-06-30,5.00 % Income Tax Bonds,0.0097051,billion PKR,sbp_domestic_debt,monthly
2017-07-31,5.00 % Income Tax Bonds,0.0097051,billion PKR,sbp_domestic_debt,monthly
2017-08-31,5.00 % Income Tax Bonds,0.0097051,billion PKR,sbp_domestic_debt,monthly
2017-09-30,5.00 % Income Tax Bonds,0.0097051,billion PKR,sbp_domestic_debt,monthly
2017-10-31,5.00 % Income Tax Bonds,0.0097051,billion PKR,sbp_domestic_debt,monthly
2017-11-30,5.00 % Income Tax Bonds,0.0097051,billion PKR,sbp_domestic_debt,monthly
2017-12-31,5.00 % Income Tax Bonds,0.0097051,billion PKR,sbp_domestic_debt,monthly
2018-01-31,5.00 % Income Tax Bonds,0.0097051,billion PKR,sbp_domestic_debt,monthly
2018-02-28,5.00 % Income Tax Bonds,0.0097051,billion PKR,sbp_domestic_debt,monthly
2018-03-31,5.00 % Income Tax Bonds,0.0097051,billion PKR,sbp_domestic_debt,monthly
2018-04-30,5.00 % Income Tax Bonds,0.0097051,billion PKR,sbp_domestic_debt,monthly
2018-05-31,5.00 % Income Tax Bonds,0.0097051,billion PKR,sbp_domestic_debt,monthly
2018-06-30,5.00 % Income Tax Bonds,0.0097051,billion PKR,sbp_domestic_debt,monthly
2018-07-31,5.00 % Income Tax Bonds,0.0097051,billion PKR,sbp_domestic_debt,monthly
2018-08-31,5.00 % Income Tax Bonds,0.0097051,billion PKR,sbp_domestic_debt,monthly
2018-09-30,5.00 % Income Tax Bonds,0.0097051,billion PKR,sbp_domestic_debt,monthly
2018-10-31,5.00 % Income Tax Bonds,0.0097051,billion PKR,sbp_domestic_debt,monthly
2018-11-30,5.00 % Income Tax Bonds,0.0097051,billion PKR,sbp_domestic_debt,monthly
2018-12-31,5.00 % Income Tax Bonds,0.0097051,billion PKR,sbp_domestic_debt,monthly
2019-01-31,5.00 % Income Tax Bonds,0.0097051,billion PKR,sbp_domestic_debt,monthly
2019-02-28,5.00 % Income Tax Bonds,0.0097051,billion PKR,sbp_domestic_debt,monthly
2019-03-31,5.00 % Income Tax Bonds,0.0097051,billion PKR,sbp_domestic_debt,monthly
2019-04-30,5.00 % Income Tax Bonds,0.0097051,billion PKR,sbp_domestic_debt,monthly
2019-05-31,5.00 % Income Tax Bonds,0.0097051,billion PKR,sbp_domestic_debt,monthly
2019-06-30,5.00 % Income Tax Bonds,0.0097051,billion PKR,sbp_domestic_debt,monthly
2019-07-31,5.00 % Income Tax Bonds,0.0097051,billion PKR,sbp_domestic_debt,monthly
2019-08-31,5.00 % Income Tax Bonds,0.0097051,billion PKR,sbp_domestic_debt,monthly
2019-09-30,5.00 % Income Tax Bonds,0.0097051,billion PKR,sbp_domestic_debt,monthly
2019-10-31,5.00 % Income Tax Bonds,0.0097051,billion PKR,sbp_domestic_debt,monthly
2019-11-30,5.00 % Income Tax Bonds,0.0097051,billion PKR,sbp_domestic_debt,monthly
2019-12-31,5.00 % Income Tax Bonds,0.0097051,billion PKR,sbp_domestic_debt,monthly
2020-01-31,5.00 % Income Tax Bonds,0.0097051,billion PKR,sbp_domestic_debt,monthly
2020-02-29,5.00 % Income Tax Bonds,0.0097051,billion PKR,sbp_domestic_debt,monthly
2020-03-31,5.00 % Income Tax Bonds,0.0097051,billion PKR,sbp_domestic_debt,monthly
2020-04-30,5.00 % Income Tax Bonds,0.0097051,billion PKR,sbp_domestic_debt,monthly
2020-05-31,5.00 % Income Tax Bonds,0.0097051,billion PKR,sbp_domestic_debt,monthly
2020-06-30,5.00 % Income Tax Bonds,0.0097051,billion PKR,sbp_domestic_debt,monthly
2020-07-31,5.00 % Income Tax Bonds,0.0097051,billion PKR,sbp_domestic_debt,monthly
2020-08-31,5.00 % Income Tax Bonds,0.0097051,billion PKR,sbp_domestic_debt,monthly
2020-09-30,5.00 % Income Tax Bonds,0.0097051,billion PKR,sbp_domestic_debt,monthly
2020-10-31,5.00 % Income Tax Bonds,0.0097051,billion PKR,sbp_domestic_debt,monthly
2020-11-30,5.00 % Income Tax Bonds,0.0097051,billion PKR,sbp_domestic_debt,monthly
2020-12-31,5.00 % Income Tax Bonds,0.0097051,billion PKR,sbp_domestic_debt,monthly
2021-01-31,5.00 % Income Tax Bonds,0.0097051,billion PKR,sbp_domestic_debt,monthly
2021-02-28,5.00 % Income Tax Bonds,0.0097051,billion PKR,sbp_domestic_debt,monthly
2021-03-31,5.00 % Income Tax Bonds,0.0097051,billion PKR,sbp_domestic_debt,monthly
2021-04-30,5.00 % Income Tax Bonds,0.0097051,billion PKR,sbp_domestic_debt,monthly
2021-05-31,5.00 % Income Tax Bonds,0.0097051,billion PKR,sbp_domestic_debt,monthly
2021-06-30,5.00 % Income Tax Bonds,0.0097051,billion PKR,sbp_domestic_debt,monthly
2021-07-31,5.00 % Income Tax Bonds,0.0097051,billion PKR,sbp_domestic_debt,monthly
2021-08-31,5.00 % Income Tax Bonds,0.0097051,billion PKR,sbp_domestic_debt,monthly
2021-09-30,5.00 % Income Tax Bonds,0.0097051,billion PKR,sbp_domestic_debt,monthly
2021-10-31,5.00 % Income Tax Bonds,0.0097051,billion PKR,sbp_domestic_debt,monthly
2021-11-30,5.00 % Income Tax Bonds,0.0097051,billion PKR,sbp_domestic_debt,monthly
2021-12-31,5.00 % Income Tax Bonds,0.0097051,billion PKR,sbp_domestic_debt,monthly
2022-01-31,5.00 % Income Tax Bonds,0.0097051,billion PKR,sbp_domestic_debt,monthly
2022-02-28,5.00 % Income Tax Bonds,0.0097051,billion PKR,sbp_domestic_debt,monthly
2022-03-31,5.00 % Income Tax Bonds,0.0097051,billion PKR,sbp_domestic_debt,monthly
2022-04-30,5.00 % Income Tax Bonds,0.0097051,billion PKR,sbp_domestic_debt,monthly
2022-05-31,5.00 % Income Tax Bonds,0.0097051,billion PKR,sbp_domestic_debt,monthly
2022-06-30,5.00 % Income Tax Bonds,0.0097051,billion PKR,sbp_domestic_debt,monthly
2022-07-31,Bai Muajjal2,0.013,billion PKR,sbp_domestic_debt,monthly
2022-08-31,Bai Muajjal2,0.013,billion PKR,sbp_domestic_debt,monthly
2022-09-30,Bai Muajjal2,0.013,billion PKR,sbp_domestic_debt,monthly
2022-10-31,Bai Muajjal2,0.013,billion PKR,sbp_domestic_debt,monthly
2022-11-30,Bai Muajjal2,0.013,billion PKR,sbp_domestic_debt,monthly
2022-12-31,Bai Muajjal2,0.013,billion PKR,sbp_domestic_debt,monthly
2023-01-31,Bai Muajjal2,0.013,billion PKR,sbp_domestic_debt,monthly
2023-02-28,Bai Muajjal2,0.013,billion PKR,sbp_domestic_debt,monthly
2023-03-31,Bai Muajjal2,0.013,billion PKR,sbp_domestic_debt,monthly
2023-04-30,Bai Muajjal2,0.013,billion PKR,sbp_domestic_debt,monthly
2023-05-31,Bai Muajjal2,0.013,billion PKR,sbp_domestic_debt,monthly
2023-06-30,Bai Muajjal2,0.013,billion PKR,sbp_domestic_debt,monthly
2023-07-31,Bai Muajjal2,0.013,billion PKR,sbp_domestic_debt,monthly
2023-08-31,Bai Muajjal2,0.013,billion PKR,sbp_domestic_debt,monthly
2023-09-30,Bai Muajjal2,0.013,billion PKR,sbp_domestic_debt,monthly
2023-10-31,Bai Muajjal2,0.013,billion PKR,sbp_domestic_debt,monthly
2023-11-30,Bai Muajjal2,0.013,billion PKR,sbp_domestic_debt,monthly
2023-12-31,Bai Muajjal2,0.013,billion PKR,sbp_domestic_debt,monthly
2024-01-31,Bai Muajjal2,0.013,billion PKR,sbp_domestic_debt,monthly
2024-02-29,Bai Muajjal2,0.013,billion PKR,sbp_domestic_debt,monthly
2024-03-31,Bai Muajjal2,0.013,billion PKR,sbp_domestic_debt,monthly
2024-04-30,Bai Muajjal2,0.013,billion PKR,sbp_domestic_debt,monthly
2024-05-31,Bai Muajjal2,0.013,billion PKR,sbp_domestic_debt,monthly
2024-06-30,Bai Muajjal2,0.013,billion PKR,sbp_domestic_debt,monthly
2024-07-31,Bai Muajjal2,0.013,billion PKR,sbp_domestic_debt,monthly
2024-08-31,Bai Muajjal2,0.013,billion PKR,sbp_domestic_debt,monthly
2024-09-30,Bai Muajjal2,0.013,billion PKR,sbp_domestic_debt,monthly
2024-10-31,Bai Muajjal2,0.013,billion PKR,sbp_domestic_debt,monthly
2024-11-30,Bai Muajjal2,0.013,billion PKR,sbp_domestic_debt,monthly
2024-12-31,Bai Muajjal2,0.013,billion PKR,sbp_domestic_debt,monthly
2025-01-31,Bai Muajjal2,0.013,billion PKR,sbp_domestic_debt,monthly
2025-02-28,Bai Muajjal2,0.013,billion PKR,sbp_domestic_debt,monthly
2025-03-31,Bai Muajjal2,0.013,billion PKR,sbp_domestic_debt,monthly
2025-04-30,Bai Muajjal2,0.013,billion PKR,sbp_domestic_debt,monthly
2025-05-31,Bai Muajjal2,0.013,billion PKR,sbp_domestic_debt,monthly
2025-06-30,Bai Muajjal2,0.013,billion PKR,sbp_domestic_debt,monthly
2025-07-31,Bai Muajjal2,0.0129999999999999,billion PKR,sbp_domestic_debt,monthly
2025-08-31,Bai Muajjal2,0.0129999999999999,billion PKR,sbp_domestic_debt,monthly
2025-09-30,Bai Muajjal2,0.013,billion PKR,sbp_domestic_debt,monthly
2025-10-31,Bai Muajjal2,0.013,billion PKR,sbp_domestic_debt,monthly
2025-11-30,Bai Muajjal2,0.013,billion PKR,sbp_domestic_debt,monthly
2025-12-31,Bai Muajjal2,0.013,billion PKR,sbp_domestic_debt,monthly
2026-01-31,Bai Muajjal2,0.013,billion PKR,sbp_domestic_debt,monthly
2026-02-28,Bai Muajjal2,0.013,billion PKR,sbp_domestic_debt,monthly
2026-03-31,Bai Muajjal2,0.013,billion PKR,sbp_domestic_debt,monthly
2026-04-30,Bai Muajjal2,0.013,billion PKR,sbp_domestic_debt,monthly
2026-05-31,Bai Muajjal2,0.013,billion PKR,sbp_domestic_debt,monthly
2011-06-30,Bai Muajjal4,0.013,billion PKR,sbp_domestic_debt,monthly
2011-07-31,Bai Muajjal4,0.013,billion PKR,sbp_domestic_debt,monthly
2011-08-31,Bai Muajjal4,0.013,billion PKR,sbp_domestic_debt,monthly
2011-09-30,Bai Muajjal4,0.013,billion PKR,sbp_domestic_debt,monthly
2011-10-31,Bai Muajjal4,0.013,billion PKR,sbp_domestic_debt,monthly
2011-11-30,Bai Muajjal4,0.013,billion PKR,sbp_domestic_debt,monthly
2011-12-31,Bai Muajjal4,0.013,billion PKR,sbp_domestic_debt,monthly
2012-01-31,Bai Muajjal4,0.013,billion PKR,sbp_domestic_debt,monthly
2012-02-29,Bai Muajjal4,0.013,billion PKR,sbp_domestic_debt,monthly
2012-03-31,Bai Muajjal4,0.013,billion PKR,sbp_domestic_debt,monthly
2012-04-30,Bai Muajjal4,0.013,billion PKR,sbp_domestic_debt,monthly
2012-05-31,Bai Muajjal4,0.013,billion PKR,sbp_domestic_debt,monthly
2012-06-30,Bai Muajjal4,0.013,billion PKR,sbp_domestic_debt,monthly
2012-07-31,Bai Muajjal4,0.013,billion PKR,sbp_domestic_debt,monthly
2012-08-31,Bai Muajjal4,0.013,billion PKR,sbp_domestic_debt,monthly
2012-09-30,Bai Muajjal4,0.013,billion PKR,sbp_domestic_debt,monthly
2012-10-31,Bai Muajjal4,0.013,billion PKR,sbp_domestic_debt,monthly
2012-11-30,Bai Muajjal4,0.013,billion PKR,sbp_domestic_debt,monthly
2012-12-31,Bai Muajjal4,0.013,billion PKR,sbp_domestic_debt,monthly
2013-01-31,Bai Muajjal4,0.013,billion PKR,sbp_domestic_debt,monthly
2013-02-28,Bai Muajjal4,0.013,billion PKR,sbp_domestic_debt,monthly
2013-03-31,Bai Muajjal4,0.013,billion PKR,sbp_domestic_debt,monthly
2013-04-30,Bai Muajjal4,0.013,billion PKR,sbp_domestic_debt,monthly
2013-05-31,Bai Muajjal4,0.013,billion PKR,sbp_domestic_debt,monthly
2013-06-30,Bai Muajjal4,0.013,billion PKR,sbp_domestic_debt,monthly
2013-07-31,Bai Muajjal4,0.013,billion PKR,sbp_domestic_debt,monthly
2013-08-31,Bai Muajjal4,0.013,billion PKR,sbp_domestic_debt,monthly
2013-09-30,Bai Muajjal4,0.013,billion PKR,sbp_domestic_debt,monthly
2013-10-31,Bai Muajjal4,0.013,billion PKR,sbp_domestic_debt,monthly
2013-11-30,Bai Muajjal4,0.013,billion PKR,sbp_domestic_debt,monthly
2013-12-31,Bai Muajjal4,0.013,billion PKR,sbp_domestic_debt,monthly
2014-01-31,Bai Muajjal4,0.013,billion PKR,sbp_domestic_debt,monthly
2014-02-28,Bai Muajjal4,0.013,billion PKR,sbp_domestic_debt,monthly
2014-03-31,Bai Muajjal4,0.013,billion PKR,sbp_domestic_debt,monthly
2014-04-30,Bai Muajjal4,0.013,billion PKR,sbp_domestic_debt,monthly
2014-05-31,Bai Muajjal4,0.013,billion PKR,sbp_domestic_debt,monthly
2014-06-30,Bai Muajjal4,0.013,billion PKR,sbp_domestic_debt,monthly
2014-07-31,Bai Muajjal4,0.013,billion PKR,sbp_domestic_debt,monthly
2014-08-31,Bai Muajjal4,0.013,billion PKR,sbp_domestic_debt,monthly
2014-09-30,Bai Muajjal4,0.013,billion PKR,sbp_domestic_debt,monthly
2014-10-31,Bai Muajjal4,0.013,billion PKR,sbp_domestic_debt,monthly
2014-11-30,Bai Muajjal4,0.013,billion PKR,sbp_domestic_debt,monthly
2014-12-31,Bai Muajjal4,0.013,billion PKR,sbp_domestic_debt,monthly
2015-01-31,Bai Muajjal4,0.013,billion PKR,sbp_domestic_debt,monthly
2015-02-28,Bai Muajjal4,0.013,billion PKR,sbp_domestic_debt,monthly
2015-03-31,Bai Muajjal4,0.013,billion PKR,sbp_domestic_debt,monthly
2015-04-30,Bai Muajjal4,0.013,billion PKR,sbp_domestic_debt,monthly
2015-05-31,Bai Muajjal4,0.013,billion PKR,sbp_domestic_debt,monthly
2015-06-30,Bai Muajjal4,0.013,billion PKR,sbp_domestic_debt,monthly
2015-07-31,Bai Muajjal4,0.013,billion PKR,sbp_domestic_debt,monthly
2015-08-31,Bai Muajjal4,0.013,billion PKR,sbp_domestic_debt,monthly
2015-09-30,Bai Muajjal4,0.013,billion PKR,sbp_domestic_debt,monthly
2015-10-31,Bai Muajjal4,0.013,billion PKR,sbp_domestic_debt,monthly
2015-11-30,Bai Muajjal4,212.634453,billion PKR,sbp_domestic_debt,monthly
2015-12-31,Bai Muajjal4,212.634453,billion PKR,sbp_domestic_debt,monthly
2016-01-31,Bai Muajjal4,212.634453,billion PKR,sbp_domestic_debt,monthly
2016-02-29,Bai Muajjal4,212.6344525,billion PKR,sbp_domestic_debt,monthly
2016-03-31,Bai Muajjal4,212.6344525,billion PKR,sbp_domestic_debt,monthly
2016-04-30,Bai Muajjal4,212.6344525,billion PKR,sbp_domestic_debt,monthly
2016-05-31,Bai Muajjal4,212.6344525,billion PKR,sbp_domestic_debt,monthly
2016-06-30,Bai Muajjal4,212.6344525,billion PKR,sbp_domestic_debt,monthly
2016-07-31,Bai Muajjal4,212.6344525,billion PKR,sbp_domestic_debt,monthly
2016-08-31,Bai Muajjal4,212.6344525,billion PKR,sbp_domestic_debt,monthly
2016-09-30,Bai Muajjal4,212.6344525,billion PKR,sbp_domestic_debt,monthly
2016-10-31,Bai Muajjal4,212.6344525,billion PKR,sbp_domestic_debt,monthly
2016-11-30,Bai Muajjal4,0.01300000000000523,billion PKR,sbp_domestic_debt,monthly
2016-12-31,Bai Muajjal4,0.01300000000000523,billion PKR,sbp_domestic_debt,monthly
2017-01-31,Bai Muajjal4,0.01300000000000523,billion PKR,sbp_domestic_debt,monthly
2017-02-28,Bai Muajjal4,0.01300000000000523,billion PKR,sbp_domestic_debt,monthly
2017-03-31,Bai Muajjal4,0.01300000000000523,billion PKR,sbp_domestic_debt,monthly
2017-04-30,Bai Muajjal4,0.01300000000000523,billion PKR,sbp_domestic_debt,monthly
2017-05-31,Bai Muajjal4,0.01300000000000523,billion PKR,sbp_domestic_debt,monthly
2017-06-30,Bai Muajjal4,0.01300000000000523,billion PKR,sbp_domestic_debt,monthly
2017-07-31,Bai Muajjal4,0.013,billion PKR,sbp_domestic_debt,monthly
2017-08-31,Bai Muajjal4,0.013,billion PKR,sbp_domestic_debt,monthly
2017-09-30,Bai Muajjal4,0.013,billion PKR,sbp_domestic_debt,monthly
2017-10-31,Bai Muajjal4,0.013,billion PKR,sbp_domestic_debt,monthly
2017-11-30,Bai Muajjal4,0.013,billion PKR,sbp_domestic_debt,monthly
2017-12-31,Bai Muajjal4,0.013,billion PKR,sbp_domestic_debt,monthly
2018-01-31,Bai Muajjal4,0.013,billion PKR,sbp_domestic_debt,monthly
2018-02-28,Bai Muajjal4,0.013,billion PKR,sbp_domestic_debt,monthly
2018-03-31,Bai Muajjal4,0.013,billion PKR,sbp_domestic_debt,monthly
2018-04-30,Bai Muajjal4,0.013,billion PKR,sbp_domestic_debt,monthly
2018-05-31,Bai Muajjal4,0.013,billion PKR,sbp_domestic_debt,monthly
2018-06-30,Bai Muajjal4,0.013,billion PKR,sbp_domestic_debt,monthly
2018-07-31,Bai Muajjal4,0.013,billion PKR,sbp_domestic_debt,monthly
2018-08-31,Bai Muajjal4,0.013,billion PKR,sbp_domestic_debt,monthly
2018-09-30,Bai Muajjal4,0.013,billion PKR,sbp_domestic_debt,monthly
2018-10-31,Bai Muajjal4,0.013,billion PKR,sbp_domestic_debt,monthly
2018-11-30,Bai Muajjal4,0.013,billion PKR,sbp_domestic_debt,monthly
2018-12-31,Bai Muajjal4,0.013,billion PKR,sbp_domestic_debt,monthly
2019-01-31,Bai Muajjal4,0.013,billion PKR,sbp_domestic_debt,monthly
2019-02-28,Bai Muajjal4,0.013,billion PKR,sbp_domestic_debt,monthly
2019-03-31,Bai Muajjal4,0.013,billion PKR,sbp_domestic_debt,monthly
2019-04-30,Bai Muajjal4,0.013,billion PKR,sbp_domestic_debt,monthly
2019-05-31,Bai Muajjal4,0.013,billion PKR,sbp_domestic_debt,monthly
2019-06-30,Bai Muajjal4,0.013,billion PKR,sbp_domestic_debt,monthly
2019-07-31,Bai Muajjal4,0.013,billion PKR,sbp_domestic_debt,monthly
2019-08-31,Bai Muajjal4,0.013,billion PKR,sbp_domestic_debt,monthly
2019-09-30,Bai Muajjal4,0.013,billion PKR,sbp_domestic_debt,monthly
2019-10-31,Bai Muajjal4,0.013,billion PKR,sbp_domestic_debt,monthly
2019-11-30,Bai Muajjal4,0.013,billion PKR,sbp_domestic_debt,monthly
2019-12-31,Bai Muajjal4,0.013,billion PKR,sbp_domestic_debt,monthly
2020-01-31,Bai Muajjal4,0.013,billion PKR,sbp_domestic_debt,monthly
2020-02-29,Bai Muajjal4,0.013,billion PKR,sbp_domestic_debt,monthly
2020-03-31,Bai Muajjal4,0.013,billion PKR,sbp_domestic_debt,monthly
2020-04-30,Bai Muajjal4,0.013,billion PKR,sbp_domestic_debt,monthly
2020-05-31,Bai Muajjal4,0.013,billion PKR,sbp_domestic_debt,monthly
2020-06-30,Bai Muajjal4,0.013,billion PKR,sbp_domestic_debt,monthly
2020-07-31,Bai Muajjal4,0.013,billion PKR,sbp_domestic_debt,monthly
2020-08-31,Bai Muajjal4,0.013,billion PKR,sbp_domestic_debt,monthly
2020-09-30,Bai Muajjal4,0.013,billion PKR,sbp_domestic_debt,monthly
2020-10-31,Bai Muajjal4,0.013,billion PKR,sbp_domestic_debt,monthly
2020-11-30,Bai Muajjal4,0.013,billion PKR,sbp_domestic_debt,monthly
2020-12-31,Bai Muajjal4,0.013,billion PKR,sbp_domestic_debt,monthly
2021-01-31,Bai Muajjal4,0.013,billion PKR,sbp_domestic_debt,monthly
2021-02-28,Bai Muajjal4,0.013,billion PKR,sbp_domestic_debt,monthly
2021-03-31,Bai Muajjal4,0.013,billion PKR,sbp_domestic_debt,monthly
2021-04-30,Bai Muajjal4,0.013,billion PKR,sbp_domestic_debt,monthly
2021-05-31,Bai Muajjal4,0.013,billion PKR,sbp_domestic_debt,monthly
2021-06-30,Bai Muajjal4,0.013,billion PKR,sbp_domestic_debt,monthly
2021-07-31,Bai Muajjal4,0.013,billion PKR,sbp_domestic_debt,monthly
2021-08-31,Bai Muajjal4,0.013,billion PKR,sbp_domestic_debt,monthly
2021-09-30,Bai Muajjal4,0.013,billion PKR,sbp_domestic_debt,monthly
2021-10-31,Bai Muajjal4,0.013,billion PKR,sbp_domestic_debt,monthly
2021-11-30,Bai Muajjal4,0.013,billion PKR,sbp_domestic_debt,monthly
2021-12-31,Bai Muajjal4,0.013,billion PKR,sbp_domestic_debt,monthly
2022-01-31,Bai Muajjal4,0.013,billion PKR,sbp_domestic_debt,monthly
2022-02-28,Bai Muajjal4,0.013,billion PKR,sbp_domestic_debt,monthly
2022-03-31,Bai Muajjal4,0.013,billion PKR,sbp_domestic_debt,monthly
2022-04-30,Bai Muajjal4,0.013,billion PKR,sbp_domestic_debt,monthly
2022-05-31,Bai Muajjal4,0.013,billion PKR,sbp_domestic_debt,monthly
2022-06-30,Bai Muajjal4,0.013,billion PKR,sbp_domestic_debt,monthly
2011-06-30,Bai-Muajjal of Sukuk,0.0,billion PKR,sbp_domestic_debt,monthly
2011-07-31,Bai-Muajjal of Sukuk,0.0,billion PKR,sbp_domestic_debt,monthly
2011-08-31,Bai-Muajjal of Sukuk,0.0,billion PKR,sbp_domestic_debt,monthly
2011-09-30,Bai-Muajjal of Sukuk,0.0,billion PKR,sbp_domestic_debt,monthly
2011-10-31,Bai-Muajjal of Sukuk,0.0,billion PKR,sbp_domestic_debt,monthly
2011-11-30,Bai-Muajjal of Sukuk,0.0,billion PKR,sbp_domestic_debt,monthly
2011-12-31,Bai-Muajjal of Sukuk,0.0,billion PKR,sbp_domestic_debt,monthly
2012-01-31,Bai-Muajjal of Sukuk,0.0,billion PKR,sbp_domestic_debt,monthly
2012-02-29,Bai-Muajjal of Sukuk,0.0,billion PKR,sbp_domestic_debt,monthly
2012-03-31,Bai-Muajjal of Sukuk,0.0,billion PKR,sbp_domestic_debt,monthly
2012-04-30,Bai-Muajjal of Sukuk,0.0,billion PKR,sbp_domestic_debt,monthly
2012-05-31,Bai-Muajjal of Sukuk,0.0,billion PKR,sbp_domestic_debt,monthly
2012-06-30,Bai-Muajjal of Sukuk,0.0,billion PKR,sbp_domestic_debt,monthly
2012-07-31,Bai-Muajjal of Sukuk,0.0,billion PKR,sbp_domestic_debt,monthly
2012-08-31,Bai-Muajjal of Sukuk,0.0,billion PKR,sbp_domestic_debt,monthly
2012-09-30,Bai-Muajjal of Sukuk,0.0,billion PKR,sbp_domestic_debt,monthly
2012-10-31,Bai-Muajjal of Sukuk,0.0,billion PKR,sbp_domestic_debt,monthly
2012-11-30,Bai-Muajjal of Sukuk,0.0,billion PKR,sbp_domestic_debt,monthly
2012-12-31,Bai-Muajjal of Sukuk,0.0,billion PKR,sbp_domestic_debt,monthly
2013-01-31,Bai-Muajjal of Sukuk,0.0,billion PKR,sbp_domestic_debt,monthly
2013-02-28,Bai-Muajjal of Sukuk,0.0,billion PKR,sbp_domestic_debt,monthly
2013-03-31,Bai-Muajjal of Sukuk,0.0,billion PKR,sbp_domestic_debt,monthly
2013-04-30,Bai-Muajjal of Sukuk,0.0,billion PKR,sbp_domestic_debt,monthly
2013-05-31,Bai-Muajjal of Sukuk,0.0,billion PKR,sbp_domestic_debt,monthly
2013-06-30,Bai-Muajjal of Sukuk,0.0,billion PKR,sbp_domestic_debt,monthly
2013-07-31,Bai-Muajjal of Sukuk,0.0,billion PKR,sbp_domestic_debt,monthly
2013-08-31,Bai-Muajjal of Sukuk,0.0,billion PKR,sbp_domestic_debt,monthly
2013-09-30,Bai-Muajjal of Sukuk,0.0,billion PKR,sbp_domestic_debt,monthly
2013-10-31,Bai-Muajjal of Sukuk,0.0,billion PKR,sbp_domestic_debt,monthly
2013-11-30,Bai-Muajjal of Sukuk,0.0,billion PKR,sbp_domestic_debt,monthly
2013-12-31,Bai-Muajjal of Sukuk,0.0,billion PKR,sbp_domestic_debt,monthly
2014-01-31,Bai-Muajjal of Sukuk,0.0,billion PKR,sbp_domestic_debt,monthly
2014-02-28,Bai-Muajjal of Sukuk,0.0,billion PKR,sbp_domestic_debt,monthly
2014-03-31,Bai-Muajjal of Sukuk,0.0,billion PKR,sbp_domestic_debt,monthly
2014-04-30,Bai-Muajjal of Sukuk,0.0,billion PKR,sbp_domestic_debt,monthly
2014-05-31,Bai-Muajjal of Sukuk,0.0,billion PKR,sbp_domestic_debt,monthly
2014-06-30,Bai-Muajjal of Sukuk,0.0,billion PKR,sbp_domestic_debt,monthly
2014-07-31,Bai-Muajjal of Sukuk,0.0,billion PKR,sbp_domestic_debt,monthly
2014-08-31,Bai-Muajjal of Sukuk,0.0,billion PKR,sbp_domestic_debt,monthly
2014-09-30,Bai-Muajjal of Sukuk,0.0,billion PKR,sbp_domestic_debt,monthly
2014-10-31,Bai-Muajjal of Sukuk,0.0,billion PKR,sbp_domestic_debt,monthly
2014-11-30,Bai-Muajjal of Sukuk,0.0,billion PKR,sbp_domestic_debt,monthly
2014-12-31,Bai-Muajjal of Sukuk,0.0,billion PKR,sbp_domestic_debt,monthly
2015-01-31,Bai-Muajjal of Sukuk,0.0,billion PKR,sbp_domestic_debt,monthly
2015-02-28,Bai-Muajjal of Sukuk,0.0,billion PKR,sbp_domestic_debt,monthly
2015-03-31,Bai-Muajjal of Sukuk,0.0,billion PKR,sbp_domestic_debt,monthly
2015-04-30,Bai-Muajjal of Sukuk,0.0,billion PKR,sbp_domestic_debt,monthly
2015-05-31,Bai-Muajjal of Sukuk,0.0,billion PKR,sbp_domestic_debt,monthly
2015-06-30,Bai-Muajjal of Sukuk,0.0,billion PKR,sbp_domestic_debt,monthly
2015-07-31,Bai-Muajjal of Sukuk,0.0,billion PKR,sbp_domestic_debt,monthly
2015-08-31,Bai-Muajjal of Sukuk,0.0,billion PKR,sbp_domestic_debt,monthly
2015-09-30,Bai-Muajjal of Sukuk,0.0,billion PKR,sbp_domestic_debt,monthly
2015-10-31,Bai-Muajjal of Sukuk,0.0,billion PKR,sbp_domestic_debt,monthly
2015-11-30,Bai-Muajjal of Sukuk,0.0,billion PKR,sbp_domestic_debt,monthly
2015-12-31,Bai-Muajjal of Sukuk,0.0,billion PKR,sbp_domestic_debt,monthly
2016-01-31,Bai-Muajjal of Sukuk,0.0,billion PKR,sbp_domestic_debt,monthly
2016-02-29,Bai-Muajjal of Sukuk,0.0,billion PKR,sbp_domestic_debt,monthly
2016-03-31,Bai-Muajjal of Sukuk,0.0,billion PKR,sbp_domestic_debt,monthly
2016-04-30,Bai-Muajjal of Sukuk,0.0,billion PKR,sbp_domestic_debt,monthly
2016-05-31,Bai-Muajjal of Sukuk,0.0,billion PKR,sbp_domestic_debt,monthly
2016-06-30,Bai-Muajjal of Sukuk,0.0,billion PKR,sbp_domestic_debt,monthly
2016-07-31,Bai-Muajjal of Sukuk,0.0,billion PKR,sbp_domestic_debt,monthly
2016-08-31,Bai-Muajjal of Sukuk,0.0,billion PKR,sbp_domestic_debt,monthly
2016-09-30,Bai-Muajjal of Sukuk,0.0,billion PKR,sbp_domestic_debt,monthly
2016-10-31,Bai-Muajjal of Sukuk,0.0,billion PKR,sbp_domestic_debt,monthly
2016-11-30,Bai-Muajjal of Sukuk,0.0,billion PKR,sbp_domestic_debt,monthly
2016-12-31,Bai-Muajjal of Sukuk,0.0,billion PKR,sbp_domestic_debt,monthly
2017-01-31,Bai-Muajjal of Sukuk,0.0,billion PKR,sbp_domestic_debt,monthly
2017-02-28,Bai-Muajjal of Sukuk,0.0,billion PKR,sbp_domestic_debt,monthly
2017-03-31,Bai-Muajjal of Sukuk,0.0,billion PKR,sbp_domestic_debt,monthly
2017-04-30,Bai-Muajjal of Sukuk,0.0,billion PKR,sbp_domestic_debt,monthly
2017-05-31,Bai-Muajjal of Sukuk,0.0,billion PKR,sbp_domestic_debt,monthly
2017-06-30,Bai-Muajjal of Sukuk,0.0,billion PKR,sbp_domestic_debt,monthly
2017-07-31,Bai-Muajjal of Sukuk,0.0,billion PKR,sbp_domestic_debt,monthly
2017-08-31,Bai-Muajjal of Sukuk,0.0,billion PKR,sbp_domestic_debt,monthly
2017-09-30,Bai-Muajjal of Sukuk,0.0,billion PKR,sbp_domestic_debt,monthly
2017-10-31,Bai-Muajjal of Sukuk,0.0,billion PKR,sbp_domestic_debt,monthly
2017-11-30,Bai-Muajjal of Sukuk,0.0,billion PKR,sbp_domestic_debt,monthly
2017-12-31,Bai-Muajjal of Sukuk,0.0,billion PKR,sbp_domestic_debt,monthly
2018-01-31,Bai-Muajjal of Sukuk,0.0,billion PKR,sbp_domestic_debt,monthly
2018-02-28,Bai-Muajjal of Sukuk,0.0,billion PKR,sbp_domestic_debt,monthly
2018-03-31,Bai-Muajjal of Sukuk,0.0,billion PKR,sbp_domestic_debt,monthly
2018-04-30,Bai-Muajjal of Sukuk,0.0,billion PKR,sbp_domestic_debt,monthly
2018-05-31,Bai-Muajjal of Sukuk,0.0,billion PKR,sbp_domestic_debt,monthly
2018-06-30,Bai-Muajjal of Sukuk,0.0,billion PKR,sbp_domestic_debt,monthly
2018-07-31,Bai-Muajjal of Sukuk,0.0,billion PKR,sbp_domestic_debt,monthly
2018-08-31,Bai-Muajjal of Sukuk,0.0,billion PKR,sbp_domestic_debt,monthly
2018-09-30,Bai-Muajjal of Sukuk,0.0,billion PKR,sbp_domestic_debt,monthly
2018-10-31,Bai-Muajjal of Sukuk,0.0,billion PKR,sbp_domestic_debt,monthly
2018-11-30,Bai-Muajjal of Sukuk,0.0,billion PKR,sbp_domestic_debt,monthly
2018-12-31,Bai-Muajjal of Sukuk,72.55,billion PKR,sbp_domestic_debt,monthly
2019-01-31,Bai-Muajjal of Sukuk,72.55,billion PKR,sbp_domestic_debt,monthly
2019-02-28,Bai-Muajjal of Sukuk,151.5,billion PKR,sbp_domestic_debt,monthly
2019-03-31,Bai-Muajjal of Sukuk,177.825,billion PKR,sbp_domestic_debt,monthly
2019-04-30,Bai-Muajjal of Sukuk,177.825,billion PKR,sbp_domestic_debt,monthly
2019-05-31,Bai-Muajjal of Sukuk,177.825,billion PKR,sbp_domestic_debt,monthly
2019-06-30,Bai-Muajjal of Sukuk,177.825,billion PKR,sbp_domestic_debt,monthly
2019-07-31,Bai-Muajjal of Sukuk,177.825,billion PKR,sbp_domestic_debt,monthly
2019-08-31,Bai-Muajjal of Sukuk,177.825,billion PKR,sbp_domestic_debt,monthly
2019-09-30,Bai-Muajjal of Sukuk,177.825,billion PKR,sbp_domestic_debt,monthly
2019-10-31,Bai-Muajjal of Sukuk,177.825,billion PKR,sbp_domestic_debt,monthly
2019-11-30,Bai-Muajjal of Sukuk,177.825,billion PKR,sbp_domestic_debt,monthly
2019-12-31,Bai-Muajjal of Sukuk,177.825,billion PKR,sbp_domestic_debt,monthly
2020-01-31,Bai-Muajjal of Sukuk,177.825,billion PKR,sbp_domestic_debt,monthly
2020-02-29,Bai-Muajjal of Sukuk,177.825,billion PKR,sbp_domestic_debt,monthly
2020-03-31,Bai-Muajjal of Sukuk,177.825,billion PKR,sbp_domestic_debt,monthly
2020-04-30,Bai-Muajjal of Sukuk,177.825,billion PKR,sbp_domestic_debt,monthly
2020-05-31,Bai-Muajjal of Sukuk,177.825,billion PKR,sbp_domestic_debt,monthly
2020-06-30,Bai-Muajjal of Sukuk,201.025,billion PKR,sbp_domestic_debt,monthly
2020-07-31,Bai-Muajjal of Sukuk,201.025,billion PKR,sbp_domestic_debt,monthly
2020-08-31,Bai-Muajjal of Sukuk,201.025,billion PKR,sbp_domestic_debt,monthly
2020-09-30,Bai-Muajjal of Sukuk,201.025,billion PKR,sbp_domestic_debt,monthly
2020-10-31,Bai-Muajjal of Sukuk,201.025,billion PKR,sbp_domestic_debt,monthly
2020-11-30,Bai-Muajjal of Sukuk,201.025,billion PKR,sbp_domestic_debt,monthly
2020-12-31,Bai-Muajjal of Sukuk,201.025,billion PKR,sbp_domestic_debt,monthly
2021-01-31,Bai-Muajjal of Sukuk,201.025,billion PKR,sbp_domestic_debt,monthly
2021-02-28,Bai-Muajjal of Sukuk,201.025,billion PKR,sbp_domestic_debt,monthly
2021-03-31,Bai-Muajjal of Sukuk,201.025,billion PKR,sbp_domestic_debt,monthly
2021-04-30,Bai-Muajjal of Sukuk,201.025,billion PKR,sbp_domestic_debt,monthly
2021-05-31,Bai-Muajjal of Sukuk,201.025,billion PKR,sbp_domestic_debt,monthly
2021-06-30,Bai-Muajjal of Sukuk,201.025,billion PKR,sbp_domestic_debt,monthly
2021-07-31,Bai-Muajjal of Sukuk,201.025,billion PKR,sbp_domestic_debt,monthly
2021-08-31,Bai-Muajjal of Sukuk,201.025,billion PKR,sbp_domestic_debt,monthly
2021-09-30,Bai-Muajjal of Sukuk,201.025,billion PKR,sbp_domestic_debt,monthly
2021-10-31,Bai-Muajjal of Sukuk,201.025,billion PKR,sbp_domestic_debt,monthly
2021-11-30,Bai-Muajjal of Sukuk,201.025,billion PKR,sbp_domestic_debt,monthly
2021-12-31,Bai-Muajjal of Sukuk,128.475,billion PKR,sbp_domestic_debt,monthly
2022-01-31,Bai-Muajjal of Sukuk,128.475,billion PKR,sbp_domestic_debt,monthly
2022-02-28,Bai-Muajjal of Sukuk,49.525,billion PKR,sbp_domestic_debt,monthly
2022-03-31,Bai-Muajjal of Sukuk,23.2,billion PKR,sbp_domestic_debt,monthly
2022-04-30,Bai-Muajjal of Sukuk,23.2,billion PKR,sbp_domestic_debt,monthly
2022-05-31,Bai-Muajjal of Sukuk,23.2,billion PKR,sbp_domestic_debt,monthly
2022-06-30,Bai-Muajjal of Sukuk,23.2,billion PKR,sbp_domestic_debt,monthly
2022-07-31,Bai-Muajjal of Sukuk,23.2,billion PKR,sbp_domestic_debt,monthly
2022-08-31,Bai-Muajjal of Sukuk,23.2,billion PKR,sbp_domestic_debt,monthly
2022-09-30,Bai-Muajjal of Sukuk,23.2,billion PKR,sbp_domestic_debt,monthly
2022-10-31,Bai-Muajjal of Sukuk,23.2,billion PKR,sbp_domestic_debt,monthly
2022-11-30,Bai-Muajjal of Sukuk,23.2,billion PKR,sbp_domestic_debt,monthly
2022-12-31,Bai-Muajjal of Sukuk,23.2,billion PKR,sbp_domestic_debt,monthly
2023-01-31,Bai-Muajjal of Sukuk,23.2,billion PKR,sbp_domestic_debt,monthly
2023-02-28,Bai-Muajjal of Sukuk,23.2,billion PKR,sbp_domestic_debt,monthly
2023-03-31,Bai-Muajjal of Sukuk,23.2,billion PKR,sbp_domestic_debt,monthly
2023-04-30,Bai-Muajjal of Sukuk,23.2,billion PKR,sbp_domestic_debt,monthly
2023-05-31,Bai-Muajjal of Sukuk,23.2,billion PKR,sbp_domestic_debt,monthly
2023-06-30,Bai-Muajjal of Sukuk,0.0,billion PKR,sbp_domestic_debt,monthly
2023-07-31,Bai-Muajjal of Sukuk,0.0,billion PKR,sbp_domestic_debt,monthly
2023-08-31,Bai-Muajjal of Sukuk,0.0,billion PKR,sbp_domestic_debt,monthly
2023-09-30,Bai-Muajjal of Sukuk,0.0,billion PKR,sbp_domestic_debt,monthly
2023-10-31,Bai-Muajjal of Sukuk,0.0,billion PKR,sbp_domestic_debt,monthly
2023-11-30,Bai-Muajjal of Sukuk,0.0,billion PKR,sbp_domestic_debt,monthly
2023-12-31,Bai-Muajjal of Sukuk,0.0,billion PKR,sbp_domestic_debt,monthly
2024-01-31,Bai-Muajjal of Sukuk,0.0,billion PKR,sbp_domestic_debt,monthly
2024-02-29,Bai-Muajjal of Sukuk,0.0,billion PKR,sbp_domestic_debt,monthly
2024-03-31,Bai-Muajjal of Sukuk,0.0,billion PKR,sbp_domestic_debt,monthly
2024-04-30,Bai-Muajjal of Sukuk,0.0,billion PKR,sbp_domestic_debt,monthly
2024-05-31,Bai-Muajjal of Sukuk,0.0,billion PKR,sbp_domestic_debt,monthly
2024-06-30,Bai-Muajjal of Sukuk,0.0,billion PKR,sbp_domestic_debt,monthly
2024-07-31,Bai-Muajjal of Sukuk,19.0,billion PKR,sbp_domestic_debt,monthly
2024-08-31,Bai-Muajjal of Sukuk,65.0,billion PKR,sbp_domestic_debt,monthly
2024-09-30,Bai-Muajjal of Sukuk,65.0,billion PKR,sbp_domestic_debt,monthly
2024-10-31,Bai-Muajjal of Sukuk,65.0,billion PKR,sbp_domestic_debt,monthly
2024-11-30,Bai-Muajjal of Sukuk,65.0,billion PKR,sbp_domestic_debt,monthly
2024-12-31,Bai-Muajjal of Sukuk,65.0,billion PKR,sbp_domestic_debt,monthly
2025-01-31,Bai-Muajjal of Sukuk,65.0,billion PKR,sbp_domestic_debt,monthly
2025-02-28,Bai-Muajjal of Sukuk,65.0,billion PKR,sbp_domestic_debt,monthly
2025-03-31,Bai-Muajjal of Sukuk,65.0,billion PKR,sbp_domestic_debt,monthly
2025-04-30,Bai-Muajjal of Sukuk,80.5,billion PKR,sbp_domestic_debt,monthly
2025-05-31,Bai-Muajjal of Sukuk,134.2,billion PKR,sbp_domestic_debt,monthly
2025-06-30,Bai-Muajjal of Sukuk,163.15,billion PKR,sbp_domestic_debt,monthly
2025-07-31,Bai-Muajjal of Sukuk,247.9,billion PKR,sbp_domestic_debt,monthly
2025-08-31,Bai-Muajjal of Sukuk,247.9,billion PKR,sbp_domestic_debt,monthly
2025-09-30,Bai-Muajjal of Sukuk,247.9,billion PKR,sbp_domestic_debt,monthly
2025-10-31,Bai-Muajjal of Sukuk,295.125,billion PKR,sbp_domestic_debt,monthly
2025-11-30,Bai-Muajjal of Sukuk,357.625,billion PKR,sbp_domestic_debt,monthly
2025-12-31,Bai-Muajjal of Sukuk,631.7847,billion PKR,sbp_domestic_debt,monthly
2026-01-31,Bai-Muajjal of Sukuk,631.7847,billion PKR,sbp_domestic_debt,monthly
2026-02-28,Bai-Muajjal of Sukuk,631.7847,billion PKR,sbp_domestic_debt,monthly
2026-03-31,Bai-Muajjal of Sukuk,631.7847,billion PKR,sbp_domestic_debt,monthly
2026-04-30,Bai-Muajjal of Sukuk,629.2847,billion PKR,sbp_domestic_debt,monthly
2026-05-31,Bai-Muajjal of Sukuk,629.2847,billion PKR,sbp_domestic_debt,monthly
2010-06-30,Bearer National Fund Bonds2,0.0071835,billion PKR,sbp_domestic_debt,monthly
2010-07-31,Bearer National Fund Bonds2,0.0071835,billion PKR,sbp_domestic_debt,monthly
2010-08-31,Bearer National Fund Bonds2,0.0071835,billion PKR,sbp_domestic_debt,monthly
2010-09-30,Bearer National Fund Bonds2,0.0071835,billion PKR,sbp_domestic_debt,monthly
2010-10-31,Bearer National Fund Bonds2,0.0071835,billion PKR,sbp_domestic_debt,monthly
2010-11-30,Bearer National Fund Bonds2,0.0071835,billion PKR,sbp_domestic_debt,monthly
2010-12-31,Bearer National Fund Bonds2,0.0071835,billion PKR,sbp_domestic_debt,monthly
2011-01-31,Bearer National Fund Bonds2,0.0071835,billion PKR,sbp_domestic_debt,monthly
2011-02-28,Bearer National Fund Bonds2,0.0071835,billion PKR,sbp_domestic_debt,monthly
2011-03-31,Bearer National Fund Bonds2,0.0071835,billion PKR,sbp_domestic_debt,monthly
2011-04-30,Bearer National Fund Bonds2,0.0071835,billion PKR,sbp_domestic_debt,monthly
2011-05-31,Bearer National Fund Bonds2,0.0071835,billion PKR,sbp_domestic_debt,monthly
2011-06-30,Bearer National Fund Bonds2,0.0071835,billion PKR,sbp_domestic_debt,monthly
2011-07-31,Bearer National Fund Bonds2,0.0071835,billion PKR,sbp_domestic_debt,monthly
2011-08-31,Bearer National Fund Bonds2,0.0071835,billion PKR,sbp_domestic_debt,monthly
2011-09-30,Bearer National Fund Bonds2,0.0071835,billion PKR,sbp_domestic_debt,monthly
2011-10-31,Bearer National Fund Bonds2,0.0071835,billion PKR,sbp_domestic_debt,monthly
2011-11-30,Bearer National Fund Bonds2,0.0071835,billion PKR,sbp_domestic_debt,monthly
2011-12-31,Bearer National Fund Bonds2,0.0071835,billion PKR,sbp_domestic_debt,monthly
2012-01-31,Bearer National Fund Bonds2,0.0071835,billion PKR,sbp_domestic_debt,monthly
2012-02-29,Bearer National Fund Bonds2,0.0071835,billion PKR,sbp_domestic_debt,monthly
2012-03-31,Bearer National Fund Bonds2,0.0071835,billion PKR,sbp_domestic_debt,monthly
2012-04-30,Bearer National Fund Bonds2,0.0071835,billion PKR,sbp_domestic_debt,monthly
2012-05-31,Bearer National Fund Bonds2,0.0071835,billion PKR,sbp_domestic_debt,monthly
2012-06-30,Bearer National Fund Bonds2,0.0071835,billion PKR,sbp_domestic_debt,monthly
2012-07-31,Bearer National Fund Bonds2,0.008762500000000001,billion PKR,sbp_domestic_debt,monthly
2012-08-31,Bearer National Fund Bonds2,0.008762500000000001,billion PKR,sbp_domestic_debt,monthly
2012-09-30,Bearer National Fund Bonds2,0.008762500000000001,billion PKR,sbp_domestic_debt,monthly
2012-10-31,Bearer National Fund Bonds2,0.008762500000000001,billion PKR,sbp_domestic_debt,monthly
2012-11-30,Bearer National Fund Bonds2,0.008762500000000001,billion PKR,sbp_domestic_debt,monthly
2012-12-31,Bearer National Fund Bonds2,0.008762500000000001,billion PKR,sbp_domestic_debt,monthly
2013-01-31,Bearer National Fund Bonds2,0.008762500000000001,billion PKR,sbp_domestic_debt,monthly
2013-02-28,Bearer National Fund Bonds2,0.008762500000000001,billion PKR,sbp_domestic_debt,monthly
2013-03-31,Bearer National Fund Bonds2,0.008762500000000001,billion PKR,sbp_domestic_debt,monthly
2013-04-30,Bearer National Fund Bonds2,0.008762500000000001,billion PKR,sbp_domestic_debt,monthly
2013-05-31,Bearer National Fund Bonds2,0.008762500000000001,billion PKR,sbp_domestic_debt,monthly
2013-06-30,Bearer National Fund Bonds2,0.008762500000000001,billion PKR,sbp_domestic_debt,monthly
2013-07-31,Bearer National Fund Bonds2,0.008762500000000001,billion PKR,sbp_domestic_debt,monthly
2013-08-31,Bearer National Fund Bonds2,0.008762500000000001,billion PKR,sbp_domestic_debt,monthly
2013-09-30,Bearer National Fund Bonds2,0.008762500000000001,billion PKR,sbp_domestic_debt,monthly
2013-10-31,Bearer National Fund Bonds2,0.008762500000000001,billion PKR,sbp_domestic_debt,monthly
2013-11-30,Bearer National Fund Bonds2,0.008762500000000001,billion PKR,sbp_domestic_debt,monthly
2013-12-31,Bearer National Fund Bonds2,0.008762500000000001,billion PKR,sbp_domestic_debt,monthly
2014-01-31,Bearer National Fund Bonds2,0.008762500000000001,billion PKR,sbp_domestic_debt,monthly
2014-02-28,Bearer National Fund Bonds2,0.008762500000000001,billion PKR,sbp_domestic_debt,monthly
2014-03-31,Bearer National Fund Bonds2,0.008762500000000001,billion PKR,sbp_domestic_debt,monthly
2014-04-30,Bearer National Fund Bonds2,0.008762500000000001,billion PKR,sbp_domestic_debt,monthly
2014-05-31,Bearer National Fund Bonds2,0.008762500000000001,billion PKR,sbp_domestic_debt,monthly
2014-06-30,Bearer National Fund Bonds2,0.008762500000000001,billion PKR,sbp_domestic_debt,monthly
2014-07-31,Bearer National Fund Bonds2,0.008762500000000001,billion PKR,sbp_domestic_debt,monthly
2014-08-31,Bearer National Fund Bonds2,0.008762500000000001,billion PKR,sbp_domestic_debt,monthly
2014-09-30,Bearer National Fund Bonds2,0.008762500000000001,billion PKR,sbp_domestic_debt,monthly
2014-10-31,Bearer National Fund Bonds2,0.008762500000000001,billion PKR,sbp_domestic_debt,monthly
2014-11-30,Bearer National Fund Bonds2,0.008762500000000001,billion PKR,sbp_domestic_debt,monthly
2014-12-31,Bearer National Fund Bonds2,0.008762500000000001,billion PKR,sbp_domestic_debt,monthly
2015-01-31,Bearer National Fund Bonds2,0.008762500000000001,billion PKR,sbp_domestic_debt,monthly
2015-02-28,Bearer National Fund Bonds2,0.008762500000000001,billion PKR,sbp_domestic_debt,monthly
2015-03-31,Bearer National Fund Bonds2,0.008762500000000001,billion PKR,sbp_domestic_debt,monthly
2015-04-30,Bearer National Fund Bonds2,0.008762500000000001,billion PKR,sbp_domestic_debt,monthly
2015-05-31,Bearer National Fund Bonds2,0.008762500000000001,billion PKR,sbp_domestic_debt,monthly
2015-06-30,Bearer National Fund Bonds2,0.008762500000000001,billion PKR,sbp_domestic_debt,monthly
2015-07-31,Bearer National Fund Bonds2,0.008762500000000001,billion PKR,sbp_domestic_debt,monthly
2015-08-31,Bearer National Fund Bonds2,0.008762500000000001,billion PKR,sbp_domestic_debt,monthly
2015-09-30,Bearer National Fund Bonds2,0.008762500000000001,billion PKR,sbp_domestic_debt,monthly
2015-10-31,Bearer National Fund Bonds2,0.008762500000000001,billion PKR,sbp_domestic_debt,monthly
2015-11-30,Bearer National Fund Bonds2,0.008762500000000001,billion PKR,sbp_domestic_debt,monthly
2015-12-31,Bearer National Fund Bonds2,0.008762500000000001,billion PKR,sbp_domestic_debt,monthly
2016-01-31,Bearer National Fund Bonds2,0.008762500000000001,billion PKR,sbp_domestic_debt,monthly
2016-02-29,Bearer National Fund Bonds2,0.008762500000000001,billion PKR,sbp_domestic_debt,monthly
2016-03-31,Bearer National Fund Bonds2,0.008762500000000001,billion PKR,sbp_domestic_debt,monthly
2016-04-30,Bearer National Fund Bonds2,0.008762500000000001,billion PKR,sbp_domestic_debt,monthly
2016-05-31,Bearer National Fund Bonds2,0.008762500000000001,billion PKR,sbp_domestic_debt,monthly
2016-06-30,Bearer National Fund Bonds2,0.008762500000000001,billion PKR,sbp_domestic_debt,monthly
2016-07-31,Bearer National Fund Bonds2,0.008762500000000001,billion PKR,sbp_domestic_debt,monthly
2016-08-31,Bearer National Fund Bonds2,0.008762500000000001,billion PKR,sbp_domestic_debt,monthly
2016-09-30,Bearer National Fund Bonds2,0.008762500000000001,billion PKR,sbp_domestic_debt,monthly
2016-10-31,Bearer National Fund Bonds2,0.008762500000000001,billion PKR,sbp_domestic_debt,monthly
2016-11-30,Bearer National Fund Bonds2,0.008762500000000001,billion PKR,sbp_domestic_debt,monthly
2016-12-31,Bearer National Fund Bonds2,0.008762500000000001,billion PKR,sbp_domestic_debt,monthly
2017-01-31,Bearer National Fund Bonds2,0.008762500000000001,billion PKR,sbp_domestic_debt,monthly
2017-02-28,Bearer National Fund Bonds2,0.008762500000000001,billion PKR,sbp_domestic_debt,monthly
2017-03-31,Bearer National Fund Bonds2,0.008762500000000001,billion PKR,sbp_domestic_debt,monthly
2017-04-30,Bearer National Fund Bonds2,0.008762500000000001,billion PKR,sbp_domestic_debt,monthly
2017-05-31,Bearer National Fund Bonds2,0.008762500000000001,billion PKR,sbp_domestic_debt,monthly
2017-06-30,Bearer National Fund Bonds2,0.008762500000000001,billion PKR,sbp_domestic_debt,monthly
2017-07-31,Bearer National Fund Bonds2,0.008762500000000001,billion PKR,sbp_domestic_debt,monthly
2017-08-31,Bearer National Fund Bonds2,0.008762500000000001,billion PKR,sbp_domestic_debt,monthly
2017-09-30,Bearer National Fund Bonds2,0.008762500000000001,billion PKR,sbp_domestic_debt,monthly
2017-10-31,Bearer National Fund Bonds2,0.008762500000000001,billion PKR,sbp_domestic_debt,monthly
2017-11-30,Bearer National Fund Bonds2,0.008762500000000001,billion PKR,sbp_domestic_debt,monthly
2017-12-31,Bearer National Fund Bonds2,0.008762500000000001,billion PKR,sbp_domestic_debt,monthly
2018-01-31,Bearer National Fund Bonds2,0.008762500000000001,billion PKR,sbp_domestic_debt,monthly
2018-02-28,Bearer National Fund Bonds2,0.008762500000000001,billion PKR,sbp_domestic_debt,monthly
2018-03-31,Bearer National Fund Bonds2,0.008762500000000001,billion PKR,sbp_domestic_debt,monthly
2018-04-30,Bearer National Fund Bonds2,0.008762500000000001,billion PKR,sbp_domestic_debt,monthly
2018-05-31,Bearer National Fund Bonds2,0.008762500000000001,billion PKR,sbp_domestic_debt,monthly
2018-06-30,Bearer National Fund Bonds2,0.008762500000000001,billion PKR,sbp_domestic_debt,monthly
2018-07-31,Bearer National Fund Bonds2,0.008762500000000001,billion PKR,sbp_domestic_debt,monthly
2018-08-31,Bearer National Fund Bonds2,0.008762500000000001,billion PKR,sbp_domestic_debt,monthly
2018-09-30,Bearer National Fund Bonds2,0.008762500000000001,billion PKR,sbp_domestic_debt,monthly
2018-10-31,Bearer National Fund Bonds2,0.008762500000000001,billion PKR,sbp_domestic_debt,monthly
2018-11-30,Bearer National Fund Bonds2,0.008762500000000001,billion PKR,sbp_domestic_debt,monthly
2018-12-31,Bearer National Fund Bonds2,0.008762500000000001,billion PKR,sbp_domestic_debt,monthly
2019-01-31,Bearer National Fund Bonds2,0.008762500000000001,billion PKR,sbp_domestic_debt,monthly
2019-02-28,Bearer National Fund Bonds2,0.008762500000000001,billion PKR,sbp_domestic_debt,monthly
2019-03-31,Bearer National Fund Bonds2,0.008762500000000001,billion PKR,sbp_domestic_debt,monthly
2019-04-30,Bearer National Fund Bonds2,0.008762500000000001,billion PKR,sbp_domestic_debt,monthly
2019-05-31,Bearer National Fund Bonds2,0.008762500000000001,billion PKR,sbp_domestic_debt,monthly
2019-06-30,Bearer National Fund Bonds2,0.008762500000000001,billion PKR,sbp_domestic_debt,monthly
2019-07-31,Bearer National Fund Bonds2,0.008762500000000001,billion PKR,sbp_domestic_debt,monthly
2019-08-31,Bearer National Fund Bonds2,0.008762500000000001,billion PKR,sbp_domestic_debt,monthly
2019-09-30,Bearer National Fund Bonds2,0.008762500000000001,billion PKR,sbp_domestic_debt,monthly
2019-10-31,Bearer National Fund Bonds2,0.008762500000000001,billion PKR,sbp_domestic_debt,monthly
2019-11-30,Bearer National Fund Bonds2,0.008762500000000001,billion PKR,sbp_domestic_debt,monthly
2019-12-31,Bearer National Fund Bonds2,0.008762500000000001,billion PKR,sbp_domestic_debt,monthly
2020-01-31,Bearer National Fund Bonds2,0.008762500000000001,billion PKR,sbp_domestic_debt,monthly
2020-02-29,Bearer National Fund Bonds2,0.008762500000000001,billion PKR,sbp_domestic_debt,monthly
2020-03-31,Bearer National Fund Bonds2,0.008762500000000001,billion PKR,sbp_domestic_debt,monthly
2020-04-30,Bearer National Fund Bonds2,0.008762500000000001,billion PKR,sbp_domestic_debt,monthly
2020-05-31,Bearer National Fund Bonds2,0.008762500000000001,billion PKR,sbp_domestic_debt,monthly
2020-06-30,Bearer National Fund Bonds2,0.008762500000000001,billion PKR,sbp_domestic_debt,monthly
2020-07-31,Bearer National Fund Bonds2,0.008762500000000001,billion PKR,sbp_domestic_debt,monthly
2020-08-31,Bearer National Fund Bonds2,0.008762500000000001,billion PKR,sbp_domestic_debt,monthly
2020-09-30,Bearer National Fund Bonds2,0.008762500000000001,billion PKR,sbp_domestic_debt,monthly
2020-10-31,Bearer National Fund Bonds2,0.008762500000000001,billion PKR,sbp_domestic_debt,monthly
2020-11-30,Bearer National Fund Bonds2,0.008762500000000001,billion PKR,sbp_domestic_debt,monthly
2020-12-31,Bearer National Fund Bonds2,0.008762500000000001,billion PKR,sbp_domestic_debt,monthly
2021-01-31,Bearer National Fund Bonds2,0.008762500000000001,billion PKR,sbp_domestic_debt,monthly
2021-02-28,Bearer National Fund Bonds2,0.008762500000000001,billion PKR,sbp_domestic_debt,monthly
2021-03-31,Bearer National Fund Bonds2,0.008762500000000001,billion PKR,sbp_domestic_debt,monthly
2021-04-30,Bearer National Fund Bonds2,0.008762500000000001,billion PKR,sbp_domestic_debt,monthly
2021-05-31,Bearer National Fund Bonds2,0.008762500000000001,billion PKR,sbp_domestic_debt,monthly
2021-06-30,Bearer National Fund Bonds2,0.008762500000000001,billion PKR,sbp_domestic_debt,monthly
2021-07-31,Bearer National Fund Bonds2,0.008762500000000001,billion PKR,sbp_domestic_debt,monthly
2021-08-31,Bearer National Fund Bonds2,0.008762500000000001,billion PKR,sbp_domestic_debt,monthly
2021-09-30,Bearer National Fund Bonds2,0.008762500000000001,billion PKR,sbp_domestic_debt,monthly
2021-10-31,Bearer National Fund Bonds2,0.008762500000000001,billion PKR,sbp_domestic_debt,monthly
2021-11-30,Bearer National Fund Bonds2,0.008762500000000001,billion PKR,sbp_domestic_debt,monthly
2021-12-31,Bearer National Fund Bonds2,0.008762500000000001,billion PKR,sbp_domestic_debt,monthly
2022-01-31,Bearer National Fund Bonds2,0.008762500000000001,billion PKR,sbp_domestic_debt,monthly
2022-02-28,Bearer National Fund Bonds2,0.008762500000000001,billion PKR,sbp_domestic_debt,monthly
2022-03-31,Bearer National Fund Bonds2,0.008762500000000001,billion PKR,sbp_domestic_debt,monthly
2022-04-30,Bearer National Fund Bonds2,0.008762500000000001,billion PKR,sbp_domestic_debt,monthly
2022-05-31,Bearer National Fund Bonds2,0.008762500000000001,billion PKR,sbp_domestic_debt,monthly
2022-06-30,Bearer National Fund Bonds2,0.008762500000000001,billion PKR,sbp_domestic_debt,monthly
2010-06-30,Compensation Bonds1,0.018190400000000002,billion PKR,sbp_domestic_debt,monthly
2010-07-31,Compensation Bonds1,0.018190400000000002,billion PKR,sbp_domestic_debt,monthly
2010-08-31,Compensation Bonds1,0.018190400000000002,billion PKR,sbp_domestic_debt,monthly
2010-09-30,Compensation Bonds1,0.018190400000000002,billion PKR,sbp_domestic_debt,monthly
2010-10-31,Compensation Bonds1,0.018190400000000002,billion PKR,sbp_domestic_debt,monthly
2010-11-30,Compensation Bonds1,0.018190400000000002,billion PKR,sbp_domestic_debt,monthly
2010-12-31,Compensation Bonds1,0.018190400000000002,billion PKR,sbp_domestic_debt,monthly
2011-01-31,Compensation Bonds1,0.0181845,billion PKR,sbp_domestic_debt,monthly
2011-02-28,Compensation Bonds1,0.0181845,billion PKR,sbp_domestic_debt,monthly
2011-03-31,Compensation Bonds1,0.0181845,billion PKR,sbp_domestic_debt,monthly
2011-04-30,Compensation Bonds1,0.0181845,billion PKR,sbp_domestic_debt,monthly
2011-05-31,Compensation Bonds1,0.0181845,billion PKR,sbp_domestic_debt,monthly
2011-06-30,Compensation Bonds1,0.0181845,billion PKR,sbp_domestic_debt,monthly
2011-07-31,Compensation Bonds1,0.0181838,billion PKR,sbp_domestic_debt,monthly
2011-08-31,Compensation Bonds1,0.0181838,billion PKR,sbp_domestic_debt,monthly
2011-09-30,Compensation Bonds1,0.0181838,billion PKR,sbp_domestic_debt,monthly
2011-10-31,Compensation Bonds1,0.0181838,billion PKR,sbp_domestic_debt,monthly
2011-11-30,Compensation Bonds1,0.0181838,billion PKR,sbp_domestic_debt,monthly
2011-12-31,Compensation Bonds1,0.0181838,billion PKR,sbp_domestic_debt,monthly
2012-01-31,Compensation Bonds1,0.0181838,billion PKR,sbp_domestic_debt,monthly
2012-02-29,Compensation Bonds1,0.0181838,billion PKR,sbp_domestic_debt,monthly
2012-03-31,Compensation Bonds1,0.0181838,billion PKR,sbp_domestic_debt,monthly
2012-04-30,Compensation Bonds1,0.0181838,billion PKR,sbp_domestic_debt,monthly
2012-05-31,Compensation Bonds1,0.0181838,billion PKR,sbp_domestic_debt,monthly
2012-06-30,Compensation Bonds1,0.0181838,billion PKR,sbp_domestic_debt,monthly
2012-07-31,Compensation Bonds1,0.0181838,billion PKR,sbp_domestic_debt,monthly
2012-08-31,Compensation Bonds1,0.0181838,billion PKR,sbp_domestic_debt,monthly
2012-09-30,Compensation Bonds1,0.0181838,billion PKR,sbp_domestic_debt,monthly
2012-10-31,Compensation Bonds1,0.0181838,billion PKR,sbp_domestic_debt,monthly
2012-11-30,Compensation Bonds1,0.0181838,billion PKR,sbp_domestic_debt,monthly
2012-12-31,Compensation Bonds1,0.0181838,billion PKR,sbp_domestic_debt,monthly
2013-01-31,Compensation Bonds1,0.0181838,billion PKR,sbp_domestic_debt,monthly
2013-02-28,Compensation Bonds1,0.0181838,billion PKR,sbp_domestic_debt,monthly
2013-03-31,Compensation Bonds1,0.0181838,billion PKR,sbp_domestic_debt,monthly
2013-04-30,Compensation Bonds1,0.0181838,billion PKR,sbp_domestic_debt,monthly
2013-05-31,Compensation Bonds1,0.0181838,billion PKR,sbp_domestic_debt,monthly
2013-06-30,Compensation Bonds1,0.0181838,billion PKR,sbp_domestic_debt,monthly
2013-07-31,Compensation Bonds1,0.0181838,billion PKR,sbp_domestic_debt,monthly
2013-08-31,Compensation Bonds1,0.0181838,billion PKR,sbp_domestic_debt,monthly
2013-09-30,Compensation Bonds1,0.0181838,billion PKR,sbp_domestic_debt,monthly
2013-10-31,Compensation Bonds1,0.0181838,billion PKR,sbp_domestic_debt,monthly
2013-11-30,Compensation Bonds1,0.0181838,billion PKR,sbp_domestic_debt,monthly
2013-12-31,Compensation Bonds1,0.0181838,billion PKR,sbp_domestic_debt,monthly
2014-01-31,Compensation Bonds1,0.0181838,billion PKR,sbp_domestic_debt,monthly
2014-02-28,Compensation Bonds1,0.0181838,billion PKR,sbp_domestic_debt,monthly
2014-03-31,Compensation Bonds1,0.0181838,billion PKR,sbp_domestic_debt,monthly
2014-04-30,Compensation Bonds1,0.0181838,billion PKR,sbp_domestic_debt,monthly
2014-05-31,Compensation Bonds1,0.0181838,billion PKR,sbp_domestic_debt,monthly
2014-06-30,Compensation Bonds1,0.0181838,billion PKR,sbp_domestic_debt,monthly
2014-07-31,Compensation Bonds1,0.0181838,billion PKR,sbp_domestic_debt,monthly
2014-08-31,Compensation Bonds1,0.0181838,billion PKR,sbp_domestic_debt,monthly
2014-09-30,Compensation Bonds1,0.0181838,billion PKR,sbp_domestic_debt,monthly
2014-10-31,Compensation Bonds1,0.0181838,billion PKR,sbp_domestic_debt,monthly
2014-11-30,Compensation Bonds1,0.0181838,billion PKR,sbp_domestic_debt,monthly
2014-12-31,Compensation Bonds1,0.0181838,billion PKR,sbp_domestic_debt,monthly
2015-01-31,Compensation Bonds1,0.0181838,billion PKR,sbp_domestic_debt,monthly
2015-02-28,Compensation Bonds1,0.0181838,billion PKR,sbp_domestic_debt,monthly
2015-03-31,Compensation Bonds1,0.0181838,billion PKR,sbp_domestic_debt,monthly
2015-04-30,Compensation Bonds1,0.0181838,billion PKR,sbp_domestic_debt,monthly
2015-05-31,Compensation Bonds1,0.0181838,billion PKR,sbp_domestic_debt,monthly
2015-06-30,Compensation Bonds1,0.0181838,billion PKR,sbp_domestic_debt,monthly
2015-07-31,Compensation Bonds1,0.0181838,billion PKR,sbp_domestic_debt,monthly
2015-08-31,Compensation Bonds1,0.0181838,billion PKR,sbp_domestic_debt,monthly
2015-09-30,Compensation Bonds1,0.0181838,billion PKR,sbp_domestic_debt,monthly
2015-10-31,Compensation Bonds1,0.0181838,billion PKR,sbp_domestic_debt,monthly
2015-11-30,Compensation Bonds1,0.0181838,billion PKR,sbp_domestic_debt,monthly
2015-12-31,Compensation Bonds1,0.0181838,billion PKR,sbp_domestic_debt,monthly
2016-01-31,Compensation Bonds1,0.0181838,billion PKR,sbp_domestic_debt,monthly
2016-02-29,Compensation Bonds1,0.0181838,billion PKR,sbp_domestic_debt,monthly
2016-03-31,Compensation Bonds1,0.0181838,billion PKR,sbp_domestic_debt,monthly
2016-04-30,Compensation Bonds1,0.0181838,billion PKR,sbp_domestic_debt,monthly
2016-05-31,Compensation Bonds1,0.0181838,billion PKR,sbp_domestic_debt,monthly
2016-06-30,Compensation Bonds1,0.0181838,billion PKR,sbp_domestic_debt,monthly
2016-07-31,Compensation Bonds1,0.0181838,billion PKR,sbp_domestic_debt,monthly
2016-08-31,Compensation Bonds1,0.0181838,billion PKR,sbp_domestic_debt,monthly
2016-09-30,Compensation Bonds1,0.0181838,billion PKR,sbp_domestic_debt,monthly
2016-10-31,Compensation Bonds1,0.0181838,billion PKR,sbp_domestic_debt,monthly
2016-11-30,Compensation Bonds1,0.0181838,billion PKR,sbp_domestic_debt,monthly
2016-12-31,Compensation Bonds1,0.0181838,billion PKR,sbp_domestic_debt,monthly
2017-01-31,Compensation Bonds1,0.0181838,billion PKR,sbp_domestic_debt,monthly
2017-02-28,Compensation Bonds1,0.0181838,billion PKR,sbp_domestic_debt,monthly
2017-03-31,Compensation Bonds1,0.0181838,billion PKR,sbp_domestic_debt,monthly
2017-04-30,Compensation Bonds1,0.0181838,billion PKR,sbp_domestic_debt,monthly
2017-05-31,Compensation Bonds1,0.0181838,billion PKR,sbp_domestic_debt,monthly
2017-06-30,Compensation Bonds1,0.0181838,billion PKR,sbp_domestic_debt,monthly
2017-07-31,Compensation Bonds1,0.0181838,billion PKR,sbp_domestic_debt,monthly
2017-08-31,Compensation Bonds1,0.0181838,billion PKR,sbp_domestic_debt,monthly
2017-09-30,Compensation Bonds1,0.0181838,billion PKR,sbp_domestic_debt,monthly
2017-10-31,Compensation Bonds1,0.0181838,billion PKR,sbp_domestic_debt,monthly
2017-11-30,Compensation Bonds1,0.0181838,billion PKR,sbp_domestic_debt,monthly
2017-12-31,Compensation Bonds1,0.0181838,billion PKR,sbp_domestic_debt,monthly
2018-01-31,Compensation Bonds1,0.0181838,billion PKR,sbp_domestic_debt,monthly
2018-02-28,Compensation Bonds1,0.0181838,billion PKR,sbp_domestic_debt,monthly
2018-03-31,Compensation Bonds1,0.0181838,billion PKR,sbp_domestic_debt,monthly
2018-04-30,Compensation Bonds1,0.0181838,billion PKR,sbp_domestic_debt,monthly
2018-05-31,Compensation Bonds1,0.0181838,billion PKR,sbp_domestic_debt,monthly
2018-06-30,Compensation Bonds1,0.0181838,billion PKR,sbp_domestic_debt,monthly
2018-07-31,Compensation Bonds1,0.0181838,billion PKR,sbp_domestic_debt,monthly
2018-08-31,Compensation Bonds1,0.0181838,billion PKR,sbp_domestic_debt,monthly
2018-09-30,Compensation Bonds1,0.0181838,billion PKR,sbp_domestic_debt,monthly
2018-10-31,Compensation Bonds1,0.0181838,billion PKR,sbp_domestic_debt,monthly
2018-11-30,Compensation Bonds1,0.0181838,billion PKR,sbp_domestic_debt,monthly
2018-12-31,Compensation Bonds1,0.0181838,billion PKR,sbp_domestic_debt,monthly
2019-01-31,Compensation Bonds1,0.0181838,billion PKR,sbp_domestic_debt,monthly
2019-02-28,Compensation Bonds1,0.0181838,billion PKR,sbp_domestic_debt,monthly
2019-03-31,Compensation Bonds1,0.0181838,billion PKR,sbp_domestic_debt,monthly
2019-04-30,Compensation Bonds1,0.0181838,billion PKR,sbp_domestic_debt,monthly
2019-05-31,Compensation Bonds1,0.0181838,billion PKR,sbp_domestic_debt,monthly
2019-06-30,Compensation Bonds1,0.0181838,billion PKR,sbp_domestic_debt,monthly
2019-07-31,Compensation Bonds1,0.0181838,billion PKR,sbp_domestic_debt,monthly
2019-08-31,Compensation Bonds1,0.0181838,billion PKR,sbp_domestic_debt,monthly
2019-09-30,Compensation Bonds1,0.0181838,billion PKR,sbp_domestic_debt,monthly
2019-10-31,Compensation Bonds1,0.0181838,billion PKR,sbp_domestic_debt,monthly
2019-11-30,Compensation Bonds1,0.0181838,billion PKR,sbp_domestic_debt,monthly
2019-12-31,Compensation Bonds1,0.0181838,billion PKR,sbp_domestic_debt,monthly
2020-01-31,Compensation Bonds1,0.0181838,billion PKR,sbp_domestic_debt,monthly
2020-02-29,Compensation Bonds1,0.0181838,billion PKR,sbp_domestic_debt,monthly
2020-03-31,Compensation Bonds1,0.0181838,billion PKR,sbp_domestic_debt,monthly
2020-04-30,Compensation Bonds1,0.0181838,billion PKR,sbp_domestic_debt,monthly
2020-05-31,Compensation Bonds1,0.0181838,billion PKR,sbp_domestic_debt,monthly
2020-06-30,Compensation Bonds1,0.0181838,billion PKR,sbp_domestic_debt,monthly
2020-07-31,Compensation Bonds1,0.0181838,billion PKR,sbp_domestic_debt,monthly
2020-08-31,Compensation Bonds1,0.0181838,billion PKR,sbp_domestic_debt,monthly
2020-09-30,Compensation Bonds1,0.0181838,billion PKR,sbp_domestic_debt,monthly
2020-10-31,Compensation Bonds1,0.0181838,billion PKR,sbp_domestic_debt,monthly
2020-11-30,Compensation Bonds1,0.0181838,billion PKR,sbp_domestic_debt,monthly
2020-12-31,Compensation Bonds1,0.0181838,billion PKR,sbp_domestic_debt,monthly
2021-01-31,Compensation Bonds1,0.0181838,billion PKR,sbp_domestic_debt,monthly
2021-02-28,Compensation Bonds1,0.0181838,billion PKR,sbp_domestic_debt,monthly
2021-03-31,Compensation Bonds1,0.0181838,billion PKR,sbp_domestic_debt,monthly
2021-04-30,Compensation Bonds1,0.0181838,billion PKR,sbp_domestic_debt,monthly
2021-05-31,Compensation Bonds1,0.0181838,billion PKR,sbp_domestic_debt,monthly
2021-06-30,Compensation Bonds1,0.0181838,billion PKR,sbp_domestic_debt,monthly
2021-07-31,Compensation Bonds1,0.0181838,billion PKR,sbp_domestic_debt,monthly
2021-08-31,Compensation Bonds1,0.0181838,billion PKR,sbp_domestic_debt,monthly
2021-09-30,Compensation Bonds1,0.0181838,billion PKR,sbp_domestic_debt,monthly
2021-10-31,Compensation Bonds1,0.0181838,billion PKR,sbp_domestic_debt,monthly
2021-11-30,Compensation Bonds1,0.0181838,billion PKR,sbp_domestic_debt,monthly
2021-12-31,Compensation Bonds1,0.0181838,billion PKR,sbp_domestic_debt,monthly
2022-01-31,Compensation Bonds1,0.0181838,billion PKR,sbp_domestic_debt,monthly
2022-02-28,Compensation Bonds1,0.0181838,billion PKR,sbp_domestic_debt,monthly
2022-03-31,Compensation Bonds1,0.0181838,billion PKR,sbp_domestic_debt,monthly
2022-04-30,Compensation Bonds1,0.0181838,billion PKR,sbp_domestic_debt,monthly
2022-05-31,Compensation Bonds1,0.0181838,billion PKR,sbp_domestic_debt,monthly
2022-06-30,Compensation Bonds1,0.0181838,billion PKR,sbp_domestic_debt,monthly
2010-06-30,Domestic Debt (I+II+III+IV),4653.01553701777,billion PKR,sbp_domestic_debt,monthly
2010-07-31,Domestic Debt (I+II+III+IV),4704.807485568,billion PKR,sbp_domestic_debt,monthly
2010-08-31,Domestic Debt (I+II+III+IV),4862.463062479,billion PKR,sbp_domestic_debt,monthly
2010-09-30,Domestic Debt (I+II+III+IV),4958.274887939,billion PKR,sbp_domestic_debt,monthly
2010-10-31,Domestic Debt (I+II+III+IV),5006.879430391999,billion PKR,sbp_domestic_debt,monthly
2010-11-30,Domestic Debt (I+II+III+IV),5130.623432135,billion PKR,sbp_domestic_debt,monthly
2010-12-31,Domestic Debt (I+II+III+IV),5294.213168896,billion PKR,sbp_domestic_debt,monthly
2011-01-31,Domestic Debt (I+II+III+IV),5227.294891037999,billion PKR,sbp_domestic_debt,monthly
2011-02-28,Domestic Debt (I+II+III+IV),5344.87327135,billion PKR,sbp_domestic_debt,monthly
2011-03-31,Domestic Debt (I+II+III+IV),5462.0853173235,billion PKR,sbp_domestic_debt,monthly
2011-04-30,Domestic Debt (I+II+III+IV),5616.056123528,billion PKR,sbp_domestic_debt,monthly
2011-05-31,Domestic Debt (I+II+III+IV),5872.875096447,billion PKR,sbp_domestic_debt,monthly
2011-06-30,Domestic Debt (I+II+III+IV),6014.428557413499,billion PKR,sbp_domestic_debt,monthly
2011-06-30,Domestic Debt (I+II+III+IV+V),6014.428557413499,billion PKR,sbp_domestic_debt,monthly
2011-07-31,Domestic Debt (I+II+III+IV+V),6013.592549495999,billion PKR,sbp_domestic_debt,monthly
2011-08-31,Domestic Debt (I+II+III+IV+V),6098.147319502,billion PKR,sbp_domestic_debt,monthly
2011-09-30,Domestic Debt (I+II+III+IV+V),6221.992253086,billion PKR,sbp_domestic_debt,monthly
2011-10-31,Domestic Debt (I+II+III+IV+V),6231.74086614742,billion PKR,sbp_domestic_debt,monthly
2011-11-30,Domestic Debt (I+II+III+IV+V),6777.600997375251,billion PKR,sbp_domestic_debt,monthly
2011-12-31,Domestic Debt (I+II+III+IV+V),6865.743569431489,billion PKR,sbp_domestic_debt,monthly
2012-01-31,Domestic Debt (I+II+III+IV+V),6969.4474663346,billion PKR,sbp_domestic_debt,monthly
2012-02-29,Domestic Debt (I+II+III+IV+V),7066.021576090301,billion PKR,sbp_domestic_debt,monthly
2012-03-31,Domestic Debt (I+II+III+IV+V),7206.709457218281,billion PKR,sbp_domestic_debt,monthly
2012-04-30,Domestic Debt (I+II+III+IV+V),7296.299104423219,billion PKR,sbp_domestic_debt,monthly
2012-05-31,Domestic Debt (I+II+III+IV+V),7499.24425777826,billion PKR,sbp_domestic_debt,monthly
2012-06-30,Domestic Debt (I+II+III+IV+V),7637.94059717751,billion PKR,sbp_domestic_debt,monthly
2012-07-31,Domestic Debt (I+II+III+IV+V),7750.486574588619,billion PKR,sbp_domestic_debt,monthly
2012-08-31,Domestic Debt (I+II+III+IV+V),7788.53815134525,billion PKR,sbp_domestic_debt,monthly
2012-09-30,Domestic Debt (I+II+III+IV+V),8119.50987112801,billion PKR,sbp_domestic_debt,monthly
2012-10-31,Domestic Debt (I+II+III+IV+V),8105.545328583331,billion PKR,sbp_domestic_debt,monthly
2012-11-30,Domestic Debt (I+II+III+IV+V),8333.244875474635,billion PKR,sbp_domestic_debt,monthly
2012-12-31,Domestic Debt (I+II+III+IV+V),8328.247079405688,billion PKR,sbp_domestic_debt,monthly
2013-01-31,Domestic Debt (I+II+III+IV+V),8474.799600167584,billion PKR,sbp_domestic_debt,monthly
2013-02-28,Domestic Debt (I+II+III+IV+V),8589.709683904648,billion PKR,sbp_domestic_debt,monthly
2013-03-31,Domestic Debt (I+II+III+IV+V),8800.062661717413,billion PKR,sbp_domestic_debt,monthly
2013-04-30,Domestic Debt (I+II+III+IV+V),8840.58049857917,billion PKR,sbp_domestic_debt,monthly
2013-05-31,Domestic Debt (I+II+III+IV+V),9080.723126638779,billion PKR,sbp_domestic_debt,monthly
2013-06-30,Domestic Debt (I+II+III+IV+V),9520.437057195602,billion PKR,sbp_domestic_debt,monthly
2013-07-31,Domestic Debt (I+II+III+IV+V),9537.718741308416,billion PKR,sbp_domestic_debt,monthly
2013-08-31,Domestic Debt (I+II+III+IV+V),9701.36487800847,billion PKR,sbp_domestic_debt,monthly
2013-09-30,Domestic Debt (I+II+III+IV+V),10154.402129665195,billion PKR,sbp_domestic_debt,monthly
2013-10-31,Domestic Debt (I+II+III+IV+V),9890.387429093103,billion PKR,sbp_domestic_debt,monthly
2013-11-30,Domestic Debt (I+II+III+IV+V),10202.90644571163,billion PKR,sbp_domestic_debt,monthly
2013-12-31,Domestic Debt (I+II+III+IV+V),10227.140517550764,billion PKR,sbp_domestic_debt,monthly
2014-01-31,Domestic Debt (I+II+III+IV+V),10594.595764982296,billion PKR,sbp_domestic_debt,monthly
2014-02-28,Domestic Debt (I+II+III+IV+V),10682.476582584064,billion PKR,sbp_domestic_debt,monthly
2014-03-31,Domestic Debt (I+II+III+IV+V),10819.445547853134,billion PKR,sbp_domestic_debt,monthly
2014-04-30,Domestic Debt (I+II+III+IV+V),10892.839198029427,billion PKR,sbp_domestic_debt,monthly
2014-05-31,Domestic Debt (I+II+III+IV+V),10578.869622586468,billion PKR,sbp_domestic_debt,monthly
2014-06-30,Domestic Debt (I+II+III+IV+V),10906.530018535546,billion PKR,sbp_domestic_debt,monthly
2014-07-31,Domestic Debt (I+II+III+IV+V),10945.841760960971,billion PKR,sbp_domestic_debt,monthly
2014-08-31,Domestic Debt (I+II+III+IV+V),11062.266672450152,billion PKR,sbp_domestic_debt,monthly
2014-09-30,Domestic Debt (I+II+III+IV+V),11095.930464302439,billion PKR,sbp_domestic_debt,monthly
2014-10-31,Domestic Debt (I+II+III+IV+V),11213.75825302408,billion PKR,sbp_domestic_debt,monthly
2014-11-30,Domestic Debt (I+II+III+IV+V),11375.86861350424,billion PKR,sbp_domestic_debt,monthly
2014-12-31,Domestic Debt (I+II+III+IV+V),11509.2387999142,billion PKR,sbp_domestic_debt,monthly
2015-01-31,Domestic Debt (I+II+III+IV+V),11693.742862326097,billion PKR,sbp_domestic_debt,monthly
2015-02-28,Domestic Debt (I+II+III+IV+V),11695.570775623297,billion PKR,sbp_domestic_debt,monthly
2015-03-31,Domestic Debt (I+II+III+IV+V),11923.068096899255,billion PKR,sbp_domestic_debt,monthly
2015-04-30,Domestic Debt (I+II+III+IV+V),11961.098602935286,billion PKR,sbp_domestic_debt,monthly
2015-05-31,Domestic Debt (I+II+III+IV+V),12104.3186492416,billion PKR,sbp_domestic_debt,monthly
2015-06-30,Domestic Debt (I+II+III+IV+V),12192.535560062433,billion PKR,sbp_domestic_debt,monthly
2015-07-31,Domestic Debt (I+II+III+IV+V),12583.18453929603,billion PKR,sbp_domestic_debt,monthly
2015-08-31,Domestic Debt (I+II+III+IV+V),12790.330637291181,billion PKR,sbp_domestic_debt,monthly
2015-09-30,Domestic Debt (I+II+III+IV+V),12714.591619768657,billion PKR,sbp_domestic_debt,monthly
2015-10-31,Domestic Debt (I+II+III+IV+V),12657.462070300448,billion PKR,sbp_domestic_debt,monthly
2015-11-30,Domestic Debt (I+II+III+IV+V),12812.783948355347,billion PKR,sbp_domestic_debt,monthly
2015-12-31,Domestic Debt (I+II+III+IV+V),12879.591960887108,billion PKR,sbp_domestic_debt,monthly
2016-01-31,Domestic Debt (I+II+III+IV+V),13120.255157545671,billion PKR,sbp_domestic_debt,monthly
2016-02-29,Domestic Debt (I+II+III+IV+V),13361.376859993601,billion PKR,sbp_domestic_debt,monthly
2016-03-31,Domestic Debt (I+II+III+IV+V),13398.080321399257,billion PKR,sbp_domestic_debt,monthly
2016-04-30,Domestic Debt (I+II+III+IV+V),13259.578593171836,billion PKR,sbp_domestic_debt,monthly
2016-05-31,Domestic Debt (I+II+III+IV+V),13428.078558112473,billion PKR,sbp_domestic_debt,monthly
2016-06-30,Domestic Debt (I+II+III+IV+V),13625.937822560634,billion PKR,sbp_domestic_debt,monthly
2016-07-31,Domestic Debt (I+II+III+IV+V),13855.553291866183,billion PKR,sbp_domestic_debt,monthly
2016-08-31,Domestic Debt (I+II+III+IV+V),14147.106335647983,billion PKR,sbp_domestic_debt,monthly
2016-09-30,Domestic Debt (I+II+III+IV+V),14385.770506706513,billion PKR,sbp_domestic_debt,monthly
2016-10-31,Domestic Debt (I+II+III+IV+V),14088.910516394626,billion PKR,sbp_domestic_debt,monthly
2016-11-30,Domestic Debt (I+II+III+IV+V),14278.073064159007,billion PKR,sbp_domestic_debt,monthly
2016-12-31,Domestic Debt (I+II+III+IV+V),14192.588591275868,billion PKR,sbp_domestic_debt,monthly
2017-01-31,Domestic Debt (I+II+III+IV+V),14515.468246405502,billion PKR,sbp_domestic_debt,monthly
2017-02-28,Domestic Debt (I+II+III+IV+V),14745.08008305549,billion PKR,sbp_domestic_debt,monthly
2017-03-31,Domestic Debt (I+II+III+IV+V),14746.04952055065,billion PKR,sbp_domestic_debt,monthly
2017-04-30,Domestic Debt (I+II+III+IV+V),14945.021959396283,billion PKR,sbp_domestic_debt,monthly
2017-05-31,Domestic Debt (I+II+III+IV+V),15044.646237786956,billion PKR,sbp_domestic_debt,monthly
2017-06-30,Domestic Debt (I+II+III+IV+V),14849.224723803394,billion PKR,sbp_domestic_debt,monthly
2017-07-31,Domestic Debt (I+II+III+IV+V),15389.86486233245,billion PKR,sbp_domestic_debt,monthly
2017-08-31,Domestic Debt (I+II+III+IV+V),15707.431325780206,billion PKR,sbp_domestic_debt,monthly
2017-09-30,Domestic Debt (I+II+III+IV+V),15371.712671694295,billion PKR,sbp_domestic_debt,monthly
2017-10-31,Domestic Debt (I+II+III+IV+V),15630.599590894502,billion PKR,sbp_domestic_debt,monthly
2017-11-30,Domestic Debt (I+II+III+IV+V),15766.592608089966,billion PKR,sbp_domestic_debt,monthly
2017-12-31,Domestic Debt (I+II+III+IV+V),15437.391248984193,billion PKR,sbp_domestic_debt,monthly
2018-01-31,Domestic Debt (I+II+III+IV+V),15796.612346061082,billion PKR,sbp_domestic_debt,monthly
2018-02-28,Domestic Debt (I+II+III+IV+V),15948.328260322009,billion PKR,sbp_domestic_debt,monthly
2018-03-31,Domestic Debt (I+II+III+IV+V),16074.07212759359,billion PKR,sbp_domestic_debt,monthly
2018-04-30,Domestic Debt (I+II+III+IV+V),16210.3674243746,billion PKR,sbp_domestic_debt,monthly
2018-05-31,Domestic Debt (I+II+III+IV+V),16446.01741415582,billion PKR,sbp_domestic_debt,monthly
2018-06-30,Domestic Debt (I+II+III+IV+V),16416.27698126759,billion PKR,sbp_domestic_debt,monthly
2018-07-31,Domestic Debt (I+II+III+IV+V),16461.055900870302,billion PKR,sbp_domestic_debt,monthly
2018-08-31,Domestic Debt (I+II+III+IV+V),16790.018022653865,billion PKR,sbp_domestic_debt,monthly
2018-09-30,Domestic Debt (I+II+III+IV+V),16919.84226248073,billion PKR,sbp_domestic_debt,monthly
2018-10-31,Domestic Debt (I+II+III+IV+V),17160.189509450018,billion PKR,sbp_domestic_debt,monthly
2018-11-30,Domestic Debt (I+II+III+IV+V),17322.780432067102,billion PKR,sbp_domestic_debt,monthly
2018-12-31,Domestic Debt (I+II+III+IV+V),17535.728877209298,billion PKR,sbp_domestic_debt,monthly
2019-01-31,Domestic Debt (I+II+III+IV+V),17975.21112522263,billion PKR,sbp_domestic_debt,monthly
2019-02-28,Domestic Debt (I+II+III+IV+V),18315.879244669068,billion PKR,sbp_domestic_debt,monthly
2019-03-31,Domestic Debt (I+II+III+IV+V),18170.581538223803,billion PKR,sbp_domestic_debt,monthly
2019-04-30,Domestic Debt (I+II+III+IV+V),18529.61731466754,billion PKR,sbp_domestic_debt,monthly
2019-05-31,Domestic Debt (I+II+III+IV+V),19763.468861151327,billion PKR,sbp_domestic_debt,monthly
2019-06-30,Domestic Debt (I+II+III+IV+V),20731.752021156266,billion PKR,sbp_domestic_debt,monthly
2019-07-31,Domestic Debt (I+II+III+IV+V),22012.215691737103,billion PKR,sbp_domestic_debt,monthly
2019-08-31,Domestic Debt (I+II+III+IV+V),21495.279594806696,billion PKR,sbp_domestic_debt,monthly
2019-09-30,Domestic Debt (I+II+III+IV+V),22649.878115903415,billion PKR,sbp_domestic_debt,monthly
2019-10-31,Domestic Debt (I+II+III+IV+V),21537.328814783086,billion PKR,sbp_domestic_debt,monthly
2019-11-30,Domestic Debt (I+II+III+IV+V),21410.426045734162,billion PKR,sbp_domestic_debt,monthly
2019-12-31,Domestic Debt (I+II+III+IV+V),21676.39489036914,billion PKR,sbp_domestic_debt,monthly
2020-01-31,Domestic Debt (I+II+III+IV+V),21794.31960015963,billion PKR,sbp_domestic_debt,monthly
2020-02-29,Domestic Debt (I+II+III+IV+V),22184.779192762166,billion PKR,sbp_domestic_debt,monthly
2020-03-31,Domestic Debt (I+II+III+IV+V),22477.663980313046,billion PKR,sbp_domestic_debt,monthly
2020-04-30,Domestic Debt (I+II+III+IV+V),23102.060347893315,billion PKR,sbp_domestic_debt,monthly
2020-05-31,Domestic Debt (I+II+III+IV+V),23513.216065127617,billion PKR,sbp_domestic_debt,monthly
2020-06-30,Domestic Debt (I+II+III+IV+V),23282.54769729142,billion PKR,sbp_domestic_debt,monthly
2020-07-31,Domestic Debt (I+II+III+IV+V),23393.218742890833,billion PKR,sbp_domestic_debt,monthly
2020-08-31,Domestic Debt (I+II+III+IV+V),23537.33985280374,billion PKR,sbp_domestic_debt,monthly
2020-09-30,Domestic Debt (I+II+III+IV+V),23702.506064304445,billion PKR,sbp_domestic_debt,monthly
2020-10-31,Domestic Debt (I+II+III+IV+V),23935.510924477083,billion PKR,sbp_domestic_debt,monthly
2020-11-30,Domestic Debt (I+II+III+IV+V),24112.558603718495,billion PKR,sbp_domestic_debt,monthly
2020-12-31,Domestic Debt (I+II+III+IV+V),24314.104538265576,billion PKR,sbp_domestic_debt,monthly
2021-01-31,Domestic Debt (I+II+III+IV+V),24511.33469248069,billion PKR,sbp_domestic_debt,monthly
2021-02-28,Domestic Debt (I+II+III+IV+V),24795.329528146493,billion PKR,sbp_domestic_debt,monthly
2021-03-31,Domestic Debt (I+II+III+IV+V),25552.336446314483,billion PKR,sbp_domestic_debt,monthly
2021-04-30,Domestic Debt (I+II+III+IV+V),25345.50696079375,billion PKR,sbp_domestic_debt,monthly
2021-05-31,Domestic Debt (I+II+III+IV+V),26066.54392901889,billion PKR,sbp_domestic_debt,monthly
2021-06-30,Domestic Debt (I+II+III+IV+V),26265.434906931096,billion PKR,sbp_domestic_debt,monthly
2021-07-31,Domestic Debt (I+II+III+IV+V),26826.62931411855,billion PKR,sbp_domestic_debt,monthly
2021-08-31,Domestic Debt (I+II+III+IV+V),26312.832526849816,billion PKR,sbp_domestic_debt,monthly
2021-09-30,Domestic Debt (I+II+III+IV+V),26443.95094623778,billion PKR,sbp_domestic_debt,monthly
2021-10-31,Domestic Debt (I+II+III+IV+V),26467.86879825884,billion PKR,sbp_domestic_debt,monthly
2021-11-30,Domestic Debt (I+II+III+IV+V),26827.17644340823,billion PKR,sbp_domestic_debt,monthly
2021-12-31,Domestic Debt (I+II+III+IV+V),26746.486353052955,billion PKR,sbp_domestic_debt,monthly
2022-01-31,Domestic Debt (I+II+III+IV+V),27413.00653694479,billion PKR,sbp_domestic_debt,monthly
2022-02-28,Domestic Debt (I+II+III+IV+V),27705.022125856227,billion PKR,sbp_domestic_debt,monthly
2022-03-31,Domestic Debt (I+II+III+IV+V),28076.5478425665,billion PKR,sbp_domestic_debt,monthly
2022-04-30,Domestic Debt (I+II+III+IV+V),28913.650934866397,billion PKR,sbp_domestic_debt,monthly
2022-05-31,Domestic Debt (I+II+III+IV+V),29047.058291077225,billion PKR,sbp_domestic_debt,monthly
2022-06-30,Domestic Debt (I+II+III+IV+V),31085.416366375644,billion PKR,sbp_domestic_debt,monthly
2010-06-30,FCBC 3 Years,0.002951231,billion PKR,sbp_domestic_debt,monthly
2010-07-31,FCBC 3 Years,0.003024686,billion PKR,sbp_domestic_debt,monthly
2010-08-31,FCBC 3 Years,0.002999571,billion PKR,sbp_domestic_debt,monthly
2010-09-30,FCBC 3 Years,0.003076485,billion PKR,sbp_domestic_debt,monthly
2010-10-31,FCBC 3 Years,0.003063824,billion PKR,sbp_domestic_debt,monthly
2010-11-30,FCBC 3 Years,0.003015269,billion PKR,sbp_domestic_debt,monthly
2010-12-31,FCBC 3 Years,0.003010018,billion PKR,sbp_domestic_debt,monthly
2011-01-31,FCBC 3 Years,0.003054051,billion PKR,sbp_domestic_debt,monthly
2011-02-28,FCBC 3 Years,0.003090646,billion PKR,sbp_domestic_debt,monthly
2011-03-31,FCBC 3 Years,0.0030702625,billion PKR,sbp_domestic_debt,monthly
2011-04-30,FCBC 3 Years,0.003109817,billion PKR,sbp_domestic_debt,monthly
2011-05-31,FCBC 3 Years,0.003130557,billion PKR,sbp_domestic_debt,monthly
2011-06-30,FCBC 3 Years,0.0030749875,billion PKR,sbp_domestic_debt,monthly
2011-07-31,FCBC 3 Years,0.00314698,billion PKR,sbp_domestic_debt,monthly
2011-08-31,FCBC 3 Years,0.003164238,billion PKR,sbp_domestic_debt,monthly
2011-09-30,FCBC 3 Years,0.003085862,billion PKR,sbp_domestic_debt,monthly
2011-10-31,FCBC 3 Years,0.0030988198,billion PKR,sbp_domestic_debt,monthly
2011-11-30,FCBC 3 Years,0.0031226931,billion PKR,sbp_domestic_debt,monthly
2011-12-31,FCBC 3 Years,0.0031512428999999997,billion PKR,sbp_domestic_debt,monthly
2012-01-31,FCBC 3 Years,0.0032072417000000002,billion PKR,sbp_domestic_debt,monthly
2012-02-29,FCBC 3 Years,0.0032482162,billion PKR,sbp_domestic_debt,monthly
2012-03-31,FCBC 3 Years,0.0032435629,billion PKR,sbp_domestic_debt,monthly
2012-04-30,FCBC 3 Years,0.0032927662,billion PKR,sbp_domestic_debt,monthly
2012-05-31,FCBC 3 Years,0.0033052433,billion PKR,sbp_domestic_debt,monthly
2012-06-30,FCBC 3 Years,0.0033339003,billion PKR,sbp_domestic_debt,monthly
2012-07-31,FCBC 3 Years,0.0033513278999999997,billion PKR,sbp_domestic_debt,monthly
2012-08-31,FCBC 3 Years,0.0033607436,billion PKR,sbp_domestic_debt,monthly
2012-09-30,FCBC 3 Years,0.0034219488,billion PKR,sbp_domestic_debt,monthly
2012-10-31,FCBC 3 Years,0.0034492183999999997,billion PKR,sbp_domestic_debt,monthly
2012-11-30,FCBC 3 Years,0.0034610532999999996,billion PKR,sbp_domestic_debt,monthly
2012-12-31,FCBC 3 Years,0.0034991138999999997,billion PKR,sbp_domestic_debt,monthly
2013-01-31,FCBC 3 Years,0.0034777884,billion PKR,sbp_domestic_debt,monthly
2013-02-28,FCBC 3 Years,0.0034083705,billion PKR,sbp_domestic_debt,monthly
2013-03-31,FCBC 3 Years,0.0034211348,billion PKR,sbp_domestic_debt,monthly
2013-04-30,FCBC 3 Years,0.0034614154,billion PKR,sbp_domestic_debt,monthly
2013-05-31,FCBC 3 Years,0.0034270888,billion PKR,sbp_domestic_debt,monthly
2013-06-30,FCBC 3 Years,0.0034683094,billion PKR,sbp_domestic_debt,monthly
2013-07-31,FCBC 3 Years,0.0035414843,billion PKR,sbp_domestic_debt,monthly
2013-08-31,FCBC 3 Years,0.0036716519,billion PKR,sbp_domestic_debt,monthly
2013-09-30,FCBC 3 Years,0.0038170453,billion PKR,sbp_domestic_debt,monthly
2013-10-31,FCBC 3 Years,0.0038309797000000002,billion PKR,sbp_domestic_debt,monthly
2013-11-30,FCBC 3 Years,0.0039324,billion PKR,sbp_domestic_debt,monthly
2013-12-31,FCBC 3 Years,0.0038440101,billion PKR,sbp_domestic_debt,monthly
2014-01-31,FCBC 3 Years,0.0038386631,billion PKR,sbp_domestic_debt,monthly
2014-02-28,FCBC 3 Years,0.003854125,billion PKR,sbp_domestic_debt,monthly
2014-03-31,FCBC 3 Years,0.0036084427,billion PKR,sbp_domestic_debt,monthly
2014-04-30,FCBC 3 Years,0.0036332451000000003,billion PKR,sbp_domestic_debt,monthly
2014-05-31,FCBC 3 Years,0.003626452,billion PKR,sbp_domestic_debt,monthly
2014-06-30,FCBC 3 Years,0.0036680268,billion PKR,sbp_domestic_debt,monthly
2014-07-31,FCBC 3 Years,0.0036596328999999998,billion PKR,sbp_domestic_debt,monthly
2014-08-31,FCBC 3 Years,0.0037215582000000003,billion PKR,sbp_domestic_debt,monthly
2014-09-30,FCBC 3 Years,0.0037021862999999998,billion PKR,sbp_domestic_debt,monthly
2014-10-31,FCBC 3 Years,0.0036808991,billion PKR,sbp_domestic_debt,monthly
2014-11-30,FCBC 3 Years,0.0036092599,billion PKR,sbp_domestic_debt,monthly
2014-12-31,FCBC 3 Years,0.0035425616000000003,billion PKR,sbp_domestic_debt,monthly
2015-01-31,FCBC 3 Years,0.0034982155,billion PKR,sbp_domestic_debt,monthly
2015-02-28,FCBC 3 Years,0.0035678862,billion PKR,sbp_domestic_debt,monthly
2015-03-31,FCBC 3 Years,0.0034864612000000002,billion PKR,sbp_domestic_debt,monthly
2015-04-30,FCBC 3 Years,0.0035692624,billion PKR,sbp_domestic_debt,monthly
2015-05-31,FCBC 3 Years,0.0035585182999999998,billion PKR,sbp_domestic_debt,monthly
2015-06-30,FCBC 3 Years,0.0036065635,billion PKR,sbp_domestic_debt,monthly
2015-07-31,FCBC 3 Years,0.0035858824000000004,billion PKR,sbp_domestic_debt,monthly
2015-08-31,FCBC 3 Years,0.0036511285,billion PKR,sbp_domestic_debt,monthly
2015-09-30,FCBC 3 Years,0.0036307885,billion PKR,sbp_domestic_debt,monthly
2015-10-31,FCBC 3 Years,0.0036831562,billion PKR,sbp_domestic_debt,monthly
2015-11-30,FCBC 3 Years,0.0036414867999999996,billion PKR,sbp_domestic_debt,monthly
2015-12-31,FCBC 3 Years,0.003589599,billion PKR,sbp_domestic_debt,monthly
2016-01-31,FCBC 3 Years,0.0035301505999999995,billion PKR,sbp_domestic_debt,monthly
2016-02-29,FCBC 3 Years,0.0034589462999999997,billion PKR,sbp_domestic_debt,monthly
2016-03-31,FCBC 3 Years,0.0035287229,billion PKR,sbp_domestic_debt,monthly
2016-04-30,FCBC 3 Years,0.0035619405,billion PKR,sbp_domestic_debt,monthly
2016-05-31,FCBC 3 Years,0.0035664038,billion PKR,sbp_domestic_debt,monthly
2016-06-30,FCBC 3 Years,0.0034111333,billion PKR,sbp_domestic_debt,monthly
2016-07-31,FCBC 3 Years,0.0033683768000000005,billion PKR,sbp_domestic_debt,monthly
2016-08-31,FCBC 3 Years,0.0033604472,billion PKR,sbp_domestic_debt,monthly
2016-09-30,FCBC 3 Years,0.0033327982999999998,billion PKR,sbp_domestic_debt,monthly
2016-10-31,FCBC 3 Years,0.0032318614,billion PKR,sbp_domestic_debt,monthly
2016-11-30,FCBC 3 Years,0.0032745697,billion PKR,sbp_domestic_debt,monthly
2016-12-31,FCBC 3 Years,0.0032404187000000004,billion PKR,sbp_domestic_debt,monthly
2017-01-31,FCBC 3 Years,0.0032761200999999996,billion PKR,sbp_domestic_debt,monthly
2017-02-28,FCBC 3 Years,0.0032660689,billion PKR,sbp_domestic_debt,monthly
2017-03-31,FCBC 3 Years,0.0032685942,billion PKR,sbp_domestic_debt,monthly
2017-04-30,FCBC 3 Years,0.0033350170999999996,billion PKR,sbp_domestic_debt,monthly
2017-05-31,FCBC 3 Years,0.0033157232,billion PKR,sbp_domestic_debt,monthly
2017-06-30,FCBC 3 Years,0.0033438871000000003,billion PKR,sbp_domestic_debt,monthly
2017-07-31,FCBC 3 Years,0.0033772753,billion PKR,sbp_domestic_debt,monthly
2017-08-31,FCBC 3 Years,0.0033462095,billion PKR,sbp_domestic_debt,monthly
2017-09-30,FCBC 3 Years,0.0034142216,billion PKR,sbp_domestic_debt,monthly
2017-10-31,FCBC 3 Years,0.0033900458,billion PKR,sbp_domestic_debt,monthly
2017-11-30,FCBC 3 Years,0.003428398,billion PKR,sbp_domestic_debt,monthly
2017-12-31,FCBC 3 Years,0.0035944397000000003,billion PKR,sbp_domestic_debt,monthly
2018-01-31,FCBC 3 Years,0.0036966484,billion PKR,sbp_domestic_debt,monthly
2018-02-28,FCBC 3 Years,0.0036577997,billion PKR,sbp_domestic_debt,monthly
2018-03-31,FCBC 3 Years,0.0038428548000000004,billion PKR,sbp_domestic_debt,monthly
2018-04-30,FCBC 3 Years,0.0037986468,billion PKR,sbp_domestic_debt,monthly
2018-05-31,FCBC 3 Years,0.0037392245,billion PKR,sbp_domestic_debt,monthly
2018-06-30,FCBC 3 Years,0.0039015064,billion PKR,sbp_domestic_debt,monthly
2018-07-31,FCBC 3 Years,0.0039865403,billion PKR,sbp_domestic_debt,monthly
2018-08-31,FCBC 3 Years,0.003964436799999999,billion PKR,sbp_domestic_debt,monthly
2018-09-30,FCBC 3 Years,0.0039728385,billion PKR,sbp_domestic_debt,monthly
2018-10-31,FCBC 3 Years,0.0041812399,billion PKR,sbp_domestic_debt,monthly
2018-11-30,FCBC 3 Years,0.004397946,billion PKR,sbp_domestic_debt,monthly
2018-12-31,FCBC 3 Years,0.0043825791,billion PKR,sbp_domestic_debt,monthly
2019-01-31,FCBC 3 Years,0.0044309414,billion PKR,sbp_domestic_debt,monthly
2019-02-28,FCBC 3 Years,0.004482410900000001,billion PKR,sbp_domestic_debt,monthly
2019-03-31,FCBC 3 Years,0.0044959337,billion PKR,sbp_domestic_debt,monthly
2019-04-30,FCBC 3 Years,0.0045076009,billion PKR,sbp_domestic_debt,monthly
2019-05-31,FCBC 3 Years,0.0046458331999999995,billion PKR,sbp_domestic_debt,monthly
2019-06-30,FCBC 3 Years,0.0050399141,billion PKR,sbp_domestic_debt,monthly
2019-07-31,FCBC 3 Years,0.004917731900000001,billion PKR,sbp_domestic_debt,monthly
2019-08-31,FCBC 3 Years,0.004836958800000001,billion PKR,sbp_domestic_debt,monthly
2019-09-30,FCBC 3 Years,0.0048490158,billion PKR,sbp_domestic_debt,monthly
2019-10-31,FCBC 3 Years,0.004954960400000001,billion PKR,sbp_domestic_debt,monthly
2019-11-30,FCBC 3 Years,0.004932375,billion PKR,sbp_domestic_debt,monthly
2019-12-31,FCBC 3 Years,0.0049675185,billion PKR,sbp_domestic_debt,monthly
2020-01-31,FCBC 3 Years,0.004956276700000001,billion PKR,sbp_domestic_debt,monthly
2020-02-29,FCBC 3 Years,0.0048977073,billion PKR,sbp_domestic_debt,monthly
2020-03-31,FCBC 3 Years,0.0051709154,billion PKR,sbp_domestic_debt,monthly
2020-04-30,FCBC 3 Years,0.004999221599999999,billion PKR,sbp_domestic_debt,monthly
2020-05-31,FCBC 3 Years,0.0050562351,billion PKR,sbp_domestic_debt,monthly
2020-06-30,FCBC 3 Years,0.0052052655,billion PKR,sbp_domestic_debt,monthly
2020-07-31,FCBC 3 Years,0.0053243224,billion PKR,sbp_domestic_debt,monthly
2020-08-31,FCBC 3 Years,0.0053697168,billion PKR,sbp_domestic_debt,monthly
2020-09-30,FCBC 3 Years,0.0052652467,billion PKR,sbp_domestic_debt,monthly
2020-10-31,FCBC 3 Years,0.0051099314,billion PKR,sbp_domestic_debt,monthly
2020-11-30,FCBC 3 Years,0.005157076,billion PKR,sbp_domestic_debt,monthly
2020-12-31,FCBC 3 Years,0.0052374141,billion PKR,sbp_domestic_debt,monthly
2021-01-31,FCBC 3 Years,0.005251045,billion PKR,sbp_domestic_debt,monthly
2021-02-28,FCBC 3 Years,0.005237845400000001,billion PKR,sbp_domestic_debt,monthly
2021-03-31,FCBC 3 Years,0.0050266063,billion PKR,sbp_domestic_debt,monthly
2021-04-30,FCBC 3 Years,0.0050831656,billion PKR,sbp_domestic_debt,monthly
2021-05-31,FCBC 3 Years,0.0051604639,billion PKR,sbp_domestic_debt,monthly
2021-06-30,FCBC 3 Years,0.005196863,billion PKR,sbp_domestic_debt,monthly
2021-07-31,FCBC 3 Years,0.0053876155,billion PKR,sbp_domestic_debt,monthly
2021-08-31,FCBC 3 Years,0.0054747025,billion PKR,sbp_domestic_debt,monthly
2021-09-30,FCBC 3 Years,0.005542038,billion PKR,sbp_domestic_debt,monthly
2021-10-31,FCBC 3 Years,0.005542038,billion PKR,sbp_domestic_debt,monthly
2021-11-30,FCBC 3 Years,0.0056800003,billion PKR,sbp_domestic_debt,monthly
2021-12-31,FCBC 3 Years,0.005779017599999999,billion PKR,sbp_domestic_debt,monthly
2022-01-31,FCBC 3 Years,0.0057379017999999995,billion PKR,sbp_domestic_debt,monthly
2022-02-28,FCBC 3 Years,0.0057500974,billion PKR,sbp_domestic_debt,monthly
2022-03-31,FCBC 3 Years,0.0058856319,billion PKR,sbp_domestic_debt,monthly
2022-04-30,FCBC 3 Years,0.005820331199999999,billion PKR,sbp_domestic_debt,monthly
2022-05-31,FCBC 3 Years,0.006230018800000001,billion PKR,sbp_domestic_debt,monthly
2022-06-30,FCBC 3 Years,0.0063029275,billion PKR,sbp_domestic_debt,monthly
2010-06-30,FCBC 5 Years,0.036471777,billion PKR,sbp_domestic_debt,monthly
2010-07-31,FCBC 5 Years,0.036650221,billion PKR,sbp_domestic_debt,monthly
2010-08-31,FCBC 5 Years,0.036602591,billion PKR,sbp_domestic_debt,monthly
2010-09-30,FCBC 5 Years,0.036980463,billion PKR,sbp_domestic_debt,monthly
2010-10-31,FCBC 5 Years,0.036818979,billion PKR,sbp_domestic_debt,monthly
2010-11-30,FCBC 5 Years,0.036665056,billion PKR,sbp_domestic_debt,monthly
2010-12-31,FCBC 5 Years,0.036651205,billion PKR,sbp_domestic_debt,monthly
2011-01-31,FCBC 5 Years,0.03672514,billion PKR,sbp_domestic_debt,monthly
2011-02-28,FCBC 5 Years,0.036765422,billion PKR,sbp_domestic_debt,monthly
2011-03-31,FCBC 5 Years,0.036613056,billion PKR,sbp_domestic_debt,monthly
2011-04-30,FCBC 5 Years,0.036417959,billion PKR,sbp_domestic_debt,monthly
2011-05-31,FCBC 5 Years,0.036902197,billion PKR,sbp_domestic_debt,monthly
2011-06-30,FCBC 5 Years,0.036875196,billion PKR,sbp_domestic_debt,monthly
2011-07-31,FCBC 5 Years,0.037223185,billion PKR,sbp_domestic_debt,monthly
2011-08-31,FCBC 5 Years,0.037528708,billion PKR,sbp_domestic_debt,monthly
2011-09-30,FCBC 5 Years,0.037051155,billion PKR,sbp_domestic_debt,monthly
2011-10-31,FCBC 5 Years,0.03669206829,billion PKR,sbp_domestic_debt,monthly
2011-11-30,FCBC 5 Years,0.037567502229999994,billion PKR,sbp_domestic_debt,monthly
2011-12-31,FCBC 5 Years,0.03805642797,billion PKR,sbp_domestic_debt,monthly
2012-01-31,FCBC 5 Years,0.03831164305,billion PKR,sbp_domestic_debt,monthly
2012-02-29,FCBC 5 Years,0.03853959524,billion PKR,sbp_domestic_debt,monthly
2012-03-31,FCBC 5 Years,0.03840505497,billion PKR,sbp_domestic_debt,monthly
2012-04-30,FCBC 5 Years,0.03862728856,billion PKR,sbp_domestic_debt,monthly
2012-05-31,FCBC 5 Years,0.0397470604,billion PKR,sbp_domestic_debt,monthly
2012-06-30,FCBC 5 Years,0.03939167033,billion PKR,sbp_domestic_debt,monthly
2012-07-31,FCBC 5 Years,0.03946484696,billion PKR,sbp_domestic_debt,monthly
2012-08-31,FCBC 5 Years,0.03941243438,billion PKR,sbp_domestic_debt,monthly
2012-09-30,FCBC 5 Years,0.03960876519999999,billion PKR,sbp_domestic_debt,monthly
2012-10-31,FCBC 5 Years,0.04003688616091201,billion PKR,sbp_domestic_debt,monthly
2012-11-30,FCBC 5 Years,0.040283913993646996,billion PKR,sbp_domestic_debt,monthly
2012-12-31,FCBC 5 Years,0.040514903037539,billion PKR,sbp_domestic_debt,monthly
2013-01-31,FCBC 5 Years,0.040688616953847,billion PKR,sbp_domestic_debt,monthly
2013-02-28,FCBC 5 Years,0.040767451507685994,billion PKR,sbp_domestic_debt,monthly
2013-03-31,FCBC 5 Years,0.040856125533964,billion PKR,sbp_domestic_debt,monthly
2013-04-30,FCBC 5 Years,0.040890354700757,billion PKR,sbp_domestic_debt,monthly
2013-05-31,FCBC 5 Years,0.040870321289909,billion PKR,sbp_domestic_debt,monthly
2013-06-30,FCBC 5 Years,0.04134281412241501,billion PKR,sbp_domestic_debt,monthly
2013-07-31,FCBC 5 Years,0.042250657474919656,billion PKR,sbp_domestic_debt,monthly
2013-08-31,FCBC 5 Years,0.04340802359721259,billion PKR,sbp_domestic_debt,monthly
2013-09-30,FCBC 5 Years,0.04415265036772577,billion PKR,sbp_domestic_debt,monthly
2013-10-31,FCBC 5 Years,0.04448893139821186,billion PKR,sbp_domestic_debt,monthly
2013-11-30,FCBC 5 Years,0.04518140767890921,billion PKR,sbp_domestic_debt,monthly
2013-12-31,FCBC 5 Years,0.043869784668757565,billion PKR,sbp_domestic_debt,monthly
2014-01-31,FCBC 5 Years,0.04393040729152691,billion PKR,sbp_domestic_debt,monthly
2014-02-28,FCBC 5 Years,0.04373759329132307,billion PKR,sbp_domestic_debt,monthly
2014-03-31,FCBC 5 Years,0.041301109630000006,billion PKR,sbp_domestic_debt,monthly
2014-04-30,FCBC 5 Years,0.0411057709330154,billion PKR,sbp_domestic_debt,monthly
2014-05-31,FCBC 5 Years,0.04114109257157125,billion PKR,sbp_domestic_debt,monthly
2014-06-30,FCBC 5 Years,0.03759144748871181,billion PKR,sbp_domestic_debt,monthly
2014-07-31,FCBC 5 Years,0.03755532311547277,billion PKR,sbp_domestic_debt,monthly
2014-08-31,FCBC 5 Years,0.03866025623361202,billion PKR,sbp_domestic_debt,monthly
2014-09-30,FCBC 5 Years,0.038925827153268276,billion PKR,sbp_domestic_debt,monthly
2014-10-31,FCBC 5 Years,0.03899378919356699,billion PKR,sbp_domestic_debt,monthly
2014-11-30,FCBC 5 Years,0.03856402730919001,billion PKR,sbp_domestic_debt,monthly
2014-12-31,FCBC 5 Years,0.038014141954427004,billion PKR,sbp_domestic_debt,monthly
2015-01-31,FCBC 5 Years,0.038202670218022,billion PKR,sbp_domestic_debt,monthly
2015-02-28,FCBC 5 Years,0.03850322862816442,billion PKR,sbp_domestic_debt,monthly
2015-03-31,FCBC 5 Years,0.038477336849087995,billion PKR,sbp_domestic_debt,monthly
2015-04-30,FCBC 5 Years,0.038454912822934,billion PKR,sbp_domestic_debt,monthly
2015-05-31,FCBC 5 Years,0.038532879757327526,billion PKR,sbp_domestic_debt,monthly
2015-06-30,FCBC 5 Years,0.03848569236626499,billion PKR,sbp_domestic_debt,monthly
2015-07-31,FCBC 5 Years,0.03846688621106119,billion PKR,sbp_domestic_debt,monthly
2015-08-31,FCBC 5 Years,0.039378958463267,billion PKR,sbp_domestic_debt,monthly
2015-09-30,FCBC 5 Years,0.039486949718094154,billion PKR,sbp_domestic_debt,monthly
2015-10-31,FCBC 5 Years,0.03984824427871186,billion PKR,sbp_domestic_debt,monthly
2015-11-30,FCBC 5 Years,0.039823266693027,billion PKR,sbp_domestic_debt,monthly
2015-12-31,FCBC 5 Years,0.03953998024754963,billion PKR,sbp_domestic_debt,monthly
2016-01-31,FCBC 5 Years,0.039568227012215997,billion PKR,sbp_domestic_debt,monthly
2016-02-29,FCBC 5 Years,0.039480970831638686,billion PKR,sbp_domestic_debt,monthly
2016-03-31,FCBC 5 Years,0.03955300796218337,billion PKR,sbp_domestic_debt,monthly
2016-04-30,FCBC 5 Years,0.039618977840004656,billion PKR,sbp_domestic_debt,monthly
2016-05-31,FCBC 5 Years,0.039613243381656886,billion PKR,sbp_domestic_debt,monthly
2016-06-30,FCBC 5 Years,0.039559257173051386,billion PKR,sbp_domestic_debt,monthly
2016-07-31,FCBC 5 Years,0.03953537644212319,billion PKR,sbp_domestic_debt,monthly
2016-08-31,FCBC 5 Years,0.03951529476907328,billion PKR,sbp_domestic_debt,monthly
2016-09-30,FCBC 5 Years,0.039448421316689124,billion PKR,sbp_domestic_debt,monthly
2016-10-31,FCBC 5 Years,0.03944771849257891,billion PKR,sbp_domestic_debt,monthly
2016-11-30,FCBC 5 Years,0.03942274578381573,billion PKR,sbp_domestic_debt,monthly
2016-12-31,FCBC 5 Years,0.03930048419159493,billion PKR,sbp_domestic_debt,monthly
2017-01-31,FCBC 5 Years,0.03942399588582806,billion PKR,sbp_domestic_debt,monthly
2017-02-28,FCBC 5 Years,0.039422465976294306,billion PKR,sbp_domestic_debt,monthly
2017-03-31,FCBC 5 Years,0.039428232979656204,billion PKR,sbp_domestic_debt,monthly
2017-04-30,FCBC 5 Years,0.03945892090201208,billion PKR,sbp_domestic_debt,monthly
2017-05-31,FCBC 5 Years,0.0394732680376773,billion PKR,sbp_domestic_debt,monthly
2017-06-30,FCBC 5 Years,0.039487786067908405,billion PKR,sbp_domestic_debt,monthly
2017-07-31,FCBC 5 Years,0.03971455041719346,billion PKR,sbp_domestic_debt,monthly
2017-08-31,FCBC 5 Years,0.03969887332934984,billion PKR,sbp_domestic_debt,monthly
2017-09-30,FCBC 5 Years,0.03973134288451246,billion PKR,sbp_domestic_debt,monthly
2017-10-31,FCBC 5 Years,0.03969395687753526,billion PKR,sbp_domestic_debt,monthly
2017-11-30,FCBC 5 Years,0.03977518367917437,billion PKR,sbp_domestic_debt,monthly
2017-12-31,FCBC 5 Years,0.041632467404069215,billion PKR,sbp_domestic_debt,monthly
2018-01-31,FCBC 5 Years,0.041766336733739744,billion PKR,sbp_domestic_debt,monthly
2018-02-28,FCBC 5 Years,0.04175809874235404,billion PKR,sbp_domestic_debt,monthly
2018-03-31,FCBC 5 Years,0.04363701532703895,billion PKR,sbp_domestic_debt,monthly
2018-04-30,FCBC 5 Years,0.04363215834418676,billion PKR,sbp_domestic_debt,monthly
2018-05-31,FCBC 5 Years,0.043588646391448396,billion PKR,sbp_domestic_debt,monthly
2018-06-30,FCBC 5 Years,0.045782832984798676,billion PKR,sbp_domestic_debt,monthly
2018-07-31,FCBC 5 Years,0.04679304873725064,billion PKR,sbp_domestic_debt,monthly
2018-08-31,FCBC 5 Years,0.046803640657433525,billion PKR,sbp_domestic_debt,monthly
2018-09-30,FCBC 5 Years,0.04679402379770486,billion PKR,sbp_domestic_debt,monthly
2018-10-31,FCBC 5 Years,0.04986062852954669,billion PKR,sbp_domestic_debt,monthly
2018-11-30,FCBC 5 Years,0.0523379189526557,billion PKR,sbp_domestic_debt,monthly
2018-12-31,FCBC 5 Years,0.05228120626485098,billion PKR,sbp_domestic_debt,monthly
2019-01-31,FCBC 5 Years,0.0520920892416841,billion PKR,sbp_domestic_debt,monthly
2019-02-28,FCBC 5 Years,0.052317189842651206,billion PKR,sbp_domestic_debt,monthly
2019-03-31,FCBC 5 Years,0.05302383281480593,billion PKR,sbp_domestic_debt,monthly
2019-04-30,FCBC 5 Years,0.05324577798050848,billion PKR,sbp_domestic_debt,monthly
2019-05-31,FCBC 5 Years,0.05568268569512135,billion PKR,sbp_domestic_debt,monthly
2019-06-30,FCBC 5 Years,0.06027012437701953,billion PKR,sbp_domestic_debt,monthly
2019-07-31,FCBC 5 Years,0.06002446983750802,billion PKR,sbp_domestic_debt,monthly
2019-08-31,FCBC 5 Years,0.05900878995260886,billion PKR,sbp_domestic_debt,monthly
2019-09-30,FCBC 5 Years,0.058824432457802875,billion PKR,sbp_domestic_debt,monthly
2019-10-31,FCBC 5 Years,0.05863922482116942,billion PKR,sbp_domestic_debt,monthly
2019-11-30,FCBC 5 Years,0.058458097483329946,billion PKR,sbp_domestic_debt,monthly
2019-12-31,FCBC 5 Years,0.05834931291772511,billion PKR,sbp_domestic_debt,monthly
2020-01-31,FCBC 5 Years,0.058205703537165546,billion PKR,sbp_domestic_debt,monthly
2020-02-29,FCBC 5 Years,0.05808396854971767,billion PKR,sbp_domestic_debt,monthly
2020-03-31,FCBC 5 Years,0.06271163023089572,billion PKR,sbp_domestic_debt,monthly
2020-04-30,FCBC 5 Years,0.06028386959282188,billion PKR,sbp_domestic_debt,monthly
2020-05-31,FCBC 5 Years,0.06136841815360062,billion PKR,sbp_domestic_debt,monthly
2020-06-30,FCBC 5 Years,0.06322802779720595,billion PKR,sbp_domestic_debt,monthly
2020-07-31,FCBC 5 Years,0.06294869192854707,billion PKR,sbp_domestic_debt,monthly
2020-08-31,FCBC 5 Years,0.0627052746136019,billion PKR,sbp_domestic_debt,monthly
2020-09-30,FCBC 5 Years,0.06280213391816154,billion PKR,sbp_domestic_debt,monthly
2020-10-31,FCBC 5 Years,0.06041981879412148,billion PKR,sbp_domestic_debt,monthly
2020-11-30,FCBC 5 Years,0.0601544344555492,billion PKR,sbp_domestic_debt,monthly
2020-12-31,FCBC 5 Years,0.06036542293266465,billion PKR,sbp_domestic_debt,monthly
2021-01-31,FCBC 5 Years,0.06045087038377405,billion PKR,sbp_domestic_debt,monthly
2021-02-28,FCBC 5 Years,0.05971448892555528,billion PKR,sbp_domestic_debt,monthly
2021-03-31,FCBC 5 Years,0.0576344133753024,billion PKR,sbp_domestic_debt,monthly
2021-04-30,FCBC 5 Years,0.057938324928961615,billion PKR,sbp_domestic_debt,monthly
2021-05-31,FCBC 5 Years,0.05831717494864692,billion PKR,sbp_domestic_debt,monthly
2021-06-30,FCBC 5 Years,0.05945183483956151,billion PKR,sbp_domestic_debt,monthly
2021-07-31,FCBC 5 Years,0.06132006933908064,billion PKR,sbp_domestic_debt,monthly
2021-08-31,FCBC 5 Years,0.06278327397189393,billion PKR,sbp_domestic_debt,monthly
2021-09-30,FCBC 5 Years,0.06433215814400679,billion PKR,sbp_domestic_debt,monthly
2021-10-31,FCBC 5 Years,0.06433215814400679,billion PKR,sbp_domestic_debt,monthly
2021-11-30,FCBC 5 Years,0.06620611220297373,billion PKR,sbp_domestic_debt,monthly
2021-12-31,FCBC 5 Years,0.06713057868262008,billion PKR,sbp_domestic_debt,monthly
2022-01-31,FCBC 5 Years,0.06657449804148162,billion PKR,sbp_domestic_debt,monthly
2022-02-28,FCBC 5 Years,0.0668512247446636,billion PKR,sbp_domestic_debt,monthly
2022-03-31,FCBC 5 Years,0.06903758342326956,billion PKR,sbp_domestic_debt,monthly
2022-04-30,FCBC 5 Years,0.06971693118526467,billion PKR,sbp_domestic_debt,monthly
2022-05-31,FCBC 5 Years,0.0745376038790207,billion PKR,sbp_domestic_debt,monthly
2022-06-30,FCBC 5 Years,0.07680027051878083,billion PKR,sbp_domestic_debt,monthly
2010-06-30,Federal Government,2.74,billion PKR,sbp_domestic_debt,monthly
2010-07-31,Federal Government,2.74,billion PKR,sbp_domestic_debt,monthly
2010-08-31,Federal Government,2.74,billion PKR,sbp_domestic_debt,monthly
2010-09-30,Federal Government,2.74,billion PKR,sbp_domestic_debt,monthly
2010-10-31,Federal Government,2.74,billion PKR,sbp_domestic_debt,monthly
2010-11-30,Federal Government,2.74,billion PKR,sbp_domestic_debt,monthly
2010-12-31,Federal Government,2.74,billion PKR,sbp_domestic_debt,monthly
2011-01-31,Federal Government,2.74,billion PKR,sbp_domestic_debt,monthly
2011-02-28,Federal Government,2.74,billion PKR,sbp_domestic_debt,monthly
2011-03-31,Federal Government,2.74,billion PKR,sbp_domestic_debt,monthly
2011-04-30,Federal Government,2.74,billion PKR,sbp_domestic_debt,monthly
2011-05-31,Federal Government,2.74,billion PKR,sbp_domestic_debt,monthly
2011-06-30,Federal Government,2.74,billion PKR,sbp_domestic_debt,monthly
2011-07-31,Federal Government,2.74,billion PKR,sbp_domestic_debt,monthly
2011-08-31,Federal Government,2.74,billion PKR,sbp_domestic_debt,monthly
2011-09-30,Federal Government,2.74,billion PKR,sbp_domestic_debt,monthly
2011-10-31,Federal Government,2.74,billion PKR,sbp_domestic_debt,monthly
2011-11-30,Federal Government,2.74,billion PKR,sbp_domestic_debt,monthly
2011-12-31,Federal Government,2.74,billion PKR,sbp_domestic_debt,monthly
2012-01-31,Federal Government,2.74,billion PKR,sbp_domestic_debt,monthly
2012-02-29,Federal Government,2.74,billion PKR,sbp_domestic_debt,monthly
2012-03-31,Federal Government,2.74,billion PKR,sbp_domestic_debt,monthly
2012-04-30,Federal Government,2.74,billion PKR,sbp_domestic_debt,monthly
2012-05-31,Federal Government,2.74,billion PKR,sbp_domestic_debt,monthly
2012-06-30,Federal Government,2.74,billion PKR,sbp_domestic_debt,monthly
2012-07-31,Federal Government,2.74,billion PKR,sbp_domestic_debt,monthly
2012-08-31,Federal Government,2.74,billion PKR,sbp_domestic_debt,monthly
2012-09-30,Federal Government,2.74,billion PKR,sbp_domestic_debt,monthly
2012-10-31,Federal Government,2.74,billion PKR,sbp_domestic_debt,monthly
2012-11-30,Federal Government,2.74,billion PKR,sbp_domestic_debt,monthly
2012-12-31,Federal Government,2.74,billion PKR,sbp_domestic_debt,monthly
2013-01-31,Federal Government,2.74,billion PKR,sbp_domestic_debt,monthly
2013-02-28,Federal Government,2.74,billion PKR,sbp_domestic_debt,monthly
2013-03-31,Federal Government,2.74,billion PKR,sbp_domestic_debt,monthly
2013-04-30,Federal Government,2.74,billion PKR,sbp_domestic_debt,monthly
2013-05-31,Federal Government,2.74,billion PKR,sbp_domestic_debt,monthly
2013-06-30,Federal Government,2.74,billion PKR,sbp_domestic_debt,monthly
2013-07-31,Federal Government,2.74,billion PKR,sbp_domestic_debt,monthly
2013-08-31,Federal Government,2.74,billion PKR,sbp_domestic_debt,monthly
2013-09-30,Federal Government,2.74,billion PKR,sbp_domestic_debt,monthly
2013-10-31,Federal Government,2.74,billion PKR,sbp_domestic_debt,monthly
2013-11-30,Federal Government,2.74,billion PKR,sbp_domestic_debt,monthly
2013-12-31,Federal Government,2.74,billion PKR,sbp_domestic_debt,monthly
2014-01-31,Federal Government,2.74,billion PKR,sbp_domestic_debt,monthly
2014-02-28,Federal Government,2.74,billion PKR,sbp_domestic_debt,monthly
2014-03-31,Federal Government,2.74,billion PKR,sbp_domestic_debt,monthly
2014-04-30,Federal Government,2.74,billion PKR,sbp_domestic_debt,monthly
2014-05-31,Federal Government,2.74,billion PKR,sbp_domestic_debt,monthly
2014-06-30,Federal Government,2.74,billion PKR,sbp_domestic_debt,monthly
2014-07-31,Federal Government,2.74,billion PKR,sbp_domestic_debt,monthly
2014-08-31,Federal Government,2.74,billion PKR,sbp_domestic_debt,monthly
2014-09-30,Federal Government,2.74,billion PKR,sbp_domestic_debt,monthly
2014-10-31,Federal Government,2.74,billion PKR,sbp_domestic_debt,monthly
2014-11-30,Federal Government,2.74,billion PKR,sbp_domestic_debt,monthly
2014-12-31,Federal Government,2.74,billion PKR,sbp_domestic_debt,monthly
2015-01-31,Federal Government,2.74,billion PKR,sbp_domestic_debt,monthly
2015-02-28,Federal Government,2.74,billion PKR,sbp_domestic_debt,monthly
2015-03-31,Federal Government,2.74,billion PKR,sbp_domestic_debt,monthly
2015-04-30,Federal Government,2.74,billion PKR,sbp_domestic_debt,monthly
2015-05-31,Federal Government,2.74,billion PKR,sbp_domestic_debt,monthly
2015-06-30,Federal Government,2.74,billion PKR,sbp_domestic_debt,monthly
2015-07-31,Federal Government,2.74,billion PKR,sbp_domestic_debt,monthly
2015-08-31,Federal Government,2.74,billion PKR,sbp_domestic_debt,monthly
2015-09-30,Federal Government,2.74,billion PKR,sbp_domestic_debt,monthly
2015-10-31,Federal Government,2.74,billion PKR,sbp_domestic_debt,monthly
2015-11-30,Federal Government,2.74,billion PKR,sbp_domestic_debt,monthly
2015-12-31,Federal Government,2.74,billion PKR,sbp_domestic_debt,monthly
2016-01-31,Federal Government,2.74,billion PKR,sbp_domestic_debt,monthly
2016-02-29,Federal Government,2.74,billion PKR,sbp_domestic_debt,monthly
2016-03-31,Federal Government,2.74,billion PKR,sbp_domestic_debt,monthly
2016-04-30,Federal Government,2.74,billion PKR,sbp_domestic_debt,monthly
2016-05-31,Federal Government,2.74,billion PKR,sbp_domestic_debt,monthly
2016-06-30,Federal Government,2.74,billion PKR,sbp_domestic_debt,monthly
2016-07-31,Federal Government,2.74,billion PKR,sbp_domestic_debt,monthly
2016-08-31,Federal Government,2.74,billion PKR,sbp_domestic_debt,monthly
2016-09-30,Federal Government,2.74,billion PKR,sbp_domestic_debt,monthly
2016-10-31,Federal Government,2.74,billion PKR,sbp_domestic_debt,monthly
2016-11-30,Federal Government,2.74,billion PKR,sbp_domestic_debt,monthly
2016-12-31,Federal Government,2.74,billion PKR,sbp_domestic_debt,monthly
2017-01-31,Federal Government,2.74,billion PKR,sbp_domestic_debt,monthly
2017-02-28,Federal Government,2.74,billion PKR,sbp_domestic_debt,monthly
2017-03-31,Federal Government,2.74,billion PKR,sbp_domestic_debt,monthly
2017-04-30,Federal Government,2.74,billion PKR,sbp_domestic_debt,monthly
2017-05-31,Federal Government,2.74,billion PKR,sbp_domestic_debt,monthly
2017-06-30,Federal Government,2.74,billion PKR,sbp_domestic_debt,monthly
2017-07-31,Federal Government,2.74,billion PKR,sbp_domestic_debt,monthly
2017-08-31,Federal Government,2.74,billion PKR,sbp_domestic_debt,monthly
2017-09-30,Federal Government,2.74,billion PKR,sbp_domestic_debt,monthly
2017-10-31,Federal Government,2.74,billion PKR,sbp_domestic_debt,monthly
2017-11-30,Federal Government,2.74,billion PKR,sbp_domestic_debt,monthly
2017-12-31,Federal Government,2.74,billion PKR,sbp_domestic_debt,monthly
2018-01-31,Federal Government,2.74,billion PKR,sbp_domestic_debt,monthly
2018-02-28,Federal Government,2.74,billion PKR,sbp_domestic_debt,monthly
2018-03-31,Federal Government,2.74,billion PKR,sbp_domestic_debt,monthly
2018-04-30,Federal Government,2.74,billion PKR,sbp_domestic_debt,monthly
2018-05-31,Federal Government,2.74,billion PKR,sbp_domestic_debt,monthly
2018-06-30,Federal Government,2.74,billion PKR,sbp_domestic_debt,monthly
2018-07-31,Federal Government,2.74,billion PKR,sbp_domestic_debt,monthly
2018-08-31,Federal Government,2.74,billion PKR,sbp_domestic_debt,monthly
2018-09-30,Federal Government,2.74,billion PKR,sbp_domestic_debt,monthly
2018-10-31,Federal Government,2.74,billion PKR,sbp_domestic_debt,monthly
2018-11-30,Federal Government,2.74,billion PKR,sbp_domestic_debt,monthly
2018-12-31,Federal Government,2.74,billion PKR,sbp_domestic_debt,monthly
2019-01-31,Federal Government,2.74,billion PKR,sbp_domestic_debt,monthly
2019-02-28,Federal Government,2.74,billion PKR,sbp_domestic_debt,monthly
2019-03-31,Federal Government,2.74,billion PKR,sbp_domestic_debt,monthly
2019-04-30,Federal Government,2.74,billion PKR,sbp_domestic_debt,monthly
2019-05-31,Federal Government,2.74,billion PKR,sbp_domestic_debt,monthly
2019-06-30,Federal Government,2.74,billion PKR,sbp_domestic_debt,monthly
2019-07-31,Federal Government,2.74,billion PKR,sbp_domestic_debt,monthly
2019-08-31,Federal Government,2.74,billion PKR,sbp_domestic_debt,monthly
2019-09-30,Federal Government,2.74,billion PKR,sbp_domestic_debt,monthly
2019-10-31,Federal Government,2.74,billion PKR,sbp_domestic_debt,monthly
2019-11-30,Federal Government,2.74,billion PKR,sbp_domestic_debt,monthly
2019-12-31,Federal Government,2.74,billion PKR,sbp_domestic_debt,monthly
2020-01-31,Federal Government,2.74,billion PKR,sbp_domestic_debt,monthly
2020-02-29,Federal Government,2.74,billion PKR,sbp_domestic_debt,monthly
2020-03-31,Federal Government,2.74,billion PKR,sbp_domestic_debt,monthly
2020-04-30,Federal Government,2.74,billion PKR,sbp_domestic_debt,monthly
2020-05-31,Federal Government,2.74,billion PKR,sbp_domestic_debt,monthly
2020-06-30,Federal Government,2.74,billion PKR,sbp_domestic_debt,monthly
2020-07-31,Federal Government,2.74,billion PKR,sbp_domestic_debt,monthly
2020-08-31,Federal Government,2.74,billion PKR,sbp_domestic_debt,monthly
2020-09-30,Federal Government,2.74,billion PKR,sbp_domestic_debt,monthly
2020-10-31,Federal Government,2.74,billion PKR,sbp_domestic_debt,monthly
2020-11-30,Federal Government,2.74,billion PKR,sbp_domestic_debt,monthly
2020-12-31,Federal Government,2.74,billion PKR,sbp_domestic_debt,monthly
2021-01-31,Federal Government,2.74,billion PKR,sbp_domestic_debt,monthly
2021-02-28,Federal Government,2.74,billion PKR,sbp_domestic_debt,monthly
2021-03-31,Federal Government,2.74,billion PKR,sbp_domestic_debt,monthly
2021-04-30,Federal Government,2.74,billion PKR,sbp_domestic_debt,monthly
2021-05-31,Federal Government,2.74,billion PKR,sbp_domestic_debt,monthly
2021-06-30,Federal Government,2.74,billion PKR,sbp_domestic_debt,monthly
2021-07-31,Federal Government,2.74,billion PKR,sbp_domestic_debt,monthly
2021-08-31,Federal Government,2.74,billion PKR,sbp_domestic_debt,monthly
2021-09-30,Federal Government,2.74,billion PKR,sbp_domestic_debt,monthly
2021-10-31,Federal Government,2.74,billion PKR,sbp_domestic_debt,monthly
2021-11-30,Federal Government,2.74,billion PKR,sbp_domestic_debt,monthly
2021-12-31,Federal Government,2.74,billion PKR,sbp_domestic_debt,monthly
2022-01-31,Federal Government,2.74,billion PKR,sbp_domestic_debt,monthly
2022-02-28,Federal Government,2.74,billion PKR,sbp_domestic_debt,monthly
2022-03-31,Federal Government,2.74,billion PKR,sbp_domestic_debt,monthly
2022-04-30,Federal Government,2.74,billion PKR,sbp_domestic_debt,monthly
2022-05-31,Federal Government,2.74,billion PKR,sbp_domestic_debt,monthly
2022-06-30,Federal Government,2.74,billion PKR,sbp_domestic_debt,monthly
2022-07-31,Federal Government,2.8427639,billion PKR,sbp_domestic_debt,monthly
2022-08-31,Federal Government,2.8427639,billion PKR,sbp_domestic_debt,monthly
2022-09-30,Federal Government,2.8427639,billion PKR,sbp_domestic_debt,monthly
2022-10-31,Federal Government,2.8427639,billion PKR,sbp_domestic_debt,monthly
2022-11-30,Federal Government,2.8427639,billion PKR,sbp_domestic_debt,monthly
2022-12-31,Federal Government,2.8427639,billion PKR,sbp_domestic_debt,monthly
2023-01-31,Federal Government,2.8427639,billion PKR,sbp_domestic_debt,monthly
2023-02-28,Federal Government,2.8427639,billion PKR,sbp_domestic_debt,monthly
2023-03-31,Federal Government,2.8427639,billion PKR,sbp_domestic_debt,monthly
2023-04-30,Federal Government,2.8427639,billion PKR,sbp_domestic_debt,monthly
2023-05-31,Federal Government,2.8427639,billion PKR,sbp_domestic_debt,monthly
2023-06-30,Federal Government,2.8427639,billion PKR,sbp_domestic_debt,monthly
2023-07-31,Federal Government,2.8427639,billion PKR,sbp_domestic_debt,monthly
2023-08-31,Federal Government,2.8427639,billion PKR,sbp_domestic_debt,monthly
2023-09-30,Federal Government,2.8427639,billion PKR,sbp_domestic_debt,monthly
2023-10-31,Federal Government,2.8427639,billion PKR,sbp_domestic_debt,monthly
2023-11-30,Federal Government,2.8427639,billion PKR,sbp_domestic_debt,monthly
2023-12-31,Federal Government,2.8427639,billion PKR,sbp_domestic_debt,monthly
2024-01-31,Federal Government,2.8427639,billion PKR,sbp_domestic_debt,monthly
2024-02-29,Federal Government,2.8427639,billion PKR,sbp_domestic_debt,monthly
2024-03-31,Federal Government,2.8427639,billion PKR,sbp_domestic_debt,monthly
2024-04-30,Federal Government,2.8427639,billion PKR,sbp_domestic_debt,monthly
2024-05-31,Federal Government,2.8427639,billion PKR,sbp_domestic_debt,monthly
2024-06-30,Federal Government,2.8427639,billion PKR,sbp_domestic_debt,monthly
2024-07-31,Federal Government,2.8427639,billion PKR,sbp_domestic_debt,monthly
2024-08-31,Federal Government,2.8427639,billion PKR,sbp_domestic_debt,monthly
2024-09-30,Federal Government,2.8427639,billion PKR,sbp_domestic_debt,monthly
2024-10-31,Federal Government,2.8427639,billion PKR,sbp_domestic_debt,monthly
2024-11-30,Federal Government,2.8427639,billion PKR,sbp_domestic_debt,monthly
2024-12-31,Federal Government,2.8427639,billion PKR,sbp_domestic_debt,monthly
2025-01-31,Federal Government,2.8427639,billion PKR,sbp_domestic_debt,monthly
2025-02-28,Federal Government,2.8427639,billion PKR,sbp_domestic_debt,monthly
2025-03-31,Federal Government,2.8427639,billion PKR,sbp_domestic_debt,monthly
2025-04-30,Federal Government,2.8427639,billion PKR,sbp_domestic_debt,monthly
2025-05-31,Federal Government,2.8427639,billion PKR,sbp_domestic_debt,monthly
2025-06-30,Federal Government,2.8427639,billion PKR,sbp_domestic_debt,monthly
2025-07-31,Federal Government,2.8427639,billion PKR,sbp_domestic_debt,monthly
2025-08-31,Federal Government,2.8427639,billion PKR,sbp_domestic_debt,monthly
2025-09-30,Federal Government,2.8427639,billion PKR,sbp_domestic_debt,monthly
2025-10-31,Federal Government,2.8427639,billion PKR,sbp_domestic_debt,monthly
2025-11-30,Federal Government,2.8427639,billion PKR,sbp_domestic_debt,monthly
2025-12-31,Federal Government,2.8427639,billion PKR,sbp_domestic_debt,monthly
2026-01-31,Federal Government,2.8427639,billion PKR,sbp_domestic_debt,monthly
2026-02-28,Federal Government,2.8427639,billion PKR,sbp_domestic_debt,monthly
2026-03-31,Federal Government,2.8427639,billion PKR,sbp_domestic_debt,monthly
2026-04-30,Federal Government,2.8427639,billion PKR,sbp_domestic_debt,monthly
2026-05-31,Federal Government,2.8427639,billion PKR,sbp_domestic_debt,monthly
2010-06-30,Federal Investment Bonds,0.037526,billion PKR,sbp_domestic_debt,monthly
2010-07-31,Federal Investment Bonds,0.037526,billion PKR,sbp_domestic_debt,monthly
2010-08-31,Federal Investment Bonds,0.035776,billion PKR,sbp_domestic_debt,monthly
2010-09-30,Federal Investment Bonds,0.035776,billion PKR,sbp_domestic_debt,monthly
2010-10-31,Federal Investment Bonds,0.035776,billion PKR,sbp_domestic_debt,monthly
2010-11-30,Federal Investment Bonds,0.035776,billion PKR,sbp_domestic_debt,monthly
2010-12-31,Federal Investment Bonds,0.035776,billion PKR,sbp_domestic_debt,monthly
2011-01-31,Federal Investment Bonds,0.035776,billion PKR,sbp_domestic_debt,monthly
2011-02-28,Federal Investment Bonds,0.035776,billion PKR,sbp_domestic_debt,monthly
2011-03-31,Federal Investment Bonds,0.035776,billion PKR,sbp_domestic_debt,monthly
2011-04-30,Federal Investment Bonds,0.035776,billion PKR,sbp_domestic_debt,monthly
2011-05-31,Federal Investment Bonds,0.035776,billion PKR,sbp_domestic_debt,monthly
2011-06-30,Federal Investment Bonds,0.035776,billion PKR,sbp_domestic_debt,monthly
2011-07-31,Federal Investment Bonds,0.035776,billion PKR,sbp_domestic_debt,monthly
2011-08-31,Federal Investment Bonds,0.035776,billion PKR,sbp_domestic_debt,monthly
2011-09-30,Federal Investment Bonds,0.035776,billion PKR,sbp_domestic_debt,monthly
2011-10-31,Federal Investment Bonds,0.035776,billion PKR,sbp_domestic_debt,monthly
2011-11-30,Federal Investment Bonds,0.035776,billion PKR,sbp_domestic_debt,monthly
2011-12-31,Federal Investment Bonds,0.035776,billion PKR,sbp_domestic_debt,monthly
2012-01-31,Federal Investment Bonds,0.035776,billion PKR,sbp_domestic_debt,monthly
2012-02-29,Federal Investment Bonds,0.035776,billion PKR,sbp_domestic_debt,monthly
2012-03-31,Federal Investment Bonds,0.035776,billion PKR,sbp_domestic_debt,monthly
2012-04-30,Federal Investment Bonds,0.035776,billion PKR,sbp_domestic_debt,monthly
2012-05-31,Federal Investment Bonds,0.035776,billion PKR,sbp_domestic_debt,monthly
2012-06-30,Federal Investment Bonds,0.035776,billion PKR,sbp_domestic_debt,monthly
2012-07-31,Federal Investment Bonds,0.035776,billion PKR,sbp_domestic_debt,monthly
2012-08-31,Federal Investment Bonds,0.035776,billion PKR,sbp_domestic_debt,monthly
2012-09-30,Federal Investment Bonds,0.0353048,billion PKR,sbp_domestic_debt,monthly
2012-10-31,Federal Investment Bonds,0.0353048,billion PKR,sbp_domestic_debt,monthly
2012-11-30,Federal Investment Bonds,0.0353048,billion PKR,sbp_domestic_debt,monthly
2012-12-31,Federal Investment Bonds,0.0353048,billion PKR,sbp_domestic_debt,monthly
2013-01-31,Federal Investment Bonds,0.0353048,billion PKR,sbp_domestic_debt,monthly
2013-02-28,Federal Investment Bonds,0.0353048,billion PKR,sbp_domestic_debt,monthly
2013-03-31,Federal Investment Bonds,0.0353048,billion PKR,sbp_domestic_debt,monthly
2013-04-30,Federal Investment Bonds,0.0353048,billion PKR,sbp_domestic_debt,monthly
2013-05-31,Federal Investment Bonds,0.0353048,billion PKR,sbp_domestic_debt,monthly
2013-06-30,Federal Investment Bonds,0.0353048,billion PKR,sbp_domestic_debt,monthly
2013-07-31,Federal Investment Bonds,0.0353048,billion PKR,sbp_domestic_debt,monthly
2013-08-31,Federal Investment Bonds,0.0353048,billion PKR,sbp_domestic_debt,monthly
2013-09-30,Federal Investment Bonds,0.0353048,billion PKR,sbp_domestic_debt,monthly
2013-10-31,Federal Investment Bonds,0.0353048,billion PKR,sbp_domestic_debt,monthly
2013-11-30,Federal Investment Bonds,0.0353048,billion PKR,sbp_domestic_debt,monthly
2013-12-31,Federal Investment Bonds,0.0353048,billion PKR,sbp_domestic_debt,monthly
2014-01-31,Federal Investment Bonds,0.0353048,billion PKR,sbp_domestic_debt,monthly
2014-02-28,Federal Investment Bonds,0.0353048,billion PKR,sbp_domestic_debt,monthly
2014-03-31,Federal Investment Bonds,0.0353048,billion PKR,sbp_domestic_debt,monthly
2014-04-30,Federal Investment Bonds,0.0353048,billion PKR,sbp_domestic_debt,monthly
2014-05-31,Federal Investment Bonds,0.0353048,billion PKR,sbp_domestic_debt,monthly
2014-06-30,Federal Investment Bonds,0.0353048,billion PKR,sbp_domestic_debt,monthly
2014-07-31,Federal Investment Bonds,0.0353048,billion PKR,sbp_domestic_debt,monthly
2014-08-31,Federal Investment Bonds,0.0353048,billion PKR,sbp_domestic_debt,monthly
2014-09-30,Federal Investment Bonds,0.0353048,billion PKR,sbp_domestic_debt,monthly
2014-10-31,Federal Investment Bonds,0.0353048,billion PKR,sbp_domestic_debt,monthly
2014-11-30,Federal Investment Bonds,0.0353048,billion PKR,sbp_domestic_debt,monthly
2014-12-31,Federal Investment Bonds,0.0353048,billion PKR,sbp_domestic_debt,monthly
2015-01-31,Federal Investment Bonds,0.0353048,billion PKR,sbp_domestic_debt,monthly
2015-02-28,Federal Investment Bonds,0.0353048,billion PKR,sbp_domestic_debt,monthly
2015-03-31,Federal Investment Bonds,0.0353048,billion PKR,sbp_domestic_debt,monthly
2015-04-30,Federal Investment Bonds,0.0353048,billion PKR,sbp_domestic_debt,monthly
2015-05-31,Federal Investment Bonds,0.0353048,billion PKR,sbp_domestic_debt,monthly
2015-06-30,Federal Investment Bonds,0.0353048,billion PKR,sbp_domestic_debt,monthly
2015-07-31,Federal Investment Bonds,0.0353048,billion PKR,sbp_domestic_debt,monthly
2015-08-31,Federal Investment Bonds,0.0353048,billion PKR,sbp_domestic_debt,monthly
2015-09-30,Federal Investment Bonds,0.0353048,billion PKR,sbp_domestic_debt,monthly
2015-10-31,Federal Investment Bonds,0.0353048,billion PKR,sbp_domestic_debt,monthly
2015-11-30,Federal Investment Bonds,0.0353048,billion PKR,sbp_domestic_debt,monthly
2015-12-31,Federal Investment Bonds,0.0353048,billion PKR,sbp_domestic_debt,monthly
2016-01-31,Federal Investment Bonds,0.0353048,billion PKR,sbp_domestic_debt,monthly
2016-02-29,Federal Investment Bonds,0.0353048,billion PKR,sbp_domestic_debt,monthly
2016-03-31,Federal Investment Bonds,0.0353048,billion PKR,sbp_domestic_debt,monthly
2016-04-30,Federal Investment Bonds,0.0353048,billion PKR,sbp_domestic_debt,monthly
2016-05-31,Federal Investment Bonds,0.0353048,billion PKR,sbp_domestic_debt,monthly
2016-06-30,Federal Investment Bonds,0.0353048,billion PKR,sbp_domestic_debt,monthly
2016-07-31,Federal Investment Bonds,0.0353048,billion PKR,sbp_domestic_debt,monthly
2016-08-31,Federal Investment Bonds,0.0353048,billion PKR,sbp_domestic_debt,monthly
2016-09-30,Federal Investment Bonds,0.0353048,billion PKR,sbp_domestic_debt,monthly
2016-10-31,Federal Investment Bonds,0.0353048,billion PKR,sbp_domestic_debt,monthly
2016-11-30,Federal Investment Bonds,0.0353048,billion PKR,sbp_domestic_debt,monthly
2016-12-31,Federal Investment Bonds,0.0353048,billion PKR,sbp_domestic_debt,monthly
2017-01-31,Federal Investment Bonds,0.0353048,billion PKR,sbp_domestic_debt,monthly
2017-02-28,Federal Investment Bonds,0.0353048,billion PKR,sbp_domestic_debt,monthly
2017-03-31,Federal Investment Bonds,0.0353048,billion PKR,sbp_domestic_debt,monthly
2017-04-30,Federal Investment Bonds,0.0353048,billion PKR,sbp_domestic_debt,monthly
2017-05-31,Federal Investment Bonds,0.0353048,billion PKR,sbp_domestic_debt,monthly
2017-06-30,Federal Investment Bonds,0.0353048,billion PKR,sbp_domestic_debt,monthly
2017-07-31,Federal Investment Bonds,0.0353048,billion PKR,sbp_domestic_debt,monthly
2017-08-31,Federal Investment Bonds,0.0353048,billion PKR,sbp_domestic_debt,monthly
2017-09-30,Federal Investment Bonds,0.0353048,billion PKR,sbp_domestic_debt,monthly
2017-10-31,Federal Investment Bonds,0.0353048,billion PKR,sbp_domestic_debt,monthly
2017-11-30,Federal Investment Bonds,0.0353048,billion PKR,sbp_domestic_debt,monthly
2017-12-31,Federal Investment Bonds,0.0353048,billion PKR,sbp_domestic_debt,monthly
2018-01-31,Federal Investment Bonds,0.0353048,billion PKR,sbp_domestic_debt,monthly
2018-02-28,Federal Investment Bonds,0.0353048,billion PKR,sbp_domestic_debt,monthly
2018-03-31,Federal Investment Bonds,0.0353048,billion PKR,sbp_domestic_debt,monthly
2018-04-30,Federal Investment Bonds,0.0353048,billion PKR,sbp_domestic_debt,monthly
2018-05-31,Federal Investment Bonds,0.0353048,billion PKR,sbp_domestic_debt,monthly
2018-06-30,Federal Investment Bonds,0.0353048,billion PKR,sbp_domestic_debt,monthly
2018-07-31,Federal Investment Bonds,0.0353048,billion PKR,sbp_domestic_debt,monthly
2018-08-31,Federal Investment Bonds,0.0353048,billion PKR,sbp_domestic_debt,monthly
2018-09-30,Federal Investment Bonds,0.0353048,billion PKR,sbp_domestic_debt,monthly
2018-10-31,Federal Investment Bonds,0.0353048,billion PKR,sbp_domestic_debt,monthly
2018-11-30,Federal Investment Bonds,0.0353048,billion PKR,sbp_domestic_debt,monthly
2018-12-31,Federal Investment Bonds,0.0353048,billion PKR,sbp_domestic_debt,monthly
2019-01-31,Federal Investment Bonds,0.0353048,billion PKR,sbp_domestic_debt,monthly
2019-02-28,Federal Investment Bonds,0.0353048,billion PKR,sbp_domestic_debt,monthly
2019-03-31,Federal Investment Bonds,0.0353048,billion PKR,sbp_domestic_debt,monthly
2019-04-30,Federal Investment Bonds,0.0353048,billion PKR,sbp_domestic_debt,monthly
2019-05-31,Federal Investment Bonds,0.0353048,billion PKR,sbp_domestic_debt,monthly
2019-06-30,Federal Investment Bonds,0.0342048,billion PKR,sbp_domestic_debt,monthly
2019-07-31,Federal Investment Bonds,0.0342048,billion PKR,sbp_domestic_debt,monthly
2019-08-31,Federal Investment Bonds,0.0342048,billion PKR,sbp_domestic_debt,monthly
2019-09-30,Federal Investment Bonds,0.0342048,billion PKR,sbp_domestic_debt,monthly
2019-10-31,Federal Investment Bonds,0.0342048,billion PKR,sbp_domestic_debt,monthly
2019-11-30,Federal Investment Bonds,0.0342048,billion PKR,sbp_domestic_debt,monthly
2019-12-31,Federal Investment Bonds,0.0342048,billion PKR,sbp_domestic_debt,monthly
2020-01-31,Federal Investment Bonds,0.0342048,billion PKR,sbp_domestic_debt,monthly
2020-02-29,Federal Investment Bonds,0.0342048,billion PKR,sbp_domestic_debt,monthly
2020-03-31,Federal Investment Bonds,0.0342048,billion PKR,sbp_domestic_debt,monthly
2020-04-30,Federal Investment Bonds,0.0342048,billion PKR,sbp_domestic_debt,monthly
2020-05-31,Federal Investment Bonds,0.0342048,billion PKR,sbp_domestic_debt,monthly
2020-06-30,Federal Investment Bonds,0.0342048,billion PKR,sbp_domestic_debt,monthly
2020-07-31,Federal Investment Bonds,0.0342048,billion PKR,sbp_domestic_debt,monthly
2020-08-31,Federal Investment Bonds,0.0342048,billion PKR,sbp_domestic_debt,monthly
2020-09-30,Federal Investment Bonds,0.0342048,billion PKR,sbp_domestic_debt,monthly
2020-10-31,Federal Investment Bonds,0.0342048,billion PKR,sbp_domestic_debt,monthly
2020-11-30,Federal Investment Bonds,0.0342048,billion PKR,sbp_domestic_debt,monthly
2020-12-31,Federal Investment Bonds,0.0342048,billion PKR,sbp_domestic_debt,monthly
2021-01-31,Federal Investment Bonds,0.0342048,billion PKR,sbp_domestic_debt,monthly
2021-02-28,Federal Investment Bonds,0.0342048,billion PKR,sbp_domestic_debt,monthly
2021-03-31,Federal Investment Bonds,0.0342048,billion PKR,sbp_domestic_debt,monthly
2021-04-30,Federal Investment Bonds,0.0342048,billion PKR,sbp_domestic_debt,monthly
2021-05-31,Federal Investment Bonds,0.0342048,billion PKR,sbp_domestic_debt,monthly
2021-06-30,Federal Investment Bonds,0.0342048,billion PKR,sbp_domestic_debt,monthly
2021-07-31,Federal Investment Bonds,0.0342048,billion PKR,sbp_domestic_debt,monthly
2021-08-31,Federal Investment Bonds,0.0342048,billion PKR,sbp_domestic_debt,monthly
2021-09-30,Federal Investment Bonds,0.0342048,billion PKR,sbp_domestic_debt,monthly
2021-10-31,Federal Investment Bonds,0.0342048,billion PKR,sbp_domestic_debt,monthly
2021-11-30,Federal Investment Bonds,0.0342048,billion PKR,sbp_domestic_debt,monthly
2021-12-31,Federal Investment Bonds,0.0342048,billion PKR,sbp_domestic_debt,monthly
2022-01-31,Federal Investment Bonds,0.0342048,billion PKR,sbp_domestic_debt,monthly
2022-02-28,Federal Investment Bonds,0.0342048,billion PKR,sbp_domestic_debt,monthly
2022-03-31,Federal Investment Bonds,0.0342048,billion PKR,sbp_domestic_debt,monthly
2022-04-30,Federal Investment Bonds,0.0342048,billion PKR,sbp_domestic_debt,monthly
2022-05-31,Federal Investment Bonds,0.0342048,billion PKR,sbp_domestic_debt,monthly
2022-06-30,Federal Investment Bonds,0.0342048,billion PKR,sbp_domestic_debt,monthly
2010-06-30,Foreign Exchange Bearer Certificate,0.123499,billion PKR,sbp_domestic_debt,monthly
2010-07-31,Foreign Exchange Bearer Certificate,0.123499,billion PKR,sbp_domestic_debt,monthly
2010-08-31,Foreign Exchange Bearer Certificate,0.123494,billion PKR,sbp_domestic_debt,monthly
2010-09-30,Foreign Exchange Bearer Certificate,0.123494,billion PKR,sbp_domestic_debt,monthly
2010-10-31,Foreign Exchange Bearer Certificate,0.122944,billion PKR,sbp_domestic_debt,monthly
2010-11-30,Foreign Exchange Bearer Certificate,0.122944,billion PKR,sbp_domestic_debt,monthly
2010-12-31,Foreign Exchange Bearer Certificate,0.122117,billion PKR,sbp_domestic_debt,monthly
2011-01-31,Foreign Exchange Bearer Certificate,0.122117,billion PKR,sbp_domestic_debt,monthly
2011-02-28,Foreign Exchange Bearer Certificate,0.122007,billion PKR,sbp_domestic_debt,monthly
2011-03-31,Foreign Exchange Bearer Certificate,0.1213915,billion PKR,sbp_domestic_debt,monthly
2011-04-30,Foreign Exchange Bearer Certificate,0.1209365,billion PKR,sbp_domestic_debt,monthly
2011-05-31,Foreign Exchange Bearer Certificate,0.1205445,billion PKR,sbp_domestic_debt,monthly
2011-06-30,Foreign Exchange Bearer Certificate,0.1205275,billion PKR,sbp_domestic_debt,monthly
2011-07-31,Foreign Exchange Bearer Certificate,0.1205265,billion PKR,sbp_domestic_debt,monthly
2011-08-31,Foreign Exchange Bearer Certificate,0.1205265,billion PKR,sbp_domestic_debt,monthly
2011-09-30,Foreign Exchange Bearer Certificate,0.1205265,billion PKR,sbp_domestic_debt,monthly
2011-10-31,Foreign Exchange Bearer Certificate,0.1205265,billion PKR,sbp_domestic_debt,monthly
2011-11-30,Foreign Exchange Bearer Certificate,0.1204715,billion PKR,sbp_domestic_debt,monthly
2011-12-31,Foreign Exchange Bearer Certificate,0.1204405,billion PKR,sbp_domestic_debt,monthly
2012-01-31,Foreign Exchange Bearer Certificate,0.1204405,billion PKR,sbp_domestic_debt,monthly
2012-02-29,Foreign Exchange Bearer Certificate,0.1204405,billion PKR,sbp_domestic_debt,monthly
2012-03-31,Foreign Exchange Bearer Certificate,0.1204405,billion PKR,sbp_domestic_debt,monthly
2012-04-30,Foreign Exchange Bearer Certificate,0.1204405,billion PKR,sbp_domestic_debt,monthly
2012-05-31,Foreign Exchange Bearer Certificate,0.1204345,billion PKR,sbp_domestic_debt,monthly
2012-06-30,Foreign Exchange Bearer Certificate,0.1187295,billion PKR,sbp_domestic_debt,monthly
2012-07-31,Foreign Exchange Bearer Certificate,0.1187295,billion PKR,sbp_domestic_debt,monthly
2012-08-31,Foreign Exchange Bearer Certificate,0.1187295,billion PKR,sbp_domestic_debt,monthly
2012-09-30,Foreign Exchange Bearer Certificate,0.1186945,billion PKR,sbp_domestic_debt,monthly
2012-10-31,Foreign Exchange Bearer Certificate,0.1186945,billion PKR,sbp_domestic_debt,monthly
2012-11-30,Foreign Exchange Bearer Certificate,0.1184945,billion PKR,sbp_domestic_debt,monthly
2012-12-31,Foreign Exchange Bearer Certificate,0.1167945,billion PKR,sbp_domestic_debt,monthly
2013-01-31,Foreign Exchange Bearer Certificate,0.1167945,billion PKR,sbp_domestic_debt,monthly
2013-02-28,Foreign Exchange Bearer Certificate,0.1163265,billion PKR,sbp_domestic_debt,monthly
2013-03-31,Foreign Exchange Bearer Certificate,0.1163265,billion PKR,sbp_domestic_debt,monthly
2013-04-30,Foreign Exchange Bearer Certificate,0.1163265,billion PKR,sbp_domestic_debt,monthly
2013-05-31,Foreign Exchange Bearer Certificate,0.1163265,billion PKR,sbp_domestic_debt,monthly
2013-06-30,Foreign Exchange Bearer Certificate,0.11628,billion PKR,sbp_domestic_debt,monthly
2013-07-31,Foreign Exchange Bearer Certificate,0.11628,billion PKR,sbp_domestic_debt,monthly
2013-08-31,Foreign Exchange Bearer Certificate,0.11598,billion PKR,sbp_domestic_debt,monthly
2013-09-30,Foreign Exchange Bearer Certificate,0.11598,billion PKR,sbp_domestic_debt,monthly
2013-10-31,Foreign Exchange Bearer Certificate,0.11438,billion PKR,sbp_domestic_debt,monthly
2013-11-30,Foreign Exchange Bearer Certificate,0.11438,billion PKR,sbp_domestic_debt,monthly
2013-12-31,Foreign Exchange Bearer Certificate,0.11438,billion PKR,sbp_domestic_debt,monthly
2014-01-31,Foreign Exchange Bearer Certificate,0.11438,billion PKR,sbp_domestic_debt,monthly
2014-02-28,Foreign Exchange Bearer Certificate,0.11361,billion PKR,sbp_domestic_debt,monthly
2014-03-31,Foreign Exchange Bearer Certificate,0.11361,billion PKR,sbp_domestic_debt,monthly
2014-04-30,Foreign Exchange Bearer Certificate,0.11361,billion PKR,sbp_domestic_debt,monthly
2014-05-31,Foreign Exchange Bearer Certificate,0.11325,billion PKR,sbp_domestic_debt,monthly
2014-06-30,Foreign Exchange Bearer Certificate,0.11325,billion PKR,sbp_domestic_debt,monthly
2014-07-31,Foreign Exchange Bearer Certificate,0.11325,billion PKR,sbp_domestic_debt,monthly
2014-08-31,Foreign Exchange Bearer Certificate,0.11325,billion PKR,sbp_domestic_debt,monthly
2014-09-30,Foreign Exchange Bearer Certificate,0.11325,billion PKR,sbp_domestic_debt,monthly
2014-10-31,Foreign Exchange Bearer Certificate,0.11305,billion PKR,sbp_domestic_debt,monthly
2014-11-30,Foreign Exchange Bearer Certificate,0.11305,billion PKR,sbp_domestic_debt,monthly
2014-12-31,Foreign Exchange Bearer Certificate,0.113045,billion PKR,sbp_domestic_debt,monthly
2015-01-31,Foreign Exchange Bearer Certificate,0.113045,billion PKR,sbp_domestic_debt,monthly
2015-02-28,Foreign Exchange Bearer Certificate,0.113045,billion PKR,sbp_domestic_debt,monthly
2015-03-31,Foreign Exchange Bearer Certificate,0.113045,billion PKR,sbp_domestic_debt,monthly
2015-04-30,Foreign Exchange Bearer Certificate,0.113045,billion PKR,sbp_domestic_debt,monthly
2015-05-31,Foreign Exchange Bearer Certificate,0.113045,billion PKR,sbp_domestic_debt,monthly
2015-06-30,Foreign Exchange Bearer Certificate,0.113045,billion PKR,sbp_domestic_debt,monthly
2015-07-31,Foreign Exchange Bearer Certificate,0.113045,billion PKR,sbp_domestic_debt,monthly
2015-08-31,Foreign Exchange Bearer Certificate,0.113045,billion PKR,sbp_domestic_debt,monthly
2015-09-30,Foreign Exchange Bearer Certificate,0.112875,billion PKR,sbp_domestic_debt,monthly
2015-10-31,Foreign Exchange Bearer Certificate,0.112875,billion PKR,sbp_domestic_debt,monthly
2015-11-30,Foreign Exchange Bearer Certificate,0.112875,billion PKR,sbp_domestic_debt,monthly
2015-12-31,Foreign Exchange Bearer Certificate,0.112875,billion PKR,sbp_domestic_debt,monthly
2016-01-31,Foreign Exchange Bearer Certificate,0.112875,billion PKR,sbp_domestic_debt,monthly
2016-02-29,Foreign Exchange Bearer Certificate,0.112875,billion PKR,sbp_domestic_debt,monthly
2016-03-31,Foreign Exchange Bearer Certificate,0.112875,billion PKR,sbp_domestic_debt,monthly
2016-04-30,Foreign Exchange Bearer Certificate,0.112875,billion PKR,sbp_domestic_debt,monthly
2016-05-31,Foreign Exchange Bearer Certificate,0.112875,billion PKR,sbp_domestic_debt,monthly
2016-06-30,Foreign Exchange Bearer Certificate,0.112875,billion PKR,sbp_domestic_debt,monthly
2016-07-31,Foreign Exchange Bearer Certificate,0.112875,billion PKR,sbp_domestic_debt,monthly
2016-08-31,Foreign Exchange Bearer Certificate,0.112875,billion PKR,sbp_domestic_debt,monthly
2016-09-30,Foreign Exchange Bearer Certificate,0.110375,billion PKR,sbp_domestic_debt,monthly
2016-10-31,Foreign Exchange Bearer Certificate,0.110375,billion PKR,sbp_domestic_debt,monthly
2016-11-30,Foreign Exchange Bearer Certificate,0.110375,billion PKR,sbp_domestic_debt,monthly
2016-12-31,Foreign Exchange Bearer Certificate,0.108175,billion PKR,sbp_domestic_debt,monthly
2017-01-31,Foreign Exchange Bearer Certificate,0.108175,billion PKR,sbp_domestic_debt,monthly
2017-02-28,Foreign Exchange Bearer Certificate,0.108075,billion PKR,sbp_domestic_debt,monthly
2017-03-31,Foreign Exchange Bearer Certificate,0.108075,billion PKR,sbp_domestic_debt,monthly
2017-04-30,Foreign Exchange Bearer Certificate,0.108075,billion PKR,sbp_domestic_debt,monthly
2017-05-31,Foreign Exchange Bearer Certificate,0.108075,billion PKR,sbp_domestic_debt,monthly
2017-06-30,Foreign Exchange Bearer Certificate,0.108075,billion PKR,sbp_domestic_debt,monthly
2017-07-31,Foreign Exchange Bearer Certificate,0.107835,billion PKR,sbp_domestic_debt,monthly
2017-08-31,Foreign Exchange Bearer Certificate,0.107835,billion PKR,sbp_domestic_debt,monthly
2017-09-30,Foreign Exchange Bearer Certificate,0.107835,billion PKR,sbp_domestic_debt,monthly
2017-10-31,Foreign Exchange Bearer Certificate,0.107835,billion PKR,sbp_domestic_debt,monthly
2017-11-30,Foreign Exchange Bearer Certificate,0.107735,billion PKR,sbp_domestic_debt,monthly
2017-12-31,Foreign Exchange Bearer Certificate,0.107735,billion PKR,sbp_domestic_debt,monthly
2018-01-31,Foreign Exchange Bearer Certificate,0.107735,billion PKR,sbp_domestic_debt,monthly
2018-02-28,Foreign Exchange Bearer Certificate,0.107735,billion PKR,sbp_domestic_debt,monthly
2018-03-31,Foreign Exchange Bearer Certificate,0.107735,billion PKR,sbp_domestic_debt,monthly
2018-04-30,Foreign Exchange Bearer Certificate,0.107735,billion PKR,sbp_domestic_debt,monthly
2018-05-31,Foreign Exchange Bearer Certificate,0.107735,billion PKR,sbp_domestic_debt,monthly
2018-06-30,Foreign Exchange Bearer Certificate,0.107735,billion PKR,sbp_domestic_debt,monthly
2018-07-31,Foreign Exchange Bearer Certificate,0.107735,billion PKR,sbp_domestic_debt,monthly
2018-08-31,Foreign Exchange Bearer Certificate,0.107735,billion PKR,sbp_domestic_debt,monthly
2018-09-30,Foreign Exchange Bearer Certificate,0.107725,billion PKR,sbp_domestic_debt,monthly
2018-10-31,Foreign Exchange Bearer Certificate,0.107725,billion PKR,sbp_domestic_debt,monthly
2018-11-30,Foreign Exchange Bearer Certificate,0.107725,billion PKR,sbp_domestic_debt,monthly
2018-12-31,Foreign Exchange Bearer Certificate,0.107725,billion PKR,sbp_domestic_debt,monthly
2019-01-31,Foreign Exchange Bearer Certificate,0.107725,billion PKR,sbp_domestic_debt,monthly
2019-02-28,Foreign Exchange Bearer Certificate,0.107515,billion PKR,sbp_domestic_debt,monthly
2019-03-31,Foreign Exchange Bearer Certificate,0.10698,billion PKR,sbp_domestic_debt,monthly
2019-04-30,Foreign Exchange Bearer Certificate,0.10672,billion PKR,sbp_domestic_debt,monthly
2019-05-31,Foreign Exchange Bearer Certificate,0.10672,billion PKR,sbp_domestic_debt,monthly
2019-06-30,Foreign Exchange Bearer Certificate,0.10672,billion PKR,sbp_domestic_debt,monthly
2019-07-31,Foreign Exchange Bearer Certificate,0.10672,billion PKR,sbp_domestic_debt,monthly
2019-08-31,Foreign Exchange Bearer Certificate,0.10672,billion PKR,sbp_domestic_debt,monthly
2019-09-30,Foreign Exchange Bearer Certificate,0.10672,billion PKR,sbp_domestic_debt,monthly
2019-10-31,Foreign Exchange Bearer Certificate,0.10672,billion PKR,sbp_domestic_debt,monthly
2019-11-30,Foreign Exchange Bearer Certificate,0.10672,billion PKR,sbp_domestic_debt,monthly
2019-12-31,Foreign Exchange Bearer Certificate,0.10672,billion PKR,sbp_domestic_debt,monthly
2020-01-31,Foreign Exchange Bearer Certificate,0.1063735,billion PKR,sbp_domestic_debt,monthly
2020-02-29,Foreign Exchange Bearer Certificate,0.1063735,billion PKR,sbp_domestic_debt,monthly
2020-03-31,Foreign Exchange Bearer Certificate,0.1063735,billion PKR,sbp_domestic_debt,monthly
2020-04-30,Foreign Exchange Bearer Certificate,0.1063735,billion PKR,sbp_domestic_debt,monthly
2020-05-31,Foreign Exchange Bearer Certificate,0.1063735,billion PKR,sbp_domestic_debt,monthly
2020-06-30,Foreign Exchange Bearer Certificate,0.1063735,billion PKR,sbp_domestic_debt,monthly
2020-07-31,Foreign Exchange Bearer Certificate,0.1063735,billion PKR,sbp_domestic_debt,monthly
2020-08-31,Foreign Exchange Bearer Certificate,0.1063735,billion PKR,sbp_domestic_debt,monthly
2020-09-30,Foreign Exchange Bearer Certificate,0.1063735,billion PKR,sbp_domestic_debt,monthly
2020-10-31,Foreign Exchange Bearer Certificate,0.10573132,billion PKR,sbp_domestic_debt,monthly
2020-11-30,Foreign Exchange Bearer Certificate,0.10573132,billion PKR,sbp_domestic_debt,monthly
2020-12-31,Foreign Exchange Bearer Certificate,0.10573132,billion PKR,sbp_domestic_debt,monthly
2021-01-31,Foreign Exchange Bearer Certificate,0.10573132,billion PKR,sbp_domestic_debt,monthly
2021-02-28,Foreign Exchange Bearer Certificate,0.10573132,billion PKR,sbp_domestic_debt,monthly
2021-03-31,Foreign Exchange Bearer Certificate,0.10573132,billion PKR,sbp_domestic_debt,monthly
2021-04-30,Foreign Exchange Bearer Certificate,0.10573132,billion PKR,sbp_domestic_debt,monthly
2021-05-31,Foreign Exchange Bearer Certificate,0.10573132,billion PKR,sbp_domestic_debt,monthly
2021-06-30,Foreign Exchange Bearer Certificate,0.10565132,billion PKR,sbp_domestic_debt,monthly
2021-07-31,Foreign Exchange Bearer Certificate,0.10565132,billion PKR,sbp_domestic_debt,monthly
2021-08-31,Foreign Exchange Bearer Certificate,0.10565132,billion PKR,sbp_domestic_debt,monthly
2021-09-30,Foreign Exchange Bearer Certificate,0.10565132,billion PKR,sbp_domestic_debt,monthly
2021-10-31,Foreign Exchange Bearer Certificate,0.10565132,billion PKR,sbp_domestic_debt,monthly
2021-11-30,Foreign Exchange Bearer Certificate,0.10565132,billion PKR,sbp_domestic_debt,monthly
2021-12-31,Foreign Exchange Bearer Certificate,0.10565132,billion PKR,sbp_domestic_debt,monthly
2022-01-31,Foreign Exchange Bearer Certificate,0.10565132,billion PKR,sbp_domestic_debt,monthly
2022-02-28,Foreign Exchange Bearer Certificate,0.10525282,billion PKR,sbp_domestic_debt,monthly
2022-03-31,Foreign Exchange Bearer Certificate,0.10514282,billion PKR,sbp_domestic_debt,monthly
2022-04-30,Foreign Exchange Bearer Certificate,0.10514282,billion PKR,sbp_domestic_debt,monthly
2022-05-31,Foreign Exchange Bearer Certificate,0.10514282,billion PKR,sbp_domestic_debt,monthly
2022-06-30,Foreign Exchange Bearer Certificate,0.10514282,billion PKR,sbp_domestic_debt,monthly
2022-07-31,GOP Ijara Sukuk,2315.1162,billion PKR,sbp_domestic_debt,monthly
2022-08-31,GOP Ijara Sukuk,2382.8948,billion PKR,sbp_domestic_debt,monthly
2022-09-30,GOP Ijara Sukuk,2400.5398,billion PKR,sbp_domestic_debt,monthly
2022-10-31,GOP Ijara Sukuk,2446.9754000000003,billion PKR,sbp_domestic_debt,monthly
2022-11-30,GOP Ijara Sukuk,2581.0729,billion PKR,sbp_domestic_debt,monthly
2022-12-31,GOP Ijara Sukuk,2644.5799,billion PKR,sbp_domestic_debt,monthly
2023-01-31,GOP Ijara Sukuk,2654.5799,billion PKR,sbp_domestic_debt,monthly
2023-02-28,GOP Ijara Sukuk,2660.3813000000005,billion PKR,sbp_domestic_debt,monthly
2023-03-31,GOP Ijara Sukuk,2681.2663000000002,billion PKR,sbp_domestic_debt,monthly
2023-04-30,GOP Ijara Sukuk,2862.1538000000005,billion PKR,sbp_domestic_debt,monthly
2023-05-31,GOP Ijara Sukuk,2998.731,billion PKR,sbp_domestic_debt,monthly
2023-06-30,GOP Ijara Sukuk,3150.6019000000006,billion PKR,sbp_domestic_debt,monthly
2023-07-31,GOP Ijara Sukuk,3343.4547000000002,billion PKR,sbp_domestic_debt,monthly
2023-08-31,GOP Ijara Sukuk,3714.5969,billion PKR,sbp_domestic_debt,monthly
2023-09-30,GOP Ijara Sukuk,3809.3755,billion PKR,sbp_domestic_debt,monthly
2023-10-31,GOP Ijara Sukuk,4106.4487,billion PKR,sbp_domestic_debt,monthly
2023-11-30,GOP Ijara Sukuk,4106.4487,billion PKR,sbp_domestic_debt,monthly
2023-12-31,GOP Ijara Sukuk,4419.013933222001,billion PKR,sbp_domestic_debt,monthly
2024-01-31,GOP Ijara Sukuk,4505.158692222,billion PKR,sbp_domestic_debt,monthly
2024-02-29,GOP Ijara Sukuk,4544.886176007,billion PKR,sbp_domestic_debt,monthly
2024-03-31,GOP Ijara Sukuk,4649.685373007001,billion PKR,sbp_domestic_debt,monthly
2024-04-30,GOP Ijara Sukuk,4659.176342007001,billion PKR,sbp_domestic_debt,monthly
2024-05-31,GOP Ijara Sukuk,4784.656398007,billion PKR,sbp_domestic_debt,monthly
2024-06-30,GOP Ijara Sukuk,4766.19079769459,billion PKR,sbp_domestic_debt,monthly
2024-07-31,GOP Ijara Sukuk,4765.65483969459,billion PKR,sbp_domestic_debt,monthly
2024-08-31,GOP Ijara Sukuk,4782.16543869459,billion PKR,sbp_domestic_debt,monthly
2024-09-30,GOP Ijara Sukuk,4968.27528669459,billion PKR,sbp_domestic_debt,monthly
2024-10-31,GOP Ijara Sukuk,5062.81292425285,billion PKR,sbp_domestic_debt,monthly
2024-11-30,GOP Ijara Sukuk,5394.553375910731,billion PKR,sbp_domestic_debt,monthly
2024-12-31,GOP Ijara Sukuk,5709.2776806887305,billion PKR,sbp_domestic_debt,monthly
2025-01-31,GOP Ijara Sukuk,5838.5418772700505,billion PKR,sbp_domestic_debt,monthly
2025-02-28,GOP Ijara Sukuk,5930.108313969171,billion PKR,sbp_domestic_debt,monthly
2025-03-31,GOP Ijara Sukuk,5996.56731238317,billion PKR,sbp_domestic_debt,monthly
2025-04-30,GOP Ijara Sukuk,5879.89915038317,billion PKR,sbp_domestic_debt,monthly
2025-05-31,GOP Ijara Sukuk,6003.77807336353,billion PKR,sbp_domestic_debt,monthly
2025-06-30,GOP Ijara Sukuk,6187.06254198104,billion PKR,sbp_domestic_debt,monthly
2025-07-31,GOP Ijara Sukuk,6049.469007631031,billion PKR,sbp_domestic_debt,monthly
2025-08-31,GOP Ijara Sukuk,6192.478959189551,billion PKR,sbp_domestic_debt,monthly
2025-09-30,GOP Ijara Sukuk,6357.632193189551,billion PKR,sbp_domestic_debt,monthly
2025-10-31,GOP Ijara Sukuk,6536.482205189601,billion PKR,sbp_domestic_debt,monthly
2025-11-30,GOP Ijara Sukuk,6676.13916756855,billion PKR,sbp_domestic_debt,monthly
2025-12-31,GOP Ijara Sukuk,6552.31851256855,billion PKR,sbp_domestic_debt,monthly
2026-01-31,GOP Ijara Sukuk,6750.83003156855,billion PKR,sbp_domestic_debt,monthly
2026-02-28,GOP Ijara Sukuk,6991.604251568551,billion PKR,sbp_domestic_debt,monthly
2026-03-31,GOP Ijara Sukuk,7103.9250105685505,billion PKR,sbp_domestic_debt,monthly
2026-04-30,GOP Ijara Sukuk,7273.074370568551,billion PKR,sbp_domestic_debt,monthly
2026-05-31,GOP Ijara Sukuk,7462.909133336621,billion PKR,sbp_domestic_debt,monthly
2010-06-30,GOP Ijara Sukuk 3 Years,42.2435,billion PKR,sbp_domestic_debt,monthly
2010-07-31,GOP Ijara Sukuk 3 Years,42.2435,billion PKR,sbp_domestic_debt,monthly
2010-08-31,GOP Ijara Sukuk 3 Years,42.2435,billion PKR,sbp_domestic_debt,monthly
2010-09-30,GOP Ijara Sukuk 3 Years,42.2435,billion PKR,sbp_domestic_debt,monthly
2010-10-31,GOP Ijara Sukuk 3 Years,42.2435,billion PKR,sbp_domestic_debt,monthly
2010-11-30,GOP Ijara Sukuk 3 Years,94.0805,billion PKR,sbp_domestic_debt,monthly
2010-12-31,GOP Ijara Sukuk 3 Years,131.2545,billion PKR,sbp_domestic_debt,monthly
2011-01-31,GOP Ijara Sukuk 3 Years,131.2545,billion PKR,sbp_domestic_debt,monthly
2011-02-28,GOP Ijara Sukuk 3 Years,131.2545,billion PKR,sbp_domestic_debt,monthly
2011-03-31,GOP Ijara Sukuk 3 Years,178.7942,billion PKR,sbp_domestic_debt,monthly
2011-04-30,GOP Ijara Sukuk 3 Years,178.7942,billion PKR,sbp_domestic_debt,monthly
2011-05-31,GOP Ijara Sukuk 3 Years,224.5979,billion PKR,sbp_domestic_debt,monthly
2011-06-30,GOP Ijara Sukuk 3 Years,224.5979,billion PKR,sbp_domestic_debt,monthly
2011-06-30,GOP Ijara Sukuk 3 Years and 5 Years,224.5979,billion PKR,sbp_domestic_debt,monthly
2011-07-31,GOP Ijara Sukuk 3 Years and 5 Years,224.5979,billion PKR,sbp_domestic_debt,monthly
2011-08-31,GOP Ijara Sukuk 3 Years and 5 Years,224.5979,billion PKR,sbp_domestic_debt,monthly
2011-09-30,GOP Ijara Sukuk 3 Years and 5 Years,218.0754,billion PKR,sbp_domestic_debt,monthly
2011-10-31,GOP Ijara Sukuk 3 Years and 5 Years,218.0754,billion PKR,sbp_domestic_debt,monthly
2011-11-30,GOP Ijara Sukuk 3 Years and 5 Years,218.0754,billion PKR,sbp_domestic_debt,monthly
2011-12-31,GOP Ijara Sukuk 3 Years and 5 Years,282.3445,billion PKR,sbp_domestic_debt,monthly
2012-01-31,GOP Ijara Sukuk 3 Years and 5 Years,282.3445,billion PKR,sbp_domestic_debt,monthly
2012-02-29,GOP Ijara Sukuk 3 Years and 5 Years,282.3445,billion PKR,sbp_domestic_debt,monthly
2012-03-31,GOP Ijara Sukuk 3 Years and 5 Years,305.1434,billion PKR,sbp_domestic_debt,monthly
2012-04-30,GOP Ijara Sukuk 3 Years and 5 Years,334.7754,billion PKR,sbp_domestic_debt,monthly
2012-05-31,GOP Ijara Sukuk 3 Years and 5 Years,334.7754,billion PKR,sbp_domestic_debt,monthly
2012-06-30,GOP Ijara Sukuk 3 Years and 5 Years,383.5412,billion PKR,sbp_domestic_debt,monthly
2012-07-31,GOP Ijara Sukuk 3 Years and 5 Years,383.5412,billion PKR,sbp_domestic_debt,monthly
2012-08-31,GOP Ijara Sukuk 3 Years and 5 Years,383.5412,billion PKR,sbp_domestic_debt,monthly
2012-09-30,GOP Ijara Sukuk 3 Years and 5 Years,416.163,billion PKR,sbp_domestic_debt,monthly
2012-10-31,GOP Ijara Sukuk 3 Years and 5 Years,416.163,billion PKR,sbp_domestic_debt,monthly
2012-11-30,GOP Ijara Sukuk 3 Years and 5 Years,416.163,billion PKR,sbp_domestic_debt,monthly
2012-12-31,GOP Ijara Sukuk 3 Years and 5 Years,416.163,billion PKR,sbp_domestic_debt,monthly
2013-01-31,GOP Ijara Sukuk 3 Years and 5 Years,416.163,billion PKR,sbp_domestic_debt,monthly
2013-02-28,GOP Ijara Sukuk 3 Years and 5 Years,416.163,billion PKR,sbp_domestic_debt,monthly
2013-03-31,GOP Ijara Sukuk 3 Years and 5 Years,459.181,billion PKR,sbp_domestic_debt,monthly
2013-04-30,GOP Ijara Sukuk 3 Years and 5 Years,459.181,billion PKR,sbp_domestic_debt,monthly
2013-05-31,GOP Ijara Sukuk 3 Years and 5 Years,459.181,billion PKR,sbp_domestic_debt,monthly
2013-06-30,GOP Ijara Sukuk 3 Years and 5 Years,459.181,billion PKR,sbp_domestic_debt,monthly
2013-07-31,GOP Ijara Sukuk 3 Years and 5 Years,459.181,billion PKR,sbp_domestic_debt,monthly
2013-08-31,GOP Ijara Sukuk 3 Years and 5 Years,459.181,billion PKR,sbp_domestic_debt,monthly
2013-09-30,GOP Ijara Sukuk 3 Years and 5 Years,459.181,billion PKR,sbp_domestic_debt,monthly
2013-10-31,GOP Ijara Sukuk 3 Years and 5 Years,459.181,billion PKR,sbp_domestic_debt,monthly
2013-11-30,GOP Ijara Sukuk 3 Years and 5 Years,407.344,billion PKR,sbp_domestic_debt,monthly
2013-12-31,GOP Ijara Sukuk 3 Years and 5 Years,370.17,billion PKR,sbp_domestic_debt,monthly
2014-01-31,GOP Ijara Sukuk 3 Years and 5 Years,370.17,billion PKR,sbp_domestic_debt,monthly
2014-02-28,GOP Ijara Sukuk 3 Years and 5 Years,370.17,billion PKR,sbp_domestic_debt,monthly
2014-03-31,GOP Ijara Sukuk 3 Years and 5 Years,322.6303,billion PKR,sbp_domestic_debt,monthly
2014-04-30,GOP Ijara Sukuk 3 Years and 5 Years,322.6303,billion PKR,sbp_domestic_debt,monthly
2014-05-31,GOP Ijara Sukuk 3 Years and 5 Years,276.8266,billion PKR,sbp_domestic_debt,monthly
2014-06-30,GOP Ijara Sukuk 3 Years and 5 Years,326.3636,billion PKR,sbp_domestic_debt,monthly
2014-07-31,GOP Ijara Sukuk 3 Years and 5 Years,326.3636,billion PKR,sbp_domestic_debt,monthly
2014-08-31,GOP Ijara Sukuk 3 Years and 5 Years,326.3636,billion PKR,sbp_domestic_debt,monthly
2014-09-30,GOP Ijara Sukuk 3 Years and 5 Years,326.3636,billion PKR,sbp_domestic_debt,monthly
2014-10-31,GOP Ijara Sukuk 3 Years and 5 Years,326.3636,billion PKR,sbp_domestic_debt,monthly
2014-11-30,GOP Ijara Sukuk 3 Years and 5 Years,326.3636,billion PKR,sbp_domestic_debt,monthly
2014-12-31,GOP Ijara Sukuk 3 Years and 5 Years,326.3636,billion PKR,sbp_domestic_debt,monthly
2015-01-31,GOP Ijara Sukuk 3 Years and 5 Years,326.3636,billion PKR,sbp_domestic_debt,monthly
2015-02-28,GOP Ijara Sukuk 3 Years and 5 Years,326.3636,billion PKR,sbp_domestic_debt,monthly
2015-03-31,GOP Ijara Sukuk 3 Years and 5 Years,326.3636,billion PKR,sbp_domestic_debt,monthly
2015-04-30,GOP Ijara Sukuk 3 Years and 5 Years,326.3636,billion PKR,sbp_domestic_debt,monthly
2015-05-31,GOP Ijara Sukuk 3 Years and 5 Years,326.3636,billion PKR,sbp_domestic_debt,monthly
2015-06-30,GOP Ijara Sukuk 3 Years and 5 Years,326.3636,billion PKR,sbp_domestic_debt,monthly
2015-07-31,GOP Ijara Sukuk 3 Years and 5 Years,326.3636,billion PKR,sbp_domestic_debt,monthly
2015-08-31,GOP Ijara Sukuk 3 Years and 5 Years,326.3636,billion PKR,sbp_domestic_debt,monthly
2015-09-30,GOP Ijara Sukuk 3 Years and 5 Years,326.3636,billion PKR,sbp_domestic_debt,monthly
2015-10-31,GOP Ijara Sukuk 3 Years and 5 Years,326.3636,billion PKR,sbp_domestic_debt,monthly
2015-11-30,GOP Ijara Sukuk 3 Years and 5 Years,92.555,billion PKR,sbp_domestic_debt,monthly
2015-12-31,GOP Ijara Sukuk 3 Years and 5 Years,210.278,billion PKR,sbp_domestic_debt,monthly
2016-01-31,GOP Ijara Sukuk 3 Years and 5 Years,210.278,billion PKR,sbp_domestic_debt,monthly
2016-02-29,GOP Ijara Sukuk 3 Years and 5 Years,326.5347,billion PKR,sbp_domestic_debt,monthly
2016-03-31,GOP Ijara Sukuk 3 Years and 5 Years,363.9167,billion PKR,sbp_domestic_debt,monthly
2016-04-30,GOP Ijara Sukuk 3 Years and 5 Years,363.9167,billion PKR,sbp_domestic_debt,monthly
2016-05-31,GOP Ijara Sukuk 3 Years and 5 Years,363.9167,billion PKR,sbp_domestic_debt,monthly
2016-06-30,GOP Ijara Sukuk 3 Years and 5 Years,363.9167,billion PKR,sbp_domestic_debt,monthly
2016-07-31,GOP Ijara Sukuk 3 Years and 5 Years,363.9167,billion PKR,sbp_domestic_debt,monthly
2016-08-31,GOP Ijara Sukuk 3 Years and 5 Years,363.9167,billion PKR,sbp_domestic_debt,monthly
2016-09-30,GOP Ijara Sukuk 3 Years and 5 Years,363.9167,billion PKR,sbp_domestic_debt,monthly
2016-10-31,GOP Ijara Sukuk 3 Years and 5 Years,363.9167,billion PKR,sbp_domestic_debt,monthly
2016-11-30,GOP Ijara Sukuk 3 Years and 5 Years,363.9167,billion PKR,sbp_domestic_debt,monthly
2016-12-31,GOP Ijara Sukuk 3 Years and 5 Years,363.9167,billion PKR,sbp_domestic_debt,monthly
2017-01-31,GOP Ijara Sukuk 3 Years and 5 Years,363.9167,billion PKR,sbp_domestic_debt,monthly
2017-02-28,GOP Ijara Sukuk 3 Years and 5 Years,363.9167,billion PKR,sbp_domestic_debt,monthly
2017-03-31,GOP Ijara Sukuk 3 Years and 5 Years,363.9167,billion PKR,sbp_domestic_debt,monthly
2017-04-30,GOP Ijara Sukuk 3 Years and 5 Years,363.9167,billion PKR,sbp_domestic_debt,monthly
2017-05-31,GOP Ijara Sukuk 3 Years and 5 Years,363.9167,billion PKR,sbp_domestic_debt,monthly
2017-06-30,GOP Ijara Sukuk 3 Years and 5 Years,385.3867,billion PKR,sbp_domestic_debt,monthly
2017-07-31,GOP Ijara Sukuk 3 Years and 5 Years,385.3867,billion PKR,sbp_domestic_debt,monthly
2017-08-31,GOP Ijara Sukuk 3 Years and 5 Years,385.3867,billion PKR,sbp_domestic_debt,monthly
2017-09-30,GOP Ijara Sukuk 3 Years and 5 Years,385.3867,billion PKR,sbp_domestic_debt,monthly
2017-10-31,GOP Ijara Sukuk 3 Years and 5 Years,385.3867,billion PKR,sbp_domestic_debt,monthly
2017-11-30,GOP Ijara Sukuk 3 Years and 5 Years,385.3867,billion PKR,sbp_domestic_debt,monthly
2017-12-31,GOP Ijara Sukuk 3 Years and 5 Years,385.3867,billion PKR,sbp_domestic_debt,monthly
2018-01-31,GOP Ijara Sukuk 3 Years and 5 Years,385.3867,billion PKR,sbp_domestic_debt,monthly
2018-02-28,GOP Ijara Sukuk 3 Years and 5 Years,385.3867,billion PKR,sbp_domestic_debt,monthly
2018-03-31,GOP Ijara Sukuk 3 Years and 5 Years,385.3867,billion PKR,sbp_domestic_debt,monthly
2018-04-30,GOP Ijara Sukuk 3 Years and 5 Years,385.3867,billion PKR,sbp_domestic_debt,monthly
2018-05-31,GOP Ijara Sukuk 3 Years and 5 Years,385.3867,billion PKR,sbp_domestic_debt,monthly
2018-06-30,GOP Ijara Sukuk 3 Years and 5 Years,385.3867,billion PKR,sbp_domestic_debt,monthly
2018-07-31,GOP Ijara Sukuk 3 Years and 5 Years,385.3867,billion PKR,sbp_domestic_debt,monthly
2018-08-31,GOP Ijara Sukuk 3 Years and 5 Years,385.3867,billion PKR,sbp_domestic_debt,monthly
2018-09-30,GOP Ijara Sukuk 3 Years and 5 Years,385.3867,billion PKR,sbp_domestic_debt,monthly
2018-10-31,GOP Ijara Sukuk 3 Years and 5 Years,385.3867,billion PKR,sbp_domestic_debt,monthly
2018-11-30,GOP Ijara Sukuk 3 Years and 5 Years,385.3867,billion PKR,sbp_domestic_debt,monthly
2018-12-31,GOP Ijara Sukuk 3 Years and 5 Years,267.6637,billion PKR,sbp_domestic_debt,monthly
2019-01-31,GOP Ijara Sukuk 3 Years and 5 Years,267.6637,billion PKR,sbp_domestic_debt,monthly
2019-02-28,GOP Ijara Sukuk 3 Years and 5 Years,151.407,billion PKR,sbp_domestic_debt,monthly
2019-03-31,GOP Ijara Sukuk 3 Years and 5 Years,71.007,billion PKR,sbp_domestic_debt,monthly
2019-04-30,GOP Ijara Sukuk 3 Years and 5 Years,71.007,billion PKR,sbp_domestic_debt,monthly
2019-05-31,GOP Ijara Sukuk 3 Years and 5 Years,71.007,billion PKR,sbp_domestic_debt,monthly
2019-06-30,GOP Ijara Sukuk 3 Years and 5 Years,71.007,billion PKR,sbp_domestic_debt,monthly
2019-07-31,GOP Ijara Sukuk 3 Years and 5 Years,71.007,billion PKR,sbp_domestic_debt,monthly
2019-08-31,GOP Ijara Sukuk 3 Years and 5 Years,71.007,billion PKR,sbp_domestic_debt,monthly
2019-09-30,GOP Ijara Sukuk 3 Years and 5 Years,71.007,billion PKR,sbp_domestic_debt,monthly
2019-10-31,GOP Ijara Sukuk 3 Years and 5 Years,71.007,billion PKR,sbp_domestic_debt,monthly
2019-11-30,GOP Ijara Sukuk 3 Years and 5 Years,71.007,billion PKR,sbp_domestic_debt,monthly
2019-12-31,GOP Ijara Sukuk 3 Years and 5 Years,71.007,billion PKR,sbp_domestic_debt,monthly
2020-01-31,GOP Ijara Sukuk 3 Years and 5 Years,71.007,billion PKR,sbp_domestic_debt,monthly
2020-02-29,GOP Ijara Sukuk 3 Years and 5 Years,71.007,billion PKR,sbp_domestic_debt,monthly
2020-03-31,GOP Ijara Sukuk 3 Years and 5 Years,71.007,billion PKR,sbp_domestic_debt,monthly
2020-04-30,GOP Ijara Sukuk 3 Years and 5 Years,147.3915,billion PKR,sbp_domestic_debt,monthly
2020-05-31,GOP Ijara Sukuk 3 Years and 5 Years,222.00900000000001,billion PKR,sbp_domestic_debt,monthly
2020-06-30,GOP Ijara Sukuk 3 Years and 5 Years,198.2415,billion PKR,sbp_domestic_debt,monthly
2020-07-31,GOP Ijara Sukuk 3 Years and 5 Years,245.973,billion PKR,sbp_domestic_debt,monthly
2020-08-31,GOP Ijara Sukuk 3 Years and 5 Years,285.376,billion PKR,sbp_domestic_debt,monthly
2020-09-30,GOP Ijara Sukuk 3 Years and 5 Years,360.2667,billion PKR,sbp_domestic_debt,monthly
2020-10-31,GOP Ijara Sukuk 3 Years and 5 Years,429.7492,billion PKR,sbp_domestic_debt,monthly
2020-11-30,GOP Ijara Sukuk 3 Years and 5 Years,429.7492,billion PKR,sbp_domestic_debt,monthly
2020-12-31,GOP Ijara Sukuk 3 Years and 5 Years,561.4422,billion PKR,sbp_domestic_debt,monthly
2021-01-31,GOP Ijara Sukuk 3 Years and 5 Years,636.2992,billion PKR,sbp_domestic_debt,monthly
2021-02-28,GOP Ijara Sukuk 3 Years and 5 Years,636.2992,billion PKR,sbp_domestic_debt,monthly
2021-03-31,GOP Ijara Sukuk 3 Years and 5 Years,636.2992,billion PKR,sbp_domestic_debt,monthly
2021-04-30,GOP Ijara Sukuk 3 Years and 5 Years,636.2992,billion PKR,sbp_domestic_debt,monthly
2021-05-31,GOP Ijara Sukuk 3 Years and 5 Years,636.2992,billion PKR,sbp_domestic_debt,monthly
2021-06-30,GOP Ijara Sukuk 3 Years and 5 Years,665.2564,billion PKR,sbp_domestic_debt,monthly
2021-07-31,GOP Ijara Sukuk 3 Years and 5 Years,665.2564,billion PKR,sbp_domestic_debt,monthly
2021-08-31,GOP Ijara Sukuk 3 Years and 5 Years,665.2564,billion PKR,sbp_domestic_debt,monthly
2021-09-30,GOP Ijara Sukuk 3 Years and 5 Years,665.2564,billion PKR,sbp_domestic_debt,monthly
2021-10-31,GOP Ijara Sukuk 3 Years and 5 Years,1037.1024,billion PKR,sbp_domestic_debt,monthly
2021-11-30,GOP Ijara Sukuk 3 Years and 5 Years,1229.7196999999999,billion PKR,sbp_domestic_debt,monthly
2021-12-31,GOP Ijara Sukuk 3 Years and 5 Years,1297.7697,billion PKR,sbp_domestic_debt,monthly
2022-01-31,GOP Ijara Sukuk 3 Years and 5 Years,1483.3137000000002,billion PKR,sbp_domestic_debt,monthly
2022-02-28,GOP Ijara Sukuk 3 Years and 5 Years,1550.4187000000002,billion PKR,sbp_domestic_debt,monthly
2022-03-31,GOP Ijara Sukuk 3 Years and 5 Years,1776.3318,billion PKR,sbp_domestic_debt,monthly
2022-04-30,GOP Ijara Sukuk 3 Years and 5 Years,1913.5782,billion PKR,sbp_domestic_debt,monthly
2022-05-31,GOP Ijara Sukuk 3 Years and 5 Years,1913.5782,billion PKR,sbp_domestic_debt,monthly
2022-06-30,GOP Ijara Sukuk 3 Years and 5 Years,2279.8177,billion PKR,sbp_domestic_debt,monthly
2010-06-30,GP Fund,39.9,billion PKR,sbp_domestic_debt,monthly
2010-07-31,GP Fund,40.028,billion PKR,sbp_domestic_debt,monthly
2010-08-31,GP Fund,40.065,billion PKR,sbp_domestic_debt,monthly
2010-09-30,GP Fund,40.167,billion PKR,sbp_domestic_debt,monthly
2010-10-31,GP Fund,39.422,billion PKR,sbp_domestic_debt,monthly
2010-11-30,GP Fund,40.065,billion PKR,sbp_domestic_debt,monthly
2010-12-31,GP Fund,41.178,billion PKR,sbp_domestic_debt,monthly
2011-01-31,GP Fund,40.584,billion PKR,sbp_domestic_debt,monthly
2011-02-28,GP Fund,40.712,billion PKR,sbp_domestic_debt,monthly
2011-03-31,GP Fund,40.399,billion PKR,sbp_domestic_debt,monthly
2011-04-30,GP Fund,41.043,billion PKR,sbp_domestic_debt,monthly
2011-05-31,GP Fund,41.526,billion PKR,sbp_domestic_debt,monthly
2011-06-30,GP Fund,44.345,billion PKR,sbp_domestic_debt,monthly
2011-06-30,GP Fund*,44.345,billion PKR,sbp_domestic_debt,monthly
2011-07-31,GP Fund*,44.396,billion PKR,sbp_domestic_debt,monthly
2011-08-31,GP Fund*,45.872,billion PKR,sbp_domestic_debt,monthly
2011-09-30,GP Fund*,45.394,billion PKR,sbp_domestic_debt,monthly
2011-10-31,GP Fund*,45.869,billion PKR,sbp_domestic_debt,monthly
2011-11-30,GP Fund*,46.24,billion PKR,sbp_domestic_debt,monthly
2011-12-31,GP Fund*,47.867,billion PKR,sbp_domestic_debt,monthly
2012-01-31,GP Fund*,46.904,billion PKR,sbp_domestic_debt,monthly
2012-02-29,GP Fund*,47.308,billion PKR,sbp_domestic_debt,monthly
2012-03-31,GP Fund*,47.765,billion PKR,sbp_domestic_debt,monthly
2012-04-30,GP Fund*,50.197,billion PKR,sbp_domestic_debt,monthly
2012-05-31,GP Fund*,53.079,billion PKR,sbp_domestic_debt,monthly
2012-06-30,GP Fund*,54.522000000000006,billion PKR,sbp_domestic_debt,monthly
2012-07-31,GP Fund*,54.808,billion PKR,sbp_domestic_debt,monthly
2012-08-31,GP Fund*,55.367,billion PKR,sbp_domestic_debt,monthly
2012-09-30,GP Fund*,55.01,billion PKR,sbp_domestic_debt,monthly
2012-10-31,GP Fund*,55.949000000000005,billion PKR,sbp_domestic_debt,monthly
2012-11-30,GP Fund*,54.647,billion PKR,sbp_domestic_debt,monthly
2012-12-31,GP Fund*,55.823,billion PKR,sbp_domestic_debt,monthly
2013-01-31,GP Fund*,57.76400000000001,billion PKR,sbp_domestic_debt,monthly
2013-02-28,GP Fund*,57.77400000000001,billion PKR,sbp_domestic_debt,monthly
2013-03-31,GP Fund*,57.199000000000005,billion PKR,sbp_domestic_debt,monthly
2013-04-30,GP Fund*,57.59,billion PKR,sbp_domestic_debt,monthly
2013-05-31,GP Fund*,60.106,billion PKR,sbp_domestic_debt,monthly
2013-06-30,GP Fund*,73.137,billion PKR,sbp_domestic_debt,monthly
2013-07-31,GP Fund*,73.407,billion PKR,sbp_domestic_debt,monthly
2013-08-31,GP Fund*,73.547,billion PKR,sbp_domestic_debt,monthly
2013-09-30,GP Fund*,73.13833,billion PKR,sbp_domestic_debt,monthly
2013-10-31,GP Fund*,74.365,billion PKR,sbp_domestic_debt,monthly
2013-11-30,GP Fund*,76.133,billion PKR,sbp_domestic_debt,monthly
2013-12-31,GP Fund*,77.12403,billion PKR,sbp_domestic_debt,monthly
2014-01-31,GP Fund*,77.08903000000001,billion PKR,sbp_domestic_debt,monthly
2014-02-28,GP Fund*,78.11003000000001,billion PKR,sbp_domestic_debt,monthly
2014-03-31,GP Fund*,78.68803000000001,billion PKR,sbp_domestic_debt,monthly
2014-04-30,GP Fund*,78.83203000000002,billion PKR,sbp_domestic_debt,monthly
2014-05-31,GP Fund*,79.207,billion PKR,sbp_domestic_debt,monthly
2014-06-30,GP Fund*,80.52,billion PKR,sbp_domestic_debt,monthly
2014-07-31,GP Fund*,81.625,billion PKR,sbp_domestic_debt,monthly
2014-08-31,GP Fund*,83.314,billion PKR,sbp_domestic_debt,monthly
2014-09-30,GP Fund*,82.52499999999999,billion PKR,sbp_domestic_debt,monthly
2014-10-31,GP Fund*,82.52699999999999,billion PKR,sbp_domestic_debt,monthly
2014-11-30,GP Fund*,81.533,billion PKR,sbp_domestic_debt,monthly
2014-12-31,GP Fund*,80.86999999999999,billion PKR,sbp_domestic_debt,monthly
2015-01-31,GP Fund*,81.461,billion PKR,sbp_domestic_debt,monthly
2015-02-28,GP Fund*,80.876,billion PKR,sbp_domestic_debt,monthly
2015-03-31,GP Fund*,81.343,billion PKR,sbp_domestic_debt,monthly
2015-04-30,GP Fund*,82.226,billion PKR,sbp_domestic_debt,monthly
2015-05-31,GP Fund*,83.771,billion PKR,sbp_domestic_debt,monthly
2015-06-30,GP Fund*,85.845,billion PKR,sbp_domestic_debt,monthly
2015-07-31,GP Fund*,85.255,billion PKR,sbp_domestic_debt,monthly
2015-08-31,GP Fund*,86.956,billion PKR,sbp_domestic_debt,monthly
2015-09-30,GP Fund*,86.427,billion PKR,sbp_domestic_debt,monthly
2015-10-31,GP Fund*,86.08500000000001,billion PKR,sbp_domestic_debt,monthly
2015-11-30,GP Fund*,86.138,billion PKR,sbp_domestic_debt,monthly
2015-12-31,GP Fund*,85.893,billion PKR,sbp_domestic_debt,monthly
2016-01-31,GP Fund*,84.8,billion PKR,sbp_domestic_debt,monthly
2016-02-29,GP Fund*,85.601,billion PKR,sbp_domestic_debt,monthly
2016-03-31,GP Fund*,85.755,billion PKR,sbp_domestic_debt,monthly
2016-04-30,GP Fund*,85.97,billion PKR,sbp_domestic_debt,monthly
2016-05-31,GP Fund*,86.53399999999999,billion PKR,sbp_domestic_debt,monthly
2016-06-30,GP Fund*,90.01499999999999,billion PKR,sbp_domestic_debt,monthly
2016-07-31,GP Fund*,90.40099999999998,billion PKR,sbp_domestic_debt,monthly
2016-08-31,GP Fund*,89.00299999999999,billion PKR,sbp_domestic_debt,monthly
2016-09-30,GP Fund*,89.25499999999998,billion PKR,sbp_domestic_debt,monthly
2016-10-31,GP Fund*,88.90599999999998,billion PKR,sbp_domestic_debt,monthly
2016-11-30,GP Fund*,88.48099999999998,billion PKR,sbp_domestic_debt,monthly
2016-12-31,GP Fund*,87.85699999999999,billion PKR,sbp_domestic_debt,monthly
2017-01-31,GP Fund*,87.46399999999998,billion PKR,sbp_domestic_debt,monthly
2017-02-28,GP Fund*,86.32099999999998,billion PKR,sbp_domestic_debt,monthly
2017-03-31,GP Fund*,85.81699999999998,billion PKR,sbp_domestic_debt,monthly
2017-04-30,GP Fund*,86.30499999999998,billion PKR,sbp_domestic_debt,monthly
2017-05-31,GP Fund*,87.78299999999997,billion PKR,sbp_domestic_debt,monthly
2017-06-30,GP Fund*,88.82699999999997,billion PKR,sbp_domestic_debt,monthly
2017-07-31,GP Fund*,89.40499999999997,billion PKR,sbp_domestic_debt,monthly
2017-08-31,GP Fund*,89.13099999999997,billion PKR,sbp_domestic_debt,monthly
2017-09-30,GP Fund*,87.87799999999997,billion PKR,sbp_domestic_debt,monthly
2017-10-31,GP Fund*,87.52899999999997,billion PKR,sbp_domestic_debt,monthly
2017-11-30,GP Fund*,86.75999999999996,billion PKR,sbp_domestic_debt,monthly
2017-12-31,GP Fund*,87.22799999999997,billion PKR,sbp_domestic_debt,monthly
2018-01-31,GP Fund*,88.28899999999996,billion PKR,sbp_domestic_debt,monthly
2018-02-28,GP Fund*,87.71499999999996,billion PKR,sbp_domestic_debt,monthly
2018-03-31,GP Fund*,88.40999999999995,billion PKR,sbp_domestic_debt,monthly
2018-04-30,GP Fund*,88.47399999999995,billion PKR,sbp_domestic_debt,monthly
2018-05-31,GP Fund*,89.82599999999995,billion PKR,sbp_domestic_debt,monthly
2018-06-30,GP Fund*,91.70799999999996,billion PKR,sbp_domestic_debt,monthly
2018-07-31,GP Fund*,95.88999999999996,billion PKR,sbp_domestic_debt,monthly
2018-08-31,GP Fund*,96.08499999999995,billion PKR,sbp_domestic_debt,monthly
2018-09-30,GP Fund*,96.33999999999995,billion PKR,sbp_domestic_debt,monthly
2018-10-31,GP Fund*,95.77099999999994,billion PKR,sbp_domestic_debt,monthly
2018-11-30,GP Fund*,94.51099999999994,billion PKR,sbp_domestic_debt,monthly
2018-12-31,GP Fund*,94.23299999999993,billion PKR,sbp_domestic_debt,monthly
2019-01-31,GP Fund*,96.56899999999993,billion PKR,sbp_domestic_debt,monthly
2019-02-28,GP Fund*,96.44599999999993,billion PKR,sbp_domestic_debt,monthly
2019-03-31,GP Fund*,95.06599999999993,billion PKR,sbp_domestic_debt,monthly
2019-04-30,GP Fund*,95.43899999999994,billion PKR,sbp_domestic_debt,monthly
2019-05-31,GP Fund*,99.05099999999993,billion PKR,sbp_domestic_debt,monthly
2019-06-30,GP Fund*,104.28299999999993,billion PKR,sbp_domestic_debt,monthly
2019-07-31,GP Fund*,104.71299999999994,billion PKR,sbp_domestic_debt,monthly
2019-08-31,GP Fund*,105.17899999999993,billion PKR,sbp_domestic_debt,monthly
2019-09-30,GP Fund*,102.81399999999994,billion PKR,sbp_domestic_debt,monthly
2019-10-31,GP Fund*,100.84299999999993,billion PKR,sbp_domestic_debt,monthly
2019-11-30,GP Fund*,98.96399999999993,billion PKR,sbp_domestic_debt,monthly
2019-12-31,GP Fund*,99.04799999999993,billion PKR,sbp_domestic_debt,monthly
2020-01-31,GP Fund*,99.62299999999993,billion PKR,sbp_domestic_debt,monthly
2020-02-29,GP Fund*,97.68299999999994,billion PKR,sbp_domestic_debt,monthly
2020-03-31,GP Fund*,97.55999999999993,billion PKR,sbp_domestic_debt,monthly
2020-04-30,GP Fund*,98.30999999999993,billion PKR,sbp_domestic_debt,monthly
2020-05-31,GP Fund*,98.20199999999993,billion PKR,sbp_domestic_debt,monthly
2020-06-30,GP Fund*,101.53599999999993,billion PKR,sbp_domestic_debt,monthly
2020-07-31,GP Fund*,101.52734599999994,billion PKR,sbp_domestic_debt,monthly
2020-08-31,GP Fund*,99.71634599999993,billion PKR,sbp_domestic_debt,monthly
2020-09-30,GP Fund*,96.54534599999992,billion PKR,sbp_domestic_debt,monthly
2020-10-31,GP Fund*,95.92534599999992,billion PKR,sbp_domestic_debt,monthly
2020-11-30,GP Fund*,94.85234599999993,billion PKR,sbp_domestic_debt,monthly
2020-12-31,GP Fund*,93.77034599999993,billion PKR,sbp_domestic_debt,monthly
2021-01-31,GP Fund*,93.99834599999993,billion PKR,sbp_domestic_debt,monthly
2021-02-28,GP Fund*,93.36634599999992,billion PKR,sbp_domestic_debt,monthly
2021-03-31,GP Fund*,91.65134599999992,billion PKR,sbp_domestic_debt,monthly
2021-04-30,GP Fund*,94.48134599999992,billion PKR,sbp_domestic_debt,monthly
2021-05-31,GP Fund*,94.76134599999992,billion PKR,sbp_domestic_debt,monthly
2021-06-30,GP Fund*,100.80134599999991,billion PKR,sbp_domestic_debt,monthly
2021-07-31,GP Fund*,100.53034599999991,billion PKR,sbp_domestic_debt,monthly
2021-08-31,GP Fund*,99.31634599999991,billion PKR,sbp_domestic_debt,monthly
2021-09-30,GP Fund*,100.20434599999992,billion PKR,sbp_domestic_debt,monthly
2021-10-31,GP Fund*,98.08634599999992,billion PKR,sbp_domestic_debt,monthly
2021-11-30,GP Fund*,93.97234599999992,billion PKR,sbp_domestic_debt,monthly
2021-12-31,GP Fund*,91.48234599999992,billion PKR,sbp_domestic_debt,monthly
2022-01-31,GP Fund*,88.98534599999992,billion PKR,sbp_domestic_debt,monthly
2022-02-28,GP Fund*,86.53634599999992,billion PKR,sbp_domestic_debt,monthly
2022-03-31,GP Fund*,79.52034599999992,billion PKR,sbp_domestic_debt,monthly
2022-04-30,GP Fund*,77.87534599999992,billion PKR,sbp_domestic_debt,monthly
2022-05-31,GP Fund*,77.09534599999992,billion PKR,sbp_domestic_debt,monthly
2022-06-30,GP Fund*,80.48834599999992,billion PKR,sbp_domestic_debt,monthly
2022-07-31,GP Fund*,79.59434599999992,billion PKR,sbp_domestic_debt,monthly
2022-08-31,GP Fund*,77.47134599999991,billion PKR,sbp_domestic_debt,monthly
2022-09-30,GP Fund*,71.75834599999992,billion PKR,sbp_domestic_debt,monthly
2022-10-31,GP Fund*,69.24834599999991,billion PKR,sbp_domestic_debt,monthly
2022-11-30,GP Fund*,67.4493459999999,billion PKR,sbp_domestic_debt,monthly
2022-12-31,GP Fund*,64.8713459999999,billion PKR,sbp_domestic_debt,monthly
2023-01-31,GP Fund*,63.0403459999999,billion PKR,sbp_domestic_debt,monthly
2023-02-28,GP Fund*,61.1203459999999,billion PKR,sbp_domestic_debt,monthly
2023-03-31,GP Fund*,57.5173459999999,billion PKR,sbp_domestic_debt,monthly
2023-04-30,GP Fund*,56.0223459999999,billion PKR,sbp_domestic_debt,monthly
2023-05-31,GP Fund*,55.7323459999999,billion PKR,sbp_domestic_debt,monthly
2023-06-30,GP Fund*,60.7713459999999,billion PKR,sbp_domestic_debt,monthly
2023-07-31,GP Fund*,58.9573459999999,billion PKR,sbp_domestic_debt,monthly
2023-08-31,GP Fund*,60.312345999999906,billion PKR,sbp_domestic_debt,monthly
2023-09-30,GP Fund*,54.52834599999991,billion PKR,sbp_domestic_debt,monthly
2023-10-31,GP Fund*,49.240845999999905,billion PKR,sbp_domestic_debt,monthly
2023-11-30,GP Fund*,45.9338459999999,billion PKR,sbp_domestic_debt,monthly
2023-12-31,GP Fund*,42.395845999999906,billion PKR,sbp_domestic_debt,monthly
2024-01-31,GP Fund*,40.48884599999991,billion PKR,sbp_domestic_debt,monthly
2024-02-29,GP Fund*,38.81284599999991,billion PKR,sbp_domestic_debt,monthly
2024-03-31,GP Fund*,35.32784599999991,billion PKR,sbp_domestic_debt,monthly
2024-04-30,GP Fund*,36.61484599999991,billion PKR,sbp_domestic_debt,monthly
2024-05-31,GP Fund*,36.908845999999905,billion PKR,sbp_domestic_debt,monthly
2024-06-30,GP Fund*,43.697845999999906,billion PKR,sbp_domestic_debt,monthly
2024-07-31,GP Fund*,43.213845999999904,billion PKR,sbp_domestic_debt,monthly
2024-08-31,GP Fund*,42.0898459999999,billion PKR,sbp_domestic_debt,monthly
2024-09-30,GP Fund*,39.1178459999999,billion PKR,sbp_domestic_debt,monthly
2024-10-31,GP Fund*,38.2428459999999,billion PKR,sbp_domestic_debt,monthly
2024-11-30,GP Fund*,36.5448459999999,billion PKR,sbp_domestic_debt,monthly
2024-12-31,GP Fund*,35.6618459999999,billion PKR,sbp_domestic_debt,monthly
2025-01-31,GP Fund*,34.3288459999999,billion PKR,sbp_domestic_debt,monthly
2025-02-28,GP Fund*,31.3178459999999,billion PKR,sbp_domestic_debt,monthly
2025-03-31,GP Fund*,27.040845999999902,billion PKR,sbp_domestic_debt,monthly
2025-04-30,GP Fund*,26.017845999999903,billion PKR,sbp_domestic_debt,monthly
2025-05-31,GP Fund*,30.017845999999903,billion PKR,sbp_domestic_debt,monthly
2025-06-30,GP Fund*,31.432845999999902,billion PKR,sbp_domestic_debt,monthly
2025-07-31,GP Fund*,30.636845999999903,billion PKR,sbp_domestic_debt,monthly
2025-08-31,GP Fund*,32.051845999999905,billion PKR,sbp_domestic_debt,monthly
2025-09-30,GP Fund*,28.943845999999905,billion PKR,sbp_domestic_debt,monthly
2025-10-31,GP Fund*,27.283845999999905,billion PKR,sbp_domestic_debt,monthly
2025-11-30,GP Fund*,25.970845999999906,billion PKR,sbp_domestic_debt,monthly
2025-12-31,GP Fund*,25.873845999999904,billion PKR,sbp_domestic_debt,monthly
2026-01-31,GP Fund*,21.590845999999907,billion PKR,sbp_domestic_debt,monthly
2026-02-28,GP Fund*,23.903845999999906,billion PKR,sbp_domestic_debt,monthly
2026-03-31,GP Fund*,18.342845999999906,billion PKR,sbp_domestic_debt,monthly
2026-04-30,GP Fund*,17.171845999999906,billion PKR,sbp_domestic_debt,monthly
2026-05-31,GP Fund*,20.365845999999905,billion PKR,sbp_domestic_debt,monthly
2010-06-30,Government Domestic Debt and Liabilites,4893.59173201777,billion PKR,sbp_domestic_debt,monthly
2010-07-31,Government Domestic Debt and Liabilites,4942.780381568,billion PKR,sbp_domestic_debt,monthly
2010-08-31,Government Domestic Debt and Liabilites,5099.287442479,billion PKR,sbp_domestic_debt,monthly
2010-09-30,Government Domestic Debt and Liabilites,5191.262020939,billion PKR,sbp_domestic_debt,monthly
2010-10-31,Government Domestic Debt and Liabilites,5234.379430391999,billion PKR,sbp_domestic_debt,monthly
2010-11-30,Government Domestic Debt and Liabilites,5348.055139135,billion PKR,sbp_domestic_debt,monthly
2010-12-31,Government Domestic Debt and Liabilites,5496.908168896,billion PKR,sbp_domestic_debt,monthly
2011-01-31,Government Domestic Debt and Liabilites,5410.765985037999,billion PKR,sbp_domestic_debt,monthly
2011-02-28,Government Domestic Debt and Liabilites,5501.98890735,billion PKR,sbp_domestic_debt,monthly
2011-03-31,Government Domestic Debt and Liabilites,5593.9713643235,billion PKR,sbp_domestic_debt,monthly
2011-04-30,Government Domestic Debt and Liabilites,5737.2316075280005,billion PKR,sbp_domestic_debt,monthly
2011-05-31,Government Domestic Debt and Liabilites,6072.9379174470005,billion PKR,sbp_domestic_debt,monthly
2011-06-30,Government Domestic Debt and Liabilites,6228.662790413499,billion PKR,sbp_domestic_debt,monthly
2011-07-31,Government Domestic Debt and Liabilites,6223.813069495999,billion PKR,sbp_domestic_debt,monthly
2011-08-31,Government Domestic Debt and Liabilites,6305.903319502,billion PKR,sbp_domestic_debt,monthly
2011-09-30,Government Domestic Debt and Liabilites,6426.996253086,billion PKR,sbp_domestic_debt,monthly
2011-10-31,Government Domestic Debt and Liabilites,6437.21386614742,billion PKR,sbp_domestic_debt,monthly
2011-11-30,Government Domestic Debt and Liabilites,6973.247997375251,billion PKR,sbp_domestic_debt,monthly
2011-12-31,Government Domestic Debt and Liabilites,7050.167569431489,billion PKR,sbp_domestic_debt,monthly
2012-01-31,Government Domestic Debt and Liabilites,7137.5254663346,billion PKR,sbp_domestic_debt,monthly
2012-02-29,Government Domestic Debt and Liabilites,7214.829576090301,billion PKR,sbp_domestic_debt,monthly
2012-03-31,Government Domestic Debt and Liabilites,7345.951457218282,billion PKR,sbp_domestic_debt,monthly
2012-04-30,Government Domestic Debt and Liabilites,7436.88010442322,billion PKR,sbp_domestic_debt,monthly
2012-05-31,Government Domestic Debt and Liabilites,7725.77025777826,billion PKR,sbp_domestic_debt,monthly
2012-06-30,Government Domestic Debt and Liabilites,7880.082824177511,billion PKR,sbp_domestic_debt,monthly
2012-07-31,Government Domestic Debt and Liabilites,7996.196574588619,billion PKR,sbp_domestic_debt,monthly
2012-08-31,Government Domestic Debt and Liabilites,8027.53807380825,billion PKR,sbp_domestic_debt,monthly
2012-09-30,Government Domestic Debt and Liabilites,8353.71587112801,billion PKR,sbp_domestic_debt,monthly
2012-10-31,Government Domestic Debt and Liabilites,8330.069328583331,billion PKR,sbp_domestic_debt,monthly
2012-11-30,Government Domestic Debt and Liabilites,8538.378875474635,billion PKR,sbp_domestic_debt,monthly
2012-12-31,Government Domestic Debt and Liabilites,8503.335079405688,billion PKR,sbp_domestic_debt,monthly
2013-01-31,Government Domestic Debt and Liabilites,8627.396600167584,billion PKR,sbp_domestic_debt,monthly
2013-02-28,Government Domestic Debt and Liabilites,8715.607683904647,billion PKR,sbp_domestic_debt,monthly
2013-03-31,Government Domestic Debt and Liabilites,8917.280661717414,billion PKR,sbp_domestic_debt,monthly
2013-04-30,Government Domestic Debt and Liabilites,8958.82449857917,billion PKR,sbp_domestic_debt,monthly
2013-05-31,Government Domestic Debt and Liabilites,9306.176206638778,billion PKR,sbp_domestic_debt,monthly
2013-06-30,Government Domestic Debt and Liabilites,9764.186057195602,billion PKR,sbp_domestic_debt,monthly
2013-07-31,Government Domestic Debt and Liabilites,9777.636741308415,billion PKR,sbp_domestic_debt,monthly
2013-08-31,Government Domestic Debt and Liabilites,9944.04295900847,billion PKR,sbp_domestic_debt,monthly
2013-09-30,Government Domestic Debt and Liabilites,10386.082129665196,billion PKR,sbp_domestic_debt,monthly
2013-10-31,Government Domestic Debt and Liabilites,10109.269429093103,billion PKR,sbp_domestic_debt,monthly
2013-11-30,Government Domestic Debt and Liabilites,10402.732445711628,billion PKR,sbp_domestic_debt,monthly
2013-12-31,Government Domestic Debt and Liabilites,10405.155517550764,billion PKR,sbp_domestic_debt,monthly
2014-01-31,Government Domestic Debt and Liabilites,10749.219764982296,billion PKR,sbp_domestic_debt,monthly
2014-02-28,Government Domestic Debt and Liabilites,10816.070582584063,billion PKR,sbp_domestic_debt,monthly
2014-03-31,Government Domestic Debt and Liabilites,10947.756547853134,billion PKR,sbp_domestic_debt,monthly
2014-04-30,Government Domestic Debt and Liabilites,11035.477198029428,billion PKR,sbp_domestic_debt,monthly
2014-05-31,Government Domestic Debt and Liabilites,10832.193622586468,billion PKR,sbp_domestic_debt,monthly
2014-06-30,Government Domestic Debt and Liabilites,11176.545018535546,billion PKR,sbp_domestic_debt,monthly
2014-07-31,Government Domestic Debt and Liabilites,11216.178760960971,billion PKR,sbp_domestic_debt,monthly
2014-08-31,Government Domestic Debt and Liabilites,11329.192672450152,billion PKR,sbp_domestic_debt,monthly
2014-09-30,Government Domestic Debt and Liabilites,11358.090464302439,billion PKR,sbp_domestic_debt,monthly
2014-10-31,Government Domestic Debt and Liabilites,11475.53725302408,billion PKR,sbp_domestic_debt,monthly
2014-11-30,Government Domestic Debt and Liabilites,11636.24361350424,billion PKR,sbp_domestic_debt,monthly
2014-12-31,Government Domestic Debt and Liabilites,11768.314799914198,billion PKR,sbp_domestic_debt,monthly
2015-01-31,Government Domestic Debt and Liabilites,11938.041862326098,billion PKR,sbp_domestic_debt,monthly
2015-02-28,Government Domestic Debt and Liabilites,11935.357568523297,billion PKR,sbp_domestic_debt,monthly
2015-03-31,Government Domestic Debt and Liabilites,12159.693096899255,billion PKR,sbp_domestic_debt,monthly
2015-04-30,Government Domestic Debt and Liabilites,12200.628602935287,billion PKR,sbp_domestic_debt,monthly
2015-05-31,Government Domestic Debt and Liabilites,12459.5846492416,billion PKR,sbp_domestic_debt,monthly
2015-06-30,Government Domestic Debt and Liabilites,12550.577507230433,billion PKR,sbp_domestic_debt,monthly
2015-07-31,Government Domestic Debt and Liabilites,12940.41899709903,billion PKR,sbp_domestic_debt,monthly
2015-08-31,Government Domestic Debt and Liabilites,13147.48963729118,billion PKR,sbp_domestic_debt,monthly
2015-09-30,Government Domestic Debt and Liabilites,13070.931619768657,billion PKR,sbp_domestic_debt,monthly
2015-10-31,Government Domestic Debt and Liabilites,13006.512454366448,billion PKR,sbp_domestic_debt,monthly
2015-11-30,Government Domestic Debt and Liabilites,13146.109948355348,billion PKR,sbp_domestic_debt,monthly
2015-12-31,Government Domestic Debt and Liabilites,13189.908960887107,billion PKR,sbp_domestic_debt,monthly
2016-01-31,Government Domestic Debt and Liabilites,13410.75315754567,billion PKR,sbp_domestic_debt,monthly
2016-02-29,Government Domestic Debt and Liabilites,13626.156859993602,billion PKR,sbp_domestic_debt,monthly
2016-03-31,Government Domestic Debt and Liabilites,13654.979757599256,billion PKR,sbp_domestic_debt,monthly
2016-04-30,Government Domestic Debt and Liabilites,13533.468593171836,billion PKR,sbp_domestic_debt,monthly
2016-05-31,Government Domestic Debt and Liabilites,13832.973989112474,billion PKR,sbp_domestic_debt,monthly
2016-06-30,Government Domestic Debt and Liabilites,14037.148157590635,billion PKR,sbp_domestic_debt,monthly
2016-07-31,Government Domestic Debt and Liabilites,14265.400993745183,billion PKR,sbp_domestic_debt,monthly
2016-08-31,Government Domestic Debt and Liabilites,14554.821602565982,billion PKR,sbp_domestic_debt,monthly
2016-09-30,Government Domestic Debt and Liabilites,14786.457717816513,billion PKR,sbp_domestic_debt,monthly
2016-10-31,Government Domestic Debt and Liabilites,14501.662316770626,billion PKR,sbp_domestic_debt,monthly
2016-11-30,Government Domestic Debt and Liabilites,14645.332061198007,billion PKR,sbp_domestic_debt,monthly
2016-12-31,Government Domestic Debt and Liabilites,14541.447990847868,billion PKR,sbp_domestic_debt,monthly
2017-01-31,Government Domestic Debt and Liabilites,14831.144384895502,billion PKR,sbp_domestic_debt,monthly
2017-02-28,Government Domestic Debt and Liabilites,15046.07409734949,billion PKR,sbp_domestic_debt,monthly
2017-03-31,Government Domestic Debt and Liabilites,15045.71663784165,billion PKR,sbp_domestic_debt,monthly
2017-04-30,Government Domestic Debt and Liabilites,15272.753959396283,billion PKR,sbp_domestic_debt,monthly
2017-05-31,Government Domestic Debt and Liabilites,15501.159952015956,billion PKR,sbp_domestic_debt,monthly
2017-06-30,Government Domestic Debt and Liabilites,15306.492723803394,billion PKR,sbp_domestic_debt,monthly
2017-07-31,Government Domestic Debt and Liabilites,15857.31986233245,billion PKR,sbp_domestic_debt,monthly
2017-08-31,Government Domestic Debt and Liabilites,16151.756325780207,billion PKR,sbp_domestic_debt,monthly
2017-09-30,Government Domestic Debt and Liabilites,15816.040671694294,billion PKR,sbp_domestic_debt,monthly
2017-10-31,Government Domestic Debt and Liabilites,16083.102384731503,billion PKR,sbp_domestic_debt,monthly
2017-11-30,Government Domestic Debt and Liabilites,16218.803283344967,billion PKR,sbp_domestic_debt,monthly
2017-12-31,Government Domestic Debt and Liabilites,15889.586572990193,billion PKR,sbp_domestic_debt,monthly
2018-01-31,Government Domestic Debt and Liabilites,16240.390532385081,billion PKR,sbp_domestic_debt,monthly
2018-02-28,Government Domestic Debt and Liabilites,16386.06324833801,billion PKR,sbp_domestic_debt,monthly
2018-03-31,Government Domestic Debt and Liabilites,16501.85212759359,billion PKR,sbp_domestic_debt,monthly
2018-04-30,Government Domestic Debt and Liabilites,16654.3784243746,billion PKR,sbp_domestic_debt,monthly
2018-05-31,Government Domestic Debt and Liabilites,17015.83141415582,billion PKR,sbp_domestic_debt,monthly
2018-06-30,Government Domestic Debt and Liabilites,17004.669306720592,billion PKR,sbp_domestic_debt,monthly
2018-07-31,Government Domestic Debt and Liabilites,17049.8579008703,billion PKR,sbp_domestic_debt,monthly
2018-08-31,Government Domestic Debt and Liabilites,17368.118022653864,billion PKR,sbp_domestic_debt,monthly
2018-09-30,Government Domestic Debt and Liabilites,17497.91610711873,billion PKR,sbp_domestic_debt,monthly
2018-10-31,Government Domestic Debt and Liabilites,17708.049496250016,billion PKR,sbp_domestic_debt,monthly
2018-11-30,Government Domestic Debt and Liabilites,17850.792086966103,billion PKR,sbp_domestic_debt,monthly
2018-12-31,Government Domestic Debt and Liabilites,18040.1634462333,billion PKR,sbp_domestic_debt,monthly
2019-01-31,Government Domestic Debt and Liabilites,18452.78517947263,billion PKR,sbp_domestic_debt,monthly
2019-02-28,Government Domestic Debt and Liabilites,18761.75924466907,billion PKR,sbp_domestic_debt,monthly
2019-03-31,Government Domestic Debt and Liabilites,18609.257901679804,billion PKR,sbp_domestic_debt,monthly
2019-04-30,Government Domestic Debt and Liabilites,18968.04923390354,billion PKR,sbp_domestic_debt,monthly
2019-05-31,Government Domestic Debt and Liabilites,20288.425533027326,billion PKR,sbp_domestic_debt,monthly
2019-06-30,Government Domestic Debt and Liabilites,21260.491810452266,billion PKR,sbp_domestic_debt,monthly
2019-07-31,Government Domestic Debt and Liabilites,22540.507867469103,billion PKR,sbp_domestic_debt,monthly
2019-08-31,Government Domestic Debt and Liabilites,22013.889397210696,billion PKR,sbp_domestic_debt,monthly
2019-09-30,Government Domestic Debt and Liabilites,23164.029610367415,billion PKR,sbp_domestic_debt,monthly
2019-10-31,Government Domestic Debt and Liabilites,22033.360685692085,billion PKR,sbp_domestic_debt,monthly
2019-11-30,Government Domestic Debt and Liabilites,21892.48768947516,billion PKR,sbp_domestic_debt,monthly
2019-12-31,Government Domestic Debt and Liabilites,22196.22062501214,billion PKR,sbp_domestic_debt,monthly
2020-01-31,Government Domestic Debt and Liabilites,22259.25668202763,billion PKR,sbp_domestic_debt,monthly
2020-02-29,Government Domestic Debt and Liabilites,22646.684554592164,billion PKR,sbp_domestic_debt,monthly
2020-03-31,Government Domestic Debt and Liabilites,22907.273852524046,billion PKR,sbp_domestic_debt,monthly
2020-04-30,Government Domestic Debt and Liabilites,23575.042274185314,billion PKR,sbp_domestic_debt,monthly
2020-05-31,Government Domestic Debt and Liabilites,24110.351246431615,billion PKR,sbp_domestic_debt,monthly
2020-06-30,Government Domestic Debt and Liabilites,23875.00010401242,billion PKR,sbp_domestic_debt,monthly
2020-07-31,Government Domestic Debt and Liabilites,23986.253932564832,billion PKR,sbp_domestic_debt,monthly
2020-08-31,Government Domestic Debt and Liabilites,24101.44763178074,billion PKR,sbp_domestic_debt,monthly
2020-09-30,Government Domestic Debt and Liabilites,24251.851720033446,billion PKR,sbp_domestic_debt,monthly
2020-10-31,Government Domestic Debt and Liabilites,24485.356320449082,billion PKR,sbp_domestic_debt,monthly
2020-11-30,Government Domestic Debt and Liabilites,24643.624300612493,billion PKR,sbp_domestic_debt,monthly
2020-12-31,Government Domestic Debt and Liabilites,24838.846201723576,billion PKR,sbp_domestic_debt,monthly
2021-01-31,Government Domestic Debt and Liabilites,25018.36624245969,billion PKR,sbp_domestic_debt,monthly
2021-02-28,Government Domestic Debt and Liabilites,25292.229949673492,billion PKR,sbp_domestic_debt,monthly
2021-03-31,Government Domestic Debt and Liabilites,26051.291170654484,billion PKR,sbp_domestic_debt,monthly
2021-04-30,Government Domestic Debt and Liabilites,25925.93596622975,billion PKR,sbp_domestic_debt,monthly
2021-05-31,Government Domestic Debt and Liabilites,26756.016208982892,billion PKR,sbp_domestic_debt,monthly
2021-06-30,Government Domestic Debt and Liabilites,26958.511154453096,billion PKR,sbp_domestic_debt,monthly
2021-07-31,Government Domestic Debt and Liabilites,27518.918625811548,billion PKR,sbp_domestic_debt,monthly
2021-08-31,Government Domestic Debt and Liabilites,27006.352730147817,billion PKR,sbp_domestic_debt,monthly
2021-09-30,Government Domestic Debt and Liabilites,27137.376518291778,billion PKR,sbp_domestic_debt,monthly
2021-10-31,Government Domestic Debt and Liabilites,27141.120387426843,billion PKR,sbp_domestic_debt,monthly
2021-11-30,Government Domestic Debt and Liabilites,27461.40304966523,billion PKR,sbp_domestic_debt,monthly
2021-12-31,Government Domestic Debt and Liabilites,27354.130299989956,billion PKR,sbp_domestic_debt,monthly
2022-01-31,Government Domestic Debt and Liabilites,27988.09282397779,billion PKR,sbp_domestic_debt,monthly
2022-02-28,Government Domestic Debt and Liabilites,28266.105346208227,billion PKR,sbp_domestic_debt,monthly
2022-03-31,Government Domestic Debt and Liabilites,28618.2966307975,billion PKR,sbp_domestic_debt,monthly
2022-04-30,Government Domestic Debt and Liabilites,29654.385014375395,billion PKR,sbp_domestic_debt,monthly
2022-05-31,Government Domestic Debt and Liabilites,29852.730568833224,billion PKR,sbp_domestic_debt,monthly
2022-06-30,Government Domestic Debt and Liabilites,31857.998123355643,billion PKR,sbp_domestic_debt,monthly
2010-06-30,Government Domestic Liabilities5,240.576195,billion PKR,sbp_domestic_debt,monthly
2010-07-31,Government Domestic Liabilities5,237.97289599999996,billion PKR,sbp_domestic_debt,monthly
2010-08-31,Government Domestic Liabilities5,236.82437999999996,billion PKR,sbp_domestic_debt,monthly
2010-09-30,Government Domestic Liabilities5,232.98713299999997,billion PKR,sbp_domestic_debt,monthly
2010-10-31,Government Domestic Liabilities5,227.5,billion PKR,sbp_domestic_debt,monthly
2010-11-30,Government Domestic Liabilities5,217.431707,billion PKR,sbp_domestic_debt,monthly
2010-12-31,Government Domestic Liabilities5,202.695,billion PKR,sbp_domestic_debt,monthly
2011-01-31,Government Domestic Liabilities5,183.471094,billion PKR,sbp_domestic_debt,monthly
2011-02-28,Government Domestic Liabilities5,157.115636,billion PKR,sbp_domestic_debt,monthly
2011-03-31,Government Domestic Liabilities5,131.886047,billion PKR,sbp_domestic_debt,monthly
2011-04-30,Government Domestic Liabilities5,121.175484,billion PKR,sbp_domestic_debt,monthly
2011-05-31,Government Domestic Liabilities5,200.062821,billion PKR,sbp_domestic_debt,monthly
2011-06-30,Government Domestic Liabilities5,214.234233,billion PKR,sbp_domestic_debt,monthly
2022-07-31,Government Domestic Liabilities5,758.453919801,billion PKR,sbp_domestic_debt,monthly
2022-08-31,Government Domestic Liabilities5,738.6665498510001,billion PKR,sbp_domestic_debt,monthly
2022-09-30,Government Domestic Liabilities5,717.572543835,billion PKR,sbp_domestic_debt,monthly
2022-10-31,Government Domestic Liabilities5,683.866928497,billion PKR,sbp_domestic_debt,monthly
2022-11-30,Government Domestic Liabilities5,666.215457473,billion PKR,sbp_domestic_debt,monthly
2022-12-31,Government Domestic Liabilities5,640.828379768,billion PKR,sbp_domestic_debt,monthly
2023-01-31,Government Domestic Liabilities5,602.524414803,billion PKR,sbp_domestic_debt,monthly
2023-02-28,Government Domestic Liabilities5,598.09,billion PKR,sbp_domestic_debt,monthly
2023-03-31,Government Domestic Liabilities5,560.314,billion PKR,sbp_domestic_debt,monthly
2023-04-30,Government Domestic Liabilities5,697.015,billion PKR,sbp_domestic_debt,monthly
2023-05-31,Government Domestic Liabilities5,836.989,billion PKR,sbp_domestic_debt,monthly
2023-06-30,Government Domestic Liabilities5,845.0007006499999,billion PKR,sbp_domestic_debt,monthly
2023-07-31,Government Domestic Liabilities5,709.298881815,billion PKR,sbp_domestic_debt,monthly
2023-08-31,Government Domestic Liabilities5,674.5109775179999,billion PKR,sbp_domestic_debt,monthly
2023-09-30,Government Domestic Liabilities5,674.4987175179999,billion PKR,sbp_domestic_debt,monthly
2023-10-31,Government Domestic Liabilities5,623.3784753739999,billion PKR,sbp_domestic_debt,monthly
2023-11-30,Government Domestic Liabilities5,581.771241819,billion PKR,sbp_domestic_debt,monthly
2023-12-31,Government Domestic Liabilities5,611.630578217,billion PKR,sbp_domestic_debt,monthly
2024-01-31,Government Domestic Liabilities5,538.044738077,billion PKR,sbp_domestic_debt,monthly
2024-02-29,Government Domestic Liabilities5,490.951887593,billion PKR,sbp_domestic_debt,monthly
2024-03-31,Government Domestic Liabilities5,478.404360426,billion PKR,sbp_domestic_debt,monthly
2024-04-30,Government Domestic Liabilities5,517.84,billion PKR,sbp_domestic_debt,monthly
2024-05-31,Government Domestic Liabilities5,542.608,billion PKR,sbp_domestic_debt,monthly
2024-06-30,Government Domestic Liabilities5,563.5090929620001,billion PKR,sbp_domestic_debt,monthly
2024-07-31,Government Domestic Liabilities5,363.492,billion PKR,sbp_domestic_debt,monthly
2024-08-31,Government Domestic Liabilities5,308.997,billion PKR,sbp_domestic_debt,monthly
2024-09-30,Government Domestic Liabilities5,309.684,billion PKR,sbp_domestic_debt,monthly
2024-10-31,Government Domestic Liabilities5,308.756,billion PKR,sbp_domestic_debt,monthly
2024-11-30,Government Domestic Liabilities5,309.893416108,billion PKR,sbp_domestic_debt,monthly
2024-12-31,Government Domestic Liabilities5,310.464,billion PKR,sbp_domestic_debt,monthly
2025-01-31,Government Domestic Liabilities5,288.764,billion PKR,sbp_domestic_debt,monthly
2025-02-28,Government Domestic Liabilities5,262.787139297,billion PKR,sbp_domestic_debt,monthly
2025-03-31,Government Domestic Liabilities5,221.386,billion PKR,sbp_domestic_debt,monthly
2025-04-30,Government Domestic Liabilities5,219.603,billion PKR,sbp_domestic_debt,monthly
2025-05-31,Government Domestic Liabilities5,215.918,billion PKR,sbp_domestic_debt,monthly
2025-06-30,Government Domestic Liabilities5,216.0207064,billion PKR,sbp_domestic_debt,monthly
2025-07-31,Government Domestic Liabilities5,216.15,billion PKR,sbp_domestic_debt,monthly
2025-08-31,Government Domestic Liabilities5,202.272,billion PKR,sbp_domestic_debt,monthly
2025-09-30,Government Domestic Liabilities5,201.92157,billion PKR,sbp_domestic_debt,monthly
2025-10-31,Government Domestic Liabilities5,200.595739,billion PKR,sbp_domestic_debt,monthly
2025-11-30,Government Domestic Liabilities5,199.597,billion PKR,sbp_domestic_debt,monthly
2025-12-31,Government Domestic Liabilities5,199.564,billion PKR,sbp_domestic_debt,monthly
2026-01-31,Government Domestic Liabilities5,162.387,billion PKR,sbp_domestic_debt,monthly
2026-02-28,Government Domestic Liabilities5,141.529,billion PKR,sbp_domestic_debt,monthly
2026-03-31,Government Domestic Liabilities5,128.18,billion PKR,sbp_domestic_debt,monthly
2026-04-30,Government Domestic Liabilities5,126.197,billion PKR,sbp_domestic_debt,monthly
2026-05-31,Government Domestic Liabilities5,130.483,billion PKR,sbp_domestic_debt,monthly
2011-06-30,Government Domestic Liabilities7,214.234233,billion PKR,sbp_domestic_debt,monthly
2011-07-31,Government Domestic Liabilities7,210.22052,billion PKR,sbp_domestic_debt,monthly
2011-08-31,Government Domestic Liabilities7,207.756,billion PKR,sbp_domestic_debt,monthly
2011-09-30,Government Domestic Liabilities7,205.004,billion PKR,sbp_domestic_debt,monthly
2011-10-31,Government Domestic Liabilities7,205.473,billion PKR,sbp_domestic_debt,monthly
2011-11-30,Government Domestic Liabilities7,195.647,billion PKR,sbp_domestic_debt,monthly
2011-12-31,Government Domestic Liabilities7,184.424,billion PKR,sbp_domestic_debt,monthly
2012-01-31,Government Domestic Liabilities7,168.078,billion PKR,sbp_domestic_debt,monthly
2012-02-29,Government Domestic Liabilities7,148.808,billion PKR,sbp_domestic_debt,monthly
2012-03-31,Government Domestic Liabilities7,139.242,billion PKR,sbp_domestic_debt,monthly
2012-04-30,Government Domestic Liabilities7,140.581,billion PKR,sbp_domestic_debt,monthly
2012-05-31,Government Domestic Liabilities7,226.526,billion PKR,sbp_domestic_debt,monthly
2012-06-30,Government Domestic Liabilities7,242.142227,billion PKR,sbp_domestic_debt,monthly
2012-07-31,Government Domestic Liabilities7,245.71,billion PKR,sbp_domestic_debt,monthly
2012-08-31,Government Domestic Liabilities7,238.999922463,billion PKR,sbp_domestic_debt,monthly
2012-09-30,Government Domestic Liabilities7,234.206,billion PKR,sbp_domestic_debt,monthly
2012-10-31,Government Domestic Liabilities7,224.524,billion PKR,sbp_domestic_debt,monthly
2012-11-30,Government Domestic Liabilities7,205.134,billion PKR,sbp_domestic_debt,monthly
2012-12-31,Government Domestic Liabilities7,175.088,billion PKR,sbp_domestic_debt,monthly
2013-01-31,Government Domestic Liabilities7,152.597,billion PKR,sbp_domestic_debt,monthly
2013-02-28,Government Domestic Liabilities7,125.898,billion PKR,sbp_domestic_debt,monthly
2013-03-31,Government Domestic Liabilities7,117.218,billion PKR,sbp_domestic_debt,monthly
2013-04-30,Government Domestic Liabilities7,118.244,billion PKR,sbp_domestic_debt,monthly
2013-05-31,Government Domestic Liabilities7,225.45308,billion PKR,sbp_domestic_debt,monthly
2013-06-30,Government Domestic Liabilities7,243.749,billion PKR,sbp_domestic_debt,monthly
2013-07-31,Government Domestic Liabilities7,239.918,billion PKR,sbp_domestic_debt,monthly
2013-08-31,Government Domestic Liabilities7,242.678081,billion PKR,sbp_domestic_debt,monthly
2013-09-30,Government Domestic Liabilities7,231.68,billion PKR,sbp_domestic_debt,monthly
2013-10-31,Government Domestic Liabilities7,218.882,billion PKR,sbp_domestic_debt,monthly
2013-11-30,Government Domestic Liabilities7,199.826,billion PKR,sbp_domestic_debt,monthly
2013-12-31,Government Domestic Liabilities7,178.015,billion PKR,sbp_domestic_debt,monthly
2014-01-31,Government Domestic Liabilities7,154.624,billion PKR,sbp_domestic_debt,monthly
2014-02-28,Government Domestic Liabilities7,133.594,billion PKR,sbp_domestic_debt,monthly
2014-03-31,Government Domestic Liabilities7,128.311,billion PKR,sbp_domestic_debt,monthly
2014-04-30,Government Domestic Liabilities7,142.638,billion PKR,sbp_domestic_debt,monthly
2014-05-31,Government Domestic Liabilities7,253.324,billion PKR,sbp_domestic_debt,monthly
2014-06-30,Government Domestic Liabilities7,270.015,billion PKR,sbp_domestic_debt,monthly
2014-07-31,Government Domestic Liabilities7,270.337,billion PKR,sbp_domestic_debt,monthly
2014-08-31,Government Domestic Liabilities7,266.926,billion PKR,sbp_domestic_debt,monthly
2014-09-30,Government Domestic Liabilities7,262.16,billion PKR,sbp_domestic_debt,monthly
2014-10-31,Government Domestic Liabilities7,261.779,billion PKR,sbp_domestic_debt,monthly
2014-11-30,Government Domestic Liabilities7,260.375,billion PKR,sbp_domestic_debt,monthly
2014-12-31,Government Domestic Liabilities7,259.076,billion PKR,sbp_domestic_debt,monthly
2015-01-31,Government Domestic Liabilities7,244.299,billion PKR,sbp_domestic_debt,monthly
2015-02-28,Government Domestic Liabilities7,239.78679289999997,billion PKR,sbp_domestic_debt,monthly
2015-03-31,Government Domestic Liabilities7,236.625,billion PKR,sbp_domestic_debt,monthly
2015-04-30,Government Domestic Liabilities7,239.53,billion PKR,sbp_domestic_debt,monthly
2015-05-31,Government Domestic Liabilities7,355.266,billion PKR,sbp_domestic_debt,monthly
2015-06-30,Government Domestic Liabilities7,358.04194716800004,billion PKR,sbp_domestic_debt,monthly
2015-07-31,Government Domestic Liabilities7,357.234457803,billion PKR,sbp_domestic_debt,monthly
2015-08-31,Government Domestic Liabilities7,357.159,billion PKR,sbp_domestic_debt,monthly
2015-09-30,Government Domestic Liabilities7,356.34,billion PKR,sbp_domestic_debt,monthly
2015-10-31,Government Domestic Liabilities7,349.050384066,billion PKR,sbp_domestic_debt,monthly
2015-11-30,Government Domestic Liabilities7,333.326,billion PKR,sbp_domestic_debt,monthly
2015-12-31,Government Domestic Liabilities7,310.317,billion PKR,sbp_domestic_debt,monthly
2016-01-31,Government Domestic Liabilities7,290.498,billion PKR,sbp_domestic_debt,monthly
2016-02-29,Government Domestic Liabilities7,264.78,billion PKR,sbp_domestic_debt,monthly
2016-03-31,Government Domestic Liabilities7,256.89943619999997,billion PKR,sbp_domestic_debt,monthly
2016-04-30,Government Domestic Liabilities7,273.89000000000004,billion PKR,sbp_domestic_debt,monthly
2016-05-31,Government Domestic Liabilities7,404.895431,billion PKR,sbp_domestic_debt,monthly
2016-06-30,Government Domestic Liabilities7,411.21033503,billion PKR,sbp_domestic_debt,monthly
2016-07-31,Government Domestic Liabilities7,409.847701879,billion PKR,sbp_domestic_debt,monthly
2016-08-31,Government Domestic Liabilities7,407.715266918,billion PKR,sbp_domestic_debt,monthly
2016-09-30,Government Domestic Liabilities7,400.68721111,billion PKR,sbp_domestic_debt,monthly
2016-10-31,Government Domestic Liabilities7,412.751800376,billion PKR,sbp_domestic_debt,monthly
2016-11-30,Government Domestic Liabilities7,367.258997039,billion PKR,sbp_domestic_debt,monthly
2016-12-31,Government Domestic Liabilities7,348.859399572,billion PKR,sbp_domestic_debt,monthly
2017-01-31,Government Domestic Liabilities7,315.67613848999997,billion PKR,sbp_domestic_debt,monthly
2017-02-28,Government Domestic Liabilities7,300.994014294,billion PKR,sbp_domestic_debt,monthly
2017-03-31,Government Domestic Liabilities7,299.66711729099995,billion PKR,sbp_domestic_debt,monthly
2017-04-30,Government Domestic Liabilities7,327.732,billion PKR,sbp_domestic_debt,monthly
2017-05-31,Government Domestic Liabilities7,456.513714229,billion PKR,sbp_domestic_debt,monthly
2017-06-30,Government Domestic Liabilities7,457.268,billion PKR,sbp_domestic_debt,monthly
2017-07-31,Government Domestic Liabilities7,467.45500000000004,billion PKR,sbp_domestic_debt,monthly
2017-08-31,Government Domestic Liabilities7,444.325,billion PKR,sbp_domestic_debt,monthly
2017-09-30,Government Domestic Liabilities7,444.328,billion PKR,sbp_domestic_debt,monthly
2017-10-31,Government Domestic Liabilities7,452.50279383699996,billion PKR,sbp_domestic_debt,monthly
2017-11-30,Government Domestic Liabilities7,452.210675255,billion PKR,sbp_domestic_debt,monthly
2017-12-31,Government Domestic Liabilities7,452.195324006,billion PKR,sbp_domestic_debt,monthly
2018-01-31,Government Domestic Liabilities7,443.778186324,billion PKR,sbp_domestic_debt,monthly
2018-02-28,Government Domestic Liabilities7,437.73498801600005,billion PKR,sbp_domestic_debt,monthly
2018-03-31,Government Domestic Liabilities7,427.78,billion PKR,sbp_domestic_debt,monthly
2018-04-30,Government Domestic Liabilities7,444.011,billion PKR,sbp_domestic_debt,monthly
2018-05-31,Government Domestic Liabilities7,569.814,billion PKR,sbp_domestic_debt,monthly
2018-06-30,Government Domestic Liabilities7,588.392325453,billion PKR,sbp_domestic_debt,monthly
2018-07-31,Government Domestic Liabilities7,588.802,billion PKR,sbp_domestic_debt,monthly
2018-08-31,Government Domestic Liabilities7,578.1,billion PKR,sbp_domestic_debt,monthly
2018-09-30,Government Domestic Liabilities7,578.073844638,billion PKR,sbp_domestic_debt,monthly
2018-10-31,Government Domestic Liabilities7,547.8599868,billion PKR,sbp_domestic_debt,monthly
2018-11-30,Government Domestic Liabilities7,528.011654899,billion PKR,sbp_domestic_debt,monthly
2018-12-31,Government Domestic Liabilities7,504.434569024,billion PKR,sbp_domestic_debt,monthly
2019-01-31,Government Domestic Liabilities7,477.57405424999996,billion PKR,sbp_domestic_debt,monthly
2019-02-28,Government Domestic Liabilities7,445.88,billion PKR,sbp_domestic_debt,monthly
2019-03-31,Government Domestic Liabilities7,438.67636345600005,billion PKR,sbp_domestic_debt,monthly
2019-04-30,Government Domestic Liabilities7,438.431919236,billion PKR,sbp_domestic_debt,monthly
2019-05-31,Government Domestic Liabilities7,524.956671876,billion PKR,sbp_domestic_debt,monthly
2019-06-30,Government Domestic Liabilities7,528.739789296,billion PKR,sbp_domestic_debt,monthly
2019-07-31,Government Domestic Liabilities7,528.292175732,billion PKR,sbp_domestic_debt,monthly
2019-08-31,Government Domestic Liabilities7,518.609802404,billion PKR,sbp_domestic_debt,monthly
2019-09-30,Government Domestic Liabilities7,514.1514944639999,billion PKR,sbp_domestic_debt,monthly
2019-10-31,Government Domestic Liabilities7,496.03187090899996,billion PKR,sbp_domestic_debt,monthly
2019-11-30,Government Domestic Liabilities7,482.061643741,billion PKR,sbp_domestic_debt,monthly
2019-12-31,Government Domestic Liabilities7,519.825734643,billion PKR,sbp_domestic_debt,monthly
2020-01-31,Government Domestic Liabilities7,464.937081868,billion PKR,sbp_domestic_debt,monthly
2020-02-29,Government Domestic Liabilities7,461.90536183,billion PKR,sbp_domestic_debt,monthly
2020-03-31,Government Domestic Liabilities7,429.609872211,billion PKR,sbp_domestic_debt,monthly
2020-04-30,Government Domestic Liabilities7,472.98192629199997,billion PKR,sbp_domestic_debt,monthly
2020-05-31,Government Domestic Liabilities7,597.1351813040001,billion PKR,sbp_domestic_debt,monthly
2020-06-30,Government Domestic Liabilities7,592.4524067210001,billion PKR,sbp_domestic_debt,monthly
2020-07-31,Government Domestic Liabilities7,593.035189674,billion PKR,sbp_domestic_debt,monthly
2020-08-31,Government Domestic Liabilities7,564.107778977,billion PKR,sbp_domestic_debt,monthly
2020-09-30,Government Domestic Liabilities7,549.345655729,billion PKR,sbp_domestic_debt,monthly
2020-10-31,Government Domestic Liabilities7,549.845395972,billion PKR,sbp_domestic_debt,monthly
2020-11-30,Government Domestic Liabilities7,531.0656968940001,billion PKR,sbp_domestic_debt,monthly
2020-12-31,Government Domestic Liabilities7,524.741663458,billion PKR,sbp_domestic_debt,monthly
2021-01-31,Government Domestic Liabilities7,507.031549979,billion PKR,sbp_domestic_debt,monthly
2021-02-28,Government Domestic Liabilities7,496.900421527,billion PKR,sbp_domestic_debt,monthly
2021-03-31,Government Domestic Liabilities7,498.95472434000004,billion PKR,sbp_domestic_debt,monthly
2021-04-30,Government Domestic Liabilities7,580.429005436,billion PKR,sbp_domestic_debt,monthly
2021-05-31,Government Domestic Liabilities7,689.4722799639999,billion PKR,sbp_domestic_debt,monthly
2021-06-30,Government Domestic Liabilities7,693.0762475220001,billion PKR,sbp_domestic_debt,monthly
2021-07-31,Government Domestic Liabilities7,692.2893116930001,billion PKR,sbp_domestic_debt,monthly
2021-08-31,Government Domestic Liabilities7,693.520203298,billion PKR,sbp_domestic_debt,monthly
2021-09-30,Government Domestic Liabilities7,693.425572054,billion PKR,sbp_domestic_debt,monthly
2021-10-31,Government Domestic Liabilities7,673.2515891679999,billion PKR,sbp_domestic_debt,monthly
2021-11-30,Government Domestic Liabilities7,634.226606257,billion PKR,sbp_domestic_debt,monthly
2021-12-31,Government Domestic Liabilities7,607.643946937,billion PKR,sbp_domestic_debt,monthly
2022-01-31,Government Domestic Liabilities7,575.0862870330001,billion PKR,sbp_domestic_debt,monthly
2022-02-28,Government Domestic Liabilities7,561.083220352,billion PKR,sbp_domestic_debt,monthly
2022-03-31,Government Domestic Liabilities7,541.748788231,billion PKR,sbp_domestic_debt,monthly
2022-04-30,Government Domestic Liabilities7,740.734079509,billion PKR,sbp_domestic_debt,monthly
2022-05-31,Government Domestic Liabilities7,805.672277756,billion PKR,sbp_domestic_debt,monthly
2022-06-30,Government Domestic Liabilities7,772.5817569799999,billion PKR,sbp_domestic_debt,monthly
2010-06-30,Govt. Bond issued to HBL for settlement of CBR Refund,0.0,billion PKR,sbp_domestic_debt,monthly
2010-07-31,Govt. Bond issued to HBL for settlement of CBR Refund,0.0,billion PKR,sbp_domestic_debt,monthly
2010-08-31,Govt. Bond issued to HBL for settlement of CBR Refund,0.0,billion PKR,sbp_domestic_debt,monthly
2010-09-30,Govt. Bond issued to HBL for settlement of CBR Refund,0.0,billion PKR,sbp_domestic_debt,monthly
2010-10-31,Govt. Bond issued to HBL for settlement of CBR Refund,0.0,billion PKR,sbp_domestic_debt,monthly
2010-11-30,Govt. Bond issued to HBL for settlement of CBR Refund,0.0,billion PKR,sbp_domestic_debt,monthly
2010-12-31,Govt. Bond issued to HBL for settlement of CBR Refund,0.0,billion PKR,sbp_domestic_debt,monthly
2011-01-31,Govt. Bond issued to HBL for settlement of CBR Refund,0.0,billion PKR,sbp_domestic_debt,monthly
2011-02-28,Govt. Bond issued to HBL for settlement of CBR Refund,0.0,billion PKR,sbp_domestic_debt,monthly
2011-03-31,Govt. Bond issued to HBL for settlement of CBR Refund,0.0,billion PKR,sbp_domestic_debt,monthly
2011-04-30,Govt. Bond issued to HBL for settlement of CBR Refund,0.0,billion PKR,sbp_domestic_debt,monthly
2011-05-31,Govt. Bond issued to HBL for settlement of CBR Refund,0.0,billion PKR,sbp_domestic_debt,monthly
2011-06-30,Govt. Bond issued to HBL for settlement of CBR Refund,0.0,billion PKR,sbp_domestic_debt,monthly
2011-07-31,Govt. Bond issued to HBL for settlement of CBR Refund,0.0,billion PKR,sbp_domestic_debt,monthly
2011-08-31,Govt. Bond issued to HBL for settlement of CBR Refund,0.0,billion PKR,sbp_domestic_debt,monthly
2011-09-30,Govt. Bond issued to HBL for settlement of CBR Refund,0.0,billion PKR,sbp_domestic_debt,monthly
2011-10-31,Govt. Bond issued to HBL for settlement of CBR Refund,0.0,billion PKR,sbp_domestic_debt,monthly
2011-11-30,Govt. Bond issued to HBL for settlement of CBR Refund,0.0,billion PKR,sbp_domestic_debt,monthly
2011-12-31,Govt. Bond issued to HBL for settlement of CBR Refund,0.0,billion PKR,sbp_domestic_debt,monthly
2012-01-31,Govt. Bond issued to HBL for settlement of CBR Refund,0.0,billion PKR,sbp_domestic_debt,monthly
2012-02-29,Govt. Bond issued to HBL for settlement of CBR Refund,0.0,billion PKR,sbp_domestic_debt,monthly
2012-03-31,Govt. Bond issued to HBL for settlement of CBR Refund,0.0,billion PKR,sbp_domestic_debt,monthly
2012-04-30,Govt. Bond issued to HBL for settlement of CBR Refund,0.0,billion PKR,sbp_domestic_debt,monthly
2012-05-31,Govt. Bond issued to HBL for settlement of CBR Refund,0.0,billion PKR,sbp_domestic_debt,monthly
2012-06-30,Govt. Bond issued to HBL for settlement of CBR Refund,0.0,billion PKR,sbp_domestic_debt,monthly
2012-07-31,Govt. Bond issued to HBL for settlement of CBR Refund,0.0,billion PKR,sbp_domestic_debt,monthly
2012-08-31,Govt. Bond issued to HBL for settlement of CBR Refund,0.0,billion PKR,sbp_domestic_debt,monthly
2012-09-30,Govt. Bond issued to HBL for settlement of CBR Refund,0.0,billion PKR,sbp_domestic_debt,monthly
2012-10-31,Govt. Bond issued to HBL for settlement of CBR Refund,0.0,billion PKR,sbp_domestic_debt,monthly
2012-11-30,Govt. Bond issued to HBL for settlement of CBR Refund,0.0,billion PKR,sbp_domestic_debt,monthly
2012-12-31,Govt. Bond issued to HBL for settlement of CBR Refund,0.0,billion PKR,sbp_domestic_debt,monthly
2013-01-31,Govt. Bond issued to HBL for settlement of CBR Refund,0.0,billion PKR,sbp_domestic_debt,monthly
2013-02-28,Govt. Bond issued to HBL for settlement of CBR Refund,0.0,billion PKR,sbp_domestic_debt,monthly
2013-03-31,Govt. Bond issued to HBL for settlement of CBR Refund,0.0,billion PKR,sbp_domestic_debt,monthly
2013-04-30,Govt. Bond issued to HBL for settlement of CBR Refund,0.0,billion PKR,sbp_domestic_debt,monthly
2013-05-31,Govt. Bond issued to HBL for settlement of CBR Refund,0.0,billion PKR,sbp_domestic_debt,monthly
2013-06-30,Govt. Bond issued to HBL for settlement of CBR Refund,0.0,billion PKR,sbp_domestic_debt,monthly
2013-07-31,Govt. Bond issued to HBL for settlement of CBR Refund,0.0,billion PKR,sbp_domestic_debt,monthly
2013-08-31,Govt. Bond issued to HBL for settlement of CBR Refund,0.0,billion PKR,sbp_domestic_debt,monthly
2013-09-30,Govt. Bond issued to HBL for settlement of CBR Refund,0.0,billion PKR,sbp_domestic_debt,monthly
2013-10-31,Govt. Bond issued to HBL for settlement of CBR Refund,0.0,billion PKR,sbp_domestic_debt,monthly
2013-11-30,Govt. Bond issued to HBL for settlement of CBR Refund,0.0,billion PKR,sbp_domestic_debt,monthly
2013-12-31,Govt. Bond issued to HBL for settlement of CBR Refund,0.0,billion PKR,sbp_domestic_debt,monthly
2014-01-31,Govt. Bond issued to HBL for settlement of CBR Refund,0.0,billion PKR,sbp_domestic_debt,monthly
2014-02-28,Govt. Bond issued to HBL for settlement of CBR Refund,0.0,billion PKR,sbp_domestic_debt,monthly
2014-03-31,Govt. Bond issued to HBL for settlement of CBR Refund,0.0,billion PKR,sbp_domestic_debt,monthly
2014-04-30,Govt. Bond issued to HBL for settlement of CBR Refund,0.0,billion PKR,sbp_domestic_debt,monthly
2014-05-31,Govt. Bond issued to HBL for settlement of CBR Refund,0.0,billion PKR,sbp_domestic_debt,monthly
2014-06-30,Govt. Bond issued to HBL for settlement of CBR Refund,0.0,billion PKR,sbp_domestic_debt,monthly
2014-07-31,Govt. Bond issued to HBL for settlement of CBR Refund,0.0,billion PKR,sbp_domestic_debt,monthly
2014-08-31,Govt. Bond issued to HBL for settlement of CBR Refund,0.0,billion PKR,sbp_domestic_debt,monthly
2014-09-30,Govt. Bond issued to HBL for settlement of CBR Refund,0.0,billion PKR,sbp_domestic_debt,monthly
2014-10-31,Govt. Bond issued to HBL for settlement of CBR Refund,0.0,billion PKR,sbp_domestic_debt,monthly
2014-11-30,Govt. Bond issued to HBL for settlement of CBR Refund,0.0,billion PKR,sbp_domestic_debt,monthly
2014-12-31,Govt. Bond issued to HBL for settlement of CBR Refund,0.0,billion PKR,sbp_domestic_debt,monthly
2015-01-31,Govt. Bond issued to HBL for settlement of CBR Refund,0.0,billion PKR,sbp_domestic_debt,monthly
2015-02-28,Govt. Bond issued to HBL for settlement of CBR Refund,0.0,billion PKR,sbp_domestic_debt,monthly
2015-03-31,Govt. Bond issued to HBL for settlement of CBR Refund,0.0,billion PKR,sbp_domestic_debt,monthly
2015-04-30,Govt. Bond issued to HBL for settlement of CBR Refund,0.0,billion PKR,sbp_domestic_debt,monthly
2015-05-31,Govt. Bond issued to HBL for settlement of CBR Refund,0.0,billion PKR,sbp_domestic_debt,monthly
2015-06-30,Govt. Bond issued to HBL for settlement of CBR Refund,0.0,billion PKR,sbp_domestic_debt,monthly
2015-07-31,Govt. Bond issued to HBL for settlement of CBR Refund,0.0,billion PKR,sbp_domestic_debt,monthly
2015-08-31,Govt. Bond issued to HBL for settlement of CBR Refund,0.0,billion PKR,sbp_domestic_debt,monthly
2015-09-30,Govt. Bond issued to HBL for settlement of CBR Refund,0.0,billion PKR,sbp_domestic_debt,monthly
2015-10-31,Govt. Bond issued to HBL for settlement of CBR Refund,0.0,billion PKR,sbp_domestic_debt,monthly
2015-11-30,Govt. Bond issued to HBL for settlement of CBR Refund,0.0,billion PKR,sbp_domestic_debt,monthly
2015-12-31,Govt. Bond issued to HBL for settlement of CBR Refund,0.0,billion PKR,sbp_domestic_debt,monthly
2016-01-31,Govt. Bond issued to HBL for settlement of CBR Refund,0.0,billion PKR,sbp_domestic_debt,monthly
2016-02-29,Govt. Bond issued to HBL for settlement of CBR Refund,0.0,billion PKR,sbp_domestic_debt,monthly
2016-03-31,Govt. Bond issued to HBL for settlement of CBR Refund,0.0,billion PKR,sbp_domestic_debt,monthly
2016-04-30,Govt. Bond issued to HBL for settlement of CBR Refund,0.0,billion PKR,sbp_domestic_debt,monthly
2016-05-31,Govt. Bond issued to HBL for settlement of CBR Refund,0.0,billion PKR,sbp_domestic_debt,monthly
2016-06-30,Govt. Bond issued to HBL for settlement of CBR Refund,0.0,billion PKR,sbp_domestic_debt,monthly
2016-07-31,Govt. Bond issued to HBL for settlement of CBR Refund,0.0,billion PKR,sbp_domestic_debt,monthly
2016-08-31,Govt. Bond issued to HBL for settlement of CBR Refund,0.0,billion PKR,sbp_domestic_debt,monthly
2016-09-30,Govt. Bond issued to HBL for settlement of CBR Refund,0.0,billion PKR,sbp_domestic_debt,monthly
2016-10-31,Govt. Bond issued to HBL for settlement of CBR Refund,0.0,billion PKR,sbp_domestic_debt,monthly
2016-11-30,Govt. Bond issued to HBL for settlement of CBR Refund,0.0,billion PKR,sbp_domestic_debt,monthly
2016-12-31,Govt. Bond issued to HBL for settlement of CBR Refund,0.0,billion PKR,sbp_domestic_debt,monthly
2017-01-31,Govt. Bond issued to HBL for settlement of CBR Refund,0.0,billion PKR,sbp_domestic_debt,monthly
2017-02-28,Govt. Bond issued to HBL for settlement of CBR Refund,0.0,billion PKR,sbp_domestic_debt,monthly
2017-03-31,Govt. Bond issued to HBL for settlement of CBR Refund,0.0,billion PKR,sbp_domestic_debt,monthly
2017-04-30,Govt. Bond issued to HBL for settlement of CBR Refund,0.0,billion PKR,sbp_domestic_debt,monthly
2017-05-31,Govt. Bond issued to HBL for settlement of CBR Refund,0.0,billion PKR,sbp_domestic_debt,monthly
2017-06-30,Govt. Bond issued to HBL for settlement of CBR Refund,0.0,billion PKR,sbp_domestic_debt,monthly
2017-07-31,Govt. Bond issued to HBL for settlement of CBR Refund,0.0,billion PKR,sbp_domestic_debt,monthly
2017-08-31,Govt. Bond issued to HBL for settlement of CBR Refund,0.0,billion PKR,sbp_domestic_debt,monthly
2017-09-30,Govt. Bond issued to HBL for settlement of CBR Refund,0.0,billion PKR,sbp_domestic_debt,monthly
2017-10-31,Govt. Bond issued to HBL for settlement of CBR Refund,0.0,billion PKR,sbp_domestic_debt,monthly
2017-11-30,Govt. Bond issued to HBL for settlement of CBR Refund,0.0,billion PKR,sbp_domestic_debt,monthly
2017-12-31,Govt. Bond issued to HBL for settlement of CBR Refund,0.0,billion PKR,sbp_domestic_debt,monthly
2018-01-31,Govt. Bond issued to HBL for settlement of CBR Refund,0.0,billion PKR,sbp_domestic_debt,monthly
2018-02-28,Govt. Bond issued to HBL for settlement of CBR Refund,0.0,billion PKR,sbp_domestic_debt,monthly
2018-03-31,Govt. Bond issued to HBL for settlement of CBR Refund,0.0,billion PKR,sbp_domestic_debt,monthly
2018-04-30,Govt. Bond issued to HBL for settlement of CBR Refund,0.0,billion PKR,sbp_domestic_debt,monthly
2018-05-31,Govt. Bond issued to HBL for settlement of CBR Refund,0.0,billion PKR,sbp_domestic_debt,monthly
2018-06-30,Govt. Bond issued to HBL for settlement of CBR Refund,0.0,billion PKR,sbp_domestic_debt,monthly
2018-07-31,Govt. Bond issued to HBL for settlement of CBR Refund,0.0,billion PKR,sbp_domestic_debt,monthly
2018-08-31,Govt. Bond issued to HBL for settlement of CBR Refund,0.0,billion PKR,sbp_domestic_debt,monthly
2018-09-30,Govt. Bond issued to HBL for settlement of CBR Refund,0.0,billion PKR,sbp_domestic_debt,monthly
2018-10-31,Govt. Bond issued to HBL for settlement of CBR Refund,0.0,billion PKR,sbp_domestic_debt,monthly
2018-11-30,Govt. Bond issued to HBL for settlement of CBR Refund,0.0,billion PKR,sbp_domestic_debt,monthly
2018-12-31,Govt. Bond issued to HBL for settlement of CBR Refund,0.0,billion PKR,sbp_domestic_debt,monthly
2019-01-31,Govt. Bond issued to HBL for settlement of CBR Refund,0.0,billion PKR,sbp_domestic_debt,monthly
2019-02-28,Govt. Bond issued to HBL for settlement of CBR Refund,0.0,billion PKR,sbp_domestic_debt,monthly
2019-03-31,Govt. Bond issued to HBL for settlement of CBR Refund,0.0,billion PKR,sbp_domestic_debt,monthly
2019-04-30,Govt. Bond issued to HBL for settlement of CBR Refund,0.0,billion PKR,sbp_domestic_debt,monthly
2019-05-31,Govt. Bond issued to HBL for settlement of CBR Refund,0.0,billion PKR,sbp_domestic_debt,monthly
2019-06-30,Govt. Bond issued to HBL for settlement of CBR Refund,0.0,billion PKR,sbp_domestic_debt,monthly
2019-07-31,Govt. Bond issued to HBL for settlement of CBR Refund,0.0,billion PKR,sbp_domestic_debt,monthly
2019-08-31,Govt. Bond issued to HBL for settlement of CBR Refund,0.0,billion PKR,sbp_domestic_debt,monthly
2019-09-30,Govt. Bond issued to HBL for settlement of CBR Refund,0.0,billion PKR,sbp_domestic_debt,monthly
2019-10-31,Govt. Bond issued to HBL for settlement of CBR Refund,0.0,billion PKR,sbp_domestic_debt,monthly
2019-11-30,Govt. Bond issued to HBL for settlement of CBR Refund,0.0,billion PKR,sbp_domestic_debt,monthly
2019-12-31,Govt. Bond issued to HBL for settlement of CBR Refund,0.0,billion PKR,sbp_domestic_debt,monthly
2020-01-31,Govt. Bond issued to HBL for settlement of CBR Refund,0.0,billion PKR,sbp_domestic_debt,monthly
2020-02-29,Govt. Bond issued to HBL for settlement of CBR Refund,0.0,billion PKR,sbp_domestic_debt,monthly
2020-03-31,Govt. Bond issued to HBL for settlement of CBR Refund,0.0,billion PKR,sbp_domestic_debt,monthly
2020-04-30,Govt. Bond issued to HBL for settlement of CBR Refund,0.0,billion PKR,sbp_domestic_debt,monthly
2020-05-31,Govt. Bond issued to HBL for settlement of CBR Refund,0.0,billion PKR,sbp_domestic_debt,monthly
2020-06-30,Govt. Bond issued to HBL for settlement of CBR Refund,0.0,billion PKR,sbp_domestic_debt,monthly
2020-07-31,Govt. Bond issued to HBL for settlement of CBR Refund,0.0,billion PKR,sbp_domestic_debt,monthly
2020-08-31,Govt. Bond issued to HBL for settlement of CBR Refund,0.0,billion PKR,sbp_domestic_debt,monthly
2020-09-30,Govt. Bond issued to HBL for settlement of CBR Refund,0.0,billion PKR,sbp_domestic_debt,monthly
2020-10-31,Govt. Bond issued to HBL for settlement of CBR Refund,0.0,billion PKR,sbp_domestic_debt,monthly
2020-11-30,Govt. Bond issued to HBL for settlement of CBR Refund,0.0,billion PKR,sbp_domestic_debt,monthly
2020-12-31,Govt. Bond issued to HBL for settlement of CBR Refund,0.0,billion PKR,sbp_domestic_debt,monthly
2021-01-31,Govt. Bond issued to HBL for settlement of CBR Refund,0.0,billion PKR,sbp_domestic_debt,monthly
2021-02-28,Govt. Bond issued to HBL for settlement of CBR Refund,0.0,billion PKR,sbp_domestic_debt,monthly
2021-03-31,Govt. Bond issued to HBL for settlement of CBR Refund,0.0,billion PKR,sbp_domestic_debt,monthly
2021-04-30,Govt. Bond issued to HBL for settlement of CBR Refund,0.0,billion PKR,sbp_domestic_debt,monthly
2021-05-31,Govt. Bond issued to HBL for settlement of CBR Refund,0.0,billion PKR,sbp_domestic_debt,monthly
2021-06-30,Govt. Bond issued to HBL for settlement of CBR Refund,0.0,billion PKR,sbp_domestic_debt,monthly
2021-07-31,Govt. Bond issued to HBL for settlement of CBR Refund,0.0,billion PKR,sbp_domestic_debt,monthly
2021-08-31,Govt. Bond issued to HBL for settlement of CBR Refund,0.0,billion PKR,sbp_domestic_debt,monthly
2021-09-30,Govt. Bond issued to HBL for settlement of CBR Refund,0.0,billion PKR,sbp_domestic_debt,monthly
2021-10-31,Govt. Bond issued to HBL for settlement of CBR Refund,0.0,billion PKR,sbp_domestic_debt,monthly
2021-11-30,Govt. Bond issued to HBL for settlement of CBR Refund,0.0,billion PKR,sbp_domestic_debt,monthly
2021-12-31,Govt. Bond issued to HBL for settlement of CBR Refund,0.0,billion PKR,sbp_domestic_debt,monthly
2022-01-31,Govt. Bond issued to HBL for settlement of CBR Refund,0.0,billion PKR,sbp_domestic_debt,monthly
2022-02-28,Govt. Bond issued to HBL for settlement of CBR Refund,0.0,billion PKR,sbp_domestic_debt,monthly
2022-03-31,Govt. Bond issued to HBL for settlement of CBR Refund,0.0,billion PKR,sbp_domestic_debt,monthly
2022-04-30,Govt. Bond issued to HBL for settlement of CBR Refund,0.0,billion PKR,sbp_domestic_debt,monthly
2022-05-31,Govt. Bond issued to HBL for settlement of CBR Refund,0.0,billion PKR,sbp_domestic_debt,monthly
2022-06-30,Govt. Bond issued to HBL for settlement of CBR Refund,0.0,billion PKR,sbp_domestic_debt,monthly
2010-06-30,Govt. Bonds issued to SLIC (Capitalisation),0.584944435,billion PKR,sbp_domestic_debt,monthly
2010-07-31,Govt. Bonds issued to SLIC (Capitalisation),0.584944435,billion PKR,sbp_domestic_debt,monthly
2010-08-31,Govt. Bonds issued to SLIC (Capitalisation),0.584944435,billion PKR,sbp_domestic_debt,monthly
2010-09-30,Govt. Bonds issued to SLIC (Capitalisation),0.584944435,billion PKR,sbp_domestic_debt,monthly
2010-10-31,Govt. Bonds issued to SLIC (Capitalisation),0.584944435,billion PKR,sbp_domestic_debt,monthly
2010-11-30,Govt. Bonds issued to SLIC (Capitalisation),0.584944435,billion PKR,sbp_domestic_debt,monthly
2010-12-31,Govt. Bonds issued to SLIC (Capitalisation),0.584944435,billion PKR,sbp_domestic_debt,monthly
2011-01-31,Govt. Bonds issued to SLIC (Capitalisation),0.584944435,billion PKR,sbp_domestic_debt,monthly
2011-02-28,Govt. Bonds issued to SLIC (Capitalisation),0.584944435,billion PKR,sbp_domestic_debt,monthly
2011-03-31,Govt. Bonds issued to SLIC (Capitalisation),0.584944435,billion PKR,sbp_domestic_debt,monthly
2011-04-30,Govt. Bonds issued to SLIC (Capitalisation),0.584944435,billion PKR,sbp_domestic_debt,monthly
2011-05-31,Govt. Bonds issued to SLIC (Capitalisation),0.584944435,billion PKR,sbp_domestic_debt,monthly
2011-06-30,Govt. Bonds issued to SLIC (Capitalisation),0.584944435,billion PKR,sbp_domestic_debt,monthly
2011-07-31,Govt. Bonds issued to SLIC (Capitalisation),0.584944435,billion PKR,sbp_domestic_debt,monthly
2011-08-31,Govt. Bonds issued to SLIC (Capitalisation),0.584944435,billion PKR,sbp_domestic_debt,monthly
2011-09-30,Govt. Bonds issued to SLIC (Capitalisation),0.584944435,billion PKR,sbp_domestic_debt,monthly
2011-10-31,Govt. Bonds issued to SLIC (Capitalisation),0.584944435,billion PKR,sbp_domestic_debt,monthly
2011-11-30,Govt. Bonds issued to SLIC (Capitalisation),0.584944435,billion PKR,sbp_domestic_debt,monthly
2011-12-31,Govt. Bonds issued to SLIC (Capitalisation),0.584944435,billion PKR,sbp_domestic_debt,monthly
2012-01-31,Govt. Bonds issued to SLIC (Capitalisation),0.584944435,billion PKR,sbp_domestic_debt,monthly
2012-02-29,Govt. Bonds issued to SLIC (Capitalisation),0.584944435,billion PKR,sbp_domestic_debt,monthly
2012-03-31,Govt. Bonds issued to SLIC (Capitalisation),0.584944435,billion PKR,sbp_domestic_debt,monthly
2012-04-30,Govt. Bonds issued to SLIC (Capitalisation),0.584944435,billion PKR,sbp_domestic_debt,monthly
2012-05-31,Govt. Bonds issued to SLIC (Capitalisation),0.584944435,billion PKR,sbp_domestic_debt,monthly
2012-06-30,Govt. Bonds issued to SLIC (Capitalisation),0.584944435,billion PKR,sbp_domestic_debt,monthly
2012-07-31,Govt. Bonds issued to SLIC (Capitalisation),0.584944435,billion PKR,sbp_domestic_debt,monthly
2012-08-31,Govt. Bonds issued to SLIC (Capitalisation),0.584944435,billion PKR,sbp_domestic_debt,monthly
2012-09-30,Govt. Bonds issued to SLIC (Capitalisation),0.584944435,billion PKR,sbp_domestic_debt,monthly
2012-10-31,Govt. Bonds issued to SLIC (Capitalisation),0.584944435,billion PKR,sbp_domestic_debt,monthly
2012-11-30,Govt. Bonds issued to SLIC (Capitalisation),0.584944435,billion PKR,sbp_domestic_debt,monthly
2012-12-31,Govt. Bonds issued to SLIC (Capitalisation),0.584944435,billion PKR,sbp_domestic_debt,monthly
2013-01-31,Govt. Bonds issued to SLIC (Capitalisation),0.584944435,billion PKR,sbp_domestic_debt,monthly
2013-02-28,Govt. Bonds issued to SLIC (Capitalisation),0.584944435,billion PKR,sbp_domestic_debt,monthly
2013-03-31,Govt. Bonds issued to SLIC (Capitalisation),0.584944435,billion PKR,sbp_domestic_debt,monthly
2013-04-30,Govt. Bonds issued to SLIC (Capitalisation),0.584944435,billion PKR,sbp_domestic_debt,monthly
2013-05-31,Govt. Bonds issued to SLIC (Capitalisation),0.584944435,billion PKR,sbp_domestic_debt,monthly
2013-06-30,Govt. Bonds issued to SLIC (Capitalisation),0.584944435,billion PKR,sbp_domestic_debt,monthly
2013-07-31,Govt. Bonds issued to SLIC (Capitalisation),0.584944435,billion PKR,sbp_domestic_debt,monthly
2013-08-31,Govt. Bonds issued to SLIC (Capitalisation),0.584944435,billion PKR,sbp_domestic_debt,monthly
2013-09-30,Govt. Bonds issued to SLIC (Capitalisation),0.584944435,billion PKR,sbp_domestic_debt,monthly
2013-10-31,Govt. Bonds issued to SLIC (Capitalisation),0.584944435,billion PKR,sbp_domestic_debt,monthly
2013-11-30,Govt. Bonds issued to SLIC (Capitalisation),0.584944435,billion PKR,sbp_domestic_debt,monthly
2013-12-31,Govt. Bonds issued to SLIC (Capitalisation),0.584944435,billion PKR,sbp_domestic_debt,monthly
2014-01-31,Govt. Bonds issued to SLIC (Capitalisation),0.584944435,billion PKR,sbp_domestic_debt,monthly
2014-02-28,Govt. Bonds issued to SLIC (Capitalisation),0.584944435,billion PKR,sbp_domestic_debt,monthly
2014-03-31,Govt. Bonds issued to SLIC (Capitalisation),0.584944435,billion PKR,sbp_domestic_debt,monthly
2014-04-30,Govt. Bonds issued to SLIC (Capitalisation),0.584944435,billion PKR,sbp_domestic_debt,monthly
2014-05-31,Govt. Bonds issued to SLIC (Capitalisation),0.584944435,billion PKR,sbp_domestic_debt,monthly
2014-06-30,Govt. Bonds issued to SLIC (Capitalisation),0.584944435,billion PKR,sbp_domestic_debt,monthly
2014-07-31,Govt. Bonds issued to SLIC (Capitalisation),0.584944435,billion PKR,sbp_domestic_debt,monthly
2014-08-31,Govt. Bonds issued to SLIC (Capitalisation),0.584944435,billion PKR,sbp_domestic_debt,monthly
2014-09-30,Govt. Bonds issued to SLIC (Capitalisation),0.584944435,billion PKR,sbp_domestic_debt,monthly
2014-10-31,Govt. Bonds issued to SLIC (Capitalisation),0.584944435,billion PKR,sbp_domestic_debt,monthly
2014-11-30,Govt. Bonds issued to SLIC (Capitalisation),0.584944435,billion PKR,sbp_domestic_debt,monthly
2014-12-31,Govt. Bonds issued to SLIC (Capitalisation),0.584944435,billion PKR,sbp_domestic_debt,monthly
2015-01-31,Govt. Bonds issued to SLIC (Capitalisation),0.584944435,billion PKR,sbp_domestic_debt,monthly
2015-02-28,Govt. Bonds issued to SLIC (Capitalisation),0.584944435,billion PKR,sbp_domestic_debt,monthly
2015-03-31,Govt. Bonds issued to SLIC (Capitalisation),0.584944435,billion PKR,sbp_domestic_debt,monthly
2015-04-30,Govt. Bonds issued to SLIC (Capitalisation),0.584944435,billion PKR,sbp_domestic_debt,monthly
2015-05-31,Govt. Bonds issued to SLIC (Capitalisation),0.584944435,billion PKR,sbp_domestic_debt,monthly
2015-06-30,Govt. Bonds issued to SLIC (Capitalisation),0.584944435,billion PKR,sbp_domestic_debt,monthly
2015-07-31,Govt. Bonds issued to SLIC (Capitalisation),0.584944435,billion PKR,sbp_domestic_debt,monthly
2015-08-31,Govt. Bonds issued to SLIC (Capitalisation),0.584944435,billion PKR,sbp_domestic_debt,monthly
2015-09-30,Govt. Bonds issued to SLIC (Capitalisation),0.584944435,billion PKR,sbp_domestic_debt,monthly
2015-10-31,Govt. Bonds issued to SLIC (Capitalisation),0.584944435,billion PKR,sbp_domestic_debt,monthly
2015-11-30,Govt. Bonds issued to SLIC (Capitalisation),0.584944435,billion PKR,sbp_domestic_debt,monthly
2015-12-31,Govt. Bonds issued to SLIC (Capitalisation),0.584944435,billion PKR,sbp_domestic_debt,monthly
2016-01-31,Govt. Bonds issued to SLIC (Capitalisation),0.584944435,billion PKR,sbp_domestic_debt,monthly
2016-02-29,Govt. Bonds issued to SLIC (Capitalisation),0.584944435,billion PKR,sbp_domestic_debt,monthly
2016-03-31,Govt. Bonds issued to SLIC (Capitalisation),0.584944435,billion PKR,sbp_domestic_debt,monthly
2016-04-30,Govt. Bonds issued to SLIC (Capitalisation),0.584944435,billion PKR,sbp_domestic_debt,monthly
2016-05-31,Govt. Bonds issued to SLIC (Capitalisation),0.584944435,billion PKR,sbp_domestic_debt,monthly
2016-06-30,Govt. Bonds issued to SLIC (Capitalisation),0.584944435,billion PKR,sbp_domestic_debt,monthly
2016-07-31,Govt. Bonds issued to SLIC (Capitalisation),0.584944435,billion PKR,sbp_domestic_debt,monthly
2016-08-31,Govt. Bonds issued to SLIC (Capitalisation),0.584944435,billion PKR,sbp_domestic_debt,monthly
2016-09-30,Govt. Bonds issued to SLIC (Capitalisation),0.584944435,billion PKR,sbp_domestic_debt,monthly
2016-10-31,Govt. Bonds issued to SLIC (Capitalisation),0.584944435,billion PKR,sbp_domestic_debt,monthly
2016-11-30,Govt. Bonds issued to SLIC (Capitalisation),0.584944435,billion PKR,sbp_domestic_debt,monthly
2016-12-31,Govt. Bonds issued to SLIC (Capitalisation),0.584944435,billion PKR,sbp_domestic_debt,monthly
2017-01-31,Govt. Bonds issued to SLIC (Capitalisation),0.584944435,billion PKR,sbp_domestic_debt,monthly
2017-02-28,Govt. Bonds issued to SLIC (Capitalisation),0.584944435,billion PKR,sbp_domestic_debt,monthly
2017-03-31,Govt. Bonds issued to SLIC (Capitalisation),0.584944435,billion PKR,sbp_domestic_debt,monthly
2017-04-30,Govt. Bonds issued to SLIC (Capitalisation),0.584944435,billion PKR,sbp_domestic_debt,monthly
2017-05-31,Govt. Bonds issued to SLIC (Capitalisation),0.584944435,billion PKR,sbp_domestic_debt,monthly
2017-06-30,Govt. Bonds issued to SLIC (Capitalisation),0.584944435,billion PKR,sbp_domestic_debt,monthly
2017-07-31,Govt. Bonds issued to SLIC (Capitalisation),0.584944435,billion PKR,sbp_domestic_debt,monthly
2017-08-31,Govt. Bonds issued to SLIC (Capitalisation),0.584944435,billion PKR,sbp_domestic_debt,monthly
2017-09-30,Govt. Bonds issued to SLIC (Capitalisation),0.584944435,billion PKR,sbp_domestic_debt,monthly
2017-10-31,Govt. Bonds issued to SLIC (Capitalisation),0.584944435,billion PKR,sbp_domestic_debt,monthly
2017-11-30,Govt. Bonds issued to SLIC (Capitalisation),0.584944435,billion PKR,sbp_domestic_debt,monthly
2017-12-31,Govt. Bonds issued to SLIC (Capitalisation),0.584944435,billion PKR,sbp_domestic_debt,monthly
2018-01-31,Govt. Bonds issued to SLIC (Capitalisation),0.584944435,billion PKR,sbp_domestic_debt,monthly
2018-02-28,Govt. Bonds issued to SLIC (Capitalisation),0.584944435,billion PKR,sbp_domestic_debt,monthly
2018-03-31,Govt. Bonds issued to SLIC (Capitalisation),0.584944435,billion PKR,sbp_domestic_debt,monthly
2018-04-30,Govt. Bonds issued to SLIC (Capitalisation),0.584944435,billion PKR,sbp_domestic_debt,monthly
2018-05-31,Govt. Bonds issued to SLIC (Capitalisation),0.584944435,billion PKR,sbp_domestic_debt,monthly
2018-06-30,Govt. Bonds issued to SLIC (Capitalisation),0.584944435,billion PKR,sbp_domestic_debt,monthly
2018-07-31,Govt. Bonds issued to SLIC (Capitalisation),0.584944435,billion PKR,sbp_domestic_debt,monthly
2018-08-31,Govt. Bonds issued to SLIC (Capitalisation),0.584944435,billion PKR,sbp_domestic_debt,monthly
2018-09-30,Govt. Bonds issued to SLIC (Capitalisation),0.584944435,billion PKR,sbp_domestic_debt,monthly
2018-10-31,Govt. Bonds issued to SLIC (Capitalisation),0.584944435,billion PKR,sbp_domestic_debt,monthly
2018-11-30,Govt. Bonds issued to SLIC (Capitalisation),0.584944435,billion PKR,sbp_domestic_debt,monthly
2018-12-31,Govt. Bonds issued to SLIC (Capitalisation),0.584944435,billion PKR,sbp_domestic_debt,monthly
2019-01-31,Govt. Bonds issued to SLIC (Capitalisation),0.584944435,billion PKR,sbp_domestic_debt,monthly
2019-02-28,Govt. Bonds issued to SLIC (Capitalisation),0.584944435,billion PKR,sbp_domestic_debt,monthly
2019-03-31,Govt. Bonds issued to SLIC (Capitalisation),0.584944435,billion PKR,sbp_domestic_debt,monthly
2019-04-30,Govt. Bonds issued to SLIC (Capitalisation),0.584944435,billion PKR,sbp_domestic_debt,monthly
2019-05-31,Govt. Bonds issued to SLIC (Capitalisation),0.584944435,billion PKR,sbp_domestic_debt,monthly
2019-06-30,Govt. Bonds issued to SLIC (Capitalisation),0.584944435,billion PKR,sbp_domestic_debt,monthly
2019-07-31,Govt. Bonds issued to SLIC (Capitalisation),0.584944435,billion PKR,sbp_domestic_debt,monthly
2019-08-31,Govt. Bonds issued to SLIC (Capitalisation),0.584944435,billion PKR,sbp_domestic_debt,monthly
2019-09-30,Govt. Bonds issued to SLIC (Capitalisation),0.584944435,billion PKR,sbp_domestic_debt,monthly
2019-10-31,Govt. Bonds issued to SLIC (Capitalisation),0.584944435,billion PKR,sbp_domestic_debt,monthly
2019-11-30,Govt. Bonds issued to SLIC (Capitalisation),0.584944435,billion PKR,sbp_domestic_debt,monthly
2019-12-31,Govt. Bonds issued to SLIC (Capitalisation),0.584944435,billion PKR,sbp_domestic_debt,monthly
2020-01-31,Govt. Bonds issued to SLIC (Capitalisation),0.584944435,billion PKR,sbp_domestic_debt,monthly
2020-02-29,Govt. Bonds issued to SLIC (Capitalisation),0.584944435,billion PKR,sbp_domestic_debt,monthly
2020-03-31,Govt. Bonds issued to SLIC (Capitalisation),0.584944435,billion PKR,sbp_domestic_debt,monthly
2020-04-30,Govt. Bonds issued to SLIC (Capitalisation),0.584944435,billion PKR,sbp_domestic_debt,monthly
2020-05-31,Govt. Bonds issued to SLIC (Capitalisation),0.584944435,billion PKR,sbp_domestic_debt,monthly
2020-06-30,Govt. Bonds issued to SLIC (Capitalisation),0.584944435,billion PKR,sbp_domestic_debt,monthly
2020-07-31,Govt. Bonds issued to SLIC (Capitalisation),0.584944435,billion PKR,sbp_domestic_debt,monthly
2020-08-31,Govt. Bonds issued to SLIC (Capitalisation),0.584944435,billion PKR,sbp_domestic_debt,monthly
2020-09-30,Govt. Bonds issued to SLIC (Capitalisation),0.584944435,billion PKR,sbp_domestic_debt,monthly
2020-10-31,Govt. Bonds issued to SLIC (Capitalisation),0.584944435,billion PKR,sbp_domestic_debt,monthly
2020-11-30,Govt. Bonds issued to SLIC (Capitalisation),0.584944435,billion PKR,sbp_domestic_debt,monthly
2020-12-31,Govt. Bonds issued to SLIC (Capitalisation),0.584944435,billion PKR,sbp_domestic_debt,monthly
2021-01-31,Govt. Bonds issued to SLIC (Capitalisation),0.584944435,billion PKR,sbp_domestic_debt,monthly
2021-02-28,Govt. Bonds issued to SLIC (Capitalisation),0.584944435,billion PKR,sbp_domestic_debt,monthly
2021-03-31,Govt. Bonds issued to SLIC (Capitalisation),0.584944435,billion PKR,sbp_domestic_debt,monthly
2021-04-30,Govt. Bonds issued to SLIC (Capitalisation),0.584944435,billion PKR,sbp_domestic_debt,monthly
2021-05-31,Govt. Bonds issued to SLIC (Capitalisation),0.584944435,billion PKR,sbp_domestic_debt,monthly
2021-06-30,Govt. Bonds issued to SLIC (Capitalisation),0.584944435,billion PKR,sbp_domestic_debt,monthly
2021-07-31,Govt. Bonds issued to SLIC (Capitalisation),0.584944435,billion PKR,sbp_domestic_debt,monthly
2021-08-31,Govt. Bonds issued to SLIC (Capitalisation),0.584944435,billion PKR,sbp_domestic_debt,monthly
2021-09-30,Govt. Bonds issued to SLIC (Capitalisation),0.584944435,billion PKR,sbp_domestic_debt,monthly
2021-10-31,Govt. Bonds issued to SLIC (Capitalisation),0.584944435,billion PKR,sbp_domestic_debt,monthly
2021-11-30,Govt. Bonds issued to SLIC (Capitalisation),0.584944435,billion PKR,sbp_domestic_debt,monthly
2021-12-31,Govt. Bonds issued to SLIC (Capitalisation),0.584944435,billion PKR,sbp_domestic_debt,monthly
2022-01-31,Govt. Bonds issued to SLIC (Capitalisation),0.584944435,billion PKR,sbp_domestic_debt,monthly
2022-02-28,Govt. Bonds issued to SLIC (Capitalisation),0.584944435,billion PKR,sbp_domestic_debt,monthly
2022-03-31,Govt. Bonds issued to SLIC (Capitalisation),0.584944435,billion PKR,sbp_domestic_debt,monthly
2022-04-30,Govt. Bonds issued to SLIC (Capitalisation),0.584944435,billion PKR,sbp_domestic_debt,monthly
2022-05-31,Govt. Bonds issued to SLIC (Capitalisation),0.584944435,billion PKR,sbp_domestic_debt,monthly
2022-06-30,Govt. Bonds issued to SLIC (Capitalisation),0.584944435,billion PKR,sbp_domestic_debt,monthly
2022-07-31,Gross Government Domestic Debt (I+II+III+IV+V),31191.990336529925,billion PKR,sbp_domestic_debt,monthly
2022-08-31,Gross Government Domestic Debt (I+II+III+IV+V),32152.76037189434,billion PKR,sbp_domestic_debt,monthly
2022-09-30,Gross Government Domestic Debt (I+II+III+IV+V),31456.055051857795,billion PKR,sbp_domestic_debt,monthly
2022-10-31,Gross Government Domestic Debt (I+II+III+IV+V),32555.994508885127,billion PKR,sbp_domestic_debt,monthly
2022-11-30,Gross Government Domestic Debt (I+II+III+IV+V),32985.74357975675,billion PKR,sbp_domestic_debt,monthly
2022-12-31,Gross Government Domestic Debt (I+II+III+IV+V),33178.423576725174,billion PKR,sbp_domestic_debt,monthly
2023-01-31,Gross Government Domestic Debt (I+II+III+IV+V),34334.90886552948,billion PKR,sbp_domestic_debt,monthly
2023-02-28,Gross Government Domestic Debt (I+II+III+IV+V),34155.922568586895,billion PKR,sbp_domestic_debt,monthly
2023-03-31,Gross Government Domestic Debt (I+II+III+IV+V),35077.31971792486,billion PKR,sbp_domestic_debt,monthly
2023-04-30,Gross Government Domestic Debt (I+II+III+IV+V),36551.70117167465,billion PKR,sbp_domestic_debt,monthly
2023-05-31,Gross Government Domestic Debt (I+II+III+IV+V),37055.66529001237,billion PKR,sbp_domestic_debt,monthly
2023-06-30,Gross Government Domestic Debt (I+II+III+IV+V),38809.82700540169,billion PKR,sbp_domestic_debt,monthly
2023-07-31,Gross Government Domestic Debt (I+II+III+IV+V),39016.390140254705,billion PKR,sbp_domestic_debt,monthly
2023-08-31,Gross Government Domestic Debt (I+II+III+IV+V),39795.36619093025,billion PKR,sbp_domestic_debt,monthly
2023-09-30,Gross Government Domestic Debt (I+II+III+IV+V),39697.87615356464,billion PKR,sbp_domestic_debt,monthly
2023-10-31,Gross Government Domestic Debt (I+II+III+IV+V),40409.996657470816,billion PKR,sbp_domestic_debt,monthly
2023-11-30,Gross Government Domestic Debt (I+II+III+IV+V),40956.55493299417,billion PKR,sbp_domestic_debt,monthly
2023-12-31,Gross Government Domestic Debt (I+II+III+IV+V),42594.79125641628,billion PKR,sbp_domestic_debt,monthly
2024-01-31,Gross Government Domestic Debt (I+II+III+IV+V),42623.89169095027,billion PKR,sbp_domestic_debt,monthly
2024-02-29,Gross Government Domestic Debt (I+II+III+IV+V),42675.44949502763,billion PKR,sbp_domestic_debt,monthly
2024-03-31,Gross Government Domestic Debt (I+II+III+IV+V),43436.60082393193,billion PKR,sbp_domestic_debt,monthly
2024-04-30,Gross Government Domestic Debt (I+II+III+IV+V),44486.48064498533,billion PKR,sbp_domestic_debt,monthly
2024-05-31,Gross Government Domestic Debt (I+II+III+IV+V),46124.643817257405,billion PKR,sbp_domestic_debt,monthly
2024-06-30,Gross Government Domestic Debt (I+II+III+IV+V),47160.210511144825,billion PKR,sbp_domestic_debt,monthly
2024-07-31,Gross Government Domestic Debt (I+II+III+IV+V),47716.24414923062,billion PKR,sbp_domestic_debt,monthly
2024-08-31,Gross Government Domestic Debt (I+II+III+IV+V),48338.968947665926,billion PKR,sbp_domestic_debt,monthly
2024-09-30,Gross Government Domestic Debt (I+II+III+IV+V),47536.35064324789,billion PKR,sbp_domestic_debt,monthly
2024-10-31,Gross Government Domestic Debt (I+II+III+IV+V),47230.63597300094,billion PKR,sbp_domestic_debt,monthly
2024-11-30,Gross Government Domestic Debt (I+II+III+IV+V),48584.468224439275,billion PKR,sbp_domestic_debt,monthly
2024-12-31,Gross Government Domestic Debt (I+II+III+IV+V),49883.31764951181,billion PKR,sbp_domestic_debt,monthly
2025-01-31,Gross Government Domestic Debt (I+II+III+IV+V),50243.547171063285,billion PKR,sbp_domestic_debt,monthly
2025-02-28,Gross Government Domestic Debt (I+II+III+IV+V),51021.74324559003,billion PKR,sbp_domestic_debt,monthly
2025-03-31,Gross Government Domestic Debt (I+II+III+IV+V),51517.85416605517,billion PKR,sbp_domestic_debt,monthly
2025-04-30,Gross Government Domestic Debt (I+II+III+IV+V),52522.965043270364,billion PKR,sbp_domestic_debt,monthly
2025-05-31,Gross Government Domestic Debt (I+II+III+IV+V),53459.88951517043,billion PKR,sbp_domestic_debt,monthly
2025-06-30,Gross Government Domestic Debt (I+II+III+IV+V),54471.542524602715,billion PKR,sbp_domestic_debt,monthly
2025-07-31,Gross Government Domestic Debt (I+II+III+IV+V),54988.19174975921,billion PKR,sbp_domestic_debt,monthly
2025-08-31,Gross Government Domestic Debt (I+II+III+IV+V),54072.9574893314,billion PKR,sbp_domestic_debt,monthly
2025-09-30,Gross Government Domestic Debt (I+II+III+IV+V),53423.59852324016,billion PKR,sbp_domestic_debt,monthly
2025-10-31,Gross Government Domestic Debt (I+II+III+IV+V),53958.369066903295,billion PKR,sbp_domestic_debt,monthly
2025-11-30,Gross Government Domestic Debt (I+II+III+IV+V),54610.88726592827,billion PKR,sbp_domestic_debt,monthly
2025-12-31,Gross Government Domestic Debt (I+II+III+IV+V),55362.820309984214,billion PKR,sbp_domestic_debt,monthly
2026-01-31,Gross Government Domestic Debt (I+II+III+IV+V),55983.16539801576,billion PKR,sbp_domestic_debt,monthly
2026-02-28,Gross Government Domestic Debt (I+II+III+IV+V),56679.12335314889,billion PKR,sbp_domestic_debt,monthly
2026-03-31,Gross Government Domestic Debt (I+II+III+IV+V),57565.7606910405,billion PKR,sbp_domestic_debt,monthly
2026-04-30,Gross Government Domestic Debt (I+II+III+IV+V),58088.799544809764,billion PKR,sbp_domestic_debt,monthly
2026-05-31,Gross Government Domestic Debt (I+II+III+IV+V),58107.04362202393,billion PKR,sbp_domestic_debt,monthly
2022-07-31,Gross Government Domestic Debt and Liabilites,31950.444256330924,billion PKR,sbp_domestic_debt,monthly
2022-08-31,Gross Government Domestic Debt and Liabilites,32891.42692174534,billion PKR,sbp_domestic_debt,monthly
2022-09-30,Gross Government Domestic Debt and Liabilites,32173.627595692793,billion PKR,sbp_domestic_debt,monthly
2022-10-31,Gross Government Domestic Debt and Liabilites,33239.861437382126,billion PKR,sbp_domestic_debt,monthly
2022-11-30,Gross Government Domestic Debt and Liabilites,33651.95903722975,billion PKR,sbp_domestic_debt,monthly
2022-12-31,Gross Government Domestic Debt and Liabilites,33819.25195649317,billion PKR,sbp_domestic_debt,monthly
2023-01-31,Gross Government Domestic Debt and Liabilites,34937.43328033249,billion PKR,sbp_domestic_debt,monthly
2023-02-28,Gross Government Domestic Debt and Liabilites,34754.01256858689,billion PKR,sbp_domestic_debt,monthly
2023-03-31,Gross Government Domestic Debt and Liabilites,35637.63371792486,billion PKR,sbp_domestic_debt,monthly
2023-04-30,Gross Government Domestic Debt and Liabilites,37248.71617167465,billion PKR,sbp_domestic_debt,monthly
2023-05-31,Gross Government Domestic Debt and Liabilites,37892.654290012375,billion PKR,sbp_domestic_debt,monthly
2023-06-30,Gross Government Domestic Debt and Liabilites,39654.82770605169,billion PKR,sbp_domestic_debt,monthly
2023-07-31,Gross Government Domestic Debt and Liabilites,39725.6890220697,billion PKR,sbp_domestic_debt,monthly
2023-08-31,Gross Government Domestic Debt and Liabilites,40469.87716844825,billion PKR,sbp_domestic_debt,monthly
2023-09-30,Gross Government Domestic Debt and Liabilites,40372.37487108264,billion PKR,sbp_domestic_debt,monthly
2023-10-31,Gross Government Domestic Debt and Liabilites,41033.37513284481,billion PKR,sbp_domestic_debt,monthly
2023-11-30,Gross Government Domestic Debt and Liabilites,41538.32617481317,billion PKR,sbp_domestic_debt,monthly
2023-12-31,Gross Government Domestic Debt and Liabilites,43206.421834633285,billion PKR,sbp_domestic_debt,monthly
2024-01-31,Gross Government Domestic Debt and Liabilites,43161.93642902727,billion PKR,sbp_domestic_debt,monthly
2024-02-29,Gross Government Domestic Debt and Liabilites,43166.40138262063,billion PKR,sbp_domestic_debt,monthly
2024-03-31,Gross Government Domestic Debt and Liabilites,43915.00518435793,billion PKR,sbp_domestic_debt,monthly
2024-04-30,Gross Government Domestic Debt and Liabilites,45004.320644985324,billion PKR,sbp_domestic_debt,monthly
2024-05-31,Gross Government Domestic Debt and Liabilites,46667.251817257405,billion PKR,sbp_domestic_debt,monthly
2024-06-30,Gross Government Domestic Debt and Liabilites,47723.719604106824,billion PKR,sbp_domestic_debt,monthly
2024-07-31,Gross Government Domestic Debt and Liabilites,48079.736149230615,billion PKR,sbp_domestic_debt,monthly
2024-08-31,Gross Government Domestic Debt and Liabilites,48647.96594766593,billion PKR,sbp_domestic_debt,monthly
2024-09-30,Gross Government Domestic Debt and Liabilites,47846.03464324789,billion PKR,sbp_domestic_debt,monthly
2024-10-31,Gross Government Domestic Debt and Liabilites,47539.391973000944,billion PKR,sbp_domestic_debt,monthly
2024-11-30,Gross Government Domestic Debt and Liabilites,48894.36164054728,billion PKR,sbp_domestic_debt,monthly
2024-12-31,Gross Government Domestic Debt and Liabilites,50193.78164951181,billion PKR,sbp_domestic_debt,monthly
2025-01-31,Gross Government Domestic Debt and Liabilites,50532.31117106329,billion PKR,sbp_domestic_debt,monthly
2025-02-28,Gross Government Domestic Debt and Liabilites,51284.530384887024,billion PKR,sbp_domestic_debt,monthly
2025-03-31,Gross Government Domestic Debt and Liabilites,51739.24016605517,billion PKR,sbp_domestic_debt,monthly
2025-04-30,Gross Government Domestic Debt and Liabilites,52742.56804327037,billion PKR,sbp_domestic_debt,monthly
2025-05-31,Gross Government Domestic Debt and Liabilites,53675.807515170425,billion PKR,sbp_domestic_debt,monthly
2025-06-30,Gross Government Domestic Debt and Liabilites,54687.563231002714,billion PKR,sbp_domestic_debt,monthly
2025-07-31,Gross Government Domestic Debt and Liabilites,55204.34174975921,billion PKR,sbp_domestic_debt,monthly
2025-08-31,Gross Government Domestic Debt and Liabilites,54275.229489331396,billion PKR,sbp_domestic_debt,monthly
2025-09-30,Gross Government Domestic Debt and Liabilites,53625.52009324016,billion PKR,sbp_domestic_debt,monthly
2025-10-31,Gross Government Domestic Debt and Liabilites,54158.96480590329,billion PKR,sbp_domestic_debt,monthly
2025-11-30,Gross Government Domestic Debt and Liabilites,54810.48426592827,billion PKR,sbp_domestic_debt,monthly
2025-12-31,Gross Government Domestic Debt and Liabilites,55562.38430998421,billion PKR,sbp_domestic_debt,monthly
2026-01-31,Gross Government Domestic Debt and Liabilites,56145.55239801576,billion PKR,sbp_domestic_debt,monthly
2026-02-28,Gross Government Domestic Debt and Liabilites,56820.65235314889,billion PKR,sbp_domestic_debt,monthly
2026-03-31,Gross Government Domestic Debt and Liabilites,57693.9406910405,billion PKR,sbp_domestic_debt,monthly
2026-04-30,Gross Government Domestic Debt and Liabilites,58214.996544809765,billion PKR,sbp_domestic_debt,monthly
2026-05-31,Gross Government Domestic Debt and Liabilites,58237.52662202393,billion PKR,sbp_domestic_debt,monthly
2010-06-30,Heavy Mechanical Complex,0.0,billion PKR,sbp_domestic_debt,monthly
2010-07-31,Heavy Mechanical Complex,0.0,billion PKR,sbp_domestic_debt,monthly
2010-08-31,Heavy Mechanical Complex,0.0,billion PKR,sbp_domestic_debt,monthly
2010-09-30,Heavy Mechanical Complex,0.0,billion PKR,sbp_domestic_debt,monthly
2010-10-31,Heavy Mechanical Complex,0.0,billion PKR,sbp_domestic_debt,monthly
2010-11-30,Heavy Mechanical Complex,0.0,billion PKR,sbp_domestic_debt,monthly
2010-12-31,Heavy Mechanical Complex,0.0,billion PKR,sbp_domestic_debt,monthly
2011-01-31,Heavy Mechanical Complex,0.0,billion PKR,sbp_domestic_debt,monthly
2011-02-28,Heavy Mechanical Complex,0.0,billion PKR,sbp_domestic_debt,monthly
2011-03-31,Heavy Mechanical Complex,0.0,billion PKR,sbp_domestic_debt,monthly
2011-04-30,Heavy Mechanical Complex,0.0,billion PKR,sbp_domestic_debt,monthly
2011-05-31,Heavy Mechanical Complex,0.0,billion PKR,sbp_domestic_debt,monthly
2011-06-30,Heavy Mechanical Complex,0.0,billion PKR,sbp_domestic_debt,monthly
2011-07-31,Heavy Mechanical Complex,0.0,billion PKR,sbp_domestic_debt,monthly
2011-08-31,Heavy Mechanical Complex,0.0,billion PKR,sbp_domestic_debt,monthly
2011-09-30,Heavy Mechanical Complex,0.0,billion PKR,sbp_domestic_debt,monthly
2011-10-31,Heavy Mechanical Complex,0.0,billion PKR,sbp_domestic_debt,monthly
2011-11-30,Heavy Mechanical Complex,0.0,billion PKR,sbp_domestic_debt,monthly
2011-12-31,Heavy Mechanical Complex,0.0,billion PKR,sbp_domestic_debt,monthly
2012-01-31,Heavy Mechanical Complex,0.0,billion PKR,sbp_domestic_debt,monthly
2012-02-29,Heavy Mechanical Complex,0.0,billion PKR,sbp_domestic_debt,monthly
2012-03-31,Heavy Mechanical Complex,0.0,billion PKR,sbp_domestic_debt,monthly
2012-04-30,Heavy Mechanical Complex,0.0,billion PKR,sbp_domestic_debt,monthly
2012-05-31,Heavy Mechanical Complex,0.0,billion PKR,sbp_domestic_debt,monthly
2012-06-30,Heavy Mechanical Complex,0.0,billion PKR,sbp_domestic_debt,monthly
2012-07-31,Heavy Mechanical Complex,0.0,billion PKR,sbp_domestic_debt,monthly
2012-08-31,Heavy Mechanical Complex,0.0,billion PKR,sbp_domestic_debt,monthly
2012-09-30,Heavy Mechanical Complex,0.0,billion PKR,sbp_domestic_debt,monthly
2012-10-31,Heavy Mechanical Complex,0.0,billion PKR,sbp_domestic_debt,monthly
2012-11-30,Heavy Mechanical Complex,0.0,billion PKR,sbp_domestic_debt,monthly
2012-12-31,Heavy Mechanical Complex,0.0,billion PKR,sbp_domestic_debt,monthly
2013-01-31,Heavy Mechanical Complex,0.0,billion PKR,sbp_domestic_debt,monthly
2013-02-28,Heavy Mechanical Complex,0.0,billion PKR,sbp_domestic_debt,monthly
2013-03-31,Heavy Mechanical Complex,0.0,billion PKR,sbp_domestic_debt,monthly
2013-04-30,Heavy Mechanical Complex,0.0,billion PKR,sbp_domestic_debt,monthly
2013-05-31,Heavy Mechanical Complex,0.0,billion PKR,sbp_domestic_debt,monthly
2013-06-30,Heavy Mechanical Complex,0.0,billion PKR,sbp_domestic_debt,monthly
2013-07-31,Heavy Mechanical Complex,0.0,billion PKR,sbp_domestic_debt,monthly
2013-08-31,Heavy Mechanical Complex,0.0,billion PKR,sbp_domestic_debt,monthly
2013-09-30,Heavy Mechanical Complex,0.0,billion PKR,sbp_domestic_debt,monthly
2013-10-31,Heavy Mechanical Complex,0.0,billion PKR,sbp_domestic_debt,monthly
2013-11-30,Heavy Mechanical Complex,0.0,billion PKR,sbp_domestic_debt,monthly
2013-12-31,Heavy Mechanical Complex,0.0,billion PKR,sbp_domestic_debt,monthly
2014-01-31,Heavy Mechanical Complex,0.0,billion PKR,sbp_domestic_debt,monthly
2014-02-28,Heavy Mechanical Complex,0.0,billion PKR,sbp_domestic_debt,monthly
2014-03-31,Heavy Mechanical Complex,0.0,billion PKR,sbp_domestic_debt,monthly
2014-04-30,Heavy Mechanical Complex,0.0,billion PKR,sbp_domestic_debt,monthly
2014-05-31,Heavy Mechanical Complex,0.0,billion PKR,sbp_domestic_debt,monthly
2014-06-30,Heavy Mechanical Complex,0.0,billion PKR,sbp_domestic_debt,monthly
2014-07-31,Heavy Mechanical Complex,0.0,billion PKR,sbp_domestic_debt,monthly
2014-08-31,Heavy Mechanical Complex,0.0,billion PKR,sbp_domestic_debt,monthly
2014-09-30,Heavy Mechanical Complex,0.0,billion PKR,sbp_domestic_debt,monthly
2014-10-31,Heavy Mechanical Complex,0.0,billion PKR,sbp_domestic_debt,monthly
2014-11-30,Heavy Mechanical Complex,0.0,billion PKR,sbp_domestic_debt,monthly
2014-12-31,Heavy Mechanical Complex,0.0,billion PKR,sbp_domestic_debt,monthly
2015-01-31,Heavy Mechanical Complex,0.0,billion PKR,sbp_domestic_debt,monthly
2015-02-28,Heavy Mechanical Complex,0.0,billion PKR,sbp_domestic_debt,monthly
2015-03-31,Heavy Mechanical Complex,0.0,billion PKR,sbp_domestic_debt,monthly
2015-04-30,Heavy Mechanical Complex,0.0,billion PKR,sbp_domestic_debt,monthly
2015-05-31,Heavy Mechanical Complex,0.0,billion PKR,sbp_domestic_debt,monthly
2015-06-30,Heavy Mechanical Complex,0.0,billion PKR,sbp_domestic_debt,monthly
2015-07-31,Heavy Mechanical Complex,0.0,billion PKR,sbp_domestic_debt,monthly
2015-08-31,Heavy Mechanical Complex,0.0,billion PKR,sbp_domestic_debt,monthly
2015-09-30,Heavy Mechanical Complex,0.0,billion PKR,sbp_domestic_debt,monthly
2015-10-31,Heavy Mechanical Complex,0.0,billion PKR,sbp_domestic_debt,monthly
2015-11-30,Heavy Mechanical Complex,0.0,billion PKR,sbp_domestic_debt,monthly
2015-12-31,Heavy Mechanical Complex,0.0,billion PKR,sbp_domestic_debt,monthly
2016-01-31,Heavy Mechanical Complex,0.0,billion PKR,sbp_domestic_debt,monthly
2016-02-29,Heavy Mechanical Complex,0.0,billion PKR,sbp_domestic_debt,monthly
2016-03-31,Heavy Mechanical Complex,0.0,billion PKR,sbp_domestic_debt,monthly
2016-04-30,Heavy Mechanical Complex,0.0,billion PKR,sbp_domestic_debt,monthly
2016-05-31,Heavy Mechanical Complex,0.0,billion PKR,sbp_domestic_debt,monthly
2016-06-30,Heavy Mechanical Complex,0.0,billion PKR,sbp_domestic_debt,monthly
2016-07-31,Heavy Mechanical Complex,0.0,billion PKR,sbp_domestic_debt,monthly
2016-08-31,Heavy Mechanical Complex,0.0,billion PKR,sbp_domestic_debt,monthly
2016-09-30,Heavy Mechanical Complex,0.0,billion PKR,sbp_domestic_debt,monthly
2016-10-31,Heavy Mechanical Complex,0.0,billion PKR,sbp_domestic_debt,monthly
2016-11-30,Heavy Mechanical Complex,0.0,billion PKR,sbp_domestic_debt,monthly
2016-12-31,Heavy Mechanical Complex,0.0,billion PKR,sbp_domestic_debt,monthly
2017-01-31,Heavy Mechanical Complex,0.0,billion PKR,sbp_domestic_debt,monthly
2017-02-28,Heavy Mechanical Complex,0.0,billion PKR,sbp_domestic_debt,monthly
2017-03-31,Heavy Mechanical Complex,0.0,billion PKR,sbp_domestic_debt,monthly
2017-04-30,Heavy Mechanical Complex,0.0,billion PKR,sbp_domestic_debt,monthly
2017-05-31,Heavy Mechanical Complex,0.0,billion PKR,sbp_domestic_debt,monthly
2017-06-30,Heavy Mechanical Complex,0.0,billion PKR,sbp_domestic_debt,monthly
2017-07-31,Heavy Mechanical Complex,0.0,billion PKR,sbp_domestic_debt,monthly
2017-08-31,Heavy Mechanical Complex,0.0,billion PKR,sbp_domestic_debt,monthly
2017-09-30,Heavy Mechanical Complex,0.0,billion PKR,sbp_domestic_debt,monthly
2017-10-31,Heavy Mechanical Complex,0.0,billion PKR,sbp_domestic_debt,monthly
2017-11-30,Heavy Mechanical Complex,0.0,billion PKR,sbp_domestic_debt,monthly
2017-12-31,Heavy Mechanical Complex,0.0,billion PKR,sbp_domestic_debt,monthly
2018-01-31,Heavy Mechanical Complex,0.0,billion PKR,sbp_domestic_debt,monthly
2018-02-28,Heavy Mechanical Complex,0.0,billion PKR,sbp_domestic_debt,monthly
2018-03-31,Heavy Mechanical Complex,0.0,billion PKR,sbp_domestic_debt,monthly
2018-04-30,Heavy Mechanical Complex,0.0,billion PKR,sbp_domestic_debt,monthly
2018-05-31,Heavy Mechanical Complex,0.0,billion PKR,sbp_domestic_debt,monthly
2018-06-30,Heavy Mechanical Complex,0.0,billion PKR,sbp_domestic_debt,monthly
2018-07-31,Heavy Mechanical Complex,0.0,billion PKR,sbp_domestic_debt,monthly
2018-08-31,Heavy Mechanical Complex,0.0,billion PKR,sbp_domestic_debt,monthly
2018-09-30,Heavy Mechanical Complex,0.0,billion PKR,sbp_domestic_debt,monthly
2018-10-31,Heavy Mechanical Complex,0.0,billion PKR,sbp_domestic_debt,monthly
2018-11-30,Heavy Mechanical Complex,0.0,billion PKR,sbp_domestic_debt,monthly
2018-12-31,Heavy Mechanical Complex,0.0,billion PKR,sbp_domestic_debt,monthly
2019-01-31,Heavy Mechanical Complex,0.0,billion PKR,sbp_domestic_debt,monthly
2019-02-28,Heavy Mechanical Complex,0.0,billion PKR,sbp_domestic_debt,monthly
2019-03-31,Heavy Mechanical Complex,0.0,billion PKR,sbp_domestic_debt,monthly
2019-04-30,Heavy Mechanical Complex,0.0,billion PKR,sbp_domestic_debt,monthly
2019-05-31,Heavy Mechanical Complex,0.0,billion PKR,sbp_domestic_debt,monthly
2019-06-30,Heavy Mechanical Complex,0.0,billion PKR,sbp_domestic_debt,monthly
2019-07-31,Heavy Mechanical Complex,0.0,billion PKR,sbp_domestic_debt,monthly
2019-08-31,Heavy Mechanical Complex,0.0,billion PKR,sbp_domestic_debt,monthly
2019-09-30,Heavy Mechanical Complex,0.0,billion PKR,sbp_domestic_debt,monthly
2019-10-31,Heavy Mechanical Complex,0.0,billion PKR,sbp_domestic_debt,monthly
2019-11-30,Heavy Mechanical Complex,0.0,billion PKR,sbp_domestic_debt,monthly
2019-12-31,Heavy Mechanical Complex,0.0,billion PKR,sbp_domestic_debt,monthly
2020-01-31,Heavy Mechanical Complex,0.0,billion PKR,sbp_domestic_debt,monthly
2020-02-29,Heavy Mechanical Complex,0.0,billion PKR,sbp_domestic_debt,monthly
2020-03-31,Heavy Mechanical Complex,0.0,billion PKR,sbp_domestic_debt,monthly
2020-04-30,Heavy Mechanical Complex,0.0,billion PKR,sbp_domestic_debt,monthly
2020-05-31,Heavy Mechanical Complex,0.0,billion PKR,sbp_domestic_debt,monthly
2020-06-30,Heavy Mechanical Complex,0.0,billion PKR,sbp_domestic_debt,monthly
2020-07-31,Heavy Mechanical Complex,0.0,billion PKR,sbp_domestic_debt,monthly
2020-08-31,Heavy Mechanical Complex,0.0,billion PKR,sbp_domestic_debt,monthly
2020-09-30,Heavy Mechanical Complex,0.0,billion PKR,sbp_domestic_debt,monthly
2020-10-31,Heavy Mechanical Complex,0.0,billion PKR,sbp_domestic_debt,monthly
2020-11-30,Heavy Mechanical Complex,0.0,billion PKR,sbp_domestic_debt,monthly
2020-12-31,Heavy Mechanical Complex,0.0,billion PKR,sbp_domestic_debt,monthly
2021-01-31,Heavy Mechanical Complex,0.0,billion PKR,sbp_domestic_debt,monthly
2021-02-28,Heavy Mechanical Complex,0.0,billion PKR,sbp_domestic_debt,monthly
2021-03-31,Heavy Mechanical Complex,0.0,billion PKR,sbp_domestic_debt,monthly
2021-04-30,Heavy Mechanical Complex,0.0,billion PKR,sbp_domestic_debt,monthly
2021-05-31,Heavy Mechanical Complex,0.0,billion PKR,sbp_domestic_debt,monthly
2021-06-30,Heavy Mechanical Complex,0.0,billion PKR,sbp_domestic_debt,monthly
2021-07-31,Heavy Mechanical Complex,0.0,billion PKR,sbp_domestic_debt,monthly
2021-08-31,Heavy Mechanical Complex,0.0,billion PKR,sbp_domestic_debt,monthly
2021-09-30,Heavy Mechanical Complex,0.0,billion PKR,sbp_domestic_debt,monthly
2021-10-31,Heavy Mechanical Complex,0.0,billion PKR,sbp_domestic_debt,monthly
2021-11-30,Heavy Mechanical Complex,0.0,billion PKR,sbp_domestic_debt,monthly
2021-12-31,Heavy Mechanical Complex,0.0,billion PKR,sbp_domestic_debt,monthly
2022-01-31,Heavy Mechanical Complex,0.0,billion PKR,sbp_domestic_debt,monthly
2022-02-28,Heavy Mechanical Complex,0.0,billion PKR,sbp_domestic_debt,monthly
2022-03-31,Heavy Mechanical Complex,0.0,billion PKR,sbp_domestic_debt,monthly
2022-04-30,Heavy Mechanical Complex,0.0,billion PKR,sbp_domestic_debt,monthly
2022-05-31,Heavy Mechanical Complex,0.0,billion PKR,sbp_domestic_debt,monthly
2022-06-30,Heavy Mechanical Complex,0.0,billion PKR,sbp_domestic_debt,monthly
2010-06-30,I. Permanent Debt (1+2+3),793.8075524010001,billion PKR,sbp_domestic_debt,monthly
2010-07-31,I. Permanent Debt (1+2+3),789.764535401,billion PKR,sbp_domestic_debt,monthly
2010-08-31,I. Permanent Debt (1+2+3),786.8588854010001,billion PKR,sbp_domestic_debt,monthly
2010-09-30,I. Permanent Debt (1+2+3),791.2920954010001,billion PKR,sbp_domestic_debt,monthly
2010-10-31,I. Permanent Debt (1+2+3),800.6815054010001,billion PKR,sbp_domestic_debt,monthly
2010-11-30,I. Permanent Debt (1+2+3),854.263295401,billion PKR,sbp_domestic_debt,monthly
2010-12-31,I. Permanent Debt (1+2+3),909.6395954010001,billion PKR,sbp_domestic_debt,monthly
2011-01-31,I. Permanent Debt (1+2+3),912.439949501,billion PKR,sbp_domestic_debt,monthly
2011-02-28,I. Permanent Debt (1+2+3),929.6117595010002,billion PKR,sbp_domestic_debt,monthly
2011-03-31,I. Permanent Debt (1+2+3),1007.5964395010001,billion PKR,sbp_domestic_debt,monthly
2011-04-30,I. Permanent Debt (1+2+3),1027.2058295010002,billion PKR,sbp_domestic_debt,monthly
2011-05-31,I. Permanent Debt (1+2+3),1091.8827518940002,billion PKR,sbp_domestic_debt,monthly
2011-06-30,I. Permanent Debt (1+2+3),1122.365241894,billion PKR,sbp_domestic_debt,monthly
2011-06-30,I. Permanent Debt (1+2+3+4),1122.365241894,billion PKR,sbp_domestic_debt,monthly
2011-07-31,I. Permanent Debt (1+2+3+4),1125.141131194,billion PKR,sbp_domestic_debt,monthly
2011-08-31,I. Permanent Debt (1+2+3+4),1151.921761194,billion PKR,sbp_domestic_debt,monthly
2011-09-30,I. Permanent Debt (1+2+3+4),1178.6109411940001,billion PKR,sbp_domestic_debt,monthly
2011-10-31,I. Permanent Debt (1+2+3+4),1185.269071194,billion PKR,sbp_domestic_debt,monthly
2011-11-30,I. Permanent Debt (1+2+3+4),1398.769711194,billion PKR,sbp_domestic_debt,monthly
2011-12-31,I. Permanent Debt (1+2+3+4),1462.616921194,billion PKR,sbp_domestic_debt,monthly
2012-01-31,I. Permanent Debt (1+2+3+4),1465.078141194,billion PKR,sbp_domestic_debt,monthly
2012-02-29,I. Permanent Debt (1+2+3+4),1499.630981194,billion PKR,sbp_domestic_debt,monthly
2012-03-31,I. Permanent Debt (1+2+3+4),1553.550961194,billion PKR,sbp_domestic_debt,monthly
2012-04-30,I. Permanent Debt (1+2+3+4),1579.8958411939998,billion PKR,sbp_domestic_debt,monthly
2012-05-31,I. Permanent Debt (1+2+3+4),1614.792671194,billion PKR,sbp_domestic_debt,monthly
2012-06-30,I. Permanent Debt (1+2+3+4),1695.9069511940002,billion PKR,sbp_domestic_debt,monthly
2012-07-31,I. Permanent Debt (1+2+3+4),1756.231694444,billion PKR,sbp_domestic_debt,monthly
2012-08-31,I. Permanent Debt (1+2+3+4),1776.4147644439997,billion PKR,sbp_domestic_debt,monthly
2012-09-30,I. Permanent Debt (1+2+3+4),1845.783643244,billion PKR,sbp_domestic_debt,monthly
2012-10-31,I. Permanent Debt (1+2+3+4),1866.1417632439998,billion PKR,sbp_domestic_debt,monthly
2012-11-30,I. Permanent Debt (1+2+3+4),1893.543643244,billion PKR,sbp_domestic_debt,monthly
2012-12-31,I. Permanent Debt (1+2+3+4),1903.2467432439998,billion PKR,sbp_domestic_debt,monthly
2013-01-31,I. Permanent Debt (1+2+3+4),1905.104883244,billion PKR,sbp_domestic_debt,monthly
2013-02-28,I. Permanent Debt (1+2+3+4),1909.7523232439999,billion PKR,sbp_domestic_debt,monthly
2013-03-31,I. Permanent Debt (1+2+3+4),1956.4691332439997,billion PKR,sbp_domestic_debt,monthly
2013-04-30,I. Permanent Debt (1+2+3+4),1974.621923244,billion PKR,sbp_domestic_debt,monthly
2013-05-31,I. Permanent Debt (1+2+3+4),2018.5133032439996,billion PKR,sbp_domestic_debt,monthly
2013-06-30,I. Permanent Debt (1+2+3+4),2174.499943244,billion PKR,sbp_domestic_debt,monthly
2013-07-31,I. Permanent Debt (1+2+3+4),2119.622483244,billion PKR,sbp_domestic_debt,monthly
2013-08-31,I. Permanent Debt (1+2+3+4),2146.722003244,billion PKR,sbp_domestic_debt,monthly
2013-09-30,I. Permanent Debt (1+2+3+4),2171.487823244,billion PKR,sbp_domestic_debt,monthly
2013-10-31,I. Permanent Debt (1+2+3+4),2146.135823244,billion PKR,sbp_domestic_debt,monthly
2013-11-30,I. Permanent Debt (1+2+3+4),2142.7873432439997,billion PKR,sbp_domestic_debt,monthly
2013-12-31,I. Permanent Debt (1+2+3+4),2170.010573244,billion PKR,sbp_domestic_debt,monthly
2014-01-31,I. Permanent Debt (1+2+3+4),2373.327973244,billion PKR,sbp_domestic_debt,monthly
2014-02-28,I. Permanent Debt (1+2+3+4),2626.5045632440006,billion PKR,sbp_domestic_debt,monthly
2014-03-31,I. Permanent Debt (1+2+3+4),3122.912513244,billion PKR,sbp_domestic_debt,monthly
2014-04-30,I. Permanent Debt (1+2+3+4),3527.020023244,billion PKR,sbp_domestic_debt,monthly
2014-05-31,I. Permanent Debt (1+2+3+4),3729.311733244,billion PKR,sbp_domestic_debt,monthly
2014-06-30,I. Permanent Debt (1+2+3+4),3999.114548244,billion PKR,sbp_domestic_debt,monthly
2014-07-31,I. Permanent Debt (1+2+3+4),4063.7100756440004,billion PKR,sbp_domestic_debt,monthly
2014-08-31,I. Permanent Debt (1+2+3+4),4087.6654078439997,billion PKR,sbp_domestic_debt,monthly
2014-09-30,I. Permanent Debt (1+2+3+4),4247.139107844,billion PKR,sbp_domestic_debt,monthly
2014-10-31,I. Permanent Debt (1+2+3+4),4306.116537844,billion PKR,sbp_domestic_debt,monthly
2014-11-30,I. Permanent Debt (1+2+3+4),4456.138123244,billion PKR,sbp_domestic_debt,monthly
2014-12-31,I. Permanent Debt (1+2+3+4),4614.539213244,billion PKR,sbp_domestic_debt,monthly
2015-01-31,I. Permanent Debt (1+2+3+4),4696.471753244,billion PKR,sbp_domestic_debt,monthly
2015-02-28,I. Permanent Debt (1+2+3+4),4769.985593244,billion PKR,sbp_domestic_debt,monthly
2015-03-31,I. Permanent Debt (1+2+3+4),4828.639093244,billion PKR,sbp_domestic_debt,monthly
2015-04-30,I. Permanent Debt (1+2+3+4),4875.0038832440005,billion PKR,sbp_domestic_debt,monthly
2015-05-31,I. Permanent Debt (1+2+3+4),4944.256443244,billion PKR,sbp_domestic_debt,monthly
2015-06-30,I. Permanent Debt (1+2+3+4),5008.240397245374,billion PKR,sbp_domestic_debt,monthly
2015-07-31,I. Permanent Debt (1+2+3+4),4916.144877844,billion PKR,sbp_domestic_debt,monthly
2015-08-31,I. Permanent Debt (1+2+3+4),4992.685500044,billion PKR,sbp_domestic_debt,monthly
2015-09-30,I. Permanent Debt (1+2+3+4),5099.030667844,billion PKR,sbp_domestic_debt,monthly
2015-10-31,I. Permanent Debt (1+2+3+4),5202.194884844,billion PKR,sbp_domestic_debt,monthly
2015-11-30,I. Permanent Debt (1+2+3+4),5031.710474044,billion PKR,sbp_domestic_debt,monthly
2015-12-31,I. Permanent Debt (1+2+3+4),5197.284643243999,billion PKR,sbp_domestic_debt,monthly
2016-01-31,I. Permanent Debt (1+2+3+4),5328.546323244001,billion PKR,sbp_domestic_debt,monthly
2016-02-29,I. Permanent Debt (1+2+3+4),5595.968463244,billion PKR,sbp_domestic_debt,monthly
2016-03-31,I. Permanent Debt (1+2+3+4),5762.470823244001,billion PKR,sbp_domestic_debt,monthly
2016-04-30,I. Permanent Debt (1+2+3+4),5899.771284244,billion PKR,sbp_domestic_debt,monthly
2016-05-31,I. Permanent Debt (1+2+3+4),5878.5158140660005,billion PKR,sbp_domestic_debt,monthly
2016-06-30,I. Permanent Debt (1+2+3+4),5935.884853066001,billion PKR,sbp_domestic_debt,monthly
2016-07-31,I. Permanent Debt (1+2+3+4),4999.5534740660005,billion PKR,sbp_domestic_debt,monthly
2016-08-31,I. Permanent Debt (1+2+3+4),4969.147934066,billion PKR,sbp_domestic_debt,monthly
2016-09-30,I. Permanent Debt (1+2+3+4),5189.6983840660005,billion PKR,sbp_domestic_debt,monthly
2016-10-31,I. Permanent Debt (1+2+3+4),5196.2647930660005,billion PKR,sbp_domestic_debt,monthly
2016-11-30,I. Permanent Debt (1+2+3+4),5206.194523066,billion PKR,sbp_domestic_debt,monthly
2016-12-31,I. Permanent Debt (1+2+3+4),5215.7280611060005,billion PKR,sbp_domestic_debt,monthly
2017-01-31,I. Permanent Debt (1+2+3+4),5265.638303066001,billion PKR,sbp_domestic_debt,monthly
2017-02-28,I. Permanent Debt (1+2+3+4),5335.421908456001,billion PKR,sbp_domestic_debt,monthly
2017-03-31,I. Permanent Debt (1+2+3+4),5374.094724256,billion PKR,sbp_domestic_debt,monthly
2017-04-30,I. Permanent Debt (1+2+3+4),5378.283152356,billion PKR,sbp_domestic_debt,monthly
2017-05-31,I. Permanent Debt (1+2+3+4),5425.578293066001,billion PKR,sbp_domestic_debt,monthly
2017-06-30,I. Permanent Debt (1+2+3+4),5528.426883066,billion PKR,sbp_domestic_debt,monthly
2017-07-31,I. Permanent Debt (1+2+3+4),5019.509853065859,billion PKR,sbp_domestic_debt,monthly
2017-08-31,I. Permanent Debt (1+2+3+4),5005.331021805859,billion PKR,sbp_domestic_debt,monthly
2017-09-30,I. Permanent Debt (1+2+3+4),5014.085683855858,billion PKR,sbp_domestic_debt,monthly
2017-10-31,I. Permanent Debt (1+2+3+4),5017.661322505859,billion PKR,sbp_domestic_debt,monthly
2017-11-30,I. Permanent Debt (1+2+3+4),5028.004016055858,billion PKR,sbp_domestic_debt,monthly
2017-12-31,I. Permanent Debt (1+2+3+4),5033.050018505859,billion PKR,sbp_domestic_debt,monthly
2018-01-31,I. Permanent Debt (1+2+3+4),5038.927475305859,billion PKR,sbp_domestic_debt,monthly
2018-02-28,I. Permanent Debt (1+2+3+4),5048.466121405859,billion PKR,sbp_domestic_debt,monthly
2018-03-31,I. Permanent Debt (1+2+3+4),4529.1784102558595,billion PKR,sbp_domestic_debt,monthly
2018-04-30,I. Permanent Debt (1+2+3+4),4575.0973232058595,billion PKR,sbp_domestic_debt,monthly
2018-05-31,I. Permanent Debt (1+2+3+4),4625.59262870586,billion PKR,sbp_domestic_debt,monthly
2018-06-30,I. Permanent Debt (1+2+3+4),4653.83241670586,billion PKR,sbp_domestic_debt,monthly
2018-07-31,I. Permanent Debt (1+2+3+4),4236.67693645586,billion PKR,sbp_domestic_debt,monthly
2018-08-31,I. Permanent Debt (1+2+3+4),4340.269615255859,billion PKR,sbp_domestic_debt,monthly
2018-09-30,I. Permanent Debt (1+2+3+4),4363.68055835586,billion PKR,sbp_domestic_debt,monthly
2018-10-31,I. Permanent Debt (1+2+3+4),4372.72228740586,billion PKR,sbp_domestic_debt,monthly
2018-11-30,I. Permanent Debt (1+2+3+4),4386.077223255859,billion PKR,sbp_domestic_debt,monthly
2018-12-31,I. Permanent Debt (1+2+3+4),4376.459816105859,billion PKR,sbp_domestic_debt,monthly
2019-01-31,I. Permanent Debt (1+2+3+4),4440.806348255859,billion PKR,sbp_domestic_debt,monthly
2019-02-28,I. Permanent Debt (1+2+3+4),4734.56322620586,billion PKR,sbp_domestic_debt,monthly
2019-03-31,I. Permanent Debt (1+2+3+4),4797.433069055859,billion PKR,sbp_domestic_debt,monthly
2019-04-30,I. Permanent Debt (1+2+3+4),4646.93531815586,billion PKR,sbp_domestic_debt,monthly
2019-05-31,I. Permanent Debt (1+2+3+4),4810.724933005859,billion PKR,sbp_domestic_debt,monthly
2019-06-30,I. Permanent Debt (1+2+3+4),12080.049286756,billion PKR,sbp_domestic_debt,monthly
2019-07-31,I. Permanent Debt (1+2+3+4),12038.46972850586,billion PKR,sbp_domestic_debt,monthly
2019-08-31,I. Permanent Debt (1+2+3+4),12567.45006860586,billion PKR,sbp_domestic_debt,monthly
2019-09-30,I. Permanent Debt (1+2+3+4),12834.13433665586,billion PKR,sbp_domestic_debt,monthly
2019-10-31,I. Permanent Debt (1+2+3+4),13006.835767355999,billion PKR,sbp_domestic_debt,monthly
2019-11-30,I. Permanent Debt (1+2+3+4),13196.846622456,billion PKR,sbp_domestic_debt,monthly
2019-12-31,I. Permanent Debt (1+2+3+4),13162.024846256003,billion PKR,sbp_domestic_debt,monthly
2020-01-31,I. Permanent Debt (1+2+3+4),13317.5084871222,billion PKR,sbp_domestic_debt,monthly
2020-02-29,I. Permanent Debt (1+2+3+4),13433.109942122199,billion PKR,sbp_domestic_debt,monthly
2020-03-31,I. Permanent Debt (1+2+3+4),13244.368637622201,billion PKR,sbp_domestic_debt,monthly
2020-04-30,I. Permanent Debt (1+2+3+4),13482.897323306002,billion PKR,sbp_domestic_debt,monthly
2020-05-31,I. Permanent Debt (1+2+3+4),13790.320826306002,billion PKR,sbp_domestic_debt,monthly
2020-06-30,I. Permanent Debt (1+2+3+4),14023.488302706,billion PKR,sbp_domestic_debt,monthly
2020-07-31,I. Permanent Debt (1+2+3+4),14379.331933456,billion PKR,sbp_domestic_debt,monthly
2020-08-31,I. Permanent Debt (1+2+3+4),14617.893478006,billion PKR,sbp_domestic_debt,monthly
2020-09-30,I. Permanent Debt (1+2+3+4),14922.044569505999,billion PKR,sbp_domestic_debt,monthly
2020-10-31,I. Permanent Debt (1+2+3+4),15230.846484306001,billion PKR,sbp_domestic_debt,monthly
2020-11-30,I. Permanent Debt (1+2+3+4),15429.495897606,billion PKR,sbp_domestic_debt,monthly
2020-12-31,I. Permanent Debt (1+2+3+4),15589.045465306,billion PKR,sbp_domestic_debt,monthly
2021-01-31,I. Permanent Debt (1+2+3+4),15691.957158456002,billion PKR,sbp_domestic_debt,monthly
2021-02-28,I. Permanent Debt (1+2+3+4),15779.726112556002,billion PKR,sbp_domestic_debt,monthly
2021-03-31,I. Permanent Debt (1+2+3+4),15875.843071506002,billion PKR,sbp_domestic_debt,monthly
2021-04-30,I. Permanent Debt (1+2+3+4),15523.684171756002,billion PKR,sbp_domestic_debt,monthly
2021-05-31,I. Permanent Debt (1+2+3+4),15726.422003356001,billion PKR,sbp_domestic_debt,monthly
2021-06-30,I. Permanent Debt (1+2+3+4),15904.108721256,billion PKR,sbp_domestic_debt,monthly
2021-07-31,I. Permanent Debt (1+2+3+4),15399.694674656,billion PKR,sbp_domestic_debt,monthly
2021-08-31,I. Permanent Debt (1+2+3+4),15398.357666955999,billion PKR,sbp_domestic_debt,monthly
2021-09-30,I. Permanent Debt (1+2+3+4),15836.952996955999,billion PKR,sbp_domestic_debt,monthly
2021-10-31,I. Permanent Debt (1+2+3+4),16376.158154806,billion PKR,sbp_domestic_debt,monthly
2021-11-30,I. Permanent Debt (1+2+3+4),17365.78836929302,billion PKR,sbp_domestic_debt,monthly
2021-12-31,I. Permanent Debt (1+2+3+4),17452.23553249302,billion PKR,sbp_domestic_debt,monthly
2022-01-31,I. Permanent Debt (1+2+3+4),18051.299763243016,billion PKR,sbp_domestic_debt,monthly
2022-02-28,I. Permanent Debt (1+2+3+4),18518.754190693016,billion PKR,sbp_domestic_debt,monthly
2022-03-31,I. Permanent Debt (1+2+3+4),19181.139276993017,billion PKR,sbp_domestic_debt,monthly
2022-04-30,I. Permanent Debt (1+2+3+4),19836.486053782017,billion PKR,sbp_domestic_debt,monthly
2022-05-31,I. Permanent Debt (1+2+3+4),19963.308066232017,billion PKR,sbp_domestic_debt,monthly
2022-06-30,I. Permanent Debt (1+2+3+4),20843.68374578202,billion PKR,sbp_domestic_debt,monthly
2022-07-31,I. Permanent Debt (1+2+3+4),20507.11302008202,billion PKR,sbp_domestic_debt,monthly
2022-08-31,I. Permanent Debt (1+2+3+4),21332.30241143202,billion PKR,sbp_domestic_debt,monthly
2022-09-30,I. Permanent Debt (1+2+3+4),21466.283061982023,billion PKR,sbp_domestic_debt,monthly
2022-10-31,I. Permanent Debt (1+2+3+4),22567.873357932018,billion PKR,sbp_domestic_debt,monthly
2022-11-30,I. Permanent Debt (1+2+3+4),22926.019267682022,billion PKR,sbp_domestic_debt,monthly
2022-12-31,I. Permanent Debt (1+2+3+4),23829.61604968202,billion PKR,sbp_domestic_debt,monthly
2023-01-31,I. Permanent Debt (1+2+3+4),24444.68758763202,billion PKR,sbp_domestic_debt,monthly
2023-02-28,I. Permanent Debt (1+2+3+4),24695.93543868202,billion PKR,sbp_domestic_debt,monthly
2023-03-31,I. Permanent Debt (1+2+3+4),25347.930334432018,billion PKR,sbp_domestic_debt,monthly
2023-04-30,I. Permanent Debt (1+2+3+4),25852.02183208202,billion PKR,sbp_domestic_debt,monthly
2023-05-31,I. Permanent Debt (1+2+3+4),26163.17248088202,billion PKR,sbp_domestic_debt,monthly
2023-06-30,I. Permanent Debt (1+2+3+4),26021.486404432002,billion PKR,sbp_domestic_debt,monthly
2023-07-31,I. Permanent Debt (1+2+3+4),26264.820777482004,billion PKR,sbp_domestic_debt,monthly
2023-08-31,I. Permanent Debt (1+2+3+4),26670.464224932,billion PKR,sbp_domestic_debt,monthly
2023-09-30,I. Permanent Debt (1+2+3+4),27392.596050982,billion PKR,sbp_domestic_debt,monthly
2023-10-31,I. Permanent Debt (1+2+3+4),28033.149016181997,billion PKR,sbp_domestic_debt,monthly
2023-11-30,I. Permanent Debt (1+2+3+4),29944.183752732,billion PKR,sbp_domestic_debt,monthly
2023-12-31,I. Permanent Debt (1+2+3+4),30889.48346490402,billion PKR,sbp_domestic_debt,monthly
2024-01-31,I. Permanent Debt (1+2+3+4),30962.599375854017,billion PKR,sbp_domestic_debt,monthly
2024-02-29,I. Permanent Debt (1+2+3+4),31439.382323289017,billion PKR,sbp_domestic_debt,monthly
2024-03-31,I. Permanent Debt (1+2+3+4),31682.302396490002,billion PKR,sbp_domestic_debt,monthly
2024-04-30,I. Permanent Debt (1+2+3+4),32058.791736838997,billion PKR,sbp_domestic_debt,monthly
2024-05-31,I. Permanent Debt (1+2+3+4),33351.330095089004,billion PKR,sbp_domestic_debt,monthly
2024-06-30,I. Permanent Debt (1+2+3+4),33656.194216026604,billion PKR,sbp_domestic_debt,monthly
2024-07-31,I. Permanent Debt (1+2+3+4),33800.1945617766,billion PKR,sbp_domestic_debt,monthly
2024-08-31,I. Permanent Debt (1+2+3+4),34104.8777197266,billion PKR,sbp_domestic_debt,monthly
2024-09-30,I. Permanent Debt (1+2+3+4),33028.69531382661,billion PKR,sbp_domestic_debt,monthly
2024-10-31,I. Permanent Debt (1+2+3+4),33762.42114063484,billion PKR,sbp_domestic_debt,monthly
2024-11-30,I. Permanent Debt (1+2+3+4),35644.739241642725,billion PKR,sbp_domestic_debt,monthly
2024-12-31,I. Permanent Debt (1+2+3+4),37863.86752852075,billion PKR,sbp_domestic_debt,monthly
2025-01-31,I. Permanent Debt (1+2+3+4),38554.41732030206,billion PKR,sbp_domestic_debt,monthly
2025-02-28,I. Permanent Debt (1+2+3+4),39431.83730475116,billion PKR,sbp_domestic_debt,monthly
2025-03-31,I. Permanent Debt (1+2+3+4),40563.77596666516,billion PKR,sbp_domestic_debt,monthly
2025-04-30,I. Permanent Debt (1+2+3+4),41160.05965681517,billion PKR,sbp_domestic_debt,monthly
2025-05-31,I. Permanent Debt (1+2+3+4),42257.83571184552,billion PKR,sbp_domestic_debt,monthly
2025-06-30,I. Permanent Debt (1+2+3+4),42251.60673584894,billion PKR,sbp_domestic_debt,monthly
2025-07-31,I. Permanent Debt (1+2+3+4),42752.2464913342,billion PKR,sbp_domestic_debt,monthly
2025-08-31,I. Permanent Debt (1+2+3+4),41885.960754952546,billion PKR,sbp_domestic_debt,monthly
2025-09-30,I. Permanent Debt (1+2+3+4),41469.45282792924,billion PKR,sbp_domestic_debt,monthly
2025-10-31,I. Permanent Debt (1+2+3+4),41968.7849347269,billion PKR,sbp_domestic_debt,monthly
2025-11-30,I. Permanent Debt (1+2+3+4),42648.63709977956,billion PKR,sbp_domestic_debt,monthly
2025-12-31,I. Permanent Debt (1+2+3+4),43015.57387924311,billion PKR,sbp_domestic_debt,monthly
2026-01-31,I. Permanent Debt (1+2+3+4),43563.886273487966,billion PKR,sbp_domestic_debt,monthly
2026-02-28,I. Permanent Debt (1+2+3+4),43891.17522552701,billion PKR,sbp_domestic_debt,monthly
2026-03-31,I. Permanent Debt (1+2+3+4),44320.37048342336,billion PKR,sbp_domestic_debt,monthly
2026-04-30,I. Permanent Debt (1+2+3+4),43845.378495443285,billion PKR,sbp_domestic_debt,monthly
2026-05-31,I. Permanent Debt (1+2+3+4),43647.08000848619,billion PKR,sbp_domestic_debt,monthly
2010-06-30,II. Floating Debt,2398.60791157977,billion PKR,sbp_domestic_debt,monthly
2010-07-31,II. Floating Debt,2445.521100094,billion PKR,sbp_domestic_debt,monthly
2010-08-31,II. Floating Debt,2592.741476317,billion PKR,sbp_domestic_debt,monthly
2010-09-30,II. Floating Debt,2672.479730418,billion PKR,sbp_domestic_debt,monthly
2010-10-31,II. Floating Debt,2702.721096562,billion PKR,sbp_domestic_debt,monthly
2010-11-30,II. Floating Debt,2762.2482972850003,billion PKR,sbp_domestic_debt,monthly
2010-12-31,II. Floating Debt,2858.7130829790003,billion PKR,sbp_domestic_debt,monthly
2011-01-31,II. Floating Debt,2755.222915089,billion PKR,sbp_domestic_debt,monthly
2011-02-28,II. Floating Debt,2834.474014016,billion PKR,sbp_domestic_debt,monthly
2011-03-31,II. Floating Debt,2853.425962798,billion PKR,sbp_domestic_debt,monthly
2011-04-30,II. Floating Debt,2970.3788407,billion PKR,sbp_domestic_debt,monthly
2011-05-31,II. Floating Debt,3145.535135083,billion PKR,sbp_domestic_debt,monthly
2011-06-30,II. Floating Debt,3234.8639679909998,billion PKR,sbp_domestic_debt,monthly
2011-07-31,II. Floating Debt,3214.8279493589994,billion PKR,sbp_domestic_debt,monthly
2011-08-31,II. Floating Debt,3262.1119433289996,billion PKR,sbp_domestic_debt,monthly
2011-09-30,II. Floating Debt,3341.4065797579997,billion PKR,sbp_domestic_debt,monthly
2011-10-31,II. Floating Debt,3331.0163850080003,billion PKR,sbp_domestic_debt,monthly
2011-11-30,II. Floating Debt,3655.879257457,billion PKR,sbp_domestic_debt,monthly
2011-12-31,II. Floating Debt,3667.268115174,billion PKR,sbp_domestic_debt,monthly
2012-01-31,II. Floating Debt,3754.592653678,billion PKR,sbp_domestic_debt,monthly
2012-02-29,II. Floating Debt,3808.610195443,billion PKR,sbp_domestic_debt,monthly
2012-03-31,II. Floating Debt,3926.3976114680004,billion PKR,sbp_domestic_debt,monthly
2012-04-30,II. Floating Debt,3986.181484238,billion PKR,sbp_domestic_debt,monthly
2012-05-31,II. Floating Debt,4109.910211877,billion PKR,sbp_domestic_debt,monthly
2012-06-30,II. Floating Debt,4142.616500186,billion PKR,sbp_domestic_debt,monthly
2012-07-31,II. Floating Debt,4170.53051103,billion PKR,sbp_domestic_debt,monthly
2012-08-31,II. Floating Debt,4130.639216363999,billion PKR,sbp_domestic_debt,monthly
2012-09-30,II. Floating Debt,4336.505949346,billion PKR,sbp_domestic_debt,monthly
2012-10-31,II. Floating Debt,4273.782989489,billion PKR,sbp_domestic_debt,monthly
2012-11-30,II. Floating Debt,4437.299306569001,billion PKR,sbp_domestic_debt,monthly
2012-12-31,II. Floating Debt,4399.438460513,billion PKR,sbp_domestic_debt,monthly
2013-01-31,II. Floating Debt,4527.614405208,billion PKR,sbp_domestic_debt,monthly
2013-02-28,II. Floating Debt,4621.5611788040005,billion PKR,sbp_domestic_debt,monthly
2013-03-31,II. Floating Debt,4775.541902117,billion PKR,sbp_domestic_debt,monthly
2013-04-30,II. Floating Debt,4787.518343895999,billion PKR,sbp_domestic_debt,monthly
2013-05-31,II. Floating Debt,4967.997046011,billion PKR,sbp_domestic_debt,monthly
2013-06-30,II. Floating Debt,5194.896814721,billion PKR,sbp_domestic_debt,monthly
2013-07-31,II. Floating Debt,5257.721064695999,billion PKR,sbp_domestic_debt,monthly
2013-08-31,II. Floating Debt,5382.3360250860005,billion PKR,sbp_domestic_debt,monthly
2013-09-30,II. Floating Debt,5806.0081159070005,billion PKR,sbp_domestic_debt,monthly
2013-10-31,II. Floating Debt,5546.266558466,billion PKR,sbp_domestic_debt,monthly
2013-11-30,II. Floating Debt,5845.913422068,billion PKR,sbp_domestic_debt,monthly
2013-12-31,II. Floating Debt,5869.568788373,billion PKR,sbp_domestic_debt,monthly
2014-01-31,II. Floating Debt,5996.746533966,billion PKR,sbp_domestic_debt,monthly
2014-02-28,II. Floating Debt,5802.663145762001,billion PKR,sbp_domestic_debt,monthly
2014-03-31,II. Floating Debt,5432.272786332998,billion PKR,sbp_domestic_debt,monthly
2014-04-30,II. Floating Debt,5083.111089363,billion PKR,sbp_domestic_debt,monthly
2014-05-31,II. Floating Debt,4567.561391580999,billion PKR,sbp_domestic_debt,monthly
2014-06-30,II. Floating Debt,4599.134016743999,billion PKR,sbp_domestic_debt,monthly
2014-07-31,II. Floating Debt,4552.609152610999,billion PKR,sbp_domestic_debt,monthly
2014-08-31,II. Floating Debt,4620.069968112999,billion PKR,sbp_domestic_debt,monthly
2014-09-30,II. Floating Debt,4486.203570429,billion PKR,sbp_domestic_debt,monthly
2014-10-31,II. Floating Debt,4530.895373849,billion PKR,sbp_domestic_debt,monthly
2014-11-30,II. Floating Debt,4459.115992651,billion PKR,sbp_domestic_debt,monthly
2014-12-31,II. Floating Debt,4418.403389558999,billion PKR,sbp_domestic_debt,monthly
2015-01-31,II. Floating Debt,4490.8594267220005,billion PKR,sbp_domestic_debt,monthly
2015-02-28,II. Floating Debt,4410.236198487999,billion PKR,sbp_domestic_debt,monthly
2015-03-31,II. Floating Debt,4566.077146687001,billion PKR,sbp_domestic_debt,monthly
2015-04-30,II. Floating Debt,4552.040303112999,billion PKR,sbp_domestic_debt,monthly
2015-05-31,II. Floating Debt,4601.989384382799,billion PKR,sbp_domestic_debt,monthly
2015-06-30,II. Floating Debt,4609.379048225361,billion PKR,sbp_domestic_debt,monthly
2015-07-31,II. Floating Debt,5083.771533681799,billion PKR,sbp_domestic_debt,monthly
2015-08-31,II. Floating Debt,5192.3481260018,billion PKR,sbp_domestic_debt,monthly
2015-09-30,II. Floating Debt,4986.814601718299,billion PKR,sbp_domestic_debt,monthly
2015-10-31,II. Floating Debt,4816.098074737799,billion PKR,sbp_domestic_debt,monthly
2015-11-30,II. Floating Debt,5134.113982585301,billion PKR,sbp_domestic_debt,monthly
2015-12-31,II. Floating Debt,5030.0190176213,billion PKR,sbp_domestic_debt,monthly
2016-01-31,II. Floating Debt,5130.1099445993,billion PKR,sbp_domestic_debt,monthly
2016-02-29,II. Floating Debt,5096.5674836793,billion PKR,sbp_domestic_debt,monthly
2016-03-31,II. Floating Debt,4964.321172467299,billion PKR,sbp_domestic_debt,monthly
2016-04-30,II. Floating Debt,4686.2753919103,billion PKR,sbp_domestic_debt,monthly
2016-05-31,II. Floating Debt,4871.028414255299,billion PKR,sbp_domestic_debt,monthly
2016-06-30,II. Floating Debt,5001.6899509982995,billion PKR,sbp_domestic_debt,monthly
2016-07-31,II. Floating Debt,6157.1168218763,billion PKR,sbp_domestic_debt,monthly
2016-08-31,II. Floating Debt,6465.476611063299,billion PKR,sbp_domestic_debt,monthly
2016-09-30,II. Floating Debt,6481.708365811299,billion PKR,sbp_domestic_debt,monthly
2016-10-31,II. Floating Debt,6168.197687847299,billion PKR,sbp_domestic_debt,monthly
2016-11-30,II. Floating Debt,6335.894014216299,billion PKR,sbp_domestic_debt,monthly
2016-12-31,II. Floating Debt,6237.854833259299,billion PKR,sbp_domestic_debt,monthly
2017-01-31,II. Floating Debt,6492.938626832299,billion PKR,sbp_domestic_debt,monthly
2017-02-28,II. Floating Debt,6639.1313116802985,billion PKR,sbp_domestic_debt,monthly
2017-03-31,II. Floating Debt,6601.6058695492975,billion PKR,sbp_domestic_debt,monthly
2017-04-30,II. Floating Debt,6798.401041414298,billion PKR,sbp_domestic_debt,monthly
2017-05-31,II. Floating Debt,6867.260250743799,billion PKR,sbp_domestic_debt,monthly
2017-06-30,II. Floating Debt,6550.864125282799,billion PKR,sbp_domestic_debt,monthly
2017-07-31,II. Floating Debt,7595.970651195001,billion PKR,sbp_domestic_debt,monthly
2017-08-31,II. Floating Debt,7914.7847553189995,billion PKR,sbp_domestic_debt,monthly
2017-09-30,II. Floating Debt,7568.6485111245,billion PKR,sbp_domestic_debt,monthly
2017-10-31,II. Floating Debt,7821.0817605445,billion PKR,sbp_domestic_debt,monthly
2017-11-30,II. Floating Debt,7943.0218252675,billion PKR,sbp_domestic_debt,monthly
2017-12-31,II. Floating Debt,7589.077140584499,billion PKR,sbp_domestic_debt,monthly
2018-01-31,II. Floating Debt,7943.962059170499,billion PKR,sbp_domestic_debt,monthly
2018-02-28,II. Floating Debt,8085.570698440501,billion PKR,sbp_domestic_debt,monthly
2018-03-31,II. Floating Debt,8725.5795529485,billion PKR,sbp_domestic_debt,monthly
2018-04-30,II. Floating Debt,8823.133165863499,billion PKR,sbp_domestic_debt,monthly
2018-05-31,II. Floating Debt,8960.06291102073,billion PKR,sbp_domestic_debt,monthly
2018-06-30,II. Floating Debt,8889.023596073654,billion PKR,sbp_domestic_debt,monthly
2018-07-31,II. Floating Debt,9329.81781675819,billion PKR,sbp_domestic_debt,monthly
2018-08-31,II. Floating Debt,9578.238470647022,billion PKR,sbp_domestic_debt,monthly
2018-09-30,II. Floating Debt,9667.79670954118,billion PKR,sbp_domestic_debt,monthly
2018-10-31,II. Floating Debt,9892.489099027182,billion PKR,sbp_domestic_debt,monthly
2018-11-30,II. Floating Debt,10056.890196776181,billion PKR,sbp_domestic_debt,monthly
2018-12-31,II. Floating Debt,10287.673395226178,billion PKR,sbp_domestic_debt,monthly
2019-01-31,II. Floating Debt,10542.589779044181,billion PKR,sbp_domestic_debt,monthly
2019-02-28,II. Floating Debt,10538.766632096178,billion PKR,sbp_domestic_debt,monthly
2019-03-31,II. Floating Debt,10270.56507082518,billion PKR,sbp_domestic_debt,monthly
2019-04-30,II. Floating Debt,10731.78807511218,billion PKR,sbp_domestic_debt,monthly
2019-05-31,II. Floating Debt,11822.913357234176,billion PKR,sbp_domestic_debt,monthly
2019-06-30,II. Floating Debt,5500.636773469176,billion PKR,sbp_domestic_debt,monthly
2019-07-31,II. Floating Debt,6779.765710620175,billion PKR,sbp_domestic_debt,monthly
2019-08-31,II. Floating Debt,5732.952217544174,billion PKR,sbp_domestic_debt,monthly
2019-09-30,II. Floating Debt,6528.828545163176,billion PKR,sbp_domestic_debt,monthly
2019-10-31,II. Floating Debt,5144.693294425995,billion PKR,sbp_domestic_debt,monthly
2019-11-30,II. Floating Debt,4807.378630056998,billion PKR,sbp_domestic_debt,monthly
2019-12-31,II. Floating Debt,5099.227205172977,billion PKR,sbp_domestic_debt,monthly
2020-01-31,II. Floating Debt,5046.665863993972,billion PKR,sbp_domestic_debt,monthly
2020-02-29,II. Floating Debt,5305.042310685272,billion PKR,sbp_domestic_debt,monthly
2020-03-31,II. Floating Debt,5771.444427709878,billion PKR,sbp_domestic_debt,monthly
2020-04-30,II. Floating Debt,5975.604353821268,billion PKR,sbp_domestic_debt,monthly
2020-05-31,II. Floating Debt,6053.169020758201,billion PKR,sbp_domestic_debt,monthly
2020-06-30,II. Floating Debt,5578.29694885903,billion PKR,sbp_domestic_debt,monthly
2020-07-31,II. Floating Debt,5332.853107566172,billion PKR,sbp_domestic_debt,monthly
2020-08-31,II. Floating Debt,5235.434461628639,billion PKR,sbp_domestic_debt,monthly
2020-09-30,II. Floating Debt,5098.265708314567,billion PKR,sbp_domestic_debt,monthly
2020-10-31,II. Floating Debt,5029.55150391873,billion PKR,sbp_domestic_debt,monthly
2020-11-30,II. Floating Debt,5006.401074418175,billion PKR,sbp_domestic_debt,monthly
2020-12-31,II. Floating Debt,5043.325555942062,billion PKR,sbp_domestic_debt,monthly
2021-01-31,II. Floating Debt,5135.689300450676,billion PKR,sbp_domestic_debt,monthly
2021-02-28,II. Floating Debt,5326.153511969676,billion PKR,sbp_domestic_debt,monthly
2021-03-31,II. Floating Debt,6000.014858753176,billion PKR,sbp_domestic_debt,monthly
2021-04-30,II. Floating Debt,6150.531048938182,billion PKR,sbp_domestic_debt,monthly
2021-05-31,II. Floating Debt,6662.794689450176,billion PKR,sbp_domestic_debt,monthly
2021-06-30,II. Floating Debt,6680.419838990178,billion PKR,sbp_domestic_debt,monthly
2021-07-31,II. Floating Debt,7743.495568844178,billion PKR,sbp_domestic_debt,monthly
2021-08-31,II. Floating Debt,7238.263987669177,billion PKR,sbp_domestic_debt,monthly
2021-09-30,II. Floating Debt,6931.172108362177,billion PKR,sbp_domestic_debt,monthly
2021-10-31,II. Floating Debt,6416.485766558179,billion PKR,sbp_domestic_debt,monthly
2021-11-30,II. Floating Debt,5793.244703068178,billion PKR,sbp_domestic_debt,monthly
2021-12-31,II. Floating Debt,5643.5425305891795,billion PKR,sbp_domestic_debt,monthly
2022-01-31,II. Floating Debt,5705.070393343077,billion PKR,sbp_domestic_debt,monthly
2022-02-28,II. Floating Debt,5523.569028121329,billion PKR,sbp_domestic_debt,monthly
2022-03-31,II. Floating Debt,5241.874738077427,billion PKR,sbp_domestic_debt,monthly
2022-04-30,II. Floating Debt,5577.93713728643,billion PKR,sbp_domestic_debt,monthly
2022-05-31,II. Floating Debt,5649.088525690369,billion PKR,sbp_domestic_debt,monthly
2022-06-30,II. Floating Debt,6804.07849228518,billion PKR,sbp_domestic_debt,monthly
2022-07-31,II. Floating Debt,7306.14613664116,billion PKR,sbp_domestic_debt,monthly
2022-08-31,II. Floating Debt,7484.357042306191,billion PKR,sbp_domestic_debt,monthly
2022-09-30,II. Floating Debt,6726.56108972904,billion PKR,sbp_domestic_debt,monthly
2022-10-31,II. Floating Debt,6763.28377774418,billion PKR,sbp_domestic_debt,monthly
2022-11-30,II. Floating Debt,6849.79291046618,billion PKR,sbp_domestic_debt,monthly
2022-12-31,II. Floating Debt,6156.33745711218,billion PKR,sbp_domestic_debt,monthly
2023-01-31,II. Floating Debt,6691.44347446618,billion PKR,sbp_domestic_debt,monthly
2023-02-28,II. Floating Debt,6294.834570983181,billion PKR,sbp_domestic_debt,monthly
2023-03-31,II. Floating Debt,6295.26218988848,billion PKR,sbp_domestic_debt,monthly
2023-04-30,II. Floating Debt,7215.355521698479,billion PKR,sbp_domestic_debt,monthly
2023-05-31,II. Floating Debt,7433.761639653181,billion PKR,sbp_domestic_debt,monthly
2023-06-30,II. Floating Debt,9335.280428027181,billion PKR,sbp_domestic_debt,monthly
2023-07-31,II. Floating Debt,9288.930879190002,billion PKR,sbp_domestic_debt,monthly
2023-08-31,II. Floating Debt,9636.362360278512,billion PKR,sbp_domestic_debt,monthly
2023-09-30,II. Floating Debt,8883.308672213001,billion PKR,sbp_domestic_debt,monthly
2023-10-31,II. Floating Debt,8988.00516870311,billion PKR,sbp_domestic_debt,monthly
2023-11-30,II. Floating Debt,7623.670724156639,billion PKR,sbp_domestic_debt,monthly
2023-12-31,II. Floating Debt,8369.83854516804,billion PKR,sbp_domestic_debt,monthly
2024-01-31,II. Floating Debt,8375.205853164023,billion PKR,sbp_domestic_debt,monthly
2024-02-29,II. Floating Debt,7953.6540152330435,billion PKR,sbp_domestic_debt,monthly
2024-03-31,II. Floating Debt,8492.160420318141,billion PKR,sbp_domestic_debt,monthly
2024-04-30,II. Floating Debt,9166.312619658043,billion PKR,sbp_domestic_debt,monthly
2024-05-31,II. Floating Debt,9522.19867083554,billion PKR,sbp_domestic_debt,monthly
2024-06-30,II. Floating Debt,10247.638541445756,billion PKR,sbp_domestic_debt,monthly
2024-07-31,II. Floating Debt,10638.188366898166,billion PKR,sbp_domestic_debt,monthly
2024-08-31,II. Floating Debt,10961.355044391366,billion PKR,sbp_domestic_debt,monthly
2024-09-30,II. Floating Debt,11222.555872421166,billion PKR,sbp_domestic_debt,monthly
2024-10-31,II. Floating Debt,10180.717251087166,billion PKR,sbp_domestic_debt,monthly
2024-11-30,II. Floating Debt,9637.274911161294,billion PKR,sbp_domestic_debt,monthly
2024-12-31,II. Floating Debt,8695.993520232296,billion PKR,sbp_domestic_debt,monthly
2025-01-31,II. Floating Debt,8352.254292585296,billion PKR,sbp_domestic_debt,monthly
2025-02-28,II. Floating Debt,8230.675462700292,billion PKR,sbp_domestic_debt,monthly
2025-03-31,II. Floating Debt,7860.238602401293,billion PKR,sbp_domestic_debt,monthly
2025-04-30,II. Floating Debt,8325.929610924295,billion PKR,sbp_domestic_debt,monthly
2025-05-31,II. Floating Debt,8133.17189894329,billion PKR,sbp_domestic_debt,monthly
2025-06-30,II. Floating Debt,8756.354352172,billion PKR,sbp_domestic_debt,monthly
2025-07-31,II. Floating Debt,8725.519274176148,billion PKR,sbp_domestic_debt,monthly
2025-08-31,II. Floating Debt,8651.9118657324,billion PKR,sbp_domestic_debt,monthly
2025-09-30,II. Floating Debt,8399.89448681472,billion PKR,sbp_domestic_debt,monthly
2025-10-31,II. Floating Debt,8406.43919369964,billion PKR,sbp_domestic_debt,monthly
2025-11-30,II. Floating Debt,8363.312495015882,billion PKR,sbp_domestic_debt,monthly
2025-12-31,II. Floating Debt,8744.052680728992,billion PKR,sbp_domestic_debt,monthly
2026-01-31,II. Floating Debt,8784.009143344529,billion PKR,sbp_domestic_debt,monthly
2026-02-28,II. Floating Debt,9131.594630173808,billion PKR,sbp_domestic_debt,monthly
2026-03-31,II. Floating Debt,9583.408251390998,billion PKR,sbp_domestic_debt,monthly
2026-04-30,II. Floating Debt,10556.648506524765,billion PKR,sbp_domestic_debt,monthly
2026-05-31,II. Floating Debt,10733.823126497291,billion PKR,sbp_domestic_debt,monthly
2010-06-30,III. Unfunded Debt,1457.4906800000003,billion PKR,sbp_domestic_debt,monthly
2010-07-31,III. Unfunded Debt,1466.4146400000002,billion PKR,sbp_domestic_debt,monthly
2010-08-31,III. Unfunded Debt,1479.7639600000002,billion PKR,sbp_domestic_debt,monthly
2010-09-30,III. Unfunded Debt,1491.5482660000002,billion PKR,sbp_domestic_debt,monthly
2010-10-31,III. Unfunded Debt,1501.64943,billion PKR,sbp_domestic_debt,monthly
2010-11-30,III. Unfunded Debt,1512.2896100000003,billion PKR,sbp_domestic_debt,monthly
2010-12-31,III. Unfunded Debt,1524.2964299999999,billion PKR,sbp_domestic_debt,monthly
2011-01-31,III. Unfunded Debt,1558.08016,billion PKR,sbp_domestic_debt,monthly
2011-02-28,III. Unfunded Debt,1579.2371100000003,billion PKR,sbp_domestic_debt,monthly
2011-03-31,III. Unfunded Debt,1599.5237200000001,billion PKR,sbp_domestic_debt,monthly
2011-04-30,III. Unfunded Debt,1616.961,billion PKR,sbp_domestic_debt,monthly
2011-05-31,III. Unfunded Debt,1633.9814300000003,billion PKR,sbp_domestic_debt,monthly
2011-06-30,III. Unfunded Debt,1655.7966900000001,billion PKR,sbp_domestic_debt,monthly
2011-07-31,III. Unfunded Debt,1672.27267,billion PKR,sbp_domestic_debt,monthly
2011-08-31,III. Unfunded Debt,1682.7524700000001,billion PKR,sbp_domestic_debt,monthly
2011-09-30,III. Unfunded Debt,1700.61203,billion PKR,sbp_domestic_debt,monthly
2011-10-31,III. Unfunded Debt,1714.10634,billion PKR,sbp_domestic_debt,monthly
2011-11-30,III. Unfunded Debt,1721.58913,billion PKR,sbp_domestic_debt,monthly
2011-12-31,III. Unfunded Debt,1734.48852,billion PKR,sbp_domestic_debt,monthly
2012-01-31,III. Unfunded Debt,1748.40616,billion PKR,sbp_domestic_debt,monthly
2012-02-29,III. Unfunded Debt,1756.4022,billion PKR,sbp_domestic_debt,monthly
2012-03-31,III. Unfunded Debt,1725.38686,billion PKR,sbp_domestic_debt,monthly
2012-04-30,III. Unfunded Debt,1728.84566,billion PKR,sbp_domestic_debt,monthly
2012-05-31,III. Unfunded Debt,1773.1341300000001,billion PKR,sbp_domestic_debt,monthly
2012-06-30,III. Unfunded Debt,1798.0051899999999,billion PKR,sbp_domestic_debt,monthly
2012-07-31,III. Unfunded Debt,1822.3125,billion PKR,sbp_domestic_debt,monthly
2012-08-31,III. Unfunded Debt,1880.0878600000003,billion PKR,sbp_domestic_debt,monthly
2012-09-30,III. Unfunded Debt,1935.81978,billion PKR,sbp_domestic_debt,monthly
2012-10-31,III. Unfunded Debt,1964.20624,billion PKR,sbp_domestic_debt,monthly
2012-11-30,III. Unfunded Debt,2000.98092,billion PKR,sbp_domestic_debt,monthly
2012-12-31,III. Unfunded Debt,2024.1351500000003,billion PKR,sbp_domestic_debt,monthly
2013-01-31,III. Unfunded Debt,2037.6433700000002,billion PKR,sbp_domestic_debt,monthly
2013-02-28,III. Unfunded Debt,2053.93989,billion PKR,sbp_domestic_debt,monthly
2013-03-31,III. Unfunded Debt,2063.58455,billion PKR,sbp_domestic_debt,monthly
2013-04-30,III. Unfunded Debt,2073.97256,billion PKR,sbp_domestic_debt,monthly
2013-05-31,III. Unfunded Debt,2089.7419900000004,billion PKR,sbp_domestic_debt,monthly
2013-06-30,III. Unfunded Debt,2146.5210899999997,billion PKR,sbp_domestic_debt,monthly
2013-07-31,III. Unfunded Debt,2155.7603099999997,billion PKR,sbp_domestic_debt,monthly
2013-08-31,III. Unfunded Debt,2167.5731499999997,billion PKR,sbp_domestic_debt,monthly
2013-09-30,III. Unfunded Debt,2172.1045999999997,billion PKR,sbp_domestic_debt,monthly
2013-10-31,III. Unfunded Debt,2193.14768,billion PKR,sbp_domestic_debt,monthly
2013-11-30,III. Unfunded Debt,2209.29713,billion PKR,sbp_domestic_debt,monthly
2013-12-31,III. Unfunded Debt,2182.79897,billion PKR,sbp_domestic_debt,monthly
2014-01-31,III. Unfunded Debt,2219.75305,billion PKR,sbp_domestic_debt,monthly
2014-02-28,III. Unfunded Debt,2248.57226,billion PKR,sbp_domestic_debt,monthly
2014-03-31,III. Unfunded Debt,2259.8095599999997,billion PKR,sbp_domestic_debt,monthly
2014-04-30,III. Unfunded Debt,2278.25665,billion PKR,sbp_domestic_debt,monthly
2014-05-31,III. Unfunded Debt,2277.54553,billion PKR,sbp_domestic_debt,monthly
2014-06-30,III. Unfunded Debt,2303.8282639999998,billion PKR,sbp_domestic_debt,monthly
2014-07-31,III. Unfunded Debt,2325.074642,billion PKR,sbp_domestic_debt,monthly
2014-08-31,III. Unfunded Debt,2349.950926,billion PKR,sbp_domestic_debt,monthly
2014-09-30,III. Unfunded Debt,2357.969995,billion PKR,sbp_domestic_debt,monthly
2014-10-31,III. Unfunded Debt,2372.1254,billion PKR,sbp_domestic_debt,monthly
2014-11-30,III. Unfunded Debt,2456.0374199999997,billion PKR,sbp_domestic_debt,monthly
2014-12-31,III. Unfunded Debt,2471.78049,billion PKR,sbp_domestic_debt,monthly
2015-01-31,III. Unfunded Debt,2501.87199,billion PKR,sbp_domestic_debt,monthly
2015-02-28,III. Unfunded Debt,2510.7762800000005,billion PKR,sbp_domestic_debt,monthly
2015-03-31,III. Unfunded Debt,2523.775937828,billion PKR,sbp_domestic_debt,monthly
2015-04-30,III. Unfunded Debt,2529.4884113950006,billion PKR,sbp_domestic_debt,monthly
2015-05-31,III. Unfunded Debt,2553.4947438440004,billion PKR,sbp_domestic_debt,monthly
2015-06-30,III. Unfunded Debt,2570.3279570000004,billion PKR,sbp_domestic_debt,monthly
2015-07-31,III. Unfunded Debt,2578.6794870000003,billion PKR,sbp_domestic_debt,monthly
2015-08-31,III. Unfunded Debt,2600.6028600000004,billion PKR,sbp_domestic_debt,monthly
2015-09-30,III. Unfunded Debt,2624.0383,billion PKR,sbp_domestic_debt,monthly
2015-10-31,III. Unfunded Debt,2634.4232,billion PKR,sbp_domestic_debt,monthly
2015-11-30,III. Unfunded Debt,2642.21165,billion PKR,sbp_domestic_debt,monthly
2015-12-31,III. Unfunded Debt,2647.5737700000004,billion PKR,sbp_domestic_debt,monthly
2016-01-31,III. Unfunded Debt,2656.8765700000004,billion PKR,sbp_domestic_debt,monthly
2016-02-29,III. Unfunded Debt,2664.128640000001,billion PKR,sbp_domestic_debt,monthly
2016-03-31,III. Unfunded Debt,2666.5740600000004,billion PKR,sbp_domestic_debt,monthly
2016-04-30,III. Unfunded Debt,2668.81495,billion PKR,sbp_domestic_debt,monthly
2016-05-31,III. Unfunded Debt,2673.84466,billion PKR,sbp_domestic_debt,monthly
2016-06-30,III. Unfunded Debt,2683.675425,billion PKR,sbp_domestic_debt,monthly
2016-07-31,III. Unfunded Debt,2694.1948682000007,billion PKR,sbp_domestic_debt,monthly
2016-08-31,III. Unfunded Debt,2707.7959300000007,billion PKR,sbp_domestic_debt,monthly
2016-09-30,III. Unfunded Debt,2709.68806,billion PKR,sbp_domestic_debt,monthly
2016-10-31,III. Unfunded Debt,2719.76274,billion PKR,sbp_domestic_debt,monthly
2016-11-30,III. Unfunded Debt,2731.29962,billion PKR,sbp_domestic_debt,monthly
2016-12-31,III. Unfunded Debt,2734.3344762969996,billion PKR,sbp_domestic_debt,monthly
2017-01-31,III. Unfunded Debt,2752.209300809,billion PKR,sbp_domestic_debt,monthly
2017-02-28,III. Unfunded Debt,2765.8461281669997,billion PKR,sbp_domestic_debt,monthly
2017-03-31,III. Unfunded Debt,2765.6685037079997,billion PKR,sbp_domestic_debt,monthly
2017-04-30,III. Unfunded Debt,2763.6589433549993,billion PKR,sbp_domestic_debt,monthly
2017-05-31,III. Unfunded Debt,2747.1284121050003,billion PKR,sbp_domestic_debt,monthly
2017-06-30,III. Unfunded Debt,2765.2544599999997,billion PKR,sbp_domestic_debt,monthly
2017-07-31,III. Unfunded Debt,2769.6815800000004,billion PKR,sbp_domestic_debt,monthly
2017-08-31,III. Unfunded Debt,2782.6220046459994,billion PKR,sbp_domestic_debt,monthly
2017-09-30,III. Unfunded Debt,2784.296443365,billion PKR,sbp_domestic_debt,monthly
2017-10-31,III. Unfunded Debt,2787.180217945,billion PKR,sbp_domestic_debt,monthly
2017-11-30,III. Unfunded Debt,2790.8854782609997,billion PKR,sbp_domestic_debt,monthly
2017-12-31,III. Unfunded Debt,2810.3699037399997,billion PKR,sbp_domestic_debt,monthly
2018-01-31,III. Unfunded Debt,2808.8271096899994,billion PKR,sbp_domestic_debt,monthly
2018-02-28,III. Unfunded Debt,2809.4012663290005,billion PKR,sbp_domestic_debt,monthly
2018-03-31,III. Unfunded Debt,2814.211051382,billion PKR,sbp_domestic_debt,monthly
2018-04-30,III. Unfunded Debt,2807.031175822,billion PKR,sbp_domestic_debt,monthly
2018-05-31,III. Unfunded Debt,2855.2611571849993,billion PKR,sbp_domestic_debt,monthly
2018-06-30,III. Unfunded Debt,2868.065755323,billion PKR,sbp_domestic_debt,monthly
2018-07-31,III. Unfunded Debt,2889.0897236369997,billion PKR,sbp_domestic_debt,monthly
2018-08-31,III. Unfunded Debt,2866.0361242189997,billion PKR,sbp_domestic_debt,monthly
2018-09-30,III. Unfunded Debt,2882.893124594,billion PKR,sbp_domestic_debt,monthly
2018-10-31,III. Unfunded Debt,2889.1507746889993,billion PKR,sbp_domestic_debt,monthly
2018-11-30,III. Unfunded Debt,2873.70194686,billion PKR,sbp_domestic_debt,monthly
2018-12-31,III. Unfunded Debt,2865.4930031860004,billion PKR,sbp_domestic_debt,monthly
2019-01-31,III. Unfunded Debt,2985.7561157889995,billion PKR,sbp_domestic_debt,monthly
2019-02-28,III. Unfunded Debt,3036.4684921929997,billion PKR,sbp_domestic_debt,monthly
2019-03-31,III. Unfunded Debt,3096.418761548,billion PKR,sbp_domestic_debt,monthly
2019-04-30,III. Unfunded Debt,3144.718746435,billion PKR,sbp_domestic_debt,monthly
2019-05-31,III. Unfunded Debt,3123.384638642,billion PKR,sbp_domestic_debt,monthly
2019-06-30,III. Unfunded Debt,3144.1004423629997,billion PKR,sbp_domestic_debt,monthly
2019-07-31,III. Unfunded Debt,3187.0535196679994,billion PKR,sbp_domestic_debt,monthly
2019-08-31,III. Unfunded Debt,3188.0911938049994,billion PKR,sbp_domestic_debt,monthly
2019-09-30,III. Unfunded Debt,3280.150054522999,billion PKR,sbp_domestic_debt,monthly
2019-10-31,III. Unfunded Debt,3379.10048664,billion PKR,sbp_domestic_debt,monthly
2019-11-30,III. Unfunded Debt,3399.519924137,billion PKR,sbp_domestic_debt,monthly
2019-12-31,III. Unfunded Debt,3408.4784965519993,billion PKR,sbp_domestic_debt,monthly
2020-01-31,III. Unfunded Debt,3423.4964980119994,billion PKR,sbp_domestic_debt,monthly
2020-02-29,III. Unfunded Debt,3440.0354170429996,billion PKR,sbp_domestic_debt,monthly
2020-03-31,III. Unfunded Debt,3454.7351198679994,billion PKR,sbp_domestic_debt,monthly
2020-04-30,III. Unfunded Debt,3636.7173300579993,billion PKR,sbp_domestic_debt,monthly
2020-05-31,III. Unfunded Debt,3662.7618430739994,billion PKR,sbp_domestic_debt,monthly
2020-06-30,III. Unfunded Debt,3673.590014974,billion PKR,sbp_domestic_debt,monthly
2020-07-31,III. Unfunded Debt,3673.9059486999995,billion PKR,sbp_domestic_debt,monthly
2020-08-31,III. Unfunded Debt,3676.915246561999,billion PKR,sbp_domestic_debt,monthly
2020-09-30,III. Unfunded Debt,3674.416897062,billion PKR,sbp_domestic_debt,monthly
2020-10-31,III. Unfunded Debt,3667.286057785,billion PKR,sbp_domestic_debt,monthly
2020-11-30,III. Unfunded Debt,3667.8109936210003,billion PKR,sbp_domestic_debt,monthly
2020-12-31,III. Unfunded Debt,3669.6790678939997,billion PKR,sbp_domestic_debt,monthly
2021-01-31,III. Unfunded Debt,3668.0833964439994,billion PKR,sbp_domestic_debt,monthly
2021-02-28,III. Unfunded Debt,3667.9694304869995,billion PKR,sbp_domestic_debt,monthly
2021-03-31,III. Unfunded Debt,3651.625253453,billion PKR,sbp_domestic_debt,monthly
2021-04-30,III. Unfunded Debt,3642.1014819949996,billion PKR,sbp_domestic_debt,monthly
2021-05-31,III. Unfunded Debt,3645.847570027,billion PKR,sbp_domestic_debt,monthly
2021-06-30,III. Unfunded Debt,3645.930575503,billion PKR,sbp_domestic_debt,monthly
2021-07-31,III. Unfunded Debt,3645.8322678070003,billion PKR,sbp_domestic_debt,monthly
2021-08-31,III. Unfunded Debt,3635.7809775500004,billion PKR,sbp_domestic_debt,monthly
2021-09-30,III. Unfunded Debt,3631.8824133989997,billion PKR,sbp_domestic_debt,monthly
2021-10-31,III. Unfunded Debt,3628.702198894,billion PKR,sbp_domestic_debt,monthly
2021-11-30,III. Unfunded Debt,3619.900941244,billion PKR,sbp_domestic_debt,monthly
2021-12-31,III. Unfunded Debt,3603.963573132,billion PKR,sbp_domestic_debt,monthly
2022-01-31,III. Unfunded Debt,3608.878799039,billion PKR,sbp_domestic_debt,monthly
2022-02-28,III. Unfunded Debt,3614.483876715,billion PKR,sbp_domestic_debt,monthly
2022-03-31,III. Unfunded Debt,3608.5095548030004,billion PKR,sbp_domestic_debt,monthly
2022-04-30,III. Unfunded Debt,3456.544974684,billion PKR,sbp_domestic_debt,monthly
2022-05-31,III. Unfunded Debt,3394.9233638620003,billion PKR,sbp_domestic_debt,monthly
2022-06-30,III. Unfunded Debt,3336.031853858,billion PKR,sbp_domestic_debt,monthly
2022-07-31,III. Unfunded Debt,3258.890393303,billion PKR,sbp_domestic_debt,monthly
2022-08-31,III. Unfunded Debt,3220.428912347,billion PKR,sbp_domestic_debt,monthly
2022-09-30,III. Unfunded Debt,3150.231956644,billion PKR,sbp_domestic_debt,monthly
2022-10-31,III. Unfunded Debt,3112.662894289,billion PKR,sbp_domestic_debt,monthly
2022-11-30,III. Unfunded Debt,3098.6423411880005,billion PKR,sbp_domestic_debt,monthly
2022-12-31,III. Unfunded Debt,3073.237286772,billion PKR,sbp_domestic_debt,monthly
2023-01-31,III. Unfunded Debt,3058.477809865,billion PKR,sbp_domestic_debt,monthly
2023-02-28,III. Unfunded Debt,3024.056117822,billion PKR,sbp_domestic_debt,monthly
2023-03-31,III. Unfunded Debt,2999.1636964780005,billion PKR,sbp_domestic_debt,monthly
2023-04-30,III. Unfunded Debt,2965.1146651940003,billion PKR,sbp_domestic_debt,monthly
2023-05-31,III. Unfunded Debt,2936.723430734001,billion PKR,sbp_domestic_debt,monthly
2023-06-30,III. Unfunded Debt,2926.535467338,billion PKR,sbp_domestic_debt,monthly
2023-07-31,III. Unfunded Debt,2938.9444838520003,billion PKR,sbp_domestic_debt,monthly
2023-08-31,III. Unfunded Debt,2932.9774257309996,billion PKR,sbp_domestic_debt,monthly
2023-09-30,III. Unfunded Debt,2915.07651830435,billion PKR,sbp_domestic_debt,monthly
2023-10-31,III. Unfunded Debt,2882.27303092935,billion PKR,sbp_domestic_debt,monthly
2023-11-30,III. Unfunded Debt,2880.44038931065,billion PKR,sbp_domestic_debt,monthly
2023-12-31,III. Unfunded Debt,2838.47767601865,billion PKR,sbp_domestic_debt,monthly
2024-01-31,III. Unfunded Debt,2807.37309779033,billion PKR,sbp_domestic_debt,monthly
2024-02-29,III. Unfunded Debt,2808.6395108086203,billion PKR,sbp_domestic_debt,monthly
2024-03-31,III. Unfunded Debt,2795.2593282605712,billion PKR,sbp_domestic_debt,monthly
2024-04-30,III. Unfunded Debt,2795.1097301428404,billion PKR,sbp_domestic_debt,monthly
2024-05-31,III. Unfunded Debt,2790.7898479823107,billion PKR,sbp_domestic_debt,monthly
2024-06-30,III. Unfunded Debt,2798.7306770125406,billion PKR,sbp_domestic_debt,monthly
2024-07-31,III. Unfunded Debt,2815.6500691122205,billion PKR,sbp_domestic_debt,monthly
2024-08-31,III. Unfunded Debt,2818.9187479322604,billion PKR,sbp_domestic_debt,monthly
2024-09-30,III. Unfunded Debt,2827.689559217341,billion PKR,sbp_domestic_debt,monthly
2024-10-31,III. Unfunded Debt,2839.17395656001,billion PKR,sbp_domestic_debt,monthly
2024-11-30,III. Unfunded Debt,2850.5112616364904,billion PKR,sbp_domestic_debt,monthly
2024-12-31,III. Unfunded Debt,2868.6614968868007,billion PKR,sbp_domestic_debt,monthly
2025-01-31,III. Unfunded Debt,2895.9927986891103,billion PKR,sbp_domestic_debt,monthly
2025-02-28,III. Unfunded Debt,2913.75967508362,billion PKR,sbp_domestic_debt,monthly
2025-03-31,III. Unfunded Debt,2935.33744910958,billion PKR,sbp_domestic_debt,monthly
2025-04-30,III. Unfunded Debt,2963.10081103875,billion PKR,sbp_domestic_debt,monthly
2025-05-31,III. Unfunded Debt,2992.8314624306404,billion PKR,sbp_domestic_debt,monthly
2025-06-30,III. Unfunded Debt,3021.23403578313,billion PKR,sbp_domestic_debt,monthly
2025-07-31,III. Unfunded Debt,3061.7438651364214,billion PKR,sbp_domestic_debt,monthly
2025-08-31,III. Unfunded Debt,3089.8375049654787,billion PKR,sbp_domestic_debt,monthly
2025-09-30,III. Unfunded Debt,3112.839339857452,billion PKR,sbp_domestic_debt,monthly
2025-10-31,III. Unfunded Debt,3135.0915856921783,billion PKR,sbp_domestic_debt,monthly
2025-11-30,III. Unfunded Debt,3154.171736338391,billion PKR,sbp_domestic_debt,monthly
2025-12-31,III. Unfunded Debt,3156.5842054734876,billion PKR,sbp_domestic_debt,monthly
2026-01-31,III. Unfunded Debt,3176.7551410629617,billion PKR,sbp_domestic_debt,monthly
2026-02-28,III. Unfunded Debt,3198.571165377556,billion PKR,sbp_domestic_debt,monthly
2026-03-31,III. Unfunded Debt,3215.103008481174,billion PKR,sbp_domestic_debt,monthly
2026-04-30,III. Unfunded Debt,3235.7798084227766,billion PKR,sbp_domestic_debt,monthly
2026-05-31,III. Unfunded Debt,3255.676019753046,billion PKR,sbp_domestic_debt,monthly
2010-06-30,IV. Foreign Currency Loans4,3.109393037,billion PKR,sbp_domestic_debt,monthly
2010-07-31,IV. Foreign Currency Loans4,3.107210073,billion PKR,sbp_domestic_debt,monthly
2010-08-31,IV. Foreign Currency Loans4,3.0987407609999997,billion PKR,sbp_domestic_debt,monthly
2010-09-30,IV. Foreign Currency Loans4,2.95479612,billion PKR,sbp_domestic_debt,monthly
2010-10-31,IV. Foreign Currency Loans4,1.827398429,billion PKR,sbp_domestic_debt,monthly
2010-11-30,IV. Foreign Currency Loans4,1.822229449,billion PKR,sbp_domestic_debt,monthly
2010-12-31,IV. Foreign Currency Loans4,1.564060516,billion PKR,sbp_domestic_debt,monthly
2011-01-31,IV. Foreign Currency Loans4,1.5518664480000002,billion PKR,sbp_domestic_debt,monthly
2011-02-28,IV. Foreign Currency Loans4,1.550387833,billion PKR,sbp_domestic_debt,monthly
2011-03-31,IV. Foreign Currency Loans4,1.5391950245000001,billion PKR,sbp_domestic_debt,monthly
2011-04-30,IV. Foreign Currency Loans4,1.510453327,billion PKR,sbp_domestic_debt,monthly
2011-05-31,IV. Foreign Currency Loans4,1.47577947,billion PKR,sbp_domestic_debt,monthly
2011-06-30,IV. Foreign Currency Loans4,1.4026575285,billion PKR,sbp_domestic_debt,monthly
2022-07-31,IV. Foreign Currency Loans4,10.140218633813198,billion PKR,sbp_domestic_debt,monthly
2022-08-31,IV. Foreign Currency Loans4,9.275395023149331,billion PKR,sbp_domestic_debt,monthly
2022-09-30,IV. Foreign Currency Loans4,9.63149668873451,billion PKR,sbp_domestic_debt,monthly
2022-10-31,IV. Foreign Currency Loans4,9.316254683330246,billion PKR,sbp_domestic_debt,monthly
2022-11-30,IV. Foreign Currency Loans4,9.441921647245612,billion PKR,sbp_domestic_debt,monthly
2022-12-31,IV. Foreign Currency Loans4,9.54548033976004,billion PKR,sbp_domestic_debt,monthly
2023-01-31,IV. Foreign Currency Loans4,11.274067130180606,billion PKR,sbp_domestic_debt,monthly
2023-02-28,IV. Foreign Currency Loans4,11.00778068358042,billion PKR,sbp_domestic_debt,monthly
2023-03-31,IV. Foreign Currency Loans4,295.7294368999842,billion PKR,sbp_domestic_debt,monthly
2023-04-30,IV. Foreign Currency Loans4,380.9311679807509,billion PKR,sbp_domestic_debt,monthly
2023-05-31,IV. Foreign Currency Loans4,383.1161324653781,billion PKR,sbp_domestic_debt,monthly
2023-06-30,IV. Foreign Currency Loans4,383.8169704193297,billion PKR,sbp_domestic_debt,monthly
2023-07-31,IV. Foreign Currency Loans4,384.6906317694898,billion PKR,sbp_domestic_debt,monthly
2023-08-31,IV. Foreign Currency Loans4,410.0243322045398,billion PKR,sbp_domestic_debt,monthly
2023-09-30,IV. Foreign Currency Loans4,386.16171902649154,billion PKR,sbp_domestic_debt,monthly
2023-10-31,IV. Foreign Currency Loans4,377.76069595447404,billion PKR,sbp_domestic_debt,monthly
2023-11-30,IV. Foreign Currency Loans4,382.7128462300606,billion PKR,sbp_domestic_debt,monthly
2023-12-31,IV. Foreign Currency Loans4,378.27605275656384,billion PKR,sbp_domestic_debt,monthly
2024-01-31,IV. Foreign Currency Loans4,375.1086302784094,billion PKR,sbp_domestic_debt,monthly
2024-02-29,IV. Foreign Currency Loans4,374.58762664074436,billion PKR,sbp_domestic_debt,monthly
2024-03-31,IV. Foreign Currency Loans4,373.02414870491816,billion PKR,sbp_domestic_debt,monthly
2024-04-30,IV. Foreign Currency Loans4,373.5175060000286,billion PKR,sbp_domestic_debt,monthly
2024-05-31,IV. Foreign Currency Loans4,373.53383815218444,billion PKR,sbp_domestic_debt,monthly
2024-06-30,IV. Foreign Currency Loans4,373.55376504602424,billion PKR,sbp_domestic_debt,monthly
2024-07-31,IV. Foreign Currency Loans4,374.09156233058496,billion PKR,sbp_domestic_debt,monthly
2024-08-31,IV. Foreign Currency Loans4,373.818109039097,billion PKR,sbp_domestic_debt,monthly
2024-09-30,IV. Foreign Currency Loans4,372.71162135946764,billion PKR,sbp_domestic_debt,monthly
2024-10-31,IV. Foreign Currency Loans4,372.6999851240312,billion PKR,sbp_domestic_debt,monthly
2024-11-30,IV. Foreign Currency Loans4,373.16316542710257,billion PKR,sbp_domestic_debt,monthly
2024-12-31,IV. Foreign Currency Loans4,373.83387485443734,billion PKR,sbp_domestic_debt,monthly
2025-01-31,IV. Foreign Currency Loans4,374.36982264382544,billion PKR,sbp_domestic_debt,monthly
2025-02-28,IV. Foreign Currency Loans4,375.33477370725547,billion PKR,sbp_domestic_debt,monthly
2025-03-31,IV. Foreign Currency Loans4,95.83561229382417,billion PKR,sbp_domestic_debt,monthly
2025-04-30,IV. Foreign Currency Loans4,11.820290455389763,billion PKR,sbp_domestic_debt,monthly
2025-05-31,IV. Foreign Currency Loans4,11.86401641981452,billion PKR,sbp_domestic_debt,monthly
2025-06-30,IV. Foreign Currency Loans4,380.40843076961704,billion PKR,sbp_domestic_debt,monthly
2025-07-31,IV. Foreign Currency Loans4,377.2395671004865,billion PKR,sbp_domestic_debt,monthly
2025-08-31,IV. Foreign Currency Loans4,379.489171253887,billion PKR,sbp_domestic_debt,monthly
2025-09-30,IV. Foreign Currency Loans4,378.84705127811327,billion PKR,sbp_domestic_debt,monthly
2025-10-31,IV. Foreign Currency Loans4,378.8708418361541,billion PKR,sbp_domestic_debt,monthly
2025-11-30,IV. Foreign Currency Loans4,380.53795765240443,billion PKR,sbp_domestic_debt,monthly
2025-12-31,IV. Foreign Currency Loans4,384.53438027648104,billion PKR,sbp_domestic_debt,monthly
2026-01-31,IV. Foreign Currency Loans4,386.3260400127349,billion PKR,sbp_domestic_debt,monthly
2026-02-28,IV. Foreign Currency Loans4,391.12232276435,billion PKR,sbp_domestic_debt,monthly
2026-03-31,IV. Foreign Currency Loans4,387.3414260034643,billion PKR,sbp_domestic_debt,monthly
2026-04-30,IV. Foreign Currency Loans4,390.90439729219173,billion PKR,sbp_domestic_debt,monthly
2026-05-31,IV. Foreign Currency Loans4,394.4019272928144,billion PKR,sbp_domestic_debt,monthly
2011-06-30,IV. Foreign Currency Loans6,1.4026575285,billion PKR,sbp_domestic_debt,monthly
2011-07-31,IV. Foreign Currency Loans6,1.350798943,billion PKR,sbp_domestic_debt,monthly
2011-08-31,IV. Foreign Currency Loans6,1.361144979,billion PKR,sbp_domestic_debt,monthly
2011-09-30,IV. Foreign Currency Loans6,1.362702134,billion PKR,sbp_domestic_debt,monthly
2011-10-31,IV. Foreign Currency Loans6,1.3490699454200001,billion PKR,sbp_domestic_debt,monthly
2011-11-30,IV. Foreign Currency Loans6,1.36289872425,billion PKR,sbp_domestic_debt,monthly
2011-12-31,IV. Foreign Currency Loans6,1.37001306349,billion PKR,sbp_domestic_debt,monthly
2012-01-31,IV. Foreign Currency Loans6,1.3705114626,billion PKR,sbp_domestic_debt,monthly
2012-02-29,IV. Foreign Currency Loans6,1.3781994533000002,billion PKR,sbp_domestic_debt,monthly
2012-03-31,IV. Foreign Currency Loans6,1.37402455628,billion PKR,sbp_domestic_debt,monthly
2012-04-30,IV. Foreign Currency Loans6,1.37611899122,billion PKR,sbp_domestic_debt,monthly
2012-05-31,IV. Foreign Currency Loans6,1.40724470726,billion PKR,sbp_domestic_debt,monthly
2012-06-30,IV. Foreign Currency Loans6,1.41195579751,billion PKR,sbp_domestic_debt,monthly
2012-07-31,IV. Foreign Currency Loans6,1.41186911462,billion PKR,sbp_domestic_debt,monthly
2012-08-31,IV. Foreign Currency Loans6,1.39631053725,billion PKR,sbp_domestic_debt,monthly
2012-09-30,IV. Foreign Currency Loans6,1.40049853801,billion PKR,sbp_domestic_debt,monthly
2012-10-31,IV. Foreign Currency Loans6,1.4143358503309118,billion PKR,sbp_domestic_debt,monthly
2012-11-30,IV. Foreign Currency Loans6,1.421005661633647,billion PKR,sbp_domestic_debt,monthly
2012-12-31,IV. Foreign Currency Loans6,1.426725648687539,billion PKR,sbp_domestic_debt,monthly
2013-01-31,IV. Foreign Currency Loans6,4.436941715583847,billion PKR,sbp_domestic_debt,monthly
2013-02-28,IV. Foreign Currency Loans6,4.456291856647686,billion PKR,sbp_domestic_debt,monthly
2013-03-31,IV. Foreign Currency Loans6,4.467076356413964,billion PKR,sbp_domestic_debt,monthly
2013-04-30,IV. Foreign Currency Loans6,4.467671439170757,billion PKR,sbp_domestic_debt,monthly
2013-05-31,IV. Foreign Currency Loans6,4.470787383779909,billion PKR,sbp_domestic_debt,monthly
2013-06-30,IV. Foreign Currency Loans6,4.519209230602415,billion PKR,sbp_domestic_debt,monthly
2013-07-31,IV. Foreign Currency Loans6,4.61488336841672,billion PKR,sbp_domestic_debt,monthly
2013-08-31,IV. Foreign Currency Loans6,4.733699678469613,billion PKR,sbp_domestic_debt,monthly
2013-09-30,IV. Foreign Currency Loans6,4.801590514195526,billion PKR,sbp_domestic_debt,monthly
2013-10-31,IV. Foreign Currency Loans6,4.8373673831036115,billion PKR,sbp_domestic_debt,monthly
2013-11-30,IV. Foreign Currency Loans6,4.9085503996279085,billion PKR,sbp_domestic_debt,monthly
2013-12-31,IV. Foreign Currency Loans6,4.7621859337659584,billion PKR,sbp_domestic_debt,monthly
2014-01-31,IV. Foreign Currency Loans6,4.768207772296727,billion PKR,sbp_domestic_debt,monthly
2014-02-28,IV. Foreign Currency Loans6,4.736613578063923,billion PKR,sbp_domestic_debt,monthly
2014-03-31,IV. Foreign Currency Loans6,4.4506882761354,billion PKR,sbp_domestic_debt,monthly
2014-04-30,IV. Foreign Currency Loans6,4.4514354224278145,billion PKR,sbp_domestic_debt,monthly
2014-05-31,IV. Foreign Currency Loans6,4.450967761469371,billion PKR,sbp_domestic_debt,monthly
2014-06-30,IV. Foreign Currency Loans6,4.453189547545912,billion PKR,sbp_domestic_debt,monthly
2014-07-31,IV. Foreign Currency Loans6,4.447890705971073,billion PKR,sbp_domestic_debt,monthly
2014-08-31,IV. Foreign Currency Loans6,4.580370493152812,billion PKR,sbp_domestic_debt,monthly
2014-09-30,IV. Foreign Currency Loans6,4.617791029439468,billion PKR,sbp_domestic_debt,monthly
2014-10-31,IV. Foreign Currency Loans6,4.620941331079367,billion PKR,sbp_domestic_debt,monthly
2014-11-30,IV. Foreign Currency Loans6,4.57707760923879,billion PKR,sbp_domestic_debt,monthly
2014-12-31,IV. Foreign Currency Loans6,4.515707111198627,billion PKR,sbp_domestic_debt,monthly
2015-01-31,IV. Foreign Currency Loans6,4.539692360096622,billion PKR,sbp_domestic_debt,monthly
2015-02-28,IV. Foreign Currency Loans6,4.572703891299964,billion PKR,sbp_domestic_debt,monthly
2015-03-31,IV. Foreign Currency Loans6,4.575919140253487,billion PKR,sbp_domestic_debt,monthly
2015-04-30,IV. Foreign Currency Loans6,4.566005183284734,billion PKR,sbp_domestic_debt,monthly
2015-05-31,IV. Foreign Currency Loans6,4.578077770800327,billion PKR,sbp_domestic_debt,monthly
2015-06-30,IV. Foreign Currency Loans6,4.588157591699664,billion PKR,sbp_domestic_debt,monthly
2015-07-31,IV. Foreign Currency Loans6,4.588640770228461,billion PKR,sbp_domestic_debt,monthly
2015-08-31,IV. Foreign Currency Loans6,4.6941512453806675,billion PKR,sbp_domestic_debt,monthly
2015-09-30,IV. Foreign Currency Loans6,4.708050206357495,billion PKR,sbp_domestic_debt,monthly
2015-10-31,IV. Foreign Currency Loans6,4.745910718648312,billion PKR,sbp_domestic_debt,monthly
2015-11-30,IV. Foreign Currency Loans6,4.747841726046428,billion PKR,sbp_domestic_debt,monthly
2015-12-31,IV. Foreign Currency Loans6,4.71453002180955,billion PKR,sbp_domestic_debt,monthly
2016-01-31,IV. Foreign Currency Loans6,4.7223197023696155,billion PKR,sbp_domestic_debt,monthly
2016-02-29,IV. Foreign Currency Loans6,4.712273070298638,billion PKR,sbp_domestic_debt,monthly
2016-03-31,IV. Foreign Currency Loans6,4.714265687955784,billion PKR,sbp_domestic_debt,monthly
2016-04-30,IV. Foreign Currency Loans6,4.716967017537205,billion PKR,sbp_domestic_debt,monthly
2016-05-31,IV. Foreign Currency Loans6,4.689669791173056,billion PKR,sbp_domestic_debt,monthly
2016-06-30,IV. Foreign Currency Loans6,4.687593496333852,billion PKR,sbp_domestic_debt,monthly
2016-07-31,IV. Foreign Currency Loans6,4.688127723882723,billion PKR,sbp_domestic_debt,monthly
2016-08-31,IV. Foreign Currency Loans6,4.685860518682073,billion PKR,sbp_domestic_debt,monthly
2016-09-30,IV. Foreign Currency Loans6,4.675696829211489,billion PKR,sbp_domestic_debt,monthly
2016-10-31,IV. Foreign Currency Loans6,4.685295481328179,billion PKR,sbp_domestic_debt,monthly
2016-11-30,IV. Foreign Currency Loans6,4.684906876708615,billion PKR,sbp_domestic_debt,monthly
2016-12-31,IV. Foreign Currency Loans6,4.671220613568594,billion PKR,sbp_domestic_debt,monthly
2017-01-31,IV. Foreign Currency Loans6,4.682015698203028,billion PKR,sbp_domestic_debt,monthly
2017-02-28,IV. Foreign Currency Loans6,4.6807347521932945,billion PKR,sbp_domestic_debt,monthly
2017-03-31,IV. Foreign Currency Loans6,4.680423037355256,billion PKR,sbp_domestic_debt,monthly
2017-04-30,IV. Foreign Currency Loans6,4.6788222709850125,billion PKR,sbp_domestic_debt,monthly
2017-05-31,IV. Foreign Currency Loans6,4.679281872156878,billion PKR,sbp_domestic_debt,monthly
2017-06-30,IV. Foreign Currency Loans6,4.679255454595909,billion PKR,sbp_domestic_debt,monthly
2017-07-31,IV. Foreign Currency Loans6,4.702778071589593,billion PKR,sbp_domestic_debt,monthly
2017-08-31,IV. Foreign Currency Loans6,4.69354400934755,billion PKR,sbp_domestic_debt,monthly
2017-09-30,IV. Foreign Currency Loans6,4.682033348935313,billion PKR,sbp_domestic_debt,monthly
2017-10-31,IV. Foreign Currency Loans6,4.676289899143136,billion PKR,sbp_domestic_debt,monthly
2017-11-30,IV. Foreign Currency Loans6,4.681288505607574,billion PKR,sbp_domestic_debt,monthly
2017-12-31,IV. Foreign Currency Loans6,4.894186153834468,billion PKR,sbp_domestic_debt,monthly
2018-01-31,IV. Foreign Currency Loans6,4.89570189472474,billion PKR,sbp_domestic_debt,monthly
2018-02-28,IV. Foreign Currency Loans6,4.890174146649153,billion PKR,sbp_domestic_debt,monthly
2018-03-31,IV. Foreign Currency Loans6,5.103113007228838,billion PKR,sbp_domestic_debt,monthly
2018-04-30,IV. Foreign Currency Loans6,5.105759483241787,billion PKR,sbp_domestic_debt,monthly
2018-05-31,IV. Foreign Currency Loans6,5.1007172442284485,billion PKR,sbp_domestic_debt,monthly
2018-06-30,IV. Foreign Currency Loans6,5.355213165075199,billion PKR,sbp_domestic_debt,monthly
2018-07-31,IV. Foreign Currency Loans6,5.471424019253251,billion PKR,sbp_domestic_debt,monthly
2018-08-31,IV. Foreign Currency Loans6,5.473812531983634,billion PKR,sbp_domestic_debt,monthly
2018-09-30,IV. Foreign Currency Loans6,5.471869989692105,billion PKR,sbp_domestic_debt,monthly
2018-10-31,IV. Foreign Currency Loans6,5.827348327975947,billion PKR,sbp_domestic_debt,monthly
2018-11-30,IV. Foreign Currency Loans6,6.111065175062056,billion PKR,sbp_domestic_debt,monthly
2018-12-31,IV. Foreign Currency Loans6,6.10266269126065,billion PKR,sbp_domestic_debt,monthly
2019-01-31,IV. Foreign Currency Loans6,6.058882133590885,billion PKR,sbp_domestic_debt,monthly
2019-02-28,IV. Foreign Currency Loans6,6.080894174030852,billion PKR,sbp_domestic_debt,monthly
2019-03-31,IV. Foreign Currency Loans6,6.1646367947640055,billion PKR,sbp_domestic_debt,monthly
2019-04-30,IV. Foreign Currency Loans6,6.175174964499309,billion PKR,sbp_domestic_debt,monthly
2019-05-31,IV. Foreign Currency Loans6,6.445932269287521,billion PKR,sbp_domestic_debt,monthly
2019-06-30,IV. Foreign Currency Loans6,6.9655185680892195,billion PKR,sbp_domestic_debt,monthly
2019-07-31,IV. Foreign Currency Loans6,6.926732943069907,billion PKR,sbp_domestic_debt,monthly
2019-08-31,IV. Foreign Currency Loans6,6.786114851664008,billion PKR,sbp_domestic_debt,monthly
2019-09-30,IV. Foreign Currency Loans6,6.765179561380602,billion PKR,sbp_domestic_debt,monthly
2019-10-31,IV. Foreign Currency Loans6,6.699266361094569,billion PKR,sbp_domestic_debt,monthly
2019-11-30,IV. Foreign Currency Loans6,6.6808690841651295,billion PKR,sbp_domestic_debt,monthly
2019-12-31,IV. Foreign Currency Loans6,6.664342388160925,billion PKR,sbp_domestic_debt,monthly
2020-01-31,IV. Foreign Currency Loans6,6.648751031456765,billion PKR,sbp_domestic_debt,monthly
2020-02-29,IV. Foreign Currency Loans6,6.591522911695317,billion PKR,sbp_domestic_debt,monthly
2020-03-31,IV. Foreign Currency Loans6,7.115795112964296,billion PKR,sbp_domestic_debt,monthly
2020-04-30,IV. Foreign Currency Loans6,6.8413407080428215,billion PKR,sbp_domestic_debt,monthly
2020-05-31,IV. Foreign Currency Loans6,6.964374989412201,billion PKR,sbp_domestic_debt,monthly
2020-06-30,IV. Foreign Currency Loans6,7.172430752386406,billion PKR,sbp_domestic_debt,monthly
2020-07-31,IV. Foreign Currency Loans6,7.127753168661547,billion PKR,sbp_domestic_debt,monthly
2020-08-31,IV. Foreign Currency Loans6,7.096666607099002,billion PKR,sbp_domestic_debt,monthly
2020-09-30,IV. Foreign Currency Loans6,7.115746621880361,billion PKR,sbp_domestic_debt,monthly
2020-10-31,IV. Foreign Currency Loans6,6.837822407753721,billion PKR,sbp_domestic_debt,monthly
2020-11-30,IV. Foreign Currency Loans6,6.8028606982487485,billion PKR,sbp_domestic_debt,monthly
2020-12-31,IV. Foreign Currency Loans6,6.820282485613464,billion PKR,sbp_domestic_debt,monthly
2021-01-31,IV. Foreign Currency Loans6,6.831476012463974,billion PKR,sbp_domestic_debt,monthly
2021-02-28,IV. Foreign Currency Loans6,6.747511827812954,billion PKR,sbp_domestic_debt,monthly
2021-03-31,IV. Foreign Currency Loans6,6.5229945914205025,billion PKR,sbp_domestic_debt,monthly
2021-04-30,IV. Foreign Currency Loans6,6.5522372354767615,billion PKR,sbp_domestic_debt,monthly
2021-05-31,IV. Foreign Currency Loans6,6.592041860870247,billion PKR,sbp_domestic_debt,monthly
2021-06-30,IV. Foreign Currency Loans6,6.7239575583529625,billion PKR,sbp_domestic_debt,monthly
2021-07-31,IV. Foreign Currency Loans6,6.923734858055482,billion PKR,sbp_domestic_debt,monthly
2021-08-31,IV. Foreign Currency Loans6,7.089711270802093,billion PKR,sbp_domestic_debt,monthly
2021-09-30,IV. Foreign Currency Loans6,7.268871456787207,billion PKR,sbp_domestic_debt,monthly
2021-10-31,IV. Foreign Currency Loans6,7.270471889240007,billion PKR,sbp_domestic_debt,monthly
2021-11-30,IV. Foreign Currency Loans6,7.481234421891774,billion PKR,sbp_domestic_debt,monthly
2021-12-31,IV. Foreign Currency Loans6,7.58411656044062,billion PKR,sbp_domestic_debt,monthly
2022-01-31,IV. Foreign Currency Loans6,7.5231756134918815,billion PKR,sbp_domestic_debt,monthly
2022-02-28,IV. Foreign Currency Loans6,7.548137382755464,billion PKR,sbp_domestic_debt,monthly
2022-03-31,IV. Foreign Currency Loans6,7.799894030895669,billion PKR,sbp_domestic_debt,monthly
2022-04-30,IV. Foreign Currency Loans6,7.8896829145646645,billion PKR,sbp_domestic_debt,monthly
2022-05-31,IV. Foreign Currency Loans6,8.42524098372642,billion PKR,sbp_domestic_debt,monthly
2022-06-30,IV. Foreign Currency Loans6,8.69269889731818,billion PKR,sbp_domestic_debt,monthly
2010-06-30,Issued at Low Yield Bonds,4.957384,billion PKR,sbp_domestic_debt,monthly
2010-07-31,Issued at Low Yield Bonds,0.0,billion PKR,sbp_domestic_debt,monthly
2010-08-31,Issued at Low Yield Bonds,0.0,billion PKR,sbp_domestic_debt,monthly
2010-09-30,Issued at Low Yield Bonds,0.0,billion PKR,sbp_domestic_debt,monthly
2010-10-31,Issued at Low Yield Bonds,0.0,billion PKR,sbp_domestic_debt,monthly
2010-11-30,Issued at Low Yield Bonds,0.0,billion PKR,sbp_domestic_debt,monthly
2010-12-31,Issued at Low Yield Bonds,0.0,billion PKR,sbp_domestic_debt,monthly
2011-01-31,Issued at Low Yield Bonds,0.0,billion PKR,sbp_domestic_debt,monthly
2011-02-28,Issued at Low Yield Bonds,0.0,billion PKR,sbp_domestic_debt,monthly
2011-03-31,Issued at Low Yield Bonds,0.0,billion PKR,sbp_domestic_debt,monthly
2011-04-30,Issued at Low Yield Bonds,0.0,billion PKR,sbp_domestic_debt,monthly
2011-05-31,Issued at Low Yield Bonds,0.0,billion PKR,sbp_domestic_debt,monthly
2011-06-30,Issued at Low Yield Bonds,0.0,billion PKR,sbp_domestic_debt,monthly
2011-07-31,Issued at Low Yield Bonds,0.0,billion PKR,sbp_domestic_debt,monthly
2011-08-31,Issued at Low Yield Bonds,0.0,billion PKR,sbp_domestic_debt,monthly
2011-09-30,Issued at Low Yield Bonds,0.0,billion PKR,sbp_domestic_debt,monthly
2011-10-31,Issued at Low Yield Bonds,0.0,billion PKR,sbp_domestic_debt,monthly
2011-11-30,Issued at Low Yield Bonds,0.0,billion PKR,sbp_domestic_debt,monthly
2011-12-31,Issued at Low Yield Bonds,0.0,billion PKR,sbp_domestic_debt,monthly
2012-01-31,Issued at Low Yield Bonds,0.0,billion PKR,sbp_domestic_debt,monthly
2012-02-29,Issued at Low Yield Bonds,0.0,billion PKR,sbp_domestic_debt,monthly
2012-03-31,Issued at Low Yield Bonds,0.0,billion PKR,sbp_domestic_debt,monthly
2012-04-30,Issued at Low Yield Bonds,0.0,billion PKR,sbp_domestic_debt,monthly
2012-05-31,Issued at Low Yield Bonds,0.0,billion PKR,sbp_domestic_debt,monthly
2012-06-30,Issued at Low Yield Bonds,0.0,billion PKR,sbp_domestic_debt,monthly
2012-07-31,Issued at Low Yield Bonds,0.0,billion PKR,sbp_domestic_debt,monthly
2012-08-31,Issued at Low Yield Bonds,0.0,billion PKR,sbp_domestic_debt,monthly
2012-09-30,Issued at Low Yield Bonds,0.0,billion PKR,sbp_domestic_debt,monthly
2012-10-31,Issued at Low Yield Bonds,0.0,billion PKR,sbp_domestic_debt,monthly
2012-11-30,Issued at Low Yield Bonds,0.0,billion PKR,sbp_domestic_debt,monthly
2012-12-31,Issued at Low Yield Bonds,0.0,billion PKR,sbp_domestic_debt,monthly
2013-01-31,Issued at Low Yield Bonds,0.0,billion PKR,sbp_domestic_debt,monthly
2013-02-28,Issued at Low Yield Bonds,0.0,billion PKR,sbp_domestic_debt,monthly
2013-03-31,Issued at Low Yield Bonds,0.0,billion PKR,sbp_domestic_debt,monthly
2013-04-30,Issued at Low Yield Bonds,0.0,billion PKR,sbp_domestic_debt,monthly
2013-05-31,Issued at Low Yield Bonds,0.0,billion PKR,sbp_domestic_debt,monthly
2013-06-30,Issued at Low Yield Bonds,0.0,billion PKR,sbp_domestic_debt,monthly
2013-07-31,Issued at Low Yield Bonds,0.0,billion PKR,sbp_domestic_debt,monthly
2013-08-31,Issued at Low Yield Bonds,0.0,billion PKR,sbp_domestic_debt,monthly
2013-09-30,Issued at Low Yield Bonds,0.0,billion PKR,sbp_domestic_debt,monthly
2013-10-31,Issued at Low Yield Bonds,0.0,billion PKR,sbp_domestic_debt,monthly
2013-11-30,Issued at Low Yield Bonds,0.0,billion PKR,sbp_domestic_debt,monthly
2013-12-31,Issued at Low Yield Bonds,0.0,billion PKR,sbp_domestic_debt,monthly
2014-01-31,Issued at Low Yield Bonds,0.0,billion PKR,sbp_domestic_debt,monthly
2014-02-28,Issued at Low Yield Bonds,0.0,billion PKR,sbp_domestic_debt,monthly
2014-03-31,Issued at Low Yield Bonds,0.0,billion PKR,sbp_domestic_debt,monthly
2014-04-30,Issued at Low Yield Bonds,0.0,billion PKR,sbp_domestic_debt,monthly
2014-05-31,Issued at Low Yield Bonds,0.0,billion PKR,sbp_domestic_debt,monthly
2014-06-30,Issued at Low Yield Bonds,0.0,billion PKR,sbp_domestic_debt,monthly
2014-07-31,Issued at Low Yield Bonds,0.0,billion PKR,sbp_domestic_debt,monthly
2014-08-31,Issued at Low Yield Bonds,0.0,billion PKR,sbp_domestic_debt,monthly
2014-09-30,Issued at Low Yield Bonds,0.0,billion PKR,sbp_domestic_debt,monthly
2014-10-31,Issued at Low Yield Bonds,0.0,billion PKR,sbp_domestic_debt,monthly
2014-11-30,Issued at Low Yield Bonds,0.0,billion PKR,sbp_domestic_debt,monthly
2014-12-31,Issued at Low Yield Bonds,0.0,billion PKR,sbp_domestic_debt,monthly
2015-01-31,Issued at Low Yield Bonds,0.0,billion PKR,sbp_domestic_debt,monthly
2015-02-28,Issued at Low Yield Bonds,0.0,billion PKR,sbp_domestic_debt,monthly
2015-03-31,Issued at Low Yield Bonds,0.0,billion PKR,sbp_domestic_debt,monthly
2015-04-30,Issued at Low Yield Bonds,0.0,billion PKR,sbp_domestic_debt,monthly
2015-05-31,Issued at Low Yield Bonds,0.0,billion PKR,sbp_domestic_debt,monthly
2015-06-30,Issued at Low Yield Bonds,0.0,billion PKR,sbp_domestic_debt,monthly
2015-07-31,Issued at Low Yield Bonds,0.0,billion PKR,sbp_domestic_debt,monthly
2015-08-31,Issued at Low Yield Bonds,0.0,billion PKR,sbp_domestic_debt,monthly
2015-09-30,Issued at Low Yield Bonds,0.0,billion PKR,sbp_domestic_debt,monthly
2015-10-31,Issued at Low Yield Bonds,0.0,billion PKR,sbp_domestic_debt,monthly
2015-11-30,Issued at Low Yield Bonds,0.0,billion PKR,sbp_domestic_debt,monthly
2015-12-31,Issued at Low Yield Bonds,0.0,billion PKR,sbp_domestic_debt,monthly
2016-01-31,Issued at Low Yield Bonds,0.0,billion PKR,sbp_domestic_debt,monthly
2016-02-29,Issued at Low Yield Bonds,0.0,billion PKR,sbp_domestic_debt,monthly
2016-03-31,Issued at Low Yield Bonds,0.0,billion PKR,sbp_domestic_debt,monthly
2016-04-30,Issued at Low Yield Bonds,0.0,billion PKR,sbp_domestic_debt,monthly
2016-05-31,Issued at Low Yield Bonds,0.0,billion PKR,sbp_domestic_debt,monthly
2016-06-30,Issued at Low Yield Bonds,0.0,billion PKR,sbp_domestic_debt,monthly
2016-07-31,Issued at Low Yield Bonds,0.0,billion PKR,sbp_domestic_debt,monthly
2016-08-31,Issued at Low Yield Bonds,0.0,billion PKR,sbp_domestic_debt,monthly
2016-09-30,Issued at Low Yield Bonds,0.0,billion PKR,sbp_domestic_debt,monthly
2016-10-31,Issued at Low Yield Bonds,0.0,billion PKR,sbp_domestic_debt,monthly
2016-11-30,Issued at Low Yield Bonds,0.0,billion PKR,sbp_domestic_debt,monthly
2016-12-31,Issued at Low Yield Bonds,0.0,billion PKR,sbp_domestic_debt,monthly
2017-01-31,Issued at Low Yield Bonds,0.0,billion PKR,sbp_domestic_debt,monthly
2017-02-28,Issued at Low Yield Bonds,0.0,billion PKR,sbp_domestic_debt,monthly
2017-03-31,Issued at Low Yield Bonds,0.0,billion PKR,sbp_domestic_debt,monthly
2017-04-30,Issued at Low Yield Bonds,0.0,billion PKR,sbp_domestic_debt,monthly
2017-05-31,Issued at Low Yield Bonds,0.0,billion PKR,sbp_domestic_debt,monthly
2017-06-30,Issued at Low Yield Bonds,0.0,billion PKR,sbp_domestic_debt,monthly
2017-07-31,Issued at Low Yield Bonds,0.0,billion PKR,sbp_domestic_debt,monthly
2017-08-31,Issued at Low Yield Bonds,0.0,billion PKR,sbp_domestic_debt,monthly
2017-09-30,Issued at Low Yield Bonds,0.0,billion PKR,sbp_domestic_debt,monthly
2017-10-31,Issued at Low Yield Bonds,0.0,billion PKR,sbp_domestic_debt,monthly
2017-11-30,Issued at Low Yield Bonds,0.0,billion PKR,sbp_domestic_debt,monthly
2017-12-31,Issued at Low Yield Bonds,0.0,billion PKR,sbp_domestic_debt,monthly
2018-01-31,Issued at Low Yield Bonds,0.0,billion PKR,sbp_domestic_debt,monthly
2018-02-28,Issued at Low Yield Bonds,0.0,billion PKR,sbp_domestic_debt,monthly
2018-03-31,Issued at Low Yield Bonds,0.0,billion PKR,sbp_domestic_debt,monthly
2018-04-30,Issued at Low Yield Bonds,0.0,billion PKR,sbp_domestic_debt,monthly
2018-05-31,Issued at Low Yield Bonds,0.0,billion PKR,sbp_domestic_debt,monthly
2018-06-30,Issued at Low Yield Bonds,0.0,billion PKR,sbp_domestic_debt,monthly
2018-07-31,Issued at Low Yield Bonds,0.0,billion PKR,sbp_domestic_debt,monthly
2018-08-31,Issued at Low Yield Bonds,0.0,billion PKR,sbp_domestic_debt,monthly
2018-09-30,Issued at Low Yield Bonds,0.0,billion PKR,sbp_domestic_debt,monthly
2018-10-31,Issued at Low Yield Bonds,0.0,billion PKR,sbp_domestic_debt,monthly
2018-11-30,Issued at Low Yield Bonds,0.0,billion PKR,sbp_domestic_debt,monthly
2018-12-31,Issued at Low Yield Bonds,0.0,billion PKR,sbp_domestic_debt,monthly
2019-01-31,Issued at Low Yield Bonds,0.0,billion PKR,sbp_domestic_debt,monthly
2019-02-28,Issued at Low Yield Bonds,0.0,billion PKR,sbp_domestic_debt,monthly
2019-03-31,Issued at Low Yield Bonds,0.0,billion PKR,sbp_domestic_debt,monthly
2019-04-30,Issued at Low Yield Bonds,0.0,billion PKR,sbp_domestic_debt,monthly
2019-05-31,Issued at Low Yield Bonds,0.0,billion PKR,sbp_domestic_debt,monthly
2019-06-30,Issued at Low Yield Bonds,0.0,billion PKR,sbp_domestic_debt,monthly
2019-07-31,Issued at Low Yield Bonds,0.0,billion PKR,sbp_domestic_debt,monthly
2019-08-31,Issued at Low Yield Bonds,0.0,billion PKR,sbp_domestic_debt,monthly
2019-09-30,Issued at Low Yield Bonds,0.0,billion PKR,sbp_domestic_debt,monthly
2019-10-31,Issued at Low Yield Bonds,0.0,billion PKR,sbp_domestic_debt,monthly
2019-11-30,Issued at Low Yield Bonds,0.0,billion PKR,sbp_domestic_debt,monthly
2019-12-31,Issued at Low Yield Bonds,0.0,billion PKR,sbp_domestic_debt,monthly
2020-01-31,Issued at Low Yield Bonds,0.0,billion PKR,sbp_domestic_debt,monthly
2020-02-29,Issued at Low Yield Bonds,0.0,billion PKR,sbp_domestic_debt,monthly
2020-03-31,Issued at Low Yield Bonds,0.0,billion PKR,sbp_domestic_debt,monthly
2020-04-30,Issued at Low Yield Bonds,0.0,billion PKR,sbp_domestic_debt,monthly
2020-05-31,Issued at Low Yield Bonds,0.0,billion PKR,sbp_domestic_debt,monthly
2020-06-30,Issued at Low Yield Bonds,0.0,billion PKR,sbp_domestic_debt,monthly
2020-07-31,Issued at Low Yield Bonds,0.0,billion PKR,sbp_domestic_debt,monthly
2020-08-31,Issued at Low Yield Bonds,0.0,billion PKR,sbp_domestic_debt,monthly
2020-09-30,Issued at Low Yield Bonds,0.0,billion PKR,sbp_domestic_debt,monthly
2020-10-31,Issued at Low Yield Bonds,0.0,billion PKR,sbp_domestic_debt,monthly
2020-11-30,Issued at Low Yield Bonds,0.0,billion PKR,sbp_domestic_debt,monthly
2020-12-31,Issued at Low Yield Bonds,0.0,billion PKR,sbp_domestic_debt,monthly
2021-01-31,Issued at Low Yield Bonds,0.0,billion PKR,sbp_domestic_debt,monthly
2021-02-28,Issued at Low Yield Bonds,0.0,billion PKR,sbp_domestic_debt,monthly
2021-03-31,Issued at Low Yield Bonds,0.0,billion PKR,sbp_domestic_debt,monthly
2021-04-30,Issued at Low Yield Bonds,0.0,billion PKR,sbp_domestic_debt,monthly
2021-05-31,Issued at Low Yield Bonds,0.0,billion PKR,sbp_domestic_debt,monthly
2021-06-30,Issued at Low Yield Bonds,0.0,billion PKR,sbp_domestic_debt,monthly
2021-07-31,Issued at Low Yield Bonds,0.0,billion PKR,sbp_domestic_debt,monthly
2021-08-31,Issued at Low Yield Bonds,0.0,billion PKR,sbp_domestic_debt,monthly
2021-09-30,Issued at Low Yield Bonds,0.0,billion PKR,sbp_domestic_debt,monthly
2021-10-31,Issued at Low Yield Bonds,0.0,billion PKR,sbp_domestic_debt,monthly
2021-11-30,Issued at Low Yield Bonds,0.0,billion PKR,sbp_domestic_debt,monthly
2021-12-31,Issued at Low Yield Bonds,0.0,billion PKR,sbp_domestic_debt,monthly
2022-01-31,Issued at Low Yield Bonds,0.0,billion PKR,sbp_domestic_debt,monthly
2022-02-28,Issued at Low Yield Bonds,0.0,billion PKR,sbp_domestic_debt,monthly
2022-03-31,Issued at Low Yield Bonds,0.0,billion PKR,sbp_domestic_debt,monthly
2022-04-30,Issued at Low Yield Bonds,0.0,billion PKR,sbp_domestic_debt,monthly
2022-05-31,Issued at Low Yield Bonds,0.0,billion PKR,sbp_domestic_debt,monthly
2022-06-30,Issued at Low Yield Bonds,0.0,billion PKR,sbp_domestic_debt,monthly
2010-06-30,Issued to DFIs,0.0,billion PKR,sbp_domestic_debt,monthly
2010-07-31,Issued to DFIs,0.0,billion PKR,sbp_domestic_debt,monthly
2010-08-31,Issued to DFIs,0.0,billion PKR,sbp_domestic_debt,monthly
2010-09-30,Issued to DFIs,0.0,billion PKR,sbp_domestic_debt,monthly
2010-10-31,Issued to DFIs,0.0,billion PKR,sbp_domestic_debt,monthly
2010-11-30,Issued to DFIs,0.0,billion PKR,sbp_domestic_debt,monthly
2010-12-31,Issued to DFIs,0.0,billion PKR,sbp_domestic_debt,monthly
2011-01-31,Issued to DFIs,0.0,billion PKR,sbp_domestic_debt,monthly
2011-02-28,Issued to DFIs,0.0,billion PKR,sbp_domestic_debt,monthly
2011-03-31,Issued to DFIs,0.0,billion PKR,sbp_domestic_debt,monthly
2011-04-30,Issued to DFIs,0.0,billion PKR,sbp_domestic_debt,monthly
2011-05-31,Issued to DFIs,0.0,billion PKR,sbp_domestic_debt,monthly
2011-06-30,Issued to DFIs,0.0,billion PKR,sbp_domestic_debt,monthly
2011-07-31,Issued to DFIs,0.0,billion PKR,sbp_domestic_debt,monthly
2011-08-31,Issued to DFIs,0.0,billion PKR,sbp_domestic_debt,monthly
2011-09-30,Issued to DFIs,0.0,billion PKR,sbp_domestic_debt,monthly
2011-10-31,Issued to DFIs,0.0,billion PKR,sbp_domestic_debt,monthly
2011-11-30,Issued to DFIs,0.0,billion PKR,sbp_domestic_debt,monthly
2011-12-31,Issued to DFIs,0.0,billion PKR,sbp_domestic_debt,monthly
2012-01-31,Issued to DFIs,0.0,billion PKR,sbp_domestic_debt,monthly
2012-02-29,Issued to DFIs,0.0,billion PKR,sbp_domestic_debt,monthly
2012-03-31,Issued to DFIs,0.0,billion PKR,sbp_domestic_debt,monthly
2012-04-30,Issued to DFIs,0.0,billion PKR,sbp_domestic_debt,monthly
2012-05-31,Issued to DFIs,0.0,billion PKR,sbp_domestic_debt,monthly
2012-06-30,Issued to DFIs,0.0,billion PKR,sbp_domestic_debt,monthly
2012-07-31,Issued to DFIs,0.0,billion PKR,sbp_domestic_debt,monthly
2012-08-31,Issued to DFIs,0.0,billion PKR,sbp_domestic_debt,monthly
2012-09-30,Issued to DFIs,0.0,billion PKR,sbp_domestic_debt,monthly
2012-10-31,Issued to DFIs,0.0,billion PKR,sbp_domestic_debt,monthly
2012-11-30,Issued to DFIs,0.0,billion PKR,sbp_domestic_debt,monthly
2012-12-31,Issued to DFIs,0.0,billion PKR,sbp_domestic_debt,monthly
2013-01-31,Issued to DFIs,0.0,billion PKR,sbp_domestic_debt,monthly
2013-02-28,Issued to DFIs,0.0,billion PKR,sbp_domestic_debt,monthly
2013-03-31,Issued to DFIs,0.0,billion PKR,sbp_domestic_debt,monthly
2013-04-30,Issued to DFIs,0.0,billion PKR,sbp_domestic_debt,monthly
2013-05-31,Issued to DFIs,0.0,billion PKR,sbp_domestic_debt,monthly
2013-06-30,Issued to DFIs,0.0,billion PKR,sbp_domestic_debt,monthly
2013-07-31,Issued to DFIs,0.0,billion PKR,sbp_domestic_debt,monthly
2013-08-31,Issued to DFIs,0.0,billion PKR,sbp_domestic_debt,monthly
2013-09-30,Issued to DFIs,0.0,billion PKR,sbp_domestic_debt,monthly
2013-10-31,Issued to DFIs,0.0,billion PKR,sbp_domestic_debt,monthly
2013-11-30,Issued to DFIs,0.0,billion PKR,sbp_domestic_debt,monthly
2013-12-31,Issued to DFIs,0.0,billion PKR,sbp_domestic_debt,monthly
2014-01-31,Issued to DFIs,0.0,billion PKR,sbp_domestic_debt,monthly
2014-02-28,Issued to DFIs,0.0,billion PKR,sbp_domestic_debt,monthly
2014-03-31,Issued to DFIs,0.0,billion PKR,sbp_domestic_debt,monthly
2014-04-30,Issued to DFIs,0.0,billion PKR,sbp_domestic_debt,monthly
2014-05-31,Issued to DFIs,0.0,billion PKR,sbp_domestic_debt,monthly
2014-06-30,Issued to DFIs,0.0,billion PKR,sbp_domestic_debt,monthly
2014-07-31,Issued to DFIs,0.0,billion PKR,sbp_domestic_debt,monthly
2014-08-31,Issued to DFIs,0.0,billion PKR,sbp_domestic_debt,monthly
2014-09-30,Issued to DFIs,0.0,billion PKR,sbp_domestic_debt,monthly
2014-10-31,Issued to DFIs,0.0,billion PKR,sbp_domestic_debt,monthly
2014-11-30,Issued to DFIs,0.0,billion PKR,sbp_domestic_debt,monthly
2014-12-31,Issued to DFIs,0.0,billion PKR,sbp_domestic_debt,monthly
2015-01-31,Issued to DFIs,0.0,billion PKR,sbp_domestic_debt,monthly
2015-02-28,Issued to DFIs,0.0,billion PKR,sbp_domestic_debt,monthly
2015-03-31,Issued to DFIs,0.0,billion PKR,sbp_domestic_debt,monthly
2015-04-30,Issued to DFIs,0.0,billion PKR,sbp_domestic_debt,monthly
2015-05-31,Issued to DFIs,0.0,billion PKR,sbp_domestic_debt,monthly
2015-06-30,Issued to DFIs,0.0,billion PKR,sbp_domestic_debt,monthly
2015-07-31,Issued to DFIs,0.0,billion PKR,sbp_domestic_debt,monthly
2015-08-31,Issued to DFIs,0.0,billion PKR,sbp_domestic_debt,monthly
2015-09-30,Issued to DFIs,0.0,billion PKR,sbp_domestic_debt,monthly
2015-10-31,Issued to DFIs,0.0,billion PKR,sbp_domestic_debt,monthly
2015-11-30,Issued to DFIs,0.0,billion PKR,sbp_domestic_debt,monthly
2015-12-31,Issued to DFIs,0.0,billion PKR,sbp_domestic_debt,monthly
2016-01-31,Issued to DFIs,0.0,billion PKR,sbp_domestic_debt,monthly
2016-02-29,Issued to DFIs,0.0,billion PKR,sbp_domestic_debt,monthly
2016-03-31,Issued to DFIs,0.0,billion PKR,sbp_domestic_debt,monthly
2016-04-30,Issued to DFIs,0.0,billion PKR,sbp_domestic_debt,monthly
2016-05-31,Issued to DFIs,0.0,billion PKR,sbp_domestic_debt,monthly
2016-06-30,Issued to DFIs,0.0,billion PKR,sbp_domestic_debt,monthly
2016-07-31,Issued to DFIs,0.0,billion PKR,sbp_domestic_debt,monthly
2016-08-31,Issued to DFIs,0.0,billion PKR,sbp_domestic_debt,monthly
2016-09-30,Issued to DFIs,0.0,billion PKR,sbp_domestic_debt,monthly
2016-10-31,Issued to DFIs,0.0,billion PKR,sbp_domestic_debt,monthly
2016-11-30,Issued to DFIs,0.0,billion PKR,sbp_domestic_debt,monthly
2016-12-31,Issued to DFIs,0.0,billion PKR,sbp_domestic_debt,monthly
2017-01-31,Issued to DFIs,0.0,billion PKR,sbp_domestic_debt,monthly
2017-02-28,Issued to DFIs,0.0,billion PKR,sbp_domestic_debt,monthly
2017-03-31,Issued to DFIs,0.0,billion PKR,sbp_domestic_debt,monthly
2017-04-30,Issued to DFIs,0.0,billion PKR,sbp_domestic_debt,monthly
2017-05-31,Issued to DFIs,0.0,billion PKR,sbp_domestic_debt,monthly
2017-06-30,Issued to DFIs,0.0,billion PKR,sbp_domestic_debt,monthly
2017-07-31,Issued to DFIs,0.0,billion PKR,sbp_domestic_debt,monthly
2017-08-31,Issued to DFIs,0.0,billion PKR,sbp_domestic_debt,monthly
2017-09-30,Issued to DFIs,0.0,billion PKR,sbp_domestic_debt,monthly
2017-10-31,Issued to DFIs,0.0,billion PKR,sbp_domestic_debt,monthly
2017-11-30,Issued to DFIs,0.0,billion PKR,sbp_domestic_debt,monthly
2017-12-31,Issued to DFIs,0.0,billion PKR,sbp_domestic_debt,monthly
2018-01-31,Issued to DFIs,0.0,billion PKR,sbp_domestic_debt,monthly
2018-02-28,Issued to DFIs,0.0,billion PKR,sbp_domestic_debt,monthly
2018-03-31,Issued to DFIs,0.0,billion PKR,sbp_domestic_debt,monthly
2018-04-30,Issued to DFIs,0.0,billion PKR,sbp_domestic_debt,monthly
2018-05-31,Issued to DFIs,0.0,billion PKR,sbp_domestic_debt,monthly
2018-06-30,Issued to DFIs,0.0,billion PKR,sbp_domestic_debt,monthly
2018-07-31,Issued to DFIs,0.0,billion PKR,sbp_domestic_debt,monthly
2018-08-31,Issued to DFIs,0.0,billion PKR,sbp_domestic_debt,monthly
2018-09-30,Issued to DFIs,0.0,billion PKR,sbp_domestic_debt,monthly
2018-10-31,Issued to DFIs,0.0,billion PKR,sbp_domestic_debt,monthly
2018-11-30,Issued to DFIs,0.0,billion PKR,sbp_domestic_debt,monthly
2018-12-31,Issued to DFIs,0.0,billion PKR,sbp_domestic_debt,monthly
2019-01-31,Issued to DFIs,0.0,billion PKR,sbp_domestic_debt,monthly
2019-02-28,Issued to DFIs,0.0,billion PKR,sbp_domestic_debt,monthly
2019-03-31,Issued to DFIs,0.0,billion PKR,sbp_domestic_debt,monthly
2019-04-30,Issued to DFIs,0.0,billion PKR,sbp_domestic_debt,monthly
2019-05-31,Issued to DFIs,0.0,billion PKR,sbp_domestic_debt,monthly
2019-06-30,Issued to DFIs,0.0,billion PKR,sbp_domestic_debt,monthly
2019-07-31,Issued to DFIs,0.0,billion PKR,sbp_domestic_debt,monthly
2019-08-31,Issued to DFIs,0.0,billion PKR,sbp_domestic_debt,monthly
2019-09-30,Issued to DFIs,0.0,billion PKR,sbp_domestic_debt,monthly
2019-10-31,Issued to DFIs,0.0,billion PKR,sbp_domestic_debt,monthly
2019-11-30,Issued to DFIs,0.0,billion PKR,sbp_domestic_debt,monthly
2019-12-31,Issued to DFIs,0.0,billion PKR,sbp_domestic_debt,monthly
2020-01-31,Issued to DFIs,0.0,billion PKR,sbp_domestic_debt,monthly
2020-02-29,Issued to DFIs,0.0,billion PKR,sbp_domestic_debt,monthly
2020-03-31,Issued to DFIs,0.0,billion PKR,sbp_domestic_debt,monthly
2020-04-30,Issued to DFIs,0.0,billion PKR,sbp_domestic_debt,monthly
2020-05-31,Issued to DFIs,0.0,billion PKR,sbp_domestic_debt,monthly
2020-06-30,Issued to DFIs,0.0,billion PKR,sbp_domestic_debt,monthly
2020-07-31,Issued to DFIs,0.0,billion PKR,sbp_domestic_debt,monthly
2020-08-31,Issued to DFIs,0.0,billion PKR,sbp_domestic_debt,monthly
2020-09-30,Issued to DFIs,0.0,billion PKR,sbp_domestic_debt,monthly
2020-10-31,Issued to DFIs,0.0,billion PKR,sbp_domestic_debt,monthly
2020-11-30,Issued to DFIs,0.0,billion PKR,sbp_domestic_debt,monthly
2020-12-31,Issued to DFIs,0.0,billion PKR,sbp_domestic_debt,monthly
2021-01-31,Issued to DFIs,0.0,billion PKR,sbp_domestic_debt,monthly
2021-02-28,Issued to DFIs,0.0,billion PKR,sbp_domestic_debt,monthly
2021-03-31,Issued to DFIs,0.0,billion PKR,sbp_domestic_debt,monthly
2021-04-30,Issued to DFIs,0.0,billion PKR,sbp_domestic_debt,monthly
2021-05-31,Issued to DFIs,0.0,billion PKR,sbp_domestic_debt,monthly
2021-06-30,Issued to DFIs,0.0,billion PKR,sbp_domestic_debt,monthly
2021-07-31,Issued to DFIs,0.0,billion PKR,sbp_domestic_debt,monthly
2021-08-31,Issued to DFIs,0.0,billion PKR,sbp_domestic_debt,monthly
2021-09-30,Issued to DFIs,0.0,billion PKR,sbp_domestic_debt,monthly
2021-10-31,Issued to DFIs,0.0,billion PKR,sbp_domestic_debt,monthly
2021-11-30,Issued to DFIs,0.0,billion PKR,sbp_domestic_debt,monthly
2021-12-31,Issued to DFIs,0.0,billion PKR,sbp_domestic_debt,monthly
2022-01-31,Issued to DFIs,0.0,billion PKR,sbp_domestic_debt,monthly
2022-02-28,Issued to DFIs,0.0,billion PKR,sbp_domestic_debt,monthly
2022-03-31,Issued to DFIs,0.0,billion PKR,sbp_domestic_debt,monthly
2022-04-30,Issued to DFIs,0.0,billion PKR,sbp_domestic_debt,monthly
2022-05-31,Issued to DFIs,0.0,billion PKR,sbp_domestic_debt,monthly
2022-06-30,Issued to DFIs,0.0,billion PKR,sbp_domestic_debt,monthly
2010-06-30,Loans matured but not encashed,0.2097777,billion PKR,sbp_domestic_debt,monthly
2010-07-31,Loans matured but not encashed,0.2097777,billion PKR,sbp_domestic_debt,monthly
2010-08-31,Loans matured but not encashed,0.2097777,billion PKR,sbp_domestic_debt,monthly
2010-09-30,Loans matured but not encashed,0.2097777,billion PKR,sbp_domestic_debt,monthly
2010-10-31,Loans matured but not encashed,0.2097777,billion PKR,sbp_domestic_debt,monthly
2010-11-30,Loans matured but not encashed,0.2097777,billion PKR,sbp_domestic_debt,monthly
2010-12-31,Loans matured but not encashed,0.2097777,billion PKR,sbp_domestic_debt,monthly
2011-01-31,Loans matured but not encashed,0.2097777,billion PKR,sbp_domestic_debt,monthly
2011-02-28,Loans matured but not encashed,0.2097777,billion PKR,sbp_domestic_debt,monthly
2011-03-31,Loans matured but not encashed,0.2097777,billion PKR,sbp_domestic_debt,monthly
2011-04-30,Loans matured but not encashed,0.2097777,billion PKR,sbp_domestic_debt,monthly
2011-05-31,Loans matured but not encashed,0.2097777,billion PKR,sbp_domestic_debt,monthly
2011-06-30,Loans matured but not encashed,0.2097777,billion PKR,sbp_domestic_debt,monthly
2011-07-31,Loans matured but not encashed,0.2097777,billion PKR,sbp_domestic_debt,monthly
2011-08-31,Loans matured but not encashed,0.2097777,billion PKR,sbp_domestic_debt,monthly
2011-09-30,Loans matured but not encashed,0.2097777,billion PKR,sbp_domestic_debt,monthly
2011-10-31,Loans matured but not encashed,0.2097777,billion PKR,sbp_domestic_debt,monthly
2011-11-30,Loans matured but not encashed,0.2097777,billion PKR,sbp_domestic_debt,monthly
2011-12-31,Loans matured but not encashed,0.2097777,billion PKR,sbp_domestic_debt,monthly
2012-01-31,Loans matured but not encashed,0.2097777,billion PKR,sbp_domestic_debt,monthly
2012-02-29,Loans matured but not encashed,0.2097777,billion PKR,sbp_domestic_debt,monthly
2012-03-31,Loans matured but not encashed,0.2097777,billion PKR,sbp_domestic_debt,monthly
2012-04-30,Loans matured but not encashed,0.2097777,billion PKR,sbp_domestic_debt,monthly
2012-05-31,Loans matured but not encashed,0.2097777,billion PKR,sbp_domestic_debt,monthly
2012-06-30,Loans matured but not encashed,0.2097777,billion PKR,sbp_domestic_debt,monthly
2012-07-31,Loans matured but not encashed,0.1027639,billion PKR,sbp_domestic_debt,monthly
2012-08-31,Loans matured but not encashed,0.1027639,billion PKR,sbp_domestic_debt,monthly
2012-09-30,Loans matured but not encashed,0.1027639,billion PKR,sbp_domestic_debt,monthly
2012-10-31,Loans matured but not encashed,0.1027639,billion PKR,sbp_domestic_debt,monthly
2012-11-30,Loans matured but not encashed,0.1027639,billion PKR,sbp_domestic_debt,monthly
2012-12-31,Loans matured but not encashed,0.1027639,billion PKR,sbp_domestic_debt,monthly
2013-01-31,Loans matured but not encashed,0.1027639,billion PKR,sbp_domestic_debt,monthly
2013-02-28,Loans matured but not encashed,0.1027639,billion PKR,sbp_domestic_debt,monthly
2013-03-31,Loans matured but not encashed,0.1027639,billion PKR,sbp_domestic_debt,monthly
2013-04-30,Loans matured but not encashed,0.1027639,billion PKR,sbp_domestic_debt,monthly
2013-05-31,Loans matured but not encashed,0.1027639,billion PKR,sbp_domestic_debt,monthly
2013-06-30,Loans matured but not encashed,0.1027639,billion PKR,sbp_domestic_debt,monthly
2013-07-31,Loans matured but not encashed,0.1027639,billion PKR,sbp_domestic_debt,monthly
2013-08-31,Loans matured but not encashed,0.1027639,billion PKR,sbp_domestic_debt,monthly
2013-09-30,Loans matured but not encashed,0.1027639,billion PKR,sbp_domestic_debt,monthly
2013-10-31,Loans matured but not encashed,0.1027639,billion PKR,sbp_domestic_debt,monthly
2013-11-30,Loans matured but not encashed,0.1027639,billion PKR,sbp_domestic_debt,monthly
2013-12-31,Loans matured but not encashed,0.1027639,billion PKR,sbp_domestic_debt,monthly
2014-01-31,Loans matured but not encashed,0.1027639,billion PKR,sbp_domestic_debt,monthly
2014-02-28,Loans matured but not encashed,0.1027639,billion PKR,sbp_domestic_debt,monthly
2014-03-31,Loans matured but not encashed,0.1027639,billion PKR,sbp_domestic_debt,monthly
2014-04-30,Loans matured but not encashed,0.1027639,billion PKR,sbp_domestic_debt,monthly
2014-05-31,Loans matured but not encashed,0.1027639,billion PKR,sbp_domestic_debt,monthly
2014-06-30,Loans matured but not encashed,0.1027639,billion PKR,sbp_domestic_debt,monthly
2014-07-31,Loans matured but not encashed,0.10501730000000001,billion PKR,sbp_domestic_debt,monthly
2014-08-31,Loans matured but not encashed,0.1053385,billion PKR,sbp_domestic_debt,monthly
2014-09-30,Loans matured but not encashed,0.1053385,billion PKR,sbp_domestic_debt,monthly
2014-10-31,Loans matured but not encashed,0.1053385,billion PKR,sbp_domestic_debt,monthly
2014-11-30,Loans matured but not encashed,0.1027639,billion PKR,sbp_domestic_debt,monthly
2014-12-31,Loans matured but not encashed,0.1027639,billion PKR,sbp_domestic_debt,monthly
2015-01-31,Loans matured but not encashed,0.1027639,billion PKR,sbp_domestic_debt,monthly
2015-02-28,Loans matured but not encashed,0.1027639,billion PKR,sbp_domestic_debt,monthly
2015-03-31,Loans matured but not encashed,0.1027639,billion PKR,sbp_domestic_debt,monthly
2015-04-30,Loans matured but not encashed,0.1027639,billion PKR,sbp_domestic_debt,monthly
2015-05-31,Loans matured but not encashed,0.1027639,billion PKR,sbp_domestic_debt,monthly
2015-06-30,Loans matured but not encashed,0.1027639,billion PKR,sbp_domestic_debt,monthly
2015-07-31,Loans matured but not encashed,0.1027639,billion PKR,sbp_domestic_debt,monthly
2015-08-31,Loans matured but not encashed,0.1027639,billion PKR,sbp_domestic_debt,monthly
2015-09-30,Loans matured but not encashed,0.1027639,billion PKR,sbp_domestic_debt,monthly
2015-10-31,Loans matured but not encashed,0.1027639,billion PKR,sbp_domestic_debt,monthly
2015-11-30,Loans matured but not encashed,0.0495647,billion PKR,sbp_domestic_debt,monthly
2015-12-31,Loans matured but not encashed,0.1027639,billion PKR,sbp_domestic_debt,monthly
2016-01-31,Loans matured but not encashed,0.1027639,billion PKR,sbp_domestic_debt,monthly
2016-02-29,Loans matured but not encashed,0.1027639,billion PKR,sbp_domestic_debt,monthly
2016-03-31,Loans matured but not encashed,0.1027639,billion PKR,sbp_domestic_debt,monthly
2016-04-30,Loans matured but not encashed,0.1027639,billion PKR,sbp_domestic_debt,monthly
2016-05-31,Loans matured but not encashed,0.1027639,billion PKR,sbp_domestic_debt,monthly
2016-06-30,Loans matured but not encashed,0.1027639,billion PKR,sbp_domestic_debt,monthly
2016-07-31,Loans matured but not encashed,0.1027639,billion PKR,sbp_domestic_debt,monthly
2016-08-31,Loans matured but not encashed,0.1027639,billion PKR,sbp_domestic_debt,monthly
2016-09-30,Loans matured but not encashed,0.1027639,billion PKR,sbp_domestic_debt,monthly
2016-10-31,Loans matured but not encashed,0.1027639,billion PKR,sbp_domestic_debt,monthly
2016-11-30,Loans matured but not encashed,0.1027639,billion PKR,sbp_domestic_debt,monthly
2016-12-31,Loans matured but not encashed,0.1027639,billion PKR,sbp_domestic_debt,monthly
2017-01-31,Loans matured but not encashed,0.1027639,billion PKR,sbp_domestic_debt,monthly
2017-02-28,Loans matured but not encashed,0.1027639,billion PKR,sbp_domestic_debt,monthly
2017-03-31,Loans matured but not encashed,0.1027639,billion PKR,sbp_domestic_debt,monthly
2017-04-30,Loans matured but not encashed,0.1027639,billion PKR,sbp_domestic_debt,monthly
2017-05-31,Loans matured but not encashed,0.1027639,billion PKR,sbp_domestic_debt,monthly
2017-06-30,Loans matured but not encashed,0.1027639,billion PKR,sbp_domestic_debt,monthly
2017-07-31,Loans matured but not encashed,0.1027639,billion PKR,sbp_domestic_debt,monthly
2017-08-31,Loans matured but not encashed,0.1027639,billion PKR,sbp_domestic_debt,monthly
2017-09-30,Loans matured but not encashed,0.1027639,billion PKR,sbp_domestic_debt,monthly
2017-10-31,Loans matured but not encashed,0.1027639,billion PKR,sbp_domestic_debt,monthly
2017-11-30,Loans matured but not encashed,0.1027639,billion PKR,sbp_domestic_debt,monthly
2017-12-31,Loans matured but not encashed,0.1027639,billion PKR,sbp_domestic_debt,monthly
2018-01-31,Loans matured but not encashed,0.1053385,billion PKR,sbp_domestic_debt,monthly
2018-02-28,Loans matured but not encashed,0.1053385,billion PKR,sbp_domestic_debt,monthly
2018-03-31,Loans matured but not encashed,0.1027639,billion PKR,sbp_domestic_debt,monthly
2018-04-30,Loans matured but not encashed,0.1027639,billion PKR,sbp_domestic_debt,monthly
2018-05-31,Loans matured but not encashed,0.1027639,billion PKR,sbp_domestic_debt,monthly
2018-06-30,Loans matured but not encashed,0.1053385,billion PKR,sbp_domestic_debt,monthly
2018-07-31,Loans matured but not encashed,0.1027639,billion PKR,sbp_domestic_debt,monthly
2018-08-31,Loans matured but not encashed,0.1027639,billion PKR,sbp_domestic_debt,monthly
2018-09-30,Loans matured but not encashed,0.1027639,billion PKR,sbp_domestic_debt,monthly
2018-10-31,Loans matured but not encashed,0.1027639,billion PKR,sbp_domestic_debt,monthly
2018-11-30,Loans matured but not encashed,0.1027639,billion PKR,sbp_domestic_debt,monthly
2018-12-31,Loans matured but not encashed,0.1027639,billion PKR,sbp_domestic_debt,monthly
2019-01-31,Loans matured but not encashed,0.1027639,billion PKR,sbp_domestic_debt,monthly
2019-02-28,Loans matured but not encashed,0.1027639,billion PKR,sbp_domestic_debt,monthly
2019-03-31,Loans matured but not encashed,0.1027639,billion PKR,sbp_domestic_debt,monthly
2019-04-30,Loans matured but not encashed,0.1027639,billion PKR,sbp_domestic_debt,monthly
2019-05-31,Loans matured but not encashed,0.1027639,billion PKR,sbp_domestic_debt,monthly
2019-06-30,Loans matured but not encashed,0.1027639,billion PKR,sbp_domestic_debt,monthly
2019-07-31,Loans matured but not encashed,0.1027639,billion PKR,sbp_domestic_debt,monthly
2019-08-31,Loans matured but not encashed,0.1027639,billion PKR,sbp_domestic_debt,monthly
2019-09-30,Loans matured but not encashed,0.1027639,billion PKR,sbp_domestic_debt,monthly
2019-10-31,Loans matured but not encashed,0.1027639,billion PKR,sbp_domestic_debt,monthly
2019-11-30,Loans matured but not encashed,0.1027639,billion PKR,sbp_domestic_debt,monthly
2019-12-31,Loans matured but not encashed,0.1027639,billion PKR,sbp_domestic_debt,monthly
2020-01-31,Loans matured but not encashed,0.1027639,billion PKR,sbp_domestic_debt,monthly
2020-02-29,Loans matured but not encashed,0.1027639,billion PKR,sbp_domestic_debt,monthly
2020-03-31,Loans matured but not encashed,0.1027639,billion PKR,sbp_domestic_debt,monthly
2020-04-30,Loans matured but not encashed,0.1027639,billion PKR,sbp_domestic_debt,monthly
2020-05-31,Loans matured but not encashed,0.1027639,billion PKR,sbp_domestic_debt,monthly
2020-06-30,Loans matured but not encashed,0.1027639,billion PKR,sbp_domestic_debt,monthly
2020-07-31,Loans matured but not encashed,0.1027639,billion PKR,sbp_domestic_debt,monthly
2020-08-31,Loans matured but not encashed,0.1027639,billion PKR,sbp_domestic_debt,monthly
2020-09-30,Loans matured but not encashed,0.1027639,billion PKR,sbp_domestic_debt,monthly
2020-10-31,Loans matured but not encashed,0.1027639,billion PKR,sbp_domestic_debt,monthly
2020-11-30,Loans matured but not encashed,0.1027639,billion PKR,sbp_domestic_debt,monthly
2020-12-31,Loans matured but not encashed,0.1027639,billion PKR,sbp_domestic_debt,monthly
2021-01-31,Loans matured but not encashed,0.1027639,billion PKR,sbp_domestic_debt,monthly
2021-02-28,Loans matured but not encashed,0.1027639,billion PKR,sbp_domestic_debt,monthly
2021-03-31,Loans matured but not encashed,0.1027639,billion PKR,sbp_domestic_debt,monthly
2021-04-30,Loans matured but not encashed,0.1027639,billion PKR,sbp_domestic_debt,monthly
2021-05-31,Loans matured but not encashed,0.1027639,billion PKR,sbp_domestic_debt,monthly
2021-06-30,Loans matured but not encashed,0.1027639,billion PKR,sbp_domestic_debt,monthly
2021-07-31,Loans matured but not encashed,0.1027639,billion PKR,sbp_domestic_debt,monthly
2021-08-31,Loans matured but not encashed,0.1027639,billion PKR,sbp_domestic_debt,monthly
2021-09-30,Loans matured but not encashed,0.1027639,billion PKR,sbp_domestic_debt,monthly
2021-10-31,Loans matured but not encashed,0.1027639,billion PKR,sbp_domestic_debt,monthly
2021-11-30,Loans matured but not encashed,0.1027639,billion PKR,sbp_domestic_debt,monthly
2021-12-31,Loans matured but not encashed,0.1027639,billion PKR,sbp_domestic_debt,monthly
2022-01-31,Loans matured but not encashed,0.1027639,billion PKR,sbp_domestic_debt,monthly
2022-02-28,Loans matured but not encashed,0.1027639,billion PKR,sbp_domestic_debt,monthly
2022-03-31,Loans matured but not encashed,0.1027639,billion PKR,sbp_domestic_debt,monthly
2022-04-30,Loans matured but not encashed,0.1027639,billion PKR,sbp_domestic_debt,monthly
2022-05-31,Loans matured but not encashed,0.1027639,billion PKR,sbp_domestic_debt,monthly
2022-06-30,Loans matured but not encashed,0.1027639,billion PKR,sbp_domestic_debt,monthly
2024-06-30,Long Term (>1 year),4212.796938,billion PKR,sbp_domestic_debt,monthly
2024-07-31,Long Term (>1 year),4264.513935785,billion PKR,sbp_domestic_debt,monthly
2024-08-31,Long Term (>1 year),4353.801958785,billion PKR,sbp_domestic_debt,monthly
2024-09-30,Long Term (>1 year),4519.119849,billion PKR,sbp_domestic_debt,monthly
2024-10-31,Long Term (>1 year),4696.835883785,billion PKR,sbp_domestic_debt,monthly
2024-11-30,Long Term (>1 year),4923.738361521881,billion PKR,sbp_domestic_debt,monthly
2024-12-31,Long Term (>1 year),5233.007623,billion PKR,sbp_domestic_debt,monthly
2025-01-31,Long Term (>1 year),5333.46739668873,billion PKR,sbp_domestic_debt,monthly
2025-02-28,Long Term (>1 year),5422.326651437841,billion PKR,sbp_domestic_debt,monthly
2025-03-31,Long Term (>1 year),5505.35695992432,billion PKR,sbp_domestic_debt,monthly
2025-04-30,Long Term (>1 year),5401.690217433161,billion PKR,sbp_domestic_debt,monthly
2025-05-31,Long Term (>1 year),5574.43498118159,billion PKR,sbp_domestic_debt,monthly
2025-06-30,Long Term (>1 year),5732.28260597505,billion PKR,sbp_domestic_debt,monthly
2025-07-31,Long Term (>1 year),5578.89944462609,billion PKR,sbp_domestic_debt,monthly
2025-08-31,Long Term (>1 year),5690.856454376521,billion PKR,sbp_domestic_debt,monthly
2025-09-30,Long Term (>1 year),5824.664159376521,billion PKR,sbp_domestic_debt,monthly
2025-10-31,Long Term (>1 year),6008.81285037657,billion PKR,sbp_domestic_debt,monthly
2025-11-30,Long Term (>1 year),6186.49301887799,billion PKR,sbp_domestic_debt,monthly
2025-12-31,Long Term (>1 year),6069.44754387799,billion PKR,sbp_domestic_debt,monthly
2026-01-31,Long Term (>1 year),6244.83309056855,billion PKR,sbp_domestic_debt,monthly
2026-02-28,Long Term (>1 year),6440.4652175685505,billion PKR,sbp_domestic_debt,monthly
2026-03-31,Long Term (>1 year),6529.712036828001,billion PKR,sbp_domestic_debt,monthly
2026-04-30,Long Term (>1 year),6638.6231508275505,billion PKR,sbp_domestic_debt,monthly
2026-05-31,Long Term (>1 year),6804.083776828002,billion PKR,sbp_domestic_debt,monthly
2010-06-30,MTBs for Replenishment of Cash3,1171.66909796677,billion PKR,sbp_domestic_debt,monthly
2010-07-31,MTBs for Replenishment of Cash3,1155.24109768,billion PKR,sbp_domestic_debt,monthly
2010-08-31,MTBs for Replenishment of Cash3,1284.24109768,billion PKR,sbp_domestic_debt,monthly
2010-09-30,MTBs for Replenishment of Cash3,1350.34109768,billion PKR,sbp_domestic_debt,monthly
2010-10-31,MTBs for Replenishment of Cash3,1309.384741068,billion PKR,sbp_domestic_debt,monthly
2010-11-30,MTBs for Replenishment of Cash3,1420.5571083900002,billion PKR,sbp_domestic_debt,monthly
2010-12-31,MTBs for Replenishment of Cash3,1432.457111562,billion PKR,sbp_domestic_debt,monthly
2011-01-31,MTBs for Replenishment of Cash3,1279.262001562,billion PKR,sbp_domestic_debt,monthly
2011-02-28,MTBs for Replenishment of Cash3,1259.6620015620001,billion PKR,sbp_domestic_debt,monthly
2011-03-31,MTBs for Replenishment of Cash3,1216.362001562,billion PKR,sbp_domestic_debt,monthly
2011-04-30,MTBs for Replenishment of Cash3,1386.9620015620003,billion PKR,sbp_domestic_debt,monthly
2011-05-31,MTBs for Replenishment of Cash3,1439.961997473,billion PKR,sbp_domestic_debt,monthly
2011-06-30,MTBs for Replenishment of Cash3,1417.762001562,billion PKR,sbp_domestic_debt,monthly
2022-07-31,MTBs for Replenishment of Cash3,52.21672038005,billion PKR,sbp_domestic_debt,monthly
2022-08-31,MTBs for Replenishment of Cash3,52.74078800725,billion PKR,sbp_domestic_debt,monthly
2022-09-30,MTBs for Replenishment of Cash3,54.28783487210001,billion PKR,sbp_domestic_debt,monthly
2022-10-31,MTBs for Replenishment of Cash3,56.31618864602001,billion PKR,sbp_domestic_debt,monthly
2022-11-30,MTBs for Replenishment of Cash3,56.845929999999996,billion PKR,sbp_domestic_debt,monthly
2022-12-31,MTBs for Replenishment of Cash3,65.21836499999999,billion PKR,sbp_domestic_debt,monthly
2023-01-31,MTBs for Replenishment of Cash3,64.23805300000001,billion PKR,sbp_domestic_debt,monthly
2023-02-28,MTBs for Replenishment of Cash3,64.8896,billion PKR,sbp_domestic_debt,monthly
2023-03-31,MTBs for Replenishment of Cash3,64.659155,billion PKR,sbp_domestic_debt,monthly
2023-04-30,MTBs for Replenishment of Cash3,65.3671,billion PKR,sbp_domestic_debt,monthly
2023-05-31,MTBs for Replenishment of Cash3,66.1067,billion PKR,sbp_domestic_debt,monthly
2023-06-30,MTBs for Replenishment of Cash3,66.1067,billion PKR,sbp_domestic_debt,monthly
2023-07-31,MTBs for Replenishment of Cash3,66.25924900000001,billion PKR,sbp_domestic_debt,monthly
2023-08-31,MTBs for Replenishment of Cash3,72.26376155251,billion PKR,sbp_domestic_debt,monthly
2023-09-30,MTBs for Replenishment of Cash3,77.95395620348,billion PKR,sbp_domestic_debt,monthly
2023-10-31,MTBs for Replenishment of Cash3,79.13348115411,billion PKR,sbp_domestic_debt,monthly
2023-11-30,MTBs for Replenishment of Cash3,80.31082487359998,billion PKR,sbp_domestic_debt,monthly
2023-12-31,MTBs for Replenishment of Cash3,81.45629573028998,billion PKR,sbp_domestic_debt,monthly
2024-01-31,MTBs for Replenishment of Cash3,80.851595261,billion PKR,sbp_domestic_debt,monthly
2024-02-29,MTBs for Replenishment of Cash3,82.196992,billion PKR,sbp_domestic_debt,monthly
2024-03-31,MTBs for Replenishment of Cash3,81.842892,billion PKR,sbp_domestic_debt,monthly
2024-04-30,MTBs for Replenishment of Cash3,81.842892,billion PKR,sbp_domestic_debt,monthly
2024-05-31,MTBs for Replenishment of Cash3,80.0160004,billion PKR,sbp_domestic_debt,monthly
2024-06-30,MTBs for Replenishment of Cash3,80.36426,billion PKR,sbp_domestic_debt,monthly
2024-07-31,MTBs for Replenishment of Cash3,80.40126599999999,billion PKR,sbp_domestic_debt,monthly
2024-08-31,MTBs for Replenishment of Cash3,84.754145,billion PKR,sbp_domestic_debt,monthly
2024-09-30,MTBs for Replenishment of Cash3,85.62781,billion PKR,sbp_domestic_debt,monthly
2024-10-31,MTBs for Replenishment of Cash3,85.870633,billion PKR,sbp_domestic_debt,monthly
2024-11-30,MTBs for Replenishment of Cash3,86.235,billion PKR,sbp_domestic_debt,monthly
2024-12-31,MTBs for Replenishment of Cash3,93.971823284,billion PKR,sbp_domestic_debt,monthly
2025-01-31,MTBs for Replenishment of Cash3,93.10482200000001,billion PKR,sbp_domestic_debt,monthly
2025-02-28,MTBs for Replenishment of Cash3,94.44900325309001,billion PKR,sbp_domestic_debt,monthly
2025-03-31,MTBs for Replenishment of Cash3,95.52358300000002,billion PKR,sbp_domestic_debt,monthly
2025-04-30,MTBs for Replenishment of Cash3,96.394274,billion PKR,sbp_domestic_debt,monthly
2025-05-31,MTBs for Replenishment of Cash3,97.66349100000001,billion PKR,sbp_domestic_debt,monthly
2025-06-30,MTBs for Replenishment of Cash3,111.702071,billion PKR,sbp_domestic_debt,monthly
2025-07-31,MTBs for Replenishment of Cash3,112.963435,billion PKR,sbp_domestic_debt,monthly
2025-08-31,MTBs for Replenishment of Cash3,113.23687500000001,billion PKR,sbp_domestic_debt,monthly
2025-09-30,MTBs for Replenishment of Cash3,134.834496,billion PKR,sbp_domestic_debt,monthly
2025-10-31,MTBs for Replenishment of Cash3,134.665524,billion PKR,sbp_domestic_debt,monthly
2025-11-30,MTBs for Replenishment of Cash3,133.193146,billion PKR,sbp_domestic_debt,monthly
2025-12-31,MTBs for Replenishment of Cash3,133.394527,billion PKR,sbp_domestic_debt,monthly
2026-01-31,MTBs for Replenishment of Cash3,125.82209999999999,billion PKR,sbp_domestic_debt,monthly
2026-02-28,MTBs for Replenishment of Cash3,123.4861,billion PKR,sbp_domestic_debt,monthly
2026-03-31,MTBs for Replenishment of Cash3,124.59630999999999,billion PKR,sbp_domestic_debt,monthly
2026-04-30,MTBs for Replenishment of Cash3,124.60571099999999,billion PKR,sbp_domestic_debt,monthly
2026-05-31,MTBs for Replenishment of Cash3,125.274521,billion PKR,sbp_domestic_debt,monthly
2011-06-30,MTBs for Replenishment of Cash5,1317.506503992,billion PKR,sbp_domestic_debt,monthly
2011-07-31,MTBs for Replenishment of Cash5,1212.621167472,billion PKR,sbp_domestic_debt,monthly
2011-08-31,MTBs for Replenishment of Cash5,1214.521167472,billion PKR,sbp_domestic_debt,monthly
2011-09-30,MTBs for Replenishment of Cash5,1203.3907750150001,billion PKR,sbp_domestic_debt,monthly
2011-10-31,MTBs for Replenishment of Cash5,1270.2907750150002,billion PKR,sbp_domestic_debt,monthly
2011-11-30,MTBs for Replenishment of Cash5,1272.5248911510002,billion PKR,sbp_domestic_debt,monthly
2011-12-31,MTBs for Replenishment of Cash5,1401.824891151,billion PKR,sbp_domestic_debt,monthly
2012-01-31,MTBs for Replenishment of Cash5,1400.824891151,billion PKR,sbp_domestic_debt,monthly
2012-02-29,MTBs for Replenishment of Cash5,1429.324891151,billion PKR,sbp_domestic_debt,monthly
2012-03-31,MTBs for Replenishment of Cash5,1484.795882013,billion PKR,sbp_domestic_debt,monthly
2012-04-30,MTBs for Replenishment of Cash5,1566.6958820129998,billion PKR,sbp_domestic_debt,monthly
2012-05-31,MTBs for Replenishment of Cash5,1659.095882013,billion PKR,sbp_domestic_debt,monthly
2012-06-30,MTBs for Replenishment of Cash5,1759.6958820129998,billion PKR,sbp_domestic_debt,monthly
2012-07-31,MTBs for Replenishment of Cash5,1584.6958820129998,billion PKR,sbp_domestic_debt,monthly
2012-08-31,MTBs for Replenishment of Cash5,1567.8544915769999,billion PKR,sbp_domestic_debt,monthly
2012-09-30,MTBs for Replenishment of Cash5,1579.4544915769998,billion PKR,sbp_domestic_debt,monthly
2012-10-31,MTBs for Replenishment of Cash5,1468.1835007149998,billion PKR,sbp_domestic_debt,monthly
2012-11-30,MTBs for Replenishment of Cash5,1675.283500715,billion PKR,sbp_domestic_debt,monthly
2012-12-31,MTBs for Replenishment of Cash5,1608.0835007149997,billion PKR,sbp_domestic_debt,monthly
2013-01-31,MTBs for Replenishment of Cash5,1608.0835007149997,billion PKR,sbp_domestic_debt,monthly
2013-02-28,MTBs for Replenishment of Cash5,1747.8835007149999,billion PKR,sbp_domestic_debt,monthly
2013-03-31,MTBs for Replenishment of Cash5,1828.2414782209999,billion PKR,sbp_domestic_debt,monthly
2013-04-30,MTBs for Replenishment of Cash5,1935.2414782209999,billion PKR,sbp_domestic_debt,monthly
2013-05-31,MTBs for Replenishment of Cash5,2117.083500715,billion PKR,sbp_domestic_debt,monthly
2013-06-30,MTBs for Replenishment of Cash5,2275.183500715,billion PKR,sbp_domestic_debt,monthly
2013-07-31,MTBs for Replenishment of Cash5,2577.8835007149996,billion PKR,sbp_domestic_debt,monthly
2013-08-31,MTBs for Replenishment of Cash5,2813.383500715,billion PKR,sbp_domestic_debt,monthly
2013-09-30,MTBs for Replenishment of Cash5,3024.883500715,billion PKR,sbp_domestic_debt,monthly
2013-10-31,MTBs for Replenishment of Cash5,2861.683500715,billion PKR,sbp_domestic_debt,monthly
2013-11-30,MTBs for Replenishment of Cash5,2848.9835007149995,billion PKR,sbp_domestic_debt,monthly
2013-12-31,MTBs for Replenishment of Cash5,2823.5741019249995,billion PKR,sbp_domestic_debt,monthly
2014-01-31,MTBs for Replenishment of Cash5,2949.8741019249996,billion PKR,sbp_domestic_debt,monthly
2014-02-28,MTBs for Replenishment of Cash5,2757.2020408159997,billion PKR,sbp_domestic_debt,monthly
2014-03-31,MTBs for Replenishment of Cash5,2776.202040815999,billion PKR,sbp_domestic_debt,monthly
2014-04-30,MTBs for Replenishment of Cash5,2831.702040816,billion PKR,sbp_domestic_debt,monthly
2014-05-31,MTBs for Replenishment of Cash5,2671.874101924,billion PKR,sbp_domestic_debt,monthly
2014-06-30,MTBs for Replenishment of Cash5,2852.2741019239998,billion PKR,sbp_domestic_debt,monthly
2014-07-31,MTBs for Replenishment of Cash5,2723.2741019239998,billion PKR,sbp_domestic_debt,monthly
2014-08-31,MTBs for Replenishment of Cash5,2792.2741019239998,billion PKR,sbp_domestic_debt,monthly
2014-09-30,MTBs for Replenishment of Cash5,2635.524433575,billion PKR,sbp_domestic_debt,monthly
2014-10-31,MTBs for Replenishment of Cash5,2789.8548260329994,billion PKR,sbp_domestic_debt,monthly
2014-11-30,MTBs for Replenishment of Cash5,2592.2056649679994,billion PKR,sbp_domestic_debt,monthly
2014-12-31,MTBs for Replenishment of Cash5,2521.205664968,billion PKR,sbp_domestic_debt,monthly
2015-01-31,MTBs for Replenishment of Cash5,2398.605664968,billion PKR,sbp_domestic_debt,monthly
2015-02-28,MTBs for Replenishment of Cash5,2203.3007717959995,billion PKR,sbp_domestic_debt,monthly
2015-03-31,MTBs for Replenishment of Cash5,2247.600771796,billion PKR,sbp_domestic_debt,monthly
2015-04-30,MTBs for Replenishment of Cash5,2288.900771796,billion PKR,sbp_domestic_debt,monthly
2015-05-31,MTBs for Replenishment of Cash5,2558.700771795999,billion PKR,sbp_domestic_debt,monthly
2015-06-30,MTBs for Replenishment of Cash5,2281.364859334,billion PKR,sbp_domestic_debt,monthly
2015-07-31,MTBs for Replenishment of Cash5,2565.964859334,billion PKR,sbp_domestic_debt,monthly
2015-08-31,MTBs for Replenishment of Cash5,2472.159331651,billion PKR,sbp_domestic_debt,monthly
2015-09-30,MTBs for Replenishment of Cash5,2223.159331651,billion PKR,sbp_domestic_debt,monthly
2015-10-31,MTBs for Replenishment of Cash5,2106.559331651,billion PKR,sbp_domestic_debt,monthly
2015-11-30,MTBs for Replenishment of Cash5,2149.909,billion PKR,sbp_domestic_debt,monthly
2015-12-31,MTBs for Replenishment of Cash5,2161.609,billion PKR,sbp_domestic_debt,monthly
2016-01-31,MTBs for Replenishment of Cash5,2209.809,billion PKR,sbp_domestic_debt,monthly
2016-02-29,MTBs for Replenishment of Cash5,2209.809,billion PKR,sbp_domestic_debt,monthly
2016-03-31,MTBs for Replenishment of Cash5,2062.209,billion PKR,sbp_domestic_debt,monthly
2016-04-30,MTBs for Replenishment of Cash5,2254.4089999999997,billion PKR,sbp_domestic_debt,monthly
2016-05-31,MTBs for Replenishment of Cash5,2148.909,billion PKR,sbp_domestic_debt,monthly
2016-06-30,MTBs for Replenishment of Cash5,2017.609,billion PKR,sbp_domestic_debt,monthly
2016-07-31,MTBs for Replenishment of Cash5,2796.409,billion PKR,sbp_domestic_debt,monthly
2016-08-31,MTBs for Replenishment of Cash5,2929.509,billion PKR,sbp_domestic_debt,monthly
2016-09-30,MTBs for Replenishment of Cash5,2929.509,billion PKR,sbp_domestic_debt,monthly
2016-10-31,MTBs for Replenishment of Cash5,2799.4089999999997,billion PKR,sbp_domestic_debt,monthly
2016-11-30,MTBs for Replenishment of Cash5,3052.4089999999997,billion PKR,sbp_domestic_debt,monthly
2016-12-31,MTBs for Replenishment of Cash5,2835.429,billion PKR,sbp_domestic_debt,monthly
2017-01-31,MTBs for Replenishment of Cash5,2929.029,billion PKR,sbp_domestic_debt,monthly
2017-02-28,MTBs for Replenishment of Cash5,2950.529,billion PKR,sbp_domestic_debt,monthly
2017-03-31,MTBs for Replenishment of Cash5,2752.229,billion PKR,sbp_domestic_debt,monthly
2017-04-30,MTBs for Replenishment of Cash5,2822.1289999999995,billion PKR,sbp_domestic_debt,monthly
2017-05-31,MTBs for Replenishment of Cash5,2885.5089999999996,billion PKR,sbp_domestic_debt,monthly
2017-06-30,MTBs for Replenishment of Cash5,2468.8790000000004,billion PKR,sbp_domestic_debt,monthly
2017-07-31,MTBs for Replenishment of Cash5,3160.779,billion PKR,sbp_domestic_debt,monthly
2017-08-31,MTBs for Replenishment of Cash5,3006.179,billion PKR,sbp_domestic_debt,monthly
2017-09-30,MTBs for Replenishment of Cash5,2740.779,billion PKR,sbp_domestic_debt,monthly
2017-10-31,MTBs for Replenishment of Cash5,2923.379,billion PKR,sbp_domestic_debt,monthly
2017-11-30,MTBs for Replenishment of Cash5,2854.779,billion PKR,sbp_domestic_debt,monthly
2017-12-31,MTBs for Replenishment of Cash5,2552.076975,billion PKR,sbp_domestic_debt,monthly
2018-01-31,MTBs for Replenishment of Cash5,3628.5789999999997,billion PKR,sbp_domestic_debt,monthly
2018-02-28,MTBs for Replenishment of Cash5,3121.5789999999997,billion PKR,sbp_domestic_debt,monthly
2018-03-31,MTBs for Replenishment of Cash5,4700.579,billion PKR,sbp_domestic_debt,monthly
2018-04-30,MTBs for Replenishment of Cash5,3690.2789999999995,billion PKR,sbp_domestic_debt,monthly
2018-05-31,MTBs for Replenishment of Cash5,4878.679,billion PKR,sbp_domestic_debt,monthly
2018-06-30,MTBs for Replenishment of Cash5,3594.179000000001,billion PKR,sbp_domestic_debt,monthly
2018-07-31,MTBs for Replenishment of Cash5,3827.179,billion PKR,sbp_domestic_debt,monthly
2018-08-31,MTBs for Replenishment of Cash5,4877.579,billion PKR,sbp_domestic_debt,monthly
2018-09-30,MTBs for Replenishment of Cash5,5343.679,billion PKR,sbp_domestic_debt,monthly
2018-10-31,MTBs for Replenishment of Cash5,6489.379,billion PKR,sbp_domestic_debt,monthly
2018-11-30,MTBs for Replenishment of Cash5,6736.279,billion PKR,sbp_domestic_debt,monthly
2018-12-31,MTBs for Replenishment of Cash5,4970.009,billion PKR,sbp_domestic_debt,monthly
2019-01-31,MTBs for Replenishment of Cash5,7529.909,billion PKR,sbp_domestic_debt,monthly
2019-02-28,MTBs for Replenishment of Cash5,6933.308999999999,billion PKR,sbp_domestic_debt,monthly
2019-03-31,MTBs for Replenishment of Cash5,7240.808999999999,billion PKR,sbp_domestic_debt,monthly
2019-04-30,MTBs for Replenishment of Cash5,7022.609,billion PKR,sbp_domestic_debt,monthly
2019-05-31,MTBs for Replenishment of Cash5,7000.508999999998,billion PKR,sbp_domestic_debt,monthly
2019-06-30,MTBs for Replenishment of Cash5,570.1544499999983,billion PKR,sbp_domestic_debt,monthly
2019-07-31,MTBs for Replenishment of Cash5,570.1544499999983,billion PKR,sbp_domestic_debt,monthly
2019-08-31,MTBs for Replenishment of Cash5,570.1544499999983,billion PKR,sbp_domestic_debt,monthly
2019-09-30,MTBs for Replenishment of Cash5,570.1544499999983,billion PKR,sbp_domestic_debt,monthly
2019-10-31,MTBs for Replenishment of Cash5,570.1544499999982,billion PKR,sbp_domestic_debt,monthly
2019-11-30,MTBs for Replenishment of Cash5,570.1544499999982,billion PKR,sbp_domestic_debt,monthly
2019-12-31,MTBs for Replenishment of Cash5,285.1544499999982,billion PKR,sbp_domestic_debt,monthly
2020-01-31,MTBs for Replenishment of Cash5,285.1544499999982,billion PKR,sbp_domestic_debt,monthly
2020-02-29,MTBs for Replenishment of Cash5,285.1544499999982,billion PKR,sbp_domestic_debt,monthly
2020-03-31,MTBs for Replenishment of Cash5,285.1544499999982,billion PKR,sbp_domestic_debt,monthly
2020-04-30,MTBs for Replenishment of Cash5,285.1544499999982,billion PKR,sbp_domestic_debt,monthly
2020-05-31,MTBs for Replenishment of Cash5,285.1544499999982,billion PKR,sbp_domestic_debt,monthly
2020-06-30,MTBs for Replenishment of Cash5,2.7621250613600004,billion PKR,sbp_domestic_debt,monthly
2020-07-31,MTBs for Replenishment of Cash5,2.8162171581099993,billion PKR,sbp_domestic_debt,monthly
2020-08-31,MTBs for Replenishment of Cash5,2.8162171581099993,billion PKR,sbp_domestic_debt,monthly
2020-09-30,MTBs for Replenishment of Cash5,3.26997078411,billion PKR,sbp_domestic_debt,monthly
2020-10-31,MTBs for Replenishment of Cash5,3.26997078411,billion PKR,sbp_domestic_debt,monthly
2020-11-30,MTBs for Replenishment of Cash5,3.26997078411,billion PKR,sbp_domestic_debt,monthly
2020-12-31,MTBs for Replenishment of Cash5,3.26997078411,billion PKR,sbp_domestic_debt,monthly
2021-01-31,MTBs for Replenishment of Cash5,3.26997078411,billion PKR,sbp_domestic_debt,monthly
2021-02-28,MTBs for Replenishment of Cash5,3.16938230448,billion PKR,sbp_domestic_debt,monthly
2021-03-31,MTBs for Replenishment of Cash5,3.16938230448,billion PKR,sbp_domestic_debt,monthly
2021-04-30,MTBs for Replenishment of Cash5,3.47046379706,billion PKR,sbp_domestic_debt,monthly
2021-05-31,MTBs for Replenishment of Cash5,3.47046750402,billion PKR,sbp_domestic_debt,monthly
2021-06-30,MTBs for Replenishment of Cash5,3.47046750402,billion PKR,sbp_domestic_debt,monthly
2021-07-31,MTBs for Replenishment of Cash5,3.47046750402,billion PKR,sbp_domestic_debt,monthly
2021-08-31,MTBs for Replenishment of Cash5,3.47046750402,billion PKR,sbp_domestic_debt,monthly
2021-09-30,MTBs for Replenishment of Cash5,3.47046750402,billion PKR,sbp_domestic_debt,monthly
2021-10-31,MTBs for Replenishment of Cash5,3.4496182,billion PKR,sbp_domestic_debt,monthly
2021-11-30,MTBs for Replenishment of Cash5,3.4496182,billion PKR,sbp_domestic_debt,monthly
2021-12-31,MTBs for Replenishment of Cash5,51.377632551859996,billion PKR,sbp_domestic_debt,monthly
2022-01-31,MTBs for Replenishment of Cash5,52.159078051360005,billion PKR,sbp_domestic_debt,monthly
2022-02-28,MTBs for Replenishment of Cash5,50.81151243915001,billion PKR,sbp_domestic_debt,monthly
2022-03-31,MTBs for Replenishment of Cash5,51.215523847250005,billion PKR,sbp_domestic_debt,monthly
2022-04-30,MTBs for Replenishment of Cash5,51.720542533250004,billion PKR,sbp_domestic_debt,monthly
2022-05-31,MTBs for Replenishment of Cash5,53.389465788049996,billion PKR,sbp_domestic_debt,monthly
2022-06-30,MTBs for Replenishment of Cash5,51.7084072022,billion PKR,sbp_domestic_debt,monthly
2010-06-30,Market Treasury Bills,1226.925813613,billion PKR,sbp_domestic_debt,monthly
2010-07-31,Market Treasury Bills,1290.7251024140003,billion PKR,sbp_domestic_debt,monthly
2010-08-31,Market Treasury Bills,1308.9454786370002,billion PKR,sbp_domestic_debt,monthly
2010-09-30,Market Treasury Bills,1322.5837327380002,billion PKR,sbp_domestic_debt,monthly
2010-10-31,Market Treasury Bills,1393.7814554940003,billion PKR,sbp_domestic_debt,monthly
2010-11-30,Market Treasury Bills,1342.1362888950002,billion PKR,sbp_domestic_debt,monthly
2010-12-31,Market Treasury Bills,1426.7010714170003,billion PKR,sbp_domestic_debt,monthly
2011-01-31,Market Treasury Bills,1476.4060135270001,billion PKR,sbp_domestic_debt,monthly
2011-02-28,Market Treasury Bills,1575.2571124540004,billion PKR,sbp_domestic_debt,monthly
2011-03-31,Market Treasury Bills,1637.5090612360004,billion PKR,sbp_domestic_debt,monthly
2011-04-30,Market Treasury Bills,1583.861939138,billion PKR,sbp_domestic_debt,monthly
2011-05-31,Market Treasury Bills,1706.0182376100004,billion PKR,sbp_domestic_debt,monthly
2011-06-30,Market Treasury Bills,1817.0889664289998,billion PKR,sbp_domestic_debt,monthly
2011-07-31,Market Treasury Bills,1945.0529477979994,billion PKR,sbp_domestic_debt,monthly
2011-08-31,Market Treasury Bills,2047.5777758569998,billion PKR,sbp_domestic_debt,monthly
2011-09-30,Market Treasury Bills,2107.6724127429998,billion PKR,sbp_domestic_debt,monthly
2011-10-31,Market Treasury Bills,2060.712609993,billion PKR,sbp_domestic_debt,monthly
2011-11-30,Market Treasury Bills,2383.341366306,billion PKR,sbp_domestic_debt,monthly
2011-12-31,Market Treasury Bills,2265.430224023,billion PKR,sbp_domestic_debt,monthly
2012-01-31,Market Treasury Bills,2353.754762527,billion PKR,sbp_domestic_debt,monthly
2012-02-29,Market Treasury Bills,2379.272304292,billion PKR,sbp_domestic_debt,monthly
2012-03-31,Market Treasury Bills,2393.459720317,billion PKR,sbp_domestic_debt,monthly
2012-04-30,Market Treasury Bills,2419.472602225,billion PKR,sbp_domestic_debt,monthly
2012-05-31,Market Treasury Bills,2450.801329864,billion PKR,sbp_domestic_debt,monthly
2012-06-30,Market Treasury Bills,2382.907618173,billion PKR,sbp_domestic_debt,monthly
2012-07-31,Market Treasury Bills,2585.821629017,billion PKR,sbp_domestic_debt,monthly
2012-08-31,Market Treasury Bills,2562.7717247869996,billion PKR,sbp_domestic_debt,monthly
2012-09-30,Market Treasury Bills,2757.0384577690006,billion PKR,sbp_domestic_debt,monthly
2012-10-31,Market Treasury Bills,2805.5864887740004,billion PKR,sbp_domestic_debt,monthly
2012-11-30,Market Treasury Bills,2762.002805854001,billion PKR,sbp_domestic_debt,monthly
2012-12-31,Market Treasury Bills,2791.341959798,billion PKR,sbp_domestic_debt,monthly
2013-01-31,Market Treasury Bills,2919.517904493,billion PKR,sbp_domestic_debt,monthly
2013-02-28,Market Treasury Bills,2873.6646780890005,billion PKR,sbp_domestic_debt,monthly
2013-03-31,Market Treasury Bills,2911.045401402,billion PKR,sbp_domestic_debt,monthly
2013-04-30,Market Treasury Bills,2816.0218431809994,billion PKR,sbp_domestic_debt,monthly
2013-05-31,Market Treasury Bills,2850.900545296,billion PKR,sbp_domestic_debt,monthly
2013-06-30,Market Treasury Bills,2919.700314006,billion PKR,sbp_domestic_debt,monthly
2013-07-31,Market Treasury Bills,2679.8245639809998,billion PKR,sbp_domestic_debt,monthly
2013-08-31,Market Treasury Bills,2568.9395243710005,billion PKR,sbp_domestic_debt,monthly
2013-09-30,Market Treasury Bills,2781.1116151920005,billion PKR,sbp_domestic_debt,monthly
2013-10-31,Market Treasury Bills,2684.570057751,billion PKR,sbp_domestic_debt,monthly
2013-11-30,Market Treasury Bills,2996.9169213530004,billion PKR,sbp_domestic_debt,monthly
2013-12-31,Market Treasury Bills,2959.3722876580005,billion PKR,sbp_domestic_debt,monthly
2014-01-31,Market Treasury Bills,3046.8594320410007,billion PKR,sbp_domestic_debt,monthly
2014-02-28,Market Treasury Bills,2769.376043837001,billion PKR,sbp_domestic_debt,monthly
2014-03-31,Market Treasury Bills,2379.985684407999,billion PKR,sbp_domestic_debt,monthly
2014-04-30,Market Treasury Bills,1975.3239874380001,billion PKR,sbp_domestic_debt,monthly
2014-05-31,Market Treasury Bills,1895.674289656999,billion PKR,sbp_domestic_debt,monthly
2014-06-30,Market Treasury Bills,1746.8469148199997,billion PKR,sbp_domestic_debt,monthly
2014-07-31,Market Treasury Bills,1829.3220506869998,billion PKR,sbp_domestic_debt,monthly
2014-08-31,Market Treasury Bills,1827.7828661889994,billion PKR,sbp_domestic_debt,monthly
2014-09-30,Market Treasury Bills,1784.0164685050004,billion PKR,sbp_domestic_debt,monthly
2014-10-31,Market Treasury Bills,1674.3778794670006,billion PKR,sbp_domestic_debt,monthly
2014-11-30,Market Treasury Bills,1781.2481666180006,billion PKR,sbp_domestic_debt,monthly
2014-12-31,Market Treasury Bills,1811.5355635259994,billion PKR,sbp_domestic_debt,monthly
2015-01-31,Market Treasury Bills,2006.5916006890006,billion PKR,sbp_domestic_debt,monthly
2015-02-28,Market Treasury Bills,2206.9224266919996,billion PKR,sbp_domestic_debt,monthly
2015-03-31,Market Treasury Bills,2318.463374891001,billion PKR,sbp_domestic_debt,monthly
2015-04-30,Market Treasury Bills,2263.1265313169993,billion PKR,sbp_domestic_debt,monthly
2015-05-31,Market Treasury Bills,2043.2756125867995,billion PKR,sbp_domestic_debt,monthly
2015-06-30,Market Treasury Bills,2148.906031272361,billion PKR,sbp_domestic_debt,monthly
2015-07-31,Market Treasury Bills,2338.6985167287994,billion PKR,sbp_domestic_debt,monthly
2015-08-31,Market Treasury Bills,2720.1757943508,billion PKR,sbp_domestic_debt,monthly
2015-09-30,Market Treasury Bills,2763.6422700672993,billion PKR,sbp_domestic_debt,monthly
2015-10-31,Market Treasury Bills,2709.525743086799,billion PKR,sbp_domestic_debt,monthly
2015-11-30,Market Treasury Bills,2771.570529585301,billion PKR,sbp_domestic_debt,monthly
2015-12-31,Market Treasury Bills,2655.7755646213004,billion PKR,sbp_domestic_debt,monthly
2016-01-31,Market Treasury Bills,2707.6664915993006,billion PKR,sbp_domestic_debt,monthly
2016-02-29,Market Treasury Bills,2674.124031179299,billion PKR,sbp_domestic_debt,monthly
2016-03-31,Market Treasury Bills,2689.477719967299,billion PKR,sbp_domestic_debt,monthly
2016-04-30,Market Treasury Bills,2219.2319394102997,billion PKR,sbp_domestic_debt,monthly
2016-05-31,Market Treasury Bills,2509.4849617552986,billion PKR,sbp_domestic_debt,monthly
2016-06-30,Market Treasury Bills,2771.446498498299,billion PKR,sbp_domestic_debt,monthly
2016-07-31,Market Treasury Bills,3148.073369376299,billion PKR,sbp_domestic_debt,monthly
2016-08-31,Market Treasury Bills,3323.3331585632986,billion PKR,sbp_domestic_debt,monthly
2016-09-30,Market Treasury Bills,3339.5649133112984,billion PKR,sbp_domestic_debt,monthly
2016-10-31,Market Treasury Bills,3156.1542353472987,billion PKR,sbp_domestic_debt,monthly
2016-11-30,Market Treasury Bills,3283.4720142162996,billion PKR,sbp_domestic_debt,monthly
2016-12-31,Market Treasury Bills,3402.412833259299,billion PKR,sbp_domestic_debt,monthly
2017-01-31,Market Treasury Bills,3563.896626832299,billion PKR,sbp_domestic_debt,monthly
2017-02-28,Market Treasury Bills,3688.5893116802986,billion PKR,sbp_domestic_debt,monthly
2017-03-31,Market Treasury Bills,3849.3638695492978,billion PKR,sbp_domestic_debt,monthly
2017-04-30,Market Treasury Bills,3976.2590414142983,billion PKR,sbp_domestic_debt,monthly
2017-05-31,Market Treasury Bills,3981.738250743799,billion PKR,sbp_domestic_debt,monthly
2017-06-30,Market Treasury Bills,4081.972125282799,billion PKR,sbp_domestic_debt,monthly
2017-07-31,Market Treasury Bills,4435.178651195001,billion PKR,sbp_domestic_debt,monthly
2017-08-31,Market Treasury Bills,4908.5927553189995,billion PKR,sbp_domestic_debt,monthly
2017-09-30,Market Treasury Bills,4827.856511124501,billion PKR,sbp_domestic_debt,monthly
2017-10-31,Market Treasury Bills,4897.6897605445,billion PKR,sbp_domestic_debt,monthly
2017-11-30,Market Treasury Bills,5088.229825267501,billion PKR,sbp_domestic_debt,monthly
2017-12-31,Market Treasury Bills,4829.685140584499,billion PKR,sbp_domestic_debt,monthly
2018-01-31,Market Treasury Bills,4315.370059170499,billion PKR,sbp_domestic_debt,monthly
2018-02-28,Market Treasury Bills,4963.978698440501,billion PKR,sbp_domestic_debt,monthly
2018-03-31,Market Treasury Bills,4024.9875529485,billion PKR,sbp_domestic_debt,monthly
2018-04-30,Market Treasury Bills,5132.841165863499,billion PKR,sbp_domestic_debt,monthly
2018-05-31,Market Treasury Bills,4081.370911020729,billion PKR,sbp_domestic_debt,monthly
2018-06-30,Market Treasury Bills,5294.831596073652,billion PKR,sbp_domestic_debt,monthly
2018-07-31,Market Treasury Bills,5502.625816758189,billion PKR,sbp_domestic_debt,monthly
2018-08-31,Market Treasury Bills,4700.6464706470215,billion PKR,sbp_domestic_debt,monthly
2018-09-30,Market Treasury Bills,4324.10470954118,billion PKR,sbp_domestic_debt,monthly
2018-10-31,Market Treasury Bills,3403.097099027181,billion PKR,sbp_domestic_debt,monthly
2018-11-30,Market Treasury Bills,3320.59819677618,billion PKR,sbp_domestic_debt,monthly
2018-12-31,Market Treasury Bills,5317.651395226178,billion PKR,sbp_domestic_debt,monthly
2019-01-31,Market Treasury Bills,3012.667779044181,billion PKR,sbp_domestic_debt,monthly
2019-02-28,Market Treasury Bills,3605.444632096178,billion PKR,sbp_domestic_debt,monthly
2019-03-31,Market Treasury Bills,3029.7430708251795,billion PKR,sbp_domestic_debt,monthly
2019-04-30,Market Treasury Bills,3709.166075112178,billion PKR,sbp_domestic_debt,monthly
2019-05-31,Market Treasury Bills,4822.391357234177,billion PKR,sbp_domestic_debt,monthly
2019-06-30,Market Treasury Bills,4930.469323469178,billion PKR,sbp_domestic_debt,monthly
2019-07-31,Market Treasury Bills,6209.598260620177,billion PKR,sbp_domestic_debt,monthly
2019-08-31,Market Treasury Bills,5162.784767544176,billion PKR,sbp_domestic_debt,monthly
2019-09-30,Market Treasury Bills,5958.661095163178,billion PKR,sbp_domestic_debt,monthly
2019-10-31,Market Treasury Bills,4574.525844425997,billion PKR,sbp_domestic_debt,monthly
2019-11-30,Market Treasury Bills,4237.211180057,billion PKR,sbp_domestic_debt,monthly
2019-12-31,Market Treasury Bills,4814.059755172979,billion PKR,sbp_domestic_debt,monthly
2020-01-31,Market Treasury Bills,4761.498413993974,billion PKR,sbp_domestic_debt,monthly
2020-02-29,Market Treasury Bills,5019.874860685274,billion PKR,sbp_domestic_debt,monthly
2020-03-31,Market Treasury Bills,5486.27697770988,billion PKR,sbp_domestic_debt,monthly
2020-04-30,Market Treasury Bills,5690.43690382127,billion PKR,sbp_domestic_debt,monthly
2020-05-31,Market Treasury Bills,5768.001570758203,billion PKR,sbp_domestic_debt,monthly
2020-06-30,Market Treasury Bills,5575.52182379767,billion PKR,sbp_domestic_debt,monthly
2020-07-31,Market Treasury Bills,5330.0238904080625,billion PKR,sbp_domestic_debt,monthly
2020-08-31,Market Treasury Bills,5232.605244470529,billion PKR,sbp_domestic_debt,monthly
2020-09-30,Market Treasury Bills,5094.982737530457,billion PKR,sbp_domestic_debt,monthly
2020-10-31,Market Treasury Bills,5026.26853313462,billion PKR,sbp_domestic_debt,monthly
2020-11-30,Market Treasury Bills,5003.118103634065,billion PKR,sbp_domestic_debt,monthly
2020-12-31,Market Treasury Bills,5040.042585157952,billion PKR,sbp_domestic_debt,monthly
2021-01-31,Market Treasury Bills,5132.406329666565,billion PKR,sbp_domestic_debt,monthly
2021-02-28,Market Treasury Bills,5322.971129665197,billion PKR,sbp_domestic_debt,monthly
2021-03-31,Market Treasury Bills,5996.832476448696,billion PKR,sbp_domestic_debt,monthly
2021-04-30,Market Treasury Bills,6147.047585141122,billion PKR,sbp_domestic_debt,monthly
2021-05-31,Market Treasury Bills,6659.3112219461555,billion PKR,sbp_domestic_debt,monthly
2021-06-30,Market Treasury Bills,6676.936371486157,billion PKR,sbp_domestic_debt,monthly
2021-07-31,Market Treasury Bills,7740.012101340158,billion PKR,sbp_domestic_debt,monthly
2021-08-31,Market Treasury Bills,7234.780520165157,billion PKR,sbp_domestic_debt,monthly
2021-09-30,Market Treasury Bills,6927.688640858157,billion PKR,sbp_domestic_debt,monthly
2021-10-31,Market Treasury Bills,6413.023148358179,billion PKR,sbp_domestic_debt,monthly
2021-11-30,Market Treasury Bills,5789.782084868178,billion PKR,sbp_domestic_debt,monthly
2021-12-31,Market Treasury Bills,5592.151898037319,billion PKR,sbp_domestic_debt,monthly
2022-01-31,Market Treasury Bills,5652.898315291717,billion PKR,sbp_domestic_debt,monthly
2022-02-28,Market Treasury Bills,5472.74451568218,billion PKR,sbp_domestic_debt,monthly
2022-03-31,Market Treasury Bills,5190.646214230177,billion PKR,sbp_domestic_debt,monthly
2022-04-30,Market Treasury Bills,5526.2035947531795,billion PKR,sbp_domestic_debt,monthly
2022-05-31,Market Treasury Bills,5595.686059902319,billion PKR,sbp_domestic_debt,monthly
2022-06-30,Market Treasury Bills,6752.35708508298,billion PKR,sbp_domestic_debt,monthly
2022-07-31,Market Treasury Bills,7253.92941626111,billion PKR,sbp_domestic_debt,monthly
2022-08-31,Market Treasury Bills,7431.616254298941,billion PKR,sbp_domestic_debt,monthly
2022-09-30,Market Treasury Bills,6672.27325485694,billion PKR,sbp_domestic_debt,monthly
2022-10-31,Market Treasury Bills,6706.96758909816,billion PKR,sbp_domestic_debt,monthly
2022-11-30,Market Treasury Bills,6792.946980466179,billion PKR,sbp_domestic_debt,monthly
2022-12-31,Market Treasury Bills,6091.119092112181,billion PKR,sbp_domestic_debt,monthly
2023-01-31,Market Treasury Bills,6627.20542146618,billion PKR,sbp_domestic_debt,monthly
2023-02-28,Market Treasury Bills,6229.944970983181,billion PKR,sbp_domestic_debt,monthly
2023-03-31,Market Treasury Bills,6230.60303488848,billion PKR,sbp_domestic_debt,monthly
2023-04-30,Market Treasury Bills,7149.988421698478,billion PKR,sbp_domestic_debt,monthly
2023-05-31,Market Treasury Bills,7367.654939653181,billion PKR,sbp_domestic_debt,monthly
2023-06-30,Market Treasury Bills,9269.173728027181,billion PKR,sbp_domestic_debt,monthly
2023-07-31,Market Treasury Bills,9222.671630190001,billion PKR,sbp_domestic_debt,monthly
2023-08-31,Market Treasury Bills,9564.098598726003,billion PKR,sbp_domestic_debt,monthly
2023-09-30,Market Treasury Bills,8805.35471600952,billion PKR,sbp_domestic_debt,monthly
2023-10-31,Market Treasury Bills,8908.871687549,billion PKR,sbp_domestic_debt,monthly
2023-11-30,Market Treasury Bills,7543.359899283039,billion PKR,sbp_domestic_debt,monthly
2023-12-31,Market Treasury Bills,8288.382249437751,billion PKR,sbp_domestic_debt,monthly
2024-01-31,Market Treasury Bills,8294.354257903024,billion PKR,sbp_domestic_debt,monthly
2024-02-29,Market Treasury Bills,7871.457023233043,billion PKR,sbp_domestic_debt,monthly
2024-03-31,Market Treasury Bills,8410.31752831814,billion PKR,sbp_domestic_debt,monthly
2024-04-30,Market Treasury Bills,9084.469727658043,billion PKR,sbp_domestic_debt,monthly
2024-05-31,Market Treasury Bills,9442.182670435539,billion PKR,sbp_domestic_debt,monthly
2024-06-30,Market Treasury Bills,10167.261281445755,billion PKR,sbp_domestic_debt,monthly
2024-07-31,Market Treasury Bills,10557.774100898165,billion PKR,sbp_domestic_debt,monthly
2024-08-31,Market Treasury Bills,10876.587899391365,billion PKR,sbp_domestic_debt,monthly
2024-09-30,Market Treasury Bills,11136.915062421165,billion PKR,sbp_domestic_debt,monthly
2024-10-31,Market Treasury Bills,10094.833618087165,billion PKR,sbp_domestic_debt,monthly
2024-11-30,Market Treasury Bills,9551.026911161292,billion PKR,sbp_domestic_debt,monthly
2024-12-31,Market Treasury Bills,8602.008696948295,billion PKR,sbp_domestic_debt,monthly
2025-01-31,Market Treasury Bills,8259.136470585296,billion PKR,sbp_domestic_debt,monthly
2025-02-28,Market Treasury Bills,8136.213459447203,billion PKR,sbp_domestic_debt,monthly
2025-03-31,Market Treasury Bills,7764.702019401293,billion PKR,sbp_domestic_debt,monthly
2025-04-30,Market Treasury Bills,8229.522336924294,billion PKR,sbp_domestic_debt,monthly
2025-05-31,Market Treasury Bills,8035.49540794329,billion PKR,sbp_domestic_debt,monthly
2025-06-30,Market Treasury Bills,8644.639281172,billion PKR,sbp_domestic_debt,monthly
2025-07-31,Market Treasury Bills,8612.542839176147,billion PKR,sbp_domestic_debt,monthly
2025-08-31,Market Treasury Bills,8538.661990732398,billion PKR,sbp_domestic_debt,monthly
2025-09-30,Market Treasury Bills,8265.046990814719,billion PKR,sbp_domestic_debt,monthly
2025-10-31,Market Treasury Bills,8271.760669699639,billion PKR,sbp_domestic_debt,monthly
2025-11-30,Market Treasury Bills,8230.106349015881,billion PKR,sbp_domestic_debt,monthly
2025-12-31,Market Treasury Bills,8610.64515372899,billion PKR,sbp_domestic_debt,monthly
2026-01-31,Market Treasury Bills,8658.174043344528,billion PKR,sbp_domestic_debt,monthly
2026-02-28,Market Treasury Bills,9008.095530173807,billion PKR,sbp_domestic_debt,monthly
2026-03-31,Market Treasury Bills,9458.798941390996,billion PKR,sbp_domestic_debt,monthly
2026-04-30,Market Treasury Bills,10432.029795524764,billion PKR,sbp_domestic_debt,monthly
2026-05-31,Market Treasury Bills,10608.53560549729,billion PKR,sbp_domestic_debt,monthly
2022-07-31,Others,1.3,billion PKR,sbp_domestic_debt,monthly
2022-08-31,Others,1.3,billion PKR,sbp_domestic_debt,monthly
2022-09-30,Others,1.3,billion PKR,sbp_domestic_debt,monthly
2022-10-31,Others,1.3,billion PKR,sbp_domestic_debt,monthly
2022-11-30,Others,1.3,billion PKR,sbp_domestic_debt,monthly
2022-12-31,Others,1.3,billion PKR,sbp_domestic_debt,monthly
2023-01-31,Others,1.3,billion PKR,sbp_domestic_debt,monthly
2023-02-28,Others,1.3,billion PKR,sbp_domestic_debt,monthly
2023-03-31,Others,1.3,billion PKR,sbp_domestic_debt,monthly
2023-04-30,Others,1.3,billion PKR,sbp_domestic_debt,monthly
2023-05-31,Others,1.3,billion PKR,sbp_domestic_debt,monthly
2023-06-30,Others,1.3,billion PKR,sbp_domestic_debt,monthly
2023-07-31,Others,1.3,billion PKR,sbp_domestic_debt,monthly
2023-08-31,Others,1.3,billion PKR,sbp_domestic_debt,monthly
2023-09-30,Others,1.3,billion PKR,sbp_domestic_debt,monthly
2023-10-31,Others,1.3,billion PKR,sbp_domestic_debt,monthly
2023-11-30,Others,1.3,billion PKR,sbp_domestic_debt,monthly
2023-12-31,Others,1.3,billion PKR,sbp_domestic_debt,monthly
2024-01-31,Others,1.3,billion PKR,sbp_domestic_debt,monthly
2024-02-29,Others,1.3,billion PKR,sbp_domestic_debt,monthly
2024-03-31,Others,1.3,billion PKR,sbp_domestic_debt,monthly
2024-04-30,Others,1.3,billion PKR,sbp_domestic_debt,monthly
2024-05-31,Others,1.3,billion PKR,sbp_domestic_debt,monthly
2024-06-30,Others,1.3,billion PKR,sbp_domestic_debt,monthly
2024-07-31,Others,1.3,billion PKR,sbp_domestic_debt,monthly
2024-08-31,Others,1.3,billion PKR,sbp_domestic_debt,monthly
2024-09-30,Others,1.3,billion PKR,sbp_domestic_debt,monthly
2024-10-31,Others,1.3,billion PKR,sbp_domestic_debt,monthly
2024-11-30,Others,1.3,billion PKR,sbp_domestic_debt,monthly
2024-12-31,Others,1.3,billion PKR,sbp_domestic_debt,monthly
2025-01-31,Others,1.3,billion PKR,sbp_domestic_debt,monthly
2025-02-28,Others,1.3,billion PKR,sbp_domestic_debt,monthly
2025-03-31,Others,1.3,billion PKR,sbp_domestic_debt,monthly
2025-04-30,Others,1.3,billion PKR,sbp_domestic_debt,monthly
2025-05-31,Others,1.3,billion PKR,sbp_domestic_debt,monthly
2025-06-30,Others,1.3,billion PKR,sbp_domestic_debt,monthly
2025-07-31,Others,1.3,billion PKR,sbp_domestic_debt,monthly
2025-08-31,Others,1.3,billion PKR,sbp_domestic_debt,monthly
2025-09-30,Others,1.3,billion PKR,sbp_domestic_debt,monthly
2025-10-31,Others,1.2999191659982898,billion PKR,sbp_domestic_debt,monthly
2025-11-30,Others,1.2999191659982898,billion PKR,sbp_domestic_debt,monthly
2025-12-31,Others,1.2999191660055658,billion PKR,sbp_domestic_debt,monthly
2026-01-31,Others,1.2999191660055658,billion PKR,sbp_domestic_debt,monthly
2026-02-28,Others,1.2999191660055658,billion PKR,sbp_domestic_debt,monthly
2026-03-31,Others,1.2999191660055658,billion PKR,sbp_domestic_debt,monthly
2026-04-30,Others,1.2999191659982898,billion PKR,sbp_domestic_debt,monthly
2026-05-31,Others,1.2999191659982898,billion PKR,sbp_domestic_debt,monthly
2011-06-30,Outright Sale of MRTBs to Banks,100.25549757,billion PKR,sbp_domestic_debt,monthly
2011-07-31,Outright Sale of MRTBs to Banks,57.140834089,billion PKR,sbp_domestic_debt,monthly
2011-08-31,Outright Sale of MRTBs to Banks,0.0,billion PKR,sbp_domestic_debt,monthly
2011-09-30,Outright Sale of MRTBs to Banks,30.330392000000003,billion PKR,sbp_domestic_debt,monthly
2011-10-31,Outright Sale of MRTBs to Banks,0.0,billion PKR,sbp_domestic_debt,monthly
2011-11-30,Outright Sale of MRTBs to Banks,0.0,billion PKR,sbp_domestic_debt,monthly
2011-12-31,Outright Sale of MRTBs to Banks,0.0,billion PKR,sbp_domestic_debt,monthly
2012-01-31,Outright Sale of MRTBs to Banks,0.0,billion PKR,sbp_domestic_debt,monthly
2012-02-29,Outright Sale of MRTBs to Banks,0.0,billion PKR,sbp_domestic_debt,monthly
2012-03-31,Outright Sale of MRTBs to Banks,48.129009138,billion PKR,sbp_domestic_debt,monthly
2012-04-30,Outright Sale of MRTBs to Banks,0.0,billion PKR,sbp_domestic_debt,monthly
2012-05-31,Outright Sale of MRTBs to Banks,0.0,billion PKR,sbp_domestic_debt,monthly
2012-06-30,Outright Sale of MRTBs to Banks,0.0,billion PKR,sbp_domestic_debt,monthly
2012-07-31,Outright Sale of MRTBs to Banks,0.0,billion PKR,sbp_domestic_debt,monthly
2012-08-31,Outright Sale of MRTBs to Banks,0.0,billion PKR,sbp_domestic_debt,monthly
2012-09-30,Outright Sale of MRTBs to Banks,0.0,billion PKR,sbp_domestic_debt,monthly
2012-10-31,Outright Sale of MRTBs to Banks,0.0,billion PKR,sbp_domestic_debt,monthly
2012-11-30,Outright Sale of MRTBs to Banks,0.0,billion PKR,sbp_domestic_debt,monthly
2012-12-31,Outright Sale of MRTBs to Banks,0.0,billion PKR,sbp_domestic_debt,monthly
2013-01-31,Outright Sale of MRTBs to Banks,0.0,billion PKR,sbp_domestic_debt,monthly
2013-02-28,Outright Sale of MRTBs to Banks,0.0,billion PKR,sbp_domestic_debt,monthly
2013-03-31,Outright Sale of MRTBs to Banks,36.242022494,billion PKR,sbp_domestic_debt,monthly
2013-04-30,Outright Sale of MRTBs to Banks,36.242022494,billion PKR,sbp_domestic_debt,monthly
2013-05-31,Outright Sale of MRTBs to Banks,0.0,billion PKR,sbp_domestic_debt,monthly
2013-06-30,Outright Sale of MRTBs to Banks,0.0,billion PKR,sbp_domestic_debt,monthly
2013-07-31,Outright Sale of MRTBs to Banks,0.0,billion PKR,sbp_domestic_debt,monthly
2013-08-31,Outright Sale of MRTBs to Banks,0.0,billion PKR,sbp_domestic_debt,monthly
2013-09-30,Outright Sale of MRTBs to Banks,0.0,billion PKR,sbp_domestic_debt,monthly
2013-10-31,Outright Sale of MRTBs to Banks,0.0,billion PKR,sbp_domestic_debt,monthly
2013-11-30,Outright Sale of MRTBs to Banks,0.0,billion PKR,sbp_domestic_debt,monthly
2013-12-31,Outright Sale of MRTBs to Banks,86.60939879,billion PKR,sbp_domestic_debt,monthly
2014-01-31,Outright Sale of MRTBs to Banks,0.0,billion PKR,sbp_domestic_debt,monthly
2014-02-28,Outright Sale of MRTBs to Banks,276.072061109,billion PKR,sbp_domestic_debt,monthly
2014-03-31,Outright Sale of MRTBs to Banks,276.072061109,billion PKR,sbp_domestic_debt,monthly
2014-04-30,Outright Sale of MRTBs to Banks,276.072061109,billion PKR,sbp_domestic_debt,monthly
2014-05-31,Outright Sale of MRTBs to Banks,0.0,billion PKR,sbp_domestic_debt,monthly
2014-06-30,Outright Sale of MRTBs to Banks,0.0,billion PKR,sbp_domestic_debt,monthly
2014-07-31,Outright Sale of MRTBs to Banks,0.0,billion PKR,sbp_domestic_debt,monthly
2014-08-31,Outright Sale of MRTBs to Banks,0.0,billion PKR,sbp_domestic_debt,monthly
2014-09-30,Outright Sale of MRTBs to Banks,66.649668349,billion PKR,sbp_domestic_debt,monthly
2014-10-31,Outright Sale of MRTBs to Banks,66.649668349,billion PKR,sbp_domestic_debt,monthly
2014-11-30,Outright Sale of MRTBs to Banks,85.64916106500002,billion PKR,sbp_domestic_debt,monthly
2014-12-31,Outright Sale of MRTBs to Banks,85.64916106500002,billion PKR,sbp_domestic_debt,monthly
2015-01-31,Outright Sale of MRTBs to Banks,85.64916106500002,billion PKR,sbp_domestic_debt,monthly
2015-02-28,Outright Sale of MRTBs to Banks,0.0,billion PKR,sbp_domestic_debt,monthly
2015-03-31,Outright Sale of MRTBs to Banks,0.0,billion PKR,sbp_domestic_debt,monthly
2015-04-30,Outright Sale of MRTBs to Banks,0.0,billion PKR,sbp_domestic_debt,monthly
2015-05-31,Outright Sale of MRTBs to Banks,0.0,billion PKR,sbp_domestic_debt,monthly
2015-06-30,Outright Sale of MRTBs to Banks,179.09515761899996,billion PKR,sbp_domestic_debt,monthly
2015-07-31,Outright Sale of MRTBs to Banks,179.09515761899996,billion PKR,sbp_domestic_debt,monthly
2015-08-31,Outright Sale of MRTBs to Banks,0.0,billion PKR,sbp_domestic_debt,monthly
2015-09-30,Outright Sale of MRTBs to Banks,0.0,billion PKR,sbp_domestic_debt,monthly
2015-10-31,Outright Sale of MRTBs to Banks,0.0,billion PKR,sbp_domestic_debt,monthly
2015-11-30,Outright Sale of MRTBs to Banks,0.0,billion PKR,sbp_domestic_debt,monthly
2015-12-31,Outright Sale of MRTBs to Banks,0.0,billion PKR,sbp_domestic_debt,monthly
2016-01-31,Outright Sale of MRTBs to Banks,0.0,billion PKR,sbp_domestic_debt,monthly
2016-02-29,Outright Sale of MRTBs to Banks,0.0,billion PKR,sbp_domestic_debt,monthly
2016-03-31,Outright Sale of MRTBs to Banks,0.0,billion PKR,sbp_domestic_debt,monthly
2016-04-30,Outright Sale of MRTBs to Banks,0.0,billion PKR,sbp_domestic_debt,monthly
2016-05-31,Outright Sale of MRTBs to Banks,0.0,billion PKR,sbp_domestic_debt,monthly
2016-06-30,Outright Sale of MRTBs to Banks,0.0,billion PKR,sbp_domestic_debt,monthly
2016-07-31,Outright Sale of MRTBs to Banks,0.0,billion PKR,sbp_domestic_debt,monthly
2016-08-31,Outright Sale of MRTBs to Banks,0.0,billion PKR,sbp_domestic_debt,monthly
2016-09-30,Outright Sale of MRTBs to Banks,0.0,billion PKR,sbp_domestic_debt,monthly
2016-10-31,Outright Sale of MRTBs to Banks,0.0,billion PKR,sbp_domestic_debt,monthly
2016-11-30,Outright Sale of MRTBs to Banks,0.0,billion PKR,sbp_domestic_debt,monthly
2016-12-31,Outright Sale of MRTBs to Banks,0.0,billion PKR,sbp_domestic_debt,monthly
2017-01-31,Outright Sale of MRTBs to Banks,0.0,billion PKR,sbp_domestic_debt,monthly
2017-02-28,Outright Sale of MRTBs to Banks,0.0,billion PKR,sbp_domestic_debt,monthly
2017-03-31,Outright Sale of MRTBs to Banks,0.0,billion PKR,sbp_domestic_debt,monthly
2017-04-30,Outright Sale of MRTBs to Banks,0.0,billion PKR,sbp_domestic_debt,monthly
2017-05-31,Outright Sale of MRTBs to Banks,0.0,billion PKR,sbp_domestic_debt,monthly
2017-06-30,Outright Sale of MRTBs to Banks,0.0,billion PKR,sbp_domestic_debt,monthly
2017-07-31,Outright Sale of MRTBs to Banks,0.0,billion PKR,sbp_domestic_debt,monthly
2017-08-31,Outright Sale of MRTBs to Banks,0.0,billion PKR,sbp_domestic_debt,monthly
2017-09-30,Outright Sale of MRTBs to Banks,0.0,billion PKR,sbp_domestic_debt,monthly
2017-10-31,Outright Sale of MRTBs to Banks,0.0,billion PKR,sbp_domestic_debt,monthly
2017-11-30,Outright Sale of MRTBs to Banks,0.0,billion PKR,sbp_domestic_debt,monthly
2017-12-31,Outright Sale of MRTBs to Banks,207.302025,billion PKR,sbp_domestic_debt,monthly
2018-01-31,Outright Sale of MRTBs to Banks,0.0,billion PKR,sbp_domestic_debt,monthly
2018-02-28,Outright Sale of MRTBs to Banks,0.0,billion PKR,sbp_domestic_debt,monthly
2018-03-31,Outright Sale of MRTBs to Banks,0.0,billion PKR,sbp_domestic_debt,monthly
2018-04-30,Outright Sale of MRTBs to Banks,0.0,billion PKR,sbp_domestic_debt,monthly
2018-05-31,Outright Sale of MRTBs to Banks,0.0,billion PKR,sbp_domestic_debt,monthly
2018-06-30,Outright Sale of MRTBs to Banks,0.0,billion PKR,sbp_domestic_debt,monthly
2018-07-31,Outright Sale of MRTBs to Banks,0.0,billion PKR,sbp_domestic_debt,monthly
2018-08-31,Outright Sale of MRTBs to Banks,0.0,billion PKR,sbp_domestic_debt,monthly
2018-09-30,Outright Sale of MRTBs to Banks,0.0,billion PKR,sbp_domestic_debt,monthly
2018-10-31,Outright Sale of MRTBs to Banks,0.0,billion PKR,sbp_domestic_debt,monthly
2018-11-30,Outright Sale of MRTBs to Banks,0.0,billion PKR,sbp_domestic_debt,monthly
2018-12-31,Outright Sale of MRTBs to Banks,0.0,billion PKR,sbp_domestic_debt,monthly
2019-01-31,Outright Sale of MRTBs to Banks,0.0,billion PKR,sbp_domestic_debt,monthly
2019-02-28,Outright Sale of MRTBs to Banks,0.0,billion PKR,sbp_domestic_debt,monthly
2019-03-31,Outright Sale of MRTBs to Banks,0.0,billion PKR,sbp_domestic_debt,monthly
2019-04-30,Outright Sale of MRTBs to Banks,0.0,billion PKR,sbp_domestic_debt,monthly
2019-05-31,Outright Sale of MRTBs to Banks,0.0,billion PKR,sbp_domestic_debt,monthly
2019-06-30,Outright Sale of MRTBs to Banks,0.0,billion PKR,sbp_domestic_debt,monthly
2019-07-31,Outright Sale of MRTBs to Banks,0.0,billion PKR,sbp_domestic_debt,monthly
2019-08-31,Outright Sale of MRTBs to Banks,0.0,billion PKR,sbp_domestic_debt,monthly
2019-09-30,Outright Sale of MRTBs to Banks,0.0,billion PKR,sbp_domestic_debt,monthly
2019-10-31,Outright Sale of MRTBs to Banks,0.0,billion PKR,sbp_domestic_debt,monthly
2019-11-30,Outright Sale of MRTBs to Banks,0.0,billion PKR,sbp_domestic_debt,monthly
2019-12-31,Outright Sale of MRTBs to Banks,0.0,billion PKR,sbp_domestic_debt,monthly
2020-01-31,Outright Sale of MRTBs to Banks,0.0,billion PKR,sbp_domestic_debt,monthly
2020-02-29,Outright Sale of MRTBs to Banks,0.0,billion PKR,sbp_domestic_debt,monthly
2020-03-31,Outright Sale of MRTBs to Banks,0.0,billion PKR,sbp_domestic_debt,monthly
2020-04-30,Outright Sale of MRTBs to Banks,0.0,billion PKR,sbp_domestic_debt,monthly
2020-05-31,Outright Sale of MRTBs to Banks,0.0,billion PKR,sbp_domestic_debt,monthly
2020-06-30,Outright Sale of MRTBs to Banks,0.0,billion PKR,sbp_domestic_debt,monthly
2020-07-31,Outright Sale of MRTBs to Banks,0.0,billion PKR,sbp_domestic_debt,monthly
2020-08-31,Outright Sale of MRTBs to Banks,0.0,billion PKR,sbp_domestic_debt,monthly
2020-09-30,Outright Sale of MRTBs to Banks,0.0,billion PKR,sbp_domestic_debt,monthly
2020-10-31,Outright Sale of MRTBs to Banks,0.0,billion PKR,sbp_domestic_debt,monthly
2020-11-30,Outright Sale of MRTBs to Banks,0.0,billion PKR,sbp_domestic_debt,monthly
2020-12-31,Outright Sale of MRTBs to Banks,0.0,billion PKR,sbp_domestic_debt,monthly
2021-01-31,Outright Sale of MRTBs to Banks,0.0,billion PKR,sbp_domestic_debt,monthly
2021-02-28,Outright Sale of MRTBs to Banks,0.0,billion PKR,sbp_domestic_debt,monthly
2021-03-31,Outright Sale of MRTBs to Banks,0.0,billion PKR,sbp_domestic_debt,monthly
2021-04-30,Outright Sale of MRTBs to Banks,0.0,billion PKR,sbp_domestic_debt,monthly
2021-05-31,Outright Sale of MRTBs to Banks,0.0,billion PKR,sbp_domestic_debt,monthly
2021-06-30,Outright Sale of MRTBs to Banks,0.0,billion PKR,sbp_domestic_debt,monthly
2021-07-31,Outright Sale of MRTBs to Banks,0.0,billion PKR,sbp_domestic_debt,monthly
2021-08-31,Outright Sale of MRTBs to Banks,0.0,billion PKR,sbp_domestic_debt,monthly
2021-09-30,Outright Sale of MRTBs to Banks,0.0,billion PKR,sbp_domestic_debt,monthly
2021-10-31,Outright Sale of MRTBs to Banks,0.0,billion PKR,sbp_domestic_debt,monthly
2021-11-30,Outright Sale of MRTBs to Banks,0.0,billion PKR,sbp_domestic_debt,monthly
2021-12-31,Outright Sale of MRTBs to Banks,0.0,billion PKR,sbp_domestic_debt,monthly
2022-01-31,Outright Sale of MRTBs to Banks,0.0,billion PKR,sbp_domestic_debt,monthly
2022-02-28,Outright Sale of MRTBs to Banks,0.0,billion PKR,sbp_domestic_debt,monthly
2022-03-31,Outright Sale of MRTBs to Banks,0.0,billion PKR,sbp_domestic_debt,monthly
2022-04-30,Outright Sale of MRTBs to Banks,0.0,billion PKR,sbp_domestic_debt,monthly
2022-05-31,Outright Sale of MRTBs to Banks,0.0,billion PKR,sbp_domestic_debt,monthly
2022-06-30,Outright Sale of MRTBs to Banks,0.0,billion PKR,sbp_domestic_debt,monthly
2022-07-31,Outright Sale of MRTBs to Banks,0.0,billion PKR,sbp_domestic_debt,monthly
2022-08-31,Outright Sale of MRTBs to Banks,0.0,billion PKR,sbp_domestic_debt,monthly
2022-09-30,Outright Sale of MRTBs to Banks,0.0,billion PKR,sbp_domestic_debt,monthly
2022-10-31,Outright Sale of MRTBs to Banks,0.0,billion PKR,sbp_domestic_debt,monthly
2022-11-30,Outright Sale of MRTBs to Banks,0.0,billion PKR,sbp_domestic_debt,monthly
2022-12-31,Outright Sale of MRTBs to Banks,0.0,billion PKR,sbp_domestic_debt,monthly
2023-01-31,Outright Sale of MRTBs to Banks,0.0,billion PKR,sbp_domestic_debt,monthly
2023-02-28,Outright Sale of MRTBs to Banks,0.0,billion PKR,sbp_domestic_debt,monthly
2023-03-31,Outright Sale of MRTBs to Banks,0.0,billion PKR,sbp_domestic_debt,monthly
2023-04-30,Outright Sale of MRTBs to Banks,0.0,billion PKR,sbp_domestic_debt,monthly
2023-05-31,Outright Sale of MRTBs to Banks,0.0,billion PKR,sbp_domestic_debt,monthly
2023-06-30,Outright Sale of MRTBs to Banks,0.0,billion PKR,sbp_domestic_debt,monthly
2023-07-31,Outright Sale of MRTBs to Banks,0.0,billion PKR,sbp_domestic_debt,monthly
2023-08-31,Outright Sale of MRTBs to Banks,0.0,billion PKR,sbp_domestic_debt,monthly
2023-09-30,Outright Sale of MRTBs to Banks,0.0,billion PKR,sbp_domestic_debt,monthly
2023-10-31,Outright Sale of MRTBs to Banks,0.0,billion PKR,sbp_domestic_debt,monthly
2023-11-30,Outright Sale of MRTBs to Banks,0.0,billion PKR,sbp_domestic_debt,monthly
2023-12-31,Outright Sale of MRTBs to Banks,0.0,billion PKR,sbp_domestic_debt,monthly
2024-01-31,Outright Sale of MRTBs to Banks,0.0,billion PKR,sbp_domestic_debt,monthly
2024-02-29,Outright Sale of MRTBs to Banks,0.0,billion PKR,sbp_domestic_debt,monthly
2024-03-31,Outright Sale of MRTBs to Banks,0.0,billion PKR,sbp_domestic_debt,monthly
2024-04-30,Outright Sale of MRTBs to Banks,0.0,billion PKR,sbp_domestic_debt,monthly
2024-05-31,Outright Sale of MRTBs to Banks,0.0,billion PKR,sbp_domestic_debt,monthly
2024-06-30,Outright Sale of MRTBs to Banks,0.0,billion PKR,sbp_domestic_debt,monthly
2024-07-31,Outright Sale of MRTBs to Banks,0.0,billion PKR,sbp_domestic_debt,monthly
2024-08-31,Outright Sale of MRTBs to Banks,0.0,billion PKR,sbp_domestic_debt,monthly
2024-09-30,Outright Sale of MRTBs to Banks,0.0,billion PKR,sbp_domestic_debt,monthly
2024-10-31,Outright Sale of MRTBs to Banks,0.0,billion PKR,sbp_domestic_debt,monthly
2024-11-30,Outright Sale of MRTBs to Banks,0.0,billion PKR,sbp_domestic_debt,monthly
2024-12-31,Outright Sale of MRTBs to Banks,0.0,billion PKR,sbp_domestic_debt,monthly
2025-01-31,Outright Sale of MRTBs to Banks,0.0,billion PKR,sbp_domestic_debt,monthly
2025-02-28,Outright Sale of MRTBs to Banks,0.0,billion PKR,sbp_domestic_debt,monthly
2025-03-31,Outright Sale of MRTBs to Banks,0.0,billion PKR,sbp_domestic_debt,monthly
2025-04-30,Outright Sale of MRTBs to Banks,0.0,billion PKR,sbp_domestic_debt,monthly
2025-05-31,Outright Sale of MRTBs to Banks,0.0,billion PKR,sbp_domestic_debt,monthly
2025-06-30,Outright Sale of MRTBs to Banks,0.0,billion PKR,sbp_domestic_debt,monthly
2025-07-31,Outright Sale of MRTBs to Banks,0.0,billion PKR,sbp_domestic_debt,monthly
2025-08-31,Outright Sale of MRTBs to Banks,0.0,billion PKR,sbp_domestic_debt,monthly
2025-09-30,Outright Sale of MRTBs to Banks,0.0,billion PKR,sbp_domestic_debt,monthly
2025-10-31,Outright Sale of MRTBs to Banks,0.0,billion PKR,sbp_domestic_debt,monthly
2025-11-30,Outright Sale of MRTBs to Banks,0.0,billion PKR,sbp_domestic_debt,monthly
2025-12-31,Outright Sale of MRTBs to Banks,0.0,billion PKR,sbp_domestic_debt,monthly
2026-01-31,Outright Sale of MRTBs to Banks,0.0,billion PKR,sbp_domestic_debt,monthly
2026-02-28,Outright Sale of MRTBs to Banks,0.0,billion PKR,sbp_domestic_debt,monthly
2026-03-31,Outright Sale of MRTBs to Banks,0.0,billion PKR,sbp_domestic_debt,monthly
2026-04-30,Outright Sale of MRTBs to Banks,0.0,billion PKR,sbp_domestic_debt,monthly
2026-05-31,Outright Sale of MRTBs to Banks,0.0,billion PKR,sbp_domestic_debt,monthly
2010-06-30,Pakistan Engineering Company,0.589622,billion PKR,sbp_domestic_debt,monthly
2010-07-31,Pakistan Engineering Company,0.589622,billion PKR,sbp_domestic_debt,monthly
2010-08-31,Pakistan Engineering Company,0.589622,billion PKR,sbp_domestic_debt,monthly
2010-09-30,Pakistan Engineering Company,0.589622,billion PKR,sbp_domestic_debt,monthly
2010-10-31,Pakistan Engineering Company,0.589622,billion PKR,sbp_domestic_debt,monthly
2010-11-30,Pakistan Engineering Company,0.589622,billion PKR,sbp_domestic_debt,monthly
2010-12-31,Pakistan Engineering Company,0.589622,billion PKR,sbp_domestic_debt,monthly
2011-01-31,Pakistan Engineering Company,0.589622,billion PKR,sbp_domestic_debt,monthly
2011-02-28,Pakistan Engineering Company,0.589622,billion PKR,sbp_domestic_debt,monthly
2011-03-31,Pakistan Engineering Company,0.589622,billion PKR,sbp_domestic_debt,monthly
2011-04-30,Pakistan Engineering Company,0.589622,billion PKR,sbp_domestic_debt,monthly
2011-05-31,Pakistan Engineering Company,0.589622,billion PKR,sbp_domestic_debt,monthly
2011-06-30,Pakistan Engineering Company,0.589622,billion PKR,sbp_domestic_debt,monthly
2011-07-31,Pakistan Engineering Company,0.589622,billion PKR,sbp_domestic_debt,monthly
2011-08-31,Pakistan Engineering Company,0.589622,billion PKR,sbp_domestic_debt,monthly
2011-09-30,Pakistan Engineering Company,0.589622,billion PKR,sbp_domestic_debt,monthly
2011-10-31,Pakistan Engineering Company,0.589622,billion PKR,sbp_domestic_debt,monthly
2011-11-30,Pakistan Engineering Company,0.589622,billion PKR,sbp_domestic_debt,monthly
2011-12-31,Pakistan Engineering Company,0.589622,billion PKR,sbp_domestic_debt,monthly
2012-01-31,Pakistan Engineering Company,0.589622,billion PKR,sbp_domestic_debt,monthly
2012-02-29,Pakistan Engineering Company,0.589622,billion PKR,sbp_domestic_debt,monthly
2012-03-31,Pakistan Engineering Company,0.589622,billion PKR,sbp_domestic_debt,monthly
2012-04-30,Pakistan Engineering Company,0.589622,billion PKR,sbp_domestic_debt,monthly
2012-05-31,Pakistan Engineering Company,0.589622,billion PKR,sbp_domestic_debt,monthly
2012-06-30,Pakistan Engineering Company,0.589622,billion PKR,sbp_domestic_debt,monthly
2012-07-31,Pakistan Engineering Company,0.589622,billion PKR,sbp_domestic_debt,monthly
2012-08-31,Pakistan Engineering Company,0.589622,billion PKR,sbp_domestic_debt,monthly
2012-09-30,Pakistan Engineering Company,0.589622,billion PKR,sbp_domestic_debt,monthly
2012-10-31,Pakistan Engineering Company,0.589622,billion PKR,sbp_domestic_debt,monthly
2012-11-30,Pakistan Engineering Company,0.589622,billion PKR,sbp_domestic_debt,monthly
2012-12-31,Pakistan Engineering Company,0.589622,billion PKR,sbp_domestic_debt,monthly
2013-01-31,Pakistan Engineering Company,0.589622,billion PKR,sbp_domestic_debt,monthly
2013-02-28,Pakistan Engineering Company,0.589622,billion PKR,sbp_domestic_debt,monthly
2013-03-31,Pakistan Engineering Company,0.589622,billion PKR,sbp_domestic_debt,monthly
2013-04-30,Pakistan Engineering Company,0.589622,billion PKR,sbp_domestic_debt,monthly
2013-05-31,Pakistan Engineering Company,0.589622,billion PKR,sbp_domestic_debt,monthly
2013-06-30,Pakistan Engineering Company,0.589622,billion PKR,sbp_domestic_debt,monthly
2013-07-31,Pakistan Engineering Company,0.589622,billion PKR,sbp_domestic_debt,monthly
2013-08-31,Pakistan Engineering Company,0.589622,billion PKR,sbp_domestic_debt,monthly
2013-09-30,Pakistan Engineering Company,0.589622,billion PKR,sbp_domestic_debt,monthly
2013-10-31,Pakistan Engineering Company,0.589622,billion PKR,sbp_domestic_debt,monthly
2013-11-30,Pakistan Engineering Company,0.589622,billion PKR,sbp_domestic_debt,monthly
2013-12-31,Pakistan Engineering Company,0.589622,billion PKR,sbp_domestic_debt,monthly
2014-01-31,Pakistan Engineering Company,0.589622,billion PKR,sbp_domestic_debt,monthly
2014-02-28,Pakistan Engineering Company,0.589622,billion PKR,sbp_domestic_debt,monthly
2014-03-31,Pakistan Engineering Company,0.589622,billion PKR,sbp_domestic_debt,monthly
2014-04-30,Pakistan Engineering Company,0.589622,billion PKR,sbp_domestic_debt,monthly
2014-05-31,Pakistan Engineering Company,0.589622,billion PKR,sbp_domestic_debt,monthly
2014-06-30,Pakistan Engineering Company,0.589622,billion PKR,sbp_domestic_debt,monthly
2014-07-31,Pakistan Engineering Company,0.589622,billion PKR,sbp_domestic_debt,monthly
2014-08-31,Pakistan Engineering Company,0.589622,billion PKR,sbp_domestic_debt,monthly
2014-09-30,Pakistan Engineering Company,0.589622,billion PKR,sbp_domestic_debt,monthly
2014-10-31,Pakistan Engineering Company,0.589622,billion PKR,sbp_domestic_debt,monthly
2014-11-30,Pakistan Engineering Company,0.589622,billion PKR,sbp_domestic_debt,monthly
2014-12-31,Pakistan Engineering Company,0.589622,billion PKR,sbp_domestic_debt,monthly
2015-01-31,Pakistan Engineering Company,0.589622,billion PKR,sbp_domestic_debt,monthly
2015-02-28,Pakistan Engineering Company,0.589622,billion PKR,sbp_domestic_debt,monthly
2015-03-31,Pakistan Engineering Company,0.589622,billion PKR,sbp_domestic_debt,monthly
2015-04-30,Pakistan Engineering Company,0.589622,billion PKR,sbp_domestic_debt,monthly
2015-05-31,Pakistan Engineering Company,0.589622,billion PKR,sbp_domestic_debt,monthly
2015-06-30,Pakistan Engineering Company,0.589622,billion PKR,sbp_domestic_debt,monthly
2015-07-31,Pakistan Engineering Company,0.589622,billion PKR,sbp_domestic_debt,monthly
2015-08-31,Pakistan Engineering Company,0.589622,billion PKR,sbp_domestic_debt,monthly
2015-09-30,Pakistan Engineering Company,0.589622,billion PKR,sbp_domestic_debt,monthly
2015-10-31,Pakistan Engineering Company,0.589622,billion PKR,sbp_domestic_debt,monthly
2015-11-30,Pakistan Engineering Company,0.589622,billion PKR,sbp_domestic_debt,monthly
2015-12-31,Pakistan Engineering Company,0.589622,billion PKR,sbp_domestic_debt,monthly
2016-01-31,Pakistan Engineering Company,0.589622,billion PKR,sbp_domestic_debt,monthly
2016-02-29,Pakistan Engineering Company,0.589622,billion PKR,sbp_domestic_debt,monthly
2016-03-31,Pakistan Engineering Company,0.589622,billion PKR,sbp_domestic_debt,monthly
2016-04-30,Pakistan Engineering Company,0.589622,billion PKR,sbp_domestic_debt,monthly
2016-05-31,Pakistan Engineering Company,0.589622,billion PKR,sbp_domestic_debt,monthly
2016-06-30,Pakistan Engineering Company,0.589622,billion PKR,sbp_domestic_debt,monthly
2016-07-31,Pakistan Engineering Company,0.589622,billion PKR,sbp_domestic_debt,monthly
2016-08-31,Pakistan Engineering Company,0.589622,billion PKR,sbp_domestic_debt,monthly
2016-09-30,Pakistan Engineering Company,0.589622,billion PKR,sbp_domestic_debt,monthly
2016-10-31,Pakistan Engineering Company,0.589622,billion PKR,sbp_domestic_debt,monthly
2016-11-30,Pakistan Engineering Company,0.589622,billion PKR,sbp_domestic_debt,monthly
2016-12-31,Pakistan Engineering Company,0.589622,billion PKR,sbp_domestic_debt,monthly
2017-01-31,Pakistan Engineering Company,0.589622,billion PKR,sbp_domestic_debt,monthly
2017-02-28,Pakistan Engineering Company,0.589622,billion PKR,sbp_domestic_debt,monthly
2017-03-31,Pakistan Engineering Company,0.589622,billion PKR,sbp_domestic_debt,monthly
2017-04-30,Pakistan Engineering Company,0.589622,billion PKR,sbp_domestic_debt,monthly
2017-05-31,Pakistan Engineering Company,0.589622,billion PKR,sbp_domestic_debt,monthly
2017-06-30,Pakistan Engineering Company,0.589622,billion PKR,sbp_domestic_debt,monthly
2017-07-31,Pakistan Engineering Company,0.589622,billion PKR,sbp_domestic_debt,monthly
2017-08-31,Pakistan Engineering Company,0.589622,billion PKR,sbp_domestic_debt,monthly
2017-09-30,Pakistan Engineering Company,0.589622,billion PKR,sbp_domestic_debt,monthly
2017-10-31,Pakistan Engineering Company,0.589622,billion PKR,sbp_domestic_debt,monthly
2017-11-30,Pakistan Engineering Company,0.589622,billion PKR,sbp_domestic_debt,monthly
2017-12-31,Pakistan Engineering Company,0.589622,billion PKR,sbp_domestic_debt,monthly
2018-01-31,Pakistan Engineering Company,0.589622,billion PKR,sbp_domestic_debt,monthly
2018-02-28,Pakistan Engineering Company,0.589622,billion PKR,sbp_domestic_debt,monthly
2018-03-31,Pakistan Engineering Company,0.589622,billion PKR,sbp_domestic_debt,monthly
2018-04-30,Pakistan Engineering Company,0.589622,billion PKR,sbp_domestic_debt,monthly
2018-05-31,Pakistan Engineering Company,0.589622,billion PKR,sbp_domestic_debt,monthly
2018-06-30,Pakistan Engineering Company,0.589622,billion PKR,sbp_domestic_debt,monthly
2018-07-31,Pakistan Engineering Company,0.589622,billion PKR,sbp_domestic_debt,monthly
2018-08-31,Pakistan Engineering Company,0.589622,billion PKR,sbp_domestic_debt,monthly
2018-09-30,Pakistan Engineering Company,0.589622,billion PKR,sbp_domestic_debt,monthly
2018-10-31,Pakistan Engineering Company,0.589622,billion PKR,sbp_domestic_debt,monthly
2018-11-30,Pakistan Engineering Company,0.589622,billion PKR,sbp_domestic_debt,monthly
2018-12-31,Pakistan Engineering Company,0.589622,billion PKR,sbp_domestic_debt,monthly
2019-01-31,Pakistan Engineering Company,0.589622,billion PKR,sbp_domestic_debt,monthly
2019-02-28,Pakistan Engineering Company,0.589622,billion PKR,sbp_domestic_debt,monthly
2019-03-31,Pakistan Engineering Company,0.589622,billion PKR,sbp_domestic_debt,monthly
2019-04-30,Pakistan Engineering Company,0.589622,billion PKR,sbp_domestic_debt,monthly
2019-05-31,Pakistan Engineering Company,0.589622,billion PKR,sbp_domestic_debt,monthly
2019-06-30,Pakistan Engineering Company,0.589622,billion PKR,sbp_domestic_debt,monthly
2019-07-31,Pakistan Engineering Company,0.589622,billion PKR,sbp_domestic_debt,monthly
2019-08-31,Pakistan Engineering Company,0.589622,billion PKR,sbp_domestic_debt,monthly
2019-09-30,Pakistan Engineering Company,0.589622,billion PKR,sbp_domestic_debt,monthly
2019-10-31,Pakistan Engineering Company,0.589622,billion PKR,sbp_domestic_debt,monthly
2019-11-30,Pakistan Engineering Company,0.589622,billion PKR,sbp_domestic_debt,monthly
2019-12-31,Pakistan Engineering Company,0.589622,billion PKR,sbp_domestic_debt,monthly
2020-01-31,Pakistan Engineering Company,0.589622,billion PKR,sbp_domestic_debt,monthly
2020-02-29,Pakistan Engineering Company,0.589622,billion PKR,sbp_domestic_debt,monthly
2020-03-31,Pakistan Engineering Company,0.589622,billion PKR,sbp_domestic_debt,monthly
2020-04-30,Pakistan Engineering Company,0.589622,billion PKR,sbp_domestic_debt,monthly
2020-05-31,Pakistan Engineering Company,0.589622,billion PKR,sbp_domestic_debt,monthly
2020-06-30,Pakistan Engineering Company,0.589622,billion PKR,sbp_domestic_debt,monthly
2020-07-31,Pakistan Engineering Company,0.589622,billion PKR,sbp_domestic_debt,monthly
2020-08-31,Pakistan Engineering Company,0.589622,billion PKR,sbp_domestic_debt,monthly
2020-09-30,Pakistan Engineering Company,0.589622,billion PKR,sbp_domestic_debt,monthly
2020-10-31,Pakistan Engineering Company,0.589622,billion PKR,sbp_domestic_debt,monthly
2020-11-30,Pakistan Engineering Company,0.589622,billion PKR,sbp_domestic_debt,monthly
2020-12-31,Pakistan Engineering Company,0.589622,billion PKR,sbp_domestic_debt,monthly
2021-01-31,Pakistan Engineering Company,0.589622,billion PKR,sbp_domestic_debt,monthly
2021-02-28,Pakistan Engineering Company,0.589622,billion PKR,sbp_domestic_debt,monthly
2021-03-31,Pakistan Engineering Company,0.589622,billion PKR,sbp_domestic_debt,monthly
2021-04-30,Pakistan Engineering Company,0.589622,billion PKR,sbp_domestic_debt,monthly
2021-05-31,Pakistan Engineering Company,0.589622,billion PKR,sbp_domestic_debt,monthly
2021-06-30,Pakistan Engineering Company,0.589622,billion PKR,sbp_domestic_debt,monthly
2021-07-31,Pakistan Engineering Company,0.589622,billion PKR,sbp_domestic_debt,monthly
2021-08-31,Pakistan Engineering Company,0.589622,billion PKR,sbp_domestic_debt,monthly
2021-09-30,Pakistan Engineering Company,0.589622,billion PKR,sbp_domestic_debt,monthly
2021-10-31,Pakistan Engineering Company,0.589622,billion PKR,sbp_domestic_debt,monthly
2021-11-30,Pakistan Engineering Company,0.589622,billion PKR,sbp_domestic_debt,monthly
2021-12-31,Pakistan Engineering Company,0.589622,billion PKR,sbp_domestic_debt,monthly
2022-01-31,Pakistan Engineering Company,0.589622,billion PKR,sbp_domestic_debt,monthly
2022-02-28,Pakistan Engineering Company,0.589622,billion PKR,sbp_domestic_debt,monthly
2022-03-31,Pakistan Engineering Company,0.589622,billion PKR,sbp_domestic_debt,monthly
2022-04-30,Pakistan Engineering Company,0.589622,billion PKR,sbp_domestic_debt,monthly
2022-05-31,Pakistan Engineering Company,0.589622,billion PKR,sbp_domestic_debt,monthly
2022-06-30,Pakistan Engineering Company,0.589622,billion PKR,sbp_domestic_debt,monthly
2010-06-30,Pakistan Investment Bonds (PIBs),504.807957785,billion PKR,sbp_domestic_debt,monthly
2010-07-31,Pakistan Investment Bonds (PIBs),505.291287785,billion PKR,sbp_domestic_debt,monthly
2010-08-31,Pakistan Investment Bonds (PIBs),500.122287785,billion PKR,sbp_domestic_debt,monthly
2010-09-30,Pakistan Investment Bonds (PIBs),500.122287785,billion PKR,sbp_domestic_debt,monthly
2010-10-31,Pakistan Investment Bonds (PIBs),508.067187785,billion PKR,sbp_domestic_debt,monthly
2010-11-30,Pakistan Investment Bonds (PIBs),508.067187785,billion PKR,sbp_domestic_debt,monthly
2010-12-31,Pakistan Investment Bonds (PIBs),522.0668877850001,billion PKR,sbp_domestic_debt,monthly
2011-01-31,Pakistan Investment Bonds (PIBs),522.0668877850001,billion PKR,sbp_domestic_debt,monthly
2011-02-28,Pakistan Investment Bonds (PIBs),536.070187785,billion PKR,sbp_domestic_debt,monthly
2011-03-31,Pakistan Investment Bonds (PIBs),561.300987785,billion PKR,sbp_domestic_debt,monthly
2011-04-30,Pakistan Investment Bonds (PIBs),577.840087785,billion PKR,sbp_domestic_debt,monthly
2011-05-31,Pakistan Investment Bonds (PIBs),592.9567201780001,billion PKR,sbp_domestic_debt,monthly
2011-06-30,Pakistan Investment Bonds (PIBs),616.425020178,billion PKR,sbp_domestic_debt,monthly
2011-07-31,Pakistan Investment Bonds (PIBs),616.425020178,billion PKR,sbp_domestic_debt,monthly
2011-08-31,Pakistan Investment Bonds (PIBs),641.422520178,billion PKR,sbp_domestic_debt,monthly
2011-09-30,Pakistan Investment Bonds (PIBs),668.661020178,billion PKR,sbp_domestic_debt,monthly
2011-10-31,Pakistan Investment Bonds (PIBs),675.175320178,billion PKR,sbp_domestic_debt,monthly
2011-11-30,Pakistan Investment Bonds (PIBs),886.1547301779999,billion PKR,sbp_domestic_debt,monthly
2011-12-31,Pakistan Investment Bonds (PIBs),881.973120178,billion PKR,sbp_domestic_debt,monthly
2012-01-31,Pakistan Investment Bonds (PIBs),881.973120178,billion PKR,sbp_domestic_debt,monthly
2012-02-29,Pakistan Investment Bonds (PIBs),898.861020178,billion PKR,sbp_domestic_debt,monthly
2012-03-31,Pakistan Investment Bonds (PIBs),925.750920178,billion PKR,sbp_domestic_debt,monthly
2012-04-30,Pakistan Investment Bonds (PIBs),920.396020178,billion PKR,sbp_domestic_debt,monthly
2012-05-31,Pakistan Investment Bonds (PIBs),947.972720178,billion PKR,sbp_domestic_debt,monthly
2012-06-30,Pakistan Investment Bonds (PIBs),974.699220178,billion PKR,sbp_domestic_debt,monthly
2012-07-31,Pakistan Investment Bonds (PIBs),1031.879920178,billion PKR,sbp_domestic_debt,monthly
2012-08-31,Pakistan Investment Bonds (PIBs),1044.9294201779999,billion PKR,sbp_domestic_debt,monthly
2012-09-30,Pakistan Investment Bonds (PIBs),1075.007920178,billion PKR,sbp_domestic_debt,monthly
2012-10-31,Pakistan Investment Bonds (PIBs),1092.880420178,billion PKR,sbp_domestic_debt,monthly
2012-11-30,Pakistan Investment Bonds (PIBs),1113.1568201779999,billion PKR,sbp_domestic_debt,monthly
2012-12-31,Pakistan Investment Bonds (PIBs),1119.766320178,billion PKR,sbp_domestic_debt,monthly
2013-01-31,Pakistan Investment Bonds (PIBs),1119.766320178,billion PKR,sbp_domestic_debt,monthly
2013-02-28,Pakistan Investment Bonds (PIBs),1119.766320178,billion PKR,sbp_domestic_debt,monthly
2013-03-31,Pakistan Investment Bonds (PIBs),1118.5663201779998,billion PKR,sbp_domestic_debt,monthly
2013-04-30,Pakistan Investment Bonds (PIBs),1134.921620178,billion PKR,sbp_domestic_debt,monthly
2013-05-31,Pakistan Investment Bonds (PIBs),1172.863020178,billion PKR,sbp_domestic_debt,monthly
2013-06-30,Pakistan Investment Bonds (PIBs),1321.595550178,billion PKR,sbp_domestic_debt,monthly
2013-07-31,Pakistan Investment Bonds (PIBs),1262.386650178,billion PKR,sbp_domestic_debt,monthly
2013-08-31,Pakistan Investment Bonds (PIBs),1283.547850178,billion PKR,sbp_domestic_debt,monthly
2013-09-30,Pakistan Investment Bonds (PIBs),1300.359550178,billion PKR,sbp_domestic_debt,monthly
2013-10-31,Pakistan Investment Bonds (PIBs),1274.9126501780001,billion PKR,sbp_domestic_debt,monthly
2013-11-30,Pakistan Investment Bonds (PIBs),1320.060650178,billion PKR,sbp_domestic_debt,monthly
2013-12-31,Pakistan Investment Bonds (PIBs),1379.482750178,billion PKR,sbp_domestic_debt,monthly
2014-01-31,Pakistan Investment Bonds (PIBs),1581.076250178,billion PKR,sbp_domestic_debt,monthly
2014-02-28,Pakistan Investment Bonds (PIBs),1829.8310501780002,billion PKR,sbp_domestic_debt,monthly
2014-03-31,Pakistan Investment Bonds (PIBs),2364.999850178,billion PKR,sbp_domestic_debt,monthly
2014-04-30,Pakistan Investment Bonds (PIBs),2767.218550178,billion PKR,sbp_domestic_debt,monthly
2014-05-31,Pakistan Investment Bonds (PIBs),3009.534050178,billion PKR,sbp_domestic_debt,monthly
2014-06-30,Pakistan Investment Bonds (PIBs),3221.969150178,billion PKR,sbp_domestic_debt,monthly
2014-07-31,Pakistan Investment Bonds (PIBs),3285.299050178,billion PKR,sbp_domestic_debt,monthly
2014-08-31,Pakistan Investment Bonds (PIBs),3302.7606501779997,billion PKR,sbp_domestic_debt,monthly
2014-09-30,Pakistan Investment Bonds (PIBs),3456.0156501779998,billion PKR,sbp_domestic_debt,monthly
2014-10-31,Pakistan Investment Bonds (PIBs),3512.4958501779997,billion PKR,sbp_domestic_debt,monthly
2014-11-30,Pakistan Investment Bonds (PIBs),3657.164550178,billion PKR,sbp_domestic_debt,monthly
2014-12-31,Pakistan Investment Bonds (PIBs),3809.434530178,billion PKR,sbp_domestic_debt,monthly
2015-01-31,Pakistan Investment Bonds (PIBs),3886.4525301779995,billion PKR,sbp_domestic_debt,monthly
2015-02-28,Pakistan Investment Bonds (PIBs),3952.863930178,billion PKR,sbp_domestic_debt,monthly
2015-03-31,Pakistan Investment Bonds (PIBs),4001.6444301779998,billion PKR,sbp_domestic_debt,monthly
2015-04-30,Pakistan Investment Bonds (PIBs),4044.461230178,billion PKR,sbp_domestic_debt,monthly
2015-05-31,Pakistan Investment Bonds (PIBs),4104.524650178,billion PKR,sbp_domestic_debt,monthly
2015-06-30,Pakistan Investment Bonds (PIBs),4155.210444179374,billion PKR,sbp_domestic_debt,monthly
2015-07-31,Pakistan Investment Bonds (PIBs),4055.474554778,billion PKR,sbp_domestic_debt,monthly
2015-08-31,Pakistan Investment Bonds (PIBs),4117.480666978,billion PKR,sbp_domestic_debt,monthly
2015-09-30,Pakistan Investment Bonds (PIBs),4210.825654778,billion PKR,sbp_domestic_debt,monthly
2015-10-31,Pakistan Investment Bonds (PIBs),4307.151561778,billion PKR,sbp_domestic_debt,monthly
2015-11-30,Pakistan Investment Bonds (PIBs),4359.797550178,billion PKR,sbp_domestic_debt,monthly
2015-12-31,Pakistan Investment Bonds (PIBs),4396.025550177999,billion PKR,sbp_domestic_debt,monthly
2016-01-31,Pakistan Investment Bonds (PIBs),4521.3233501780005,billion PKR,sbp_domestic_debt,monthly
2016-02-29,Pakistan Investment Bonds (PIBs),4662.591050178,billion PKR,sbp_domestic_debt,monthly
2016-03-31,Pakistan Investment Bonds (PIBs),4777.768150178,billion PKR,sbp_domestic_debt,monthly
2016-04-30,Pakistan Investment Bonds (PIBs),4909.876521177999,billion PKR,sbp_domestic_debt,monthly
2016-05-31,Pakistan Investment Bonds (PIBs),4876.241371,billion PKR,sbp_domestic_debt,monthly
2016-06-30,Pakistan Investment Bonds (PIBs),4921.39987,billion PKR,sbp_domestic_debt,monthly
2016-07-31,Pakistan Investment Bonds (PIBs),3976.977371,billion PKR,sbp_domestic_debt,monthly
2016-08-31,Pakistan Investment Bonds (PIBs),3932.3236709999996,billion PKR,sbp_domestic_debt,monthly
2016-09-30,Pakistan Investment Bonds (PIBs),4140.459771,billion PKR,sbp_domestic_debt,monthly
2016-10-31,Pakistan Investment Bonds (PIBs),4140.25713,billion PKR,sbp_domestic_debt,monthly
2016-11-30,Pakistan Investment Bonds (PIBs),4140.50644,billion PKR,sbp_domestic_debt,monthly
2016-12-31,Pakistan Investment Bonds (PIBs),4140.50644,billion PKR,sbp_domestic_debt,monthly
2017-01-31,Pakistan Investment Bonds (PIBs),4184.55194,billion PKR,sbp_domestic_debt,monthly
2017-02-28,Pakistan Investment Bonds (PIBs),4247.2837,billion PKR,sbp_domestic_debt,monthly
2017-03-31,Pakistan Investment Bonds (PIBs),4276.5091999999995,billion PKR,sbp_domestic_debt,monthly
2017-04-30,Pakistan Investment Bonds (PIBs),4276.5091999999995,billion PKR,sbp_domestic_debt,monthly
2017-05-31,Pakistan Investment Bonds (PIBs),4316.7257,billion PKR,sbp_domestic_debt,monthly
2017-06-30,Pakistan Investment Bonds (PIBs),4391.7586,billion PKR,sbp_domestic_debt,monthly
2017-07-31,Pakistan Investment Bonds (PIBs),3874.655099999859,billion PKR,sbp_domestic_debt,monthly
2017-08-31,Pakistan Investment Bonds (PIBs),3850.779699999859,billion PKR,sbp_domestic_debt,monthly
2017-09-30,Pakistan Investment Bonds (PIBs),3850.779699999859,billion PKR,sbp_domestic_debt,monthly
2017-10-31,Pakistan Investment Bonds (PIBs),3850.779699999859,billion PKR,sbp_domestic_debt,monthly
2017-11-30,Pakistan Investment Bonds (PIBs),3850.779699999859,billion PKR,sbp_domestic_debt,monthly
2017-12-31,Pakistan Investment Bonds (PIBs),3850.779699999859,billion PKR,sbp_domestic_debt,monthly
2018-01-31,Pakistan Investment Bonds (PIBs),3850.779699999859,billion PKR,sbp_domestic_debt,monthly
2018-02-28,Pakistan Investment Bonds (PIBs),3850.779699999859,billion PKR,sbp_domestic_debt,monthly
2018-03-31,Pakistan Investment Bonds (PIBs),3324.0169999998593,billion PKR,sbp_domestic_debt,monthly
2018-04-30,Pakistan Investment Bonds (PIBs),3359.451299999859,billion PKR,sbp_domestic_debt,monthly
2018-05-31,Pakistan Investment Bonds (PIBs),3394.29279999986,billion PKR,sbp_domestic_debt,monthly
2018-06-30,Pakistan Investment Bonds (PIBs),3413.26269999986,billion PKR,sbp_domestic_debt,monthly
2018-07-31,Pakistan Investment Bonds (PIBs),2987.15179999986,billion PKR,sbp_domestic_debt,monthly
2018-08-31,Pakistan Investment Bonds (PIBs),3076.314599999859,billion PKR,sbp_domestic_debt,monthly
2018-09-30,Pakistan Investment Bonds (PIBs),3080.9825999998593,billion PKR,sbp_domestic_debt,monthly
2018-10-31,Pakistan Investment Bonds (PIBs),3080.9825999998593,billion PKR,sbp_domestic_debt,monthly
2018-11-30,Pakistan Investment Bonds (PIBs),3080.9825999998593,billion PKR,sbp_domestic_debt,monthly
2018-12-31,Pakistan Investment Bonds (PIBs),3103.4812999998594,billion PKR,sbp_domestic_debt,monthly
2019-01-31,Pakistan Investment Bonds (PIBs),3160.9457999998594,billion PKR,sbp_domestic_debt,monthly
2019-02-28,Pakistan Investment Bonds (PIBs),3482.427899999859,billion PKR,sbp_domestic_debt,monthly
2019-03-31,Pakistan Investment Bonds (PIBs),3596.233799999859,billion PKR,sbp_domestic_debt,monthly
2019-04-30,Pakistan Investment Bonds (PIBs),3441.7739999998594,billion PKR,sbp_domestic_debt,monthly
2019-05-31,Pakistan Investment Bonds (PIBs),3599.9326999998593,billion PKR,sbp_domestic_debt,monthly
2019-06-30,Pakistan Investment Bonds (PIBs),10933.1859,billion PKR,sbp_domestic_debt,monthly
2019-07-31,Pakistan Investment Bonds (PIBs),11006.113399999858,billion PKR,sbp_domestic_debt,monthly
2019-08-31,Pakistan Investment Bonds (PIBs),11561.35629999986,billion PKR,sbp_domestic_debt,monthly
2019-09-30,Pakistan Investment Bonds (PIBs),11839.569819999859,billion PKR,sbp_domestic_debt,monthly
2019-10-31,Pakistan Investment Bonds (PIBs),12017.440123049999,billion PKR,sbp_domestic_debt,monthly
2019-11-30,Pakistan Investment Bonds (PIBs),12205.87652305,billion PKR,sbp_domestic_debt,monthly
2019-12-31,Pakistan Investment Bonds (PIBs),12172.955923050002,billion PKR,sbp_domestic_debt,monthly
2020-01-31,Pakistan Investment Bonds (PIBs),12330.8869586162,billion PKR,sbp_domestic_debt,monthly
2020-02-29,Pakistan Investment Bonds (PIBs),12442.9435886162,billion PKR,sbp_domestic_debt,monthly
2020-03-31,Pakistan Investment Bonds (PIBs),12254.4675286162,billion PKR,sbp_domestic_debt,monthly
2020-04-30,Pakistan Investment Bonds (PIBs),12417.447530000001,billion PKR,sbp_domestic_debt,monthly
2020-05-31,Pakistan Investment Bonds (PIBs),12650.789600000002,billion PKR,sbp_domestic_debt,monthly
2020-06-30,Pakistan Investment Bonds (PIBs),12885.97758,billion PKR,sbp_domestic_debt,monthly
2020-07-31,Pakistan Investment Bonds (PIBs),13194.563760000001,billion PKR,sbp_domestic_debt,monthly
2020-08-31,Pakistan Investment Bonds (PIBs),13391.2579,billion PKR,sbp_domestic_debt,monthly
2020-09-30,Pakistan Investment Bonds (PIBs),13615.728995,billion PKR,sbp_domestic_debt,monthly
2020-10-31,Pakistan Investment Bonds (PIBs),13836.290662000001,billion PKR,sbp_domestic_debt,monthly
2020-11-30,Pakistan Investment Bonds (PIBs),14033.394989,billion PKR,sbp_domestic_debt,monthly
2020-12-31,Pakistan Investment Bonds (PIBs),14102.150455,billion PKR,sbp_domestic_debt,monthly
2021-01-31,Pakistan Investment Bonds (PIBs),14164.694356,billion PKR,sbp_domestic_debt,monthly
2021-02-28,Pakistan Investment Bonds (PIBs),14272.216282000001,billion PKR,sbp_domestic_debt,monthly
2021-03-31,Pakistan Investment Bonds (PIBs),14374.481024000002,billion PKR,sbp_domestic_debt,monthly
2021-04-30,Pakistan Investment Bonds (PIBs),14024.233947,billion PKR,sbp_domestic_debt,monthly
2021-05-31,Pakistan Investment Bonds (PIBs),14323.352926000001,billion PKR,sbp_domestic_debt,monthly
2021-06-30,Pakistan Investment Bonds (PIBs),14589.967627,billion PKR,sbp_domestic_debt,monthly
2021-07-31,Pakistan Investment Bonds (PIBs),14111.83962,billion PKR,sbp_domestic_debt,monthly
2021-08-31,Pakistan Investment Bonds (PIBs),14126.531029999998,billion PKR,sbp_domestic_debt,monthly
2021-09-30,Pakistan Investment Bonds (PIBs),14581.39798,billion PKR,sbp_domestic_debt,monthly
2021-10-31,Pakistan Investment Bonds (PIBs),14754.538050000001,billion PKR,sbp_domestic_debt,monthly
2021-11-30,Pakistan Investment Bonds (PIBs),15079.97496,billion PKR,sbp_domestic_debt,monthly
2021-12-31,Pakistan Investment Bonds (PIBs),15174.89777,billion PKR,sbp_domestic_debt,monthly
2022-01-31,Pakistan Investment Bonds (PIBs),15588.520689999998,billion PKR,sbp_domestic_debt,monthly
2022-02-28,Pakistan Investment Bonds (PIBs),16066.345599999999,billion PKR,sbp_domestic_debt,monthly
2022-03-31,Pakistan Investment Bonds (PIBs),16529.07518,billion PKR,sbp_domestic_debt,monthly
2022-04-30,Pakistan Investment Bonds (PIBs),17046.504983739,billion PKR,sbp_domestic_debt,monthly
2022-05-31,Pakistan Investment Bonds (PIBs),17172.374053739,billion PKR,sbp_domestic_debt,monthly
2022-06-30,Pakistan Investment Bonds (PIBs),17686.965053739,billion PKR,sbp_domestic_debt,monthly
2022-07-31,Pakistan Investment Bonds (PIBs)8,17315.261163739,billion PKR,sbp_domestic_debt,monthly
2022-08-31,Pakistan Investment Bonds (PIBs)8,18070.958243739,billion PKR,sbp_domestic_debt,monthly
2022-09-30,Pakistan Investment Bonds (PIBs)8,18185.206243739,billion PKR,sbp_domestic_debt,monthly
2022-10-31,Pakistan Investment Bonds (PIBs)8,19239.435683739,billion PKR,sbp_domestic_debt,monthly
2022-11-30,Pakistan Investment Bonds (PIBs)8,19462.176333739,billion PKR,sbp_domestic_debt,monthly
2022-12-31,Pakistan Investment Bonds (PIBs)8,20301.170253739,billion PKR,sbp_domestic_debt,monthly
2023-01-31,Pakistan Investment Bonds (PIBs)8,20906.448653739,billion PKR,sbp_domestic_debt,monthly
2023-02-28,Pakistan Investment Bonds (PIBs)8,21151.778453739,billion PKR,sbp_domestic_debt,monthly
2023-03-31,Pakistan Investment Bonds (PIBs)8,21782.754953739,billion PKR,sbp_domestic_debt,monthly
2023-04-30,Pakistan Investment Bonds (PIBs)8,22105.631553739,billion PKR,sbp_domestic_debt,monthly
2023-05-31,Pakistan Investment Bonds (PIBs)8,22279.565353739003,billion PKR,sbp_domestic_debt,monthly
2023-06-30,Pakistan Investment Bonds (PIBs)8,22009.269553739003,billion PKR,sbp_domestic_debt,monthly
2023-07-31,Pakistan Investment Bonds (PIBs)8,22060.263853739,billion PKR,sbp_domestic_debt,monthly
2023-08-31,Pakistan Investment Bonds (PIBs)8,22094.357773738997,billion PKR,sbp_domestic_debt,monthly
2023-09-30,Pakistan Investment Bonds (PIBs)8,22721.677633739,billion PKR,sbp_domestic_debt,monthly
2023-10-31,Pakistan Investment Bonds (PIBs)8,23065.402273738997,billion PKR,sbp_domestic_debt,monthly
2023-11-30,Pakistan Investment Bonds (PIBs)8,24976.200343738998,billion PKR,sbp_domestic_debt,monthly
2023-12-31,Pakistan Investment Bonds (PIBs)8,25608.742883739,billion PKR,sbp_domestic_debt,monthly
2024-01-31,Pakistan Investment Bonds (PIBs)8,25595.660093739,billion PKR,sbp_domestic_debt,monthly
2024-02-29,Pakistan Investment Bonds (PIBs)8,26032.288153739,billion PKR,sbp_domestic_debt,monthly
2024-03-31,Pakistan Investment Bonds (PIBs)8,26169.89005179,billion PKR,sbp_domestic_debt,monthly
2024-04-30,Pakistan Investment Bonds (PIBs)8,26536.533753738997,billion PKR,sbp_domestic_debt,monthly
2024-05-31,Pakistan Investment Bonds (PIBs)8,27702.933723739003,billion PKR,sbp_domestic_debt,monthly
2024-06-30,Pakistan Investment Bonds (PIBs)8,28025.781763738996,billion PKR,sbp_domestic_debt,monthly
2024-07-31,Pakistan Investment Bonds (PIBs)8,28150.330053738995,billion PKR,sbp_domestic_debt,monthly
2024-08-31,Pakistan Investment Bonds (PIBs)8,28391.067363738995,billion PKR,sbp_domestic_debt,monthly
2024-09-30,Pakistan Investment Bonds (PIBs)8,27126.734483738997,billion PKR,sbp_domestic_debt,monthly
2024-10-31,Pakistan Investment Bonds (PIBs)8,27764.427623738997,billion PKR,sbp_domestic_debt,monthly
2024-11-30,Pakistan Investment Bonds (PIBs)8,29313.537213738997,billion PKR,sbp_domestic_debt,monthly
2024-12-31,Pakistan Investment Bonds (PIBs)8,31216.192663739,billion PKR,sbp_domestic_debt,monthly
2025-01-31,Pakistan Investment Bonds (PIBs)8,31774.985553738996,billion PKR,sbp_domestic_debt,monthly
2025-02-28,Pakistan Investment Bonds (PIBs)8,32558.290053738998,billion PKR,sbp_domestic_debt,monthly
2025-03-31,Pakistan Investment Bonds (PIBs)8,33621.888473738996,billion PKR,sbp_domestic_debt,monthly
2025-04-30,Pakistan Investment Bonds (PIBs)8,34317.491183739,billion PKR,sbp_domestic_debt,monthly
2025-05-31,Pakistan Investment Bonds (PIBs)8,35235.874153738994,billion PKR,sbp_domestic_debt,monthly
2025-06-30,Pakistan Investment Bonds (PIBs)8,35014.817309024904,billion PKR,sbp_domestic_debt,monthly
2025-07-31,Pakistan Investment Bonds (PIBs)8,35565.43927015017,billion PKR,sbp_domestic_debt,monthly
2025-08-31,Pakistan Investment Bonds (PIBs)8,34553.480379520006,billion PKR,sbp_domestic_debt,monthly
2025-09-30,Pakistan Investment Bonds (PIBs)8,33968.68632424669,billion PKR,sbp_domestic_debt,monthly
2025-10-31,Pakistan Investment Bonds (PIBs)8,34238.5271694943,billion PKR,sbp_domestic_debt,monthly
2025-11-30,Pakistan Investment Bonds (PIBs)8,34714.774363268014,billion PKR,sbp_domestic_debt,monthly
2025-12-31,Pakistan Investment Bonds (PIBs)8,34929.69395708156,billion PKR,sbp_domestic_debt,monthly
2026-01-31,Pakistan Investment Bonds (PIBs)8,35276.941220426415,billion PKR,sbp_domestic_debt,monthly
2026-02-28,Pakistan Investment Bonds (PIBs)8,35362.26594296547,billion PKR,sbp_domestic_debt,monthly
2026-03-31,Pakistan Investment Bonds (PIBs)8,35678.352046461805,billion PKR,sbp_domestic_debt,monthly
2026-04-30,Pakistan Investment Bonds (PIBs)8,35034.62031648172,billion PKR,sbp_domestic_debt,monthly
2026-05-31,Pakistan Investment Bonds (PIBs)8,34644.78767540655,billion PKR,sbp_domestic_debt,monthly
2010-06-30,Postal Life Insurance,67.1219,billion PKR,sbp_domestic_debt,monthly
2010-07-31,Postal Life Insurance,67.1219,billion PKR,sbp_domestic_debt,monthly
2010-08-31,Postal Life Insurance,67.1219,billion PKR,sbp_domestic_debt,monthly
2010-09-30,Postal Life Insurance,67.1219,billion PKR,sbp_domestic_debt,monthly
2010-10-31,Postal Life Insurance,67.1219,billion PKR,sbp_domestic_debt,monthly
2010-11-30,Postal Life Insurance,67.1219,billion PKR,sbp_domestic_debt,monthly
2010-12-31,Postal Life Insurance,67.1219,billion PKR,sbp_domestic_debt,monthly
2011-01-31,Postal Life Insurance,67.1219,billion PKR,sbp_domestic_debt,monthly
2011-02-28,Postal Life Insurance,67.1219,billion PKR,sbp_domestic_debt,monthly
2011-03-31,Postal Life Insurance,67.1219,billion PKR,sbp_domestic_debt,monthly
2011-04-30,Postal Life Insurance,67.1219,billion PKR,sbp_domestic_debt,monthly
2011-05-31,Postal Life Insurance,67.1219,billion PKR,sbp_domestic_debt,monthly
2011-06-30,Postal Life Insurance,67.1219,billion PKR,sbp_domestic_debt,monthly
2011-07-31,Postal Life Insurance,67.1219,billion PKR,sbp_domestic_debt,monthly
2011-08-31,Postal Life Insurance,67.1219,billion PKR,sbp_domestic_debt,monthly
2011-09-30,Postal Life Insurance,67.1219,billion PKR,sbp_domestic_debt,monthly
2011-10-31,Postal Life Insurance,67.1219,billion PKR,sbp_domestic_debt,monthly
2011-11-30,Postal Life Insurance,67.1219,billion PKR,sbp_domestic_debt,monthly
2011-12-31,Postal Life Insurance,67.1219,billion PKR,sbp_domestic_debt,monthly
2012-01-31,Postal Life Insurance,67.1219,billion PKR,sbp_domestic_debt,monthly
2012-02-29,Postal Life Insurance,67.1219,billion PKR,sbp_domestic_debt,monthly
2012-03-31,Postal Life Insurance,67.1219,billion PKR,sbp_domestic_debt,monthly
2012-04-30,Postal Life Insurance,67.1219,billion PKR,sbp_domestic_debt,monthly
2012-05-31,Postal Life Insurance,67.1219,billion PKR,sbp_domestic_debt,monthly
2012-06-30,Postal Life Insurance,67.1219,billion PKR,sbp_domestic_debt,monthly
2012-07-31,Postal Life Insurance,67.1219,billion PKR,sbp_domestic_debt,monthly
2012-08-31,Postal Life Insurance,67.1219,billion PKR,sbp_domestic_debt,monthly
2012-09-30,Postal Life Insurance,67.1219,billion PKR,sbp_domestic_debt,monthly
2012-10-31,Postal Life Insurance,67.1219,billion PKR,sbp_domestic_debt,monthly
2012-11-30,Postal Life Insurance,67.1219,billion PKR,sbp_domestic_debt,monthly
2012-12-31,Postal Life Insurance,67.1219,billion PKR,sbp_domestic_debt,monthly
2013-01-31,Postal Life Insurance,67.1219,billion PKR,sbp_domestic_debt,monthly
2013-02-28,Postal Life Insurance,67.1219,billion PKR,sbp_domestic_debt,monthly
2013-03-31,Postal Life Insurance,67.1219,billion PKR,sbp_domestic_debt,monthly
2013-04-30,Postal Life Insurance,67.1219,billion PKR,sbp_domestic_debt,monthly
2013-05-31,Postal Life Insurance,67.1219,billion PKR,sbp_domestic_debt,monthly
2013-06-30,Postal Life Insurance,67.1219,billion PKR,sbp_domestic_debt,monthly
2013-07-31,Postal Life Insurance,67.1219,billion PKR,sbp_domestic_debt,monthly
2013-08-31,Postal Life Insurance,67.1219,billion PKR,sbp_domestic_debt,monthly
2013-09-30,Postal Life Insurance,67.1219,billion PKR,sbp_domestic_debt,monthly
2013-10-31,Postal Life Insurance,67.1219,billion PKR,sbp_domestic_debt,monthly
2013-11-30,Postal Life Insurance,67.1219,billion PKR,sbp_domestic_debt,monthly
2013-12-31,Postal Life Insurance,67.1219,billion PKR,sbp_domestic_debt,monthly
2014-01-31,Postal Life Insurance,67.1219,billion PKR,sbp_domestic_debt,monthly
2014-02-28,Postal Life Insurance,67.1219,billion PKR,sbp_domestic_debt,monthly
2014-03-31,Postal Life Insurance,67.1219,billion PKR,sbp_domestic_debt,monthly
2014-04-30,Postal Life Insurance,67.1219,billion PKR,sbp_domestic_debt,monthly
2014-05-31,Postal Life Insurance,67.1219,billion PKR,sbp_domestic_debt,monthly
2014-06-30,Postal Life Insurance,67.1219,billion PKR,sbp_domestic_debt,monthly
2014-07-31,Postal Life Insurance,67.1219,billion PKR,sbp_domestic_debt,monthly
2014-08-31,Postal Life Insurance,67.1219,billion PKR,sbp_domestic_debt,monthly
2014-09-30,Postal Life Insurance,67.1219,billion PKR,sbp_domestic_debt,monthly
2014-10-31,Postal Life Insurance,67.1219,billion PKR,sbp_domestic_debt,monthly
2014-11-30,Postal Life Insurance,67.1219,billion PKR,sbp_domestic_debt,monthly
2014-12-31,Postal Life Insurance,67.1219,billion PKR,sbp_domestic_debt,monthly
2015-01-31,Postal Life Insurance,67.1219,billion PKR,sbp_domestic_debt,monthly
2015-02-28,Postal Life Insurance,67.1219,billion PKR,sbp_domestic_debt,monthly
2015-03-31,Postal Life Insurance,67.1219,billion PKR,sbp_domestic_debt,monthly
2015-04-30,Postal Life Insurance,67.1219,billion PKR,sbp_domestic_debt,monthly
2015-05-31,Postal Life Insurance,67.1219,billion PKR,sbp_domestic_debt,monthly
2015-06-30,Postal Life Insurance,67.1219,billion PKR,sbp_domestic_debt,monthly
2015-07-31,Postal Life Insurance,67.1219,billion PKR,sbp_domestic_debt,monthly
2015-08-31,Postal Life Insurance,67.1219,billion PKR,sbp_domestic_debt,monthly
2015-09-30,Postal Life Insurance,67.1219,billion PKR,sbp_domestic_debt,monthly
2015-10-31,Postal Life Insurance,67.1219,billion PKR,sbp_domestic_debt,monthly
2015-11-30,Postal Life Insurance,67.1219,billion PKR,sbp_domestic_debt,monthly
2015-12-31,Postal Life Insurance,67.1219,billion PKR,sbp_domestic_debt,monthly
2016-01-31,Postal Life Insurance,67.1219,billion PKR,sbp_domestic_debt,monthly
2016-02-29,Postal Life Insurance,67.1219,billion PKR,sbp_domestic_debt,monthly
2016-03-31,Postal Life Insurance,67.1219,billion PKR,sbp_domestic_debt,monthly
2016-04-30,Postal Life Insurance,67.1219,billion PKR,sbp_domestic_debt,monthly
2016-05-31,Postal Life Insurance,67.1219,billion PKR,sbp_domestic_debt,monthly
2016-06-30,Postal Life Insurance,67.1219,billion PKR,sbp_domestic_debt,monthly
2016-07-31,Postal Life Insurance,67.1219,billion PKR,sbp_domestic_debt,monthly
2016-08-31,Postal Life Insurance,67.1219,billion PKR,sbp_domestic_debt,monthly
2016-09-30,Postal Life Insurance,67.1219,billion PKR,sbp_domestic_debt,monthly
2016-10-31,Postal Life Insurance,67.1219,billion PKR,sbp_domestic_debt,monthly
2016-11-30,Postal Life Insurance,67.1219,billion PKR,sbp_domestic_debt,monthly
2016-12-31,Postal Life Insurance,67.1219,billion PKR,sbp_domestic_debt,monthly
2017-01-31,Postal Life Insurance,67.1219,billion PKR,sbp_domestic_debt,monthly
2017-02-28,Postal Life Insurance,67.1219,billion PKR,sbp_domestic_debt,monthly
2017-03-31,Postal Life Insurance,67.121895443,billion PKR,sbp_domestic_debt,monthly
2017-04-30,Postal Life Insurance,67.121895443,billion PKR,sbp_domestic_debt,monthly
2017-05-31,Postal Life Insurance,44.69601,billion PKR,sbp_domestic_debt,monthly
2017-06-30,Postal Life Insurance,45.79041,billion PKR,sbp_domestic_debt,monthly
2017-07-31,Postal Life Insurance,45.81555,billion PKR,sbp_domestic_debt,monthly
2017-08-31,Postal Life Insurance,45.8128869,billion PKR,sbp_domestic_debt,monthly
2017-09-30,Postal Life Insurance,45.883015054000005,billion PKR,sbp_domestic_debt,monthly
2017-10-31,Postal Life Insurance,45.952046491000004,billion PKR,sbp_domestic_debt,monthly
2017-11-30,Postal Life Insurance,46.032956658,billion PKR,sbp_domestic_debt,monthly
2017-12-31,Postal Life Insurance,46.124454074,billion PKR,sbp_domestic_debt,monthly
2018-01-31,Postal Life Insurance,46.570379370000005,billion PKR,sbp_domestic_debt,monthly
2018-02-28,Postal Life Insurance,46.569441923,billion PKR,sbp_domestic_debt,monthly
2018-03-31,Postal Life Insurance,46.50293783,billion PKR,sbp_domestic_debt,monthly
2018-04-30,Postal Life Insurance,46.47712557700001,billion PKR,sbp_domestic_debt,monthly
2018-05-31,Postal Life Insurance,46.66100212600001,billion PKR,sbp_domestic_debt,monthly
2018-06-30,Postal Life Insurance,46.665861921,billion PKR,sbp_domestic_debt,monthly
2018-07-31,Postal Life Insurance,46.605559896,billion PKR,sbp_domestic_debt,monthly
2018-08-31,Postal Life Insurance,46.53355098000001,billion PKR,sbp_domestic_debt,monthly
2018-09-30,Postal Life Insurance,46.38374014000001,billion PKR,sbp_domestic_debt,monthly
2018-10-31,Postal Life Insurance,46.40733103800001,billion PKR,sbp_domestic_debt,monthly
2018-11-30,Postal Life Insurance,46.18944962000001,billion PKR,sbp_domestic_debt,monthly
2018-12-31,Postal Life Insurance,46.150293449,billion PKR,sbp_domestic_debt,monthly
2019-01-31,Postal Life Insurance,46.49694523700001,billion PKR,sbp_domestic_debt,monthly
2019-02-28,Postal Life Insurance,46.38426112700001,billion PKR,sbp_domestic_debt,monthly
2019-03-31,Postal Life Insurance,46.370573180000015,billion PKR,sbp_domestic_debt,monthly
2019-04-30,Postal Life Insurance,46.48251792900002,billion PKR,sbp_domestic_debt,monthly
2019-05-31,Postal Life Insurance,46.28096949800001,billion PKR,sbp_domestic_debt,monthly
2019-06-30,Postal Life Insurance,47.91428180100001,billion PKR,sbp_domestic_debt,monthly
2019-07-31,Postal Life Insurance,48.07587324300001,billion PKR,sbp_domestic_debt,monthly
2019-08-31,Postal Life Insurance,47.81880564000001,billion PKR,sbp_domestic_debt,monthly
2019-09-30,Postal Life Insurance,47.694269867,billion PKR,sbp_domestic_debt,monthly
2019-10-31,Postal Life Insurance,47.875697449,billion PKR,sbp_domestic_debt,monthly
2019-11-30,Postal Life Insurance,47.821778412,billion PKR,sbp_domestic_debt,monthly
2019-12-31,Postal Life Insurance,47.650168234999995,billion PKR,sbp_domestic_debt,monthly
2020-01-31,Postal Life Insurance,47.561591001000004,billion PKR,sbp_domestic_debt,monthly
2020-02-29,Postal Life Insurance,47.50755049800001,billion PKR,sbp_domestic_debt,monthly
2020-03-31,Postal Life Insurance,47.373204492000006,billion PKR,sbp_domestic_debt,monthly
2020-04-30,Postal Life Insurance,47.43465523300001,billion PKR,sbp_domestic_debt,monthly
2020-05-31,Postal Life Insurance,47.53272272700001,billion PKR,sbp_domestic_debt,monthly
2020-06-30,Postal Life Insurance,48.542237660000005,billion PKR,sbp_domestic_debt,monthly
2020-07-31,Postal Life Insurance,48.602126758000004,billion PKR,sbp_domestic_debt,monthly
2020-08-31,Postal Life Insurance,48.84589933400001,billion PKR,sbp_domestic_debt,monthly
2020-09-30,Postal Life Insurance,48.66093984300001,billion PKR,sbp_domestic_debt,monthly
2020-10-31,Postal Life Insurance,48.550031653000005,billion PKR,sbp_domestic_debt,monthly
2020-11-30,Postal Life Insurance,48.485885896000006,billion PKR,sbp_domestic_debt,monthly
2020-12-31,Postal Life Insurance,48.532304647000004,billion PKR,sbp_domestic_debt,monthly
2021-01-31,Postal Life Insurance,48.312470433,billion PKR,sbp_domestic_debt,monthly
2021-02-28,Postal Life Insurance,48.312470433,billion PKR,sbp_domestic_debt,monthly
2021-03-31,Postal Life Insurance,47.893254664,billion PKR,sbp_domestic_debt,monthly
2021-04-30,Postal Life Insurance,47.398460348,billion PKR,sbp_domestic_debt,monthly
2021-05-31,Postal Life Insurance,47.231207586000004,billion PKR,sbp_domestic_debt,monthly
2021-06-30,Postal Life Insurance,47.230327687000006,billion PKR,sbp_domestic_debt,monthly
2021-07-31,Postal Life Insurance,47.230327687000006,billion PKR,sbp_domestic_debt,monthly
2021-08-31,Postal Life Insurance,47.230327687000006,billion PKR,sbp_domestic_debt,monthly
2021-09-30,Postal Life Insurance,47.230327687000006,billion PKR,sbp_domestic_debt,monthly
2021-10-31,Postal Life Insurance,47.230327687000006,billion PKR,sbp_domestic_debt,monthly
2021-11-30,Postal Life Insurance,47.230327687000006,billion PKR,sbp_domestic_debt,monthly
2021-12-31,Postal Life Insurance,47.230327687000006,billion PKR,sbp_domestic_debt,monthly
2022-01-31,Postal Life Insurance,47.230327687000006,billion PKR,sbp_domestic_debt,monthly
2022-02-28,Postal Life Insurance,47.230327687000006,billion PKR,sbp_domestic_debt,monthly
2022-03-31,Postal Life Insurance,47.230327687000006,billion PKR,sbp_domestic_debt,monthly
2022-04-30,Postal Life Insurance,47.230327687000006,billion PKR,sbp_domestic_debt,monthly
2022-05-31,Postal Life Insurance,47.230327687000006,billion PKR,sbp_domestic_debt,monthly
2022-06-30,Postal Life Insurance,47.230327687000006,billion PKR,sbp_domestic_debt,monthly
2022-07-31,Postal Life Insurance,47.230327687000006,billion PKR,sbp_domestic_debt,monthly
2022-08-31,Postal Life Insurance,47.230327687000006,billion PKR,sbp_domestic_debt,monthly
2022-09-30,Postal Life Insurance,47.230327687000006,billion PKR,sbp_domestic_debt,monthly
2022-10-31,Postal Life Insurance,47.230327687000006,billion PKR,sbp_domestic_debt,monthly
2022-11-30,Postal Life Insurance,47.230327687000006,billion PKR,sbp_domestic_debt,monthly
2022-12-31,Postal Life Insurance,47.230327687000006,billion PKR,sbp_domestic_debt,monthly
2023-01-31,Postal Life Insurance,47.230327687000006,billion PKR,sbp_domestic_debt,monthly
2023-02-28,Postal Life Insurance,47.230327687000006,billion PKR,sbp_domestic_debt,monthly
2023-03-31,Postal Life Insurance,47.230327687000006,billion PKR,sbp_domestic_debt,monthly
2023-04-30,Postal Life Insurance,47.230327687000006,billion PKR,sbp_domestic_debt,monthly
2023-05-31,Postal Life Insurance,47.230327687000006,billion PKR,sbp_domestic_debt,monthly
2023-06-30,Postal Life Insurance,47.230327687000006,billion PKR,sbp_domestic_debt,monthly
2023-07-31,Postal Life Insurance,47.230327687000006,billion PKR,sbp_domestic_debt,monthly
2023-08-31,Postal Life Insurance,47.230327687000006,billion PKR,sbp_domestic_debt,monthly
2023-09-30,Postal Life Insurance,47.230327687000006,billion PKR,sbp_domestic_debt,monthly
2023-10-31,Postal Life Insurance,47.230327687000006,billion PKR,sbp_domestic_debt,monthly
2023-11-30,Postal Life Insurance,47.230327687000006,billion PKR,sbp_domestic_debt,monthly
2023-12-31,Postal Life Insurance,47.230327687,billion PKR,sbp_domestic_debt,monthly
2024-01-31,Postal Life Insurance,47.230327687,billion PKR,sbp_domestic_debt,monthly
2024-02-29,Postal Life Insurance,47.230327687000006,billion PKR,sbp_domestic_debt,monthly
2024-03-31,Postal Life Insurance,47.230327687000006,billion PKR,sbp_domestic_debt,monthly
2024-04-30,Postal Life Insurance,47.230327687000006,billion PKR,sbp_domestic_debt,monthly
2024-05-31,Postal Life Insurance,47.230327687000006,billion PKR,sbp_domestic_debt,monthly
2024-06-30,Postal Life Insurance,47.230327687000006,billion PKR,sbp_domestic_debt,monthly
2024-07-31,Postal Life Insurance,47.230327687000006,billion PKR,sbp_domestic_debt,monthly
2024-08-31,Postal Life Insurance,47.230327687000006,billion PKR,sbp_domestic_debt,monthly
2024-09-30,Postal Life Insurance,47.230327687000006,billion PKR,sbp_domestic_debt,monthly
2024-10-31,Postal Life Insurance,47.230327687,billion PKR,sbp_domestic_debt,monthly
2024-11-30,Postal Life Insurance,47.230327687,billion PKR,sbp_domestic_debt,monthly
2024-12-31,Postal Life Insurance,47.230327687,billion PKR,sbp_domestic_debt,monthly
2025-01-31,Postal Life Insurance,47.230327687,billion PKR,sbp_domestic_debt,monthly
2025-02-28,Postal Life Insurance,47.230327687,billion PKR,sbp_domestic_debt,monthly
2025-03-31,Postal Life Insurance,47.230327687,billion PKR,sbp_domestic_debt,monthly
2025-04-30,Postal Life Insurance,47.230327687,billion PKR,sbp_domestic_debt,monthly
2025-05-31,Postal Life Insurance,47.230327687,billion PKR,sbp_domestic_debt,monthly
2025-06-30,Postal Life Insurance,47.230327687,billion PKR,sbp_domestic_debt,monthly
2025-07-31,Postal Life Insurance,47.230327687,billion PKR,sbp_domestic_debt,monthly
2025-08-31,Postal Life Insurance,47.230327687000006,billion PKR,sbp_domestic_debt,monthly
2025-09-30,Postal Life Insurance,47.230327687000006,billion PKR,sbp_domestic_debt,monthly
2025-10-31,Postal Life Insurance,47.230327687000006,billion PKR,sbp_domestic_debt,monthly
2025-11-30,Postal Life Insurance,47.230327687000006,billion PKR,sbp_domestic_debt,monthly
2025-12-31,Postal Life Insurance,47.230327687000006,billion PKR,sbp_domestic_debt,monthly
2026-01-31,Postal Life Insurance,47.230327687000006,billion PKR,sbp_domestic_debt,monthly
2026-02-28,Postal Life Insurance,47.230327687000006,billion PKR,sbp_domestic_debt,monthly
2026-03-31,Postal Life Insurance,47.230327687000006,billion PKR,sbp_domestic_debt,monthly
2026-04-30,Postal Life Insurance,47.230327687000006,billion PKR,sbp_domestic_debt,monthly
2026-05-31,Postal Life Insurance,47.230327687000006,billion PKR,sbp_domestic_debt,monthly
2010-06-30,Provincial Governments,0.0,billion PKR,sbp_domestic_debt,monthly
2010-07-31,Provincial Governments,0.0,billion PKR,sbp_domestic_debt,monthly
2010-08-31,Provincial Governments,0.0,billion PKR,sbp_domestic_debt,monthly
2010-09-30,Provincial Governments,0.0,billion PKR,sbp_domestic_debt,monthly
2010-10-31,Provincial Governments,0.0,billion PKR,sbp_domestic_debt,monthly
2010-11-30,Provincial Governments,0.0,billion PKR,sbp_domestic_debt,monthly
2010-12-31,Provincial Governments,0.0,billion PKR,sbp_domestic_debt,monthly
2011-01-31,Provincial Governments,0.0,billion PKR,sbp_domestic_debt,monthly
2011-02-28,Provincial Governments,0.0,billion PKR,sbp_domestic_debt,monthly
2011-03-31,Provincial Governments,0.0,billion PKR,sbp_domestic_debt,monthly
2011-04-30,Provincial Governments,0.0,billion PKR,sbp_domestic_debt,monthly
2011-05-31,Provincial Governments,0.0,billion PKR,sbp_domestic_debt,monthly
2011-06-30,Provincial Governments,0.0,billion PKR,sbp_domestic_debt,monthly
2011-07-31,Provincial Governments,0.0,billion PKR,sbp_domestic_debt,monthly
2011-08-31,Provincial Governments,0.0,billion PKR,sbp_domestic_debt,monthly
2011-09-30,Provincial Governments,0.0,billion PKR,sbp_domestic_debt,monthly
2011-10-31,Provincial Governments,0.0,billion PKR,sbp_domestic_debt,monthly
2011-11-30,Provincial Governments,0.0,billion PKR,sbp_domestic_debt,monthly
2011-12-31,Provincial Governments,0.0,billion PKR,sbp_domestic_debt,monthly
2012-01-31,Provincial Governments,0.0,billion PKR,sbp_domestic_debt,monthly
2012-02-29,Provincial Governments,0.0,billion PKR,sbp_domestic_debt,monthly
2012-03-31,Provincial Governments,0.0,billion PKR,sbp_domestic_debt,monthly
2012-04-30,Provincial Governments,0.0,billion PKR,sbp_domestic_debt,monthly
2012-05-31,Provincial Governments,0.0,billion PKR,sbp_domestic_debt,monthly
2012-06-30,Provincial Governments,0.0,billion PKR,sbp_domestic_debt,monthly
2012-07-31,Provincial Governments,0.0,billion PKR,sbp_domestic_debt,monthly
2012-08-31,Provincial Governments,0.0,billion PKR,sbp_domestic_debt,monthly
2012-09-30,Provincial Governments,0.0,billion PKR,sbp_domestic_debt,monthly
2012-10-31,Provincial Governments,0.0,billion PKR,sbp_domestic_debt,monthly
2012-11-30,Provincial Governments,0.0,billion PKR,sbp_domestic_debt,monthly
2012-12-31,Provincial Governments,0.0,billion PKR,sbp_domestic_debt,monthly
2013-01-31,Provincial Governments,0.0,billion PKR,sbp_domestic_debt,monthly
2013-02-28,Provincial Governments,0.0,billion PKR,sbp_domestic_debt,monthly
2013-03-31,Provincial Governments,0.0,billion PKR,sbp_domestic_debt,monthly
2013-04-30,Provincial Governments,0.0,billion PKR,sbp_domestic_debt,monthly
2013-05-31,Provincial Governments,0.0,billion PKR,sbp_domestic_debt,monthly
2013-06-30,Provincial Governments,0.0,billion PKR,sbp_domestic_debt,monthly
2013-07-31,Provincial Governments,0.0,billion PKR,sbp_domestic_debt,monthly
2013-08-31,Provincial Governments,0.0,billion PKR,sbp_domestic_debt,monthly
2013-09-30,Provincial Governments,0.0,billion PKR,sbp_domestic_debt,monthly
2013-10-31,Provincial Governments,0.0,billion PKR,sbp_domestic_debt,monthly
2013-11-30,Provincial Governments,0.0,billion PKR,sbp_domestic_debt,monthly
2013-12-31,Provincial Governments,0.0,billion PKR,sbp_domestic_debt,monthly
2014-01-31,Provincial Governments,0.0,billion PKR,sbp_domestic_debt,monthly
2014-02-28,Provincial Governments,0.0,billion PKR,sbp_domestic_debt,monthly
2014-03-31,Provincial Governments,0.0,billion PKR,sbp_domestic_debt,monthly
2014-04-30,Provincial Governments,0.0,billion PKR,sbp_domestic_debt,monthly
2014-05-31,Provincial Governments,0.0,billion PKR,sbp_domestic_debt,monthly
2014-06-30,Provincial Governments,0.0,billion PKR,sbp_domestic_debt,monthly
2014-07-31,Provincial Governments,0.0,billion PKR,sbp_domestic_debt,monthly
2014-08-31,Provincial Governments,0.0,billion PKR,sbp_domestic_debt,monthly
2014-09-30,Provincial Governments,0.0,billion PKR,sbp_domestic_debt,monthly
2014-10-31,Provincial Governments,0.0,billion PKR,sbp_domestic_debt,monthly
2014-11-30,Provincial Governments,0.0,billion PKR,sbp_domestic_debt,monthly
2014-12-31,Provincial Governments,0.0,billion PKR,sbp_domestic_debt,monthly
2015-01-31,Provincial Governments,0.0,billion PKR,sbp_domestic_debt,monthly
2015-02-28,Provincial Governments,0.0,billion PKR,sbp_domestic_debt,monthly
2015-03-31,Provincial Governments,0.0,billion PKR,sbp_domestic_debt,monthly
2015-04-30,Provincial Governments,0.0,billion PKR,sbp_domestic_debt,monthly
2015-05-31,Provincial Governments,0.0,billion PKR,sbp_domestic_debt,monthly
2015-06-30,Provincial Governments,0.0,billion PKR,sbp_domestic_debt,monthly
2015-07-31,Provincial Governments,0.0,billion PKR,sbp_domestic_debt,monthly
2015-08-31,Provincial Governments,0.0,billion PKR,sbp_domestic_debt,monthly
2015-09-30,Provincial Governments,0.0,billion PKR,sbp_domestic_debt,monthly
2015-10-31,Provincial Governments,0.0,billion PKR,sbp_domestic_debt,monthly
2015-11-30,Provincial Governments,0.0,billion PKR,sbp_domestic_debt,monthly
2015-12-31,Provincial Governments,0.0,billion PKR,sbp_domestic_debt,monthly
2016-01-31,Provincial Governments,0.0,billion PKR,sbp_domestic_debt,monthly
2016-02-29,Provincial Governments,0.0,billion PKR,sbp_domestic_debt,monthly
2016-03-31,Provincial Governments,0.0,billion PKR,sbp_domestic_debt,monthly
2016-04-30,Provincial Governments,0.0,billion PKR,sbp_domestic_debt,monthly
2016-05-31,Provincial Governments,0.0,billion PKR,sbp_domestic_debt,monthly
2016-06-30,Provincial Governments,0.0,billion PKR,sbp_domestic_debt,monthly
2016-07-31,Provincial Governments,0.0,billion PKR,sbp_domestic_debt,monthly
2016-08-31,Provincial Governments,0.0,billion PKR,sbp_domestic_debt,monthly
2016-09-30,Provincial Governments,0.0,billion PKR,sbp_domestic_debt,monthly
2016-10-31,Provincial Governments,0.0,billion PKR,sbp_domestic_debt,monthly
2016-11-30,Provincial Governments,0.0,billion PKR,sbp_domestic_debt,monthly
2016-12-31,Provincial Governments,0.0,billion PKR,sbp_domestic_debt,monthly
2017-01-31,Provincial Governments,0.0,billion PKR,sbp_domestic_debt,monthly
2017-02-28,Provincial Governments,0.0,billion PKR,sbp_domestic_debt,monthly
2017-03-31,Provincial Governments,0.0,billion PKR,sbp_domestic_debt,monthly
2017-04-30,Provincial Governments,0.0,billion PKR,sbp_domestic_debt,monthly
2017-05-31,Provincial Governments,0.0,billion PKR,sbp_domestic_debt,monthly
2017-06-30,Provincial Governments,0.0,billion PKR,sbp_domestic_debt,monthly
2017-07-31,Provincial Governments,0.0,billion PKR,sbp_domestic_debt,monthly
2017-08-31,Provincial Governments,0.0,billion PKR,sbp_domestic_debt,monthly
2017-09-30,Provincial Governments,0.0,billion PKR,sbp_domestic_debt,monthly
2017-10-31,Provincial Governments,0.0,billion PKR,sbp_domestic_debt,monthly
2017-11-30,Provincial Governments,0.0,billion PKR,sbp_domestic_debt,monthly
2017-12-31,Provincial Governments,0.0,billion PKR,sbp_domestic_debt,monthly
2018-01-31,Provincial Governments,0.0,billion PKR,sbp_domestic_debt,monthly
2018-02-28,Provincial Governments,0.0,billion PKR,sbp_domestic_debt,monthly
2018-03-31,Provincial Governments,0.0,billion PKR,sbp_domestic_debt,monthly
2018-04-30,Provincial Governments,0.0,billion PKR,sbp_domestic_debt,monthly
2018-05-31,Provincial Governments,0.0,billion PKR,sbp_domestic_debt,monthly
2018-06-30,Provincial Governments,0.0,billion PKR,sbp_domestic_debt,monthly
2018-07-31,Provincial Governments,0.0,billion PKR,sbp_domestic_debt,monthly
2018-08-31,Provincial Governments,0.0,billion PKR,sbp_domestic_debt,monthly
2018-09-30,Provincial Governments,0.0,billion PKR,sbp_domestic_debt,monthly
2018-10-31,Provincial Governments,0.0,billion PKR,sbp_domestic_debt,monthly
2018-11-30,Provincial Governments,0.0,billion PKR,sbp_domestic_debt,monthly
2018-12-31,Provincial Governments,0.0,billion PKR,sbp_domestic_debt,monthly
2019-01-31,Provincial Governments,0.0,billion PKR,sbp_domestic_debt,monthly
2019-02-28,Provincial Governments,0.0,billion PKR,sbp_domestic_debt,monthly
2019-03-31,Provincial Governments,0.0,billion PKR,sbp_domestic_debt,monthly
2019-04-30,Provincial Governments,0.0,billion PKR,sbp_domestic_debt,monthly
2019-05-31,Provincial Governments,0.0,billion PKR,sbp_domestic_debt,monthly
2019-06-30,Provincial Governments,0.0,billion PKR,sbp_domestic_debt,monthly
2019-07-31,Provincial Governments,0.0,billion PKR,sbp_domestic_debt,monthly
2019-08-31,Provincial Governments,0.0,billion PKR,sbp_domestic_debt,monthly
2019-09-30,Provincial Governments,0.0,billion PKR,sbp_domestic_debt,monthly
2019-10-31,Provincial Governments,0.0,billion PKR,sbp_domestic_debt,monthly
2019-11-30,Provincial Governments,0.0,billion PKR,sbp_domestic_debt,monthly
2019-12-31,Provincial Governments,0.0,billion PKR,sbp_domestic_debt,monthly
2020-01-31,Provincial Governments,0.0,billion PKR,sbp_domestic_debt,monthly
2020-02-29,Provincial Governments,0.0,billion PKR,sbp_domestic_debt,monthly
2020-03-31,Provincial Governments,0.0,billion PKR,sbp_domestic_debt,monthly
2020-04-30,Provincial Governments,0.0,billion PKR,sbp_domestic_debt,monthly
2020-05-31,Provincial Governments,0.0,billion PKR,sbp_domestic_debt,monthly
2020-06-30,Provincial Governments,0.0,billion PKR,sbp_domestic_debt,monthly
2020-07-31,Provincial Governments,0.0,billion PKR,sbp_domestic_debt,monthly
2020-08-31,Provincial Governments,0.0,billion PKR,sbp_domestic_debt,monthly
2020-09-30,Provincial Governments,0.0,billion PKR,sbp_domestic_debt,monthly
2020-10-31,Provincial Governments,0.0,billion PKR,sbp_domestic_debt,monthly
2020-11-30,Provincial Governments,0.0,billion PKR,sbp_domestic_debt,monthly
2020-12-31,Provincial Governments,0.0,billion PKR,sbp_domestic_debt,monthly
2021-01-31,Provincial Governments,0.0,billion PKR,sbp_domestic_debt,monthly
2021-02-28,Provincial Governments,0.0,billion PKR,sbp_domestic_debt,monthly
2021-03-31,Provincial Governments,0.0,billion PKR,sbp_domestic_debt,monthly
2021-04-30,Provincial Governments,0.0,billion PKR,sbp_domestic_debt,monthly
2021-05-31,Provincial Governments,0.0,billion PKR,sbp_domestic_debt,monthly
2021-06-30,Provincial Governments,0.0,billion PKR,sbp_domestic_debt,monthly
2021-07-31,Provincial Governments,0.0,billion PKR,sbp_domestic_debt,monthly
2021-08-31,Provincial Governments,0.0,billion PKR,sbp_domestic_debt,monthly
2021-09-30,Provincial Governments,0.0,billion PKR,sbp_domestic_debt,monthly
2021-10-31,Provincial Governments,0.0,billion PKR,sbp_domestic_debt,monthly
2021-11-30,Provincial Governments,0.0,billion PKR,sbp_domestic_debt,monthly
2021-12-31,Provincial Governments,0.0,billion PKR,sbp_domestic_debt,monthly
2022-01-31,Provincial Governments,0.0,billion PKR,sbp_domestic_debt,monthly
2022-02-28,Provincial Governments,0.0,billion PKR,sbp_domestic_debt,monthly
2022-03-31,Provincial Governments,0.0,billion PKR,sbp_domestic_debt,monthly
2022-04-30,Provincial Governments,0.0,billion PKR,sbp_domestic_debt,monthly
2022-05-31,Provincial Governments,0.0,billion PKR,sbp_domestic_debt,monthly
2022-06-30,Provincial Governments,0.0,billion PKR,sbp_domestic_debt,monthly
2022-07-31,Provincial Governments,0.0,billion PKR,sbp_domestic_debt,monthly
2022-08-31,Provincial Governments,0.0,billion PKR,sbp_domestic_debt,monthly
2022-09-30,Provincial Governments,0.0,billion PKR,sbp_domestic_debt,monthly
2022-10-31,Provincial Governments,0.0,billion PKR,sbp_domestic_debt,monthly
2022-11-30,Provincial Governments,0.0,billion PKR,sbp_domestic_debt,monthly
2022-12-31,Provincial Governments,0.0,billion PKR,sbp_domestic_debt,monthly
2023-01-31,Provincial Governments,0.0,billion PKR,sbp_domestic_debt,monthly
2023-02-28,Provincial Governments,0.0,billion PKR,sbp_domestic_debt,monthly
2023-03-31,Provincial Governments,0.0,billion PKR,sbp_domestic_debt,monthly
2023-04-30,Provincial Governments,0.0,billion PKR,sbp_domestic_debt,monthly
2023-05-31,Provincial Governments,0.0,billion PKR,sbp_domestic_debt,monthly
2023-06-30,Provincial Governments,0.0,billion PKR,sbp_domestic_debt,monthly
2023-07-31,Provincial Governments,0.0,billion PKR,sbp_domestic_debt,monthly
2023-08-31,Provincial Governments,0.0,billion PKR,sbp_domestic_debt,monthly
2023-09-30,Provincial Governments,0.0,billion PKR,sbp_domestic_debt,monthly
2023-10-31,Provincial Governments,0.0,billion PKR,sbp_domestic_debt,monthly
2023-11-30,Provincial Governments,0.0,billion PKR,sbp_domestic_debt,monthly
2023-12-31,Provincial Governments,0.0,billion PKR,sbp_domestic_debt,monthly
2024-01-31,Provincial Governments,0.0,billion PKR,sbp_domestic_debt,monthly
2024-02-29,Provincial Governments,0.0,billion PKR,sbp_domestic_debt,monthly
2024-03-31,Provincial Governments,0.0,billion PKR,sbp_domestic_debt,monthly
2024-04-30,Provincial Governments,0.0,billion PKR,sbp_domestic_debt,monthly
2024-05-31,Provincial Governments,0.0,billion PKR,sbp_domestic_debt,monthly
2024-06-30,Provincial Governments,0.0,billion PKR,sbp_domestic_debt,monthly
2024-07-31,Provincial Governments,0.0,billion PKR,sbp_domestic_debt,monthly
2024-08-31,Provincial Governments,0.0,billion PKR,sbp_domestic_debt,monthly
2024-09-30,Provincial Governments,0.0,billion PKR,sbp_domestic_debt,monthly
2024-10-31,Provincial Governments,0.0,billion PKR,sbp_domestic_debt,monthly
2024-11-30,Provincial Governments,0.0,billion PKR,sbp_domestic_debt,monthly
2024-12-31,Provincial Governments,0.0,billion PKR,sbp_domestic_debt,monthly
2025-01-31,Provincial Governments,0.0,billion PKR,sbp_domestic_debt,monthly
2025-02-28,Provincial Governments,0.0,billion PKR,sbp_domestic_debt,monthly
2025-03-31,Provincial Governments,0.0,billion PKR,sbp_domestic_debt,monthly
2025-04-30,Provincial Governments,0.0,billion PKR,sbp_domestic_debt,monthly
2025-05-31,Provincial Governments,0.0,billion PKR,sbp_domestic_debt,monthly
2025-06-30,Provincial Governments,0.0,billion PKR,sbp_domestic_debt,monthly
2025-07-31,Provincial Governments,0.0,billion PKR,sbp_domestic_debt,monthly
2025-08-31,Provincial Governments,0.0,billion PKR,sbp_domestic_debt,monthly
2025-09-30,Provincial Governments,0.0,billion PKR,sbp_domestic_debt,monthly
2025-10-31,Provincial Governments,0.0,billion PKR,sbp_domestic_debt,monthly
2025-11-30,Provincial Governments,0.0,billion PKR,sbp_domestic_debt,monthly
2025-12-31,Provincial Governments,0.0,billion PKR,sbp_domestic_debt,monthly
2026-01-31,Provincial Governments,0.0,billion PKR,sbp_domestic_debt,monthly
2026-02-28,Provincial Governments,0.0,billion PKR,sbp_domestic_debt,monthly
2026-03-31,Provincial Governments,0.0,billion PKR,sbp_domestic_debt,monthly
2026-04-30,Provincial Governments,0.0,billion PKR,sbp_domestic_debt,monthly
2026-05-31,Provincial Governments,0.0,billion PKR,sbp_domestic_debt,monthly
2010-06-30,Public Sector,1.538033,billion PKR,sbp_domestic_debt,monthly
2010-07-31,Public Sector,0.0,billion PKR,sbp_domestic_debt,monthly
2010-08-31,Public Sector,0.0,billion PKR,sbp_domestic_debt,monthly
2010-09-30,Public Sector,0.0,billion PKR,sbp_domestic_debt,monthly
2010-10-31,Public Sector,0.0,billion PKR,sbp_domestic_debt,monthly
2010-11-30,Public Sector,0.0,billion PKR,sbp_domestic_debt,monthly
2010-12-31,Public Sector,0.0,billion PKR,sbp_domestic_debt,monthly
2011-01-31,Public Sector,0.0,billion PKR,sbp_domestic_debt,monthly
2011-02-28,Public Sector,0.0,billion PKR,sbp_domestic_debt,monthly
2011-03-31,Public Sector,0.0,billion PKR,sbp_domestic_debt,monthly
2011-04-30,Public Sector,0.0,billion PKR,sbp_domestic_debt,monthly
2011-05-31,Public Sector,0.0,billion PKR,sbp_domestic_debt,monthly
2011-06-30,Public Sector,0.0,billion PKR,sbp_domestic_debt,monthly
2011-07-31,Public Sector,0.0,billion PKR,sbp_domestic_debt,monthly
2011-08-31,Public Sector,0.0,billion PKR,sbp_domestic_debt,monthly
2011-09-30,Public Sector,0.0,billion PKR,sbp_domestic_debt,monthly
2011-10-31,Public Sector,0.0,billion PKR,sbp_domestic_debt,monthly
2011-11-30,Public Sector,0.0,billion PKR,sbp_domestic_debt,monthly
2011-12-31,Public Sector,0.0,billion PKR,sbp_domestic_debt,monthly
2012-01-31,Public Sector,0.0,billion PKR,sbp_domestic_debt,monthly
2012-02-29,Public Sector,0.0,billion PKR,sbp_domestic_debt,monthly
2012-03-31,Public Sector,0.0,billion PKR,sbp_domestic_debt,monthly
2012-04-30,Public Sector,0.0,billion PKR,sbp_domestic_debt,monthly
2012-05-31,Public Sector,0.0,billion PKR,sbp_domestic_debt,monthly
2012-06-30,Public Sector,0.0,billion PKR,sbp_domestic_debt,monthly
2012-07-31,Public Sector,0.0,billion PKR,sbp_domestic_debt,monthly
2012-08-31,Public Sector,0.0,billion PKR,sbp_domestic_debt,monthly
2012-09-30,Public Sector,0.0,billion PKR,sbp_domestic_debt,monthly
2012-10-31,Public Sector,0.0,billion PKR,sbp_domestic_debt,monthly
2012-11-30,Public Sector,0.0,billion PKR,sbp_domestic_debt,monthly
2012-12-31,Public Sector,0.0,billion PKR,sbp_domestic_debt,monthly
2013-01-31,Public Sector,0.0,billion PKR,sbp_domestic_debt,monthly
2013-02-28,Public Sector,0.0,billion PKR,sbp_domestic_debt,monthly
2013-03-31,Public Sector,0.0,billion PKR,sbp_domestic_debt,monthly
2013-04-30,Public Sector,0.0,billion PKR,sbp_domestic_debt,monthly
2013-05-31,Public Sector,0.0,billion PKR,sbp_domestic_debt,monthly
2013-06-30,Public Sector,0.0,billion PKR,sbp_domestic_debt,monthly
2013-07-31,Public Sector,0.0,billion PKR,sbp_domestic_debt,monthly
2013-08-31,Public Sector,0.0,billion PKR,sbp_domestic_debt,monthly
2013-09-30,Public Sector,0.0,billion PKR,sbp_domestic_debt,monthly
2013-10-31,Public Sector,0.0,billion PKR,sbp_domestic_debt,monthly
2013-11-30,Public Sector,0.0,billion PKR,sbp_domestic_debt,monthly
2013-12-31,Public Sector,0.0,billion PKR,sbp_domestic_debt,monthly
2014-01-31,Public Sector,0.0,billion PKR,sbp_domestic_debt,monthly
2014-02-28,Public Sector,0.0,billion PKR,sbp_domestic_debt,monthly
2014-03-31,Public Sector,0.0,billion PKR,sbp_domestic_debt,monthly
2014-04-30,Public Sector,0.0,billion PKR,sbp_domestic_debt,monthly
2014-05-31,Public Sector,0.0,billion PKR,sbp_domestic_debt,monthly
2014-06-30,Public Sector,0.0,billion PKR,sbp_domestic_debt,monthly
2014-07-31,Public Sector,0.0,billion PKR,sbp_domestic_debt,monthly
2014-08-31,Public Sector,0.0,billion PKR,sbp_domestic_debt,monthly
2014-09-30,Public Sector,0.0,billion PKR,sbp_domestic_debt,monthly
2014-10-31,Public Sector,0.0,billion PKR,sbp_domestic_debt,monthly
2014-11-30,Public Sector,0.0,billion PKR,sbp_domestic_debt,monthly
2014-12-31,Public Sector,0.0,billion PKR,sbp_domestic_debt,monthly
2015-01-31,Public Sector,0.0,billion PKR,sbp_domestic_debt,monthly
2015-02-28,Public Sector,0.0,billion PKR,sbp_domestic_debt,monthly
2015-03-31,Public Sector,0.0,billion PKR,sbp_domestic_debt,monthly
2015-04-30,Public Sector,0.0,billion PKR,sbp_domestic_debt,monthly
2015-05-31,Public Sector,0.0,billion PKR,sbp_domestic_debt,monthly
2015-06-30,Public Sector,0.0,billion PKR,sbp_domestic_debt,monthly
2015-07-31,Public Sector,0.0,billion PKR,sbp_domestic_debt,monthly
2015-08-31,Public Sector,0.0,billion PKR,sbp_domestic_debt,monthly
2015-09-30,Public Sector,0.0,billion PKR,sbp_domestic_debt,monthly
2015-10-31,Public Sector,0.0,billion PKR,sbp_domestic_debt,monthly
2015-11-30,Public Sector,0.0,billion PKR,sbp_domestic_debt,monthly
2015-12-31,Public Sector,0.0,billion PKR,sbp_domestic_debt,monthly
2016-01-31,Public Sector,0.0,billion PKR,sbp_domestic_debt,monthly
2016-02-29,Public Sector,0.0,billion PKR,sbp_domestic_debt,monthly
2016-03-31,Public Sector,0.0,billion PKR,sbp_domestic_debt,monthly
2016-04-30,Public Sector,0.0,billion PKR,sbp_domestic_debt,monthly
2016-05-31,Public Sector,0.0,billion PKR,sbp_domestic_debt,monthly
2016-06-30,Public Sector,0.0,billion PKR,sbp_domestic_debt,monthly
2016-07-31,Public Sector,0.0,billion PKR,sbp_domestic_debt,monthly
2016-08-31,Public Sector,0.0,billion PKR,sbp_domestic_debt,monthly
2016-09-30,Public Sector,0.0,billion PKR,sbp_domestic_debt,monthly
2016-10-31,Public Sector,0.0,billion PKR,sbp_domestic_debt,monthly
2016-11-30,Public Sector,0.0,billion PKR,sbp_domestic_debt,monthly
2016-12-31,Public Sector,0.0,billion PKR,sbp_domestic_debt,monthly
2017-01-31,Public Sector,0.0,billion PKR,sbp_domestic_debt,monthly
2017-02-28,Public Sector,0.0,billion PKR,sbp_domestic_debt,monthly
2017-03-31,Public Sector,0.0,billion PKR,sbp_domestic_debt,monthly
2017-04-30,Public Sector,0.0,billion PKR,sbp_domestic_debt,monthly
2017-05-31,Public Sector,0.0,billion PKR,sbp_domestic_debt,monthly
2017-06-30,Public Sector,0.0,billion PKR,sbp_domestic_debt,monthly
2017-07-31,Public Sector,0.0,billion PKR,sbp_domestic_debt,monthly
2017-08-31,Public Sector,0.0,billion PKR,sbp_domestic_debt,monthly
2017-09-30,Public Sector,0.0,billion PKR,sbp_domestic_debt,monthly
2017-10-31,Public Sector,0.0,billion PKR,sbp_domestic_debt,monthly
2017-11-30,Public Sector,0.0,billion PKR,sbp_domestic_debt,monthly
2017-12-31,Public Sector,0.0,billion PKR,sbp_domestic_debt,monthly
2018-01-31,Public Sector,0.0,billion PKR,sbp_domestic_debt,monthly
2018-02-28,Public Sector,0.0,billion PKR,sbp_domestic_debt,monthly
2018-03-31,Public Sector,0.0,billion PKR,sbp_domestic_debt,monthly
2018-04-30,Public Sector,0.0,billion PKR,sbp_domestic_debt,monthly
2018-05-31,Public Sector,0.0,billion PKR,sbp_domestic_debt,monthly
2018-06-30,Public Sector,0.0,billion PKR,sbp_domestic_debt,monthly
2018-07-31,Public Sector,0.0,billion PKR,sbp_domestic_debt,monthly
2018-08-31,Public Sector,0.0,billion PKR,sbp_domestic_debt,monthly
2018-09-30,Public Sector,0.0,billion PKR,sbp_domestic_debt,monthly
2018-10-31,Public Sector,0.0,billion PKR,sbp_domestic_debt,monthly
2018-11-30,Public Sector,0.0,billion PKR,sbp_domestic_debt,monthly
2018-12-31,Public Sector,0.0,billion PKR,sbp_domestic_debt,monthly
2019-01-31,Public Sector,0.0,billion PKR,sbp_domestic_debt,monthly
2019-02-28,Public Sector,0.0,billion PKR,sbp_domestic_debt,monthly
2019-03-31,Public Sector,0.0,billion PKR,sbp_domestic_debt,monthly
2019-04-30,Public Sector,0.0,billion PKR,sbp_domestic_debt,monthly
2019-05-31,Public Sector,0.0,billion PKR,sbp_domestic_debt,monthly
2019-06-30,Public Sector,0.0,billion PKR,sbp_domestic_debt,monthly
2019-07-31,Public Sector,0.0,billion PKR,sbp_domestic_debt,monthly
2019-08-31,Public Sector,0.0,billion PKR,sbp_domestic_debt,monthly
2019-09-30,Public Sector,0.0,billion PKR,sbp_domestic_debt,monthly
2019-10-31,Public Sector,0.0,billion PKR,sbp_domestic_debt,monthly
2019-11-30,Public Sector,0.0,billion PKR,sbp_domestic_debt,monthly
2019-12-31,Public Sector,0.0,billion PKR,sbp_domestic_debt,monthly
2020-01-31,Public Sector,0.0,billion PKR,sbp_domestic_debt,monthly
2020-02-29,Public Sector,0.0,billion PKR,sbp_domestic_debt,monthly
2020-03-31,Public Sector,0.0,billion PKR,sbp_domestic_debt,monthly
2020-04-30,Public Sector,0.0,billion PKR,sbp_domestic_debt,monthly
2020-05-31,Public Sector,0.0,billion PKR,sbp_domestic_debt,monthly
2020-06-30,Public Sector,0.0,billion PKR,sbp_domestic_debt,monthly
2020-07-31,Public Sector,0.0,billion PKR,sbp_domestic_debt,monthly
2020-08-31,Public Sector,0.0,billion PKR,sbp_domestic_debt,monthly
2020-09-30,Public Sector,0.0,billion PKR,sbp_domestic_debt,monthly
2020-10-31,Public Sector,0.0,billion PKR,sbp_domestic_debt,monthly
2020-11-30,Public Sector,0.0,billion PKR,sbp_domestic_debt,monthly
2020-12-31,Public Sector,0.0,billion PKR,sbp_domestic_debt,monthly
2021-01-31,Public Sector,0.0,billion PKR,sbp_domestic_debt,monthly
2021-02-28,Public Sector,0.0,billion PKR,sbp_domestic_debt,monthly
2021-03-31,Public Sector,0.0,billion PKR,sbp_domestic_debt,monthly
2021-04-30,Public Sector,0.0,billion PKR,sbp_domestic_debt,monthly
2021-05-31,Public Sector,0.0,billion PKR,sbp_domestic_debt,monthly
2021-06-30,Public Sector,0.0,billion PKR,sbp_domestic_debt,monthly
2021-07-31,Public Sector,0.0,billion PKR,sbp_domestic_debt,monthly
2021-08-31,Public Sector,0.0,billion PKR,sbp_domestic_debt,monthly
2021-09-30,Public Sector,0.0,billion PKR,sbp_domestic_debt,monthly
2021-10-31,Public Sector,0.0,billion PKR,sbp_domestic_debt,monthly
2021-11-30,Public Sector,0.0,billion PKR,sbp_domestic_debt,monthly
2021-12-31,Public Sector,0.0,billion PKR,sbp_domestic_debt,monthly
2022-01-31,Public Sector,0.0,billion PKR,sbp_domestic_debt,monthly
2022-02-28,Public Sector,0.0,billion PKR,sbp_domestic_debt,monthly
2022-03-31,Public Sector,0.0,billion PKR,sbp_domestic_debt,monthly
2022-04-30,Public Sector,0.0,billion PKR,sbp_domestic_debt,monthly
2022-05-31,Public Sector,0.0,billion PKR,sbp_domestic_debt,monthly
2022-06-30,Public Sector,0.0,billion PKR,sbp_domestic_debt,monthly
2010-06-30,Punjab Government Loans,0.0,billion PKR,sbp_domestic_debt,monthly
2010-07-31,Punjab Government Loans,0.0,billion PKR,sbp_domestic_debt,monthly
2010-08-31,Punjab Government Loans,0.0,billion PKR,sbp_domestic_debt,monthly
2010-09-30,Punjab Government Loans,0.0,billion PKR,sbp_domestic_debt,monthly
2010-10-31,Punjab Government Loans,0.0,billion PKR,sbp_domestic_debt,monthly
2010-11-30,Punjab Government Loans,0.0,billion PKR,sbp_domestic_debt,monthly
2010-12-31,Punjab Government Loans,0.0,billion PKR,sbp_domestic_debt,monthly
2011-01-31,Punjab Government Loans,0.0,billion PKR,sbp_domestic_debt,monthly
2011-02-28,Punjab Government Loans,0.0,billion PKR,sbp_domestic_debt,monthly
2011-03-31,Punjab Government Loans,0.0,billion PKR,sbp_domestic_debt,monthly
2011-04-30,Punjab Government Loans,0.0,billion PKR,sbp_domestic_debt,monthly
2011-05-31,Punjab Government Loans,0.0,billion PKR,sbp_domestic_debt,monthly
2011-06-30,Punjab Government Loans,0.0,billion PKR,sbp_domestic_debt,monthly
2011-07-31,Punjab Government Loans,0.0,billion PKR,sbp_domestic_debt,monthly
2011-08-31,Punjab Government Loans,0.0,billion PKR,sbp_domestic_debt,monthly
2011-09-30,Punjab Government Loans,0.0,billion PKR,sbp_domestic_debt,monthly
2011-10-31,Punjab Government Loans,0.0,billion PKR,sbp_domestic_debt,monthly
2011-11-30,Punjab Government Loans,0.0,billion PKR,sbp_domestic_debt,monthly
2011-12-31,Punjab Government Loans,0.0,billion PKR,sbp_domestic_debt,monthly
2012-01-31,Punjab Government Loans,0.0,billion PKR,sbp_domestic_debt,monthly
2012-02-29,Punjab Government Loans,0.0,billion PKR,sbp_domestic_debt,monthly
2012-03-31,Punjab Government Loans,0.0,billion PKR,sbp_domestic_debt,monthly
2012-04-30,Punjab Government Loans,0.0,billion PKR,sbp_domestic_debt,monthly
2012-05-31,Punjab Government Loans,0.0,billion PKR,sbp_domestic_debt,monthly
2012-06-30,Punjab Government Loans,0.0,billion PKR,sbp_domestic_debt,monthly
2012-07-31,Punjab Government Loans,0.0,billion PKR,sbp_domestic_debt,monthly
2012-08-31,Punjab Government Loans,0.0,billion PKR,sbp_domestic_debt,monthly
2012-09-30,Punjab Government Loans,0.0,billion PKR,sbp_domestic_debt,monthly
2012-10-31,Punjab Government Loans,0.0,billion PKR,sbp_domestic_debt,monthly
2012-11-30,Punjab Government Loans,0.0,billion PKR,sbp_domestic_debt,monthly
2012-12-31,Punjab Government Loans,0.0,billion PKR,sbp_domestic_debt,monthly
2013-01-31,Punjab Government Loans,0.0,billion PKR,sbp_domestic_debt,monthly
2013-02-28,Punjab Government Loans,0.0,billion PKR,sbp_domestic_debt,monthly
2013-03-31,Punjab Government Loans,0.0,billion PKR,sbp_domestic_debt,monthly
2013-04-30,Punjab Government Loans,0.0,billion PKR,sbp_domestic_debt,monthly
2013-05-31,Punjab Government Loans,0.0,billion PKR,sbp_domestic_debt,monthly
2013-06-30,Punjab Government Loans,0.0,billion PKR,sbp_domestic_debt,monthly
2013-07-31,Punjab Government Loans,0.0,billion PKR,sbp_domestic_debt,monthly
2013-08-31,Punjab Government Loans,0.0,billion PKR,sbp_domestic_debt,monthly
2013-09-30,Punjab Government Loans,0.0,billion PKR,sbp_domestic_debt,monthly
2013-10-31,Punjab Government Loans,0.0,billion PKR,sbp_domestic_debt,monthly
2013-11-30,Punjab Government Loans,0.0,billion PKR,sbp_domestic_debt,monthly
2013-12-31,Punjab Government Loans,0.0,billion PKR,sbp_domestic_debt,monthly
2014-01-31,Punjab Government Loans,0.0,billion PKR,sbp_domestic_debt,monthly
2014-02-28,Punjab Government Loans,0.0,billion PKR,sbp_domestic_debt,monthly
2014-03-31,Punjab Government Loans,0.0,billion PKR,sbp_domestic_debt,monthly
2014-04-30,Punjab Government Loans,0.0,billion PKR,sbp_domestic_debt,monthly
2014-05-31,Punjab Government Loans,0.0,billion PKR,sbp_domestic_debt,monthly
2014-06-30,Punjab Government Loans,0.0,billion PKR,sbp_domestic_debt,monthly
2014-07-31,Punjab Government Loans,0.0,billion PKR,sbp_domestic_debt,monthly
2014-08-31,Punjab Government Loans,0.0,billion PKR,sbp_domestic_debt,monthly
2014-09-30,Punjab Government Loans,0.0,billion PKR,sbp_domestic_debt,monthly
2014-10-31,Punjab Government Loans,0.0,billion PKR,sbp_domestic_debt,monthly
2014-11-30,Punjab Government Loans,0.0,billion PKR,sbp_domestic_debt,monthly
2014-12-31,Punjab Government Loans,0.0,billion PKR,sbp_domestic_debt,monthly
2015-01-31,Punjab Government Loans,0.0,billion PKR,sbp_domestic_debt,monthly
2015-02-28,Punjab Government Loans,0.0,billion PKR,sbp_domestic_debt,monthly
2015-03-31,Punjab Government Loans,0.0,billion PKR,sbp_domestic_debt,monthly
2015-04-30,Punjab Government Loans,0.0,billion PKR,sbp_domestic_debt,monthly
2015-05-31,Punjab Government Loans,0.0,billion PKR,sbp_domestic_debt,monthly
2015-06-30,Punjab Government Loans,0.0,billion PKR,sbp_domestic_debt,monthly
2015-07-31,Punjab Government Loans,0.0,billion PKR,sbp_domestic_debt,monthly
2015-08-31,Punjab Government Loans,0.0,billion PKR,sbp_domestic_debt,monthly
2015-09-30,Punjab Government Loans,0.0,billion PKR,sbp_domestic_debt,monthly
2015-10-31,Punjab Government Loans,0.0,billion PKR,sbp_domestic_debt,monthly
2015-11-30,Punjab Government Loans,0.0,billion PKR,sbp_domestic_debt,monthly
2015-12-31,Punjab Government Loans,0.0,billion PKR,sbp_domestic_debt,monthly
2016-01-31,Punjab Government Loans,0.0,billion PKR,sbp_domestic_debt,monthly
2016-02-29,Punjab Government Loans,0.0,billion PKR,sbp_domestic_debt,monthly
2016-03-31,Punjab Government Loans,0.0,billion PKR,sbp_domestic_debt,monthly
2016-04-30,Punjab Government Loans,0.0,billion PKR,sbp_domestic_debt,monthly
2016-05-31,Punjab Government Loans,0.0,billion PKR,sbp_domestic_debt,monthly
2016-06-30,Punjab Government Loans,0.0,billion PKR,sbp_domestic_debt,monthly
2016-07-31,Punjab Government Loans,0.0,billion PKR,sbp_domestic_debt,monthly
2016-08-31,Punjab Government Loans,0.0,billion PKR,sbp_domestic_debt,monthly
2016-09-30,Punjab Government Loans,0.0,billion PKR,sbp_domestic_debt,monthly
2016-10-31,Punjab Government Loans,0.0,billion PKR,sbp_domestic_debt,monthly
2016-11-30,Punjab Government Loans,0.0,billion PKR,sbp_domestic_debt,monthly
2016-12-31,Punjab Government Loans,0.0,billion PKR,sbp_domestic_debt,monthly
2017-01-31,Punjab Government Loans,0.0,billion PKR,sbp_domestic_debt,monthly
2017-02-28,Punjab Government Loans,0.0,billion PKR,sbp_domestic_debt,monthly
2017-03-31,Punjab Government Loans,0.0,billion PKR,sbp_domestic_debt,monthly
2017-04-30,Punjab Government Loans,0.0,billion PKR,sbp_domestic_debt,monthly
2017-05-31,Punjab Government Loans,0.0,billion PKR,sbp_domestic_debt,monthly
2017-06-30,Punjab Government Loans,0.0,billion PKR,sbp_domestic_debt,monthly
2017-07-31,Punjab Government Loans,0.0,billion PKR,sbp_domestic_debt,monthly
2017-08-31,Punjab Government Loans,0.0,billion PKR,sbp_domestic_debt,monthly
2017-09-30,Punjab Government Loans,0.0,billion PKR,sbp_domestic_debt,monthly
2017-10-31,Punjab Government Loans,0.0,billion PKR,sbp_domestic_debt,monthly
2017-11-30,Punjab Government Loans,0.0,billion PKR,sbp_domestic_debt,monthly
2017-12-31,Punjab Government Loans,0.0,billion PKR,sbp_domestic_debt,monthly
2018-01-31,Punjab Government Loans,0.0,billion PKR,sbp_domestic_debt,monthly
2018-02-28,Punjab Government Loans,0.0,billion PKR,sbp_domestic_debt,monthly
2018-03-31,Punjab Government Loans,0.0,billion PKR,sbp_domestic_debt,monthly
2018-04-30,Punjab Government Loans,0.0,billion PKR,sbp_domestic_debt,monthly
2018-05-31,Punjab Government Loans,0.0,billion PKR,sbp_domestic_debt,monthly
2018-06-30,Punjab Government Loans,0.0,billion PKR,sbp_domestic_debt,monthly
2018-07-31,Punjab Government Loans,0.0,billion PKR,sbp_domestic_debt,monthly
2018-08-31,Punjab Government Loans,0.0,billion PKR,sbp_domestic_debt,monthly
2018-09-30,Punjab Government Loans,0.0,billion PKR,sbp_domestic_debt,monthly
2018-10-31,Punjab Government Loans,0.0,billion PKR,sbp_domestic_debt,monthly
2018-11-30,Punjab Government Loans,0.0,billion PKR,sbp_domestic_debt,monthly
2018-12-31,Punjab Government Loans,0.0,billion PKR,sbp_domestic_debt,monthly
2019-01-31,Punjab Government Loans,0.0,billion PKR,sbp_domestic_debt,monthly
2019-02-28,Punjab Government Loans,0.0,billion PKR,sbp_domestic_debt,monthly
2019-03-31,Punjab Government Loans,0.0,billion PKR,sbp_domestic_debt,monthly
2019-04-30,Punjab Government Loans,0.0,billion PKR,sbp_domestic_debt,monthly
2019-05-31,Punjab Government Loans,0.0,billion PKR,sbp_domestic_debt,monthly
2019-06-30,Punjab Government Loans,0.0,billion PKR,sbp_domestic_debt,monthly
2019-07-31,Punjab Government Loans,0.0,billion PKR,sbp_domestic_debt,monthly
2019-08-31,Punjab Government Loans,0.0,billion PKR,sbp_domestic_debt,monthly
2019-09-30,Punjab Government Loans,0.0,billion PKR,sbp_domestic_debt,monthly
2019-10-31,Punjab Government Loans,0.0,billion PKR,sbp_domestic_debt,monthly
2019-11-30,Punjab Government Loans,0.0,billion PKR,sbp_domestic_debt,monthly
2019-12-31,Punjab Government Loans,0.0,billion PKR,sbp_domestic_debt,monthly
2020-01-31,Punjab Government Loans,0.0,billion PKR,sbp_domestic_debt,monthly
2020-02-29,Punjab Government Loans,0.0,billion PKR,sbp_domestic_debt,monthly
2020-03-31,Punjab Government Loans,0.0,billion PKR,sbp_domestic_debt,monthly
2020-04-30,Punjab Government Loans,0.0,billion PKR,sbp_domestic_debt,monthly
2020-05-31,Punjab Government Loans,0.0,billion PKR,sbp_domestic_debt,monthly
2020-06-30,Punjab Government Loans,0.0,billion PKR,sbp_domestic_debt,monthly
2020-07-31,Punjab Government Loans,0.0,billion PKR,sbp_domestic_debt,monthly
2020-08-31,Punjab Government Loans,0.0,billion PKR,sbp_domestic_debt,monthly
2020-09-30,Punjab Government Loans,0.0,billion PKR,sbp_domestic_debt,monthly
2020-10-31,Punjab Government Loans,0.0,billion PKR,sbp_domestic_debt,monthly
2020-11-30,Punjab Government Loans,0.0,billion PKR,sbp_domestic_debt,monthly
2020-12-31,Punjab Government Loans,0.0,billion PKR,sbp_domestic_debt,monthly
2021-01-31,Punjab Government Loans,0.0,billion PKR,sbp_domestic_debt,monthly
2021-02-28,Punjab Government Loans,0.0,billion PKR,sbp_domestic_debt,monthly
2021-03-31,Punjab Government Loans,0.0,billion PKR,sbp_domestic_debt,monthly
2021-04-30,Punjab Government Loans,0.0,billion PKR,sbp_domestic_debt,monthly
2021-05-31,Punjab Government Loans,0.0,billion PKR,sbp_domestic_debt,monthly
2021-06-30,Punjab Government Loans,0.0,billion PKR,sbp_domestic_debt,monthly
2021-07-31,Punjab Government Loans,0.0,billion PKR,sbp_domestic_debt,monthly
2021-08-31,Punjab Government Loans,0.0,billion PKR,sbp_domestic_debt,monthly
2021-09-30,Punjab Government Loans,0.0,billion PKR,sbp_domestic_debt,monthly
2021-10-31,Punjab Government Loans,0.0,billion PKR,sbp_domestic_debt,monthly
2021-11-30,Punjab Government Loans,0.0,billion PKR,sbp_domestic_debt,monthly
2021-12-31,Punjab Government Loans,0.0,billion PKR,sbp_domestic_debt,monthly
2022-01-31,Punjab Government Loans,0.0,billion PKR,sbp_domestic_debt,monthly
2022-02-28,Punjab Government Loans,0.0,billion PKR,sbp_domestic_debt,monthly
2022-03-31,Punjab Government Loans,0.0,billion PKR,sbp_domestic_debt,monthly
2022-04-30,Punjab Government Loans,0.0,billion PKR,sbp_domestic_debt,monthly
2022-05-31,Punjab Government Loans,0.0,billion PKR,sbp_domestic_debt,monthly
2022-06-30,Punjab Government Loans,0.0,billion PKR,sbp_domestic_debt,monthly
2010-06-30,Saving Schemes (Net of Prize Bonds),1350.4687800000002,billion PKR,sbp_domestic_debt,monthly
2010-07-31,Saving Schemes (Net of Prize Bonds),1359.26474,billion PKR,sbp_domestic_debt,monthly
2010-08-31,Saving Schemes (Net of Prize Bonds),1372.57706,billion PKR,sbp_domestic_debt,monthly
2010-09-30,Saving Schemes (Net of Prize Bonds),1384.2593660000002,billion PKR,sbp_domestic_debt,monthly
2010-10-31,Saving Schemes (Net of Prize Bonds),1395.1055299999998,billion PKR,sbp_domestic_debt,monthly
2010-11-30,Saving Schemes (Net of Prize Bonds),1405.1027100000001,billion PKR,sbp_domestic_debt,monthly
2010-12-31,Saving Schemes (Net of Prize Bonds),1415.99653,billion PKR,sbp_domestic_debt,monthly
2011-01-31,Saving Schemes (Net of Prize Bonds),1450.3742599999998,billion PKR,sbp_domestic_debt,monthly
2011-02-28,Saving Schemes (Net of Prize Bonds),1471.4032100000002,billion PKR,sbp_domestic_debt,monthly
2011-03-31,Saving Schemes (Net of Prize Bonds),1492.0028200000002,billion PKR,sbp_domestic_debt,monthly
2011-04-30,Saving Schemes (Net of Prize Bonds),1508.7961,billion PKR,sbp_domestic_debt,monthly
2011-05-31,Saving Schemes (Net of Prize Bonds),1525.33353,billion PKR,sbp_domestic_debt,monthly
2011-06-30,Saving Schemes (Net of Prize Bonds),1544.32979,billion PKR,sbp_domestic_debt,monthly
2011-07-31,Saving Schemes (Net of Prize Bonds),1560.75477,billion PKR,sbp_domestic_debt,monthly
2011-08-31,Saving Schemes (Net of Prize Bonds),1569.75857,billion PKR,sbp_domestic_debt,monthly
2011-09-30,Saving Schemes (Net of Prize Bonds),1588.09613,billion PKR,sbp_domestic_debt,monthly
2011-10-31,Saving Schemes (Net of Prize Bonds),1601.11544,billion PKR,sbp_domestic_debt,monthly
2011-11-30,Saving Schemes (Net of Prize Bonds),1608.22723,billion PKR,sbp_domestic_debt,monthly
2011-12-31,Saving Schemes (Net of Prize Bonds),1619.49962,billion PKR,sbp_domestic_debt,monthly
2012-01-31,Saving Schemes (Net of Prize Bonds),1634.38026,billion PKR,sbp_domestic_debt,monthly
2012-02-29,Saving Schemes (Net of Prize Bonds),1641.9723,billion PKR,sbp_domestic_debt,monthly
2012-03-31,Saving Schemes (Net of Prize Bonds),1610.4999599999999,billion PKR,sbp_domestic_debt,monthly
2012-04-30,Saving Schemes (Net of Prize Bonds),1611.5267599999997,billion PKR,sbp_domestic_debt,monthly
2012-05-31,Saving Schemes (Net of Prize Bonds),1652.93323,billion PKR,sbp_domestic_debt,monthly
2012-06-30,Saving Schemes (Net of Prize Bonds),1676.3612899999998,billion PKR,sbp_domestic_debt,monthly
2012-07-31,Saving Schemes (Net of Prize Bonds),1700.3826,billion PKR,sbp_domestic_debt,monthly
2012-08-31,Saving Schemes (Net of Prize Bonds),1757.5989600000003,billion PKR,sbp_domestic_debt,monthly
2012-09-30,Saving Schemes (Net of Prize Bonds),1813.68788,billion PKR,sbp_domestic_debt,monthly
2012-10-31,Saving Schemes (Net of Prize Bonds),1841.1353399999998,billion PKR,sbp_domestic_debt,monthly
2012-11-30,Saving Schemes (Net of Prize Bonds),1879.21202,billion PKR,sbp_domestic_debt,monthly
2012-12-31,Saving Schemes (Net of Prize Bonds),1901.19025,billion PKR,sbp_domestic_debt,monthly
2013-01-31,Saving Schemes (Net of Prize Bonds),1912.75747,billion PKR,sbp_domestic_debt,monthly
2013-02-28,Saving Schemes (Net of Prize Bonds),1929.0439900000001,billion PKR,sbp_domestic_debt,monthly
2013-03-31,Saving Schemes (Net of Prize Bonds),1939.2636499999999,billion PKR,sbp_domestic_debt,monthly
2013-04-30,Saving Schemes (Net of Prize Bonds),1949.26066,billion PKR,sbp_domestic_debt,monthly
2013-05-31,Saving Schemes (Net of Prize Bonds),1962.5140900000001,billion PKR,sbp_domestic_debt,monthly
2013-06-30,Saving Schemes (Net of Prize Bonds),2006.2621899999997,billion PKR,sbp_domestic_debt,monthly
2013-07-31,Saving Schemes (Net of Prize Bonds),2015.2314099999996,billion PKR,sbp_domestic_debt,monthly
2013-08-31,Saving Schemes (Net of Prize Bonds),2026.9042499999996,billion PKR,sbp_domestic_debt,monthly
2013-09-30,Saving Schemes (Net of Prize Bonds),2031.8443699999998,billion PKR,sbp_domestic_debt,monthly
2013-10-31,Saving Schemes (Net of Prize Bonds),2051.66078,billion PKR,sbp_domestic_debt,monthly
2013-11-30,Saving Schemes (Net of Prize Bonds),2066.04223,billion PKR,sbp_domestic_debt,monthly
2013-12-31,Saving Schemes (Net of Prize Bonds),2038.5530399999998,billion PKR,sbp_domestic_debt,monthly
2014-01-31,Saving Schemes (Net of Prize Bonds),2075.5421199999996,billion PKR,sbp_domestic_debt,monthly
2014-02-28,Saving Schemes (Net of Prize Bonds),2103.34033,billion PKR,sbp_domestic_debt,monthly
2014-03-31,Saving Schemes (Net of Prize Bonds),2113.99963,billion PKR,sbp_domestic_debt,monthly
2014-04-30,Saving Schemes (Net of Prize Bonds),2132.3027199999997,billion PKR,sbp_domestic_debt,monthly
2014-05-31,Saving Schemes (Net of Prize Bonds),2131.21663,billion PKR,sbp_domestic_debt,monthly
2014-06-30,Saving Schemes (Net of Prize Bonds),2156.1863639999997,billion PKR,sbp_domestic_debt,monthly
2014-07-31,Saving Schemes (Net of Prize Bonds),2176.327742,billion PKR,sbp_domestic_debt,monthly
2014-08-31,Saving Schemes (Net of Prize Bonds),2199.515026,billion PKR,sbp_domestic_debt,monthly
2014-09-30,Saving Schemes (Net of Prize Bonds),2208.3230949999997,billion PKR,sbp_domestic_debt,monthly
2014-10-31,Saving Schemes (Net of Prize Bonds),2222.4764999999998,billion PKR,sbp_domestic_debt,monthly
2014-11-30,Saving Schemes (Net of Prize Bonds),2307.3825199999997,billion PKR,sbp_domestic_debt,monthly
2014-12-31,Saving Schemes (Net of Prize Bonds),2323.78859,billion PKR,sbp_domestic_debt,monthly
2015-01-31,Saving Schemes (Net of Prize Bonds),2353.28909,billion PKR,sbp_domestic_debt,monthly
2015-02-28,Saving Schemes (Net of Prize Bonds),2362.77838,billion PKR,sbp_domestic_debt,monthly
2015-03-31,Saving Schemes (Net of Prize Bonds),2375.3110378280003,billion PKR,sbp_domestic_debt,monthly
2015-04-30,Saving Schemes (Net of Prize Bonds),2380.1405113950004,billion PKR,sbp_domestic_debt,monthly
2015-05-31,Saving Schemes (Net of Prize Bonds),2402.601843844,billion PKR,sbp_domestic_debt,monthly
2015-06-30,Saving Schemes (Net of Prize Bonds),2417.3610570000005,billion PKR,sbp_domestic_debt,monthly
2015-07-31,Saving Schemes (Net of Prize Bonds),2426.302587,billion PKR,sbp_domestic_debt,monthly
2015-08-31,Saving Schemes (Net of Prize Bonds),2446.52496,billion PKR,sbp_domestic_debt,monthly
2015-09-30,Saving Schemes (Net of Prize Bonds),2470.4894,billion PKR,sbp_domestic_debt,monthly
2015-10-31,Saving Schemes (Net of Prize Bonds),2481.2163,billion PKR,sbp_domestic_debt,monthly
2015-11-30,Saving Schemes (Net of Prize Bonds),2488.95175,billion PKR,sbp_domestic_debt,monthly
2015-12-31,Saving Schemes (Net of Prize Bonds),2494.5588700000003,billion PKR,sbp_domestic_debt,monthly
2016-01-31,Saving Schemes (Net of Prize Bonds),2504.95467,billion PKR,sbp_domestic_debt,monthly
2016-02-29,Saving Schemes (Net of Prize Bonds),2511.4057400000006,billion PKR,sbp_domestic_debt,monthly
2016-03-31,Saving Schemes (Net of Prize Bonds),2513.69716,billion PKR,sbp_domestic_debt,monthly
2016-04-30,Saving Schemes (Net of Prize Bonds),2515.72305,billion PKR,sbp_domestic_debt,monthly
2016-05-31,Saving Schemes (Net of Prize Bonds),2520.18876,billion PKR,sbp_domestic_debt,monthly
2016-06-30,Saving Schemes (Net of Prize Bonds),2526.538525,billion PKR,sbp_domestic_debt,monthly
2016-07-31,Saving Schemes (Net of Prize Bonds),2536.6719682000007,billion PKR,sbp_domestic_debt,monthly
2016-08-31,Saving Schemes (Net of Prize Bonds),2551.6710300000004,billion PKR,sbp_domestic_debt,monthly
2016-09-30,Saving Schemes (Net of Prize Bonds),2553.3111599999997,billion PKR,sbp_domestic_debt,monthly
2016-10-31,Saving Schemes (Net of Prize Bonds),2563.73484,billion PKR,sbp_domestic_debt,monthly
2016-11-30,Saving Schemes (Net of Prize Bonds),2575.69672,billion PKR,sbp_domestic_debt,monthly
2016-12-31,Saving Schemes (Net of Prize Bonds),2579.3555762969995,billion PKR,sbp_domestic_debt,monthly
2017-01-31,Saving Schemes (Net of Prize Bonds),2597.623400809,billion PKR,sbp_domestic_debt,monthly
2017-02-28,Saving Schemes (Net of Prize Bonds),2612.4032281669997,billion PKR,sbp_domestic_debt,monthly
2017-03-31,Saving Schemes (Net of Prize Bonds),2612.7296082649996,billion PKR,sbp_domestic_debt,monthly
2017-04-30,Saving Schemes (Net of Prize Bonds),2610.2320479119994,billion PKR,sbp_domestic_debt,monthly
2017-05-31,Saving Schemes (Net of Prize Bonds),2614.6494021050003,billion PKR,sbp_domestic_debt,monthly
2017-06-30,Saving Schemes (Net of Prize Bonds),2630.63705,billion PKR,sbp_domestic_debt,monthly
2017-07-31,Saving Schemes (Net of Prize Bonds),2634.4610300000004,billion PKR,sbp_domestic_debt,monthly
2017-08-31,Saving Schemes (Net of Prize Bonds),2647.6781177459993,billion PKR,sbp_domestic_debt,monthly
2017-09-30,Saving Schemes (Net of Prize Bonds),2650.5354283109996,billion PKR,sbp_domestic_debt,monthly
2017-10-31,Saving Schemes (Net of Prize Bonds),2653.699171454,billion PKR,sbp_domestic_debt,monthly
2017-11-30,Saving Schemes (Net of Prize Bonds),2658.092521603,billion PKR,sbp_domestic_debt,monthly
2017-12-31,Saving Schemes (Net of Prize Bonds),2677.0174496659997,billion PKR,sbp_domestic_debt,monthly
2018-01-31,Saving Schemes (Net of Prize Bonds),2673.9677303199996,billion PKR,sbp_domestic_debt,monthly
2018-02-28,Saving Schemes (Net of Prize Bonds),2675.1168244060004,billion PKR,sbp_domestic_debt,monthly
2018-03-31,Saving Schemes (Net of Prize Bonds),2679.298113552,billion PKR,sbp_domestic_debt,monthly
2018-04-30,Saving Schemes (Net of Prize Bonds),2672.0800502449997,billion PKR,sbp_domestic_debt,monthly
2018-05-31,Saving Schemes (Net of Prize Bonds),2718.7741550589994,billion PKR,sbp_domestic_debt,monthly
2018-06-30,Saving Schemes (Net of Prize Bonds),2729.6918934019996,billion PKR,sbp_domestic_debt,monthly
2018-07-31,Saving Schemes (Net of Prize Bonds),2746.5941637409996,billion PKR,sbp_domestic_debt,monthly
2018-08-31,Saving Schemes (Net of Prize Bonds),2723.4175732389995,billion PKR,sbp_domestic_debt,monthly
2018-09-30,Saving Schemes (Net of Prize Bonds),2740.1693844539996,billion PKR,sbp_domestic_debt,monthly
2018-10-31,Saving Schemes (Net of Prize Bonds),2746.9724436509996,billion PKR,sbp_domestic_debt,monthly
2018-11-30,Saving Schemes (Net of Prize Bonds),2733.00149724,billion PKR,sbp_domestic_debt,monthly
2018-12-31,Saving Schemes (Net of Prize Bonds),2725.1097097370007,billion PKR,sbp_domestic_debt,monthly
2019-01-31,Saving Schemes (Net of Prize Bonds),2842.6901705519995,billion PKR,sbp_domestic_debt,monthly
2019-02-28,Saving Schemes (Net of Prize Bonds),2893.6382310659997,billion PKR,sbp_domestic_debt,monthly
2019-03-31,Saving Schemes (Net of Prize Bonds),2954.982188368,billion PKR,sbp_domestic_debt,monthly
2019-04-30,Saving Schemes (Net of Prize Bonds),3002.797228506,billion PKR,sbp_domestic_debt,monthly
2019-05-31,Saving Schemes (Net of Prize Bonds),2978.052669144,billion PKR,sbp_domestic_debt,monthly
2019-06-30,Saving Schemes (Net of Prize Bonds),2991.903160562,billion PKR,sbp_domestic_debt,monthly
2019-07-31,Saving Schemes (Net of Prize Bonds),3034.2646464249997,billion PKR,sbp_domestic_debt,monthly
2019-08-31,Saving Schemes (Net of Prize Bonds),3035.0933881649994,billion PKR,sbp_domestic_debt,monthly
2019-09-30,Saving Schemes (Net of Prize Bonds),3129.6417846559993,billion PKR,sbp_domestic_debt,monthly
2019-10-31,Saving Schemes (Net of Prize Bonds),3230.381789191,billion PKR,sbp_domestic_debt,monthly
2019-11-30,Saving Schemes (Net of Prize Bonds),3252.734145725,billion PKR,sbp_domestic_debt,monthly
2019-12-31,Saving Schemes (Net of Prize Bonds),3261.7803283169997,billion PKR,sbp_domestic_debt,monthly
2020-01-31,Saving Schemes (Net of Prize Bonds),3276.311907010999,billion PKR,sbp_domestic_debt,monthly
2020-02-29,Saving Schemes (Net of Prize Bonds),3294.8448665449996,billion PKR,sbp_domestic_debt,monthly
2020-03-31,Saving Schemes (Net of Prize Bonds),3309.8019153759997,billion PKR,sbp_domestic_debt,monthly
2020-04-30,Saving Schemes (Net of Prize Bonds),3490.9726748249996,billion PKR,sbp_domestic_debt,monthly
2020-05-31,Saving Schemes (Net of Prize Bonds),3517.0271203469997,billion PKR,sbp_domestic_debt,monthly
2020-06-30,Saving Schemes (Net of Prize Bonds),3523.511777314,billion PKR,sbp_domestic_debt,monthly
2020-07-31,Saving Schemes (Net of Prize Bonds),3523.7764759419997,billion PKR,sbp_domestic_debt,monthly
2020-08-31,Saving Schemes (Net of Prize Bonds),3528.3530012279994,billion PKR,sbp_domestic_debt,monthly
2020-09-30,Saving Schemes (Net of Prize Bonds),3529.210611219,billion PKR,sbp_domestic_debt,monthly
2020-10-31,Saving Schemes (Net of Prize Bonds),3522.810680132,billion PKR,sbp_domestic_debt,monthly
2020-11-30,Saving Schemes (Net of Prize Bonds),3524.472761725,billion PKR,sbp_domestic_debt,monthly
2020-12-31,Saving Schemes (Net of Prize Bonds),3527.376417247,billion PKR,sbp_domestic_debt,monthly
2021-01-31,Saving Schemes (Net of Prize Bonds),3525.7725800109997,billion PKR,sbp_domestic_debt,monthly
2021-02-28,Saving Schemes (Net of Prize Bonds),3526.290614054,billion PKR,sbp_domestic_debt,monthly
2021-03-31,Saving Schemes (Net of Prize Bonds),3512.080652789,billion PKR,sbp_domestic_debt,monthly
2021-04-30,Saving Schemes (Net of Prize Bonds),3500.2216756469998,billion PKR,sbp_domestic_debt,monthly
2021-05-31,Saving Schemes (Net of Prize Bonds),3503.8550164410003,billion PKR,sbp_domestic_debt,monthly
2021-06-30,Saving Schemes (Net of Prize Bonds),3497.898901816,billion PKR,sbp_domestic_debt,monthly
2021-07-31,Saving Schemes (Net of Prize Bonds),3498.07159412,billion PKR,sbp_domestic_debt,monthly
2021-08-31,Saving Schemes (Net of Prize Bonds),3489.234303863,billion PKR,sbp_domestic_debt,monthly
2021-09-30,Saving Schemes (Net of Prize Bonds),3484.4477397119995,billion PKR,sbp_domestic_debt,monthly
2021-10-31,Saving Schemes (Net of Prize Bonds),3483.385525207,billion PKR,sbp_domestic_debt,monthly
2021-11-30,Saving Schemes (Net of Prize Bonds),3478.698267557,billion PKR,sbp_domestic_debt,monthly
2021-12-31,Saving Schemes (Net of Prize Bonds),3465.250899445,billion PKR,sbp_domestic_debt,monthly
2022-01-31,Saving Schemes (Net of Prize Bonds),3472.663125352,billion PKR,sbp_domestic_debt,monthly
2022-02-28,Saving Schemes (Net of Prize Bonds),3480.717203028,billion PKR,sbp_domestic_debt,monthly
2022-03-31,Saving Schemes (Net of Prize Bonds),3481.7588811160003,billion PKR,sbp_domestic_debt,monthly
2022-04-30,Saving Schemes (Net of Prize Bonds),3331.439300997,billion PKR,sbp_domestic_debt,monthly
2022-05-31,Saving Schemes (Net of Prize Bonds),3270.597690175,billion PKR,sbp_domestic_debt,monthly
2022-06-30,Saving Schemes (Net of Prize Bonds),3208.3131801709997,billion PKR,sbp_domestic_debt,monthly
2022-07-31,Saving Schemes (Net of Prize Bonds),3132.065719616,billion PKR,sbp_domestic_debt,monthly
2022-08-31,Saving Schemes (Net of Prize Bonds),3095.72723866,billion PKR,sbp_domestic_debt,monthly
2022-09-30,Saving Schemes (Net of Prize Bonds),3031.243282957,billion PKR,sbp_domestic_debt,monthly
2022-10-31,Saving Schemes (Net of Prize Bonds),2996.184220602,billion PKR,sbp_domestic_debt,monthly
2022-11-30,Saving Schemes (Net of Prize Bonds),2983.9626675010004,billion PKR,sbp_domestic_debt,monthly
2022-12-31,Saving Schemes (Net of Prize Bonds),2961.135613085,billion PKR,sbp_domestic_debt,monthly
2023-01-31,Saving Schemes (Net of Prize Bonds),2948.207136178,billion PKR,sbp_domestic_debt,monthly
2023-02-28,Saving Schemes (Net of Prize Bonds),2915.705444135,billion PKR,sbp_domestic_debt,monthly
2023-03-31,Saving Schemes (Net of Prize Bonds),2894.416022791,billion PKR,sbp_domestic_debt,monthly
2023-04-30,Saving Schemes (Net of Prize Bonds),2861.8619915070003,billion PKR,sbp_domestic_debt,monthly
2023-05-31,Saving Schemes (Net of Prize Bonds),2833.760757047001,billion PKR,sbp_domestic_debt,monthly
2023-06-30,Saving Schemes (Net of Prize Bonds),2818.533793651,billion PKR,sbp_domestic_debt,monthly
2023-07-31,Saving Schemes (Net of Prize Bonds),2832.7568101650004,billion PKR,sbp_domestic_debt,monthly
2023-08-31,Saving Schemes (Net of Prize Bonds),2825.4347520439997,billion PKR,sbp_domestic_debt,monthly
2023-09-30,Saving Schemes (Net of Prize Bonds),2813.3178446173497,billion PKR,sbp_domestic_debt,monthly
2023-10-31,Saving Schemes (Net of Prize Bonds),2785.8018572423503,billion PKR,sbp_domestic_debt,monthly
2023-11-30,Saving Schemes (Net of Prize Bonds),2787.27621562365,billion PKR,sbp_domestic_debt,monthly
2023-12-31,Saving Schemes (Net of Prize Bonds),2748.8515023316504,billion PKR,sbp_domestic_debt,monthly
2024-01-31,Saving Schemes (Net of Prize Bonds),2719.6539241033306,billion PKR,sbp_domestic_debt,monthly
2024-02-29,Saving Schemes (Net of Prize Bonds),2722.5963371216203,billion PKR,sbp_domestic_debt,monthly
2024-03-31,Saving Schemes (Net of Prize Bonds),2712.701154573571,billion PKR,sbp_domestic_debt,monthly
2024-04-30,Saving Schemes (Net of Prize Bonds),2711.26455645584,billion PKR,sbp_domestic_debt,monthly
2024-05-31,Saving Schemes (Net of Prize Bonds),2706.6506742953106,billion PKR,sbp_domestic_debt,monthly
2024-06-30,Saving Schemes (Net of Prize Bonds),2707.8025033255403,billion PKR,sbp_domestic_debt,monthly
2024-07-31,Saving Schemes (Net of Prize Bonds),2725.20589542522,billion PKR,sbp_domestic_debt,monthly
2024-08-31,Saving Schemes (Net of Prize Bonds),2729.5985742452604,billion PKR,sbp_domestic_debt,monthly
2024-09-30,Saving Schemes (Net of Prize Bonds),2741.3413855303406,billion PKR,sbp_domestic_debt,monthly
2024-10-31,Saving Schemes (Net of Prize Bonds),2753.70078287301,billion PKR,sbp_domestic_debt,monthly
2024-11-30,Saving Schemes (Net of Prize Bonds),2766.7360879494904,billion PKR,sbp_domestic_debt,monthly
2024-12-31,Saving Schemes (Net of Prize Bonds),2785.7693231998005,billion PKR,sbp_domestic_debt,monthly
2025-01-31,Saving Schemes (Net of Prize Bonds),2814.4336250021106,billion PKR,sbp_domestic_debt,monthly
2025-02-28,Saving Schemes (Net of Prize Bonds),2835.2115013966204,billion PKR,sbp_domestic_debt,monthly
2025-03-31,Saving Schemes (Net of Prize Bonds),2861.0662754225805,billion PKR,sbp_domestic_debt,monthly
2025-04-30,Saving Schemes (Net of Prize Bonds),2889.85263735175,billion PKR,sbp_domestic_debt,monthly
2025-05-31,Saving Schemes (Net of Prize Bonds),2915.5832887436404,billion PKR,sbp_domestic_debt,monthly
2025-06-30,Saving Schemes (Net of Prize Bonds),2942.5708620961304,billion PKR,sbp_domestic_debt,monthly
2025-07-31,Saving Schemes (Net of Prize Bonds),2983.8766914494213,billion PKR,sbp_domestic_debt,monthly
2025-08-31,Saving Schemes (Net of Prize Bonds),3010.5553312784787,billion PKR,sbp_domestic_debt,monthly
2025-09-30,Saving Schemes (Net of Prize Bonds),3036.665166170452,billion PKR,sbp_domestic_debt,monthly
2025-10-31,Saving Schemes (Net of Prize Bonds),3060.5774120051783,billion PKR,sbp_domestic_debt,monthly
2025-11-30,Saving Schemes (Net of Prize Bonds),3080.970562651391,billion PKR,sbp_domestic_debt,monthly
2025-12-31,Saving Schemes (Net of Prize Bonds),3083.4800317864874,billion PKR,sbp_domestic_debt,monthly
2026-01-31,Saving Schemes (Net of Prize Bonds),3107.9339673759614,billion PKR,sbp_domestic_debt,monthly
2026-02-28,Saving Schemes (Net of Prize Bonds),3127.436991690556,billion PKR,sbp_domestic_debt,monthly
2026-03-31,Saving Schemes (Net of Prize Bonds),3149.529834794174,billion PKR,sbp_domestic_debt,monthly
2026-04-30,Saving Schemes (Net of Prize Bonds),3171.3776347357766,billion PKR,sbp_domestic_debt,monthly
2026-05-31,Saving Schemes (Net of Prize Bonds),3188.0798460660462,billion PKR,sbp_domestic_debt,monthly
2010-06-30,Shah Nawaz Bhutto Sugar Mills,0.0,billion PKR,sbp_domestic_debt,monthly
2010-07-31,Shah Nawaz Bhutto Sugar Mills,0.0,billion PKR,sbp_domestic_debt,monthly
2010-08-31,Shah Nawaz Bhutto Sugar Mills,0.0,billion PKR,sbp_domestic_debt,monthly
2010-09-30,Shah Nawaz Bhutto Sugar Mills,0.0,billion PKR,sbp_domestic_debt,monthly
2010-10-31,Shah Nawaz Bhutto Sugar Mills,0.0,billion PKR,sbp_domestic_debt,monthly
2010-11-30,Shah Nawaz Bhutto Sugar Mills,0.0,billion PKR,sbp_domestic_debt,monthly
2010-12-31,Shah Nawaz Bhutto Sugar Mills,0.0,billion PKR,sbp_domestic_debt,monthly
2011-01-31,Shah Nawaz Bhutto Sugar Mills,0.0,billion PKR,sbp_domestic_debt,monthly
2011-02-28,Shah Nawaz Bhutto Sugar Mills,0.0,billion PKR,sbp_domestic_debt,monthly
2011-03-31,Shah Nawaz Bhutto Sugar Mills,0.0,billion PKR,sbp_domestic_debt,monthly
2011-04-30,Shah Nawaz Bhutto Sugar Mills,0.0,billion PKR,sbp_domestic_debt,monthly
2011-05-31,Shah Nawaz Bhutto Sugar Mills,0.0,billion PKR,sbp_domestic_debt,monthly
2011-06-30,Shah Nawaz Bhutto Sugar Mills,0.0,billion PKR,sbp_domestic_debt,monthly
2011-07-31,Shah Nawaz Bhutto Sugar Mills,0.0,billion PKR,sbp_domestic_debt,monthly
2011-08-31,Shah Nawaz Bhutto Sugar Mills,0.0,billion PKR,sbp_domestic_debt,monthly
2011-09-30,Shah Nawaz Bhutto Sugar Mills,0.0,billion PKR,sbp_domestic_debt,monthly
2011-10-31,Shah Nawaz Bhutto Sugar Mills,0.0,billion PKR,sbp_domestic_debt,monthly
2011-11-30,Shah Nawaz Bhutto Sugar Mills,0.0,billion PKR,sbp_domestic_debt,monthly
2011-12-31,Shah Nawaz Bhutto Sugar Mills,0.0,billion PKR,sbp_domestic_debt,monthly
2012-01-31,Shah Nawaz Bhutto Sugar Mills,0.0,billion PKR,sbp_domestic_debt,monthly
2012-02-29,Shah Nawaz Bhutto Sugar Mills,0.0,billion PKR,sbp_domestic_debt,monthly
2012-03-31,Shah Nawaz Bhutto Sugar Mills,0.0,billion PKR,sbp_domestic_debt,monthly
2012-04-30,Shah Nawaz Bhutto Sugar Mills,0.0,billion PKR,sbp_domestic_debt,monthly
2012-05-31,Shah Nawaz Bhutto Sugar Mills,0.0,billion PKR,sbp_domestic_debt,monthly
2012-06-30,Shah Nawaz Bhutto Sugar Mills,0.0,billion PKR,sbp_domestic_debt,monthly
2012-07-31,Shah Nawaz Bhutto Sugar Mills,0.0,billion PKR,sbp_domestic_debt,monthly
2012-08-31,Shah Nawaz Bhutto Sugar Mills,0.0,billion PKR,sbp_domestic_debt,monthly
2012-09-30,Shah Nawaz Bhutto Sugar Mills,0.0,billion PKR,sbp_domestic_debt,monthly
2012-10-31,Shah Nawaz Bhutto Sugar Mills,0.0,billion PKR,sbp_domestic_debt,monthly
2012-11-30,Shah Nawaz Bhutto Sugar Mills,0.0,billion PKR,sbp_domestic_debt,monthly
2012-12-31,Shah Nawaz Bhutto Sugar Mills,0.0,billion PKR,sbp_domestic_debt,monthly
2013-01-31,Shah Nawaz Bhutto Sugar Mills,0.0,billion PKR,sbp_domestic_debt,monthly
2013-02-28,Shah Nawaz Bhutto Sugar Mills,0.0,billion PKR,sbp_domestic_debt,monthly
2013-03-31,Shah Nawaz Bhutto Sugar Mills,0.0,billion PKR,sbp_domestic_debt,monthly
2013-04-30,Shah Nawaz Bhutto Sugar Mills,0.0,billion PKR,sbp_domestic_debt,monthly
2013-05-31,Shah Nawaz Bhutto Sugar Mills,0.0,billion PKR,sbp_domestic_debt,monthly
2013-06-30,Shah Nawaz Bhutto Sugar Mills,0.0,billion PKR,sbp_domestic_debt,monthly
2013-07-31,Shah Nawaz Bhutto Sugar Mills,0.0,billion PKR,sbp_domestic_debt,monthly
2013-08-31,Shah Nawaz Bhutto Sugar Mills,0.0,billion PKR,sbp_domestic_debt,monthly
2013-09-30,Shah Nawaz Bhutto Sugar Mills,0.0,billion PKR,sbp_domestic_debt,monthly
2013-10-31,Shah Nawaz Bhutto Sugar Mills,0.0,billion PKR,sbp_domestic_debt,monthly
2013-11-30,Shah Nawaz Bhutto Sugar Mills,0.0,billion PKR,sbp_domestic_debt,monthly
2013-12-31,Shah Nawaz Bhutto Sugar Mills,0.0,billion PKR,sbp_domestic_debt,monthly
2014-01-31,Shah Nawaz Bhutto Sugar Mills,0.0,billion PKR,sbp_domestic_debt,monthly
2014-02-28,Shah Nawaz Bhutto Sugar Mills,0.0,billion PKR,sbp_domestic_debt,monthly
2014-03-31,Shah Nawaz Bhutto Sugar Mills,0.0,billion PKR,sbp_domestic_debt,monthly
2014-04-30,Shah Nawaz Bhutto Sugar Mills,0.0,billion PKR,sbp_domestic_debt,monthly
2014-05-31,Shah Nawaz Bhutto Sugar Mills,0.0,billion PKR,sbp_domestic_debt,monthly
2014-06-30,Shah Nawaz Bhutto Sugar Mills,0.0,billion PKR,sbp_domestic_debt,monthly
2014-07-31,Shah Nawaz Bhutto Sugar Mills,0.0,billion PKR,sbp_domestic_debt,monthly
2014-08-31,Shah Nawaz Bhutto Sugar Mills,0.0,billion PKR,sbp_domestic_debt,monthly
2014-09-30,Shah Nawaz Bhutto Sugar Mills,0.0,billion PKR,sbp_domestic_debt,monthly
2014-10-31,Shah Nawaz Bhutto Sugar Mills,0.0,billion PKR,sbp_domestic_debt,monthly
2014-11-30,Shah Nawaz Bhutto Sugar Mills,0.0,billion PKR,sbp_domestic_debt,monthly
2014-12-31,Shah Nawaz Bhutto Sugar Mills,0.0,billion PKR,sbp_domestic_debt,monthly
2015-01-31,Shah Nawaz Bhutto Sugar Mills,0.0,billion PKR,sbp_domestic_debt,monthly
2015-02-28,Shah Nawaz Bhutto Sugar Mills,0.0,billion PKR,sbp_domestic_debt,monthly
2015-03-31,Shah Nawaz Bhutto Sugar Mills,0.0,billion PKR,sbp_domestic_debt,monthly
2015-04-30,Shah Nawaz Bhutto Sugar Mills,0.0,billion PKR,sbp_domestic_debt,monthly
2015-05-31,Shah Nawaz Bhutto Sugar Mills,0.0,billion PKR,sbp_domestic_debt,monthly
2015-06-30,Shah Nawaz Bhutto Sugar Mills,0.0,billion PKR,sbp_domestic_debt,monthly
2015-07-31,Shah Nawaz Bhutto Sugar Mills,0.0,billion PKR,sbp_domestic_debt,monthly
2015-08-31,Shah Nawaz Bhutto Sugar Mills,0.0,billion PKR,sbp_domestic_debt,monthly
2015-09-30,Shah Nawaz Bhutto Sugar Mills,0.0,billion PKR,sbp_domestic_debt,monthly
2015-10-31,Shah Nawaz Bhutto Sugar Mills,0.0,billion PKR,sbp_domestic_debt,monthly
2015-11-30,Shah Nawaz Bhutto Sugar Mills,0.0,billion PKR,sbp_domestic_debt,monthly
2015-12-31,Shah Nawaz Bhutto Sugar Mills,0.0,billion PKR,sbp_domestic_debt,monthly
2016-01-31,Shah Nawaz Bhutto Sugar Mills,0.0,billion PKR,sbp_domestic_debt,monthly
2016-02-29,Shah Nawaz Bhutto Sugar Mills,0.0,billion PKR,sbp_domestic_debt,monthly
2016-03-31,Shah Nawaz Bhutto Sugar Mills,0.0,billion PKR,sbp_domestic_debt,monthly
2016-04-30,Shah Nawaz Bhutto Sugar Mills,0.0,billion PKR,sbp_domestic_debt,monthly
2016-05-31,Shah Nawaz Bhutto Sugar Mills,0.0,billion PKR,sbp_domestic_debt,monthly
2016-06-30,Shah Nawaz Bhutto Sugar Mills,0.0,billion PKR,sbp_domestic_debt,monthly
2016-07-31,Shah Nawaz Bhutto Sugar Mills,0.0,billion PKR,sbp_domestic_debt,monthly
2016-08-31,Shah Nawaz Bhutto Sugar Mills,0.0,billion PKR,sbp_domestic_debt,monthly
2016-09-30,Shah Nawaz Bhutto Sugar Mills,0.0,billion PKR,sbp_domestic_debt,monthly
2016-10-31,Shah Nawaz Bhutto Sugar Mills,0.0,billion PKR,sbp_domestic_debt,monthly
2016-11-30,Shah Nawaz Bhutto Sugar Mills,0.0,billion PKR,sbp_domestic_debt,monthly
2016-12-31,Shah Nawaz Bhutto Sugar Mills,0.0,billion PKR,sbp_domestic_debt,monthly
2017-01-31,Shah Nawaz Bhutto Sugar Mills,0.0,billion PKR,sbp_domestic_debt,monthly
2017-02-28,Shah Nawaz Bhutto Sugar Mills,0.0,billion PKR,sbp_domestic_debt,monthly
2017-03-31,Shah Nawaz Bhutto Sugar Mills,0.0,billion PKR,sbp_domestic_debt,monthly
2017-04-30,Shah Nawaz Bhutto Sugar Mills,0.0,billion PKR,sbp_domestic_debt,monthly
2017-05-31,Shah Nawaz Bhutto Sugar Mills,0.0,billion PKR,sbp_domestic_debt,monthly
2017-06-30,Shah Nawaz Bhutto Sugar Mills,0.0,billion PKR,sbp_domestic_debt,monthly
2017-07-31,Shah Nawaz Bhutto Sugar Mills,0.0,billion PKR,sbp_domestic_debt,monthly
2017-08-31,Shah Nawaz Bhutto Sugar Mills,0.0,billion PKR,sbp_domestic_debt,monthly
2017-09-30,Shah Nawaz Bhutto Sugar Mills,0.0,billion PKR,sbp_domestic_debt,monthly
2017-10-31,Shah Nawaz Bhutto Sugar Mills,0.0,billion PKR,sbp_domestic_debt,monthly
2017-11-30,Shah Nawaz Bhutto Sugar Mills,0.0,billion PKR,sbp_domestic_debt,monthly
2017-12-31,Shah Nawaz Bhutto Sugar Mills,0.0,billion PKR,sbp_domestic_debt,monthly
2018-01-31,Shah Nawaz Bhutto Sugar Mills,0.0,billion PKR,sbp_domestic_debt,monthly
2018-02-28,Shah Nawaz Bhutto Sugar Mills,0.0,billion PKR,sbp_domestic_debt,monthly
2018-03-31,Shah Nawaz Bhutto Sugar Mills,0.0,billion PKR,sbp_domestic_debt,monthly
2018-04-30,Shah Nawaz Bhutto Sugar Mills,0.0,billion PKR,sbp_domestic_debt,monthly
2018-05-31,Shah Nawaz Bhutto Sugar Mills,0.0,billion PKR,sbp_domestic_debt,monthly
2018-06-30,Shah Nawaz Bhutto Sugar Mills,0.0,billion PKR,sbp_domestic_debt,monthly
2018-07-31,Shah Nawaz Bhutto Sugar Mills,0.0,billion PKR,sbp_domestic_debt,monthly
2018-08-31,Shah Nawaz Bhutto Sugar Mills,0.0,billion PKR,sbp_domestic_debt,monthly
2018-09-30,Shah Nawaz Bhutto Sugar Mills,0.0,billion PKR,sbp_domestic_debt,monthly
2018-10-31,Shah Nawaz Bhutto Sugar Mills,0.0,billion PKR,sbp_domestic_debt,monthly
2018-11-30,Shah Nawaz Bhutto Sugar Mills,0.0,billion PKR,sbp_domestic_debt,monthly
2018-12-31,Shah Nawaz Bhutto Sugar Mills,0.0,billion PKR,sbp_domestic_debt,monthly
2019-01-31,Shah Nawaz Bhutto Sugar Mills,0.0,billion PKR,sbp_domestic_debt,monthly
2019-02-28,Shah Nawaz Bhutto Sugar Mills,0.0,billion PKR,sbp_domestic_debt,monthly
2019-03-31,Shah Nawaz Bhutto Sugar Mills,0.0,billion PKR,sbp_domestic_debt,monthly
2019-04-30,Shah Nawaz Bhutto Sugar Mills,0.0,billion PKR,sbp_domestic_debt,monthly
2019-05-31,Shah Nawaz Bhutto Sugar Mills,0.0,billion PKR,sbp_domestic_debt,monthly
2019-06-30,Shah Nawaz Bhutto Sugar Mills,0.0,billion PKR,sbp_domestic_debt,monthly
2019-07-31,Shah Nawaz Bhutto Sugar Mills,0.0,billion PKR,sbp_domestic_debt,monthly
2019-08-31,Shah Nawaz Bhutto Sugar Mills,0.0,billion PKR,sbp_domestic_debt,monthly
2019-09-30,Shah Nawaz Bhutto Sugar Mills,0.0,billion PKR,sbp_domestic_debt,monthly
2019-10-31,Shah Nawaz Bhutto Sugar Mills,0.0,billion PKR,sbp_domestic_debt,monthly
2019-11-30,Shah Nawaz Bhutto Sugar Mills,0.0,billion PKR,sbp_domestic_debt,monthly
2019-12-31,Shah Nawaz Bhutto Sugar Mills,0.0,billion PKR,sbp_domestic_debt,monthly
2020-01-31,Shah Nawaz Bhutto Sugar Mills,0.0,billion PKR,sbp_domestic_debt,monthly
2020-02-29,Shah Nawaz Bhutto Sugar Mills,0.0,billion PKR,sbp_domestic_debt,monthly
2020-03-31,Shah Nawaz Bhutto Sugar Mills,0.0,billion PKR,sbp_domestic_debt,monthly
2020-04-30,Shah Nawaz Bhutto Sugar Mills,0.0,billion PKR,sbp_domestic_debt,monthly
2020-05-31,Shah Nawaz Bhutto Sugar Mills,0.0,billion PKR,sbp_domestic_debt,monthly
2020-06-30,Shah Nawaz Bhutto Sugar Mills,0.0,billion PKR,sbp_domestic_debt,monthly
2020-07-31,Shah Nawaz Bhutto Sugar Mills,0.0,billion PKR,sbp_domestic_debt,monthly
2020-08-31,Shah Nawaz Bhutto Sugar Mills,0.0,billion PKR,sbp_domestic_debt,monthly
2020-09-30,Shah Nawaz Bhutto Sugar Mills,0.0,billion PKR,sbp_domestic_debt,monthly
2020-10-31,Shah Nawaz Bhutto Sugar Mills,0.0,billion PKR,sbp_domestic_debt,monthly
2020-11-30,Shah Nawaz Bhutto Sugar Mills,0.0,billion PKR,sbp_domestic_debt,monthly
2020-12-31,Shah Nawaz Bhutto Sugar Mills,0.0,billion PKR,sbp_domestic_debt,monthly
2021-01-31,Shah Nawaz Bhutto Sugar Mills,0.0,billion PKR,sbp_domestic_debt,monthly
2021-02-28,Shah Nawaz Bhutto Sugar Mills,0.0,billion PKR,sbp_domestic_debt,monthly
2021-03-31,Shah Nawaz Bhutto Sugar Mills,0.0,billion PKR,sbp_domestic_debt,monthly
2021-04-30,Shah Nawaz Bhutto Sugar Mills,0.0,billion PKR,sbp_domestic_debt,monthly
2021-05-31,Shah Nawaz Bhutto Sugar Mills,0.0,billion PKR,sbp_domestic_debt,monthly
2021-06-30,Shah Nawaz Bhutto Sugar Mills,0.0,billion PKR,sbp_domestic_debt,monthly
2021-07-31,Shah Nawaz Bhutto Sugar Mills,0.0,billion PKR,sbp_domestic_debt,monthly
2021-08-31,Shah Nawaz Bhutto Sugar Mills,0.0,billion PKR,sbp_domestic_debt,monthly
2021-09-30,Shah Nawaz Bhutto Sugar Mills,0.0,billion PKR,sbp_domestic_debt,monthly
2021-10-31,Shah Nawaz Bhutto Sugar Mills,0.0,billion PKR,sbp_domestic_debt,monthly
2021-11-30,Shah Nawaz Bhutto Sugar Mills,0.0,billion PKR,sbp_domestic_debt,monthly
2021-12-31,Shah Nawaz Bhutto Sugar Mills,0.0,billion PKR,sbp_domestic_debt,monthly
2022-01-31,Shah Nawaz Bhutto Sugar Mills,0.0,billion PKR,sbp_domestic_debt,monthly
2022-02-28,Shah Nawaz Bhutto Sugar Mills,0.0,billion PKR,sbp_domestic_debt,monthly
2022-03-31,Shah Nawaz Bhutto Sugar Mills,0.0,billion PKR,sbp_domestic_debt,monthly
2022-04-30,Shah Nawaz Bhutto Sugar Mills,0.0,billion PKR,sbp_domestic_debt,monthly
2022-05-31,Shah Nawaz Bhutto Sugar Mills,0.0,billion PKR,sbp_domestic_debt,monthly
2022-06-30,Shah Nawaz Bhutto Sugar Mills,0.0,billion PKR,sbp_domestic_debt,monthly
2010-06-30,Shahdad Kot Textile,0.0,billion PKR,sbp_domestic_debt,monthly
2010-07-31,Shahdad Kot Textile,0.0,billion PKR,sbp_domestic_debt,monthly
2010-08-31,Shahdad Kot Textile,0.0,billion PKR,sbp_domestic_debt,monthly
2010-09-30,Shahdad Kot Textile,0.0,billion PKR,sbp_domestic_debt,monthly
2010-10-31,Shahdad Kot Textile,0.0,billion PKR,sbp_domestic_debt,monthly
2010-11-30,Shahdad Kot Textile,0.0,billion PKR,sbp_domestic_debt,monthly
2010-12-31,Shahdad Kot Textile,0.0,billion PKR,sbp_domestic_debt,monthly
2011-01-31,Shahdad Kot Textile,0.0,billion PKR,sbp_domestic_debt,monthly
2011-02-28,Shahdad Kot Textile,0.0,billion PKR,sbp_domestic_debt,monthly
2011-03-31,Shahdad Kot Textile,0.0,billion PKR,sbp_domestic_debt,monthly
2011-04-30,Shahdad Kot Textile,0.0,billion PKR,sbp_domestic_debt,monthly
2011-05-31,Shahdad Kot Textile,0.0,billion PKR,sbp_domestic_debt,monthly
2011-06-30,Shahdad Kot Textile,0.0,billion PKR,sbp_domestic_debt,monthly
2011-07-31,Shahdad Kot Textile,0.0,billion PKR,sbp_domestic_debt,monthly
2011-08-31,Shahdad Kot Textile,0.0,billion PKR,sbp_domestic_debt,monthly
2011-09-30,Shahdad Kot Textile,0.0,billion PKR,sbp_domestic_debt,monthly
2011-10-31,Shahdad Kot Textile,0.0,billion PKR,sbp_domestic_debt,monthly
2011-11-30,Shahdad Kot Textile,0.0,billion PKR,sbp_domestic_debt,monthly
2011-12-31,Shahdad Kot Textile,0.0,billion PKR,sbp_domestic_debt,monthly
2012-01-31,Shahdad Kot Textile,0.0,billion PKR,sbp_domestic_debt,monthly
2012-02-29,Shahdad Kot Textile,0.0,billion PKR,sbp_domestic_debt,monthly
2012-03-31,Shahdad Kot Textile,0.0,billion PKR,sbp_domestic_debt,monthly
2012-04-30,Shahdad Kot Textile,0.0,billion PKR,sbp_domestic_debt,monthly
2012-05-31,Shahdad Kot Textile,0.0,billion PKR,sbp_domestic_debt,monthly
2012-06-30,Shahdad Kot Textile,0.0,billion PKR,sbp_domestic_debt,monthly
2012-07-31,Shahdad Kot Textile,0.0,billion PKR,sbp_domestic_debt,monthly
2012-08-31,Shahdad Kot Textile,0.0,billion PKR,sbp_domestic_debt,monthly
2012-09-30,Shahdad Kot Textile,0.0,billion PKR,sbp_domestic_debt,monthly
2012-10-31,Shahdad Kot Textile,0.0,billion PKR,sbp_domestic_debt,monthly
2012-11-30,Shahdad Kot Textile,0.0,billion PKR,sbp_domestic_debt,monthly
2012-12-31,Shahdad Kot Textile,0.0,billion PKR,sbp_domestic_debt,monthly
2013-01-31,Shahdad Kot Textile,0.0,billion PKR,sbp_domestic_debt,monthly
2013-02-28,Shahdad Kot Textile,0.0,billion PKR,sbp_domestic_debt,monthly
2013-03-31,Shahdad Kot Textile,0.0,billion PKR,sbp_domestic_debt,monthly
2013-04-30,Shahdad Kot Textile,0.0,billion PKR,sbp_domestic_debt,monthly
2013-05-31,Shahdad Kot Textile,0.0,billion PKR,sbp_domestic_debt,monthly
2013-06-30,Shahdad Kot Textile,0.0,billion PKR,sbp_domestic_debt,monthly
2013-07-31,Shahdad Kot Textile,0.0,billion PKR,sbp_domestic_debt,monthly
2013-08-31,Shahdad Kot Textile,0.0,billion PKR,sbp_domestic_debt,monthly
2013-09-30,Shahdad Kot Textile,0.0,billion PKR,sbp_domestic_debt,monthly
2013-10-31,Shahdad Kot Textile,0.0,billion PKR,sbp_domestic_debt,monthly
2013-11-30,Shahdad Kot Textile,0.0,billion PKR,sbp_domestic_debt,monthly
2013-12-31,Shahdad Kot Textile,0.0,billion PKR,sbp_domestic_debt,monthly
2014-01-31,Shahdad Kot Textile,0.0,billion PKR,sbp_domestic_debt,monthly
2014-02-28,Shahdad Kot Textile,0.0,billion PKR,sbp_domestic_debt,monthly
2014-03-31,Shahdad Kot Textile,0.0,billion PKR,sbp_domestic_debt,monthly
2014-04-30,Shahdad Kot Textile,0.0,billion PKR,sbp_domestic_debt,monthly
2014-05-31,Shahdad Kot Textile,0.0,billion PKR,sbp_domestic_debt,monthly
2014-06-30,Shahdad Kot Textile,0.0,billion PKR,sbp_domestic_debt,monthly
2014-07-31,Shahdad Kot Textile,0.0,billion PKR,sbp_domestic_debt,monthly
2014-08-31,Shahdad Kot Textile,0.0,billion PKR,sbp_domestic_debt,monthly
2014-09-30,Shahdad Kot Textile,0.0,billion PKR,sbp_domestic_debt,monthly
2014-10-31,Shahdad Kot Textile,0.0,billion PKR,sbp_domestic_debt,monthly
2014-11-30,Shahdad Kot Textile,0.0,billion PKR,sbp_domestic_debt,monthly
2014-12-31,Shahdad Kot Textile,0.0,billion PKR,sbp_domestic_debt,monthly
2015-01-31,Shahdad Kot Textile,0.0,billion PKR,sbp_domestic_debt,monthly
2015-02-28,Shahdad Kot Textile,0.0,billion PKR,sbp_domestic_debt,monthly
2015-03-31,Shahdad Kot Textile,0.0,billion PKR,sbp_domestic_debt,monthly
2015-04-30,Shahdad Kot Textile,0.0,billion PKR,sbp_domestic_debt,monthly
2015-05-31,Shahdad Kot Textile,0.0,billion PKR,sbp_domestic_debt,monthly
2015-06-30,Shahdad Kot Textile,0.0,billion PKR,sbp_domestic_debt,monthly
2015-07-31,Shahdad Kot Textile,0.0,billion PKR,sbp_domestic_debt,monthly
2015-08-31,Shahdad Kot Textile,0.0,billion PKR,sbp_domestic_debt,monthly
2015-09-30,Shahdad Kot Textile,0.0,billion PKR,sbp_domestic_debt,monthly
2015-10-31,Shahdad Kot Textile,0.0,billion PKR,sbp_domestic_debt,monthly
2015-11-30,Shahdad Kot Textile,0.0,billion PKR,sbp_domestic_debt,monthly
2015-12-31,Shahdad Kot Textile,0.0,billion PKR,sbp_domestic_debt,monthly
2016-01-31,Shahdad Kot Textile,0.0,billion PKR,sbp_domestic_debt,monthly
2016-02-29,Shahdad Kot Textile,0.0,billion PKR,sbp_domestic_debt,monthly
2016-03-31,Shahdad Kot Textile,0.0,billion PKR,sbp_domestic_debt,monthly
2016-04-30,Shahdad Kot Textile,0.0,billion PKR,sbp_domestic_debt,monthly
2016-05-31,Shahdad Kot Textile,0.0,billion PKR,sbp_domestic_debt,monthly
2016-06-30,Shahdad Kot Textile,0.0,billion PKR,sbp_domestic_debt,monthly
2016-07-31,Shahdad Kot Textile,0.0,billion PKR,sbp_domestic_debt,monthly
2016-08-31,Shahdad Kot Textile,0.0,billion PKR,sbp_domestic_debt,monthly
2016-09-30,Shahdad Kot Textile,0.0,billion PKR,sbp_domestic_debt,monthly
2016-10-31,Shahdad Kot Textile,0.0,billion PKR,sbp_domestic_debt,monthly
2016-11-30,Shahdad Kot Textile,0.0,billion PKR,sbp_domestic_debt,monthly
2016-12-31,Shahdad Kot Textile,0.0,billion PKR,sbp_domestic_debt,monthly
2017-01-31,Shahdad Kot Textile,0.0,billion PKR,sbp_domestic_debt,monthly
2017-02-28,Shahdad Kot Textile,0.0,billion PKR,sbp_domestic_debt,monthly
2017-03-31,Shahdad Kot Textile,0.0,billion PKR,sbp_domestic_debt,monthly
2017-04-30,Shahdad Kot Textile,0.0,billion PKR,sbp_domestic_debt,monthly
2017-05-31,Shahdad Kot Textile,0.0,billion PKR,sbp_domestic_debt,monthly
2017-06-30,Shahdad Kot Textile,0.0,billion PKR,sbp_domestic_debt,monthly
2017-07-31,Shahdad Kot Textile,0.0,billion PKR,sbp_domestic_debt,monthly
2017-08-31,Shahdad Kot Textile,0.0,billion PKR,sbp_domestic_debt,monthly
2017-09-30,Shahdad Kot Textile,0.0,billion PKR,sbp_domestic_debt,monthly
2017-10-31,Shahdad Kot Textile,0.0,billion PKR,sbp_domestic_debt,monthly
2017-11-30,Shahdad Kot Textile,0.0,billion PKR,sbp_domestic_debt,monthly
2017-12-31,Shahdad Kot Textile,0.0,billion PKR,sbp_domestic_debt,monthly
2018-01-31,Shahdad Kot Textile,0.0,billion PKR,sbp_domestic_debt,monthly
2018-02-28,Shahdad Kot Textile,0.0,billion PKR,sbp_domestic_debt,monthly
2018-03-31,Shahdad Kot Textile,0.0,billion PKR,sbp_domestic_debt,monthly
2018-04-30,Shahdad Kot Textile,0.0,billion PKR,sbp_domestic_debt,monthly
2018-05-31,Shahdad Kot Textile,0.0,billion PKR,sbp_domestic_debt,monthly
2018-06-30,Shahdad Kot Textile,0.0,billion PKR,sbp_domestic_debt,monthly
2018-07-31,Shahdad Kot Textile,0.0,billion PKR,sbp_domestic_debt,monthly
2018-08-31,Shahdad Kot Textile,0.0,billion PKR,sbp_domestic_debt,monthly
2018-09-30,Shahdad Kot Textile,0.0,billion PKR,sbp_domestic_debt,monthly
2018-10-31,Shahdad Kot Textile,0.0,billion PKR,sbp_domestic_debt,monthly
2018-11-30,Shahdad Kot Textile,0.0,billion PKR,sbp_domestic_debt,monthly
2018-12-31,Shahdad Kot Textile,0.0,billion PKR,sbp_domestic_debt,monthly
2019-01-31,Shahdad Kot Textile,0.0,billion PKR,sbp_domestic_debt,monthly
2019-02-28,Shahdad Kot Textile,0.0,billion PKR,sbp_domestic_debt,monthly
2019-03-31,Shahdad Kot Textile,0.0,billion PKR,sbp_domestic_debt,monthly
2019-04-30,Shahdad Kot Textile,0.0,billion PKR,sbp_domestic_debt,monthly
2019-05-31,Shahdad Kot Textile,0.0,billion PKR,sbp_domestic_debt,monthly
2019-06-30,Shahdad Kot Textile,0.0,billion PKR,sbp_domestic_debt,monthly
2019-07-31,Shahdad Kot Textile,0.0,billion PKR,sbp_domestic_debt,monthly
2019-08-31,Shahdad Kot Textile,0.0,billion PKR,sbp_domestic_debt,monthly
2019-09-30,Shahdad Kot Textile,0.0,billion PKR,sbp_domestic_debt,monthly
2019-10-31,Shahdad Kot Textile,0.0,billion PKR,sbp_domestic_debt,monthly
2019-11-30,Shahdad Kot Textile,0.0,billion PKR,sbp_domestic_debt,monthly
2019-12-31,Shahdad Kot Textile,0.0,billion PKR,sbp_domestic_debt,monthly
2020-01-31,Shahdad Kot Textile,0.0,billion PKR,sbp_domestic_debt,monthly
2020-02-29,Shahdad Kot Textile,0.0,billion PKR,sbp_domestic_debt,monthly
2020-03-31,Shahdad Kot Textile,0.0,billion PKR,sbp_domestic_debt,monthly
2020-04-30,Shahdad Kot Textile,0.0,billion PKR,sbp_domestic_debt,monthly
2020-05-31,Shahdad Kot Textile,0.0,billion PKR,sbp_domestic_debt,monthly
2020-06-30,Shahdad Kot Textile,0.0,billion PKR,sbp_domestic_debt,monthly
2020-07-31,Shahdad Kot Textile,0.0,billion PKR,sbp_domestic_debt,monthly
2020-08-31,Shahdad Kot Textile,0.0,billion PKR,sbp_domestic_debt,monthly
2020-09-30,Shahdad Kot Textile,0.0,billion PKR,sbp_domestic_debt,monthly
2020-10-31,Shahdad Kot Textile,0.0,billion PKR,sbp_domestic_debt,monthly
2020-11-30,Shahdad Kot Textile,0.0,billion PKR,sbp_domestic_debt,monthly
2020-12-31,Shahdad Kot Textile,0.0,billion PKR,sbp_domestic_debt,monthly
2021-01-31,Shahdad Kot Textile,0.0,billion PKR,sbp_domestic_debt,monthly
2021-02-28,Shahdad Kot Textile,0.0,billion PKR,sbp_domestic_debt,monthly
2021-03-31,Shahdad Kot Textile,0.0,billion PKR,sbp_domestic_debt,monthly
2021-04-30,Shahdad Kot Textile,0.0,billion PKR,sbp_domestic_debt,monthly
2021-05-31,Shahdad Kot Textile,0.0,billion PKR,sbp_domestic_debt,monthly
2021-06-30,Shahdad Kot Textile,0.0,billion PKR,sbp_domestic_debt,monthly
2021-07-31,Shahdad Kot Textile,0.0,billion PKR,sbp_domestic_debt,monthly
2021-08-31,Shahdad Kot Textile,0.0,billion PKR,sbp_domestic_debt,monthly
2021-09-30,Shahdad Kot Textile,0.0,billion PKR,sbp_domestic_debt,monthly
2021-10-31,Shahdad Kot Textile,0.0,billion PKR,sbp_domestic_debt,monthly
2021-11-30,Shahdad Kot Textile,0.0,billion PKR,sbp_domestic_debt,monthly
2021-12-31,Shahdad Kot Textile,0.0,billion PKR,sbp_domestic_debt,monthly
2022-01-31,Shahdad Kot Textile,0.0,billion PKR,sbp_domestic_debt,monthly
2022-02-28,Shahdad Kot Textile,0.0,billion PKR,sbp_domestic_debt,monthly
2022-03-31,Shahdad Kot Textile,0.0,billion PKR,sbp_domestic_debt,monthly
2022-04-30,Shahdad Kot Textile,0.0,billion PKR,sbp_domestic_debt,monthly
2022-05-31,Shahdad Kot Textile,0.0,billion PKR,sbp_domestic_debt,monthly
2022-06-30,Shahdad Kot Textile,0.0,billion PKR,sbp_domestic_debt,monthly
2024-06-30,Short Term (1 Year),553.3938599095899,billion PKR,sbp_domestic_debt,monthly
2024-07-31,Short Term (1 Year),501.14090390958995,billion PKR,sbp_domestic_debt,monthly
2024-08-31,Short Term (1 Year),428.36347990958996,billion PKR,sbp_domestic_debt,monthly
2024-09-30,Short Term (1 Year),449.15543790958986,billion PKR,sbp_domestic_debt,monthly
2024-10-31,Short Term (1 Year),365.9770404678499,billion PKR,sbp_domestic_debt,monthly
2024-11-30,Short Term (1 Year),470.81501438884993,billion PKR,sbp_domestic_debt,monthly
2024-12-31,Short Term (1 Year),476.27005768873005,billion PKR,sbp_domestic_debt,monthly
2025-01-31,Short Term (1 Year),505.0744805813199,billion PKR,sbp_domestic_debt,monthly
2025-02-28,Short Term (1 Year),507.7816625313299,billion PKR,sbp_domestic_debt,monthly
2025-03-31,Short Term (1 Year),491.2103524588499,billion PKR,sbp_domestic_debt,monthly
2025-04-30,Short Term (1 Year),478.2089329500099,billion PKR,sbp_domestic_debt,monthly
2025-05-31,Short Term (1 Year),429.34309218194,billion PKR,sbp_domestic_debt,monthly
2025-06-30,Short Term (1 Year),454.77993732194,billion PKR,sbp_domestic_debt,monthly
2025-07-31,Short Term (1 Year),470.56956300494,billion PKR,sbp_domestic_debt,monthly
2025-08-31,Short Term (1 Year),501.62250481303005,billion PKR,sbp_domestic_debt,monthly
2025-09-30,Short Term (1 Year),532.96803381303,billion PKR,sbp_domestic_debt,monthly
2025-10-31,Short Term (1 Year),527.66935481303,billion PKR,sbp_domestic_debt,monthly
2025-11-30,Short Term (1 Year),489.64614869056004,billion PKR,sbp_domestic_debt,monthly
2025-12-31,Short Term (1 Year),482.87096869056006,billion PKR,sbp_domestic_debt,monthly
2026-01-31,Short Term (1 Year),505.996941,billion PKR,sbp_domestic_debt,monthly
2026-02-28,Short Term (1 Year),551.139034,billion PKR,sbp_domestic_debt,monthly
2026-03-31,Short Term (1 Year),574.2129737405501,billion PKR,sbp_domestic_debt,monthly
2026-04-30,Short Term (1 Year),634.451219741,billion PKR,sbp_domestic_debt,monthly
2026-05-31,Short Term (1 Year),658.82535650862,billion PKR,sbp_domestic_debt,monthly
2010-06-30,Special Govt. Bonds issued to SLIC (Original),0.0,billion PKR,sbp_domestic_debt,monthly
2010-07-31,Special Govt. Bonds issued to SLIC (Original),0.0,billion PKR,sbp_domestic_debt,monthly
2010-08-31,Special Govt. Bonds issued to SLIC (Original),0.0,billion PKR,sbp_domestic_debt,monthly
2010-09-30,Special Govt. Bonds issued to SLIC (Original),0.0,billion PKR,sbp_domestic_debt,monthly
2010-10-31,Special Govt. Bonds issued to SLIC (Original),0.0,billion PKR,sbp_domestic_debt,monthly
2010-11-30,Special Govt. Bonds issued to SLIC (Original),0.0,billion PKR,sbp_domestic_debt,monthly
2010-12-31,Special Govt. Bonds issued to SLIC (Original),0.0,billion PKR,sbp_domestic_debt,monthly
2011-01-31,Special Govt. Bonds issued to SLIC (Original),0.0,billion PKR,sbp_domestic_debt,monthly
2011-02-28,Special Govt. Bonds issued to SLIC (Original),0.0,billion PKR,sbp_domestic_debt,monthly
2011-03-31,Special Govt. Bonds issued to SLIC (Original),0.0,billion PKR,sbp_domestic_debt,monthly
2011-04-30,Special Govt. Bonds issued to SLIC (Original),0.0,billion PKR,sbp_domestic_debt,monthly
2011-05-31,Special Govt. Bonds issued to SLIC (Original),0.0,billion PKR,sbp_domestic_debt,monthly
2011-06-30,Special Govt. Bonds issued to SLIC (Original),0.0,billion PKR,sbp_domestic_debt,monthly
2011-07-31,Special Govt. Bonds issued to SLIC (Original),0.0,billion PKR,sbp_domestic_debt,monthly
2011-08-31,Special Govt. Bonds issued to SLIC (Original),0.0,billion PKR,sbp_domestic_debt,monthly
2011-09-30,Special Govt. Bonds issued to SLIC (Original),0.0,billion PKR,sbp_domestic_debt,monthly
2011-10-31,Special Govt. Bonds issued to SLIC (Original),0.0,billion PKR,sbp_domestic_debt,monthly
2011-11-30,Special Govt. Bonds issued to SLIC (Original),0.0,billion PKR,sbp_domestic_debt,monthly
2011-12-31,Special Govt. Bonds issued to SLIC (Original),0.0,billion PKR,sbp_domestic_debt,monthly
2012-01-31,Special Govt. Bonds issued to SLIC (Original),0.0,billion PKR,sbp_domestic_debt,monthly
2012-02-29,Special Govt. Bonds issued to SLIC (Original),0.0,billion PKR,sbp_domestic_debt,monthly
2012-03-31,Special Govt. Bonds issued to SLIC (Original),0.0,billion PKR,sbp_domestic_debt,monthly
2012-04-30,Special Govt. Bonds issued to SLIC (Original),0.0,billion PKR,sbp_domestic_debt,monthly
2012-05-31,Special Govt. Bonds issued to SLIC (Original),0.0,billion PKR,sbp_domestic_debt,monthly
2012-06-30,Special Govt. Bonds issued to SLIC (Original),0.0,billion PKR,sbp_domestic_debt,monthly
2012-07-31,Special Govt. Bonds issued to SLIC (Original),0.0,billion PKR,sbp_domestic_debt,monthly
2012-08-31,Special Govt. Bonds issued to SLIC (Original),0.0,billion PKR,sbp_domestic_debt,monthly
2012-09-30,Special Govt. Bonds issued to SLIC (Original),0.0,billion PKR,sbp_domestic_debt,monthly
2012-10-31,Special Govt. Bonds issued to SLIC (Original),0.0,billion PKR,sbp_domestic_debt,monthly
2012-11-30,Special Govt. Bonds issued to SLIC (Original),0.0,billion PKR,sbp_domestic_debt,monthly
2012-12-31,Special Govt. Bonds issued to SLIC (Original),0.0,billion PKR,sbp_domestic_debt,monthly
2013-01-31,Special Govt. Bonds issued to SLIC (Original),0.0,billion PKR,sbp_domestic_debt,monthly
2013-02-28,Special Govt. Bonds issued to SLIC (Original),0.0,billion PKR,sbp_domestic_debt,monthly
2013-03-31,Special Govt. Bonds issued to SLIC (Original),0.0,billion PKR,sbp_domestic_debt,monthly
2013-04-30,Special Govt. Bonds issued to SLIC (Original),0.0,billion PKR,sbp_domestic_debt,monthly
2013-05-31,Special Govt. Bonds issued to SLIC (Original),0.0,billion PKR,sbp_domestic_debt,monthly
2013-06-30,Special Govt. Bonds issued to SLIC (Original),0.0,billion PKR,sbp_domestic_debt,monthly
2013-07-31,Special Govt. Bonds issued to SLIC (Original),0.0,billion PKR,sbp_domestic_debt,monthly
2013-08-31,Special Govt. Bonds issued to SLIC (Original),0.0,billion PKR,sbp_domestic_debt,monthly
2013-09-30,Special Govt. Bonds issued to SLIC (Original),0.0,billion PKR,sbp_domestic_debt,monthly
2013-10-31,Special Govt. Bonds issued to SLIC (Original),0.0,billion PKR,sbp_domestic_debt,monthly
2013-11-30,Special Govt. Bonds issued to SLIC (Original),0.0,billion PKR,sbp_domestic_debt,monthly
2013-12-31,Special Govt. Bonds issued to SLIC (Original),0.0,billion PKR,sbp_domestic_debt,monthly
2014-01-31,Special Govt. Bonds issued to SLIC (Original),0.0,billion PKR,sbp_domestic_debt,monthly
2014-02-28,Special Govt. Bonds issued to SLIC (Original),0.0,billion PKR,sbp_domestic_debt,monthly
2014-03-31,Special Govt. Bonds issued to SLIC (Original),0.0,billion PKR,sbp_domestic_debt,monthly
2014-04-30,Special Govt. Bonds issued to SLIC (Original),0.0,billion PKR,sbp_domestic_debt,monthly
2014-05-31,Special Govt. Bonds issued to SLIC (Original),0.0,billion PKR,sbp_domestic_debt,monthly
2014-06-30,Special Govt. Bonds issued to SLIC (Original),0.0,billion PKR,sbp_domestic_debt,monthly
2014-07-31,Special Govt. Bonds issued to SLIC (Original),0.0,billion PKR,sbp_domestic_debt,monthly
2014-08-31,Special Govt. Bonds issued to SLIC (Original),0.0,billion PKR,sbp_domestic_debt,monthly
2014-09-30,Special Govt. Bonds issued to SLIC (Original),0.0,billion PKR,sbp_domestic_debt,monthly
2014-10-31,Special Govt. Bonds issued to SLIC (Original),0.0,billion PKR,sbp_domestic_debt,monthly
2014-11-30,Special Govt. Bonds issued to SLIC (Original),0.0,billion PKR,sbp_domestic_debt,monthly
2014-12-31,Special Govt. Bonds issued to SLIC (Original),0.0,billion PKR,sbp_domestic_debt,monthly
2015-01-31,Special Govt. Bonds issued to SLIC (Original),0.0,billion PKR,sbp_domestic_debt,monthly
2015-02-28,Special Govt. Bonds issued to SLIC (Original),0.0,billion PKR,sbp_domestic_debt,monthly
2015-03-31,Special Govt. Bonds issued to SLIC (Original),0.0,billion PKR,sbp_domestic_debt,monthly
2015-04-30,Special Govt. Bonds issued to SLIC (Original),0.0,billion PKR,sbp_domestic_debt,monthly
2015-05-31,Special Govt. Bonds issued to SLIC (Original),0.0,billion PKR,sbp_domestic_debt,monthly
2015-06-30,Special Govt. Bonds issued to SLIC (Original),0.0,billion PKR,sbp_domestic_debt,monthly
2015-07-31,Special Govt. Bonds issued to SLIC (Original),0.0,billion PKR,sbp_domestic_debt,monthly
2015-08-31,Special Govt. Bonds issued to SLIC (Original),0.0,billion PKR,sbp_domestic_debt,monthly
2015-09-30,Special Govt. Bonds issued to SLIC (Original),0.0,billion PKR,sbp_domestic_debt,monthly
2015-10-31,Special Govt. Bonds issued to SLIC (Original),0.0,billion PKR,sbp_domestic_debt,monthly
2015-11-30,Special Govt. Bonds issued to SLIC (Original),0.0,billion PKR,sbp_domestic_debt,monthly
2015-12-31,Special Govt. Bonds issued to SLIC (Original),0.0,billion PKR,sbp_domestic_debt,monthly
2016-01-31,Special Govt. Bonds issued to SLIC (Original),0.0,billion PKR,sbp_domestic_debt,monthly
2016-02-29,Special Govt. Bonds issued to SLIC (Original),0.0,billion PKR,sbp_domestic_debt,monthly
2016-03-31,Special Govt. Bonds issued to SLIC (Original),0.0,billion PKR,sbp_domestic_debt,monthly
2016-04-30,Special Govt. Bonds issued to SLIC (Original),0.0,billion PKR,sbp_domestic_debt,monthly
2016-05-31,Special Govt. Bonds issued to SLIC (Original),0.0,billion PKR,sbp_domestic_debt,monthly
2016-06-30,Special Govt. Bonds issued to SLIC (Original),0.0,billion PKR,sbp_domestic_debt,monthly
2016-07-31,Special Govt. Bonds issued to SLIC (Original),0.0,billion PKR,sbp_domestic_debt,monthly
2016-08-31,Special Govt. Bonds issued to SLIC (Original),0.0,billion PKR,sbp_domestic_debt,monthly
2016-09-30,Special Govt. Bonds issued to SLIC (Original),0.0,billion PKR,sbp_domestic_debt,monthly
2016-10-31,Special Govt. Bonds issued to SLIC (Original),0.0,billion PKR,sbp_domestic_debt,monthly
2016-11-30,Special Govt. Bonds issued to SLIC (Original),0.0,billion PKR,sbp_domestic_debt,monthly
2016-12-31,Special Govt. Bonds issued to SLIC (Original),0.0,billion PKR,sbp_domestic_debt,monthly
2017-01-31,Special Govt. Bonds issued to SLIC (Original),0.0,billion PKR,sbp_domestic_debt,monthly
2017-02-28,Special Govt. Bonds issued to SLIC (Original),0.0,billion PKR,sbp_domestic_debt,monthly
2017-03-31,Special Govt. Bonds issued to SLIC (Original),0.0,billion PKR,sbp_domestic_debt,monthly
2017-04-30,Special Govt. Bonds issued to SLIC (Original),0.0,billion PKR,sbp_domestic_debt,monthly
2017-05-31,Special Govt. Bonds issued to SLIC (Original),0.0,billion PKR,sbp_domestic_debt,monthly
2017-06-30,Special Govt. Bonds issued to SLIC (Original),0.0,billion PKR,sbp_domestic_debt,monthly
2017-07-31,Special Govt. Bonds issued to SLIC (Original),0.0,billion PKR,sbp_domestic_debt,monthly
2017-08-31,Special Govt. Bonds issued to SLIC (Original),0.0,billion PKR,sbp_domestic_debt,monthly
2017-09-30,Special Govt. Bonds issued to SLIC (Original),0.0,billion PKR,sbp_domestic_debt,monthly
2017-10-31,Special Govt. Bonds issued to SLIC (Original),0.0,billion PKR,sbp_domestic_debt,monthly
2017-11-30,Special Govt. Bonds issued to SLIC (Original),0.0,billion PKR,sbp_domestic_debt,monthly
2017-12-31,Special Govt. Bonds issued to SLIC (Original),0.0,billion PKR,sbp_domestic_debt,monthly
2018-01-31,Special Govt. Bonds issued to SLIC (Original),0.0,billion PKR,sbp_domestic_debt,monthly
2018-02-28,Special Govt. Bonds issued to SLIC (Original),0.0,billion PKR,sbp_domestic_debt,monthly
2018-03-31,Special Govt. Bonds issued to SLIC (Original),0.0,billion PKR,sbp_domestic_debt,monthly
2018-04-30,Special Govt. Bonds issued to SLIC (Original),0.0,billion PKR,sbp_domestic_debt,monthly
2018-05-31,Special Govt. Bonds issued to SLIC (Original),0.0,billion PKR,sbp_domestic_debt,monthly
2018-06-30,Special Govt. Bonds issued to SLIC (Original),0.0,billion PKR,sbp_domestic_debt,monthly
2018-07-31,Special Govt. Bonds issued to SLIC (Original),0.0,billion PKR,sbp_domestic_debt,monthly
2018-08-31,Special Govt. Bonds issued to SLIC (Original),0.0,billion PKR,sbp_domestic_debt,monthly
2018-09-30,Special Govt. Bonds issued to SLIC (Original),0.0,billion PKR,sbp_domestic_debt,monthly
2018-10-31,Special Govt. Bonds issued to SLIC (Original),0.0,billion PKR,sbp_domestic_debt,monthly
2018-11-30,Special Govt. Bonds issued to SLIC (Original),0.0,billion PKR,sbp_domestic_debt,monthly
2018-12-31,Special Govt. Bonds issued to SLIC (Original),0.0,billion PKR,sbp_domestic_debt,monthly
2019-01-31,Special Govt. Bonds issued to SLIC (Original),0.0,billion PKR,sbp_domestic_debt,monthly
2019-02-28,Special Govt. Bonds issued to SLIC (Original),0.0,billion PKR,sbp_domestic_debt,monthly
2019-03-31,Special Govt. Bonds issued to SLIC (Original),0.0,billion PKR,sbp_domestic_debt,monthly
2019-04-30,Special Govt. Bonds issued to SLIC (Original),0.0,billion PKR,sbp_domestic_debt,monthly
2019-05-31,Special Govt. Bonds issued to SLIC (Original),0.0,billion PKR,sbp_domestic_debt,monthly
2019-06-30,Special Govt. Bonds issued to SLIC (Original),0.0,billion PKR,sbp_domestic_debt,monthly
2019-07-31,Special Govt. Bonds issued to SLIC (Original),0.0,billion PKR,sbp_domestic_debt,monthly
2019-08-31,Special Govt. Bonds issued to SLIC (Original),0.0,billion PKR,sbp_domestic_debt,monthly
2019-09-30,Special Govt. Bonds issued to SLIC (Original),0.0,billion PKR,sbp_domestic_debt,monthly
2019-10-31,Special Govt. Bonds issued to SLIC (Original),0.0,billion PKR,sbp_domestic_debt,monthly
2019-11-30,Special Govt. Bonds issued to SLIC (Original),0.0,billion PKR,sbp_domestic_debt,monthly
2019-12-31,Special Govt. Bonds issued to SLIC (Original),0.0,billion PKR,sbp_domestic_debt,monthly
2020-01-31,Special Govt. Bonds issued to SLIC (Original),0.0,billion PKR,sbp_domestic_debt,monthly
2020-02-29,Special Govt. Bonds issued to SLIC (Original),0.0,billion PKR,sbp_domestic_debt,monthly
2020-03-31,Special Govt. Bonds issued to SLIC (Original),0.0,billion PKR,sbp_domestic_debt,monthly
2020-04-30,Special Govt. Bonds issued to SLIC (Original),0.0,billion PKR,sbp_domestic_debt,monthly
2020-05-31,Special Govt. Bonds issued to SLIC (Original),0.0,billion PKR,sbp_domestic_debt,monthly
2020-06-30,Special Govt. Bonds issued to SLIC (Original),0.0,billion PKR,sbp_domestic_debt,monthly
2020-07-31,Special Govt. Bonds issued to SLIC (Original),0.0,billion PKR,sbp_domestic_debt,monthly
2020-08-31,Special Govt. Bonds issued to SLIC (Original),0.0,billion PKR,sbp_domestic_debt,monthly
2020-09-30,Special Govt. Bonds issued to SLIC (Original),0.0,billion PKR,sbp_domestic_debt,monthly
2020-10-31,Special Govt. Bonds issued to SLIC (Original),0.0,billion PKR,sbp_domestic_debt,monthly
2020-11-30,Special Govt. Bonds issued to SLIC (Original),0.0,billion PKR,sbp_domestic_debt,monthly
2020-12-31,Special Govt. Bonds issued to SLIC (Original),0.0,billion PKR,sbp_domestic_debt,monthly
2021-01-31,Special Govt. Bonds issued to SLIC (Original),0.0,billion PKR,sbp_domestic_debt,monthly
2021-02-28,Special Govt. Bonds issued to SLIC (Original),0.0,billion PKR,sbp_domestic_debt,monthly
2021-03-31,Special Govt. Bonds issued to SLIC (Original),0.0,billion PKR,sbp_domestic_debt,monthly
2021-04-30,Special Govt. Bonds issued to SLIC (Original),0.0,billion PKR,sbp_domestic_debt,monthly
2021-05-31,Special Govt. Bonds issued to SLIC (Original),0.0,billion PKR,sbp_domestic_debt,monthly
2021-06-30,Special Govt. Bonds issued to SLIC (Original),0.0,billion PKR,sbp_domestic_debt,monthly
2021-07-31,Special Govt. Bonds issued to SLIC (Original),0.0,billion PKR,sbp_domestic_debt,monthly
2021-08-31,Special Govt. Bonds issued to SLIC (Original),0.0,billion PKR,sbp_domestic_debt,monthly
2021-09-30,Special Govt. Bonds issued to SLIC (Original),0.0,billion PKR,sbp_domestic_debt,monthly
2021-10-31,Special Govt. Bonds issued to SLIC (Original),0.0,billion PKR,sbp_domestic_debt,monthly
2021-11-30,Special Govt. Bonds issued to SLIC (Original),0.0,billion PKR,sbp_domestic_debt,monthly
2021-12-31,Special Govt. Bonds issued to SLIC (Original),0.0,billion PKR,sbp_domestic_debt,monthly
2022-01-31,Special Govt. Bonds issued to SLIC (Original),0.0,billion PKR,sbp_domestic_debt,monthly
2022-02-28,Special Govt. Bonds issued to SLIC (Original),0.0,billion PKR,sbp_domestic_debt,monthly
2022-03-31,Special Govt. Bonds issued to SLIC (Original),0.0,billion PKR,sbp_domestic_debt,monthly
2022-04-30,Special Govt. Bonds issued to SLIC (Original),0.0,billion PKR,sbp_domestic_debt,monthly
2022-05-31,Special Govt. Bonds issued to SLIC (Original),0.0,billion PKR,sbp_domestic_debt,monthly
2022-06-30,Special Govt. Bonds issued to SLIC (Original),0.0,billion PKR,sbp_domestic_debt,monthly
2010-06-30,Special National Fund Bonds,0.000663841,billion PKR,sbp_domestic_debt,monthly
2010-07-31,Special National Fund Bonds,0.000663841,billion PKR,sbp_domestic_debt,monthly
2010-08-31,Special National Fund Bonds,0.000663841,billion PKR,sbp_domestic_debt,monthly
2010-09-30,Special National Fund Bonds,0.000663841,billion PKR,sbp_domestic_debt,monthly
2010-10-31,Special National Fund Bonds,0.000663841,billion PKR,sbp_domestic_debt,monthly
2010-11-30,Special National Fund Bonds,0.000663841,billion PKR,sbp_domestic_debt,monthly
2010-12-31,Special National Fund Bonds,0.000663841,billion PKR,sbp_domestic_debt,monthly
2011-01-31,Special National Fund Bonds,0.000663841,billion PKR,sbp_domestic_debt,monthly
2011-02-28,Special National Fund Bonds,0.000663841,billion PKR,sbp_domestic_debt,monthly
2011-03-31,Special National Fund Bonds,0.000663841,billion PKR,sbp_domestic_debt,monthly
2011-04-30,Special National Fund Bonds,0.000663841,billion PKR,sbp_domestic_debt,monthly
2011-05-31,Special National Fund Bonds,0.000663841,billion PKR,sbp_domestic_debt,monthly
2011-06-30,Special National Fund Bonds,0.000663841,billion PKR,sbp_domestic_debt,monthly
2011-07-31,Special National Fund Bonds,0.000663841,billion PKR,sbp_domestic_debt,monthly
2011-08-31,Special National Fund Bonds,0.000663841,billion PKR,sbp_domestic_debt,monthly
2011-09-30,Special National Fund Bonds,0.000663841,billion PKR,sbp_domestic_debt,monthly
2011-10-31,Special National Fund Bonds,0.000663841,billion PKR,sbp_domestic_debt,monthly
2011-11-30,Special National Fund Bonds,0.000663841,billion PKR,sbp_domestic_debt,monthly
2011-12-31,Special National Fund Bonds,0.000663841,billion PKR,sbp_domestic_debt,monthly
2012-01-31,Special National Fund Bonds,0.000663841,billion PKR,sbp_domestic_debt,monthly
2012-02-29,Special National Fund Bonds,0.000663841,billion PKR,sbp_domestic_debt,monthly
2012-03-31,Special National Fund Bonds,0.000663841,billion PKR,sbp_domestic_debt,monthly
2012-04-30,Special National Fund Bonds,0.000663841,billion PKR,sbp_domestic_debt,monthly
2012-05-31,Special National Fund Bonds,0.000663841,billion PKR,sbp_domestic_debt,monthly
2012-06-30,Special National Fund Bonds,0.000663841,billion PKR,sbp_domestic_debt,monthly
2012-07-31,Special National Fund Bonds,0.000663841,billion PKR,sbp_domestic_debt,monthly
2012-08-31,Special National Fund Bonds,0.000663841,billion PKR,sbp_domestic_debt,monthly
2012-09-30,Special National Fund Bonds,0.000663841,billion PKR,sbp_domestic_debt,monthly
2012-10-31,Special National Fund Bonds,0.000663841,billion PKR,sbp_domestic_debt,monthly
2012-11-30,Special National Fund Bonds,0.000663841,billion PKR,sbp_domestic_debt,monthly
2012-12-31,Special National Fund Bonds,0.000663841,billion PKR,sbp_domestic_debt,monthly
2013-01-31,Special National Fund Bonds,0.000663841,billion PKR,sbp_domestic_debt,monthly
2013-02-28,Special National Fund Bonds,0.000663841,billion PKR,sbp_domestic_debt,monthly
2013-03-31,Special National Fund Bonds,0.000663841,billion PKR,sbp_domestic_debt,monthly
2013-04-30,Special National Fund Bonds,0.000663841,billion PKR,sbp_domestic_debt,monthly
2013-05-31,Special National Fund Bonds,0.000663841,billion PKR,sbp_domestic_debt,monthly
2013-06-30,Special National Fund Bonds,0.000663841,billion PKR,sbp_domestic_debt,monthly
2013-07-31,Special National Fund Bonds,0.000663841,billion PKR,sbp_domestic_debt,monthly
2013-08-31,Special National Fund Bonds,0.000663841,billion PKR,sbp_domestic_debt,monthly
2013-09-30,Special National Fund Bonds,0.000663841,billion PKR,sbp_domestic_debt,monthly
2013-10-31,Special National Fund Bonds,0.000663841,billion PKR,sbp_domestic_debt,monthly
2013-11-30,Special National Fund Bonds,0.000663841,billion PKR,sbp_domestic_debt,monthly
2013-12-31,Special National Fund Bonds,0.000663841,billion PKR,sbp_domestic_debt,monthly
2014-01-31,Special National Fund Bonds,0.000663841,billion PKR,sbp_domestic_debt,monthly
2014-02-28,Special National Fund Bonds,0.000663841,billion PKR,sbp_domestic_debt,monthly
2014-03-31,Special National Fund Bonds,0.000663841,billion PKR,sbp_domestic_debt,monthly
2014-04-30,Special National Fund Bonds,0.000663841,billion PKR,sbp_domestic_debt,monthly
2014-05-31,Special National Fund Bonds,0.000663841,billion PKR,sbp_domestic_debt,monthly
2014-06-30,Special National Fund Bonds,0.000663841,billion PKR,sbp_domestic_debt,monthly
2014-07-31,Special National Fund Bonds,0.000663841,billion PKR,sbp_domestic_debt,monthly
2014-08-31,Special National Fund Bonds,0.000663841,billion PKR,sbp_domestic_debt,monthly
2014-09-30,Special National Fund Bonds,0.000663841,billion PKR,sbp_domestic_debt,monthly
2014-10-31,Special National Fund Bonds,0.000663841,billion PKR,sbp_domestic_debt,monthly
2014-11-30,Special National Fund Bonds,0.000663841,billion PKR,sbp_domestic_debt,monthly
2014-12-31,Special National Fund Bonds,0.000663841,billion PKR,sbp_domestic_debt,monthly
2015-01-31,Special National Fund Bonds,0.000663841,billion PKR,sbp_domestic_debt,monthly
2015-02-28,Special National Fund Bonds,0.000663841,billion PKR,sbp_domestic_debt,monthly
2015-03-31,Special National Fund Bonds,0.000663841,billion PKR,sbp_domestic_debt,monthly
2015-04-30,Special National Fund Bonds,0.000663841,billion PKR,sbp_domestic_debt,monthly
2015-05-31,Special National Fund Bonds,0.000663841,billion PKR,sbp_domestic_debt,monthly
2015-06-30,Special National Fund Bonds,0.000663841,billion PKR,sbp_domestic_debt,monthly
2015-07-31,Special National Fund Bonds,0.000663841,billion PKR,sbp_domestic_debt,monthly
2015-08-31,Special National Fund Bonds,0.000663841,billion PKR,sbp_domestic_debt,monthly
2015-09-30,Special National Fund Bonds,0.000663841,billion PKR,sbp_domestic_debt,monthly
2015-10-31,Special National Fund Bonds,0.000663841,billion PKR,sbp_domestic_debt,monthly
2015-11-30,Special National Fund Bonds,0.000663841,billion PKR,sbp_domestic_debt,monthly
2015-12-31,Special National Fund Bonds,0.000663841,billion PKR,sbp_domestic_debt,monthly
2016-01-31,Special National Fund Bonds,0.000663841,billion PKR,sbp_domestic_debt,monthly
2016-02-29,Special National Fund Bonds,0.000663841,billion PKR,sbp_domestic_debt,monthly
2016-03-31,Special National Fund Bonds,0.000663841,billion PKR,sbp_domestic_debt,monthly
2016-04-30,Special National Fund Bonds,0.000663841,billion PKR,sbp_domestic_debt,monthly
2016-05-31,Special National Fund Bonds,0.000663841,billion PKR,sbp_domestic_debt,monthly
2016-06-30,Special National Fund Bonds,0.000663841,billion PKR,sbp_domestic_debt,monthly
2016-07-31,Special National Fund Bonds,0.000663841,billion PKR,sbp_domestic_debt,monthly
2016-08-31,Special National Fund Bonds,0.000663841,billion PKR,sbp_domestic_debt,monthly
2016-09-30,Special National Fund Bonds,0.000663841,billion PKR,sbp_domestic_debt,monthly
2016-10-31,Special National Fund Bonds,0.000663841,billion PKR,sbp_domestic_debt,monthly
2016-11-30,Special National Fund Bonds,0.000663841,billion PKR,sbp_domestic_debt,monthly
2016-12-31,Special National Fund Bonds,0.000663841,billion PKR,sbp_domestic_debt,monthly
2017-01-31,Special National Fund Bonds,0.000663841,billion PKR,sbp_domestic_debt,monthly
2017-02-28,Special National Fund Bonds,0.000663841,billion PKR,sbp_domestic_debt,monthly
2017-03-31,Special National Fund Bonds,0.000663841,billion PKR,sbp_domestic_debt,monthly
2017-04-30,Special National Fund Bonds,0.000663841,billion PKR,sbp_domestic_debt,monthly
2017-05-31,Special National Fund Bonds,0.000663841,billion PKR,sbp_domestic_debt,monthly
2017-06-30,Special National Fund Bonds,0.000663841,billion PKR,sbp_domestic_debt,monthly
2017-07-31,Special National Fund Bonds,0.000663841,billion PKR,sbp_domestic_debt,monthly
2017-08-31,Special National Fund Bonds,0.000663841,billion PKR,sbp_domestic_debt,monthly
2017-09-30,Special National Fund Bonds,0.000663841,billion PKR,sbp_domestic_debt,monthly
2017-10-31,Special National Fund Bonds,0.000663841,billion PKR,sbp_domestic_debt,monthly
2017-11-30,Special National Fund Bonds,0.000663841,billion PKR,sbp_domestic_debt,monthly
2017-12-31,Special National Fund Bonds,0.000663841,billion PKR,sbp_domestic_debt,monthly
2018-01-31,Special National Fund Bonds,0.000663841,billion PKR,sbp_domestic_debt,monthly
2018-02-28,Special National Fund Bonds,0.000663841,billion PKR,sbp_domestic_debt,monthly
2018-03-31,Special National Fund Bonds,0.000663841,billion PKR,sbp_domestic_debt,monthly
2018-04-30,Special National Fund Bonds,0.000663841,billion PKR,sbp_domestic_debt,monthly
2018-05-31,Special National Fund Bonds,0.000663841,billion PKR,sbp_domestic_debt,monthly
2018-06-30,Special National Fund Bonds,0.000663841,billion PKR,sbp_domestic_debt,monthly
2018-07-31,Special National Fund Bonds,0.000663841,billion PKR,sbp_domestic_debt,monthly
2018-08-31,Special National Fund Bonds,0.000663841,billion PKR,sbp_domestic_debt,monthly
2018-09-30,Special National Fund Bonds,0.000663841,billion PKR,sbp_domestic_debt,monthly
2018-10-31,Special National Fund Bonds,0.000663841,billion PKR,sbp_domestic_debt,monthly
2018-11-30,Special National Fund Bonds,0.000663841,billion PKR,sbp_domestic_debt,monthly
2018-12-31,Special National Fund Bonds,0.000663841,billion PKR,sbp_domestic_debt,monthly
2019-01-31,Special National Fund Bonds,0.000663841,billion PKR,sbp_domestic_debt,monthly
2019-02-28,Special National Fund Bonds,0.000663841,billion PKR,sbp_domestic_debt,monthly
2019-03-31,Special National Fund Bonds,0.000663841,billion PKR,sbp_domestic_debt,monthly
2019-04-30,Special National Fund Bonds,0.000663841,billion PKR,sbp_domestic_debt,monthly
2019-05-31,Special National Fund Bonds,0.000663841,billion PKR,sbp_domestic_debt,monthly
2019-06-30,Special National Fund Bonds,0.000663841,billion PKR,sbp_domestic_debt,monthly
2019-07-31,Special National Fund Bonds,0.000663841,billion PKR,sbp_domestic_debt,monthly
2019-08-31,Special National Fund Bonds,0.000663841,billion PKR,sbp_domestic_debt,monthly
2019-09-30,Special National Fund Bonds,0.000663841,billion PKR,sbp_domestic_debt,monthly
2019-10-31,Special National Fund Bonds,0.000663841,billion PKR,sbp_domestic_debt,monthly
2019-11-30,Special National Fund Bonds,0.000663841,billion PKR,sbp_domestic_debt,monthly
2019-12-31,Special National Fund Bonds,0.000663841,billion PKR,sbp_domestic_debt,monthly
2020-01-31,Special National Fund Bonds,0.000663841,billion PKR,sbp_domestic_debt,monthly
2020-02-29,Special National Fund Bonds,0.000663841,billion PKR,sbp_domestic_debt,monthly
2020-03-31,Special National Fund Bonds,0.000663841,billion PKR,sbp_domestic_debt,monthly
2020-04-30,Special National Fund Bonds,0.000663841,billion PKR,sbp_domestic_debt,monthly
2020-05-31,Special National Fund Bonds,0.000663841,billion PKR,sbp_domestic_debt,monthly
2020-06-30,Special National Fund Bonds,0.000663841,billion PKR,sbp_domestic_debt,monthly
2020-07-31,Special National Fund Bonds,0.000663841,billion PKR,sbp_domestic_debt,monthly
2020-08-31,Special National Fund Bonds,0.000663841,billion PKR,sbp_domestic_debt,monthly
2020-09-30,Special National Fund Bonds,0.000663841,billion PKR,sbp_domestic_debt,monthly
2020-10-31,Special National Fund Bonds,0.000663841,billion PKR,sbp_domestic_debt,monthly
2020-11-30,Special National Fund Bonds,0.000663841,billion PKR,sbp_domestic_debt,monthly
2020-12-31,Special National Fund Bonds,0.000663841,billion PKR,sbp_domestic_debt,monthly
2021-01-31,Special National Fund Bonds,0.000663841,billion PKR,sbp_domestic_debt,monthly
2021-02-28,Special National Fund Bonds,0.000663841,billion PKR,sbp_domestic_debt,monthly
2021-03-31,Special National Fund Bonds,0.000663841,billion PKR,sbp_domestic_debt,monthly
2021-04-30,Special National Fund Bonds,0.000663841,billion PKR,sbp_domestic_debt,monthly
2021-05-31,Special National Fund Bonds,0.000663841,billion PKR,sbp_domestic_debt,monthly
2021-06-30,Special National Fund Bonds,0.000663841,billion PKR,sbp_domestic_debt,monthly
2021-07-31,Special National Fund Bonds,0.000663841,billion PKR,sbp_domestic_debt,monthly
2021-08-31,Special National Fund Bonds,0.000663841,billion PKR,sbp_domestic_debt,monthly
2021-09-30,Special National Fund Bonds,0.000663841,billion PKR,sbp_domestic_debt,monthly
2021-10-31,Special National Fund Bonds,0.000663841,billion PKR,sbp_domestic_debt,monthly
2021-11-30,Special National Fund Bonds,0.000663841,billion PKR,sbp_domestic_debt,monthly
2021-12-31,Special National Fund Bonds,0.000663841,billion PKR,sbp_domestic_debt,monthly
2022-01-31,Special National Fund Bonds,0.000663841,billion PKR,sbp_domestic_debt,monthly
2022-02-28,Special National Fund Bonds,0.000663841,billion PKR,sbp_domestic_debt,monthly
2022-03-31,Special National Fund Bonds,0.000663841,billion PKR,sbp_domestic_debt,monthly
2022-04-30,Special National Fund Bonds,0.000663841,billion PKR,sbp_domestic_debt,monthly
2022-05-31,Special National Fund Bonds,0.000663841,billion PKR,sbp_domestic_debt,monthly
2022-06-30,Special National Fund Bonds,0.000663841,billion PKR,sbp_domestic_debt,monthly
2010-06-30,Special US Dollar Bonds,2.892131535,billion PKR,sbp_domestic_debt,monthly
2010-07-31,Special US Dollar Bonds,2.889581014,billion PKR,sbp_domestic_debt,monthly
2010-08-31,Special US Dollar Bonds,2.881233804,billion PKR,sbp_domestic_debt,monthly
2010-09-30,Special US Dollar Bonds,2.736389794,billion PKR,sbp_domestic_debt,monthly
2010-10-31,Special US Dollar Bonds,1.609991793,billion PKR,sbp_domestic_debt,monthly
2010-11-30,Special US Dollar Bonds,1.605131925,billion PKR,sbp_domestic_debt,monthly
2010-12-31,Special US Dollar Bonds,1.347861712,billion PKR,sbp_domestic_debt,monthly
2011-01-31,Special US Dollar Bonds,1.335505954,billion PKR,sbp_domestic_debt,monthly
2011-02-28,Special US Dollar Bonds,1.334069423,billion PKR,sbp_domestic_debt,monthly
2011-03-31,Special US Dollar Bonds,1.323875399,billion PKR,sbp_domestic_debt,monthly
2011-04-30,Special US Dollar Bonds,1.296167793,billion PKR,sbp_domestic_debt,monthly
2011-05-31,Special US Dollar Bonds,1.260612279,billion PKR,sbp_domestic_debt,monthly
2011-06-30,Special US Dollar Bonds,1.187550444,billion PKR,sbp_domestic_debt,monthly
2011-07-31,Special US Dollar Bonds,1.134875828,billion PKR,sbp_domestic_debt,monthly
2011-08-31,Special US Dollar Bonds,1.144435563,billion PKR,sbp_domestic_debt,monthly
2011-09-30,Special US Dollar Bonds,1.146447287,billion PKR,sbp_domestic_debt,monthly
2011-10-31,Special US Dollar Bonds,1.133775675,billion PKR,sbp_domestic_debt,monthly
2011-11-30,Special US Dollar Bonds,1.145338764,billion PKR,sbp_domestic_debt,monthly
2011-12-31,Special US Dollar Bonds,1.151233003,billion PKR,sbp_domestic_debt,monthly
2012-01-31,Special US Dollar Bonds,1.151126226,billion PKR,sbp_domestic_debt,monthly
2012-02-29,Special US Dollar Bonds,1.158192764,billion PKR,sbp_domestic_debt,monthly
2012-03-31,Special US Dollar Bonds,1.154348822,billion PKR,sbp_domestic_debt,monthly
2012-04-30,Special US Dollar Bonds,1.155915143,billion PKR,sbp_domestic_debt,monthly
2012-05-31,Special US Dollar Bonds,1.184081983,billion PKR,sbp_domestic_debt,monthly
2012-06-30,Special US Dollar Bonds,1.190445031,billion PKR,sbp_domestic_debt,monthly
2012-07-31,Special US Dollar Bonds,1.190184408,billion PKR,sbp_domestic_debt,monthly
2012-08-31,Special US Dollar Bonds,1.174778714,billion PKR,sbp_domestic_debt,monthly
2012-09-30,Special US Dollar Bonds,1.178551401,billion PKR,sbp_domestic_debt,monthly
2012-10-31,Special US Dollar Bonds,1.191236147,billion PKR,sbp_domestic_debt,monthly
2012-11-30,Special US Dollar Bonds,1.197414092,billion PKR,sbp_domestic_debt,monthly
2012-12-31,Special US Dollar Bonds,1.204209391,billion PKR,sbp_domestic_debt,monthly
2013-01-31,Special US Dollar Bonds,4.213896216,billion PKR,sbp_domestic_debt,monthly
2013-02-28,Special US Dollar Bonds,4.23341733,billion PKR,sbp_domestic_debt,monthly
2013-03-31,Special US Dollar Bonds,4.24394528,billion PKR,sbp_domestic_debt,monthly
2013-04-30,Special US Dollar Bonds,4.244457151,billion PKR,sbp_domestic_debt,monthly
2013-05-31,Special US Dollar Bonds,4.24756597,billion PKR,sbp_domestic_debt,monthly
2013-06-30,Special US Dollar Bonds,4.29481618655,billion PKR,sbp_domestic_debt,monthly
2013-07-31,Special US Dollar Bonds,4.38813388301,billion PKR,sbp_domestic_debt,monthly
2013-08-31,Special US Dollar Bonds,4.50424557184,billion PKR,sbp_domestic_debt,monthly
2013-09-30,Special US Dollar Bonds,4.57027157358,billion PKR,sbp_domestic_debt,monthly
2013-10-31,Special US Dollar Bonds,4.60676035494,billion PKR,sbp_domestic_debt,monthly
2013-11-30,Special US Dollar Bonds,4.676126958899999,billion PKR,sbp_domestic_debt,monthly
2013-12-31,Special US Dollar Bonds,4.5331918489200005,billion PKR,sbp_domestic_debt,monthly
2014-01-31,Special US Dollar Bonds,4.5390605938,billion PKR,sbp_domestic_debt,monthly
2014-02-28,Special US Dollar Bonds,4.5087817126,billion PKR,sbp_domestic_debt,monthly
2014-03-31,Special US Dollar Bonds,4.2295844319,billion PKR,sbp_domestic_debt,monthly
2014-04-30,Special US Dollar Bonds,4.2304819792199995,billion PKR,sbp_domestic_debt,monthly
2014-05-31,Special US Dollar Bonds,4.23027496693,billion PKR,sbp_domestic_debt,monthly
2014-06-30,Special US Dollar Bonds,4.23592116982,billion PKR,sbp_domestic_debt,monthly
2014-07-31,Special US Dollar Bonds,4.23071054704,billion PKR,sbp_domestic_debt,monthly
2014-08-31,Special US Dollar Bonds,4.3601053532,billion PKR,sbp_domestic_debt,monthly
2014-09-30,Special US Dollar Bonds,4.39672168308,billion PKR,sbp_domestic_debt,monthly
2014-10-31,Special US Dollar Bonds,4.3998679117799995,billion PKR,sbp_domestic_debt,monthly
2014-11-30,Special US Dollar Bonds,4.35714020136,billion PKR,sbp_domestic_debt,monthly
2014-12-31,Special US Dollar Bonds,4.29728035122,billion PKR,sbp_domestic_debt,monthly
2015-01-31,Special US Dollar Bonds,4.32072811326,billion PKR,sbp_domestic_debt,monthly
2015-02-28,Special US Dollar Bonds,4.35289137738,billion PKR,sbp_domestic_debt,monthly
2015-03-31,Special US Dollar Bonds,4.356157221359999,billion PKR,sbp_domestic_debt,monthly
2015-04-30,Special US Dollar Bonds,4.34632853445,billion PKR,sbp_domestic_debt,monthly
2015-05-31,Special US Dollar Bonds,4.3581455041499995,billion PKR,sbp_domestic_debt,monthly
2015-06-30,Special US Dollar Bonds,4.368372337609999,billion PKR,sbp_domestic_debt,monthly
2015-07-31,Special US Dollar Bonds,4.36888738121,billion PKR,sbp_domestic_debt,monthly
2015-08-31,Special US Dollar Bonds,4.4718961012100005,billion PKR,sbp_domestic_debt,monthly
2015-09-30,Special US Dollar Bonds,4.48567351751,billion PKR,sbp_domestic_debt,monthly
2015-10-31,Special US Dollar Bonds,4.52252259776,billion PKR,sbp_domestic_debt,monthly
2015-11-30,Special US Dollar Bonds,4.52449109729,billion PKR,sbp_domestic_debt,monthly
2015-12-31,Special US Dollar Bonds,4.4919958447,billion PKR,sbp_domestic_debt,monthly
2016-01-31,Special US Dollar Bonds,4.49970258469,billion PKR,sbp_domestic_debt,monthly
2016-02-29,Special US Dollar Bonds,4.489958726449999,billion PKR,sbp_domestic_debt,monthly
2016-03-31,Special US Dollar Bonds,4.4920534316800005,billion PKR,sbp_domestic_debt,monthly
2016-04-30,Special US Dollar Bonds,4.49461775136,billion PKR,sbp_domestic_debt,monthly
2016-05-31,Special US Dollar Bonds,4.467294536179999,billion PKR,sbp_domestic_debt,monthly
2016-06-30,Special US Dollar Bonds,4.46544223488,billion PKR,sbp_domestic_debt,monthly
2016-07-31,Special US Dollar Bonds,4.46603430816,billion PKR,sbp_domestic_debt,monthly
2016-08-31,Special US Dollar Bonds,4.4638278768,billion PKR,sbp_domestic_debt,monthly
2016-09-30,Special US Dollar Bonds,4.45636945728,billion PKR,sbp_domestic_debt,monthly
2016-10-31,Special US Dollar Bonds,4.46592782016,billion PKR,sbp_domestic_debt,monthly
2016-11-30,Special US Dollar Bonds,4.4655274252799995,billion PKR,sbp_domestic_debt,monthly
2016-12-31,Special US Dollar Bonds,4.4543480421999995,billion PKR,sbp_domestic_debt,monthly
2017-01-31,Special US Dollar Bonds,4.46482825992,billion PKR,sbp_domestic_debt,monthly
2017-02-28,Special US Dollar Bonds,4.46365959075,billion PKR,sbp_domestic_debt,monthly
2017-03-31,Special US Dollar Bonds,4.463338128899999,billion PKR,sbp_domestic_debt,monthly
2017-04-30,Special US Dollar Bonds,4.46166510825,billion PKR,sbp_domestic_debt,monthly
2017-05-31,Special US Dollar Bonds,4.46209860132,billion PKR,sbp_domestic_debt,monthly
2017-06-30,Special US Dollar Bonds,4.4620305138,billion PKR,sbp_domestic_debt,monthly
2017-07-31,Special US Dollar Bonds,4.48518878154,billion PKR,sbp_domestic_debt,monthly
2017-08-31,Special US Dollar Bonds,4.47600342288,billion PKR,sbp_domestic_debt,monthly
2017-09-30,Special US Dollar Bonds,4.464383236320001,billion PKR,sbp_domestic_debt,monthly
2017-10-31,Special US Dollar Bonds,4.4587320869600005,billion PKR,sbp_domestic_debt,monthly
2017-11-30,Special US Dollar Bonds,4.46361915154,billion PKR,sbp_domestic_debt,monthly
2017-12-31,Special US Dollar Bonds,4.671387355239999,billion PKR,sbp_domestic_debt,monthly
2018-01-31,Special US Dollar Bonds,4.67258270825,billion PKR,sbp_domestic_debt,monthly
2018-02-28,Special US Dollar Bonds,4.667085033099999,billion PKR,sbp_domestic_debt,monthly
2018-03-31,Special US Dollar Bonds,4.874846529349999,billion PKR,sbp_domestic_debt,monthly
2018-04-30,Special US Dollar Bonds,4.8774681332,billion PKR,sbp_domestic_debt,monthly
2018-05-31,Special US Dollar Bonds,4.87253724045,billion PKR,sbp_domestic_debt,monthly
2018-06-30,Special US Dollar Bonds,5.1209490336400005,billion PKR,sbp_domestic_debt,monthly
2018-07-31,Special US Dollar Bonds,5.2343627556,billion PKR,sbp_domestic_debt,monthly
2018-08-31,Special US Dollar Bonds,5.23672729767,billion PKR,sbp_domestic_debt,monthly
2018-09-30,Special US Dollar Bonds,5.23479274488,billion PKR,sbp_domestic_debt,monthly
2018-10-31,Special US Dollar Bonds,5.58178695528,billion PKR,sbp_domestic_debt,monthly
2018-11-30,Special US Dollar Bonds,5.85865345038,billion PKR,sbp_domestic_debt,monthly
2018-12-31,Special US Dollar Bonds,5.8504462536599995,billion PKR,sbp_domestic_debt,monthly
2019-01-31,Special US Dollar Bonds,5.8072057366,billion PKR,sbp_domestic_debt,monthly
2019-02-28,Special US Dollar Bonds,5.8287783588,billion PKR,sbp_domestic_debt,monthly
2019-03-31,Special US Dollar Bonds,5.911095832799999,billion PKR,sbp_domestic_debt,monthly
2019-04-30,Special US Dollar Bonds,5.921272805200001,billion PKR,sbp_domestic_debt,monthly
2019-05-31,Special US Dollar Bonds,6.1853218266,billion PKR,sbp_domestic_debt,monthly
2019-06-30,Special US Dollar Bonds,6.6922584573,billion PKR,sbp_domestic_debt,monthly
2019-07-31,Special US Dollar Bonds,6.654127752599999,billion PKR,sbp_domestic_debt,monthly
2019-08-31,Special US Dollar Bonds,6.5163394311,billion PKR,sbp_domestic_debt,monthly
2019-09-30,Special US Dollar Bonds,6.4958878121999994,billion PKR,sbp_domestic_debt,monthly
2019-10-31,Special US Dollar Bonds,6.43049136275,billion PKR,sbp_domestic_debt,monthly
2019-11-30,Special US Dollar Bonds,6.41257216925,billion PKR,sbp_domestic_debt,monthly
2019-12-31,Special US Dollar Bonds,6.396367237,billion PKR,sbp_domestic_debt,monthly
2020-01-31,Special US Dollar Bonds,6.3815047985,billion PKR,sbp_domestic_debt,monthly
2020-02-29,Special US Dollar Bonds,6.324619530999999,billion PKR,sbp_domestic_debt,monthly
2020-03-31,Special US Dollar Bonds,6.83610197775,billion PKR,sbp_domestic_debt,monthly
2020-04-30,Special US Dollar Bonds,6.5683763125,billion PKR,sbp_domestic_debt,monthly
2020-05-31,Special US Dollar Bonds,6.688417567250001,billion PKR,sbp_domestic_debt,monthly
2020-06-30,Special US Dollar Bonds,6.8913349795,billion PKR,sbp_domestic_debt,monthly
2020-07-31,Special US Dollar Bonds,6.84749386125,billion PKR,sbp_domestic_debt,monthly
2020-08-31,Special US Dollar Bonds,6.81707449775,billion PKR,sbp_domestic_debt,monthly
2020-09-30,Special US Dollar Bonds,6.83586966365,billion PKR,sbp_domestic_debt,monthly
2020-10-31,Special US Dollar Bonds,6.565201163699999,billion PKR,sbp_domestic_debt,monthly
2020-11-30,Special US Dollar Bonds,6.530985942899999,billion PKR,sbp_domestic_debt,monthly
2020-12-31,Special US Dollar Bonds,6.5478559476,billion PKR,sbp_domestic_debt,monthly
2021-01-31,Special US Dollar Bonds,6.55878171315,billion PKR,sbp_domestic_debt,monthly
2021-02-28,Special US Dollar Bonds,6.476832326549999,billion PKR,sbp_domestic_debt,monthly
2021-03-31,Special US Dollar Bonds,6.2579851869,billion PKR,sbp_domestic_debt,monthly
2021-04-30,Special US Dollar Bonds,6.28642822785,billion PKR,sbp_domestic_debt,monthly
2021-05-31,Special US Dollar Bonds,6.3251784402,billion PKR,sbp_domestic_debt,monthly
2021-06-30,Special US Dollar Bonds,6.4540139860500005,billion PKR,sbp_domestic_debt,monthly
2021-07-31,Special US Dollar Bonds,6.648641675460001,billion PKR,sbp_domestic_debt,monthly
2021-08-31,Special US Dollar Bonds,6.810565761029999,billion PKR,sbp_domestic_debt,monthly
2021-09-30,Special US Dollar Bonds,6.98540808048,billion PKR,sbp_domestic_debt,monthly
2021-10-31,Special US Dollar Bonds,6.98540808048,billion PKR,sbp_domestic_debt,monthly
2021-11-30,Special US Dollar Bonds,7.19255826432,billion PKR,sbp_domestic_debt,monthly
2021-12-31,Special US Dollar Bonds,7.2928669587,billion PKR,sbp_domestic_debt,monthly
2022-01-31,Special US Dollar Bonds,7.23344144556,billion PKR,sbp_domestic_debt,monthly
2022-02-28,Special US Dollar Bonds,7.2580370395600005,billion PKR,sbp_domestic_debt,monthly
2022-03-31,Special US Dollar Bonds,7.5037813366799995,billion PKR,sbp_domestic_debt,monthly
2022-04-30,Special US Dollar Bonds,7.59155933679,billion PKR,sbp_domestic_debt,monthly
2022-05-31,Special US Dollar Bonds,8.11380772059,billion PKR,sbp_domestic_debt,monthly
2022-06-30,Special US Dollar Bonds,8.37489102879,billion PKR,sbp_domestic_debt,monthly
2010-06-30,Treasury Bills,0.013,billion PKR,sbp_domestic_debt,monthly
2010-07-31,Treasury Bills,0.013,billion PKR,sbp_domestic_debt,monthly
2010-08-31,Treasury Bills,0.013,billion PKR,sbp_domestic_debt,monthly
2010-09-30,Treasury Bills,0.013,billion PKR,sbp_domestic_debt,monthly
2010-10-31,Treasury Bills,0.013,billion PKR,sbp_domestic_debt,monthly
2010-11-30,Treasury Bills,0.013,billion PKR,sbp_domestic_debt,monthly
2010-12-31,Treasury Bills,0.013,billion PKR,sbp_domestic_debt,monthly
2011-01-31,Treasury Bills,0.013,billion PKR,sbp_domestic_debt,monthly
2011-02-28,Treasury Bills,0.013,billion PKR,sbp_domestic_debt,monthly
2011-03-31,Treasury Bills,0.013,billion PKR,sbp_domestic_debt,monthly
2011-04-30,Treasury Bills,0.013,billion PKR,sbp_domestic_debt,monthly
2011-05-31,Treasury Bills,0.013,billion PKR,sbp_domestic_debt,monthly
2011-06-30,Treasury Bills,0.013,billion PKR,sbp_domestic_debt,monthly
2010-06-30,US Dollar Bearer Certificates,0.054339494,billion PKR,sbp_domestic_debt,monthly
2010-07-31,US Dollar Bearer Certificates,0.054455152,billion PKR,sbp_domestic_debt,monthly
2010-08-31,US Dollar Bearer Certificates,0.054410795,billion PKR,sbp_domestic_debt,monthly
2010-09-30,US Dollar Bearer Certificates,0.054855378,billion PKR,sbp_domestic_debt,monthly
2010-10-31,US Dollar Bearer Certificates,0.054579833,billion PKR,sbp_domestic_debt,monthly
2010-11-30,US Dollar Bearer Certificates,0.054473199,billion PKR,sbp_domestic_debt,monthly
2010-12-31,US Dollar Bearer Certificates,0.054420581,billion PKR,sbp_domestic_debt,monthly
2011-01-31,US Dollar Bearer Certificates,0.054464303,billion PKR,sbp_domestic_debt,monthly
2011-02-28,US Dollar Bearer Certificates,0.054455342,billion PKR,sbp_domestic_debt,monthly
2011-03-31,US Dollar Bearer Certificates,0.054244807,billion PKR,sbp_domestic_debt,monthly
2011-04-30,US Dollar Bearer Certificates,0.053821258,billion PKR,sbp_domestic_debt,monthly
2011-05-31,US Dollar Bearer Certificates,0.054589937,billion PKR,sbp_domestic_debt,monthly
2011-06-30,US Dollar Bearer Certificates,0.054629401,billion PKR,sbp_domestic_debt,monthly
2011-07-31,US Dollar Bearer Certificates,0.05502645,billion PKR,sbp_domestic_debt,monthly
2011-08-31,US Dollar Bearer Certificates,0.05548997,billion PKR,sbp_domestic_debt,monthly
2011-09-30,US Dollar Bearer Certificates,0.05559133,billion PKR,sbp_domestic_debt,monthly
2011-10-31,US Dollar Bearer Certificates,0.05497688233,billion PKR,sbp_domestic_debt,monthly
2011-11-30,US Dollar Bearer Certificates,0.05639826492,billion PKR,sbp_domestic_debt,monthly
2011-12-31,US Dollar Bearer Certificates,0.057131889619999994,billion PKR,sbp_domestic_debt,monthly
2012-01-31,US Dollar Bearer Certificates,0.05742585185,billion PKR,sbp_domestic_debt,monthly
2012-02-29,US Dollar Bearer Certificates,0.05777837786,billion PKR,sbp_domestic_debt,monthly
2012-03-31,US Dollar Bearer Certificates,0.05758661641,billion PKR,sbp_domestic_debt,monthly
2012-04-30,US Dollar Bearer Certificates,0.05784329346,billion PKR,sbp_domestic_debt,monthly
2012-05-31,US Dollar Bearer Certificates,0.059675920560000005,billion PKR,sbp_domestic_debt,monthly
2012-06-30,US Dollar Bearer Certificates,0.06005569588,billion PKR,sbp_domestic_debt,monthly
2012-07-31,US Dollar Bearer Certificates,0.060139031759999996,billion PKR,sbp_domestic_debt,monthly
2012-08-31,US Dollar Bearer Certificates,0.06002914527,billion PKR,sbp_domestic_debt,monthly
2012-09-30,US Dollar Bearer Certificates,0.06022192301,billion PKR,sbp_domestic_debt,monthly
2012-10-31,US Dollar Bearer Certificates,0.060919098770000006,billion PKR,sbp_domestic_debt,monthly
2012-11-30,US Dollar Bearer Certificates,0.061352102340000006,billion PKR,sbp_domestic_debt,monthly
2012-12-31,US Dollar Bearer Certificates,0.06170774075,billion PKR,sbp_domestic_debt,monthly
2013-01-31,US Dollar Bearer Certificates,0.06208459423,billion PKR,sbp_domestic_debt,monthly
2013-02-28,US Dollar Bearer Certificates,0.06237220464,billion PKR,sbp_domestic_debt,monthly
2013-03-31,US Dollar Bearer Certificates,0.06252731607999999,billion PKR,sbp_domestic_debt,monthly
2013-04-30,US Dollar Bearer Certificates,0.06253601807,billion PKR,sbp_domestic_debt,monthly
2013-05-31,US Dollar Bearer Certificates,0.06259750369,billion PKR,sbp_domestic_debt,monthly
2013-06-30,US Dollar Bearer Certificates,0.06330192053,billion PKR,sbp_domestic_debt,monthly
2013-07-31,US Dollar Bearer Certificates,0.0646773436318,billion PKR,sbp_domestic_debt,monthly
2013-08-31,US Dollar Bearer Certificates,0.0663944311324,billion PKR,sbp_domestic_debt,monthly
2013-09-30,US Dollar Bearer Certificates,0.0673692449478,billion PKR,sbp_domestic_debt,monthly
2013-10-31,US Dollar Bearer Certificates,0.06790711706540001,billion PKR,sbp_domestic_debt,monthly
2013-11-30,US Dollar Bearer Certificates,0.06892963304899999,billion PKR,sbp_domestic_debt,monthly
2013-12-31,US Dollar Bearer Certificates,0.0669002900772,billion PKR,sbp_domestic_debt,monthly
2014-01-31,US Dollar Bearer Certificates,0.0669981081052,billion PKR,sbp_domestic_debt,monthly
2014-02-28,US Dollar Bearer Certificates,0.0666301471726,billion PKR,sbp_domestic_debt,monthly
2014-03-31,US Dollar Bearer Certificates,0.0625842919054,billion PKR,sbp_domestic_debt,monthly
2014-04-30,US Dollar Bearer Certificates,0.0626044271748,billion PKR,sbp_domestic_debt,monthly
2014-05-31,US Dollar Bearer Certificates,0.0626752499678,billion PKR,sbp_domestic_debt,monthly
2014-06-30,US Dollar Bearer Certificates,0.0627589034372,billion PKR,sbp_domestic_debt,monthly
2014-07-31,US Dollar Bearer Certificates,0.0627152029156,billion PKR,sbp_domestic_debt,monthly
2014-08-31,US Dollar Bearer Certificates,0.0646333255192,billion PKR,sbp_domestic_debt,monthly
2014-09-30,US Dollar Bearer Certificates,0.0651913329062,billion PKR,sbp_domestic_debt,monthly
2014-10-31,US Dollar Bearer Certificates,0.0653487310058,billion PKR,sbp_domestic_debt,monthly
2014-11-30,US Dollar Bearer Certificates,0.0647141206696,billion PKR,sbp_domestic_debt,monthly
2014-12-31,US Dollar Bearer Certificates,0.0638250564242,billion PKR,sbp_domestic_debt,monthly
2015-01-31,US Dollar Bearer Certificates,0.0642183611186,billion PKR,sbp_domestic_debt,monthly
2015-02-28,US Dollar Bearer Certificates,0.0646963990918,billion PKR,sbp_domestic_debt,monthly
2015-03-31,US Dollar Bearer Certificates,0.0647531208444,billion PKR,sbp_domestic_debt,monthly
2015-04-30,US Dollar Bearer Certificates,0.0646074736118,billion PKR,sbp_domestic_debt,monthly
2015-05-31,US Dollar Bearer Certificates,0.064795868593,billion PKR,sbp_domestic_debt,monthly
2015-06-30,US Dollar Bearer Certificates,0.06464799822339999,billion PKR,sbp_domestic_debt,monthly
2015-07-31,US Dollar Bearer Certificates,0.0646556204074,billion PKR,sbp_domestic_debt,monthly
2015-08-31,US Dollar Bearer Certificates,0.0661800572074,billion PKR,sbp_domestic_debt,monthly
2015-09-30,US Dollar Bearer Certificates,0.0663839506294,billion PKR,sbp_domestic_debt,monthly
2015-10-31,US Dollar Bearer Certificates,0.0669817204096,billion PKR,sbp_domestic_debt,monthly
2015-11-30,US Dollar Bearer Certificates,0.06701087526340001,billion PKR,sbp_domestic_debt,monthly
2015-12-31,US Dollar Bearer Certificates,0.06652959786200001,billion PKR,sbp_domestic_debt,monthly
2016-01-31,US Dollar Bearer Certificates,0.0666437400674,billion PKR,sbp_domestic_debt,monthly
2016-02-29,US Dollar Bearer Certificates,0.066499426717,billion PKR,sbp_domestic_debt,monthly
2016-03-31,US Dollar Bearer Certificates,0.06625552541360001,billion PKR,sbp_domestic_debt,monthly
2016-04-30,US Dollar Bearer Certificates,0.0662933478372,billion PKR,sbp_domestic_debt,monthly
2016-05-31,US Dollar Bearer Certificates,0.06632060781139999,billion PKR,sbp_domestic_debt,monthly
2016-06-30,US Dollar Bearer Certificates,0.0663058709808,billion PKR,sbp_domestic_debt,monthly
2016-07-31,US Dollar Bearer Certificates,0.0663146624806,billion PKR,sbp_domestic_debt,monthly
2016-08-31,US Dollar Bearer Certificates,0.066281899913,billion PKR,sbp_domestic_debt,monthly
2016-09-30,US Dollar Bearer Certificates,0.06617115231479999,billion PKR,sbp_domestic_debt,monthly
2016-10-31,US Dollar Bearer Certificates,0.0663130812756,billion PKR,sbp_domestic_debt,monthly
2016-11-30,US Dollar Bearer Certificates,0.06630713594479999,billion PKR,sbp_domestic_debt,monthly
2016-12-31,US Dollar Bearer Certificates,0.066156668477,billion PKR,sbp_domestic_debt,monthly
2017-01-31,US Dollar Bearer Certificates,0.06631232229720001,billion PKR,sbp_domestic_debt,monthly
2017-02-28,US Dollar Bearer Certificates,0.066311626567,billion PKR,sbp_domestic_debt,monthly
2017-03-31,US Dollar Bearer Certificates,0.0663130812756,billion PKR,sbp_domestic_debt,monthly
2017-04-30,US Dollar Bearer Certificates,0.066288224733,billion PKR,sbp_domestic_debt,monthly
2017-05-31,US Dollar Bearer Certificates,0.06631927959919999,billion PKR,sbp_domestic_debt,monthly
2017-06-30,US Dollar Bearer Certificates,0.066318267628,billion PKR,sbp_domestic_debt,monthly
2017-07-31,US Dollar Bearer Certificates,0.0666624643324,billion PKR,sbp_domestic_debt,monthly
2017-08-31,US Dollar Bearer Certificates,0.0666605036382,billion PKR,sbp_domestic_debt,monthly
2017-09-30,US Dollar Bearer Certificates,0.0666695481308,billion PKR,sbp_domestic_debt,monthly
2017-10-31,US Dollar Bearer Certificates,0.0666388095056,billion PKR,sbp_domestic_debt,monthly
2017-11-30,US Dollar Bearer Certificates,0.0667307723884,billion PKR,sbp_domestic_debt,monthly
2017-12-31,US Dollar Bearer Certificates,0.0698368914904,billion PKR,sbp_domestic_debt,monthly
2018-01-31,US Dollar Bearer Certificates,0.06992120134100001,billion PKR,sbp_domestic_debt,monthly
2018-02-28,US Dollar Bearer Certificates,0.06993821510680001,billion PKR,sbp_domestic_debt,monthly
2018-03-31,US Dollar Bearer Certificates,0.0730516077518,billion PKR,sbp_domestic_debt,monthly
2018-04-30,US Dollar Bearer Certificates,0.0731255448976,billion PKR,sbp_domestic_debt,monthly
2018-05-31,US Dollar Bearer Certificates,0.07311713288699999,billion PKR,sbp_domestic_debt,monthly
2018-06-30,US Dollar Bearer Certificates,0.0768447920504,billion PKR,sbp_domestic_debt,monthly
2018-07-31,US Dollar Bearer Certificates,0.078546674616,billion PKR,sbp_domestic_debt,monthly
2018-08-31,US Dollar Bearer Certificates,0.0785821568562,billion PKR,sbp_domestic_debt,monthly
2018-09-30,US Dollar Bearer Certificates,0.0785853825144,billion PKR,sbp_domestic_debt,monthly
2018-10-31,US Dollar Bearer Certificates,0.08379450426639999,billion PKR,sbp_domestic_debt,monthly
2018-11-30,US Dollar Bearer Certificates,0.0879508597294,billion PKR,sbp_domestic_debt,monthly
2018-12-31,US Dollar Bearer Certificates,0.0878276522358,billion PKR,sbp_domestic_debt,monthly
2019-01-31,US Dollar Bearer Certificates,0.08742836634920001,billion PKR,sbp_domestic_debt,monthly
2019-02-28,US Dollar Bearer Certificates,0.0878012144882,billion PKR,sbp_domestic_debt,monthly
2019-03-31,US Dollar Bearer Certificates,0.08904119544919999,billion PKR,sbp_domestic_debt,monthly
2019-04-30,US Dollar Bearer Certificates,0.08942878041880001,billion PKR,sbp_domestic_debt,monthly
2019-05-31,US Dollar Bearer Certificates,0.0935619237924,billion PKR,sbp_domestic_debt,monthly
2019-06-30,US Dollar Bearer Certificates,0.10123007231219999,billion PKR,sbp_domestic_debt,monthly
2019-07-31,US Dollar Bearer Certificates,0.1009429887324,billion PKR,sbp_domestic_debt,monthly
2019-08-31,US Dollar Bearer Certificates,0.0992096718114,billion PKR,sbp_domestic_debt,monthly
2019-09-30,US Dollar Bearer Certificates,0.09889830092279998,billion PKR,sbp_domestic_debt,monthly
2019-10-31,US Dollar Bearer Certificates,0.0984608131234,billion PKR,sbp_domestic_debt,monthly
2019-11-30,US Dollar Bearer Certificates,0.09818644243180001,billion PKR,sbp_domestic_debt,monthly
2019-12-31,US Dollar Bearer Certificates,0.0979383197432,billion PKR,sbp_domestic_debt,monthly
2020-01-31,US Dollar Bearer Certificates,0.09771075271959999,billion PKR,sbp_domestic_debt,monthly
2020-02-29,US Dollar Bearer Certificates,0.09754820484559999,billion PKR,sbp_domestic_debt,monthly
2020-03-31,US Dollar Bearer Certificates,0.10543708958339999,billion PKR,sbp_domestic_debt,monthly
2020-04-30,US Dollar Bearer Certificates,0.10130780435,billion PKR,sbp_domestic_debt,monthly
2020-05-31,US Dollar Bearer Certificates,0.1031592689086,billion PKR,sbp_domestic_debt,monthly
2020-06-30,US Dollar Bearer Certificates,0.1062889795892,billion PKR,sbp_domestic_debt,monthly
2020-07-31,US Dollar Bearer Certificates,0.105612793083,billion PKR,sbp_domestic_debt,monthly
2020-08-31,US Dollar Bearer Certificates,0.10514361793539999,billion PKR,sbp_domestic_debt,monthly
2020-09-30,US Dollar Bearer Certificates,0.1054360776122,billion PKR,sbp_domestic_debt,monthly
2020-10-31,US Dollar Bearer Certificates,0.10136017385960001,billion PKR,sbp_domestic_debt,monthly
2020-11-30,US Dollar Bearer Certificates,0.10083192489319999,billion PKR,sbp_domestic_debt,monthly
2020-12-31,US Dollar Bearer Certificates,0.10109238098079999,billion PKR,sbp_domestic_debt,monthly
2021-01-31,US Dollar Bearer Certificates,0.1012610639302,billion PKR,sbp_domestic_debt,monthly
2021-02-28,US Dollar Bearer Certificates,0.0999958469374,billion PKR,sbp_domestic_debt,monthly
2021-03-31,US Dollar Bearer Certificates,0.0966170648452,billion PKR,sbp_domestic_debt,monthly
2021-04-30,US Dollar Bearer Certificates,0.0970561970978,billion PKR,sbp_domestic_debt,monthly
2021-05-31,US Dollar Bearer Certificates,0.0976544618216,billion PKR,sbp_domestic_debt,monthly
2021-06-30,US Dollar Bearer Certificates,0.09964355446340001,billion PKR,sbp_domestic_debt,monthly
2021-07-31,US Dollar Bearer Certificates,0.10273417775640001,billion PKR,sbp_domestic_debt,monthly
2021-08-31,US Dollar Bearer Certificates,0.1052362133002,billion PKR,sbp_domestic_debt,monthly
2021-09-30,US Dollar Bearer Certificates,0.1079378601632,billion PKR,sbp_domestic_debt,monthly
2021-10-31,US Dollar Bearer Certificates,0.10953829261600001,billion PKR,sbp_domestic_debt,monthly
2021-11-30,US Dollar Bearer Certificates,0.1111387250688,billion PKR,sbp_domestic_debt,monthly
2021-12-31,US Dollar Bearer Certificates,0.11268868545800001,billion PKR,sbp_domestic_debt,monthly
2022-01-31,US Dollar Bearer Certificates,0.1117704480904,billion PKR,sbp_domestic_debt,monthly
2022-02-28,US Dollar Bearer Certificates,0.1122462010508,billion PKR,sbp_domestic_debt,monthly
2022-03-31,US Dollar Bearer Certificates,0.1160466588924,billion PKR,sbp_domestic_debt,monthly
2022-04-30,US Dollar Bearer Certificates,0.11744349538940001,billion PKR,sbp_domestic_debt,monthly
2022-05-31,US Dollar Bearer Certificates,0.12552282045740001,billion PKR,sbp_domestic_debt,monthly
2022-06-30,US Dollar Bearer Certificates,0.1295618505094,billion PKR,sbp_domestic_debt,monthly
2010-06-30,Under E.R.O. 1972,0.0013457,billion PKR,sbp_domestic_debt,monthly
2010-07-31,Under E.R.O. 1972,0.0013457,billion PKR,sbp_domestic_debt,monthly
2010-08-31,Under E.R.O. 1972,0.0013457,billion PKR,sbp_domestic_debt,monthly
2010-09-30,Under E.R.O. 1972,0.0013457,billion PKR,sbp_domestic_debt,monthly
2010-10-31,Under E.R.O. 1972,0.0013457,billion PKR,sbp_domestic_debt,monthly
2010-11-30,Under E.R.O. 1972,0.0013457,billion PKR,sbp_domestic_debt,monthly
2010-12-31,Under E.R.O. 1972,0.0013457,billion PKR,sbp_domestic_debt,monthly
2011-01-31,Under E.R.O. 1972,0.0013457,billion PKR,sbp_domestic_debt,monthly
2011-02-28,Under E.R.O. 1972,0.0013457,billion PKR,sbp_domestic_debt,monthly
2011-03-31,Under E.R.O. 1972,0.0013457,billion PKR,sbp_domestic_debt,monthly
2011-04-30,Under E.R.O. 1972,0.0013457,billion PKR,sbp_domestic_debt,monthly
2011-05-31,Under E.R.O. 1972,0.0013457,billion PKR,sbp_domestic_debt,monthly
2011-06-30,Under E.R.O. 1972,0.0013457,billion PKR,sbp_domestic_debt,monthly
2011-07-31,Under E.R.O. 1972,0.0013457,billion PKR,sbp_domestic_debt,monthly
2011-08-31,Under E.R.O. 1972,0.0013457,billion PKR,sbp_domestic_debt,monthly
2011-09-30,Under E.R.O. 1972,0.0013457,billion PKR,sbp_domestic_debt,monthly
2011-10-31,Under E.R.O. 1972,0.0013457,billion PKR,sbp_domestic_debt,monthly
2011-11-30,Under E.R.O. 1972,0.0013457,billion PKR,sbp_domestic_debt,monthly
2011-12-31,Under E.R.O. 1972,0.0013457,billion PKR,sbp_domestic_debt,monthly
2012-01-31,Under E.R.O. 1972,0.0013457,billion PKR,sbp_domestic_debt,monthly
2012-02-29,Under E.R.O. 1972,0.0013457,billion PKR,sbp_domestic_debt,monthly
2012-03-31,Under E.R.O. 1972,0.0013457,billion PKR,sbp_domestic_debt,monthly
2012-04-30,Under E.R.O. 1972,0.0013457,billion PKR,sbp_domestic_debt,monthly
2012-05-31,Under E.R.O. 1972,0.0013457,billion PKR,sbp_domestic_debt,monthly
2012-06-30,Under E.R.O. 1972,0.0013457,billion PKR,sbp_domestic_debt,monthly
2012-07-31,Under E.R.O. 1972,0.0013457,billion PKR,sbp_domestic_debt,monthly
2012-08-31,Under E.R.O. 1972,0.0013457,billion PKR,sbp_domestic_debt,monthly
2012-09-30,Under E.R.O. 1972,0.0013457,billion PKR,sbp_domestic_debt,monthly
2012-10-31,Under E.R.O. 1972,0.0013457,billion PKR,sbp_domestic_debt,monthly
2012-11-30,Under E.R.O. 1972,0.0013457,billion PKR,sbp_domestic_debt,monthly
2012-12-31,Under E.R.O. 1972,0.0013457,billion PKR,sbp_domestic_debt,monthly
2013-01-31,Under E.R.O. 1972,0.0013457,billion PKR,sbp_domestic_debt,monthly
2013-02-28,Under E.R.O. 1972,0.0013457,billion PKR,sbp_domestic_debt,monthly
2013-03-31,Under E.R.O. 1972,0.0013457,billion PKR,sbp_domestic_debt,monthly
2013-04-30,Under E.R.O. 1972,0.0013457,billion PKR,sbp_domestic_debt,monthly
2013-05-31,Under E.R.O. 1972,0.0013457,billion PKR,sbp_domestic_debt,monthly
2013-06-30,Under E.R.O. 1972,0.0013457,billion PKR,sbp_domestic_debt,monthly
2013-07-31,Under E.R.O. 1972,0.0013457,billion PKR,sbp_domestic_debt,monthly
2013-08-31,Under E.R.O. 1972,0.0013457,billion PKR,sbp_domestic_debt,monthly
2013-09-30,Under E.R.O. 1972,0.0013457,billion PKR,sbp_domestic_debt,monthly
2013-10-31,Under E.R.O. 1972,0.0013457,billion PKR,sbp_domestic_debt,monthly
2013-11-30,Under E.R.O. 1972,0.0013457,billion PKR,sbp_domestic_debt,monthly
2013-12-31,Under E.R.O. 1972,0.0013457,billion PKR,sbp_domestic_debt,monthly
2014-01-31,Under E.R.O. 1972,0.0013457,billion PKR,sbp_domestic_debt,monthly
2014-02-28,Under E.R.O. 1972,0.0013457,billion PKR,sbp_domestic_debt,monthly
2014-03-31,Under E.R.O. 1972,0.0013457,billion PKR,sbp_domestic_debt,monthly
2014-04-30,Under E.R.O. 1972,0.0013457,billion PKR,sbp_domestic_debt,monthly
2014-05-31,Under E.R.O. 1972,0.0013457,billion PKR,sbp_domestic_debt,monthly
2014-06-30,Under E.R.O. 1972,0.0013457,billion PKR,sbp_domestic_debt,monthly
2014-07-31,Under E.R.O. 1972,0.0013457,billion PKR,sbp_domestic_debt,monthly
2014-08-31,Under E.R.O. 1972,0.0013457,billion PKR,sbp_domestic_debt,monthly
2014-09-30,Under E.R.O. 1972,0.0013457,billion PKR,sbp_domestic_debt,monthly
2014-10-31,Under E.R.O. 1972,0.0013457,billion PKR,sbp_domestic_debt,monthly
2014-11-30,Under E.R.O. 1972,0.0013457,billion PKR,sbp_domestic_debt,monthly
2014-12-31,Under E.R.O. 1972,0.0013457,billion PKR,sbp_domestic_debt,monthly
2015-01-31,Under E.R.O. 1972,0.0013457,billion PKR,sbp_domestic_debt,monthly
2015-02-28,Under E.R.O. 1972,0.0013457,billion PKR,sbp_domestic_debt,monthly
2015-03-31,Under E.R.O. 1972,0.0013457,billion PKR,sbp_domestic_debt,monthly
2015-04-30,Under E.R.O. 1972,0.0013457,billion PKR,sbp_domestic_debt,monthly
2015-05-31,Under E.R.O. 1972,0.0013457,billion PKR,sbp_domestic_debt,monthly
2015-06-30,Under E.R.O. 1972,0.0013457,billion PKR,sbp_domestic_debt,monthly
2015-07-31,Under E.R.O. 1972,0.0013457,billion PKR,sbp_domestic_debt,monthly
2015-08-31,Under E.R.O. 1972,0.0013457,billion PKR,sbp_domestic_debt,monthly
2015-09-30,Under E.R.O. 1972,0.0013457,billion PKR,sbp_domestic_debt,monthly
2015-10-31,Under E.R.O. 1972,0.0013457,billion PKR,sbp_domestic_debt,monthly
2015-11-30,Under E.R.O. 1972,0.0013457,billion PKR,sbp_domestic_debt,monthly
2015-12-31,Under E.R.O. 1972,0.0013457,billion PKR,sbp_domestic_debt,monthly
2016-01-31,Under E.R.O. 1972,0.0013457,billion PKR,sbp_domestic_debt,monthly
2016-02-29,Under E.R.O. 1972,0.0013457,billion PKR,sbp_domestic_debt,monthly
2016-03-31,Under E.R.O. 1972,0.0013457,billion PKR,sbp_domestic_debt,monthly
2016-04-30,Under E.R.O. 1972,0.0013457,billion PKR,sbp_domestic_debt,monthly
2016-05-31,Under E.R.O. 1972,0.0013457,billion PKR,sbp_domestic_debt,monthly
2016-06-30,Under E.R.O. 1972,0.0013457,billion PKR,sbp_domestic_debt,monthly
2016-07-31,Under E.R.O. 1972,0.0013457,billion PKR,sbp_domestic_debt,monthly
2016-08-31,Under E.R.O. 1972,0.0013457,billion PKR,sbp_domestic_debt,monthly
2016-09-30,Under E.R.O. 1972,0.0013457,billion PKR,sbp_domestic_debt,monthly
2016-10-31,Under E.R.O. 1972,0.0013457,billion PKR,sbp_domestic_debt,monthly
2016-11-30,Under E.R.O. 1972,0.0013457,billion PKR,sbp_domestic_debt,monthly
2016-12-31,Under E.R.O. 1972,0.0013457,billion PKR,sbp_domestic_debt,monthly
2017-01-31,Under E.R.O. 1972,0.0013457,billion PKR,sbp_domestic_debt,monthly
2017-02-28,Under E.R.O. 1972,0.0013457,billion PKR,sbp_domestic_debt,monthly
2017-03-31,Under E.R.O. 1972,0.0013457,billion PKR,sbp_domestic_debt,monthly
2017-04-30,Under E.R.O. 1972,0.0013457,billion PKR,sbp_domestic_debt,monthly
2017-05-31,Under E.R.O. 1972,0.0013457,billion PKR,sbp_domestic_debt,monthly
2017-06-30,Under E.R.O. 1972,0.0013457,billion PKR,sbp_domestic_debt,monthly
2017-07-31,Under E.R.O. 1972,0.0013457,billion PKR,sbp_domestic_debt,monthly
2017-08-31,Under E.R.O. 1972,0.0013457,billion PKR,sbp_domestic_debt,monthly
2017-09-30,Under E.R.O. 1972,0.0013457,billion PKR,sbp_domestic_debt,monthly
2017-10-31,Under E.R.O. 1972,0.0013457,billion PKR,sbp_domestic_debt,monthly
2017-11-30,Under E.R.O. 1972,0.0013457,billion PKR,sbp_domestic_debt,monthly
2017-12-31,Under E.R.O. 1972,0.0013457,billion PKR,sbp_domestic_debt,monthly
2018-01-31,Under E.R.O. 1972,0.0013457,billion PKR,sbp_domestic_debt,monthly
2018-02-28,Under E.R.O. 1972,0.0013457,billion PKR,sbp_domestic_debt,monthly
2018-03-31,Under E.R.O. 1972,0.0013457,billion PKR,sbp_domestic_debt,monthly
2018-04-30,Under E.R.O. 1972,0.0013457,billion PKR,sbp_domestic_debt,monthly
2018-05-31,Under E.R.O. 1972,0.0013457,billion PKR,sbp_domestic_debt,monthly
2018-06-30,Under E.R.O. 1972,0.0013457,billion PKR,sbp_domestic_debt,monthly
2018-07-31,Under E.R.O. 1972,0.0013457,billion PKR,sbp_domestic_debt,monthly
2018-08-31,Under E.R.O. 1972,0.0013457,billion PKR,sbp_domestic_debt,monthly
2018-09-30,Under E.R.O. 1972,0.0013457,billion PKR,sbp_domestic_debt,monthly
2018-10-31,Under E.R.O. 1972,0.0013457,billion PKR,sbp_domestic_debt,monthly
2018-11-30,Under E.R.O. 1972,0.0013457,billion PKR,sbp_domestic_debt,monthly
2018-12-31,Under E.R.O. 1972,0.0013457,billion PKR,sbp_domestic_debt,monthly
2019-01-31,Under E.R.O. 1972,0.0013457,billion PKR,sbp_domestic_debt,monthly
2019-02-28,Under E.R.O. 1972,0.0013457,billion PKR,sbp_domestic_debt,monthly
2019-03-31,Under E.R.O. 1972,0.0013457,billion PKR,sbp_domestic_debt,monthly
2019-04-30,Under E.R.O. 1972,0.0013457,billion PKR,sbp_domestic_debt,monthly
2019-05-31,Under E.R.O. 1972,0.0013457,billion PKR,sbp_domestic_debt,monthly
2019-06-30,Under E.R.O. 1972,0.0013457,billion PKR,sbp_domestic_debt,monthly
2019-07-31,Under E.R.O. 1972,0.0013457,billion PKR,sbp_domestic_debt,monthly
2019-08-31,Under E.R.O. 1972,0.0013457,billion PKR,sbp_domestic_debt,monthly
2019-09-30,Under E.R.O. 1972,0.0013457,billion PKR,sbp_domestic_debt,monthly
2019-10-31,Under E.R.O. 1972,0.0013457,billion PKR,sbp_domestic_debt,monthly
2019-11-30,Under E.R.O. 1972,0.0013457,billion PKR,sbp_domestic_debt,monthly
2019-12-31,Under E.R.O. 1972,0.0013457,billion PKR,sbp_domestic_debt,monthly
2020-01-31,Under E.R.O. 1972,0.0013457,billion PKR,sbp_domestic_debt,monthly
2020-02-29,Under E.R.O. 1972,0.0013457,billion PKR,sbp_domestic_debt,monthly
2020-03-31,Under E.R.O. 1972,0.0013457,billion PKR,sbp_domestic_debt,monthly
2020-04-30,Under E.R.O. 1972,0.0013457,billion PKR,sbp_domestic_debt,monthly
2020-05-31,Under E.R.O. 1972,0.0013457,billion PKR,sbp_domestic_debt,monthly
2020-06-30,Under E.R.O. 1972,0.0013457,billion PKR,sbp_domestic_debt,monthly
2020-07-31,Under E.R.O. 1972,0.0013457,billion PKR,sbp_domestic_debt,monthly
2020-08-31,Under E.R.O. 1972,0.0013457,billion PKR,sbp_domestic_debt,monthly
2020-09-30,Under E.R.O. 1972,0.0013457,billion PKR,sbp_domestic_debt,monthly
2020-10-31,Under E.R.O. 1972,0.0013457,billion PKR,sbp_domestic_debt,monthly
2020-11-30,Under E.R.O. 1972,0.0013457,billion PKR,sbp_domestic_debt,monthly
2020-12-31,Under E.R.O. 1972,0.0013457,billion PKR,sbp_domestic_debt,monthly
2021-01-31,Under E.R.O. 1972,0.0013457,billion PKR,sbp_domestic_debt,monthly
2021-02-28,Under E.R.O. 1972,0.0013457,billion PKR,sbp_domestic_debt,monthly
2021-03-31,Under E.R.O. 1972,0.0013457,billion PKR,sbp_domestic_debt,monthly
2021-04-30,Under E.R.O. 1972,0.0013457,billion PKR,sbp_domestic_debt,monthly
2021-05-31,Under E.R.O. 1972,0.0013457,billion PKR,sbp_domestic_debt,monthly
2021-06-30,Under E.R.O. 1972,0.0013457,billion PKR,sbp_domestic_debt,monthly
2021-07-31,Under E.R.O. 1972,0.0013457,billion PKR,sbp_domestic_debt,monthly
2021-08-31,Under E.R.O. 1972,0.0013457,billion PKR,sbp_domestic_debt,monthly
2021-09-30,Under E.R.O. 1972,0.0013457,billion PKR,sbp_domestic_debt,monthly
2021-10-31,Under E.R.O. 1972,0.0013457,billion PKR,sbp_domestic_debt,monthly
2021-11-30,Under E.R.O. 1972,0.0013457,billion PKR,sbp_domestic_debt,monthly
2021-12-31,Under E.R.O. 1972,0.0013457,billion PKR,sbp_domestic_debt,monthly
2022-01-31,Under E.R.O. 1972,0.0013457,billion PKR,sbp_domestic_debt,monthly
2022-02-28,Under E.R.O. 1972,0.0013457,billion PKR,sbp_domestic_debt,monthly
2022-03-31,Under E.R.O. 1972,0.0013457,billion PKR,sbp_domestic_debt,monthly
2022-04-30,Under E.R.O. 1972,0.0013457,billion PKR,sbp_domestic_debt,monthly
2022-05-31,Under E.R.O. 1972,0.0013457,billion PKR,sbp_domestic_debt,monthly
2022-06-30,Under E.R.O. 1972,0.0013457,billion PKR,sbp_domestic_debt,monthly
2010-06-30,Under Land Reforms 1977,0.05248699,billion PKR,sbp_domestic_debt,monthly
2010-07-31,Under Land Reforms 1977,0.05248699,billion PKR,sbp_domestic_debt,monthly
2010-08-31,Under Land Reforms 1977,0.05248699,billion PKR,sbp_domestic_debt,monthly
2010-09-30,Under Land Reforms 1977,0.05248699,billion PKR,sbp_domestic_debt,monthly
2010-10-31,Under Land Reforms 1977,0.05248699,billion PKR,sbp_domestic_debt,monthly
2010-11-30,Under Land Reforms 1977,0.05248699,billion PKR,sbp_domestic_debt,monthly
2010-12-31,Under Land Reforms 1977,0.05248699,billion PKR,sbp_domestic_debt,monthly
2011-01-31,Under Land Reforms 1977,0.05248699,billion PKR,sbp_domestic_debt,monthly
2011-02-28,Under Land Reforms 1977,0.05248699,billion PKR,sbp_domestic_debt,monthly
2011-03-31,Under Land Reforms 1977,0.05248699,billion PKR,sbp_domestic_debt,monthly
2011-04-30,Under Land Reforms 1977,0.05248699,billion PKR,sbp_domestic_debt,monthly
2011-05-31,Under Land Reforms 1977,0.05248699,billion PKR,sbp_domestic_debt,monthly
2011-06-30,Under Land Reforms 1977,0.05248699,billion PKR,sbp_domestic_debt,monthly
2011-07-31,Under Land Reforms 1977,0.05248699,billion PKR,sbp_domestic_debt,monthly
2011-08-31,Under Land Reforms 1977,0.05248699,billion PKR,sbp_domestic_debt,monthly
2011-09-30,Under Land Reforms 1977,0.05248699,billion PKR,sbp_domestic_debt,monthly
2011-10-31,Under Land Reforms 1977,0.05248699,billion PKR,sbp_domestic_debt,monthly
2011-11-30,Under Land Reforms 1977,0.05248699,billion PKR,sbp_domestic_debt,monthly
2011-12-31,Under Land Reforms 1977,0.05248699,billion PKR,sbp_domestic_debt,monthly
2012-01-31,Under Land Reforms 1977,0.05248699,billion PKR,sbp_domestic_debt,monthly
2012-02-29,Under Land Reforms 1977,0.05248699,billion PKR,sbp_domestic_debt,monthly
2012-03-31,Under Land Reforms 1977,0.05248699,billion PKR,sbp_domestic_debt,monthly
2012-04-30,Under Land Reforms 1977,0.05248699,billion PKR,sbp_domestic_debt,monthly
2012-05-31,Under Land Reforms 1977,0.05248699,billion PKR,sbp_domestic_debt,monthly
2012-06-30,Under Land Reforms 1977,0.05248699,billion PKR,sbp_domestic_debt,monthly
2012-07-31,Under Land Reforms 1977,0.05248699,billion PKR,sbp_domestic_debt,monthly
2012-08-31,Under Land Reforms 1977,0.05248699,billion PKR,sbp_domestic_debt,monthly
2012-09-30,Under Land Reforms 1977,0.05248699,billion PKR,sbp_domestic_debt,monthly
2012-10-31,Under Land Reforms 1977,0.05248699,billion PKR,sbp_domestic_debt,monthly
2012-11-30,Under Land Reforms 1977,0.05248699,billion PKR,sbp_domestic_debt,monthly
2012-12-31,Under Land Reforms 1977,0.05248699,billion PKR,sbp_domestic_debt,monthly
2013-01-31,Under Land Reforms 1977,0.05248699,billion PKR,sbp_domestic_debt,monthly
2013-02-28,Under Land Reforms 1977,0.05248699,billion PKR,sbp_domestic_debt,monthly
2013-03-31,Under Land Reforms 1977,0.05248699,billion PKR,sbp_domestic_debt,monthly
2013-04-30,Under Land Reforms 1977,0.05248699,billion PKR,sbp_domestic_debt,monthly
2013-05-31,Under Land Reforms 1977,0.05248699,billion PKR,sbp_domestic_debt,monthly
2013-06-30,Under Land Reforms 1977,0.05248699,billion PKR,sbp_domestic_debt,monthly
2013-07-31,Under Land Reforms 1977,0.05248699,billion PKR,sbp_domestic_debt,monthly
2013-08-31,Under Land Reforms 1977,0.05248699,billion PKR,sbp_domestic_debt,monthly
2013-09-30,Under Land Reforms 1977,0.05248699,billion PKR,sbp_domestic_debt,monthly
2013-10-31,Under Land Reforms 1977,0.05248699,billion PKR,sbp_domestic_debt,monthly
2013-11-30,Under Land Reforms 1977,0.05248699,billion PKR,sbp_domestic_debt,monthly
2013-12-31,Under Land Reforms 1977,0.05248699,billion PKR,sbp_domestic_debt,monthly
2014-01-31,Under Land Reforms 1977,0.05248699,billion PKR,sbp_domestic_debt,monthly
2014-02-28,Under Land Reforms 1977,0.05248699,billion PKR,sbp_domestic_debt,monthly
2014-03-31,Under Land Reforms 1977,0.05248699,billion PKR,sbp_domestic_debt,monthly
2014-04-30,Under Land Reforms 1977,0.05248699,billion PKR,sbp_domestic_debt,monthly
2014-05-31,Under Land Reforms 1977,0.05248699,billion PKR,sbp_domestic_debt,monthly
2014-06-30,Under Land Reforms 1977,0.05248699,billion PKR,sbp_domestic_debt,monthly
2014-07-31,Under Land Reforms 1977,0.05248699,billion PKR,sbp_domestic_debt,monthly
2014-08-31,Under Land Reforms 1977,0.05248699,billion PKR,sbp_domestic_debt,monthly
2014-09-30,Under Land Reforms 1977,0.05248699,billion PKR,sbp_domestic_debt,monthly
2014-10-31,Under Land Reforms 1977,0.05248699,billion PKR,sbp_domestic_debt,monthly
2014-11-30,Under Land Reforms 1977,0.05248699,billion PKR,sbp_domestic_debt,monthly
2014-12-31,Under Land Reforms 1977,0.05248699,billion PKR,sbp_domestic_debt,monthly
2015-01-31,Under Land Reforms 1977,0.05248699,billion PKR,sbp_domestic_debt,monthly
2015-02-28,Under Land Reforms 1977,0.05248699,billion PKR,sbp_domestic_debt,monthly
2015-03-31,Under Land Reforms 1977,0.05248699,billion PKR,sbp_domestic_debt,monthly
2015-04-30,Under Land Reforms 1977,0.05248699,billion PKR,sbp_domestic_debt,monthly
2015-05-31,Under Land Reforms 1977,0.05248699,billion PKR,sbp_domestic_debt,monthly
2015-06-30,Under Land Reforms 1977,0.05248699,billion PKR,sbp_domestic_debt,monthly
2015-07-31,Under Land Reforms 1977,0.05248699,billion PKR,sbp_domestic_debt,monthly
2015-08-31,Under Land Reforms 1977,0.05248699,billion PKR,sbp_domestic_debt,monthly
2015-09-30,Under Land Reforms 1977,0.05248699,billion PKR,sbp_domestic_debt,monthly
2015-10-31,Under Land Reforms 1977,0.05248699,billion PKR,sbp_domestic_debt,monthly
2015-11-30,Under Land Reforms 1977,0.05248699,billion PKR,sbp_domestic_debt,monthly
2015-12-31,Under Land Reforms 1977,0.05248699,billion PKR,sbp_domestic_debt,monthly
2016-01-31,Under Land Reforms 1977,0.05248699,billion PKR,sbp_domestic_debt,monthly
2016-02-29,Under Land Reforms 1977,0.05248699,billion PKR,sbp_domestic_debt,monthly
2016-03-31,Under Land Reforms 1977,0.05248699,billion PKR,sbp_domestic_debt,monthly
2016-04-30,Under Land Reforms 1977,0.05248699,billion PKR,sbp_domestic_debt,monthly
2016-05-31,Under Land Reforms 1977,0.05248699,billion PKR,sbp_domestic_debt,monthly
2016-06-30,Under Land Reforms 1977,0.05248699,billion PKR,sbp_domestic_debt,monthly
2016-07-31,Under Land Reforms 1977,0.05248699,billion PKR,sbp_domestic_debt,monthly
2016-08-31,Under Land Reforms 1977,0.05248699,billion PKR,sbp_domestic_debt,monthly
2016-09-30,Under Land Reforms 1977,0.05248699,billion PKR,sbp_domestic_debt,monthly
2016-10-31,Under Land Reforms 1977,0.05248699,billion PKR,sbp_domestic_debt,monthly
2016-11-30,Under Land Reforms 1977,0.05248699,billion PKR,sbp_domestic_debt,monthly
2016-12-31,Under Land Reforms 1977,0.05248699,billion PKR,sbp_domestic_debt,monthly
2017-01-31,Under Land Reforms 1977,0.05248699,billion PKR,sbp_domestic_debt,monthly
2017-02-28,Under Land Reforms 1977,0.05248699,billion PKR,sbp_domestic_debt,monthly
2017-03-31,Under Land Reforms 1977,0.05248699,billion PKR,sbp_domestic_debt,monthly
2017-04-30,Under Land Reforms 1977,0.05248699,billion PKR,sbp_domestic_debt,monthly
2017-05-31,Under Land Reforms 1977,0.05248699,billion PKR,sbp_domestic_debt,monthly
2017-06-30,Under Land Reforms 1977,0.05248699,billion PKR,sbp_domestic_debt,monthly
2017-07-31,Under Land Reforms 1977,0.05248699,billion PKR,sbp_domestic_debt,monthly
2017-08-31,Under Land Reforms 1977,0.05248699,billion PKR,sbp_domestic_debt,monthly
2017-09-30,Under Land Reforms 1977,0.05248699,billion PKR,sbp_domestic_debt,monthly
2017-10-31,Under Land Reforms 1977,0.05248699,billion PKR,sbp_domestic_debt,monthly
2017-11-30,Under Land Reforms 1977,0.05248699,billion PKR,sbp_domestic_debt,monthly
2017-12-31,Under Land Reforms 1977,0.05248699,billion PKR,sbp_domestic_debt,monthly
2018-01-31,Under Land Reforms 1977,0.05248699,billion PKR,sbp_domestic_debt,monthly
2018-02-28,Under Land Reforms 1977,0.05248699,billion PKR,sbp_domestic_debt,monthly
2018-03-31,Under Land Reforms 1977,0.05248699,billion PKR,sbp_domestic_debt,monthly
2018-04-30,Under Land Reforms 1977,0.05248699,billion PKR,sbp_domestic_debt,monthly
2018-05-31,Under Land Reforms 1977,0.05248699,billion PKR,sbp_domestic_debt,monthly
2018-06-30,Under Land Reforms 1977,0.05248699,billion PKR,sbp_domestic_debt,monthly
2018-07-31,Under Land Reforms 1977,0.05248699,billion PKR,sbp_domestic_debt,monthly
2018-08-31,Under Land Reforms 1977,0.05248699,billion PKR,sbp_domestic_debt,monthly
2018-09-30,Under Land Reforms 1977,0.05248699,billion PKR,sbp_domestic_debt,monthly
2018-10-31,Under Land Reforms 1977,0.05248699,billion PKR,sbp_domestic_debt,monthly
2018-11-30,Under Land Reforms 1977,0.05248699,billion PKR,sbp_domestic_debt,monthly
2018-12-31,Under Land Reforms 1977,0.05248699,billion PKR,sbp_domestic_debt,monthly
2019-01-31,Under Land Reforms 1977,0.05248699,billion PKR,sbp_domestic_debt,monthly
2019-02-28,Under Land Reforms 1977,0.05248699,billion PKR,sbp_domestic_debt,monthly
2019-03-31,Under Land Reforms 1977,0.05248699,billion PKR,sbp_domestic_debt,monthly
2019-04-30,Under Land Reforms 1977,0.05248699,billion PKR,sbp_domestic_debt,monthly
2019-05-31,Under Land Reforms 1977,0.05248699,billion PKR,sbp_domestic_debt,monthly
2019-06-30,Under Land Reforms 1977,0.05248699,billion PKR,sbp_domestic_debt,monthly
2019-07-31,Under Land Reforms 1977,0.05248699,billion PKR,sbp_domestic_debt,monthly
2019-08-31,Under Land Reforms 1977,0.05248699,billion PKR,sbp_domestic_debt,monthly
2019-09-30,Under Land Reforms 1977,0.05248699,billion PKR,sbp_domestic_debt,monthly
2019-10-31,Under Land Reforms 1977,0.05248699,billion PKR,sbp_domestic_debt,monthly
2019-11-30,Under Land Reforms 1977,0.05248699,billion PKR,sbp_domestic_debt,monthly
2019-12-31,Under Land Reforms 1977,0.05248699,billion PKR,sbp_domestic_debt,monthly
2020-01-31,Under Land Reforms 1977,0.05248699,billion PKR,sbp_domestic_debt,monthly
2020-02-29,Under Land Reforms 1977,0.05248699,billion PKR,sbp_domestic_debt,monthly
2020-03-31,Under Land Reforms 1977,0.05248699,billion PKR,sbp_domestic_debt,monthly
2020-04-30,Under Land Reforms 1977,0.05248699,billion PKR,sbp_domestic_debt,monthly
2020-05-31,Under Land Reforms 1977,0.05248699,billion PKR,sbp_domestic_debt,monthly
2020-06-30,Under Land Reforms 1977,0.05248699,billion PKR,sbp_domestic_debt,monthly
2020-07-31,Under Land Reforms 1977,0.05248699,billion PKR,sbp_domestic_debt,monthly
2020-08-31,Under Land Reforms 1977,0.05248699,billion PKR,sbp_domestic_debt,monthly
2020-09-30,Under Land Reforms 1977,0.05248699,billion PKR,sbp_domestic_debt,monthly
2020-10-31,Under Land Reforms 1977,0.05248699,billion PKR,sbp_domestic_debt,monthly
2020-11-30,Under Land Reforms 1977,0.05248699,billion PKR,sbp_domestic_debt,monthly
2020-12-31,Under Land Reforms 1977,0.05248699,billion PKR,sbp_domestic_debt,monthly
2021-01-31,Under Land Reforms 1977,0.05248699,billion PKR,sbp_domestic_debt,monthly
2021-02-28,Under Land Reforms 1977,0.05248699,billion PKR,sbp_domestic_debt,monthly
2021-03-31,Under Land Reforms 1977,0.05248699,billion PKR,sbp_domestic_debt,monthly
2021-04-30,Under Land Reforms 1977,0.05248699,billion PKR,sbp_domestic_debt,monthly
2021-05-31,Under Land Reforms 1977,0.05248699,billion PKR,sbp_domestic_debt,monthly
2021-06-30,Under Land Reforms 1977,0.05248699,billion PKR,sbp_domestic_debt,monthly
2021-07-31,Under Land Reforms 1977,0.05248699,billion PKR,sbp_domestic_debt,monthly
2021-08-31,Under Land Reforms 1977,0.05248699,billion PKR,sbp_domestic_debt,monthly
2021-09-30,Under Land Reforms 1977,0.05248699,billion PKR,sbp_domestic_debt,monthly
2021-10-31,Under Land Reforms 1977,0.05248699,billion PKR,sbp_domestic_debt,monthly
2021-11-30,Under Land Reforms 1977,0.05248699,billion PKR,sbp_domestic_debt,monthly
2021-12-31,Under Land Reforms 1977,0.05248699,billion PKR,sbp_domestic_debt,monthly
2022-01-31,Under Land Reforms 1977,0.05248699,billion PKR,sbp_domestic_debt,monthly
2022-02-28,Under Land Reforms 1977,0.05248699,billion PKR,sbp_domestic_debt,monthly
2022-03-31,Under Land Reforms 1977,0.05248699,billion PKR,sbp_domestic_debt,monthly
2022-04-30,Under Land Reforms 1977,0.05248699,billion PKR,sbp_domestic_debt,monthly
2022-05-31,Under Land Reforms 1977,0.05248699,billion PKR,sbp_domestic_debt,monthly
2022-06-30,Under Land Reforms 1977,0.05248699,billion PKR,sbp_domestic_debt,monthly
2022-07-31,V. Naya Pakistan Certificates6,109.70056786993104,billion PKR,sbp_domestic_debt,monthly
2022-08-31,V. Naya Pakistan Certificates6,106.39661078597794,billion PKR,sbp_domestic_debt,monthly
2022-09-30,V. Naya Pakistan Certificates6,103.34744681400001,billion PKR,sbp_domestic_debt,monthly
2022-10-31,V. Naya Pakistan Certificates6,102.85822423659718,billion PKR,sbp_domestic_debt,monthly
2022-11-30,V. Naya Pakistan Certificates6,101.84713877330233,billion PKR,sbp_domestic_debt,monthly
2022-12-31,V. Naya Pakistan Certificates6,109.68730281922083,billion PKR,sbp_domestic_debt,monthly
2023-01-31,V. Naya Pakistan Certificates6,129.02592643609864,billion PKR,sbp_domestic_debt,monthly
2023-02-28,V. Naya Pakistan Certificates6,130.08866041611344,billion PKR,sbp_domestic_debt,monthly
2023-03-31,V. Naya Pakistan Certificates6,139.23406022637687,billion PKR,sbp_domestic_debt,monthly
2023-04-30,V. Naya Pakistan Certificates6,138.27798471940628,billion PKR,sbp_domestic_debt,monthly
2023-05-31,V. Naya Pakistan Certificates6,138.89160627778628,billion PKR,sbp_domestic_debt,monthly
2023-06-30,V. Naya Pakistan Certificates6,142.7077351851843,billion PKR,sbp_domestic_debt,monthly
2023-07-31,V. Naya Pakistan Certificates6,139.00336796120922,billion PKR,sbp_domestic_debt,monthly
2023-08-31,V. Naya Pakistan Certificates6,145.53784778419217,billion PKR,sbp_domestic_debt,monthly
2023-09-30,V. Naya Pakistan Certificates6,120.73319303879302,billion PKR,sbp_domestic_debt,monthly
2023-10-31,V. Naya Pakistan Certificates6,128.80874570189465,billion PKR,sbp_domestic_debt,monthly
2023-11-30,V. Naya Pakistan Certificates6,125.54722056482261,billion PKR,sbp_domestic_debt,monthly
2023-12-31,V. Naya Pakistan Certificates6,118.71551756900483,billion PKR,sbp_domestic_debt,monthly
2024-01-31,V. Naya Pakistan Certificates6,103.6047338634925,billion PKR,sbp_domestic_debt,monthly
2024-02-29,V. Naya Pakistan Certificates6,99.18601905620133,billion PKR,sbp_domestic_debt,monthly
2024-03-31,V. Naya Pakistan Certificates6,93.85453015829422,billion PKR,sbp_domestic_debt,monthly
2024-04-30,V. Naya Pakistan Certificates6,92.74905234542841,billion PKR,sbp_domestic_debt,monthly
2024-05-31,V. Naya Pakistan Certificates6,86.79136519836277,billion PKR,sbp_domestic_debt,monthly
2024-06-30,V. Naya Pakistan Certificates6,84.09331161389781,billion PKR,sbp_domestic_debt,monthly
2024-07-31,V. Naya Pakistan Certificates6,88.11958911304083,billion PKR,sbp_domestic_debt,monthly
2024-08-31,V. Naya Pakistan Certificates6,79.99932657659969,billion PKR,sbp_domestic_debt,monthly
2024-09-30,V. Naya Pakistan Certificates6,84.69827642330065,billion PKR,sbp_domestic_debt,monthly
2024-10-31,V. Naya Pakistan Certificates6,75.62363959489485,billion PKR,sbp_domestic_debt,monthly
2024-11-30,V. Naya Pakistan Certificates6,78.77964457165584,billion PKR,sbp_domestic_debt,monthly
2024-12-31,V. Naya Pakistan Certificates6,80.96122901752716,billion PKR,sbp_domestic_debt,monthly
2025-01-31,V. Naya Pakistan Certificates6,66.51293684298307,billion PKR,sbp_domestic_debt,monthly
2025-02-28,V. Naya Pakistan Certificates6,70.13602934769375,billion PKR,sbp_domestic_debt,monthly
2025-03-31,V. Naya Pakistan Certificates6,62.666535585307216,billion PKR,sbp_domestic_debt,monthly
2025-04-30,V. Naya Pakistan Certificates6,62.05467403676435,billion PKR,sbp_domestic_debt,monthly
2025-05-31,V. Naya Pakistan Certificates6,64.18642553115711,billion PKR,sbp_domestic_debt,monthly
2025-06-30,V. Naya Pakistan Certificates6,61.938970029036824,billion PKR,sbp_domestic_debt,monthly
2025-07-31,V. Naya Pakistan Certificates6,71.44255201195604,billion PKR,sbp_domestic_debt,monthly
2025-08-31,V. Naya Pakistan Certificates6,65.7581924270819,billion PKR,sbp_domestic_debt,monthly
2025-09-30,V. Naya Pakistan Certificates6,62.56481736062311,billion PKR,sbp_domestic_debt,monthly
2025-10-31,V. Naya Pakistan Certificates6,69.18251094842049,billion PKR,sbp_domestic_debt,monthly
2025-11-30,V. Naya Pakistan Certificates6,64.22797714203023,billion PKR,sbp_domestic_debt,monthly
2025-12-31,V. Naya Pakistan Certificates6,62.075164262139154,billion PKR,sbp_domestic_debt,monthly
2026-01-31,V. Naya Pakistan Certificates6,72.18880010756845,billion PKR,sbp_domestic_debt,monthly
2026-02-28,V. Naya Pakistan Certificates6,66.66000930616687,billion PKR,sbp_domestic_debt,monthly
2026-03-31,V. Naya Pakistan Certificates6,59.53752174151498,billion PKR,sbp_domestic_debt,monthly
2026-04-30,V. Naya Pakistan Certificates6,60.08833712674644,billion PKR,sbp_domestic_debt,monthly
2026-05-31,V. Naya Pakistan Certificates6,76.06253999458401,billion PKR,sbp_domestic_debt,monthly
2011-06-30,V. Naya Pakistan Certificates8,0.0,billion PKR,sbp_domestic_debt,monthly
2011-07-31,V. Naya Pakistan Certificates8,0.0,billion PKR,sbp_domestic_debt,monthly
2011-08-31,V. Naya Pakistan Certificates8,0.0,billion PKR,sbp_domestic_debt,monthly
2011-09-30,V. Naya Pakistan Certificates8,0.0,billion PKR,sbp_domestic_debt,monthly
2011-10-31,V. Naya Pakistan Certificates8,0.0,billion PKR,sbp_domestic_debt,monthly
2011-11-30,V. Naya Pakistan Certificates8,0.0,billion PKR,sbp_domestic_debt,monthly
2011-12-31,V. Naya Pakistan Certificates8,0.0,billion PKR,sbp_domestic_debt,monthly
2012-01-31,V. Naya Pakistan Certificates8,0.0,billion PKR,sbp_domestic_debt,monthly
2012-02-29,V. Naya Pakistan Certificates8,0.0,billion PKR,sbp_domestic_debt,monthly
2012-03-31,V. Naya Pakistan Certificates8,0.0,billion PKR,sbp_domestic_debt,monthly
2012-04-30,V. Naya Pakistan Certificates8,0.0,billion PKR,sbp_domestic_debt,monthly
2012-05-31,V. Naya Pakistan Certificates8,0.0,billion PKR,sbp_domestic_debt,monthly
2012-06-30,V. Naya Pakistan Certificates8,0.0,billion PKR,sbp_domestic_debt,monthly
2012-07-31,V. Naya Pakistan Certificates8,0.0,billion PKR,sbp_domestic_debt,monthly
2012-08-31,V. Naya Pakistan Certificates8,0.0,billion PKR,sbp_domestic_debt,monthly
2012-09-30,V. Naya Pakistan Certificates8,0.0,billion PKR,sbp_domestic_debt,monthly
2012-10-31,V. Naya Pakistan Certificates8,0.0,billion PKR,sbp_domestic_debt,monthly
2012-11-30,V. Naya Pakistan Certificates8,0.0,billion PKR,sbp_domestic_debt,monthly
2012-12-31,V. Naya Pakistan Certificates8,0.0,billion PKR,sbp_domestic_debt,monthly
2013-01-31,V. Naya Pakistan Certificates8,0.0,billion PKR,sbp_domestic_debt,monthly
2013-02-28,V. Naya Pakistan Certificates8,0.0,billion PKR,sbp_domestic_debt,monthly
2013-03-31,V. Naya Pakistan Certificates8,0.0,billion PKR,sbp_domestic_debt,monthly
2013-04-30,V. Naya Pakistan Certificates8,0.0,billion PKR,sbp_domestic_debt,monthly
2013-05-31,V. Naya Pakistan Certificates8,0.0,billion PKR,sbp_domestic_debt,monthly
2013-06-30,V. Naya Pakistan Certificates8,0.0,billion PKR,sbp_domestic_debt,monthly
2013-07-31,V. Naya Pakistan Certificates8,0.0,billion PKR,sbp_domestic_debt,monthly
2013-08-31,V. Naya Pakistan Certificates8,0.0,billion PKR,sbp_domestic_debt,monthly
2013-09-30,V. Naya Pakistan Certificates8,0.0,billion PKR,sbp_domestic_debt,monthly
2013-10-31,V. Naya Pakistan Certificates8,0.0,billion PKR,sbp_domestic_debt,monthly
2013-11-30,V. Naya Pakistan Certificates8,0.0,billion PKR,sbp_domestic_debt,monthly
2013-12-31,V. Naya Pakistan Certificates8,0.0,billion PKR,sbp_domestic_debt,monthly
2014-01-31,V. Naya Pakistan Certificates8,0.0,billion PKR,sbp_domestic_debt,monthly
2014-02-28,V. Naya Pakistan Certificates8,0.0,billion PKR,sbp_domestic_debt,monthly
2014-03-31,V. Naya Pakistan Certificates8,0.0,billion PKR,sbp_domestic_debt,monthly
2014-04-30,V. Naya Pakistan Certificates8,0.0,billion PKR,sbp_domestic_debt,monthly
2014-05-31,V. Naya Pakistan Certificates8,0.0,billion PKR,sbp_domestic_debt,monthly
2014-06-30,V. Naya Pakistan Certificates8,0.0,billion PKR,sbp_domestic_debt,monthly
2014-07-31,V. Naya Pakistan Certificates8,0.0,billion PKR,sbp_domestic_debt,monthly
2014-08-31,V. Naya Pakistan Certificates8,0.0,billion PKR,sbp_domestic_debt,monthly
2014-09-30,V. Naya Pakistan Certificates8,0.0,billion PKR,sbp_domestic_debt,monthly
2014-10-31,V. Naya Pakistan Certificates8,0.0,billion PKR,sbp_domestic_debt,monthly
2014-11-30,V. Naya Pakistan Certificates8,0.0,billion PKR,sbp_domestic_debt,monthly
2014-12-31,V. Naya Pakistan Certificates8,0.0,billion PKR,sbp_domestic_debt,monthly
2015-01-31,V. Naya Pakistan Certificates8,0.0,billion PKR,sbp_domestic_debt,monthly
2015-02-28,V. Naya Pakistan Certificates8,0.0,billion PKR,sbp_domestic_debt,monthly
2015-03-31,V. Naya Pakistan Certificates8,0.0,billion PKR,sbp_domestic_debt,monthly
2015-04-30,V. Naya Pakistan Certificates8,0.0,billion PKR,sbp_domestic_debt,monthly
2015-05-31,V. Naya Pakistan Certificates8,0.0,billion PKR,sbp_domestic_debt,monthly
2015-06-30,V. Naya Pakistan Certificates8,0.0,billion PKR,sbp_domestic_debt,monthly
2015-07-31,V. Naya Pakistan Certificates8,0.0,billion PKR,sbp_domestic_debt,monthly
2015-08-31,V. Naya Pakistan Certificates8,0.0,billion PKR,sbp_domestic_debt,monthly
2015-09-30,V. Naya Pakistan Certificates8,0.0,billion PKR,sbp_domestic_debt,monthly
2015-10-31,V. Naya Pakistan Certificates8,0.0,billion PKR,sbp_domestic_debt,monthly
2015-11-30,V. Naya Pakistan Certificates8,0.0,billion PKR,sbp_domestic_debt,monthly
2015-12-31,V. Naya Pakistan Certificates8,0.0,billion PKR,sbp_domestic_debt,monthly
2016-01-31,V. Naya Pakistan Certificates8,0.0,billion PKR,sbp_domestic_debt,monthly
2016-02-29,V. Naya Pakistan Certificates8,0.0,billion PKR,sbp_domestic_debt,monthly
2016-03-31,V. Naya Pakistan Certificates8,0.0,billion PKR,sbp_domestic_debt,monthly
2016-04-30,V. Naya Pakistan Certificates8,0.0,billion PKR,sbp_domestic_debt,monthly
2016-05-31,V. Naya Pakistan Certificates8,0.0,billion PKR,sbp_domestic_debt,monthly
2016-06-30,V. Naya Pakistan Certificates8,0.0,billion PKR,sbp_domestic_debt,monthly
2016-07-31,V. Naya Pakistan Certificates8,0.0,billion PKR,sbp_domestic_debt,monthly
2016-08-31,V. Naya Pakistan Certificates8,0.0,billion PKR,sbp_domestic_debt,monthly
2016-09-30,V. Naya Pakistan Certificates8,0.0,billion PKR,sbp_domestic_debt,monthly
2016-10-31,V. Naya Pakistan Certificates8,0.0,billion PKR,sbp_domestic_debt,monthly
2016-11-30,V. Naya Pakistan Certificates8,0.0,billion PKR,sbp_domestic_debt,monthly
2016-12-31,V. Naya Pakistan Certificates8,0.0,billion PKR,sbp_domestic_debt,monthly
2017-01-31,V. Naya Pakistan Certificates8,0.0,billion PKR,sbp_domestic_debt,monthly
2017-02-28,V. Naya Pakistan Certificates8,0.0,billion PKR,sbp_domestic_debt,monthly
2017-03-31,V. Naya Pakistan Certificates8,0.0,billion PKR,sbp_domestic_debt,monthly
2017-04-30,V. Naya Pakistan Certificates8,0.0,billion PKR,sbp_domestic_debt,monthly
2017-05-31,V. Naya Pakistan Certificates8,0.0,billion PKR,sbp_domestic_debt,monthly
2017-06-30,V. Naya Pakistan Certificates8,0.0,billion PKR,sbp_domestic_debt,monthly
2017-07-31,V. Naya Pakistan Certificates8,0.0,billion PKR,sbp_domestic_debt,monthly
2017-08-31,V. Naya Pakistan Certificates8,0.0,billion PKR,sbp_domestic_debt,monthly
2017-09-30,V. Naya Pakistan Certificates8,0.0,billion PKR,sbp_domestic_debt,monthly
2017-10-31,V. Naya Pakistan Certificates8,0.0,billion PKR,sbp_domestic_debt,monthly
2017-11-30,V. Naya Pakistan Certificates8,0.0,billion PKR,sbp_domestic_debt,monthly
2017-12-31,V. Naya Pakistan Certificates8,0.0,billion PKR,sbp_domestic_debt,monthly
2018-01-31,V. Naya Pakistan Certificates8,0.0,billion PKR,sbp_domestic_debt,monthly
2018-02-28,V. Naya Pakistan Certificates8,0.0,billion PKR,sbp_domestic_debt,monthly
2018-03-31,V. Naya Pakistan Certificates8,0.0,billion PKR,sbp_domestic_debt,monthly
2018-04-30,V. Naya Pakistan Certificates8,0.0,billion PKR,sbp_domestic_debt,monthly
2018-05-31,V. Naya Pakistan Certificates8,0.0,billion PKR,sbp_domestic_debt,monthly
2018-06-30,V. Naya Pakistan Certificates8,0.0,billion PKR,sbp_domestic_debt,monthly
2018-07-31,V. Naya Pakistan Certificates8,0.0,billion PKR,sbp_domestic_debt,monthly
2018-08-31,V. Naya Pakistan Certificates8,0.0,billion PKR,sbp_domestic_debt,monthly
2018-09-30,V. Naya Pakistan Certificates8,0.0,billion PKR,sbp_domestic_debt,monthly
2018-10-31,V. Naya Pakistan Certificates8,0.0,billion PKR,sbp_domestic_debt,monthly
2018-11-30,V. Naya Pakistan Certificates8,0.0,billion PKR,sbp_domestic_debt,monthly
2018-12-31,V. Naya Pakistan Certificates8,0.0,billion PKR,sbp_domestic_debt,monthly
2019-01-31,V. Naya Pakistan Certificates8,0.0,billion PKR,sbp_domestic_debt,monthly
2019-02-28,V. Naya Pakistan Certificates8,0.0,billion PKR,sbp_domestic_debt,monthly
2019-03-31,V. Naya Pakistan Certificates8,0.0,billion PKR,sbp_domestic_debt,monthly
2019-04-30,V. Naya Pakistan Certificates8,0.0,billion PKR,sbp_domestic_debt,monthly
2019-05-31,V. Naya Pakistan Certificates8,0.0,billion PKR,sbp_domestic_debt,monthly
2019-06-30,V. Naya Pakistan Certificates8,0.0,billion PKR,sbp_domestic_debt,monthly
2019-07-31,V. Naya Pakistan Certificates8,0.0,billion PKR,sbp_domestic_debt,monthly
2019-08-31,V. Naya Pakistan Certificates8,0.0,billion PKR,sbp_domestic_debt,monthly
2019-09-30,V. Naya Pakistan Certificates8,0.0,billion PKR,sbp_domestic_debt,monthly
2019-10-31,V. Naya Pakistan Certificates8,0.0,billion PKR,sbp_domestic_debt,monthly
2019-11-30,V. Naya Pakistan Certificates8,0.0,billion PKR,sbp_domestic_debt,monthly
2019-12-31,V. Naya Pakistan Certificates8,0.0,billion PKR,sbp_domestic_debt,monthly
2020-01-31,V. Naya Pakistan Certificates8,0.0,billion PKR,sbp_domestic_debt,monthly
2020-02-29,V. Naya Pakistan Certificates8,0.0,billion PKR,sbp_domestic_debt,monthly
2020-03-31,V. Naya Pakistan Certificates8,0.0,billion PKR,sbp_domestic_debt,monthly
2020-04-30,V. Naya Pakistan Certificates8,0.0,billion PKR,sbp_domestic_debt,monthly
2020-05-31,V. Naya Pakistan Certificates8,0.0,billion PKR,sbp_domestic_debt,monthly
2020-06-30,V. Naya Pakistan Certificates8,0.0,billion PKR,sbp_domestic_debt,monthly
2020-07-31,V. Naya Pakistan Certificates8,0.0,billion PKR,sbp_domestic_debt,monthly
2020-08-31,V. Naya Pakistan Certificates8,0.0,billion PKR,sbp_domestic_debt,monthly
2020-09-30,V. Naya Pakistan Certificates8,0.6631428,billion PKR,sbp_domestic_debt,monthly
2020-10-31,V. Naya Pakistan Certificates8,0.9890560596,billion PKR,sbp_domestic_debt,monthly
2020-11-30,V. Naya Pakistan Certificates8,2.047777375072,billion PKR,sbp_domestic_debt,monthly
2020-12-31,V. Naya Pakistan Certificates8,5.23416663790512,billion PKR,sbp_domestic_debt,monthly
2021-01-31,V. Naya Pakistan Certificates8,8.77336111755107,billion PKR,sbp_domestic_debt,monthly
2021-02-28,V. Naya Pakistan Certificates8,14.732961306004349,billion PKR,sbp_domestic_debt,monthly
2021-03-31,V. Naya Pakistan Certificates8,18.330268010884257,billion PKR,sbp_domestic_debt,monthly
2021-04-30,V. Naya Pakistan Certificates8,22.638020869093623,billion PKR,sbp_domestic_debt,monthly
2021-05-31,V. Naya Pakistan Certificates8,24.88762432484591,billion PKR,sbp_domestic_debt,monthly
2021-06-30,V. Naya Pakistan Certificates8,28.251813623565152,billion PKR,sbp_domestic_debt,monthly
2021-07-31,V. Naya Pakistan Certificates8,30.6830679533107,billion PKR,sbp_domestic_debt,monthly
2021-08-31,V. Naya Pakistan Certificates8,33.34018340384261,billion PKR,sbp_domestic_debt,monthly
2021-09-30,V. Naya Pakistan Certificates8,36.67455606381405,billion PKR,sbp_domestic_debt,monthly
2021-10-31,V. Naya Pakistan Certificates8,39.252206111426204,billion PKR,sbp_domestic_debt,monthly
2021-11-30,V. Naya Pakistan Certificates8,40.7611953811402,billion PKR,sbp_domestic_debt,monthly
2021-12-31,V. Naya Pakistan Certificates8,39.16060027831334,billion PKR,sbp_domestic_debt,monthly
2022-01-31,V. Naya Pakistan Certificates8,40.234405706203304,billion PKR,sbp_domestic_debt,monthly
2022-02-28,V. Naya Pakistan Certificates8,40.66689294412724,billion PKR,sbp_domestic_debt,monthly
2022-03-31,V. Naya Pakistan Certificates8,37.224378662159566,billion PKR,sbp_domestic_debt,monthly
2022-04-30,V. Naya Pakistan Certificates8,34.79308619938843,billion PKR,sbp_domestic_debt,monthly
2022-05-31,V. Naya Pakistan Certificates8,31.313094309111527,billion PKR,sbp_domestic_debt,monthly
2022-06-30,V. Naya Pakistan Certificates8,92.92957555312967,billion PKR,sbp_domestic_debt,monthly
