date,series,value,unit,source_id,frequency
1971-06-30,Balance of Trade [a-c] (annual),-503.52941176470597,million USD,sbp_balance_of_trade,annual
1972-06-30,Balance of Trade [a-c] (annual),-329.2991340345576,million USD,sbp_balance_of_trade,annual
1973-06-30,Balance of Trade [a-c] (annual),-122.90937787250118,million USD,sbp_balance_of_trade,annual
1974-06-30,Balance of Trade [a-c] (annual),-473.40404040404053,million USD,sbp_balance_of_trade,annual
1975-06-30,Balance of Trade [a-c] (annual),-1136.5757575757577,million USD,sbp_balance_of_trade,annual
1976-06-30,Balance of Trade [a-c] (annual),-977.2929292929291,million USD,sbp_balance_of_trade,annual
1977-06-30,Balance of Trade [a-c] (annual),-1286.363636363636,million USD,sbp_balance_of_trade,annual
1978-06-30,Balance of Trade [a-c] (annual),-1677.1717171717178,million USD,sbp_balance_of_trade,annual
1979-06-30,Balance of Trade [a-c] (annual),-2171.616161616161,million USD,sbp_balance_of_trade,annual
1980-06-30,Balance of Trade [a-c] (annual),-2515.7575757575746,million USD,sbp_balance_of_trade,annual
1981-06-30,Balance of Trade [a-c] (annual),-2764.848484848485,million USD,sbp_balance_of_trade,annual
1982-06-30,Balance of Trade [a-c] (annual),-3455.0040123085355,million USD,sbp_balance_of_trade,annual
1983-06-30,Balance of Trade [a-c] (annual),-2990.9975737514937,million USD,sbp_balance_of_trade,annual
1984-06-30,Balance of Trade [a-c] (annual),-3324.9493443837296,million USD,sbp_balance_of_trade,annual
1985-06-30,Balance of Trade [a-c] (annual),-3559.265000695586,million USD,sbp_balance_of_trade,annual
1986-06-30,Balance of Trade [a-c] (annual),-3057.4505085673973,million USD,sbp_balance_of_trade,annual
1987-06-30,Balance of Trade [a-c] (annual),-2305.0924122260694,million USD,sbp_balance_of_trade,annual
1988-06-30,Balance of Trade [a-c] (annual),-2556.017604831065,million USD,sbp_balance_of_trade,annual
1989-06-30,Balance of Trade [a-c] (annual),-2573.2169906873087,million USD,sbp_balance_of_trade,annual
1990-06-30,Balance of Trade [a-c] (annual),-2490.1217352105223,million USD,sbp_balance_of_trade,annual
1991-06-30,Balance of Trade [a-c] (annual),-2493.203075852607,million USD,sbp_balance_of_trade,annual
1992-06-30,Balance of Trade [a-c] (annual),-2238.2113779187566,million USD,sbp_balance_of_trade,annual
1993-06-30,Balance of Trade [a-c] (annual),-3267.250273235828,million USD,sbp_balance_of_trade,annual
1994-06-30,Balance of Trade [a-c] (annual),-2007.3413465653157,million USD,sbp_balance_of_trade,annual
1995-06-30,Balance of Trade [a-c] (annual),-2522.269880146144,million USD,sbp_balance_of_trade,annual
1996-06-30,Balance of Trade [a-c] (annual),-3704.0,million USD,sbp_balance_of_trade,annual
1997-06-30,Balance of Trade [a-c] (annual),-3140.0,million USD,sbp_balance_of_trade,annual
1998-06-30,Balance of Trade [a-c] (annual),-1867.0,million USD,sbp_balance_of_trade,annual
1999-06-30,Balance of Trade [a-c] (annual),-2085.0,million USD,sbp_balance_of_trade,annual
2000-06-30,Balance of Trade [a-c] (annual),-1411.0,million USD,sbp_balance_of_trade,annual
2001-06-30,Balance of Trade [a-c] (annual),-1268.0,million USD,sbp_balance_of_trade,annual
2002-06-30,Balance of Trade [a-c] (annual),-294.0,million USD,sbp_balance_of_trade,annual
2003-06-30,Balance of Trade [a-c] (annual),-444.0,million USD,sbp_balance_of_trade,annual
2004-06-30,Balance of Trade [a-c] (annual),-1207.9996656399999,million USD,sbp_balance_of_trade,annual
2005-06-30,Balance of Trade [a-c] (annual),-4514.707679999998,million USD,sbp_balance_of_trade,annual
2006-06-30,Balance of Trade [a-c] (annual),-8321.024800000003,million USD,sbp_balance_of_trade,annual
2007-06-30,Balance of Trade [a-c] (annual),-9572.136645320003,million USD,sbp_balance_of_trade,annual
2008-06-30,Balance of Trade [a-c] (annual),-14835.158673560003,million USD,sbp_balance_of_trade,annual
2009-06-30,Balance of Trade [a-c] (annual),-12541.777598,million USD,sbp_balance_of_trade,annual
2010-06-30,Balance of Trade [a-c] (annual),-11452.813943039997,million USD,sbp_balance_of_trade,annual
2011-06-30,Balance of Trade [a-c] (annual),-10427.285308960003,million USD,sbp_balance_of_trade,annual
2012-06-30,Balance of Trade [a-c] (annual),-15651.43423528882,million USD,sbp_balance_of_trade,annual
2013-06-30,Balance of Trade [a-c] (annual),-15354.569968326952,million USD,sbp_balance_of_trade,annual
2014-06-30,Balance of Trade [a-c] (annual),-16590.238554673473,million USD,sbp_balance_of_trade,annual
2015-06-30,Balance of Trade [a-c] (annual),-17266.997547960003,million USD,sbp_balance_of_trade,annual
2016-06-30,Balance of Trade [a-c] (annual),-19146.003946,million USD,sbp_balance_of_trade,annual
2017-06-30,Balance of Trade [a-c] (annual),-25997.92139591127,million USD,sbp_balance_of_trade,annual
2018-06-30,Balance of Trade [a-c] (annual),-30902.964215723674,million USD,sbp_balance_of_trade,annual
2019-06-30,Balance of Trade [a-c] (annual),-27612.04366526513,million USD,sbp_balance_of_trade,annual
2020-06-30,Balance of Trade [a-c] (annual),-21109.040117443375,million USD,sbp_balance_of_trade,annual
2021-06-30,Balance of Trade [a-c] (annual),-28633.946307977447,million USD,sbp_balance_of_trade,annual
2022-06-30,Balance of Trade [a-c] (annual),-39050.01652734332,million USD,sbp_balance_of_trade,annual
2023-06-30,Balance of Trade [a-c] (annual),-24819.143074279636,million USD,sbp_balance_of_trade,annual
2024-06-30,Balance of Trade [a-c] (annual),-22176.858250810994,million USD,sbp_balance_of_trade,annual
2025-06-30,Balance of Trade [a-c] (annual),-26803.070898750728,million USD,sbp_balance_of_trade,annual
2026-06-30,Balance of Trade [a-c] (annual),-33622.49390974617,million USD,sbp_balance_of_trade,annual
1972-06-30,Exports (BOP) Growth Rate [Period to Period] (annual),-8.552035983982748,%,sbp_balance_of_trade,annual
1973-06-30,Exports (BOP) Growth Rate [Period to Period] (annual),22.593071815299524,%,sbp_balance_of_trade,annual
1974-06-30,Exports (BOP) Growth Rate [Period to Period] (annual),33.09264313820543,%,sbp_balance_of_trade,annual
1975-06-30,Exports (BOP) Growth Rate [Period to Period] (annual),-4.128776622090129,%,sbp_balance_of_trade,annual
1976-06-30,Exports (BOP) Growth Rate [Period to Period] (annual),18.87231096691535,%,sbp_balance_of_trade,annual
1977-06-30,Exports (BOP) Growth Rate [Period to Period] (annual),-2.6137143949864026,%,sbp_balance_of_trade,annual
1978-06-30,Exports (BOP) Growth Rate [Period to Period] (annual),32.265262406283455,%,sbp_balance_of_trade,annual
1979-06-30,Exports (BOP) Growth Rate [Period to Period] (annual),9.845468655104966,%,sbp_balance_of_trade,annual
1980-06-30,Exports (BOP) Growth Rate [Period to Period] (annual),42.36392677233073,%,sbp_balance_of_trade,annual
1981-06-30,Exports (BOP) Growth Rate [Period to Period] (annual),19.55639941313541,%,sbp_balance_of_trade,annual
1982-06-30,Exports (BOP) Growth Rate [Period to Period] (annual),-17.241487683317942,%,sbp_balance_of_trade,annual
1983-06-30,Exports (BOP) Growth Rate [Period to Period] (annual),13.405674186093705,%,sbp_balance_of_trade,annual
1984-06-30,Exports (BOP) Growth Rate [Period to Period] (annual),1.479347009401664,%,sbp_balance_of_trade,annual
1985-06-30,Exports (BOP) Growth Rate [Period to Period] (annual),-7.7939461992371974,%,sbp_balance_of_trade,annual
1986-06-30,Exports (BOP) Growth Rate [Period to Period] (annual),19.745663403881778,%,sbp_balance_of_trade,annual
1987-06-30,Exports (BOP) Growth Rate [Period to Period] (annual),18.52341723220343,%,sbp_balance_of_trade,annual
1988-06-30,Exports (BOP) Growth Rate [Period to Period] (annual),25.034789696064124,%,sbp_balance_of_trade,annual
1989-06-30,Exports (BOP) Growth Rate [Period to Period] (annual),6.11671380047747,%,sbp_balance_of_trade,annual
1990-06-30,Exports (BOP) Growth Rate [Period to Period] (annual),6.391237073111739,%,sbp_balance_of_trade,annual
1991-06-30,Exports (BOP) Growth Rate [Period to Period] (annual),19.703854868917773,%,sbp_balance_of_trade,annual
1992-06-30,Exports (BOP) Growth Rate [Period to Period] (annual),14.715840450391227,%,sbp_balance_of_trade,annual
1993-06-30,Exports (BOP) Growth Rate [Period to Period] (annual),0.2972279292023927,%,sbp_balance_of_trade,annual
1994-06-30,Exports (BOP) Growth Rate [Period to Period] (annual),-1.4442425696436345,%,sbp_balance_of_trade,annual
1995-06-30,Exports (BOP) Growth Rate [Period to Period] (annual),16.347011224911782,%,sbp_balance_of_trade,annual
1996-06-30,Exports (BOP) Growth Rate [Period to Period] (annual),6.877902149346298,%,sbp_balance_of_trade,annual
1997-06-30,Exports (BOP) Growth Rate [Period to Period] (annual),-2.586932980387431,%,sbp_balance_of_trade,annual
1998-06-30,Exports (BOP) Growth Rate [Period to Period] (annual),4.17490118577075,%,sbp_balance_of_trade,annual
1999-06-30,Exports (BOP) Growth Rate [Period to Period] (annual),-10.742233815508655,%,sbp_balance_of_trade,annual
2000-06-30,Exports (BOP) Growth Rate [Period to Period] (annual),8.807120085015939,%,sbp_balance_of_trade,annual
2001-06-30,Exports (BOP) Growth Rate [Period to Period] (annual),9.070931510194114,%,sbp_balance_of_trade,annual
2002-06-30,Exports (BOP) Growth Rate [Period to Period] (annual),2.3057980747705358,%,sbp_balance_of_trade,annual
2003-06-30,Exports (BOP) Growth Rate [Period to Period] (annual),19.13566739606128,%,sbp_balance_of_trade,annual
2004-06-30,Exports (BOP) Growth Rate [Period to Period] (annual),13.839654697401045,%,sbp_balance_of_trade,annual
2005-06-30,Exports (BOP) Growth Rate [Period to Period] (annual),16.823055824459516,%,sbp_balance_of_trade,annual
2006-06-30,Exports (BOP) Growth Rate [Period to Period] (annual),14.43540694240177,%,sbp_balance_of_trade,annual
2007-06-30,Exports (BOP) Growth Rate [Period to Period] (annual),4.401887594450173,%,sbp_balance_of_trade,annual
2008-06-30,Exports (BOP) Growth Rate [Period to Period] (annual),18.18493961188497,%,sbp_balance_of_trade,annual
2009-06-30,Exports (BOP) Growth Rate [Period to Period] (annual),-6.466384293572844,%,sbp_balance_of_trade,annual
2010-06-30,Exports (BOP) Growth Rate [Period to Period] (annual),2.900944423824072,%,sbp_balance_of_trade,annual
2011-06-30,Exports (BOP) Growth Rate [Period to Period] (annual),28.904349531154622,%,sbp_balance_of_trade,annual
2012-06-30,Exports (BOP) Growth Rate [Period to Period] (annual),-2.5639722616069918,%,sbp_balance_of_trade,annual
2013-06-30,Exports (BOP) Growth Rate [Period to Period] (annual),0.34069114332983474,%,sbp_balance_of_trade,annual
2014-06-30,Exports (BOP) Growth Rate [Period to Period] (annual),1.1110720799351554,%,sbp_balance_of_trade,annual
2015-06-30,Exports (BOP) Growth Rate [Period to Period] (annual),-3.9393150508938106,%,sbp_balance_of_trade,annual
2016-06-30,Exports (BOP) Growth Rate [Period to Period] (annual),-8.792034675019096,%,sbp_balance_of_trade,annual
2017-06-30,Exports (BOP) Growth Rate [Period to Period] (annual),0.14133206796857678,%,sbp_balance_of_trade,annual
2018-06-30,Exports (BOP) Growth Rate [Period to Period] (annual),12.56621481391997,%,sbp_balance_of_trade,annual
2019-06-30,Exports (BOP) Growth Rate [Period to Period] (annual),-2.063254732991254,%,sbp_balance_of_trade,annual
2020-06-30,Exports (BOP) Growth Rate [Period to Period] (annual),-7.0945106076067646,%,sbp_balance_of_trade,annual
2021-06-30,Exports (BOP) Growth Rate [Period to Period] (annual),13.768664716984944,%,sbp_balance_of_trade,annual
2022-06-30,Exports (BOP) Growth Rate [Period to Period] (annual),26.732616001773238,%,sbp_balance_of_trade,annual
2023-06-30,Exports (BOP) Growth Rate [Period to Period] (annual),-14.20928470628317,%,sbp_balance_of_trade,annual
2024-06-30,Exports (BOP) Growth Rate [Period to Period] (annual),11.13518542832172,%,sbp_balance_of_trade,annual
2025-06-30,Exports (BOP) Growth Rate [Period to Period] (annual),4.399566211541696,%,sbp_balance_of_trade,annual
2026-06-30,Exports (BOP) Growth Rate [Period to Period] (annual),-4.636411933599291,%,sbp_balance_of_trade,annual
1971-06-30,Exports (BOP) Value [a] (annual),683.4033613445378,million USD,sbp_balance_of_trade,annual
1972-06-30,Exports (BOP) Value [a] (annual),624.9584599666052,million USD,sbp_balance_of_trade,annual
1973-06-30,Exports (BOP) Value [a] (annual),766.1557736426503,million USD,sbp_balance_of_trade,annual
1974-06-30,Exports (BOP) Value [a] (annual),1019.6969696969696,million USD,sbp_balance_of_trade,annual
1975-06-30,Exports (BOP) Value [a] (annual),977.5959595959596,million USD,sbp_balance_of_trade,annual
1976-06-30,Exports (BOP) Value [a] (annual),1162.0909090909092,million USD,sbp_balance_of_trade,annual
1977-06-30,Exports (BOP) Value [a] (annual),1131.7171717171718,million USD,sbp_balance_of_trade,annual
1978-06-30,Exports (BOP) Value [a] (annual),1496.8686868686868,million USD,sbp_balance_of_trade,annual
1979-06-30,Exports (BOP) Value [a] (annual),1644.2424242424245,million USD,sbp_balance_of_trade,annual
1980-06-30,Exports (BOP) Value [a] (annual),2340.808080808081,million USD,sbp_balance_of_trade,annual
1981-06-30,Exports (BOP) Value [a] (annual),2798.5858585858587,million USD,sbp_balance_of_trade,annual
1982-06-30,Exports (BOP) Value [a] (annual),2316.0680224707003,million USD,sbp_balance_of_trade,annual
1983-06-30,Exports (BOP) Value [a] (annual),2626.552555491426,million USD,sbp_balance_of_trade,annual
1984-06-30,Exports (BOP) Value [a] (annual),2665.4083821714516,million USD,sbp_balance_of_trade,annual
1985-06-30,Exports (BOP) Value [a] (annual),2457.66788687505,million USD,sbp_balance_of_trade,annual
1986-06-30,Exports (BOP) Value [a] (annual),2942.9507154026915,million USD,sbp_balance_of_trade,annual
1987-06-30,Exports (BOP) Value [a] (annual),3488.0857553548476,million USD,sbp_balance_of_trade,annual
1988-06-30,Exports (BOP) Value [a] (annual),4361.320688626303,million USD,sbp_balance_of_trade,annual
1989-06-30,Exports (BOP) Value [a] (annual),4628.090193070588,million USD,sbp_balance_of_trade,annual
1990-06-30,Exports (BOP) Value [a] (annual),4923.882409267163,million USD,sbp_balance_of_trade,annual
1991-06-30,Exports (BOP) Value [a] (annual),5894.077053105337,million USD,sbp_balance_of_trade,annual
1992-06-30,Exports (BOP) Value [a] (annual),6761.44002826344,million USD,sbp_balance_of_trade,annual
1993-06-30,Exports (BOP) Value [a] (annual),6781.536916443709,million USD,sbp_balance_of_trade,annual
1994-06-30,Exports (BOP) Value [a] (annual),6683.595073420331,million USD,sbp_balance_of_trade,annual
1995-06-30,Exports (BOP) Value [a] (annual),7776.163110300003,million USD,sbp_balance_of_trade,annual
1996-06-30,Exports (BOP) Value [a] (annual),8311.0,million USD,sbp_balance_of_trade,annual
1997-06-30,Exports (BOP) Value [a] (annual),8096.0,million USD,sbp_balance_of_trade,annual
1998-06-30,Exports (BOP) Value [a] (annual),8434.0,million USD,sbp_balance_of_trade,annual
1999-06-30,Exports (BOP) Value [a] (annual),7528.0,million USD,sbp_balance_of_trade,annual
2000-06-30,Exports (BOP) Value [a] (annual),8191.0,million USD,sbp_balance_of_trade,annual
2001-06-30,Exports (BOP) Value [a] (annual),8934.0,million USD,sbp_balance_of_trade,annual
2002-06-30,Exports (BOP) Value [a] (annual),9140.0,million USD,sbp_balance_of_trade,annual
2003-06-30,Exports (BOP) Value [a] (annual),10889.0,million USD,sbp_balance_of_trade,annual
2004-06-30,Exports (BOP) Value [a] (annual),12396.0,million USD,sbp_balance_of_trade,annual
2005-06-30,Exports (BOP) Value [a] (annual),14481.386,million USD,sbp_balance_of_trade,annual
2006-06-30,Exports (BOP) Value [a] (annual),16571.833,million USD,sbp_balance_of_trade,annual
2007-06-30,Exports (BOP) Value [a] (annual),17301.306461,million USD,sbp_balance_of_trade,annual
2008-06-30,Exports (BOP) Value [a] (annual),20447.538593,million USD,sbp_balance_of_trade,annual
2009-06-30,Exports (BOP) Value [a] (annual),19125.322169000003,million USD,sbp_balance_of_trade,annual
2010-06-30,Exports (BOP) Value [a] (annual),19680.137135999998,million USD,sbp_balance_of_trade,annual
2011-06-30,Exports (BOP) Value [a] (annual),25368.552762,million USD,sbp_balance_of_trade,annual
2012-06-30,Exports (BOP) Value [a] (annual),24718.110106011183,million USD,sbp_balance_of_trade,annual
2013-06-30,Exports (BOP) Value [a] (annual),24802.32251794088,million USD,sbp_balance_of_trade,annual
2014-06-30,Exports (BOP) Value [a] (annual),25077.89419861319,million USD,sbp_balance_of_trade,annual
2015-06-30,Exports (BOP) Value [a] (annual),24089.996937999997,million USD,sbp_balance_of_trade,annual
2016-06-30,Exports (BOP) Value [a] (annual),21971.996054,million USD,sbp_balance_of_trade,annual
2017-06-30,Exports (BOP) Value [a] (annual),22003.049530397093,million USD,sbp_balance_of_trade,annual
2018-06-30,Exports (BOP) Value [a] (annual),24768.0,million USD,sbp_balance_of_trade,annual
2019-06-30,Exports (BOP) Value [a] (annual),24256.973067732728,million USD,sbp_balance_of_trade,annual
2020-06-30,Exports (BOP) Value [a] (annual),22536.059540358114,million USD,sbp_balance_of_trade,annual
2021-06-30,Exports (BOP) Value [a] (annual),25638.974018890123,million USD,sbp_balance_of_trade,annual
2022-06-30,Exports (BOP) Value [a] (annual),32492.942490154426,million USD,sbp_balance_of_trade,annual
2023-06-30,Exports (BOP) Value [a] (annual),27875.927782279527,million USD,sbp_balance_of_trade,annual
2024-06-30,Exports (BOP) Value [a] (annual),30979.9640307014,million USD,sbp_balance_of_trade,annual
2025-06-30,Exports (BOP) Value [a] (annual),32342.948060543913,million USD,sbp_balance_of_trade,annual
2026-06-30,Exports (BOP) Value [a] (annual),30843.395756987033,million USD,sbp_balance_of_trade,annual
1972-06-30,Imports (BOP) Growth Rate [Period to Period] (annual),-19.603062985494446,%,sbp_balance_of_trade,annual
1973-06-30,Imports (BOP) Growth Rate [Period to Period] (annual),-6.831744687790447,%,sbp_balance_of_trade,annual
1974-06-30,Imports (BOP) Growth Rate [Period to Period] (annual),67.9405617863276,%,sbp_balance_of_trade,annual
1975-06-30,Imports (BOP) Growth Rate [Period to Period] (annual),41.596027520515236,%,sbp_balance_of_trade,annual
1976-06-30,Imports (BOP) Growth Rate [Period to Period] (annual),1.1925294907382948,%,sbp_balance_of_trade,annual
1977-06-30,Imports (BOP) Growth Rate [Period to Period] (annual),13.02697368731674,%,sbp_balance_of_trade,annual
1978-06-30,Imports (BOP) Growth Rate [Period to Period] (annual),31.26279293203561,%,sbp_balance_of_trade,annual
1979-06-30,Imports (BOP) Growth Rate [Period to Period] (annual),20.220857333800055,%,sbp_balance_of_trade,annual
1980-06-30,Imports (BOP) Growth Rate [Period to Period] (annual),27.273208566058685,%,sbp_balance_of_trade,annual
1981-06-30,Imports (BOP) Growth Rate [Period to Period] (annual),14.554908485856942,%,sbp_balance_of_trade,annual
1982-06-30,Imports (BOP) Growth Rate [Period to Period] (annual),3.7321855265522146,%,sbp_balance_of_trade,annual
1983-06-30,Imports (BOP) Growth Rate [Period to Period] (annual),-2.6601973534747003,%,sbp_balance_of_trade,annual
1984-06-30,Imports (BOP) Growth Rate [Period to Period] (annual),6.636480115621239,%,sbp_balance_of_trade,annual
1985-06-30,Imports (BOP) Growth Rate [Period to Period] (annual),0.44363228756185435,%,sbp_balance_of_trade,annual
1986-06-30,Imports (BOP) Growth Rate [Period to Period] (annual),-0.27475233494288887,%,sbp_balance_of_trade,annual
1987-06-30,Imports (BOP) Growth Rate [Period to Period] (annual),-3.4534866695474875,%,sbp_balance_of_trade,annual
1988-06-30,Imports (BOP) Growth Rate [Period to Period] (annual),19.40489474615748,%,sbp_balance_of_trade,annual
1989-06-30,Imports (BOP) Growth Rate [Period to Period] (annual),4.105175694083286,%,sbp_balance_of_trade,annual
1990-06-30,Imports (BOP) Growth Rate [Period to Period] (annual),2.953588220754071,%,sbp_balance_of_trade,annual
1991-06-30,Imports (BOP) Growth Rate [Period to Period] (annual),13.127534939472653,%,sbp_balance_of_trade,annual
1992-06-30,Imports (BOP) Growth Rate [Period to Period] (annual),7.301190228641332,%,sbp_balance_of_trade,annual
1993-06-30,Imports (BOP) Growth Rate [Period to Period] (annual),11.657515787518719,%,sbp_balance_of_trade,annual
1994-06-30,Imports (BOP) Growth Rate [Period to Period] (annual),-13.512583599028261,%,sbp_balance_of_trade,annual
1995-06-30,Imports (BOP) Growth Rate [Period to Period] (annual),18.49624128838299,%,sbp_balance_of_trade,annual
1996-06-30,Imports (BOP) Growth Rate [Period to Period] (annual),16.66823497464432,%,sbp_balance_of_trade,annual
1997-06-30,Imports (BOP) Growth Rate [Period to Period] (annual),-6.48356221389929,%,sbp_balance_of_trade,annual
1998-06-30,Imports (BOP) Growth Rate [Period to Period] (annual),-8.321466714133138,%,sbp_balance_of_trade,annual
1999-06-30,Imports (BOP) Growth Rate [Period to Period] (annual),-6.678963207455595,%,sbp_balance_of_trade,annual
2000-06-30,Imports (BOP) Growth Rate [Period to Period] (annual),-0.11442837823780394,%,sbp_balance_of_trade,annual
2001-06-30,Imports (BOP) Growth Rate [Period to Period] (annual),6.2486981878775225,%,sbp_balance_of_trade,annual
2002-06-30,Imports (BOP) Growth Rate [Period to Period] (annual),-7.5279356988825725,%,sbp_balance_of_trade,annual
2003-06-30,Imports (BOP) Growth Rate [Period to Period] (annual),20.12931948272208,%,sbp_balance_of_trade,annual
2004-06-30,Imports (BOP) Growth Rate [Period to Period] (annual),20.03882172099179,%,sbp_balance_of_trade,annual
2005-06-30,Imports (BOP) Growth Rate [Period to Period] (annual),39.63609340552222,%,sbp_balance_of_trade,annual
2006-06-30,Imports (BOP) Growth Rate [Period to Period] (annual),31.041982732525696,%,sbp_balance_of_trade,annual
2007-06-30,Imports (BOP) Growth Rate [Period to Period] (annual),7.956440044903161,%,sbp_balance_of_trade,annual
2008-06-30,Imports (BOP) Growth Rate [Period to Period] (annual),31.292060816212796,%,sbp_balance_of_trade,annual
2009-06-30,Imports (BOP) Growth Rate [Period to Period] (annual),-10.247508778153332,%,sbp_balance_of_trade,annual
2010-06-30,Imports (BOP) Growth Rate [Period to Period] (annual),-1.68676226080116,%,sbp_balance_of_trade,annual
2011-06-30,Imports (BOP) Growth Rate [Period to Period] (annual),14.977336970343487,%,sbp_balance_of_trade,annual
2012-06-30,Imports (BOP) Growth Rate [Period to Period] (annual),12.777201252484431,%,sbp_balance_of_trade,annual
2013-06-30,Imports (BOP) Growth Rate [Period to Period] (annual),-0.5267630796977301,%,sbp_balance_of_trade,annual
2014-06-30,Imports (BOP) Growth Rate [Period to Period] (annual),3.7633396745916627,%,sbp_balance_of_trade,annual
2015-06-30,Imports (BOP) Growth Rate [Period to Period] (annual),-0.7467055679429677,%,sbp_balance_of_trade,annual
2016-06-30,Imports (BOP) Growth Rate [Period to Period] (annual),-0.5778816592708012,%,sbp_balance_of_trade,annual
2017-06-30,Imports (BOP) Growth Rate [Period to Period] (annual),16.739556705842617,%,sbp_balance_of_trade,annual
2018-06-30,Imports (BOP) Growth Rate [Period to Period] (annual),15.978829472408734,%,sbp_balance_of_trade,annual
2019-06-30,Imports (BOP) Growth Rate [Period to Period] (annual),-6.829318543852338,%,sbp_balance_of_trade,annual
2020-06-30,Imports (BOP) Growth Rate [Period to Period] (annual),-15.855162856720412,%,sbp_balance_of_trade,annual
2021-06-30,Imports (BOP) Growth Rate [Period to Period] (annual),24.350547375062234,%,sbp_balance_of_trade,annual
2022-06-30,Imports (BOP) Growth Rate [Period to Period] (annual),31.820728618652794,%,sbp_balance_of_trade,annual
2023-06-30,Imports (BOP) Growth Rate [Period to Period] (annual),-26.34485408456314,%,sbp_balance_of_trade,annual
2024-06-30,Imports (BOP) Growth Rate [Period to Period] (annual),0.876270621611198,%,sbp_balance_of_trade,annual
2025-06-30,Imports (BOP) Growth Rate [Period to Period] (annual),11.267032942759727,%,sbp_balance_of_trade,annual
2026-06-30,Imports (BOP) Growth Rate [Period to Period] (annual),8.994469621192565,%,sbp_balance_of_trade,annual
1971-06-30,Imports (BOP) Value [c] (annual),1186.9327731092437,million USD,sbp_balance_of_trade,annual
1972-06-30,Imports (BOP) Value [c] (annual),954.2575940011628,million USD,sbp_balance_of_trade,annual
1973-06-30,Imports (BOP) Value [c] (annual),889.0651515151515,million USD,sbp_balance_of_trade,annual
1974-06-30,Imports (BOP) Value [c] (annual),1493.1010101010102,million USD,sbp_balance_of_trade,annual
1975-06-30,Imports (BOP) Value [c] (annual),2114.1717171717173,million USD,sbp_balance_of_trade,annual
1976-06-30,Imports (BOP) Value [c] (annual),2139.3838383838383,million USD,sbp_balance_of_trade,annual
1977-06-30,Imports (BOP) Value [c] (annual),2418.080808080808,million USD,sbp_balance_of_trade,annual
1978-06-30,Imports (BOP) Value [c] (annual),3174.0404040404046,million USD,sbp_balance_of_trade,annual
1979-06-30,Imports (BOP) Value [c] (annual),3815.8585858585857,million USD,sbp_balance_of_trade,annual
1980-06-30,Imports (BOP) Value [c] (annual),4856.565656565655,million USD,sbp_balance_of_trade,annual
1981-06-30,Imports (BOP) Value [c] (annual),5563.434343434344,million USD,sbp_balance_of_trade,annual
1982-06-30,Imports (BOP) Value [c] (annual),5771.072034779236,million USD,sbp_balance_of_trade,annual
1983-06-30,Imports (BOP) Value [c] (annual),5617.55012924292,million USD,sbp_balance_of_trade,annual
1984-06-30,Imports (BOP) Value [c] (annual),5990.357726555181,million USD,sbp_balance_of_trade,annual
1985-06-30,Imports (BOP) Value [c] (annual),6016.932887570636,million USD,sbp_balance_of_trade,annual
1986-06-30,Imports (BOP) Value [c] (annual),6000.401223970089,million USD,sbp_balance_of_trade,annual
1987-06-30,Imports (BOP) Value [c] (annual),5793.178167580917,million USD,sbp_balance_of_trade,annual
1988-06-30,Imports (BOP) Value [c] (annual),6917.338293457368,million USD,sbp_balance_of_trade,annual
1989-06-30,Imports (BOP) Value [c] (annual),7201.307183757896,million USD,sbp_balance_of_trade,annual
1990-06-30,Imports (BOP) Value [c] (annual),7414.004144477685,million USD,sbp_balance_of_trade,annual
1991-06-30,Imports (BOP) Value [c] (annual),8387.280128957944,million USD,sbp_balance_of_trade,annual
1992-06-30,Imports (BOP) Value [c] (annual),8999.651406182196,million USD,sbp_balance_of_trade,annual
1993-06-30,Imports (BOP) Value [c] (annual),10048.787189679537,million USD,sbp_balance_of_trade,annual
1994-06-30,Imports (BOP) Value [c] (annual),8690.936419985646,million USD,sbp_balance_of_trade,annual
1995-06-30,Imports (BOP) Value [c] (annual),10298.432990446147,million USD,sbp_balance_of_trade,annual
1996-06-30,Imports (BOP) Value [c] (annual),12015.0,million USD,sbp_balance_of_trade,annual
1997-06-30,Imports (BOP) Value [c] (annual),11236.0,million USD,sbp_balance_of_trade,annual
1998-06-30,Imports (BOP) Value [c] (annual),10301.0,million USD,sbp_balance_of_trade,annual
1999-06-30,Imports (BOP) Value [c] (annual),9613.0,million USD,sbp_balance_of_trade,annual
2000-06-30,Imports (BOP) Value [c] (annual),9602.0,million USD,sbp_balance_of_trade,annual
2001-06-30,Imports (BOP) Value [c] (annual),10202.0,million USD,sbp_balance_of_trade,annual
2002-06-30,Imports (BOP) Value [c] (annual),9434.0,million USD,sbp_balance_of_trade,annual
2003-06-30,Imports (BOP) Value [c] (annual),11333.0,million USD,sbp_balance_of_trade,annual
2004-06-30,Imports (BOP) Value [c] (annual),13603.99966564,million USD,sbp_balance_of_trade,annual
2005-06-30,Imports (BOP) Value [c] (annual),18996.093679999998,million USD,sbp_balance_of_trade,annual
2006-06-30,Imports (BOP) Value [c] (annual),24892.8578,million USD,sbp_balance_of_trade,annual
2007-06-30,Imports (BOP) Value [c] (annual),26873.443106320003,million USD,sbp_balance_of_trade,annual
2008-06-30,Imports (BOP) Value [c] (annual),35282.697266560004,million USD,sbp_balance_of_trade,annual
2009-06-30,Imports (BOP) Value [c] (annual),31667.099767000003,million USD,sbp_balance_of_trade,annual
2010-06-30,Imports (BOP) Value [c] (annual),31132.951079039995,million USD,sbp_balance_of_trade,annual
2011-06-30,Imports (BOP) Value [c] (annual),35795.83807096,million USD,sbp_balance_of_trade,annual
2012-06-30,Imports (BOP) Value [c] (annual),40369.5443413,million USD,sbp_balance_of_trade,annual
2013-06-30,Imports (BOP) Value [c] (annual),40156.89248626783,million USD,sbp_balance_of_trade,annual
2014-06-30,Imports (BOP) Value [c] (annual),41668.13275328666,million USD,sbp_balance_of_trade,annual
2015-06-30,Imports (BOP) Value [c] (annual),41356.99448596,million USD,sbp_balance_of_trade,annual
2016-06-30,Imports (BOP) Value [c] (annual),41118.0,million USD,sbp_balance_of_trade,annual
2017-06-30,Imports (BOP) Value [c] (annual),48000.970926308364,million USD,sbp_balance_of_trade,annual
2018-06-30,Imports (BOP) Value [c] (annual),55670.964215723674,million USD,sbp_balance_of_trade,annual
2019-06-30,Imports (BOP) Value [c] (annual),51869.01673299786,million USD,sbp_balance_of_trade,annual
2020-06-30,Imports (BOP) Value [c] (annual),43645.09965780149,million USD,sbp_balance_of_trade,annual
2021-06-30,Imports (BOP) Value [c] (annual),54272.92032686757,million USD,sbp_balance_of_trade,annual
2022-06-30,Imports (BOP) Value [c] (annual),71542.95901749775,million USD,sbp_balance_of_trade,annual
2023-06-30,Imports (BOP) Value [c] (annual),52695.07085655916,million USD,sbp_balance_of_trade,annual
2024-06-30,Imports (BOP) Value [c] (annual),53156.822281512395,million USD,sbp_balance_of_trade,annual
2025-06-30,Imports (BOP) Value [c] (annual),59146.01895929464,million USD,sbp_balance_of_trade,annual
2026-06-30,Imports (BOP) Value [c] (annual),64465.8896667332,million USD,sbp_balance_of_trade,annual
1970-07-31,Balance of Trade [a-c],-51.90123502834754,million USD,sbp_balance_of_trade,monthly
1970-08-31,Balance of Trade [a-c],-71.50561362532372,million USD,sbp_balance_of_trade,monthly
1970-09-30,Balance of Trade [a-c],-44.1351681530514,million USD,sbp_balance_of_trade,monthly
1970-10-31,Balance of Trade [a-c],-56.96467368708888,million USD,sbp_balance_of_trade,monthly
1970-11-30,Balance of Trade [a-c],-40.45100253195852,million USD,sbp_balance_of_trade,monthly
1970-12-31,Balance of Trade [a-c],-41.13474394901982,million USD,sbp_balance_of_trade,monthly
1971-01-31,Balance of Trade [a-c],-60.59981763847899,million USD,sbp_balance_of_trade,monthly
1971-02-28,Balance of Trade [a-c],-19.706347362678457,million USD,sbp_balance_of_trade,monthly
1971-03-31,Balance of Trade [a-c],-31.12240642741397,million USD,sbp_balance_of_trade,monthly
1971-04-30,Balance of Trade [a-c],-33.497052965923494,million USD,sbp_balance_of_trade,monthly
1971-05-31,Balance of Trade [a-c],-33.89975117740336,million USD,sbp_balance_of_trade,monthly
1971-06-30,Balance of Trade [a-c],-18.611599218017673,million USD,sbp_balance_of_trade,monthly
1971-07-31,Balance of Trade [a-c],-27.24868824369348,million USD,sbp_balance_of_trade,monthly
1971-08-31,Balance of Trade [a-c],-39.471205140409324,million USD,sbp_balance_of_trade,monthly
1971-09-30,Balance of Trade [a-c],-33.78010661589718,million USD,sbp_balance_of_trade,monthly
1971-10-31,Balance of Trade [a-c],-44.38502759197732,million USD,sbp_balance_of_trade,monthly
1971-11-30,Balance of Trade [a-c],-43.28598183044731,million USD,sbp_balance_of_trade,monthly
1971-12-31,Balance of Trade [a-c],-34.228990577575374,million USD,sbp_balance_of_trade,monthly
1972-01-31,Balance of Trade [a-c],-16.080969324058096,million USD,sbp_balance_of_trade,monthly
1972-02-29,Balance of Trade [a-c],7.677739976092461,million USD,sbp_balance_of_trade,monthly
1972-03-31,Balance of Trade [a-c],-31.796770652034382,million USD,sbp_balance_of_trade,monthly
1972-04-30,Balance of Trade [a-c],-28.252556792982077,million USD,sbp_balance_of_trade,monthly
1972-05-31,Balance of Trade [a-c],-16.505935894848314,million USD,sbp_balance_of_trade,monthly
1972-06-30,Balance of Trade [a-c],-21.940641346727347,million USD,sbp_balance_of_trade,monthly
1972-07-31,Balance of Trade [a-c],-25.38263181056282,million USD,sbp_balance_of_trade,monthly
1972-08-31,Balance of Trade [a-c],-29.972643798635346,million USD,sbp_balance_of_trade,monthly
1972-09-30,Balance of Trade [a-c],-35.68108802716548,million USD,sbp_balance_of_trade,monthly
1972-10-31,Balance of Trade [a-c],-21.846410150138063,million USD,sbp_balance_of_trade,monthly
1972-11-30,Balance of Trade [a-c],-10.018782883705356,million USD,sbp_balance_of_trade,monthly
1972-12-31,Balance of Trade [a-c],-5.734806966156555,million USD,sbp_balance_of_trade,monthly
1973-01-31,Balance of Trade [a-c],-4.107622048058403,million USD,sbp_balance_of_trade,monthly
1973-02-28,Balance of Trade [a-c],5.493136710231816,million USD,sbp_balance_of_trade,monthly
1973-03-31,Balance of Trade [a-c],-8.931256171038399,million USD,sbp_balance_of_trade,monthly
1973-04-30,Balance of Trade [a-c],7.810002380918121,million USD,sbp_balance_of_trade,monthly
1973-05-31,Balance of Trade [a-c],8.038959121590807,million USD,sbp_balance_of_trade,monthly
1973-06-30,Balance of Trade [a-c],-2.5762342297816474,million USD,sbp_balance_of_trade,monthly
1973-07-31,Balance of Trade [a-c],-24.272234213878548,million USD,sbp_balance_of_trade,monthly
1973-08-31,Balance of Trade [a-c],-8.877777325146752,million USD,sbp_balance_of_trade,monthly
1973-09-30,Balance of Trade [a-c],-29.052008662994908,million USD,sbp_balance_of_trade,monthly
1973-10-31,Balance of Trade [a-c],-25.766382806249986,million USD,sbp_balance_of_trade,monthly
1973-11-30,Balance of Trade [a-c],6.276736376915693,million USD,sbp_balance_of_trade,monthly
1973-12-31,Balance of Trade [a-c],-27.429545489857617,million USD,sbp_balance_of_trade,monthly
1974-01-31,Balance of Trade [a-c],-84.07285436078378,million USD,sbp_balance_of_trade,monthly
1974-02-28,Balance of Trade [a-c],-72.02332125710443,million USD,sbp_balance_of_trade,monthly
1974-03-31,Balance of Trade [a-c],-58.57049104877845,million USD,sbp_balance_of_trade,monthly
1974-04-30,Balance of Trade [a-c],-43.65811084935113,million USD,sbp_balance_of_trade,monthly
1974-05-31,Balance of Trade [a-c],-8.387777211897031,million USD,sbp_balance_of_trade,monthly
1974-06-30,Balance of Trade [a-c],-97.57027355491346,million USD,sbp_balance_of_trade,monthly
1974-07-31,Balance of Trade [a-c],-82.8567152953493,million USD,sbp_balance_of_trade,monthly
1974-08-31,Balance of Trade [a-c],-77.50325917470046,million USD,sbp_balance_of_trade,monthly
1974-09-30,Balance of Trade [a-c],-60.49861138853606,million USD,sbp_balance_of_trade,monthly
1974-10-31,Balance of Trade [a-c],-85.99023427459784,million USD,sbp_balance_of_trade,monthly
1974-11-30,Balance of Trade [a-c],-114.82145372070515,million USD,sbp_balance_of_trade,monthly
1974-12-31,Balance of Trade [a-c],-105.15800897439395,million USD,sbp_balance_of_trade,monthly
1975-01-31,Balance of Trade [a-c],-129.41652431017314,million USD,sbp_balance_of_trade,monthly
1975-02-28,Balance of Trade [a-c],-86.1975203026726,million USD,sbp_balance_of_trade,monthly
1975-03-31,Balance of Trade [a-c],-95.29504629624513,million USD,sbp_balance_of_trade,monthly
1975-04-30,Balance of Trade [a-c],-88.94471333880453,million USD,sbp_balance_of_trade,monthly
1975-05-31,Balance of Trade [a-c],-78.66505290778923,million USD,sbp_balance_of_trade,monthly
1975-06-30,Balance of Trade [a-c],-131.2286175917901,million USD,sbp_balance_of_trade,monthly
1975-07-31,Balance of Trade [a-c],-137.68471298660964,million USD,sbp_balance_of_trade,monthly
1975-08-31,Balance of Trade [a-c],-72.57807631743475,million USD,sbp_balance_of_trade,monthly
1975-09-30,Balance of Trade [a-c],-100.80791776666261,million USD,sbp_balance_of_trade,monthly
1975-10-31,Balance of Trade [a-c],-98.95188718707077,million USD,sbp_balance_of_trade,monthly
1975-11-30,Balance of Trade [a-c],-52.50155287086346,million USD,sbp_balance_of_trade,monthly
1975-12-31,Balance of Trade [a-c],-86.46575186125769,million USD,sbp_balance_of_trade,monthly
1976-01-31,Balance of Trade [a-c],-85.50265010016848,million USD,sbp_balance_of_trade,monthly
1976-02-29,Balance of Trade [a-c],-83.40796823844627,million USD,sbp_balance_of_trade,monthly
1976-03-31,Balance of Trade [a-c],-50.523725095728636,million USD,sbp_balance_of_trade,monthly
1976-04-30,Balance of Trade [a-c],-44.20584608302772,million USD,sbp_balance_of_trade,monthly
1976-05-31,Balance of Trade [a-c],-74.03316844628361,million USD,sbp_balance_of_trade,monthly
1976-06-30,Balance of Trade [a-c],-90.62967233937553,million USD,sbp_balance_of_trade,monthly
1976-07-31,Balance of Trade [a-c],-61.360462339781066,million USD,sbp_balance_of_trade,monthly
1976-08-31,Balance of Trade [a-c],-81.09497453834157,million USD,sbp_balance_of_trade,monthly
1976-09-30,Balance of Trade [a-c],-112.39304797036218,million USD,sbp_balance_of_trade,monthly
1976-10-31,Balance of Trade [a-c],-114.2777382050285,million USD,sbp_balance_of_trade,monthly
1976-11-30,Balance of Trade [a-c],-115.21498613376183,million USD,sbp_balance_of_trade,monthly
1976-12-31,Balance of Trade [a-c],-113.94161909555308,million USD,sbp_balance_of_trade,monthly
1977-01-31,Balance of Trade [a-c],-176.4124411060477,million USD,sbp_balance_of_trade,monthly
1977-02-28,Balance of Trade [a-c],-97.83370953235503,million USD,sbp_balance_of_trade,monthly
1977-03-31,Balance of Trade [a-c],-96.9659705737184,million USD,sbp_balance_of_trade,monthly
1977-04-30,Balance of Trade [a-c],-64.49440618266335,million USD,sbp_balance_of_trade,monthly
1977-05-31,Balance of Trade [a-c],-111.95938421287582,million USD,sbp_balance_of_trade,monthly
1977-06-30,Balance of Trade [a-c],-140.41489647314768,million USD,sbp_balance_of_trade,monthly
1977-07-31,Balance of Trade [a-c],-103.18017004285485,million USD,sbp_balance_of_trade,monthly
1977-08-31,Balance of Trade [a-c],-122.21055769054314,million USD,sbp_balance_of_trade,monthly
1977-09-30,Balance of Trade [a-c],-97.13452479185456,million USD,sbp_balance_of_trade,monthly
1977-10-31,Balance of Trade [a-c],-125.47280625759684,million USD,sbp_balance_of_trade,monthly
1977-11-30,Balance of Trade [a-c],-128.63192119923292,million USD,sbp_balance_of_trade,monthly
1977-12-31,Balance of Trade [a-c],-101.9558786037763,million USD,sbp_balance_of_trade,monthly
1978-01-31,Balance of Trade [a-c],-133.0143300810363,million USD,sbp_balance_of_trade,monthly
1978-02-28,Balance of Trade [a-c],-149.68460431275832,million USD,sbp_balance_of_trade,monthly
1978-03-31,Balance of Trade [a-c],-175.1798534849933,million USD,sbp_balance_of_trade,monthly
1978-04-30,Balance of Trade [a-c],-118.89603724722991,million USD,sbp_balance_of_trade,monthly
1978-05-31,Balance of Trade [a-c],-202.70153693333128,million USD,sbp_balance_of_trade,monthly
1978-06-30,Balance of Trade [a-c],-219.1094965265096,million USD,sbp_balance_of_trade,monthly
1978-07-31,Balance of Trade [a-c],-126.19681599047414,million USD,sbp_balance_of_trade,monthly
1978-08-31,Balance of Trade [a-c],-85.91186394144722,million USD,sbp_balance_of_trade,monthly
1978-09-30,Balance of Trade [a-c],-245.66909784585636,million USD,sbp_balance_of_trade,monthly
1978-10-31,Balance of Trade [a-c],-251.6416836808313,million USD,sbp_balance_of_trade,monthly
1978-11-30,Balance of Trade [a-c],-195.11982144391175,million USD,sbp_balance_of_trade,monthly
1978-12-31,Balance of Trade [a-c],-129.09708073384272,million USD,sbp_balance_of_trade,monthly
1979-01-31,Balance of Trade [a-c],-239.3710233557114,million USD,sbp_balance_of_trade,monthly
1979-02-28,Balance of Trade [a-c],-133.03942435647033,million USD,sbp_balance_of_trade,monthly
1979-03-31,Balance of Trade [a-c],-221.6299563282222,million USD,sbp_balance_of_trade,monthly
1979-04-30,Balance of Trade [a-c],-198.67606692071274,million USD,sbp_balance_of_trade,monthly
1979-05-31,Balance of Trade [a-c],-199.3866780420698,million USD,sbp_balance_of_trade,monthly
1979-06-30,Balance of Trade [a-c],-145.8766489766113,million USD,sbp_balance_of_trade,monthly
1979-07-31,Balance of Trade [a-c],-311.31386587512105,million USD,sbp_balance_of_trade,monthly
1979-08-31,Balance of Trade [a-c],-138.42013068737884,million USD,sbp_balance_of_trade,monthly
1979-09-30,Balance of Trade [a-c],-231.8821650536616,million USD,sbp_balance_of_trade,monthly
1979-10-31,Balance of Trade [a-c],-220.14135061465151,million USD,sbp_balance_of_trade,monthly
1979-11-30,Balance of Trade [a-c],-140.06964469545875,million USD,sbp_balance_of_trade,monthly
1979-12-31,Balance of Trade [a-c],-161.40516630605129,million USD,sbp_balance_of_trade,monthly
1980-01-31,Balance of Trade [a-c],-243.37720633639015,million USD,sbp_balance_of_trade,monthly
1980-02-29,Balance of Trade [a-c],-134.41381738979462,million USD,sbp_balance_of_trade,monthly
1980-03-31,Balance of Trade [a-c],-163.7241277889666,million USD,sbp_balance_of_trade,monthly
1980-04-30,Balance of Trade [a-c],-181.2926079754635,million USD,sbp_balance_of_trade,monthly
1980-05-31,Balance of Trade [a-c],-368.470415003643,million USD,sbp_balance_of_trade,monthly
1980-06-30,Balance of Trade [a-c],-221.24707803099454,million USD,sbp_balance_of_trade,monthly
1980-07-31,Balance of Trade [a-c],-303.00537041053485,million USD,sbp_balance_of_trade,monthly
1980-08-31,Balance of Trade [a-c],-306.8661726766185,million USD,sbp_balance_of_trade,monthly
1980-09-30,Balance of Trade [a-c],-281.94663873102843,million USD,sbp_balance_of_trade,monthly
1980-10-31,Balance of Trade [a-c],-242.36621856337194,million USD,sbp_balance_of_trade,monthly
1980-11-30,Balance of Trade [a-c],-219.3895028235232,million USD,sbp_balance_of_trade,monthly
1980-12-31,Balance of Trade [a-c],-209.75943012825638,million USD,sbp_balance_of_trade,monthly
1981-01-31,Balance of Trade [a-c],-188.85167029569305,million USD,sbp_balance_of_trade,monthly
1981-02-28,Balance of Trade [a-c],-185.44493725551808,million USD,sbp_balance_of_trade,monthly
1981-03-31,Balance of Trade [a-c],-116.51147325686964,million USD,sbp_balance_of_trade,monthly
1981-04-30,Balance of Trade [a-c],-231.8958596767216,million USD,sbp_balance_of_trade,monthly
1981-05-31,Balance of Trade [a-c],-247.56725022148885,million USD,sbp_balance_of_trade,monthly
1981-06-30,Balance of Trade [a-c],-231.24396080886027,million USD,sbp_balance_of_trade,monthly
1981-07-31,Balance of Trade [a-c],-223.07776928634658,million USD,sbp_balance_of_trade,monthly
1981-08-31,Balance of Trade [a-c],-234.93499997797053,million USD,sbp_balance_of_trade,monthly
1981-09-30,Balance of Trade [a-c],-320.87611962457186,million USD,sbp_balance_of_trade,monthly
1981-10-31,Balance of Trade [a-c],-348.3905324473403,million USD,sbp_balance_of_trade,monthly
1981-11-30,Balance of Trade [a-c],-293.4030513000989,million USD,sbp_balance_of_trade,monthly
1981-12-31,Balance of Trade [a-c],-316.0382245201106,million USD,sbp_balance_of_trade,monthly
1982-01-31,Balance of Trade [a-c],-269.1618085463408,million USD,sbp_balance_of_trade,monthly
1982-02-28,Balance of Trade [a-c],-288.47200019850044,million USD,sbp_balance_of_trade,monthly
1982-03-31,Balance of Trade [a-c],-294.71262592172644,million USD,sbp_balance_of_trade,monthly
1982-04-30,Balance of Trade [a-c],-337.2503929028143,million USD,sbp_balance_of_trade,monthly
1982-05-31,Balance of Trade [a-c],-286.0422515602095,million USD,sbp_balance_of_trade,monthly
1982-06-30,Balance of Trade [a-c],-242.64423602250662,million USD,sbp_balance_of_trade,monthly
1982-07-31,Balance of Trade [a-c],-267.21327091436876,million USD,sbp_balance_of_trade,monthly
1982-08-31,Balance of Trade [a-c],-325.49237244009896,million USD,sbp_balance_of_trade,monthly
1982-09-30,Balance of Trade [a-c],-212.03194655899134,million USD,sbp_balance_of_trade,monthly
1982-10-31,Balance of Trade [a-c],-332.0190073566149,million USD,sbp_balance_of_trade,monthly
1982-11-30,Balance of Trade [a-c],-315.5292356053186,million USD,sbp_balance_of_trade,monthly
1982-12-31,Balance of Trade [a-c],-233.54435063768653,million USD,sbp_balance_of_trade,monthly
1983-01-31,Balance of Trade [a-c],-317.44579974831163,million USD,sbp_balance_of_trade,monthly
1983-02-28,Balance of Trade [a-c],-194.06343227103537,million USD,sbp_balance_of_trade,monthly
1983-03-31,Balance of Trade [a-c],-203.48678755067422,million USD,sbp_balance_of_trade,monthly
1983-04-30,Balance of Trade [a-c],-214.7962017492039,million USD,sbp_balance_of_trade,monthly
1983-05-31,Balance of Trade [a-c],-199.4019116319024,million USD,sbp_balance_of_trade,monthly
1983-06-30,Balance of Trade [a-c],-175.97325728728646,million USD,sbp_balance_of_trade,monthly
1983-07-31,Balance of Trade [a-c],-210.16722273892628,million USD,sbp_balance_of_trade,monthly
1983-08-31,Balance of Trade [a-c],-279.02886819741263,million USD,sbp_balance_of_trade,monthly
1983-09-30,Balance of Trade [a-c],-171.4583361178962,million USD,sbp_balance_of_trade,monthly
1983-10-31,Balance of Trade [a-c],-310.68632359436714,million USD,sbp_balance_of_trade,monthly
1983-11-30,Balance of Trade [a-c],-323.70445573036693,million USD,sbp_balance_of_trade,monthly
1983-12-31,Balance of Trade [a-c],-121.00054762456386,million USD,sbp_balance_of_trade,monthly
1984-01-31,Balance of Trade [a-c],-345.7700291960957,million USD,sbp_balance_of_trade,monthly
1984-02-29,Balance of Trade [a-c],-305.49779218758243,million USD,sbp_balance_of_trade,monthly
1984-03-31,Balance of Trade [a-c],-343.4009700161694,million USD,sbp_balance_of_trade,monthly
1984-04-30,Balance of Trade [a-c],-315.41920699744253,million USD,sbp_balance_of_trade,monthly
1984-05-31,Balance of Trade [a-c],-300.9815605533987,million USD,sbp_balance_of_trade,monthly
1984-06-30,Balance of Trade [a-c],-297.8340314295071,million USD,sbp_balance_of_trade,monthly
1984-07-31,Balance of Trade [a-c],-438.732308541174,million USD,sbp_balance_of_trade,monthly
1984-08-31,Balance of Trade [a-c],-318.34022108102755,million USD,sbp_balance_of_trade,monthly
1984-09-30,Balance of Trade [a-c],-311.82090816957066,million USD,sbp_balance_of_trade,monthly
1984-10-31,Balance of Trade [a-c],-313.5634203588095,million USD,sbp_balance_of_trade,monthly
1984-11-30,Balance of Trade [a-c],-286.41833329318047,million USD,sbp_balance_of_trade,monthly
1984-12-31,Balance of Trade [a-c],-177.8706468984047,million USD,sbp_balance_of_trade,monthly
1985-01-31,Balance of Trade [a-c],-340.3123991710329,million USD,sbp_balance_of_trade,monthly
1985-02-28,Balance of Trade [a-c],-234.44141548435795,million USD,sbp_balance_of_trade,monthly
1985-03-31,Balance of Trade [a-c],-246.65471331762723,million USD,sbp_balance_of_trade,monthly
1985-04-30,Balance of Trade [a-c],-236.66901368078524,million USD,sbp_balance_of_trade,monthly
1985-05-31,Balance of Trade [a-c],-280.3719942914148,million USD,sbp_balance_of_trade,monthly
1985-06-30,Balance of Trade [a-c],-374.0696264082003,million USD,sbp_balance_of_trade,monthly
1985-07-31,Balance of Trade [a-c],-325.89420665743876,million USD,sbp_balance_of_trade,monthly
1985-08-31,Balance of Trade [a-c],-280.21777572178905,million USD,sbp_balance_of_trade,monthly
1985-09-30,Balance of Trade [a-c],-247.21738085893085,million USD,sbp_balance_of_trade,monthly
1985-10-31,Balance of Trade [a-c],-206.88302897646156,million USD,sbp_balance_of_trade,monthly
1985-11-30,Balance of Trade [a-c],-205.45437828652967,million USD,sbp_balance_of_trade,monthly
1985-12-31,Balance of Trade [a-c],-252.17269642017862,million USD,sbp_balance_of_trade,monthly
1986-01-31,Balance of Trade [a-c],-287.4622555545064,million USD,sbp_balance_of_trade,monthly
1986-02-28,Balance of Trade [a-c],-216.97087187957686,million USD,sbp_balance_of_trade,monthly
1986-03-31,Balance of Trade [a-c],-221.9957746037207,million USD,sbp_balance_of_trade,monthly
1986-04-30,Balance of Trade [a-c],-310.662241950373,million USD,sbp_balance_of_trade,monthly
1986-05-31,Balance of Trade [a-c],-256.9149651549858,million USD,sbp_balance_of_trade,monthly
1986-06-30,Balance of Trade [a-c],-245.6049325029059,million USD,sbp_balance_of_trade,monthly
1986-07-31,Balance of Trade [a-c],-268.19143216356406,million USD,sbp_balance_of_trade,monthly
1986-08-31,Balance of Trade [a-c],-191.29167362720756,million USD,sbp_balance_of_trade,monthly
1986-09-30,Balance of Trade [a-c],-126.11068875917232,million USD,sbp_balance_of_trade,monthly
1986-10-31,Balance of Trade [a-c],-260.52605724954145,million USD,sbp_balance_of_trade,monthly
1986-11-30,Balance of Trade [a-c],-267.4264099986408,million USD,sbp_balance_of_trade,monthly
1986-12-31,Balance of Trade [a-c],-127.93039704326867,million USD,sbp_balance_of_trade,monthly
1987-01-31,Balance of Trade [a-c],-200.4108020669471,million USD,sbp_balance_of_trade,monthly
1987-02-28,Balance of Trade [a-c],-191.90169262198265,million USD,sbp_balance_of_trade,monthly
1987-03-31,Balance of Trade [a-c],-132.37039557979563,million USD,sbp_balance_of_trade,monthly
1987-04-30,Balance of Trade [a-c],-120.64884792483093,million USD,sbp_balance_of_trade,monthly
1987-05-31,Balance of Trade [a-c],-157.5216276117839,million USD,sbp_balance_of_trade,monthly
1987-06-30,Balance of Trade [a-c],-260.7623875793344,million USD,sbp_balance_of_trade,monthly
1987-07-31,Balance of Trade [a-c],-218.69567360576525,million USD,sbp_balance_of_trade,monthly
1987-08-31,Balance of Trade [a-c],-201.7261036570073,million USD,sbp_balance_of_trade,monthly
1987-09-30,Balance of Trade [a-c],-222.90652364221518,million USD,sbp_balance_of_trade,monthly
1987-10-31,Balance of Trade [a-c],-249.31057687714537,million USD,sbp_balance_of_trade,monthly
1987-11-30,Balance of Trade [a-c],-223.99378890169095,million USD,sbp_balance_of_trade,monthly
1987-12-31,Balance of Trade [a-c],-130.87133091611685,million USD,sbp_balance_of_trade,monthly
1988-01-31,Balance of Trade [a-c],-207.82649068091945,million USD,sbp_balance_of_trade,monthly
1988-02-29,Balance of Trade [a-c],-162.62718471854237,million USD,sbp_balance_of_trade,monthly
1988-03-31,Balance of Trade [a-c],-221.2758350785756,million USD,sbp_balance_of_trade,monthly
1988-04-30,Balance of Trade [a-c],-300.4920146121707,million USD,sbp_balance_of_trade,monthly
1988-05-31,Balance of Trade [a-c],-169.2328964697897,million USD,sbp_balance_of_trade,monthly
1988-06-30,Balance of Trade [a-c],-247.05918567112735,million USD,sbp_balance_of_trade,monthly
1988-07-31,Balance of Trade [a-c],-232.76873056520938,million USD,sbp_balance_of_trade,monthly
1988-08-31,Balance of Trade [a-c],-154.2623538703242,million USD,sbp_balance_of_trade,monthly
1988-09-30,Balance of Trade [a-c],-256.3595919249298,million USD,sbp_balance_of_trade,monthly
1988-10-31,Balance of Trade [a-c],-229.6239790854127,million USD,sbp_balance_of_trade,monthly
1988-11-30,Balance of Trade [a-c],-287.1181021371444,million USD,sbp_balance_of_trade,monthly
1988-12-31,Balance of Trade [a-c],-216.99345549511793,million USD,sbp_balance_of_trade,monthly
1989-01-31,Balance of Trade [a-c],-263.33213169810756,million USD,sbp_balance_of_trade,monthly
1989-02-28,Balance of Trade [a-c],-324.0298097490365,million USD,sbp_balance_of_trade,monthly
1989-03-31,Balance of Trade [a-c],-217.0547637374076,million USD,sbp_balance_of_trade,monthly
1989-04-30,Balance of Trade [a-c],-118.94360749658529,million USD,sbp_balance_of_trade,monthly
1989-05-31,Balance of Trade [a-c],-139.6508524202015,million USD,sbp_balance_of_trade,monthly
1989-06-30,Balance of Trade [a-c],-133.07961250783154,million USD,sbp_balance_of_trade,monthly
1989-07-31,Balance of Trade [a-c],-227.14456910229728,million USD,sbp_balance_of_trade,monthly
1989-08-31,Balance of Trade [a-c],-286.88302641401316,million USD,sbp_balance_of_trade,monthly
1989-09-30,Balance of Trade [a-c],-262.657141707468,million USD,sbp_balance_of_trade,monthly
1989-10-31,Balance of Trade [a-c],-301.60917781160725,million USD,sbp_balance_of_trade,monthly
1989-11-30,Balance of Trade [a-c],-189.3214569038389,million USD,sbp_balance_of_trade,monthly
1989-12-31,Balance of Trade [a-c],-101.12169633417108,million USD,sbp_balance_of_trade,monthly
1990-01-31,Balance of Trade [a-c],-258.91708149024316,million USD,sbp_balance_of_trade,monthly
1990-02-28,Balance of Trade [a-c],-233.4390191586047,million USD,sbp_balance_of_trade,monthly
1990-03-31,Balance of Trade [a-c],-141.90668052939048,million USD,sbp_balance_of_trade,monthly
1990-04-30,Balance of Trade [a-c],-164.94366519999267,million USD,sbp_balance_of_trade,monthly
1990-05-31,Balance of Trade [a-c],-140.8055916742506,million USD,sbp_balance_of_trade,monthly
1990-06-30,Balance of Trade [a-c],-181.37262888464704,million USD,sbp_balance_of_trade,monthly
1990-07-31,Balance of Trade [a-c],-243.44249359034796,million USD,sbp_balance_of_trade,monthly
1990-08-31,Balance of Trade [a-c],-177.447345731025,million USD,sbp_balance_of_trade,monthly
1990-09-30,Balance of Trade [a-c],-275.41557885589594,million USD,sbp_balance_of_trade,monthly
1990-10-31,Balance of Trade [a-c],-356.9542403205,million USD,sbp_balance_of_trade,monthly
1990-11-30,Balance of Trade [a-c],-411.783796652137,million USD,sbp_balance_of_trade,monthly
1990-12-31,Balance of Trade [a-c],-120.96025156532403,million USD,sbp_balance_of_trade,monthly
1991-01-31,Balance of Trade [a-c],-176.803652371711,million USD,sbp_balance_of_trade,monthly
1991-02-28,Balance of Trade [a-c],-221.498188247139,million USD,sbp_balance_of_trade,monthly
1991-03-31,Balance of Trade [a-c],-237.35983189207604,million USD,sbp_balance_of_trade,monthly
1991-04-30,Balance of Trade [a-c],-135.94323302760802,million USD,sbp_balance_of_trade,monthly
1991-05-31,Balance of Trade [a-c],-182.74760593087308,million USD,sbp_balance_of_trade,monthly
1991-06-30,Balance of Trade [a-c],47.153142332029006,million USD,sbp_balance_of_trade,monthly
1991-07-31,Balance of Trade [a-c],-329.06131142921095,million USD,sbp_balance_of_trade,monthly
1991-08-31,Balance of Trade [a-c],-158.7186192785141,million USD,sbp_balance_of_trade,monthly
1991-09-30,Balance of Trade [a-c],-77.58590439905606,million USD,sbp_balance_of_trade,monthly
1991-10-31,Balance of Trade [a-c],-231.52946680286396,million USD,sbp_balance_of_trade,monthly
1991-11-30,Balance of Trade [a-c],-312.45199483577494,million USD,sbp_balance_of_trade,monthly
1991-12-31,Balance of Trade [a-c],-242.597024147409,million USD,sbp_balance_of_trade,monthly
1992-01-31,Balance of Trade [a-c],-363.674550571045,million USD,sbp_balance_of_trade,monthly
1992-02-29,Balance of Trade [a-c],-233.685296402179,million USD,sbp_balance_of_trade,monthly
1992-03-31,Balance of Trade [a-c],-93.53428597219602,million USD,sbp_balance_of_trade,monthly
1992-04-30,Balance of Trade [a-c],-79.46447738743598,million USD,sbp_balance_of_trade,monthly
1992-05-31,Balance of Trade [a-c],-96.91464758562904,million USD,sbp_balance_of_trade,monthly
1992-06-30,Balance of Trade [a-c],-18.993799107444943,million USD,sbp_balance_of_trade,monthly
1992-07-31,Balance of Trade [a-c],-320.86167898416693,million USD,sbp_balance_of_trade,monthly
1992-08-31,Balance of Trade [a-c],-304.54011130238007,million USD,sbp_balance_of_trade,monthly
1992-09-30,Balance of Trade [a-c],-321.7478329935341,million USD,sbp_balance_of_trade,monthly
1992-10-31,Balance of Trade [a-c],-357.727473855417,million USD,sbp_balance_of_trade,monthly
1992-11-30,Balance of Trade [a-c],-372.87803658988105,million USD,sbp_balance_of_trade,monthly
1992-12-31,Balance of Trade [a-c],-221.47023770750707,million USD,sbp_balance_of_trade,monthly
1993-01-31,Balance of Trade [a-c],-393.049382400638,million USD,sbp_balance_of_trade,monthly
1993-02-28,Balance of Trade [a-c],-288.2800767639909,million USD,sbp_balance_of_trade,monthly
1993-03-31,Balance of Trade [a-c],-257.894333245319,million USD,sbp_balance_of_trade,monthly
1993-04-30,Balance of Trade [a-c],-127.30983127938191,million USD,sbp_balance_of_trade,monthly
1993-05-31,Balance of Trade [a-c],-196.72744288103092,million USD,sbp_balance_of_trade,monthly
1993-06-30,Balance of Trade [a-c],-104.76383523258096,million USD,sbp_balance_of_trade,monthly
1993-07-31,Balance of Trade [a-c],-481.95773284253795,million USD,sbp_balance_of_trade,monthly
1993-08-31,Balance of Trade [a-c],-239.784636697925,million USD,sbp_balance_of_trade,monthly
1993-09-30,Balance of Trade [a-c],-261.228159866623,million USD,sbp_balance_of_trade,monthly
1993-10-31,Balance of Trade [a-c],-172.048888827445,million USD,sbp_balance_of_trade,monthly
1993-11-30,Balance of Trade [a-c],-140.34276488840806,million USD,sbp_balance_of_trade,monthly
1993-12-31,Balance of Trade [a-c],87.19222495065799,million USD,sbp_balance_of_trade,monthly
1994-01-31,Balance of Trade [a-c],-218.73471536959403,million USD,sbp_balance_of_trade,monthly
1994-02-28,Balance of Trade [a-c],-164.86681531204204,million USD,sbp_balance_of_trade,monthly
1994-03-31,Balance of Trade [a-c],-153.33267376246795,million USD,sbp_balance_of_trade,monthly
1994-04-30,Balance of Trade [a-c],-169.63445974193894,million USD,sbp_balance_of_trade,monthly
1994-05-31,Balance of Trade [a-c],-92.01277077559905,million USD,sbp_balance_of_trade,monthly
1994-06-30,Balance of Trade [a-c],-0.5899534313920185,million USD,sbp_balance_of_trade,monthly
1994-07-31,Balance of Trade [a-c],-194.34306664443102,million USD,sbp_balance_of_trade,monthly
1994-08-31,Balance of Trade [a-c],-273.31242917218594,million USD,sbp_balance_of_trade,monthly
1994-09-30,Balance of Trade [a-c],-211.129166238562,million USD,sbp_balance_of_trade,monthly
1994-10-31,Balance of Trade [a-c],-242.26562160975095,million USD,sbp_balance_of_trade,monthly
1994-11-30,Balance of Trade [a-c],-203.343140875539,million USD,sbp_balance_of_trade,monthly
1994-12-31,Balance of Trade [a-c],-299.641749610793,million USD,sbp_balance_of_trade,monthly
1995-01-31,Balance of Trade [a-c],-203.559799231714,million USD,sbp_balance_of_trade,monthly
1995-02-28,Balance of Trade [a-c],-137.26544840677195,million USD,sbp_balance_of_trade,monthly
1995-03-31,Balance of Trade [a-c],-138.55033969903593,million USD,sbp_balance_of_trade,monthly
1995-04-30,Balance of Trade [a-c],-209.68567449137595,million USD,sbp_balance_of_trade,monthly
1995-05-31,Balance of Trade [a-c],-196.351790213419,million USD,sbp_balance_of_trade,monthly
1995-06-30,Balance of Trade [a-c],-212.8216539525631,million USD,sbp_balance_of_trade,monthly
1995-07-31,Balance of Trade [a-c],-417.0,million USD,sbp_balance_of_trade,monthly
1995-08-31,Balance of Trade [a-c],-216.0,million USD,sbp_balance_of_trade,monthly
1995-09-30,Balance of Trade [a-c],-306.0,million USD,sbp_balance_of_trade,monthly
1995-10-31,Balance of Trade [a-c],-441.0,million USD,sbp_balance_of_trade,monthly
1995-11-30,Balance of Trade [a-c],-314.0,million USD,sbp_balance_of_trade,monthly
1995-12-31,Balance of Trade [a-c],-257.0,million USD,sbp_balance_of_trade,monthly
1996-01-31,Balance of Trade [a-c],-301.0,million USD,sbp_balance_of_trade,monthly
1996-02-29,Balance of Trade [a-c],-282.0,million USD,sbp_balance_of_trade,monthly
1996-03-31,Balance of Trade [a-c],-147.0,million USD,sbp_balance_of_trade,monthly
1996-04-30,Balance of Trade [a-c],-280.0,million USD,sbp_balance_of_trade,monthly
1996-05-31,Balance of Trade [a-c],-422.0,million USD,sbp_balance_of_trade,monthly
1996-06-30,Balance of Trade [a-c],-321.0,million USD,sbp_balance_of_trade,monthly
1996-07-31,Balance of Trade [a-c],-355.0,million USD,sbp_balance_of_trade,monthly
1996-08-31,Balance of Trade [a-c],-274.0,million USD,sbp_balance_of_trade,monthly
1996-09-30,Balance of Trade [a-c],-199.0,million USD,sbp_balance_of_trade,monthly
1996-10-31,Balance of Trade [a-c],-330.0,million USD,sbp_balance_of_trade,monthly
1996-11-30,Balance of Trade [a-c],-348.0,million USD,sbp_balance_of_trade,monthly
1996-12-31,Balance of Trade [a-c],-397.0,million USD,sbp_balance_of_trade,monthly
1997-01-31,Balance of Trade [a-c],-342.0,million USD,sbp_balance_of_trade,monthly
1997-02-28,Balance of Trade [a-c],-190.0,million USD,sbp_balance_of_trade,monthly
1997-03-31,Balance of Trade [a-c],-78.0,million USD,sbp_balance_of_trade,monthly
1997-04-30,Balance of Trade [a-c],-222.0,million USD,sbp_balance_of_trade,monthly
1997-05-31,Balance of Trade [a-c],-235.0,million USD,sbp_balance_of_trade,monthly
1997-06-30,Balance of Trade [a-c],-170.0,million USD,sbp_balance_of_trade,monthly
1997-07-31,Balance of Trade [a-c],-151.0,million USD,sbp_balance_of_trade,monthly
1997-08-31,Balance of Trade [a-c],-193.0,million USD,sbp_balance_of_trade,monthly
1997-09-30,Balance of Trade [a-c],-81.0,million USD,sbp_balance_of_trade,monthly
1997-10-31,Balance of Trade [a-c],-295.0,million USD,sbp_balance_of_trade,monthly
1997-11-30,Balance of Trade [a-c],-180.0,million USD,sbp_balance_of_trade,monthly
1997-12-31,Balance of Trade [a-c],-240.0,million USD,sbp_balance_of_trade,monthly
1998-01-31,Balance of Trade [a-c],-131.0,million USD,sbp_balance_of_trade,monthly
1998-02-28,Balance of Trade [a-c],-63.0,million USD,sbp_balance_of_trade,monthly
1998-03-31,Balance of Trade [a-c],-70.0,million USD,sbp_balance_of_trade,monthly
1998-04-30,Balance of Trade [a-c],-145.0,million USD,sbp_balance_of_trade,monthly
1998-05-31,Balance of Trade [a-c],-13.0,million USD,sbp_balance_of_trade,monthly
1998-06-30,Balance of Trade [a-c],-305.0,million USD,sbp_balance_of_trade,monthly
1998-07-31,Balance of Trade [a-c],-137.0,million USD,sbp_balance_of_trade,monthly
1998-08-31,Balance of Trade [a-c],-12.0,million USD,sbp_balance_of_trade,monthly
1998-09-30,Balance of Trade [a-c],-161.0,million USD,sbp_balance_of_trade,monthly
1998-10-31,Balance of Trade [a-c],-228.0,million USD,sbp_balance_of_trade,monthly
1998-11-30,Balance of Trade [a-c],-325.0,million USD,sbp_balance_of_trade,monthly
1998-12-31,Balance of Trade [a-c],-394.0,million USD,sbp_balance_of_trade,monthly
1999-01-31,Balance of Trade [a-c],-133.0,million USD,sbp_balance_of_trade,monthly
1999-02-28,Balance of Trade [a-c],-103.0,million USD,sbp_balance_of_trade,monthly
1999-03-31,Balance of Trade [a-c],-24.0,million USD,sbp_balance_of_trade,monthly
1999-04-30,Balance of Trade [a-c],-145.0,million USD,sbp_balance_of_trade,monthly
1999-05-31,Balance of Trade [a-c],-190.0,million USD,sbp_balance_of_trade,monthly
1999-06-30,Balance of Trade [a-c],-233.0,million USD,sbp_balance_of_trade,monthly
1999-07-31,Balance of Trade [a-c],-83.0,million USD,sbp_balance_of_trade,monthly
1999-08-31,Balance of Trade [a-c],-155.0,million USD,sbp_balance_of_trade,monthly
1999-09-30,Balance of Trade [a-c],-228.0,million USD,sbp_balance_of_trade,monthly
1999-10-31,Balance of Trade [a-c],-159.0,million USD,sbp_balance_of_trade,monthly
1999-11-30,Balance of Trade [a-c],-199.0,million USD,sbp_balance_of_trade,monthly
1999-12-31,Balance of Trade [a-c],-195.0,million USD,sbp_balance_of_trade,monthly
2000-01-31,Balance of Trade [a-c],-323.0,million USD,sbp_balance_of_trade,monthly
2000-02-29,Balance of Trade [a-c],-133.0,million USD,sbp_balance_of_trade,monthly
2000-03-31,Balance of Trade [a-c],16.0,million USD,sbp_balance_of_trade,monthly
2000-04-30,Balance of Trade [a-c],-78.0,million USD,sbp_balance_of_trade,monthly
2000-05-31,Balance of Trade [a-c],-126.0,million USD,sbp_balance_of_trade,monthly
2000-06-30,Balance of Trade [a-c],252.0,million USD,sbp_balance_of_trade,monthly
2000-07-31,Balance of Trade [a-c],-213.0,million USD,sbp_balance_of_trade,monthly
2000-08-31,Balance of Trade [a-c],-162.0,million USD,sbp_balance_of_trade,monthly
2000-09-30,Balance of Trade [a-c],-193.0,million USD,sbp_balance_of_trade,monthly
2000-10-31,Balance of Trade [a-c],-58.0,million USD,sbp_balance_of_trade,monthly
2000-11-30,Balance of Trade [a-c],-173.0,million USD,sbp_balance_of_trade,monthly
2000-12-31,Balance of Trade [a-c],34.0,million USD,sbp_balance_of_trade,monthly
2001-01-31,Balance of Trade [a-c],-239.0,million USD,sbp_balance_of_trade,monthly
2001-02-28,Balance of Trade [a-c],-43.0,million USD,sbp_balance_of_trade,monthly
2001-03-31,Balance of Trade [a-c],-129.0,million USD,sbp_balance_of_trade,monthly
2001-04-30,Balance of Trade [a-c],-36.0,million USD,sbp_balance_of_trade,monthly
2001-05-31,Balance of Trade [a-c],-27.0,million USD,sbp_balance_of_trade,monthly
2001-06-30,Balance of Trade [a-c],-29.0,million USD,sbp_balance_of_trade,monthly
2001-07-31,Balance of Trade [a-c],-103.0,million USD,sbp_balance_of_trade,monthly
2001-08-31,Balance of Trade [a-c],-69.0,million USD,sbp_balance_of_trade,monthly
2001-09-30,Balance of Trade [a-c],-37.0,million USD,sbp_balance_of_trade,monthly
2001-10-31,Balance of Trade [a-c],105.0,million USD,sbp_balance_of_trade,monthly
2001-11-30,Balance of Trade [a-c],56.0,million USD,sbp_balance_of_trade,monthly
2001-12-31,Balance of Trade [a-c],-59.0,million USD,sbp_balance_of_trade,monthly
2002-01-31,Balance of Trade [a-c],-69.0,million USD,sbp_balance_of_trade,monthly
2002-02-28,Balance of Trade [a-c],-49.0,million USD,sbp_balance_of_trade,monthly
2002-03-31,Balance of Trade [a-c],22.0,million USD,sbp_balance_of_trade,monthly
2002-04-30,Balance of Trade [a-c],37.0,million USD,sbp_balance_of_trade,monthly
2002-05-31,Balance of Trade [a-c],-49.0,million USD,sbp_balance_of_trade,monthly
2002-06-30,Balance of Trade [a-c],-79.0,million USD,sbp_balance_of_trade,monthly
2002-07-31,Balance of Trade [a-c],-148.0,million USD,sbp_balance_of_trade,monthly
2002-08-31,Balance of Trade [a-c],-79.0,million USD,sbp_balance_of_trade,monthly
2002-09-30,Balance of Trade [a-c],81.0,million USD,sbp_balance_of_trade,monthly
2002-10-31,Balance of Trade [a-c],-54.0,million USD,sbp_balance_of_trade,monthly
2002-11-30,Balance of Trade [a-c],-46.0,million USD,sbp_balance_of_trade,monthly
2002-12-31,Balance of Trade [a-c],-203.0,million USD,sbp_balance_of_trade,monthly
2003-01-31,Balance of Trade [a-c],-31.0,million USD,sbp_balance_of_trade,monthly
2003-02-28,Balance of Trade [a-c],25.0,million USD,sbp_balance_of_trade,monthly
2003-03-31,Balance of Trade [a-c],-132.0,million USD,sbp_balance_of_trade,monthly
2003-04-30,Balance of Trade [a-c],3.0,million USD,sbp_balance_of_trade,monthly
2003-05-31,Balance of Trade [a-c],69.0,million USD,sbp_balance_of_trade,monthly
2003-06-30,Balance of Trade [a-c],71.0,million USD,sbp_balance_of_trade,monthly
2003-07-31,Balance of Trade [a-c],-30.999569000000065,million USD,sbp_balance_of_trade,monthly
2003-08-31,Balance of Trade [a-c],10.999903359999962,million USD,sbp_balance_of_trade,monthly
2003-09-30,Balance of Trade [a-c],20.0,million USD,sbp_balance_of_trade,monthly
2003-10-31,Balance of Trade [a-c],-26.0,million USD,sbp_balance_of_trade,monthly
2003-11-30,Balance of Trade [a-c],9.0,million USD,sbp_balance_of_trade,monthly
2003-12-31,Balance of Trade [a-c],-132.0,million USD,sbp_balance_of_trade,monthly
2004-01-31,Balance of Trade [a-c],-39.0,million USD,sbp_balance_of_trade,monthly
2004-02-29,Balance of Trade [a-c],-319.0,million USD,sbp_balance_of_trade,monthly
2004-03-31,Balance of Trade [a-c],-138.0,million USD,sbp_balance_of_trade,monthly
2004-04-30,Balance of Trade [a-c],-117.0,million USD,sbp_balance_of_trade,monthly
2004-05-31,Balance of Trade [a-c],-184.0,million USD,sbp_balance_of_trade,monthly
2004-06-30,Balance of Trade [a-c],-262.0,million USD,sbp_balance_of_trade,monthly
2004-07-31,Balance of Trade [a-c],-359.0936800000002,million USD,sbp_balance_of_trade,monthly
2004-08-31,Balance of Trade [a-c],-193.0630000000001,million USD,sbp_balance_of_trade,monthly
2004-09-30,Balance of Trade [a-c],-230.0,million USD,sbp_balance_of_trade,monthly
2004-10-31,Balance of Trade [a-c],-492.71299999999997,million USD,sbp_balance_of_trade,monthly
2004-11-30,Balance of Trade [a-c],-626.434,million USD,sbp_balance_of_trade,monthly
2004-12-31,Balance of Trade [a-c],-374.7629999999999,million USD,sbp_balance_of_trade,monthly
2005-01-31,Balance of Trade [a-c],-288.40100000000007,million USD,sbp_balance_of_trade,monthly
2005-02-28,Balance of Trade [a-c],-423.6690000000001,million USD,sbp_balance_of_trade,monthly
2005-03-31,Balance of Trade [a-c],-338.144,million USD,sbp_balance_of_trade,monthly
2005-04-30,Balance of Trade [a-c],-283.81899999999996,million USD,sbp_balance_of_trade,monthly
2005-05-31,Balance of Trade [a-c],-558.7360000000001,million USD,sbp_balance_of_trade,monthly
2005-06-30,Balance of Trade [a-c],-345.87200000000007,million USD,sbp_balance_of_trade,monthly
2005-07-31,Balance of Trade [a-c],-596.3727199999998,million USD,sbp_balance_of_trade,monthly
2005-08-31,Balance of Trade [a-c],-706.0810799999999,million USD,sbp_balance_of_trade,monthly
2005-09-30,Balance of Trade [a-c],-727.2394799999997,million USD,sbp_balance_of_trade,monthly
2005-10-31,Balance of Trade [a-c],-712.6548799999998,million USD,sbp_balance_of_trade,monthly
2005-11-30,Balance of Trade [a-c],-828.5331999999999,million USD,sbp_balance_of_trade,monthly
2005-12-31,Balance of Trade [a-c],-469.83248000000003,million USD,sbp_balance_of_trade,monthly
2006-01-31,Balance of Trade [a-c],-793.1908000000001,million USD,sbp_balance_of_trade,monthly
2006-02-28,Balance of Trade [a-c],-573.4685200000001,million USD,sbp_balance_of_trade,monthly
2006-03-31,Balance of Trade [a-c],-741.6264800000001,million USD,sbp_balance_of_trade,monthly
2006-04-30,Balance of Trade [a-c],-210.96704000000022,million USD,sbp_balance_of_trade,monthly
2006-05-31,Balance of Trade [a-c],-812.4617599999997,million USD,sbp_balance_of_trade,monthly
2006-06-30,Balance of Trade [a-c],-1148.59636,million USD,sbp_balance_of_trade,monthly
2006-07-31,Balance of Trade [a-c],-1050.5001200000002,million USD,sbp_balance_of_trade,monthly
2006-08-31,Balance of Trade [a-c],-882.8343200000002,million USD,sbp_balance_of_trade,monthly
2006-09-30,Balance of Trade [a-c],-780.6102000000001,million USD,sbp_balance_of_trade,monthly
2006-10-31,Balance of Trade [a-c],-929.4254000000001,million USD,sbp_balance_of_trade,monthly
2006-11-30,Balance of Trade [a-c],-728.0566399999996,million USD,sbp_balance_of_trade,monthly
2006-12-31,Balance of Trade [a-c],-879.5943200000004,million USD,sbp_balance_of_trade,monthly
2007-01-31,Balance of Trade [a-c],-909.8907199999996,million USD,sbp_balance_of_trade,monthly
2007-02-28,Balance of Trade [a-c],-830.2172888399998,million USD,sbp_balance_of_trade,monthly
2007-03-31,Balance of Trade [a-c],-531.9699682799999,million USD,sbp_balance_of_trade,monthly
2007-04-30,Balance of Trade [a-c],-675.9681200000002,million USD,sbp_balance_of_trade,monthly
2007-05-31,Balance of Trade [a-c],-587.8770800000002,million USD,sbp_balance_of_trade,monthly
2007-06-30,Balance of Trade [a-c],-785.1924682000001,million USD,sbp_balance_of_trade,monthly
2007-07-31,Balance of Trade [a-c],-870.7239746399998,million USD,sbp_balance_of_trade,monthly
2007-08-31,Balance of Trade [a-c],-677.2210471199992,million USD,sbp_balance_of_trade,monthly
2007-09-30,Balance of Trade [a-c],-742.2259917199997,million USD,sbp_balance_of_trade,monthly
2007-10-31,Balance of Trade [a-c],-966.8455257200003,million USD,sbp_balance_of_trade,monthly
2007-11-30,Balance of Trade [a-c],-1403.2526914800003,million USD,sbp_balance_of_trade,monthly
2007-12-31,Balance of Trade [a-c],-1440.1638897999997,million USD,sbp_balance_of_trade,monthly
2008-01-31,Balance of Trade [a-c],-1658.0226939600004,million USD,sbp_balance_of_trade,monthly
2008-02-29,Balance of Trade [a-c],-1263.8902109599999,million USD,sbp_balance_of_trade,monthly
2008-03-31,Balance of Trade [a-c],-1657.75190892,million USD,sbp_balance_of_trade,monthly
2008-04-30,Balance of Trade [a-c],-1445.6553191599999,million USD,sbp_balance_of_trade,monthly
2008-05-31,Balance of Trade [a-c],-1220.8547420400002,million USD,sbp_balance_of_trade,monthly
2008-06-30,Balance of Trade [a-c],-1488.5506780400003,million USD,sbp_balance_of_trade,monthly
2008-07-31,Balance of Trade [a-c],-1385.76519792,million USD,sbp_balance_of_trade,monthly
2008-08-31,Balance of Trade [a-c],-1386.6397750800002,million USD,sbp_balance_of_trade,monthly
2008-09-30,Balance of Trade [a-c],-1734.24721784,million USD,sbp_balance_of_trade,monthly
2008-10-31,Balance of Trade [a-c],-1862.83523856,million USD,sbp_balance_of_trade,monthly
2008-11-30,Balance of Trade [a-c],-650.4292490399998,million USD,sbp_balance_of_trade,monthly
2008-12-31,Balance of Trade [a-c],-1155.1345612799998,million USD,sbp_balance_of_trade,monthly
2009-01-31,Balance of Trade [a-c],-856.4632691999998,million USD,sbp_balance_of_trade,monthly
2009-02-28,Balance of Trade [a-c],-376.2650224399997,million USD,sbp_balance_of_trade,monthly
2009-03-31,Balance of Trade [a-c],-795.0673262,million USD,sbp_balance_of_trade,monthly
2009-04-30,Balance of Trade [a-c],-862.3382421999995,million USD,sbp_balance_of_trade,monthly
2009-05-31,Balance of Trade [a-c],-498.06735484,million USD,sbp_balance_of_trade,monthly
2009-06-30,Balance of Trade [a-c],-978.5251433999999,million USD,sbp_balance_of_trade,monthly
2009-07-31,Balance of Trade [a-c],-1255.7863773600002,million USD,sbp_balance_of_trade,monthly
2009-08-31,Balance of Trade [a-c],-712.3798932399998,million USD,sbp_balance_of_trade,monthly
2009-09-30,Balance of Trade [a-c],-863.5109424399998,million USD,sbp_balance_of_trade,monthly
2009-10-31,Balance of Trade [a-c],-1115.707486,million USD,sbp_balance_of_trade,monthly
2009-11-30,Balance of Trade [a-c],-750.7638683200003,million USD,sbp_balance_of_trade,monthly
2009-12-31,Balance of Trade [a-c],-1117.8126144399998,million USD,sbp_balance_of_trade,monthly
2010-01-31,Balance of Trade [a-c],-896.6697598799997,million USD,sbp_balance_of_trade,monthly
2010-02-28,Balance of Trade [a-c],-798.0180126799996,million USD,sbp_balance_of_trade,monthly
2010-03-31,Balance of Trade [a-c],-618.5503513599999,million USD,sbp_balance_of_trade,monthly
2010-04-30,Balance of Trade [a-c],-1095.15192428,million USD,sbp_balance_of_trade,monthly
2010-05-31,Balance of Trade [a-c],-916.03295376,million USD,sbp_balance_of_trade,monthly
2010-06-30,Balance of Trade [a-c],-1312.42975928,million USD,sbp_balance_of_trade,monthly
2010-07-31,Balance of Trade [a-c],-1265.85444288,million USD,sbp_balance_of_trade,monthly
2010-08-31,Balance of Trade [a-c],-1106.19133364,million USD,sbp_balance_of_trade,monthly
2010-09-30,Balance of Trade [a-c],-595.9078749600005,million USD,sbp_balance_of_trade,monthly
2010-10-31,Balance of Trade [a-c],-772.0167953600003,million USD,sbp_balance_of_trade,monthly
2010-11-30,Balance of Trade [a-c],-870.1482880400001,million USD,sbp_balance_of_trade,monthly
2010-12-31,Balance of Trade [a-c],-1115.3445687200006,million USD,sbp_balance_of_trade,monthly
2011-01-31,Balance of Trade [a-c],-752.2452004400009,million USD,sbp_balance_of_trade,monthly
2011-02-28,Balance of Trade [a-c],-813.0922366400009,million USD,sbp_balance_of_trade,monthly
2011-03-31,Balance of Trade [a-c],-811.1038962800003,million USD,sbp_balance_of_trade,monthly
2011-04-30,Balance of Trade [a-c],-333.03275935999955,million USD,sbp_balance_of_trade,monthly
2011-05-31,Balance of Trade [a-c],-1111.1662978000004,million USD,sbp_balance_of_trade,monthly
2011-06-30,Balance of Trade [a-c],-881.1816148399998,million USD,sbp_balance_of_trade,monthly
2011-07-31,Balance of Trade [a-c],-1033.5965157623596,million USD,sbp_balance_of_trade,monthly
2011-08-31,Balance of Trade [a-c],-1552.7569067823588,million USD,sbp_balance_of_trade,monthly
2011-09-30,Balance of Trade [a-c],-1626.4697255623594,million USD,sbp_balance_of_trade,monthly
2011-10-31,Balance of Trade [a-c],-1260.1543633266665,million USD,sbp_balance_of_trade,monthly
2011-11-30,Balance of Trade [a-c],-1271.855072786667,million USD,sbp_balance_of_trade,monthly
2011-12-31,Balance of Trade [a-c],-1219.7830414866667,million USD,sbp_balance_of_trade,monthly
2012-01-31,Balance of Trade [a-c],-1392.357777893914,million USD,sbp_balance_of_trade,monthly
2012-02-29,Balance of Trade [a-c],-1557.8342157439133,million USD,sbp_balance_of_trade,monthly
2012-03-31,Balance of Trade [a-c],-841.5970576739132,million USD,sbp_balance_of_trade,monthly
2012-04-30,Balance of Trade [a-c],-1019.9306095499992,million USD,sbp_balance_of_trade,monthly
2012-05-31,Balance of Trade [a-c],-1272.7256882999995,million USD,sbp_balance_of_trade,monthly
2012-06-30,Balance of Trade [a-c],-1602.37326042,million USD,sbp_balance_of_trade,monthly
2012-07-31,Balance of Trade [a-c],-1425.5529209799868,million USD,sbp_balance_of_trade,monthly
2012-08-31,Balance of Trade [a-c],-1202.5563060262305,million USD,sbp_balance_of_trade,monthly
2012-09-30,Balance of Trade [a-c],-996.9891096718088,million USD,sbp_balance_of_trade,monthly
2012-10-31,Balance of Trade [a-c],-1625.110558352696,million USD,sbp_balance_of_trade,monthly
2012-11-30,Balance of Trade [a-c],-1397.888877965035,million USD,sbp_balance_of_trade,monthly
2012-12-31,Balance of Trade [a-c],-1257.9664800797525,million USD,sbp_balance_of_trade,monthly
2013-01-31,Balance of Trade [a-c],-1316.857639849536,million USD,sbp_balance_of_trade,monthly
2013-02-28,Balance of Trade [a-c],-1146.798676340052,million USD,sbp_balance_of_trade,monthly
2013-03-31,Balance of Trade [a-c],-1215.5280572414085,million USD,sbp_balance_of_trade,monthly
2013-04-30,Balance of Trade [a-c],-1236.9526267352312,million USD,sbp_balance_of_trade,monthly
2013-05-31,Balance of Trade [a-c],-1209.9581721173813,million USD,sbp_balance_of_trade,monthly
2013-06-30,Balance of Trade [a-c],-1322.4105429678316,million USD,sbp_balance_of_trade,monthly
2013-07-31,Balance of Trade [a-c],-1264.3323316386163,million USD,sbp_balance_of_trade,monthly
2013-08-31,Balance of Trade [a-c],-1459.1730353854136,million USD,sbp_balance_of_trade,monthly
2013-09-30,Balance of Trade [a-c],-1660.6672927953396,million USD,sbp_balance_of_trade,monthly
2013-10-31,Balance of Trade [a-c],-1553.7411077502738,million USD,sbp_balance_of_trade,monthly
2013-11-30,Balance of Trade [a-c],-1445.2271809370047,million USD,sbp_balance_of_trade,monthly
2013-12-31,Balance of Trade [a-c],-1266.6501917178807,million USD,sbp_balance_of_trade,monthly
2014-01-31,Balance of Trade [a-c],-1467.2836599889451,million USD,sbp_balance_of_trade,monthly
2014-02-28,Balance of Trade [a-c],-1100.7862381000004,million USD,sbp_balance_of_trade,monthly
2014-03-31,Balance of Trade [a-c],-1262.1965485800001,million USD,sbp_balance_of_trade,monthly
2014-04-30,Balance of Trade [a-c],-1231.9701944400008,million USD,sbp_balance_of_trade,monthly
2014-05-31,Balance of Trade [a-c],-1398.1195762800003,million USD,sbp_balance_of_trade,monthly
2014-06-30,Balance of Trade [a-c],-1480.0911970600005,million USD,sbp_balance_of_trade,monthly
2014-07-31,Balance of Trade [a-c],-2102.0002411999994,million USD,sbp_balance_of_trade,monthly
2014-08-31,Balance of Trade [a-c],-2051.99969306,million USD,sbp_balance_of_trade,monthly
2014-09-30,Balance of Trade [a-c],-1931.0000965599993,million USD,sbp_balance_of_trade,monthly
2014-10-31,Balance of Trade [a-c],-1481.9960692,million USD,sbp_balance_of_trade,monthly
2014-11-30,Balance of Trade [a-c],-1238.9968462999998,million USD,sbp_balance_of_trade,monthly
2014-12-31,Balance of Trade [a-c],-1152.00010526,million USD,sbp_balance_of_trade,monthly
2015-01-31,Balance of Trade [a-c],-1051.0011188999988,million USD,sbp_balance_of_trade,monthly
2015-02-28,Balance of Trade [a-c],-945.9999760999997,million USD,sbp_balance_of_trade,monthly
2015-03-31,Balance of Trade [a-c],-1245.0000365399997,million USD,sbp_balance_of_trade,monthly
2015-04-30,Balance of Trade [a-c],-978.000070680001,million USD,sbp_balance_of_trade,monthly
2015-05-31,Balance of Trade [a-c],-1590.003330460001,million USD,sbp_balance_of_trade,monthly
2015-06-30,Balance of Trade [a-c],-1498.9999636999996,million USD,sbp_balance_of_trade,monthly
2015-07-31,Balance of Trade [a-c],-1836.9999919999996,million USD,sbp_balance_of_trade,monthly
2015-08-31,Balance of Trade [a-c],-1483.9999870000001,million USD,sbp_balance_of_trade,monthly
2015-09-30,Balance of Trade [a-c],-1435.9999890000001,million USD,sbp_balance_of_trade,monthly
2015-10-31,Balance of Trade [a-c],-1475.999994,million USD,sbp_balance_of_trade,monthly
2015-11-30,Balance of Trade [a-c],-1411.99998,million USD,sbp_balance_of_trade,monthly
2015-12-31,Balance of Trade [a-c],-2154.000016,million USD,sbp_balance_of_trade,monthly
2016-01-31,Balance of Trade [a-c],-1664.9999940000002,million USD,sbp_balance_of_trade,monthly
2016-02-29,Balance of Trade [a-c],-1222.0000129999999,million USD,sbp_balance_of_trade,monthly
2016-03-31,Balance of Trade [a-c],-1332.0000030000006,million USD,sbp_balance_of_trade,monthly
2016-04-30,Balance of Trade [a-c],-1350.0000009999999,million USD,sbp_balance_of_trade,monthly
2016-05-31,Balance of Trade [a-c],-1618.004018,million USD,sbp_balance_of_trade,monthly
2016-06-30,Balance of Trade [a-c],-2159.999959,million USD,sbp_balance_of_trade,monthly
2016-07-31,Balance of Trade [a-c],-1611.000045,million USD,sbp_balance_of_trade,monthly
2016-08-31,Balance of Trade [a-c],-2058.999997,million USD,sbp_balance_of_trade,monthly
2016-09-30,Balance of Trade [a-c],-1435.999885,million USD,sbp_balance_of_trade,monthly
2016-10-31,Balance of Trade [a-c],-1655.9755480572342,million USD,sbp_balance_of_trade,monthly
2016-11-30,Balance of Trade [a-c],-2079.970882308362,million USD,sbp_balance_of_trade,monthly
2016-12-31,Balance of Trade [a-c],-2191.000021,million USD,sbp_balance_of_trade,monthly
2017-01-31,Balance of Trade [a-c],-2516.0000360000004,million USD,sbp_balance_of_trade,monthly
2017-02-28,Balance of Trade [a-c],-2224.0000139999993,million USD,sbp_balance_of_trade,monthly
2017-03-31,Balance of Trade [a-c],-2272.9999850000004,million USD,sbp_balance_of_trade,monthly
2017-04-30,Balance of Trade [a-c],-2244.9750275456745,million USD,sbp_balance_of_trade,monthly
2017-05-31,Balance of Trade [a-c],-2604.9999660000003,million USD,sbp_balance_of_trade,monthly
2017-06-30,Balance of Trade [a-c],-3101.999989,million USD,sbp_balance_of_trade,monthly
2017-07-31,Balance of Trade [a-c],-2982.0,million USD,sbp_balance_of_trade,monthly
2017-08-31,Balance of Trade [a-c],-2440.0,million USD,sbp_balance_of_trade,monthly
2017-09-30,Balance of Trade [a-c],-2141.0,million USD,sbp_balance_of_trade,monthly
2017-10-31,Balance of Trade [a-c],-2435.0,million USD,sbp_balance_of_trade,monthly
2017-11-30,Balance of Trade [a-c],-2342.0,million USD,sbp_balance_of_trade,monthly
2017-12-31,Balance of Trade [a-c],-2289.0,million USD,sbp_balance_of_trade,monthly
2018-01-31,Balance of Trade [a-c],-2840.0,million USD,sbp_balance_of_trade,monthly
2018-02-28,Balance of Trade [a-c],-2203.0,million USD,sbp_balance_of_trade,monthly
2018-03-31,Balance of Trade [a-c],-2750.0,million USD,sbp_balance_of_trade,monthly
2018-04-30,Balance of Trade [a-c],-2611.0,million USD,sbp_balance_of_trade,monthly
2018-05-31,Balance of Trade [a-c],-2810.0,million USD,sbp_balance_of_trade,monthly
2018-06-30,Balance of Trade [a-c],-3059.964215723674,million USD,sbp_balance_of_trade,monthly
2018-07-31,Balance of Trade [a-c],-3277.034685079416,million USD,sbp_balance_of_trade,monthly
2018-08-31,Balance of Trade [a-c],-2531.006736837933,million USD,sbp_balance_of_trade,monthly
2018-09-30,Balance of Trade [a-c],-2203.0400231045123,million USD,sbp_balance_of_trade,monthly
2018-10-31,Balance of Trade [a-c],-2619.0315083625524,million USD,sbp_balance_of_trade,monthly
2018-11-30,Balance of Trade [a-c],-2243.984796423617,million USD,sbp_balance_of_trade,monthly
2018-12-31,Balance of Trade [a-c],-2762.983483421451,million USD,sbp_balance_of_trade,monthly
2019-01-31,Balance of Trade [a-c],-2011.0350183797132,million USD,sbp_balance_of_trade,monthly
2019-02-28,Balance of Trade [a-c],-1532.0023693550968,million USD,sbp_balance_of_trade,monthly
2019-03-31,Balance of Trade [a-c],-2081.0211214950477,million USD,sbp_balance_of_trade,monthly
2019-04-30,Balance of Trade [a-c],-2050.924884945222,million USD,sbp_balance_of_trade,monthly
2019-05-31,Balance of Trade [a-c],-2061.011461647905,million USD,sbp_balance_of_trade,monthly
2019-06-30,Balance of Trade [a-c],-2238.9675762126635,million USD,sbp_balance_of_trade,monthly
2019-07-31,Balance of Trade [a-c],-2005.0465249047934,million USD,sbp_balance_of_trade,monthly
2019-08-31,Balance of Trade [a-c],-1660.0133122526438,million USD,sbp_balance_of_trade,monthly
2019-09-30,Balance of Trade [a-c],-1616.0056487245702,million USD,sbp_balance_of_trade,monthly
2019-10-31,Balance of Trade [a-c],-1456.973513689281,million USD,sbp_balance_of_trade,monthly
2019-11-30,Balance of Trade [a-c],-1649.04564133033,million USD,sbp_balance_of_trade,monthly
2019-12-31,Balance of Trade [a-c],-2518.991532625406,million USD,sbp_balance_of_trade,monthly
2020-01-31,Balance of Trade [a-c],-1875.0469584209882,million USD,sbp_balance_of_trade,monthly
2020-02-29,Balance of Trade [a-c],-1585.0237353326756,million USD,sbp_balance_of_trade,monthly
2020-03-31,Balance of Trade [a-c],-1488.9534552568718,million USD,sbp_balance_of_trade,monthly
2020-04-30,Balance of Trade [a-c],-1720.983895030672,million USD,sbp_balance_of_trade,monthly
2020-05-31,Balance of Trade [a-c],-1545.9561533623719,million USD,sbp_balance_of_trade,monthly
2020-06-30,Balance of Trade [a-c],-1986.9997465127747,million USD,sbp_balance_of_trade,monthly
2020-07-31,Balance of Trade [a-c],-1647.0391497056603,million USD,sbp_balance_of_trade,monthly
2020-08-31,Balance of Trade [a-c],-1827.9800600511776,million USD,sbp_balance_of_trade,monthly
2020-09-30,Balance of Trade [a-c],-1873.9546549044676,million USD,sbp_balance_of_trade,monthly
2020-10-31,Balance of Trade [a-c],-1587.9758295528309,million USD,sbp_balance_of_trade,monthly
2020-11-30,Balance of Trade [a-c],-1985.0068023550134,million USD,sbp_balance_of_trade,monthly
2020-12-31,Balance of Trade [a-c],-3046.9676771901786,million USD,sbp_balance_of_trade,monthly
2021-01-31,Balance of Trade [a-c],-2312.0192985603167,million USD,sbp_balance_of_trade,monthly
2021-02-28,Balance of Trade [a-c],-2292.081224723734,million USD,sbp_balance_of_trade,monthly
2021-03-31,Balance of Trade [a-c],-2775.941776545715,million USD,sbp_balance_of_trade,monthly
2021-04-30,Balance of Trade [a-c],-2671.003944962537,million USD,sbp_balance_of_trade,monthly
2021-05-31,Balance of Trade [a-c],-2803.972738707544,million USD,sbp_balance_of_trade,monthly
2021-06-30,Balance of Trade [a-c],-3810.0031507182694,million USD,sbp_balance_of_trade,monthly
2021-07-31,Balance of Trade [a-c],-3043.9658310149525,million USD,sbp_balance_of_trade,monthly
2021-08-31,Balance of Trade [a-c],-3530.0424046569065,million USD,sbp_balance_of_trade,monthly
2021-09-30,Balance of Trade [a-c],-3323.9964223129828,million USD,sbp_balance_of_trade,monthly
2021-10-31,Balance of Trade [a-c],-3400.931587247662,million USD,sbp_balance_of_trade,monthly
2021-11-30,Balance of Trade [a-c],-3515.0479462159974,million USD,sbp_balance_of_trade,monthly
2021-12-31,Balance of Trade [a-c],-3379.9596359786137,million USD,sbp_balance_of_trade,monthly
2022-01-31,Balance of Trade [a-c],-3627.0530182044067,million USD,sbp_balance_of_trade,monthly
2022-02-28,Balance of Trade [a-c],-2175.9693213277405,million USD,sbp_balance_of_trade,monthly
2022-03-31,Balance of Trade [a-c],-3043.057027760669,million USD,sbp_balance_of_trade,monthly
2022-04-30,Balance of Trade [a-c],-2806.971362692525,million USD,sbp_balance_of_trade,monthly
2022-05-31,Balance of Trade [a-c],-3129.0227212127575,million USD,sbp_balance_of_trade,monthly
2022-06-30,Balance of Trade [a-c],-4073.9992487181053,million USD,sbp_balance_of_trade,monthly
2022-07-31,Balance of Trade [a-c],-3347.0007358226744,million USD,sbp_balance_of_trade,monthly
2022-08-31,Balance of Trade [a-c],-3272.9979068251705,million USD,sbp_balance_of_trade,monthly
2022-09-30,Balance of Trade [a-c],-2512.9800006902747,million USD,sbp_balance_of_trade,monthly
2022-10-31,Balance of Trade [a-c],-2375.9520741980346,million USD,sbp_balance_of_trade,monthly
2022-11-30,Balance of Trade [a-c],-2093.9439342092624,million USD,sbp_balance_of_trade,monthly
2022-12-31,Balance of Trade [a-c],-1948.0513203623996,million USD,sbp_balance_of_trade,monthly
2023-01-31,Balance of Trade [a-c],-1887.107594356069,million USD,sbp_balance_of_trade,monthly
2023-02-28,Balance of Trade [a-c],-1905.0010467276966,million USD,sbp_balance_of_trade,monthly
2023-03-31,Balance of Trade [a-c],-1735.9446911671762,million USD,sbp_balance_of_trade,monthly
2023-04-30,Balance of Trade [a-c],-1487.0662279218072,million USD,sbp_balance_of_trade,monthly
2023-05-31,Balance of Trade [a-c],-1187.0301068594108,million USD,sbp_balance_of_trade,monthly
2023-06-30,Balance of Trade [a-c],-1066.0674351396528,million USD,sbp_balance_of_trade,monthly
2023-07-31,Balance of Trade [a-c],-2044.9690312013972,million USD,sbp_balance_of_trade,monthly
2023-08-31,Balance of Trade [a-c],-1806.9783696827517,million USD,sbp_balance_of_trade,monthly
2023-09-30,Balance of Trade [a-c],-1490.0742159356414,million USD,sbp_balance_of_trade,monthly
2023-10-31,Balance of Trade [a-c],-1660.953246484848,million USD,sbp_balance_of_trade,monthly
2023-11-30,Balance of Trade [a-c],-1839.9947112807054,million USD,sbp_balance_of_trade,monthly
2023-12-31,Balance of Trade [a-c],-1416.970807699749,million USD,sbp_balance_of_trade,monthly
2024-01-31,Balance of Trade [a-c],-2005.9860324926153,million USD,sbp_balance_of_trade,monthly
2024-02-29,Balance of Trade [a-c],-1849.044442938376,million USD,sbp_balance_of_trade,monthly
2024-03-31,Balance of Trade [a-c],-2049.929819737641,million USD,sbp_balance_of_trade,monthly
2024-04-30,Balance of Trade [a-c],-1809.9467533625425,million USD,sbp_balance_of_trade,monthly
2024-05-31,Balance of Trade [a-c],-2007.0450988066173,million USD,sbp_balance_of_trade,monthly
2024-06-30,Balance of Trade [a-c],-2194.9657211881067,million USD,sbp_balance_of_trade,monthly
2024-07-31,Balance of Trade [a-c],-2484.9688732690306,million USD,sbp_balance_of_trade,monthly
2024-08-31,Balance of Trade [a-c],-2269.019807943951,million USD,sbp_balance_of_trade,monthly
2024-09-30,Balance of Trade [a-c],-2075.0379227336857,million USD,sbp_balance_of_trade,monthly
2024-10-31,Balance of Trade [a-c],-1640.9643990772838,million USD,sbp_balance_of_trade,monthly
2024-11-30,Balance of Trade [a-c],-1329.0212872002176,million USD,sbp_balance_of_trade,monthly
2024-12-31,Balance of Trade [a-c],-1784.94177161665,million USD,sbp_balance_of_trade,monthly
2025-01-31,Balance of Trade [a-c],-2472.0414300478706,million USD,sbp_balance_of_trade,monthly
2025-02-28,Balance of Trade [a-c],-2442.0540639687424,million USD,sbp_balance_of_trade,monthly
2025-03-31,Balance of Trade [a-c],-2178.982094481605,million USD,sbp_balance_of_trade,monthly
2025-04-30,Balance of Trade [a-c],-2639.937936782455,million USD,sbp_balance_of_trade,monthly
2025-05-31,Balance of Trade [a-c],-3057.0381823312714,million USD,sbp_balance_of_trade,monthly
2025-06-30,Balance of Trade [a-c],-2429.0631292979647,million USD,sbp_balance_of_trade,monthly
2025-07-31,Balance of Trade [a-c],-2679.0225282285173,million USD,sbp_balance_of_trade,monthly
2025-08-31,Balance of Trade [a-c],-2532.069711593894,million USD,sbp_balance_of_trade,monthly
2025-09-30,Balance of Trade [a-c],-2431.0062806124306,million USD,sbp_balance_of_trade,monthly
2025-10-31,Balance of Trade [a-c],-2763.619071554647,million USD,sbp_balance_of_trade,monthly
2025-11-30,Balance of Trade [a-c],-2453.016183536964,million USD,sbp_balance_of_trade,monthly
2025-12-31,Balance of Trade [a-c],-3006.9738057305167,million USD,sbp_balance_of_trade,monthly
2026-01-31,Balance of Trade [a-c],-2590.0159368627897,million USD,sbp_balance_of_trade,monthly
2026-02-28,Balance of Trade [a-c],-2632.993281701245,million USD,sbp_balance_of_trade,monthly
2026-03-31,Balance of Trade [a-c],-2328.9640707480626,million USD,sbp_balance_of_trade,monthly
2026-04-30,Balance of Trade [a-c],-3369.999419321399,million USD,sbp_balance_of_trade,monthly
2026-05-31,Balance of Trade [a-c],-3282.8170258509617,million USD,sbp_balance_of_trade,monthly
2026-06-30,Balance of Trade [a-c],-3551.9965940047437,million USD,sbp_balance_of_trade,monthly
1970-07-31,Balance of Trade [b-d],-51.90123502834754,million USD,sbp_balance_of_trade,monthly
1970-08-31,Balance of Trade [b-d],-123.40684865367129,million USD,sbp_balance_of_trade,monthly
1970-09-30,Balance of Trade [b-d],-167.5420168067227,million USD,sbp_balance_of_trade,monthly
1970-10-31,Balance of Trade [b-d],-224.5066904938116,million USD,sbp_balance_of_trade,monthly
1970-11-30,Balance of Trade [b-d],-264.95769302577014,million USD,sbp_balance_of_trade,monthly
1970-12-31,Balance of Trade [b-d],-306.09243697479,million USD,sbp_balance_of_trade,monthly
1971-01-31,Balance of Trade [b-d],-366.69225461326903,million USD,sbp_balance_of_trade,monthly
1971-02-28,Balance of Trade [b-d],-386.39860197594743,million USD,sbp_balance_of_trade,monthly
1971-03-31,Balance of Trade [b-d],-417.52100840336146,million USD,sbp_balance_of_trade,monthly
1971-04-30,Balance of Trade [b-d],-451.01806136928496,million USD,sbp_balance_of_trade,monthly
1971-05-31,Balance of Trade [b-d],-484.9178125466883,million USD,sbp_balance_of_trade,monthly
1971-06-30,Balance of Trade [b-d],-503.52941176470597,million USD,sbp_balance_of_trade,monthly
1971-07-31,Balance of Trade [b-d],-27.24868824369348,million USD,sbp_balance_of_trade,monthly
1971-08-31,Balance of Trade [b-d],-66.71989338410279,million USD,sbp_balance_of_trade,monthly
1971-09-30,Balance of Trade [b-d],-100.5,million USD,sbp_balance_of_trade,monthly
1971-10-31,Balance of Trade [b-d],-144.8850275919773,million USD,sbp_balance_of_trade,monthly
1971-11-30,Balance of Trade [b-d],-188.17100942242456,million USD,sbp_balance_of_trade,monthly
1971-12-31,Balance of Trade [b-d],-222.39999999999992,million USD,sbp_balance_of_trade,monthly
1972-01-31,Balance of Trade [b-d],-238.48096932405798,million USD,sbp_balance_of_trade,monthly
1972-02-29,Balance of Trade [b-d],-230.8032293479655,million USD,sbp_balance_of_trade,monthly
1972-03-31,Balance of Trade [b-d],-262.59999999999985,million USD,sbp_balance_of_trade,monthly
1972-04-30,Balance of Trade [b-d],-290.8525567929819,million USD,sbp_balance_of_trade,monthly
1972-05-31,Balance of Trade [b-d],-307.3584926878302,million USD,sbp_balance_of_trade,monthly
1972-06-30,Balance of Trade [b-d],-329.2991340345576,million USD,sbp_balance_of_trade,monthly
1972-07-31,Balance of Trade [b-d],-25.38263181056282,million USD,sbp_balance_of_trade,monthly
1972-08-31,Balance of Trade [b-d],-55.35527560919817,million USD,sbp_balance_of_trade,monthly
1972-09-30,Balance of Trade [b-d],-91.03636363636366,million USD,sbp_balance_of_trade,monthly
1972-10-31,Balance of Trade [b-d],-112.8827737865017,million USD,sbp_balance_of_trade,monthly
1972-11-30,Balance of Trade [b-d],-122.90155667020704,million USD,sbp_balance_of_trade,monthly
1972-12-31,Balance of Trade [b-d],-128.63636363636357,million USD,sbp_balance_of_trade,monthly
1973-01-31,Balance of Trade [b-d],-132.743985684422,million USD,sbp_balance_of_trade,monthly
1973-02-28,Balance of Trade [b-d],-127.25084897419015,million USD,sbp_balance_of_trade,monthly
1973-03-31,Balance of Trade [b-d],-136.18210514522855,million USD,sbp_balance_of_trade,monthly
1973-04-30,Balance of Trade [b-d],-128.3721027643104,million USD,sbp_balance_of_trade,monthly
1973-05-31,Balance of Trade [b-d],-120.3331436427195,million USD,sbp_balance_of_trade,monthly
1973-06-30,Balance of Trade [b-d],-122.90937787250118,million USD,sbp_balance_of_trade,monthly
1973-07-31,Balance of Trade [b-d],-24.272234213878548,million USD,sbp_balance_of_trade,monthly
1973-08-31,Balance of Trade [b-d],-33.150011539025314,million USD,sbp_balance_of_trade,monthly
1973-09-30,Balance of Trade [b-d],-62.20202020202021,million USD,sbp_balance_of_trade,monthly
1973-10-31,Balance of Trade [b-d],-87.96840300827017,million USD,sbp_balance_of_trade,monthly
1973-11-30,Balance of Trade [b-d],-81.69166663135445,million USD,sbp_balance_of_trade,monthly
1973-12-31,Balance of Trade [b-d],-109.12121212121207,million USD,sbp_balance_of_trade,monthly
1974-01-31,Balance of Trade [b-d],-193.19406648199595,million USD,sbp_balance_of_trade,monthly
1974-02-28,Balance of Trade [b-d],-265.21738773910033,million USD,sbp_balance_of_trade,monthly
1974-03-31,Balance of Trade [b-d],-323.78787878787887,million USD,sbp_balance_of_trade,monthly
1974-04-30,Balance of Trade [b-d],-367.44598963723,million USD,sbp_balance_of_trade,monthly
1974-05-31,Balance of Trade [b-d],-375.8337668491271,million USD,sbp_balance_of_trade,monthly
1974-06-30,Balance of Trade [b-d],-473.40404040404053,million USD,sbp_balance_of_trade,monthly
1974-07-31,Balance of Trade [b-d],-82.8567152953493,million USD,sbp_balance_of_trade,monthly
1974-08-31,Balance of Trade [b-d],-160.35997447004974,million USD,sbp_balance_of_trade,monthly
1974-09-30,Balance of Trade [b-d],-220.8585858585858,million USD,sbp_balance_of_trade,monthly
1974-10-31,Balance of Trade [b-d],-306.84882013318355,million USD,sbp_balance_of_trade,monthly
1974-11-30,Balance of Trade [b-d],-421.6702738538887,million USD,sbp_balance_of_trade,monthly
1974-12-31,Balance of Trade [b-d],-526.8282828282827,million USD,sbp_balance_of_trade,monthly
1975-01-31,Balance of Trade [b-d],-656.2448071384559,million USD,sbp_balance_of_trade,monthly
1975-02-28,Balance of Trade [b-d],-742.4423274411287,million USD,sbp_balance_of_trade,monthly
1975-03-31,Balance of Trade [b-d],-837.7373737373739,million USD,sbp_balance_of_trade,monthly
1975-04-30,Balance of Trade [b-d],-926.6820870761784,million USD,sbp_balance_of_trade,monthly
1975-05-31,Balance of Trade [b-d],-1005.3471399839677,million USD,sbp_balance_of_trade,monthly
1975-06-30,Balance of Trade [b-d],-1136.5757575757577,million USD,sbp_balance_of_trade,monthly
1975-07-31,Balance of Trade [b-d],-137.68471298660964,million USD,sbp_balance_of_trade,monthly
1975-08-31,Balance of Trade [b-d],-210.2627893040444,million USD,sbp_balance_of_trade,monthly
1975-09-30,Balance of Trade [b-d],-311.07070707070693,million USD,sbp_balance_of_trade,monthly
1975-10-31,Balance of Trade [b-d],-410.0225942577777,million USD,sbp_balance_of_trade,monthly
1975-11-30,Balance of Trade [b-d],-462.5241471286412,million USD,sbp_balance_of_trade,monthly
1975-12-31,Balance of Trade [b-d],-548.9898989898988,million USD,sbp_balance_of_trade,monthly
1976-01-31,Balance of Trade [b-d],-634.4925490900673,million USD,sbp_balance_of_trade,monthly
1976-02-29,Balance of Trade [b-d],-717.9005173285136,million USD,sbp_balance_of_trade,monthly
1976-03-31,Balance of Trade [b-d],-768.4242424242422,million USD,sbp_balance_of_trade,monthly
1976-04-30,Balance of Trade [b-d],-812.6300885072698,million USD,sbp_balance_of_trade,monthly
1976-05-31,Balance of Trade [b-d],-886.6632569535534,million USD,sbp_balance_of_trade,monthly
1976-06-30,Balance of Trade [b-d],-977.2929292929291,million USD,sbp_balance_of_trade,monthly
1976-07-31,Balance of Trade [b-d],-61.360462339781066,million USD,sbp_balance_of_trade,monthly
1976-08-31,Balance of Trade [b-d],-142.45543687812264,million USD,sbp_balance_of_trade,monthly
1976-09-30,Balance of Trade [b-d],-254.84848484848487,million USD,sbp_balance_of_trade,monthly
1976-10-31,Balance of Trade [b-d],-369.1262230535134,million USD,sbp_balance_of_trade,monthly
1976-11-30,Balance of Trade [b-d],-484.34120918727524,million USD,sbp_balance_of_trade,monthly
1976-12-31,Balance of Trade [b-d],-598.2828282828284,million USD,sbp_balance_of_trade,monthly
1977-01-31,Balance of Trade [b-d],-774.6952693888761,million USD,sbp_balance_of_trade,monthly
1977-02-28,Balance of Trade [b-d],-872.528978921231,million USD,sbp_balance_of_trade,monthly
1977-03-31,Balance of Trade [b-d],-969.4949494949493,million USD,sbp_balance_of_trade,monthly
1977-04-30,Balance of Trade [b-d],-1033.9893556776126,million USD,sbp_balance_of_trade,monthly
1977-05-31,Balance of Trade [b-d],-1145.9487398904885,million USD,sbp_balance_of_trade,monthly
1977-06-30,Balance of Trade [b-d],-1286.363636363636,million USD,sbp_balance_of_trade,monthly
1977-07-31,Balance of Trade [b-d],-103.18017004285485,million USD,sbp_balance_of_trade,monthly
1977-08-31,Balance of Trade [b-d],-225.390727733398,million USD,sbp_balance_of_trade,monthly
1977-09-30,Balance of Trade [b-d],-322.5252525252526,million USD,sbp_balance_of_trade,monthly
1977-10-31,Balance of Trade [b-d],-447.99805878284945,million USD,sbp_balance_of_trade,monthly
1977-11-30,Balance of Trade [b-d],-576.6299799820823,million USD,sbp_balance_of_trade,monthly
1977-12-31,Balance of Trade [b-d],-678.5858585858585,million USD,sbp_balance_of_trade,monthly
1978-01-31,Balance of Trade [b-d],-811.6001886668948,million USD,sbp_balance_of_trade,monthly
1978-02-28,Balance of Trade [b-d],-961.284792979653,million USD,sbp_balance_of_trade,monthly
1978-03-31,Balance of Trade [b-d],-1136.4646464646464,million USD,sbp_balance_of_trade,monthly
1978-04-30,Balance of Trade [b-d],-1255.3606837118764,million USD,sbp_balance_of_trade,monthly
1978-05-31,Balance of Trade [b-d],-1458.0622206452078,million USD,sbp_balance_of_trade,monthly
1978-06-30,Balance of Trade [b-d],-1677.1717171717178,million USD,sbp_balance_of_trade,monthly
1978-07-31,Balance of Trade [b-d],-126.19681599047414,million USD,sbp_balance_of_trade,monthly
1978-08-31,Balance of Trade [b-d],-212.10867993192136,million USD,sbp_balance_of_trade,monthly
1978-09-30,Balance of Trade [b-d],-457.7777777777777,million USD,sbp_balance_of_trade,monthly
1978-10-31,Balance of Trade [b-d],-709.419461458609,million USD,sbp_balance_of_trade,monthly
1978-11-30,Balance of Trade [b-d],-904.5392829025207,million USD,sbp_balance_of_trade,monthly
1978-12-31,Balance of Trade [b-d],-1033.6363636363635,million USD,sbp_balance_of_trade,monthly
1979-01-31,Balance of Trade [b-d],-1273.0073869920748,million USD,sbp_balance_of_trade,monthly
1979-02-28,Balance of Trade [b-d],-1406.0468113485454,million USD,sbp_balance_of_trade,monthly
1979-03-31,Balance of Trade [b-d],-1627.6767676767674,million USD,sbp_balance_of_trade,monthly
1979-04-30,Balance of Trade [b-d],-1826.3528345974803,million USD,sbp_balance_of_trade,monthly
1979-05-31,Balance of Trade [b-d],-2025.7395126395502,million USD,sbp_balance_of_trade,monthly
1979-06-30,Balance of Trade [b-d],-2171.616161616161,million USD,sbp_balance_of_trade,monthly
1979-07-31,Balance of Trade [b-d],-311.31386587512105,million USD,sbp_balance_of_trade,monthly
1979-08-31,Balance of Trade [b-d],-449.7339965624999,million USD,sbp_balance_of_trade,monthly
1979-09-30,Balance of Trade [b-d],-681.6161616161614,million USD,sbp_balance_of_trade,monthly
1979-10-31,Balance of Trade [b-d],-901.7575122308128,million USD,sbp_balance_of_trade,monthly
1979-11-30,Balance of Trade [b-d],-1041.8271569262715,million USD,sbp_balance_of_trade,monthly
1979-12-31,Balance of Trade [b-d],-1203.2323232323226,million USD,sbp_balance_of_trade,monthly
1980-01-31,Balance of Trade [b-d],-1446.6095295687128,million USD,sbp_balance_of_trade,monthly
1980-02-29,Balance of Trade [b-d],-1581.0233469585075,million USD,sbp_balance_of_trade,monthly
1980-03-31,Balance of Trade [b-d],-1744.7474747474744,million USD,sbp_balance_of_trade,monthly
1980-04-30,Balance of Trade [b-d],-1926.040082722938,million USD,sbp_balance_of_trade,monthly
1980-05-31,Balance of Trade [b-d],-2294.5104977265805,million USD,sbp_balance_of_trade,monthly
1980-06-30,Balance of Trade [b-d],-2515.7575757575746,million USD,sbp_balance_of_trade,monthly
1980-07-31,Balance of Trade [b-d],-303.00537041053485,million USD,sbp_balance_of_trade,monthly
1980-08-31,Balance of Trade [b-d],-609.8715430871534,million USD,sbp_balance_of_trade,monthly
1980-09-30,Balance of Trade [b-d],-891.818181818182,million USD,sbp_balance_of_trade,monthly
1980-10-31,Balance of Trade [b-d],-1134.184400381554,million USD,sbp_balance_of_trade,monthly
1980-11-30,Balance of Trade [b-d],-1353.5739032050774,million USD,sbp_balance_of_trade,monthly
1980-12-31,Balance of Trade [b-d],-1563.3333333333335,million USD,sbp_balance_of_trade,monthly
1981-01-31,Balance of Trade [b-d],-1752.1850036290264,million USD,sbp_balance_of_trade,monthly
1981-02-28,Balance of Trade [b-d],-1937.6299408845443,million USD,sbp_balance_of_trade,monthly
1981-03-31,Balance of Trade [b-d],-2054.141414141414,million USD,sbp_balance_of_trade,monthly
1981-04-30,Balance of Trade [b-d],-2286.037273818136,million USD,sbp_balance_of_trade,monthly
1981-05-31,Balance of Trade [b-d],-2533.6045240396247,million USD,sbp_balance_of_trade,monthly
1981-06-30,Balance of Trade [b-d],-2764.848484848485,million USD,sbp_balance_of_trade,monthly
1981-07-31,Balance of Trade [b-d],-223.07776928634658,million USD,sbp_balance_of_trade,monthly
1981-08-31,Balance of Trade [b-d],-458.0127692643171,million USD,sbp_balance_of_trade,monthly
1981-09-30,Balance of Trade [b-d],-778.8888888888889,million USD,sbp_balance_of_trade,monthly
1981-10-31,Balance of Trade [b-d],-1127.279421336229,million USD,sbp_balance_of_trade,monthly
1981-11-30,Balance of Trade [b-d],-1420.682472636328,million USD,sbp_balance_of_trade,monthly
1981-12-31,Balance of Trade [b-d],-1736.7206971564385,million USD,sbp_balance_of_trade,monthly
1982-01-31,Balance of Trade [b-d],-2005.882505702779,million USD,sbp_balance_of_trade,monthly
1982-02-28,Balance of Trade [b-d],-2294.3545059012795,million USD,sbp_balance_of_trade,monthly
1982-03-31,Balance of Trade [b-d],-2589.067131823005,million USD,sbp_balance_of_trade,monthly
1982-04-30,Balance of Trade [b-d],-2926.31752472582,million USD,sbp_balance_of_trade,monthly
1982-05-31,Balance of Trade [b-d],-3212.359776286029,million USD,sbp_balance_of_trade,monthly
1982-06-30,Balance of Trade [b-d],-3455.0040123085355,million USD,sbp_balance_of_trade,monthly
1982-07-31,Balance of Trade [b-d],-267.21327091436876,million USD,sbp_balance_of_trade,monthly
1982-08-31,Balance of Trade [b-d],-592.7056433544677,million USD,sbp_balance_of_trade,monthly
1982-09-30,Balance of Trade [b-d],-804.7375899134591,million USD,sbp_balance_of_trade,monthly
1982-10-31,Balance of Trade [b-d],-1136.756597270074,million USD,sbp_balance_of_trade,monthly
1982-11-30,Balance of Trade [b-d],-1452.2858328753928,million USD,sbp_balance_of_trade,monthly
1982-12-31,Balance of Trade [b-d],-1685.8301835130792,million USD,sbp_balance_of_trade,monthly
1983-01-31,Balance of Trade [b-d],-2003.275983261391,million USD,sbp_balance_of_trade,monthly
1983-02-28,Balance of Trade [b-d],-2197.3394155324268,million USD,sbp_balance_of_trade,monthly
1983-03-31,Balance of Trade [b-d],-2400.826203083101,million USD,sbp_balance_of_trade,monthly
1983-04-30,Balance of Trade [b-d],-2615.6224048323047,million USD,sbp_balance_of_trade,monthly
1983-05-31,Balance of Trade [b-d],-2815.024316464207,million USD,sbp_balance_of_trade,monthly
1983-06-30,Balance of Trade [b-d],-2990.9975737514937,million USD,sbp_balance_of_trade,monthly
1983-07-31,Balance of Trade [b-d],-210.16722273892628,million USD,sbp_balance_of_trade,monthly
1983-08-31,Balance of Trade [b-d],-489.1960909363389,million USD,sbp_balance_of_trade,monthly
1983-09-30,Balance of Trade [b-d],-660.654427054235,million USD,sbp_balance_of_trade,monthly
1983-10-31,Balance of Trade [b-d],-971.3407506486022,million USD,sbp_balance_of_trade,monthly
1983-11-30,Balance of Trade [b-d],-1295.0452063789694,million USD,sbp_balance_of_trade,monthly
1983-12-31,Balance of Trade [b-d],-1416.0457540035331,million USD,sbp_balance_of_trade,monthly
1984-01-31,Balance of Trade [b-d],-1761.815783199629,million USD,sbp_balance_of_trade,monthly
1984-02-29,Balance of Trade [b-d],-2067.3135753872116,million USD,sbp_balance_of_trade,monthly
1984-03-31,Balance of Trade [b-d],-2410.7145454033807,million USD,sbp_balance_of_trade,monthly
1984-04-30,Balance of Trade [b-d],-2726.133752400823,million USD,sbp_balance_of_trade,monthly
1984-05-31,Balance of Trade [b-d],-3027.115312954222,million USD,sbp_balance_of_trade,monthly
1984-06-30,Balance of Trade [b-d],-3324.9493443837296,million USD,sbp_balance_of_trade,monthly
1984-07-31,Balance of Trade [b-d],-438.732308541174,million USD,sbp_balance_of_trade,monthly
1984-08-31,Balance of Trade [b-d],-757.0725296222015,million USD,sbp_balance_of_trade,monthly
1984-09-30,Balance of Trade [b-d],-1068.8934377917722,million USD,sbp_balance_of_trade,monthly
1984-10-31,Balance of Trade [b-d],-1382.4568581505819,million USD,sbp_balance_of_trade,monthly
1984-11-30,Balance of Trade [b-d],-1668.875191443762,million USD,sbp_balance_of_trade,monthly
1984-12-31,Balance of Trade [b-d],-1846.745838342167,million USD,sbp_balance_of_trade,monthly
1985-01-31,Balance of Trade [b-d],-2187.0582375132,million USD,sbp_balance_of_trade,monthly
1985-02-28,Balance of Trade [b-d],-2421.499652997558,million USD,sbp_balance_of_trade,monthly
1985-03-31,Balance of Trade [b-d],-2668.154366315185,million USD,sbp_balance_of_trade,monthly
1985-04-30,Balance of Trade [b-d],-2904.82337999597,million USD,sbp_balance_of_trade,monthly
1985-05-31,Balance of Trade [b-d],-3185.195374287385,million USD,sbp_balance_of_trade,monthly
1985-06-30,Balance of Trade [b-d],-3559.265000695586,million USD,sbp_balance_of_trade,monthly
1985-07-31,Balance of Trade [b-d],-325.89420665743876,million USD,sbp_balance_of_trade,monthly
1985-08-31,Balance of Trade [b-d],-606.1119823792278,million USD,sbp_balance_of_trade,monthly
1985-09-30,Balance of Trade [b-d],-853.3293632381586,million USD,sbp_balance_of_trade,monthly
1985-10-31,Balance of Trade [b-d],-1060.2123922146202,million USD,sbp_balance_of_trade,monthly
1985-11-30,Balance of Trade [b-d],-1265.66677050115,million USD,sbp_balance_of_trade,monthly
1985-12-31,Balance of Trade [b-d],-1517.839466921329,million USD,sbp_balance_of_trade,monthly
1986-01-31,Balance of Trade [b-d],-1805.3017224758355,million USD,sbp_balance_of_trade,monthly
1986-02-28,Balance of Trade [b-d],-2022.2725943554126,million USD,sbp_balance_of_trade,monthly
1986-03-31,Balance of Trade [b-d],-2244.268368959133,million USD,sbp_balance_of_trade,monthly
1986-04-30,Balance of Trade [b-d],-2554.930610909506,million USD,sbp_balance_of_trade,monthly
1986-05-31,Balance of Trade [b-d],-2811.845576064491,million USD,sbp_balance_of_trade,monthly
1986-06-30,Balance of Trade [b-d],-3057.4505085673973,million USD,sbp_balance_of_trade,monthly
1986-07-31,Balance of Trade [b-d],-268.19143216356406,million USD,sbp_balance_of_trade,monthly
1986-08-31,Balance of Trade [b-d],-459.4831057907717,million USD,sbp_balance_of_trade,monthly
1986-09-30,Balance of Trade [b-d],-585.5937945499439,million USD,sbp_balance_of_trade,monthly
1986-10-31,Balance of Trade [b-d],-846.1198517994853,million USD,sbp_balance_of_trade,monthly
1986-11-30,Balance of Trade [b-d],-1113.546261798126,million USD,sbp_balance_of_trade,monthly
1986-12-31,Balance of Trade [b-d],-1241.4766588413945,million USD,sbp_balance_of_trade,monthly
1987-01-31,Balance of Trade [b-d],-1441.8874609083414,million USD,sbp_balance_of_trade,monthly
1987-02-28,Balance of Trade [b-d],-1633.7891535303243,million USD,sbp_balance_of_trade,monthly
1987-03-31,Balance of Trade [b-d],-1766.1595491101202,million USD,sbp_balance_of_trade,monthly
1987-04-30,Balance of Trade [b-d],-1886.8083970349508,million USD,sbp_balance_of_trade,monthly
1987-05-31,Balance of Trade [b-d],-2044.3300246467352,million USD,sbp_balance_of_trade,monthly
1987-06-30,Balance of Trade [b-d],-2305.0924122260694,million USD,sbp_balance_of_trade,monthly
1987-07-31,Balance of Trade [b-d],-218.69567360576525,million USD,sbp_balance_of_trade,monthly
1987-08-31,Balance of Trade [b-d],-420.4217772627725,million USD,sbp_balance_of_trade,monthly
1987-09-30,Balance of Trade [b-d],-643.3283009049876,million USD,sbp_balance_of_trade,monthly
1987-10-31,Balance of Trade [b-d],-892.638877782133,million USD,sbp_balance_of_trade,monthly
1987-11-30,Balance of Trade [b-d],-1116.632666683824,million USD,sbp_balance_of_trade,monthly
1987-12-31,Balance of Trade [b-d],-1247.5039975999407,million USD,sbp_balance_of_trade,monthly
1988-01-31,Balance of Trade [b-d],-1455.3304882808602,million USD,sbp_balance_of_trade,monthly
1988-02-29,Balance of Trade [b-d],-1617.9576729994023,million USD,sbp_balance_of_trade,monthly
1988-03-31,Balance of Trade [b-d],-1839.2335080779776,million USD,sbp_balance_of_trade,monthly
1988-04-30,Balance of Trade [b-d],-2139.7255226901484,million USD,sbp_balance_of_trade,monthly
1988-05-31,Balance of Trade [b-d],-2308.9584191599383,million USD,sbp_balance_of_trade,monthly
1988-06-30,Balance of Trade [b-d],-2556.017604831065,million USD,sbp_balance_of_trade,monthly
1988-07-31,Balance of Trade [b-d],-232.76873056520938,million USD,sbp_balance_of_trade,monthly
1988-08-31,Balance of Trade [b-d],-387.03108443553356,million USD,sbp_balance_of_trade,monthly
1988-09-30,Balance of Trade [b-d],-643.3906763604634,million USD,sbp_balance_of_trade,monthly
1988-10-31,Balance of Trade [b-d],-873.0146554458759,million USD,sbp_balance_of_trade,monthly
1988-11-30,Balance of Trade [b-d],-1160.1327575830203,million USD,sbp_balance_of_trade,monthly
1988-12-31,Balance of Trade [b-d],-1377.1262130781383,million USD,sbp_balance_of_trade,monthly
1989-01-31,Balance of Trade [b-d],-1640.4583447762461,million USD,sbp_balance_of_trade,monthly
1989-02-28,Balance of Trade [b-d],-1964.4881545252829,million USD,sbp_balance_of_trade,monthly
1989-03-31,Balance of Trade [b-d],-2181.54291826269,million USD,sbp_balance_of_trade,monthly
1989-04-30,Balance of Trade [b-d],-2300.4865257592755,million USD,sbp_balance_of_trade,monthly
1989-05-31,Balance of Trade [b-d],-2440.1373781794773,million USD,sbp_balance_of_trade,monthly
1989-06-30,Balance of Trade [b-d],-2573.2169906873087,million USD,sbp_balance_of_trade,monthly
1989-07-31,Balance of Trade [b-d],-227.14456910229728,million USD,sbp_balance_of_trade,monthly
1989-08-31,Balance of Trade [b-d],-514.0275955163104,million USD,sbp_balance_of_trade,monthly
1989-09-30,Balance of Trade [b-d],-776.6847372237783,million USD,sbp_balance_of_trade,monthly
1989-10-31,Balance of Trade [b-d],-1078.2939150353855,million USD,sbp_balance_of_trade,monthly
1989-11-30,Balance of Trade [b-d],-1267.6153719392246,million USD,sbp_balance_of_trade,monthly
1989-12-31,Balance of Trade [b-d],-1368.7370682733954,million USD,sbp_balance_of_trade,monthly
1990-01-31,Balance of Trade [b-d],-1627.6541497636385,million USD,sbp_balance_of_trade,monthly
1990-02-28,Balance of Trade [b-d],-1861.093168922243,million USD,sbp_balance_of_trade,monthly
1990-03-31,Balance of Trade [b-d],-2002.999849451633,million USD,sbp_balance_of_trade,monthly
1990-04-30,Balance of Trade [b-d],-2167.9435146516253,million USD,sbp_balance_of_trade,monthly
1990-05-31,Balance of Trade [b-d],-2308.749106325876,million USD,sbp_balance_of_trade,monthly
1990-06-30,Balance of Trade [b-d],-2490.1217352105223,million USD,sbp_balance_of_trade,monthly
1990-07-31,Balance of Trade [b-d],-243.44249359034796,million USD,sbp_balance_of_trade,monthly
1990-08-31,Balance of Trade [b-d],-420.88983932137296,million USD,sbp_balance_of_trade,monthly
1990-09-30,Balance of Trade [b-d],-696.3054181772688,million USD,sbp_balance_of_trade,monthly
1990-10-31,Balance of Trade [b-d],-1053.2596584977687,million USD,sbp_balance_of_trade,monthly
1990-11-30,Balance of Trade [b-d],-1465.0434551499056,million USD,sbp_balance_of_trade,monthly
1990-12-31,Balance of Trade [b-d],-1586.0037067152298,million USD,sbp_balance_of_trade,monthly
1991-01-31,Balance of Trade [b-d],-1762.8073590869412,million USD,sbp_balance_of_trade,monthly
1991-02-28,Balance of Trade [b-d],-1984.30554733408,million USD,sbp_balance_of_trade,monthly
1991-03-31,Balance of Trade [b-d],-2221.665379226156,million USD,sbp_balance_of_trade,monthly
1991-04-30,Balance of Trade [b-d],-2357.6086122537636,million USD,sbp_balance_of_trade,monthly
1991-05-31,Balance of Trade [b-d],-2540.3562181846364,million USD,sbp_balance_of_trade,monthly
1991-06-30,Balance of Trade [b-d],-2493.203075852607,million USD,sbp_balance_of_trade,monthly
1991-07-31,Balance of Trade [b-d],-329.06131142921095,million USD,sbp_balance_of_trade,monthly
1991-08-31,Balance of Trade [b-d],-487.77993070772504,million USD,sbp_balance_of_trade,monthly
1991-09-30,Balance of Trade [b-d],-565.3658351067811,million USD,sbp_balance_of_trade,monthly
1991-10-31,Balance of Trade [b-d],-796.8953019096448,million USD,sbp_balance_of_trade,monthly
1991-11-30,Balance of Trade [b-d],-1109.3472967454195,million USD,sbp_balance_of_trade,monthly
1991-12-31,Balance of Trade [b-d],-1351.9443208928283,million USD,sbp_balance_of_trade,monthly
1992-01-31,Balance of Trade [b-d],-1715.618871463873,million USD,sbp_balance_of_trade,monthly
1992-02-29,Balance of Trade [b-d],-1949.304167866051,million USD,sbp_balance_of_trade,monthly
1992-03-31,Balance of Trade [b-d],-2042.838453838247,million USD,sbp_balance_of_trade,monthly
1992-04-30,Balance of Trade [b-d],-2122.302931225683,million USD,sbp_balance_of_trade,monthly
1992-05-31,Balance of Trade [b-d],-2219.217578811312,million USD,sbp_balance_of_trade,monthly
1992-06-30,Balance of Trade [b-d],-2238.2113779187566,million USD,sbp_balance_of_trade,monthly
1992-07-31,Balance of Trade [b-d],-320.86167898416693,million USD,sbp_balance_of_trade,monthly
1992-08-31,Balance of Trade [b-d],-625.4017902865471,million USD,sbp_balance_of_trade,monthly
1992-09-30,Balance of Trade [b-d],-947.1496232800814,million USD,sbp_balance_of_trade,monthly
1992-10-31,Balance of Trade [b-d],-1304.8770971354982,million USD,sbp_balance_of_trade,monthly
1992-11-30,Balance of Trade [b-d],-1677.755133725379,million USD,sbp_balance_of_trade,monthly
1992-12-31,Balance of Trade [b-d],-1899.2253714328858,million USD,sbp_balance_of_trade,monthly
1993-01-31,Balance of Trade [b-d],-2292.2747538335243,million USD,sbp_balance_of_trade,monthly
1993-02-28,Balance of Trade [b-d],-2580.5548305975153,million USD,sbp_balance_of_trade,monthly
1993-03-31,Balance of Trade [b-d],-2838.4491638428344,million USD,sbp_balance_of_trade,monthly
1993-04-30,Balance of Trade [b-d],-2965.758995122217,million USD,sbp_balance_of_trade,monthly
1993-05-31,Balance of Trade [b-d],-3162.4864380032477,million USD,sbp_balance_of_trade,monthly
1993-06-30,Balance of Trade [b-d],-3267.250273235828,million USD,sbp_balance_of_trade,monthly
1993-07-31,Balance of Trade [b-d],-481.95773284253795,million USD,sbp_balance_of_trade,monthly
1993-08-31,Balance of Trade [b-d],-721.742369540463,million USD,sbp_balance_of_trade,monthly
1993-09-30,Balance of Trade [b-d],-982.9705294070859,million USD,sbp_balance_of_trade,monthly
1993-10-31,Balance of Trade [b-d],-1155.0194182345308,million USD,sbp_balance_of_trade,monthly
1993-11-30,Balance of Trade [b-d],-1295.3621831229389,million USD,sbp_balance_of_trade,monthly
1993-12-31,Balance of Trade [b-d],-1208.169958172281,million USD,sbp_balance_of_trade,monthly
1994-01-31,Balance of Trade [b-d],-1426.9046735418756,million USD,sbp_balance_of_trade,monthly
1994-02-28,Balance of Trade [b-d],-1591.7714888539176,million USD,sbp_balance_of_trade,monthly
1994-03-31,Balance of Trade [b-d],-1745.104162616386,million USD,sbp_balance_of_trade,monthly
1994-04-30,Balance of Trade [b-d],-1914.7386223583244,million USD,sbp_balance_of_trade,monthly
1994-05-31,Balance of Trade [b-d],-2006.7513931339236,million USD,sbp_balance_of_trade,monthly
1994-06-30,Balance of Trade [b-d],-2007.3413465653157,million USD,sbp_balance_of_trade,monthly
1994-07-31,Balance of Trade [b-d],-194.34306664443102,million USD,sbp_balance_of_trade,monthly
1994-08-31,Balance of Trade [b-d],-467.6554958166171,million USD,sbp_balance_of_trade,monthly
1994-09-30,Balance of Trade [b-d],-678.7846620551791,million USD,sbp_balance_of_trade,monthly
1994-10-31,Balance of Trade [b-d],-921.0502836649298,million USD,sbp_balance_of_trade,monthly
1994-11-30,Balance of Trade [b-d],-1124.393424540469,million USD,sbp_balance_of_trade,monthly
1994-12-31,Balance of Trade [b-d],-1424.0351741512618,million USD,sbp_balance_of_trade,monthly
1995-01-31,Balance of Trade [b-d],-1627.5949733829757,million USD,sbp_balance_of_trade,monthly
1995-02-28,Balance of Trade [b-d],-1764.8604217897482,million USD,sbp_balance_of_trade,monthly
1995-03-31,Balance of Trade [b-d],-1903.4107614887844,million USD,sbp_balance_of_trade,monthly
1995-04-30,Balance of Trade [b-d],-2113.096435980161,million USD,sbp_balance_of_trade,monthly
1995-05-31,Balance of Trade [b-d],-2309.448226193581,million USD,sbp_balance_of_trade,monthly
1995-06-30,Balance of Trade [b-d],-2522.269880146144,million USD,sbp_balance_of_trade,monthly
1995-07-31,Balance of Trade [b-d],-417.0,million USD,sbp_balance_of_trade,monthly
1995-08-31,Balance of Trade [b-d],-633.0,million USD,sbp_balance_of_trade,monthly
1995-09-30,Balance of Trade [b-d],-939.0,million USD,sbp_balance_of_trade,monthly
1995-10-31,Balance of Trade [b-d],-1380.0,million USD,sbp_balance_of_trade,monthly
1995-11-30,Balance of Trade [b-d],-1694.0,million USD,sbp_balance_of_trade,monthly
1995-12-31,Balance of Trade [b-d],-1951.0,million USD,sbp_balance_of_trade,monthly
1996-01-31,Balance of Trade [b-d],-2252.0,million USD,sbp_balance_of_trade,monthly
1996-02-29,Balance of Trade [b-d],-2534.0,million USD,sbp_balance_of_trade,monthly
1996-03-31,Balance of Trade [b-d],-2681.0,million USD,sbp_balance_of_trade,monthly
1996-04-30,Balance of Trade [b-d],-2961.0,million USD,sbp_balance_of_trade,monthly
1996-05-31,Balance of Trade [b-d],-3383.0,million USD,sbp_balance_of_trade,monthly
1996-06-30,Balance of Trade [b-d],-3704.0,million USD,sbp_balance_of_trade,monthly
1996-07-31,Balance of Trade [b-d],-355.0,million USD,sbp_balance_of_trade,monthly
1996-08-31,Balance of Trade [b-d],-629.0,million USD,sbp_balance_of_trade,monthly
1996-09-30,Balance of Trade [b-d],-828.0,million USD,sbp_balance_of_trade,monthly
1996-10-31,Balance of Trade [b-d],-1158.0,million USD,sbp_balance_of_trade,monthly
1996-11-30,Balance of Trade [b-d],-1506.0,million USD,sbp_balance_of_trade,monthly
1996-12-31,Balance of Trade [b-d],-1903.0,million USD,sbp_balance_of_trade,monthly
1997-01-31,Balance of Trade [b-d],-2245.0,million USD,sbp_balance_of_trade,monthly
1997-02-28,Balance of Trade [b-d],-2435.0,million USD,sbp_balance_of_trade,monthly
1997-03-31,Balance of Trade [b-d],-2513.0,million USD,sbp_balance_of_trade,monthly
1997-04-30,Balance of Trade [b-d],-2735.0,million USD,sbp_balance_of_trade,monthly
1997-05-31,Balance of Trade [b-d],-2970.0,million USD,sbp_balance_of_trade,monthly
1997-06-30,Balance of Trade [b-d],-3140.0,million USD,sbp_balance_of_trade,monthly
1997-07-31,Balance of Trade [b-d],-151.0,million USD,sbp_balance_of_trade,monthly
1997-08-31,Balance of Trade [b-d],-344.0,million USD,sbp_balance_of_trade,monthly
1997-09-30,Balance of Trade [b-d],-425.0,million USD,sbp_balance_of_trade,monthly
1997-10-31,Balance of Trade [b-d],-720.0,million USD,sbp_balance_of_trade,monthly
1997-11-30,Balance of Trade [b-d],-900.0,million USD,sbp_balance_of_trade,monthly
1997-12-31,Balance of Trade [b-d],-1140.0,million USD,sbp_balance_of_trade,monthly
1998-01-31,Balance of Trade [b-d],-1271.0,million USD,sbp_balance_of_trade,monthly
1998-02-28,Balance of Trade [b-d],-1334.0,million USD,sbp_balance_of_trade,monthly
1998-03-31,Balance of Trade [b-d],-1404.0,million USD,sbp_balance_of_trade,monthly
1998-04-30,Balance of Trade [b-d],-1549.0,million USD,sbp_balance_of_trade,monthly
1998-05-31,Balance of Trade [b-d],-1562.0,million USD,sbp_balance_of_trade,monthly
1998-06-30,Balance of Trade [b-d],-1867.0,million USD,sbp_balance_of_trade,monthly
1998-07-31,Balance of Trade [b-d],-137.0,million USD,sbp_balance_of_trade,monthly
1998-08-31,Balance of Trade [b-d],-149.0,million USD,sbp_balance_of_trade,monthly
1998-09-30,Balance of Trade [b-d],-310.0,million USD,sbp_balance_of_trade,monthly
1998-10-31,Balance of Trade [b-d],-538.0,million USD,sbp_balance_of_trade,monthly
1998-11-30,Balance of Trade [b-d],-863.0,million USD,sbp_balance_of_trade,monthly
1998-12-31,Balance of Trade [b-d],-1257.0,million USD,sbp_balance_of_trade,monthly
1999-01-31,Balance of Trade [b-d],-1390.0,million USD,sbp_balance_of_trade,monthly
1999-02-28,Balance of Trade [b-d],-1493.0,million USD,sbp_balance_of_trade,monthly
1999-03-31,Balance of Trade [b-d],-1517.0,million USD,sbp_balance_of_trade,monthly
1999-04-30,Balance of Trade [b-d],-1662.0,million USD,sbp_balance_of_trade,monthly
1999-05-31,Balance of Trade [b-d],-1852.0,million USD,sbp_balance_of_trade,monthly
1999-06-30,Balance of Trade [b-d],-2085.0,million USD,sbp_balance_of_trade,monthly
1999-07-31,Balance of Trade [b-d],-83.0,million USD,sbp_balance_of_trade,monthly
1999-08-31,Balance of Trade [b-d],-238.0,million USD,sbp_balance_of_trade,monthly
1999-09-30,Balance of Trade [b-d],-466.0,million USD,sbp_balance_of_trade,monthly
1999-10-31,Balance of Trade [b-d],-625.0,million USD,sbp_balance_of_trade,monthly
1999-11-30,Balance of Trade [b-d],-824.0,million USD,sbp_balance_of_trade,monthly
1999-12-31,Balance of Trade [b-d],-1019.0,million USD,sbp_balance_of_trade,monthly
2000-01-31,Balance of Trade [b-d],-1342.0,million USD,sbp_balance_of_trade,monthly
2000-02-29,Balance of Trade [b-d],-1475.0,million USD,sbp_balance_of_trade,monthly
2000-03-31,Balance of Trade [b-d],-1459.0,million USD,sbp_balance_of_trade,monthly
2000-04-30,Balance of Trade [b-d],-1537.0,million USD,sbp_balance_of_trade,monthly
2000-05-31,Balance of Trade [b-d],-1663.0,million USD,sbp_balance_of_trade,monthly
2000-06-30,Balance of Trade [b-d],-1411.0,million USD,sbp_balance_of_trade,monthly
2000-07-31,Balance of Trade [b-d],-213.0,million USD,sbp_balance_of_trade,monthly
2000-08-31,Balance of Trade [b-d],-375.0,million USD,sbp_balance_of_trade,monthly
2000-09-30,Balance of Trade [b-d],-568.0,million USD,sbp_balance_of_trade,monthly
2000-10-31,Balance of Trade [b-d],-626.0,million USD,sbp_balance_of_trade,monthly
2000-11-30,Balance of Trade [b-d],-799.0,million USD,sbp_balance_of_trade,monthly
2000-12-31,Balance of Trade [b-d],-765.0,million USD,sbp_balance_of_trade,monthly
2001-01-31,Balance of Trade [b-d],-1004.0,million USD,sbp_balance_of_trade,monthly
2001-02-28,Balance of Trade [b-d],-1047.0,million USD,sbp_balance_of_trade,monthly
2001-03-31,Balance of Trade [b-d],-1176.0,million USD,sbp_balance_of_trade,monthly
2001-04-30,Balance of Trade [b-d],-1212.0,million USD,sbp_balance_of_trade,monthly
2001-05-31,Balance of Trade [b-d],-1239.0,million USD,sbp_balance_of_trade,monthly
2001-06-30,Balance of Trade [b-d],-1268.0,million USD,sbp_balance_of_trade,monthly
2001-07-31,Balance of Trade [b-d],-103.0,million USD,sbp_balance_of_trade,monthly
2001-08-31,Balance of Trade [b-d],-172.0,million USD,sbp_balance_of_trade,monthly
2001-09-30,Balance of Trade [b-d],-209.0,million USD,sbp_balance_of_trade,monthly
2001-10-31,Balance of Trade [b-d],-104.0,million USD,sbp_balance_of_trade,monthly
2001-11-30,Balance of Trade [b-d],-48.0,million USD,sbp_balance_of_trade,monthly
2001-12-31,Balance of Trade [b-d],-107.0,million USD,sbp_balance_of_trade,monthly
2002-01-31,Balance of Trade [b-d],-176.0,million USD,sbp_balance_of_trade,monthly
2002-02-28,Balance of Trade [b-d],-225.0,million USD,sbp_balance_of_trade,monthly
2002-03-31,Balance of Trade [b-d],-203.0,million USD,sbp_balance_of_trade,monthly
2002-04-30,Balance of Trade [b-d],-166.0,million USD,sbp_balance_of_trade,monthly
2002-05-31,Balance of Trade [b-d],-215.0,million USD,sbp_balance_of_trade,monthly
2002-06-30,Balance of Trade [b-d],-294.0,million USD,sbp_balance_of_trade,monthly
2002-07-31,Balance of Trade [b-d],-148.0,million USD,sbp_balance_of_trade,monthly
2002-08-31,Balance of Trade [b-d],-227.0,million USD,sbp_balance_of_trade,monthly
2002-09-30,Balance of Trade [b-d],-146.0,million USD,sbp_balance_of_trade,monthly
2002-10-31,Balance of Trade [b-d],-200.0,million USD,sbp_balance_of_trade,monthly
2002-11-30,Balance of Trade [b-d],-246.0,million USD,sbp_balance_of_trade,monthly
2002-12-31,Balance of Trade [b-d],-449.0,million USD,sbp_balance_of_trade,monthly
2003-01-31,Balance of Trade [b-d],-480.0,million USD,sbp_balance_of_trade,monthly
2003-02-28,Balance of Trade [b-d],-455.0,million USD,sbp_balance_of_trade,monthly
2003-03-31,Balance of Trade [b-d],-587.0,million USD,sbp_balance_of_trade,monthly
2003-04-30,Balance of Trade [b-d],-584.0,million USD,sbp_balance_of_trade,monthly
2003-05-31,Balance of Trade [b-d],-515.0,million USD,sbp_balance_of_trade,monthly
2003-06-30,Balance of Trade [b-d],-444.0,million USD,sbp_balance_of_trade,monthly
2003-07-31,Balance of Trade [b-d],-30.999569000000065,million USD,sbp_balance_of_trade,monthly
2003-08-31,Balance of Trade [b-d],-19.999665640000103,million USD,sbp_balance_of_trade,monthly
2003-09-30,Balance of Trade [b-d],0.000334360000124434,million USD,sbp_balance_of_trade,monthly
2003-10-31,Balance of Trade [b-d],-25.999665639999876,million USD,sbp_balance_of_trade,monthly
2003-11-30,Balance of Trade [b-d],-16.999665639999876,million USD,sbp_balance_of_trade,monthly
2003-12-31,Balance of Trade [b-d],-148.99966563999988,million USD,sbp_balance_of_trade,monthly
2004-01-31,Balance of Trade [b-d],-187.99966563999988,million USD,sbp_balance_of_trade,monthly
2004-02-29,Balance of Trade [b-d],-506.9996656399999,million USD,sbp_balance_of_trade,monthly
2004-03-31,Balance of Trade [b-d],-644.9996656399999,million USD,sbp_balance_of_trade,monthly
2004-04-30,Balance of Trade [b-d],-761.9996656399999,million USD,sbp_balance_of_trade,monthly
2004-05-31,Balance of Trade [b-d],-945.9996656399999,million USD,sbp_balance_of_trade,monthly
2004-06-30,Balance of Trade [b-d],-1207.9996656399999,million USD,sbp_balance_of_trade,monthly
2004-07-31,Balance of Trade [b-d],-359.0936800000002,million USD,sbp_balance_of_trade,monthly
2004-08-31,Balance of Trade [b-d],-552.15668,million USD,sbp_balance_of_trade,monthly
2004-09-30,Balance of Trade [b-d],-782.15668,million USD,sbp_balance_of_trade,monthly
2004-10-31,Balance of Trade [b-d],-1274.8696799999998,million USD,sbp_balance_of_trade,monthly
2004-11-30,Balance of Trade [b-d],-1901.30368,million USD,sbp_balance_of_trade,monthly
2004-12-31,Balance of Trade [b-d],-2276.06668,million USD,sbp_balance_of_trade,monthly
2005-01-31,Balance of Trade [b-d],-2564.4676799999997,million USD,sbp_balance_of_trade,monthly
2005-02-28,Balance of Trade [b-d],-2988.1366799999996,million USD,sbp_balance_of_trade,monthly
2005-03-31,Balance of Trade [b-d],-3326.28068,million USD,sbp_balance_of_trade,monthly
2005-04-30,Balance of Trade [b-d],-3610.0996799999994,million USD,sbp_balance_of_trade,monthly
2005-05-31,Balance of Trade [b-d],-4168.835679999998,million USD,sbp_balance_of_trade,monthly
2005-06-30,Balance of Trade [b-d],-4514.707679999998,million USD,sbp_balance_of_trade,monthly
2005-07-31,Balance of Trade [b-d],-596.3727199999998,million USD,sbp_balance_of_trade,monthly
2005-08-31,Balance of Trade [b-d],-1302.4537999999998,million USD,sbp_balance_of_trade,monthly
2005-09-30,Balance of Trade [b-d],-2029.6932799999995,million USD,sbp_balance_of_trade,monthly
2005-10-31,Balance of Trade [b-d],-2742.3481599999996,million USD,sbp_balance_of_trade,monthly
2005-11-30,Balance of Trade [b-d],-3570.8813599999994,million USD,sbp_balance_of_trade,monthly
2005-12-31,Balance of Trade [b-d],-4040.7138400000003,million USD,sbp_balance_of_trade,monthly
2006-01-31,Balance of Trade [b-d],-4833.904640000001,million USD,sbp_balance_of_trade,monthly
2006-02-28,Balance of Trade [b-d],-5407.373160000001,million USD,sbp_balance_of_trade,monthly
2006-03-31,Balance of Trade [b-d],-6148.999640000002,million USD,sbp_balance_of_trade,monthly
2006-04-30,Balance of Trade [b-d],-6359.966680000003,million USD,sbp_balance_of_trade,monthly
2006-05-31,Balance of Trade [b-d],-7172.4284400000015,million USD,sbp_balance_of_trade,monthly
2006-06-30,Balance of Trade [b-d],-8321.024800000003,million USD,sbp_balance_of_trade,monthly
2006-07-31,Balance of Trade [b-d],-1050.5001200000002,million USD,sbp_balance_of_trade,monthly
2006-08-31,Balance of Trade [b-d],-1933.3344400000005,million USD,sbp_balance_of_trade,monthly
2006-09-30,Balance of Trade [b-d],-2713.9446399999997,million USD,sbp_balance_of_trade,monthly
2006-10-31,Balance of Trade [b-d],-3643.37004,million USD,sbp_balance_of_trade,monthly
2006-11-30,Balance of Trade [b-d],-4371.42668,million USD,sbp_balance_of_trade,monthly
2006-12-31,Balance of Trade [b-d],-5251.021000000001,million USD,sbp_balance_of_trade,monthly
2007-01-31,Balance of Trade [b-d],-6160.911720000002,million USD,sbp_balance_of_trade,monthly
2007-02-28,Balance of Trade [b-d],-6991.12900884,million USD,sbp_balance_of_trade,monthly
2007-03-31,Balance of Trade [b-d],-7523.09897712,million USD,sbp_balance_of_trade,monthly
2007-04-30,Balance of Trade [b-d],-8199.067097120002,million USD,sbp_balance_of_trade,monthly
2007-05-31,Balance of Trade [b-d],-8786.944177120002,million USD,sbp_balance_of_trade,monthly
2007-06-30,Balance of Trade [b-d],-9572.136645320003,million USD,sbp_balance_of_trade,monthly
2007-07-31,Balance of Trade [b-d],-870.7239746399998,million USD,sbp_balance_of_trade,monthly
2007-08-31,Balance of Trade [b-d],-1547.9450217599997,million USD,sbp_balance_of_trade,monthly
2007-09-30,Balance of Trade [b-d],-2290.1710134799996,million USD,sbp_balance_of_trade,monthly
2007-10-31,Balance of Trade [b-d],-3257.0165392,million USD,sbp_balance_of_trade,monthly
2007-11-30,Balance of Trade [b-d],-4660.269230680001,million USD,sbp_balance_of_trade,monthly
2007-12-31,Balance of Trade [b-d],-6100.43312048,million USD,sbp_balance_of_trade,monthly
2008-01-31,Balance of Trade [b-d],-7758.455814440002,million USD,sbp_balance_of_trade,monthly
2008-02-29,Balance of Trade [b-d],-9022.346025400002,million USD,sbp_balance_of_trade,monthly
2008-03-31,Balance of Trade [b-d],-10680.097934320003,million USD,sbp_balance_of_trade,monthly
2008-04-30,Balance of Trade [b-d],-12125.753253480005,million USD,sbp_balance_of_trade,monthly
2008-05-31,Balance of Trade [b-d],-13346.607995520004,million USD,sbp_balance_of_trade,monthly
2008-06-30,Balance of Trade [b-d],-14835.158673560003,million USD,sbp_balance_of_trade,monthly
2008-07-31,Balance of Trade [b-d],-1385.76519792,million USD,sbp_balance_of_trade,monthly
2008-08-31,Balance of Trade [b-d],-2772.404973,million USD,sbp_balance_of_trade,monthly
2008-09-30,Balance of Trade [b-d],-4506.65219084,million USD,sbp_balance_of_trade,monthly
2008-10-31,Balance of Trade [b-d],-6369.4874294,million USD,sbp_balance_of_trade,monthly
2008-11-30,Balance of Trade [b-d],-7019.91667844,million USD,sbp_balance_of_trade,monthly
2008-12-31,Balance of Trade [b-d],-8175.051239720002,million USD,sbp_balance_of_trade,monthly
2009-01-31,Balance of Trade [b-d],-9031.514508920003,million USD,sbp_balance_of_trade,monthly
2009-02-28,Balance of Trade [b-d],-9407.779531360002,million USD,sbp_balance_of_trade,monthly
2009-03-31,Balance of Trade [b-d],-10202.846857560002,million USD,sbp_balance_of_trade,monthly
2009-04-30,Balance of Trade [b-d],-11065.185099760003,million USD,sbp_balance_of_trade,monthly
2009-05-31,Balance of Trade [b-d],-11563.252454600002,million USD,sbp_balance_of_trade,monthly
2009-06-30,Balance of Trade [b-d],-12541.777598,million USD,sbp_balance_of_trade,monthly
2009-07-31,Balance of Trade [b-d],-1255.7863773600002,million USD,sbp_balance_of_trade,monthly
2009-08-31,Balance of Trade [b-d],-1968.1662705999997,million USD,sbp_balance_of_trade,monthly
2009-09-30,Balance of Trade [b-d],-2831.6772130399995,million USD,sbp_balance_of_trade,monthly
2009-10-31,Balance of Trade [b-d],-3947.384699039999,million USD,sbp_balance_of_trade,monthly
2009-11-30,Balance of Trade [b-d],-4698.14856736,million USD,sbp_balance_of_trade,monthly
2009-12-31,Balance of Trade [b-d],-5815.961181799999,million USD,sbp_balance_of_trade,monthly
2010-01-31,Balance of Trade [b-d],-6712.630941679998,million USD,sbp_balance_of_trade,monthly
2010-02-28,Balance of Trade [b-d],-7510.648954359998,million USD,sbp_balance_of_trade,monthly
2010-03-31,Balance of Trade [b-d],-8129.199305719998,million USD,sbp_balance_of_trade,monthly
2010-04-30,Balance of Trade [b-d],-9224.351229999997,million USD,sbp_balance_of_trade,monthly
2010-05-31,Balance of Trade [b-d],-10140.384183759994,million USD,sbp_balance_of_trade,monthly
2010-06-30,Balance of Trade [b-d],-11452.813943039997,million USD,sbp_balance_of_trade,monthly
2010-07-31,Balance of Trade [b-d],-1265.85444288,million USD,sbp_balance_of_trade,monthly
2010-08-31,Balance of Trade [b-d],-2372.04577652,million USD,sbp_balance_of_trade,monthly
2010-09-30,Balance of Trade [b-d],-2967.95365148,million USD,sbp_balance_of_trade,monthly
2010-10-31,Balance of Trade [b-d],-3739.9704468399996,million USD,sbp_balance_of_trade,monthly
2010-11-30,Balance of Trade [b-d],-4610.1187348799995,million USD,sbp_balance_of_trade,monthly
2010-12-31,Balance of Trade [b-d],-5725.4633036,million USD,sbp_balance_of_trade,monthly
2011-01-31,Balance of Trade [b-d],-6477.70850404,million USD,sbp_balance_of_trade,monthly
2011-02-28,Balance of Trade [b-d],-7290.800740680001,million USD,sbp_balance_of_trade,monthly
2011-03-31,Balance of Trade [b-d],-8101.904636960004,million USD,sbp_balance_of_trade,monthly
2011-04-30,Balance of Trade [b-d],-8434.937396320005,million USD,sbp_balance_of_trade,monthly
2011-05-31,Balance of Trade [b-d],-9546.103694120004,million USD,sbp_balance_of_trade,monthly
2011-06-30,Balance of Trade [b-d],-10427.285308960003,million USD,sbp_balance_of_trade,monthly
2011-07-31,Balance of Trade [b-d],-1033.5965157623596,million USD,sbp_balance_of_trade,monthly
2011-08-31,Balance of Trade [b-d],-2586.3534225447183,million USD,sbp_balance_of_trade,monthly
2011-09-30,Balance of Trade [b-d],-4212.823148107077,million USD,sbp_balance_of_trade,monthly
2011-10-31,Balance of Trade [b-d],-5472.977511433744,million USD,sbp_balance_of_trade,monthly
2011-11-30,Balance of Trade [b-d],-6744.832584220412,million USD,sbp_balance_of_trade,monthly
2011-12-31,Balance of Trade [b-d],-7964.61562570708,million USD,sbp_balance_of_trade,monthly
2012-01-31,Balance of Trade [b-d],-9356.973403600996,million USD,sbp_balance_of_trade,monthly
2012-02-29,Balance of Trade [b-d],-10914.807619344909,million USD,sbp_balance_of_trade,monthly
2012-03-31,Balance of Trade [b-d],-11756.404677018822,million USD,sbp_balance_of_trade,monthly
2012-04-30,Balance of Trade [b-d],-12776.335286568818,million USD,sbp_balance_of_trade,monthly
2012-05-31,Balance of Trade [b-d],-14049.060974868822,million USD,sbp_balance_of_trade,monthly
2012-06-30,Balance of Trade [b-d],-15651.43423528882,million USD,sbp_balance_of_trade,monthly
2012-07-31,Balance of Trade [b-d],-1425.5529209799868,million USD,sbp_balance_of_trade,monthly
2012-08-31,Balance of Trade [b-d],-2628.1092270062168,million USD,sbp_balance_of_trade,monthly
2012-09-30,Balance of Trade [b-d],-3625.0983366780256,million USD,sbp_balance_of_trade,monthly
2012-10-31,Balance of Trade [b-d],-5250.2088950307225,million USD,sbp_balance_of_trade,monthly
2012-11-30,Balance of Trade [b-d],-6648.097772995758,million USD,sbp_balance_of_trade,monthly
2012-12-31,Balance of Trade [b-d],-7906.0642530755085,million USD,sbp_balance_of_trade,monthly
2013-01-31,Balance of Trade [b-d],-9222.921892925044,million USD,sbp_balance_of_trade,monthly
2013-02-28,Balance of Trade [b-d],-10369.720569265097,million USD,sbp_balance_of_trade,monthly
2013-03-31,Balance of Trade [b-d],-11585.248626506505,million USD,sbp_balance_of_trade,monthly
2013-04-30,Balance of Trade [b-d],-12822.201253241736,million USD,sbp_balance_of_trade,monthly
2013-05-31,Balance of Trade [b-d],-14032.159425359117,million USD,sbp_balance_of_trade,monthly
2013-06-30,Balance of Trade [b-d],-15354.569968326952,million USD,sbp_balance_of_trade,monthly
2013-07-31,Balance of Trade [b-d],-1264.3323316386163,million USD,sbp_balance_of_trade,monthly
2013-08-31,Balance of Trade [b-d],-2723.5053670240295,million USD,sbp_balance_of_trade,monthly
2013-09-30,Balance of Trade [b-d],-4384.172659819369,million USD,sbp_balance_of_trade,monthly
2013-10-31,Balance of Trade [b-d],-5937.913767569642,million USD,sbp_balance_of_trade,monthly
2013-11-30,Balance of Trade [b-d],-7383.140948506647,million USD,sbp_balance_of_trade,monthly
2013-12-31,Balance of Trade [b-d],-8649.791140224526,million USD,sbp_balance_of_trade,monthly
2014-01-31,Balance of Trade [b-d],-10117.07480021347,million USD,sbp_balance_of_trade,monthly
2014-02-28,Balance of Trade [b-d],-11217.86103831347,million USD,sbp_balance_of_trade,monthly
2014-03-31,Balance of Trade [b-d],-12480.057586893472,million USD,sbp_balance_of_trade,monthly
2014-04-30,Balance of Trade [b-d],-13712.027781333472,million USD,sbp_balance_of_trade,monthly
2014-05-31,Balance of Trade [b-d],-15110.147357613474,million USD,sbp_balance_of_trade,monthly
2014-06-30,Balance of Trade [b-d],-16590.238554673473,million USD,sbp_balance_of_trade,monthly
2014-07-31,Balance of Trade [b-d],-2102.0002411999994,million USD,sbp_balance_of_trade,monthly
2014-08-31,Balance of Trade [b-d],-4153.999934259999,million USD,sbp_balance_of_trade,monthly
2014-09-30,Balance of Trade [b-d],-6085.000030819998,million USD,sbp_balance_of_trade,monthly
2014-10-31,Balance of Trade [b-d],-7566.996100019998,million USD,sbp_balance_of_trade,monthly
2014-11-30,Balance of Trade [b-d],-8805.992946319999,million USD,sbp_balance_of_trade,monthly
2014-12-31,Balance of Trade [b-d],-9957.993051579999,million USD,sbp_balance_of_trade,monthly
2015-01-31,Balance of Trade [b-d],-11008.994170479997,million USD,sbp_balance_of_trade,monthly
2015-02-28,Balance of Trade [b-d],-11954.994146579995,million USD,sbp_balance_of_trade,monthly
2015-03-31,Balance of Trade [b-d],-13199.994183119998,million USD,sbp_balance_of_trade,monthly
2015-04-30,Balance of Trade [b-d],-14177.994253800003,million USD,sbp_balance_of_trade,monthly
2015-05-31,Balance of Trade [b-d],-15767.997584260003,million USD,sbp_balance_of_trade,monthly
2015-06-30,Balance of Trade [b-d],-17266.997547960003,million USD,sbp_balance_of_trade,monthly
2015-07-31,Balance of Trade [b-d],-1836.9999919999996,million USD,sbp_balance_of_trade,monthly
2015-08-31,Balance of Trade [b-d],-3320.9999789999997,million USD,sbp_balance_of_trade,monthly
2015-09-30,Balance of Trade [b-d],-4756.999968,million USD,sbp_balance_of_trade,monthly
2015-10-31,Balance of Trade [b-d],-6232.999962,million USD,sbp_balance_of_trade,monthly
2015-11-30,Balance of Trade [b-d],-7644.999942,million USD,sbp_balance_of_trade,monthly
2015-12-31,Balance of Trade [b-d],-9798.999958,million USD,sbp_balance_of_trade,monthly
2016-01-31,Balance of Trade [b-d],-11463.999952,million USD,sbp_balance_of_trade,monthly
2016-02-29,Balance of Trade [b-d],-12685.999964999999,million USD,sbp_balance_of_trade,monthly
2016-03-31,Balance of Trade [b-d],-14017.999968,million USD,sbp_balance_of_trade,monthly
2016-04-30,Balance of Trade [b-d],-15367.999969,million USD,sbp_balance_of_trade,monthly
2016-05-31,Balance of Trade [b-d],-16986.003987,million USD,sbp_balance_of_trade,monthly
2016-06-30,Balance of Trade [b-d],-19146.003946,million USD,sbp_balance_of_trade,monthly
2016-07-31,Balance of Trade [b-d],-1611.000045,million USD,sbp_balance_of_trade,monthly
2016-08-31,Balance of Trade [b-d],-3670.0000419999997,million USD,sbp_balance_of_trade,monthly
2016-09-30,Balance of Trade [b-d],-5105.999927,million USD,sbp_balance_of_trade,monthly
2016-10-31,Balance of Trade [b-d],-6761.975475057234,million USD,sbp_balance_of_trade,monthly
2016-11-30,Balance of Trade [b-d],-8841.946357365594,million USD,sbp_balance_of_trade,monthly
2016-12-31,Balance of Trade [b-d],-11032.946378365594,million USD,sbp_balance_of_trade,monthly
2017-01-31,Balance of Trade [b-d],-13548.946414365593,million USD,sbp_balance_of_trade,monthly
2017-02-28,Balance of Trade [b-d],-15772.946428365593,million USD,sbp_balance_of_trade,monthly
2017-03-31,Balance of Trade [b-d],-18045.946413365597,million USD,sbp_balance_of_trade,monthly
2017-04-30,Balance of Trade [b-d],-20290.921440911272,million USD,sbp_balance_of_trade,monthly
2017-05-31,Balance of Trade [b-d],-22895.92140691127,million USD,sbp_balance_of_trade,monthly
2017-06-30,Balance of Trade [b-d],-25997.92139591127,million USD,sbp_balance_of_trade,monthly
2017-07-31,Balance of Trade [b-d],-2982.0,million USD,sbp_balance_of_trade,monthly
2017-08-31,Balance of Trade [b-d],-5422.0,million USD,sbp_balance_of_trade,monthly
2017-09-30,Balance of Trade [b-d],-7563.0,million USD,sbp_balance_of_trade,monthly
2017-10-31,Balance of Trade [b-d],-9998.0,million USD,sbp_balance_of_trade,monthly
2017-11-30,Balance of Trade [b-d],-12340.0,million USD,sbp_balance_of_trade,monthly
2017-12-31,Balance of Trade [b-d],-14629.0,million USD,sbp_balance_of_trade,monthly
2018-01-31,Balance of Trade [b-d],-17469.0,million USD,sbp_balance_of_trade,monthly
2018-02-28,Balance of Trade [b-d],-19672.0,million USD,sbp_balance_of_trade,monthly
2018-03-31,Balance of Trade [b-d],-22422.0,million USD,sbp_balance_of_trade,monthly
2018-04-30,Balance of Trade [b-d],-25033.0,million USD,sbp_balance_of_trade,monthly
2018-05-31,Balance of Trade [b-d],-27843.0,million USD,sbp_balance_of_trade,monthly
2018-06-30,Balance of Trade [b-d],-30902.964215723674,million USD,sbp_balance_of_trade,monthly
2018-07-31,Balance of Trade [b-d],-3277.034685079416,million USD,sbp_balance_of_trade,monthly
2018-08-31,Balance of Trade [b-d],-5808.04142191735,million USD,sbp_balance_of_trade,monthly
2018-09-30,Balance of Trade [b-d],-8011.081445021862,million USD,sbp_balance_of_trade,monthly
2018-10-31,Balance of Trade [b-d],-10630.112953384412,million USD,sbp_balance_of_trade,monthly
2018-11-30,Balance of Trade [b-d],-12874.097749808032,million USD,sbp_balance_of_trade,monthly
2018-12-31,Balance of Trade [b-d],-15637.081233229484,million USD,sbp_balance_of_trade,monthly
2019-01-31,Balance of Trade [b-d],-17648.116251609197,million USD,sbp_balance_of_trade,monthly
2019-02-28,Balance of Trade [b-d],-19180.11862096429,million USD,sbp_balance_of_trade,monthly
2019-03-31,Balance of Trade [b-d],-21261.13974245934,million USD,sbp_balance_of_trade,monthly
2019-04-30,Balance of Trade [b-d],-23312.064627404565,million USD,sbp_balance_of_trade,monthly
2019-05-31,Balance of Trade [b-d],-25373.07608905247,million USD,sbp_balance_of_trade,monthly
2019-06-30,Balance of Trade [b-d],-27612.04366526513,million USD,sbp_balance_of_trade,monthly
2019-07-31,Balance of Trade [b-d],-2005.0465249047934,million USD,sbp_balance_of_trade,monthly
2019-08-31,Balance of Trade [b-d],-3665.059837157438,million USD,sbp_balance_of_trade,monthly
2019-09-30,Balance of Trade [b-d],-5281.065485882008,million USD,sbp_balance_of_trade,monthly
2019-10-31,Balance of Trade [b-d],-6738.0389995712885,million USD,sbp_balance_of_trade,monthly
2019-11-30,Balance of Trade [b-d],-8387.084640901618,million USD,sbp_balance_of_trade,monthly
2019-12-31,Balance of Trade [b-d],-10906.076173527024,million USD,sbp_balance_of_trade,monthly
2020-01-31,Balance of Trade [b-d],-12781.123131948012,million USD,sbp_balance_of_trade,monthly
2020-02-29,Balance of Trade [b-d],-14366.146867280688,million USD,sbp_balance_of_trade,monthly
2020-03-31,Balance of Trade [b-d],-15855.10032253756,million USD,sbp_balance_of_trade,monthly
2020-04-30,Balance of Trade [b-d],-17576.08421756823,million USD,sbp_balance_of_trade,monthly
2020-05-31,Balance of Trade [b-d],-19122.040370930597,million USD,sbp_balance_of_trade,monthly
2020-06-30,Balance of Trade [b-d],-21109.040117443375,million USD,sbp_balance_of_trade,monthly
2020-07-31,Balance of Trade [b-d],-1647.0391497056603,million USD,sbp_balance_of_trade,monthly
2020-08-31,Balance of Trade [b-d],-3475.0192097568383,million USD,sbp_balance_of_trade,monthly
2020-09-30,Balance of Trade [b-d],-5348.973864661306,million USD,sbp_balance_of_trade,monthly
2020-10-31,Balance of Trade [b-d],-6936.949694214138,million USD,sbp_balance_of_trade,monthly
2020-11-30,Balance of Trade [b-d],-8921.95649656915,million USD,sbp_balance_of_trade,monthly
2020-12-31,Balance of Trade [b-d],-11968.92417375933,million USD,sbp_balance_of_trade,monthly
2021-01-31,Balance of Trade [b-d],-14280.943472319646,million USD,sbp_balance_of_trade,monthly
2021-02-28,Balance of Trade [b-d],-16573.02469704338,million USD,sbp_balance_of_trade,monthly
2021-03-31,Balance of Trade [b-d],-19348.966473589095,million USD,sbp_balance_of_trade,monthly
2021-04-30,Balance of Trade [b-d],-22019.970418551635,million USD,sbp_balance_of_trade,monthly
2021-05-31,Balance of Trade [b-d],-24823.94315725918,million USD,sbp_balance_of_trade,monthly
2021-06-30,Balance of Trade [b-d],-28633.946307977447,million USD,sbp_balance_of_trade,monthly
2021-07-31,Balance of Trade [b-d],-3043.9658310149525,million USD,sbp_balance_of_trade,monthly
2021-08-31,Balance of Trade [b-d],-6574.008235671859,million USD,sbp_balance_of_trade,monthly
2021-09-30,Balance of Trade [b-d],-9898.004657984842,million USD,sbp_balance_of_trade,monthly
2021-10-31,Balance of Trade [b-d],-13298.936245232502,million USD,sbp_balance_of_trade,monthly
2021-11-30,Balance of Trade [b-d],-16813.9841914485,million USD,sbp_balance_of_trade,monthly
2021-12-31,Balance of Trade [b-d],-20193.943827427116,million USD,sbp_balance_of_trade,monthly
2022-01-31,Balance of Trade [b-d],-23820.996845631526,million USD,sbp_balance_of_trade,monthly
2022-02-28,Balance of Trade [b-d],-25996.966166959264,million USD,sbp_balance_of_trade,monthly
2022-03-31,Balance of Trade [b-d],-29040.02319471993,million USD,sbp_balance_of_trade,monthly
2022-04-30,Balance of Trade [b-d],-31846.994557412458,million USD,sbp_balance_of_trade,monthly
2022-05-31,Balance of Trade [b-d],-34976.017278625215,million USD,sbp_balance_of_trade,monthly
2022-06-30,Balance of Trade [b-d],-39050.01652734332,million USD,sbp_balance_of_trade,monthly
2022-07-31,Balance of Trade [b-d],-3347.0007358226744,million USD,sbp_balance_of_trade,monthly
2022-08-31,Balance of Trade [b-d],-6619.9986426478445,million USD,sbp_balance_of_trade,monthly
2022-09-30,Balance of Trade [b-d],-9132.97864333812,million USD,sbp_balance_of_trade,monthly
2022-10-31,Balance of Trade [b-d],-11508.930717536155,million USD,sbp_balance_of_trade,monthly
2022-11-30,Balance of Trade [b-d],-13602.874651745418,million USD,sbp_balance_of_trade,monthly
2022-12-31,Balance of Trade [b-d],-15550.925972107818,million USD,sbp_balance_of_trade,monthly
2023-01-31,Balance of Trade [b-d],-17438.033566463888,million USD,sbp_balance_of_trade,monthly
2023-02-28,Balance of Trade [b-d],-19343.034613191587,million USD,sbp_balance_of_trade,monthly
2023-03-31,Balance of Trade [b-d],-21078.979304358763,million USD,sbp_balance_of_trade,monthly
2023-04-30,Balance of Trade [b-d],-22566.045532280572,million USD,sbp_balance_of_trade,monthly
2023-05-31,Balance of Trade [b-d],-23753.075639139985,million USD,sbp_balance_of_trade,monthly
2023-06-30,Balance of Trade [b-d],-24819.143074279636,million USD,sbp_balance_of_trade,monthly
2023-07-31,Balance of Trade [b-d],-2044.9690312013972,million USD,sbp_balance_of_trade,monthly
2023-08-31,Balance of Trade [b-d],-3851.94740088415,million USD,sbp_balance_of_trade,monthly
2023-09-30,Balance of Trade [b-d],-5342.021616819792,million USD,sbp_balance_of_trade,monthly
2023-10-31,Balance of Trade [b-d],-7002.97486330464,million USD,sbp_balance_of_trade,monthly
2023-11-30,Balance of Trade [b-d],-8842.969574585346,million USD,sbp_balance_of_trade,monthly
2023-12-31,Balance of Trade [b-d],-10259.940382285095,million USD,sbp_balance_of_trade,monthly
2024-01-31,Balance of Trade [b-d],-12265.92641477771,million USD,sbp_balance_of_trade,monthly
2024-02-29,Balance of Trade [b-d],-14114.970857716089,million USD,sbp_balance_of_trade,monthly
2024-03-31,Balance of Trade [b-d],-16164.900677453734,million USD,sbp_balance_of_trade,monthly
2024-04-30,Balance of Trade [b-d],-17974.847430816273,million USD,sbp_balance_of_trade,monthly
2024-05-31,Balance of Trade [b-d],-19981.892529622888,million USD,sbp_balance_of_trade,monthly
2024-06-30,Balance of Trade [b-d],-22176.858250810994,million USD,sbp_balance_of_trade,monthly
2024-07-31,Balance of Trade [b-d],-2484.9688732690306,million USD,sbp_balance_of_trade,monthly
2024-08-31,Balance of Trade [b-d],-4753.988681212981,million USD,sbp_balance_of_trade,monthly
2024-09-30,Balance of Trade [b-d],-6829.026603946668,million USD,sbp_balance_of_trade,monthly
2024-10-31,Balance of Trade [b-d],-8469.99100302395,million USD,sbp_balance_of_trade,monthly
2024-11-30,Balance of Trade [b-d],-9799.012290224167,million USD,sbp_balance_of_trade,monthly
2024-12-31,Balance of Trade [b-d],-11583.954061840817,million USD,sbp_balance_of_trade,monthly
2025-01-31,Balance of Trade [b-d],-14055.99549188869,million USD,sbp_balance_of_trade,monthly
2025-02-28,Balance of Trade [b-d],-16498.049555857433,million USD,sbp_balance_of_trade,monthly
2025-03-31,Balance of Trade [b-d],-18677.031650339035,million USD,sbp_balance_of_trade,monthly
2025-04-30,Balance of Trade [b-d],-21316.96958712149,million USD,sbp_balance_of_trade,monthly
2025-05-31,Balance of Trade [b-d],-24374.00776945276,million USD,sbp_balance_of_trade,monthly
2025-06-30,Balance of Trade [b-d],-26803.070898750728,million USD,sbp_balance_of_trade,monthly
2025-07-31,Balance of Trade [b-d],-2679.0225282285173,million USD,sbp_balance_of_trade,monthly
2025-08-31,Balance of Trade [b-d],-5211.092239822412,million USD,sbp_balance_of_trade,monthly
2025-09-30,Balance of Trade [b-d],-7642.098520434842,million USD,sbp_balance_of_trade,monthly
2025-10-31,Balance of Trade [b-d],-10405.717591989489,million USD,sbp_balance_of_trade,monthly
2025-11-30,Balance of Trade [b-d],-12858.733775526454,million USD,sbp_balance_of_trade,monthly
2025-12-31,Balance of Trade [b-d],-15865.707581256971,million USD,sbp_balance_of_trade,monthly
2026-01-31,Balance of Trade [b-d],-18455.723518119765,million USD,sbp_balance_of_trade,monthly
2026-02-28,Balance of Trade [b-d],-21088.716799821006,million USD,sbp_balance_of_trade,monthly
2026-03-31,Balance of Trade [b-d],-23417.680870569067,million USD,sbp_balance_of_trade,monthly
2026-04-30,Balance of Trade [b-d],-26787.680289890468,million USD,sbp_balance_of_trade,monthly
2026-05-31,Balance of Trade [b-d],-30070.497315741428,million USD,sbp_balance_of_trade,monthly
2026-06-30,Balance of Trade [b-d],-33622.49390974617,million USD,sbp_balance_of_trade,monthly
1970-07-31,Exports (BOP) Cumulative [b],48.76363248882615,million USD,sbp_balance_of_trade,monthly
1970-08-31,Exports (BOP) Cumulative [b],91.38566501519173,million USD,sbp_balance_of_trade,monthly
1970-09-30,Exports (BOP) Cumulative [b],144.24369747899158,million USD,sbp_balance_of_trade,monthly
1970-10-31,Exports (BOP) Cumulative [b],197.9670243442363,million USD,sbp_balance_of_trade,monthly
1970-11-30,Exports (BOP) Cumulative [b],245.78169427844733,million USD,sbp_balance_of_trade,monthly
1970-12-31,Exports (BOP) Cumulative [b],308.9285714285714,million USD,sbp_balance_of_trade,monthly
1971-01-31,Exports (BOP) Cumulative [b],370.009788272851,million USD,sbp_balance_of_trade,monthly
1971-02-28,Exports (BOP) Cumulative [b],430.40160086380916,million USD,sbp_balance_of_trade,monthly
1971-03-31,Exports (BOP) Cumulative [b],494.0336134453781,million USD,sbp_balance_of_trade,monthly
1971-04-30,Exports (BOP) Cumulative [b],550.9449326450261,million USD,sbp_balance_of_trade,monthly
1971-05-31,Exports (BOP) Cumulative [b],614.1623020977775,million USD,sbp_balance_of_trade,monthly
1971-06-30,Exports (BOP) Cumulative [b],683.4033613445378,million USD,sbp_balance_of_trade,monthly
1971-07-31,Exports (BOP) Cumulative [b],57.41963636363637,million USD,sbp_balance_of_trade,monthly
1971-08-31,Exports (BOP) Cumulative [b],112.41309090909093,million USD,sbp_balance_of_trade,monthly
1971-09-30,Exports (BOP) Cumulative [b],166.8,million USD,sbp_balance_of_trade,monthly
1971-10-31,Exports (BOP) Cumulative [b],205.68154812425735,million USD,sbp_balance_of_trade,monthly
1971-11-30,Exports (BOP) Cumulative [b],245.99256492955357,million USD,sbp_balance_of_trade,monthly
1971-12-31,Exports (BOP) Cumulative [b],287.1,million USD,sbp_balance_of_trade,monthly
1972-01-31,Exports (BOP) Cumulative [b],332.5933461909354,million USD,sbp_balance_of_trade,monthly
1972-02-29,Exports (BOP) Cumulative [b],398.2877745633773,million USD,sbp_balance_of_trade,monthly
1972-03-31,Exports (BOP) Cumulative [b],456.8,million USD,sbp_balance_of_trade,monthly
1972-04-30,Exports (BOP) Cumulative [b],521.0041321051605,million USD,sbp_balance_of_trade,monthly
1972-05-31,Exports (BOP) Cumulative [b],574.5404382899222,million USD,sbp_balance_of_trade,monthly
1972-06-30,Exports (BOP) Cumulative [b],624.9584599666052,million USD,sbp_balance_of_trade,monthly
1972-07-31,Exports (BOP) Cumulative [b],39.00830079537237,million USD,sbp_balance_of_trade,monthly
1972-08-31,Exports (BOP) Cumulative [b],87.86299086307761,million USD,sbp_balance_of_trade,monthly
1972-09-30,Exports (BOP) Cumulative [b],130.4363636363636,million USD,sbp_balance_of_trade,monthly
1972-10-31,Exports (BOP) Cumulative [b],174.3979527614894,million USD,sbp_balance_of_trade,monthly
1972-11-30,Exports (BOP) Cumulative [b],225.4722667659482,million USD,sbp_balance_of_trade,monthly
1972-12-31,Exports (BOP) Cumulative [b],294.1727272727273,million USD,sbp_balance_of_trade,monthly
1973-01-31,Exports (BOP) Cumulative [b],358.8969234064871,million USD,sbp_balance_of_trade,monthly
1973-02-28,Exports (BOP) Cumulative [b],423.3900601167189,million USD,sbp_balance_of_trade,monthly
1973-03-31,Exports (BOP) Cumulative [b],503.7012281881048,million USD,sbp_balance_of_trade,monthly
1973-04-30,Exports (BOP) Cumulative [b],582.8085726892167,million USD,sbp_balance_of_trade,monthly
1973-05-31,Exports (BOP) Cumulative [b],686.5486621734838,million USD,sbp_balance_of_trade,monthly
1973-06-30,Exports (BOP) Cumulative [b],766.1557736426503,million USD,sbp_balance_of_trade,monthly
1973-07-31,Exports (BOP) Cumulative [b],53.7060132722696,million USD,sbp_balance_of_trade,monthly
1973-08-31,Exports (BOP) Cumulative [b],144.88975406281702,million USD,sbp_balance_of_trade,monthly
1973-09-30,Exports (BOP) Cumulative [b],218.6464646464646,million USD,sbp_balance_of_trade,monthly
1973-10-31,Exports (BOP) Cumulative [b],275.77713450557417,million USD,sbp_balance_of_trade,monthly
1973-11-30,Exports (BOP) Cumulative [b],377.82594262666544,million USD,sbp_balance_of_trade,monthly
1973-12-31,Exports (BOP) Cumulative [b],463.22222222222223,million USD,sbp_balance_of_trade,monthly
1974-01-31,Exports (BOP) Cumulative [b],542.9937438244584,million USD,sbp_balance_of_trade,monthly
1974-02-28,Exports (BOP) Cumulative [b],614.7762777291414,million USD,sbp_balance_of_trade,monthly
1974-03-31,Exports (BOP) Cumulative [b],696.7373737373737,million USD,sbp_balance_of_trade,monthly
1974-04-30,Exports (BOP) Cumulative [b],770.267067474665,million USD,sbp_balance_of_trade,monthly
1974-05-31,Exports (BOP) Cumulative [b],920.0583101776252,million USD,sbp_balance_of_trade,monthly
1974-06-30,Exports (BOP) Cumulative [b],1019.6969696969696,million USD,sbp_balance_of_trade,monthly
1974-07-31,Exports (BOP) Cumulative [b],81.28655749269662,million USD,sbp_balance_of_trade,monthly
1974-08-31,Exports (BOP) Cumulative [b],188.4444802045478,million USD,sbp_balance_of_trade,monthly
1974-09-30,Exports (BOP) Cumulative [b],254.98989898989902,million USD,sbp_balance_of_trade,monthly
1974-10-31,Exports (BOP) Cumulative [b],311.74398186387367,million USD,sbp_balance_of_trade,monthly
1974-11-30,Exports (BOP) Cumulative [b],375.0389708021644,million USD,sbp_balance_of_trade,monthly
1974-12-31,Exports (BOP) Cumulative [b],460.55555555555566,million USD,sbp_balance_of_trade,monthly
1975-01-31,Exports (BOP) Cumulative [b],539.4000884361968,million USD,sbp_balance_of_trade,monthly
1975-02-28,Exports (BOP) Cumulative [b],615.6940688474607,million USD,sbp_balance_of_trade,monthly
1975-03-31,Exports (BOP) Cumulative [b],697.6363636363637,million USD,sbp_balance_of_trade,monthly
1975-04-30,Exports (BOP) Cumulative [b],785.8261569192615,million USD,sbp_balance_of_trade,monthly
1975-05-31,Exports (BOP) Cumulative [b],884.6615910187566,million USD,sbp_balance_of_trade,monthly
1975-06-30,Exports (BOP) Cumulative [b],977.5959595959596,million USD,sbp_balance_of_trade,monthly
1975-07-31,Exports (BOP) Cumulative [b],95.10828599063893,million USD,sbp_balance_of_trade,monthly
1975-08-31,Exports (BOP) Cumulative [b],195.42986425339367,million USD,sbp_balance_of_trade,monthly
1975-09-30,Exports (BOP) Cumulative [b],280.4545454545455,million USD,sbp_balance_of_trade,monthly
1975-10-31,Exports (BOP) Cumulative [b],350.3080782574198,million USD,sbp_balance_of_trade,monthly
1975-11-30,Exports (BOP) Cumulative [b],445.564687314464,million USD,sbp_balance_of_trade,monthly
1975-12-31,Exports (BOP) Cumulative [b],534.1010101010102,million USD,sbp_balance_of_trade,monthly
1976-01-31,Exports (BOP) Cumulative [b],639.4147094743578,million USD,sbp_balance_of_trade,monthly
1976-02-29,Exports (BOP) Cumulative [b],740.3342350212793,million USD,sbp_balance_of_trade,monthly
1976-03-31,Exports (BOP) Cumulative [b],843.3434343434345,million USD,sbp_balance_of_trade,monthly
1976-04-30,Exports (BOP) Cumulative [b],949.124911858824,million USD,sbp_balance_of_trade,monthly
1976-05-31,Exports (BOP) Cumulative [b],1051.1023665044745,million USD,sbp_balance_of_trade,monthly
1976-06-30,Exports (BOP) Cumulative [b],1162.0909090909092,million USD,sbp_balance_of_trade,monthly
1976-07-31,Exports (BOP) Cumulative [b],93.81065770732079,million USD,sbp_balance_of_trade,monthly
1976-08-31,Exports (BOP) Cumulative [b],179.67598482130236,million USD,sbp_balance_of_trade,monthly
1976-09-30,Exports (BOP) Cumulative [b],258.98989898989896,million USD,sbp_balance_of_trade,monthly
1976-10-31,Exports (BOP) Cumulative [b],349.73332111065827,million USD,sbp_balance_of_trade,monthly
1976-11-30,Exports (BOP) Cumulative [b],452.97804373140593,million USD,sbp_balance_of_trade,monthly
1976-12-31,Exports (BOP) Cumulative [b],537.1717171717171,million USD,sbp_balance_of_trade,monthly
1977-01-31,Exports (BOP) Cumulative [b],622.3042929292928,million USD,sbp_balance_of_trade,monthly
1977-02-28,Exports (BOP) Cumulative [b],712.7785569300601,million USD,sbp_balance_of_trade,monthly
1977-03-31,Exports (BOP) Cumulative [b],818.989898989899,million USD,sbp_balance_of_trade,monthly
1977-04-30,Exports (BOP) Cumulative [b],894.7715800393898,million USD,sbp_balance_of_trade,monthly
1977-05-31,Exports (BOP) Cumulative [b],1008.8909601584164,million USD,sbp_balance_of_trade,monthly
1977-06-30,Exports (BOP) Cumulative [b],1131.7171717171718,million USD,sbp_balance_of_trade,monthly
1977-07-31,Exports (BOP) Cumulative [b],66.81287629382888,million USD,sbp_balance_of_trade,monthly
1977-08-31,Exports (BOP) Cumulative [b],146.13396351820396,million USD,sbp_balance_of_trade,monthly
1977-09-30,Exports (BOP) Cumulative [b],231.8181818181818,million USD,sbp_balance_of_trade,monthly
1977-10-31,Exports (BOP) Cumulative [b],324.6438780981326,million USD,sbp_balance_of_trade,monthly
1977-11-30,Exports (BOP) Cumulative [b],413.08348893038146,million USD,sbp_balance_of_trade,monthly
1977-12-31,Exports (BOP) Cumulative [b],526.7676767676768,million USD,sbp_balance_of_trade,monthly
1978-01-31,Exports (BOP) Cumulative [b],658.8459456034318,million USD,sbp_balance_of_trade,monthly
1978-02-28,Exports (BOP) Cumulative [b],797.6311128859147,million USD,sbp_balance_of_trade,monthly
1978-03-31,Exports (BOP) Cumulative [b],975.1515151515152,million USD,sbp_balance_of_trade,monthly
1978-04-30,Exports (BOP) Cumulative [b],1153.4488770976845,million USD,sbp_balance_of_trade,monthly
1978-05-31,Exports (BOP) Cumulative [b],1322.401241818255,million USD,sbp_balance_of_trade,monthly
1978-06-30,Exports (BOP) Cumulative [b],1496.8686868686868,million USD,sbp_balance_of_trade,monthly
1978-07-31,Exports (BOP) Cumulative [b],89.09280243863188,million USD,sbp_balance_of_trade,monthly
1978-08-31,Exports (BOP) Cumulative [b],190.7530264637419,million USD,sbp_balance_of_trade,monthly
1978-09-30,Exports (BOP) Cumulative [b],285.75757575757575,million USD,sbp_balance_of_trade,monthly
1978-10-31,Exports (BOP) Cumulative [b],395.6748709400711,million USD,sbp_balance_of_trade,monthly
1978-11-30,Exports (BOP) Cumulative [b],509.5727178181755,million USD,sbp_balance_of_trade,monthly
1978-12-31,Exports (BOP) Cumulative [b],641.3131313131313,million USD,sbp_balance_of_trade,monthly
1979-01-31,Exports (BOP) Cumulative [b],799.1229165559629,million USD,sbp_balance_of_trade,monthly
1979-02-28,Exports (BOP) Cumulative [b],959.9730386118478,million USD,sbp_balance_of_trade,monthly
1979-03-31,Exports (BOP) Cumulative [b],1122.6262626262626,million USD,sbp_balance_of_trade,monthly
1979-04-30,Exports (BOP) Cumulative [b],1281.5873155672687,million USD,sbp_balance_of_trade,monthly
1979-05-31,Exports (BOP) Cumulative [b],1449.2656188896456,million USD,sbp_balance_of_trade,monthly
1979-06-30,Exports (BOP) Cumulative [b],1644.2424242424245,million USD,sbp_balance_of_trade,monthly
1979-07-31,Exports (BOP) Cumulative [b],127.62774776535308,million USD,sbp_balance_of_trade,monthly
1979-08-31,Exports (BOP) Cumulative [b],249.26427700332647,million USD,sbp_balance_of_trade,monthly
1979-09-30,Exports (BOP) Cumulative [b],407.17171717171715,million USD,sbp_balance_of_trade,monthly
1979-10-31,Exports (BOP) Cumulative [b],596.7766971472006,million USD,sbp_balance_of_trade,monthly
1979-11-30,Exports (BOP) Cumulative [b],758.7941621991286,million USD,sbp_balance_of_trade,monthly
1979-12-31,Exports (BOP) Cumulative [b],944.9494949494949,million USD,sbp_balance_of_trade,monthly
1980-01-31,Exports (BOP) Cumulative [b],1133.6795301920479,million USD,sbp_balance_of_trade,monthly
1980-02-29,Exports (BOP) Cumulative [b],1387.6039521334067,million USD,sbp_balance_of_trade,monthly
1980-03-31,Exports (BOP) Cumulative [b],1648.2828282828282,million USD,sbp_balance_of_trade,monthly
1980-04-30,Exports (BOP) Cumulative [b],1901.652019141349,million USD,sbp_balance_of_trade,monthly
1980-05-31,Exports (BOP) Cumulative [b],2112.761734272472,million USD,sbp_balance_of_trade,monthly
1980-06-30,Exports (BOP) Cumulative [b],2340.808080808081,million USD,sbp_balance_of_trade,monthly
1980-07-31,Exports (BOP) Cumulative [b],149.85247502326627,million USD,sbp_balance_of_trade,monthly
1980-08-31,Exports (BOP) Cumulative [b],311.0808933610142,million USD,sbp_balance_of_trade,monthly
1980-09-30,Exports (BOP) Cumulative [b],523.1313131313132,million USD,sbp_balance_of_trade,monthly
1980-10-31,Exports (BOP) Cumulative [b],695.0734364895209,million USD,sbp_balance_of_trade,monthly
1980-11-30,Exports (BOP) Cumulative [b],893.8210005372417,million USD,sbp_balance_of_trade,monthly
1980-12-31,Exports (BOP) Cumulative [b],1172.9292929292928,million USD,sbp_balance_of_trade,monthly
1981-01-31,Exports (BOP) Cumulative [b],1441.9863742055293,million USD,sbp_balance_of_trade,monthly
1981-02-28,Exports (BOP) Cumulative [b],1715.4248772226047,million USD,sbp_balance_of_trade,monthly
1981-03-31,Exports (BOP) Cumulative [b],2013.8383838383838,million USD,sbp_balance_of_trade,monthly
1981-04-30,Exports (BOP) Cumulative [b],2284.8387429870845,million USD,sbp_balance_of_trade,monthly
1981-05-31,Exports (BOP) Cumulative [b],2520.1097620737214,million USD,sbp_balance_of_trade,monthly
1981-06-30,Exports (BOP) Cumulative [b],2798.5858585858587,million USD,sbp_balance_of_trade,monthly
1981-07-31,Exports (BOP) Cumulative [b],176.5983599656502,million USD,sbp_balance_of_trade,monthly
1981-08-31,Exports (BOP) Cumulative [b],350.29948306925525,million USD,sbp_balance_of_trade,monthly
1981-09-30,Exports (BOP) Cumulative [b],552.7272727272727,million USD,sbp_balance_of_trade,monthly
1981-10-31,Exports (BOP) Cumulative [b],705.0598448932768,million USD,sbp_balance_of_trade,monthly
1981-11-30,Exports (BOP) Cumulative [b],882.2221203585741,million USD,sbp_balance_of_trade,monthly
1981-12-31,Exports (BOP) Cumulative [b],1091.4513143723932,million USD,sbp_balance_of_trade,monthly
1982-01-31,Exports (BOP) Cumulative [b],1261.4202543554109,million USD,sbp_balance_of_trade,monthly
1982-02-28,Exports (BOP) Cumulative [b],1397.0812958261788,million USD,sbp_balance_of_trade,monthly
1982-03-31,Exports (BOP) Cumulative [b],1602.1166243236246,million USD,sbp_balance_of_trade,monthly
1982-04-30,Exports (BOP) Cumulative [b],1797.3051493715725,million USD,sbp_balance_of_trade,monthly
1982-05-31,Exports (BOP) Cumulative [b],2039.031666284589,million USD,sbp_balance_of_trade,monthly
1982-06-30,Exports (BOP) Cumulative [b],2316.0680224707003,million USD,sbp_balance_of_trade,monthly
1982-07-31,Exports (BOP) Cumulative [b],159.78136358599548,million USD,sbp_balance_of_trade,monthly
1982-08-31,Exports (BOP) Cumulative [b],343.37437161033483,million USD,sbp_balance_of_trade,monthly
1982-09-30,Exports (BOP) Cumulative [b],520.0103019639349,million USD,sbp_balance_of_trade,monthly
1982-10-31,Exports (BOP) Cumulative [b],679.3753348382768,million USD,sbp_balance_of_trade,monthly
1982-11-30,Exports (BOP) Cumulative [b],876.6931967587533,million USD,sbp_balance_of_trade,monthly
1982-12-31,Exports (BOP) Cumulative [b],1111.085131360583,million USD,sbp_balance_of_trade,monthly
1983-01-31,Exports (BOP) Cumulative [b],1312.1116960089112,million USD,sbp_balance_of_trade,monthly
1983-02-28,Exports (BOP) Cumulative [b],1517.6873731763246,million USD,sbp_balance_of_trade,monthly
1983-03-31,Exports (BOP) Cumulative [b],1759.0990724791657,million USD,sbp_balance_of_trade,monthly
1983-04-30,Exports (BOP) Cumulative [b],2001.753818201605,million USD,sbp_balance_of_trade,monthly
1983-05-31,Exports (BOP) Cumulative [b],2289.4705850671407,million USD,sbp_balance_of_trade,monthly
1983-06-30,Exports (BOP) Cumulative [b],2626.552555491426,million USD,sbp_balance_of_trade,monthly
1983-07-31,Exports (BOP) Cumulative [b],203.7581304713159,million USD,sbp_balance_of_trade,monthly
1983-08-31,Exports (BOP) Cumulative [b],457.62917795474004,million USD,sbp_balance_of_trade,monthly
1983-09-30,Exports (BOP) Cumulative [b],665.0217115487955,million USD,sbp_balance_of_trade,monthly
1983-10-31,Exports (BOP) Cumulative [b],846.7886402914265,million USD,sbp_balance_of_trade,monthly
1983-11-30,Exports (BOP) Cumulative [b],1055.2550199217198,million USD,sbp_balance_of_trade,monthly
1983-12-31,Exports (BOP) Cumulative [b],1351.257741321342,million USD,sbp_balance_of_trade,monthly
1984-01-31,Exports (BOP) Cumulative [b],1550.8675604692958,million USD,sbp_balance_of_trade,monthly
1984-02-29,Exports (BOP) Cumulative [b],1744.7680945658635,million USD,sbp_balance_of_trade,monthly
1984-03-31,Exports (BOP) Cumulative [b],1938.7529717264406,million USD,sbp_balance_of_trade,monthly
1984-04-30,Exports (BOP) Cumulative [b],2169.7782914020663,million USD,sbp_balance_of_trade,monthly
1984-05-31,Exports (BOP) Cumulative [b],2390.835890599126,million USD,sbp_balance_of_trade,monthly
1984-06-30,Exports (BOP) Cumulative [b],2665.4083821714516,million USD,sbp_balance_of_trade,monthly
1984-07-31,Exports (BOP) Cumulative [b],163.44319776778903,million USD,sbp_balance_of_trade,monthly
1984-08-31,Exports (BOP) Cumulative [b],350.7472172547041,million USD,sbp_balance_of_trade,monthly
1984-09-30,Exports (BOP) Cumulative [b],502.86889199739426,million USD,sbp_balance_of_trade,monthly
1984-10-31,Exports (BOP) Cumulative [b],681.4099314105298,million USD,sbp_balance_of_trade,monthly
1984-11-30,Exports (BOP) Cumulative [b],886.1566668931517,million USD,sbp_balance_of_trade,monthly
1984-12-31,Exports (BOP) Cumulative [b],1162.4954723262952,million USD,sbp_balance_of_trade,monthly
1985-01-31,Exports (BOP) Cumulative [b],1399.57802784784,million USD,sbp_balance_of_trade,monthly
1985-02-28,Exports (BOP) Cumulative [b],1587.7509979821684,million USD,sbp_balance_of_trade,monthly
1985-03-31,Exports (BOP) Cumulative [b],1801.599511417254,million USD,sbp_balance_of_trade,monthly
1985-04-30,Exports (BOP) Cumulative [b],2010.8039527926792,million USD,sbp_balance_of_trade,monthly
1985-05-31,Exports (BOP) Cumulative [b],2220.526527907075,million USD,sbp_balance_of_trade,monthly
1985-06-30,Exports (BOP) Cumulative [b],2457.66788687505,million USD,sbp_balance_of_trade,monthly
1985-07-31,Exports (BOP) Cumulative [b],181.48003310013308,million USD,sbp_balance_of_trade,monthly
1985-08-31,Exports (BOP) Cumulative [b],378.44989265669017,million USD,sbp_balance_of_trade,monthly
1985-09-30,Exports (BOP) Cumulative [b],597.2749188577421,million USD,sbp_balance_of_trade,monthly
1985-10-31,Exports (BOP) Cumulative [b],834.6030723911663,million USD,sbp_balance_of_trade,monthly
1985-11-30,Exports (BOP) Cumulative [b],1075.3567369650664,million USD,sbp_balance_of_trade,monthly
1985-12-31,Exports (BOP) Cumulative [b],1351.9129817028347,million USD,sbp_balance_of_trade,monthly
1986-01-31,Exports (BOP) Cumulative [b],1608.7765502045118,million USD,sbp_balance_of_trade,monthly
1986-02-28,Exports (BOP) Cumulative [b],1844.3191018719456,million USD,sbp_balance_of_trade,monthly
1986-03-31,Exports (BOP) Cumulative [b],2127.7545609069775,million USD,sbp_balance_of_trade,monthly
1986-04-30,Exports (BOP) Cumulative [b],2409.5874366471025,million USD,sbp_balance_of_trade,monthly
1986-05-31,Exports (BOP) Cumulative [b],2671.2086876857875,million USD,sbp_balance_of_trade,monthly
1986-06-30,Exports (BOP) Cumulative [b],2942.9507154026915,million USD,sbp_balance_of_trade,monthly
1986-07-31,Exports (BOP) Cumulative [b],253.0245111327074,million USD,sbp_balance_of_trade,monthly
1986-08-31,Exports (BOP) Cumulative [b],490.3284936094361,million USD,sbp_balance_of_trade,monthly
1986-09-30,Exports (BOP) Cumulative [b],797.1578462086251,million USD,sbp_balance_of_trade,monthly
1986-10-31,Exports (BOP) Cumulative [b],1051.416927211928,million USD,sbp_balance_of_trade,monthly
1986-11-30,Exports (BOP) Cumulative [b],1287.9443939258624,million USD,sbp_balance_of_trade,monthly
1986-12-31,Exports (BOP) Cumulative [b],1597.6632648641298,million USD,sbp_balance_of_trade,monthly
1987-01-31,Exports (BOP) Cumulative [b],1882.4384242924116,million USD,sbp_balance_of_trade,monthly
1987-02-28,Exports (BOP) Cumulative [b],2146.2977483379423,million USD,sbp_balance_of_trade,monthly
1987-03-31,Exports (BOP) Cumulative [b],2476.12056305502,million USD,sbp_balance_of_trade,monthly
1987-04-30,Exports (BOP) Cumulative [b],2824.561022534992,million USD,sbp_balance_of_trade,monthly
1987-05-31,Exports (BOP) Cumulative [b],3133.127333155756,million USD,sbp_balance_of_trade,monthly
1987-06-30,Exports (BOP) Cumulative [b],3488.0857553548476,million USD,sbp_balance_of_trade,monthly
1987-07-31,Exports (BOP) Cumulative [b],288.61139844651683,million USD,sbp_balance_of_trade,monthly
1987-08-31,Exports (BOP) Cumulative [b],598.5148198378954,million USD,sbp_balance_of_trade,monthly
1987-09-30,Exports (BOP) Cumulative [b],966.9500491105368,million USD,sbp_balance_of_trade,monthly
1987-10-31,Exports (BOP) Cumulative [b],1294.3641908006443,million USD,sbp_balance_of_trade,monthly
1987-11-30,Exports (BOP) Cumulative [b],1615.9315457523007,million USD,sbp_balance_of_trade,monthly
1987-12-31,Exports (BOP) Cumulative [b],2039.9046356641798,million USD,sbp_balance_of_trade,monthly
1988-01-31,Exports (BOP) Cumulative [b],2424.7648128796336,million USD,sbp_balance_of_trade,monthly
1988-02-29,Exports (BOP) Cumulative [b],2809.0089684179975,million USD,sbp_balance_of_trade,monthly
1988-03-31,Exports (BOP) Cumulative [b],3218.9778538235205,million USD,sbp_balance_of_trade,monthly
1988-04-30,Exports (BOP) Cumulative [b],3507.7517225424767,million USD,sbp_balance_of_trade,monthly
1988-05-31,Exports (BOP) Cumulative [b],3873.6655790190885,million USD,sbp_balance_of_trade,monthly
1988-06-30,Exports (BOP) Cumulative [b],4361.320688626303,million USD,sbp_balance_of_trade,monthly
1988-07-31,Exports (BOP) Cumulative [b],254.4381693366079,million USD,sbp_balance_of_trade,monthly
1988-08-31,Exports (BOP) Cumulative [b],620.1576919225845,million USD,sbp_balance_of_trade,monthly
1988-09-30,Exports (BOP) Cumulative [b],972.5868903416197,million USD,sbp_balance_of_trade,monthly
1988-10-31,Exports (BOP) Cumulative [b],1317.0214226730043,million USD,sbp_balance_of_trade,monthly
1988-11-30,Exports (BOP) Cumulative [b],1634.960510098894,million USD,sbp_balance_of_trade,monthly
1988-12-31,Exports (BOP) Cumulative [b],2070.057703309199,million USD,sbp_balance_of_trade,monthly
1989-01-31,Exports (BOP) Cumulative [b],2484.00092132798,million USD,sbp_balance_of_trade,monthly
1989-02-28,Exports (BOP) Cumulative [b],2852.72647959178,million USD,sbp_balance_of_trade,monthly
1989-03-31,Exports (BOP) Cumulative [b],3322.7726662595546,million USD,sbp_balance_of_trade,monthly
1989-04-30,Exports (BOP) Cumulative [b],3718.890803905533,million USD,sbp_balance_of_trade,monthly
1989-05-31,Exports (BOP) Cumulative [b],4145.92699662618,million USD,sbp_balance_of_trade,monthly
1989-06-30,Exports (BOP) Cumulative [b],4628.090193070588,million USD,sbp_balance_of_trade,monthly
1989-07-31,Exports (BOP) Cumulative [b],292.1829072855195,million USD,sbp_balance_of_trade,monthly
1989-08-31,Exports (BOP) Cumulative [b],629.4751032899869,million USD,sbp_balance_of_trade,monthly
1989-09-30,Exports (BOP) Cumulative [b],1013.850538558572,million USD,sbp_balance_of_trade,monthly
1989-10-31,Exports (BOP) Cumulative [b],1352.6410461482815,million USD,sbp_balance_of_trade,monthly
1989-11-30,Exports (BOP) Cumulative [b],1751.612969948183,million USD,sbp_balance_of_trade,monthly
1989-12-31,Exports (BOP) Cumulative [b],2220.041797298803,million USD,sbp_balance_of_trade,monthly
1990-01-31,Exports (BOP) Cumulative [b],2660.9428015702892,million USD,sbp_balance_of_trade,monthly
1990-02-28,Exports (BOP) Cumulative [b],3077.927511152999,million USD,sbp_balance_of_trade,monthly
1990-03-31,Exports (BOP) Cumulative [b],3510.539452619355,million USD,sbp_balance_of_trade,monthly
1990-04-30,Exports (BOP) Cumulative [b],3924.6783739059647,million USD,sbp_balance_of_trade,monthly
1990-05-31,Exports (BOP) Cumulative [b],4344.516520944706,million USD,sbp_balance_of_trade,monthly
1990-06-30,Exports (BOP) Cumulative [b],4923.882409267163,million USD,sbp_balance_of_trade,monthly
1990-07-31,Exports (BOP) Cumulative [b],343.882246912801,million USD,sbp_balance_of_trade,monthly
1990-08-31,Exports (BOP) Cumulative [b],746.042618372178,million USD,sbp_balance_of_trade,monthly
1990-09-30,Exports (BOP) Cumulative [b],1214.369287985641,million USD,sbp_balance_of_trade,monthly
1990-10-31,Exports (BOP) Cumulative [b],1611.177201306859,million USD,sbp_balance_of_trade,monthly
1990-11-30,Exports (BOP) Cumulative [b],2098.882099942211,million USD,sbp_balance_of_trade,monthly
1990-12-31,Exports (BOP) Cumulative [b],2662.974041102637,million USD,sbp_balance_of_trade,monthly
1991-01-31,Exports (BOP) Cumulative [b],3172.282404665944,million USD,sbp_balance_of_trade,monthly
1991-02-28,Exports (BOP) Cumulative [b],3629.995351644422,million USD,sbp_balance_of_trade,monthly
1991-03-31,Exports (BOP) Cumulative [b],4154.120242616652,million USD,sbp_balance_of_trade,monthly
1991-04-30,Exports (BOP) Cumulative [b],4673.599888868337,million USD,sbp_balance_of_trade,monthly
1991-05-31,Exports (BOP) Cumulative [b],5228.372708092437,million USD,sbp_balance_of_trade,monthly
1991-06-30,Exports (BOP) Cumulative [b],5894.077053105337,million USD,sbp_balance_of_trade,monthly
1991-07-31,Exports (BOP) Cumulative [b],522.829117117055,million USD,sbp_balance_of_trade,monthly
1991-08-31,Exports (BOP) Cumulative [b],1115.019628730327,million USD,sbp_balance_of_trade,monthly
1991-09-30,Exports (BOP) Cumulative [b],1662.276962679056,million USD,sbp_balance_of_trade,monthly
1991-10-31,Exports (BOP) Cumulative [b],2130.924557000229,million USD,sbp_balance_of_trade,monthly
1991-11-30,Exports (BOP) Cumulative [b],2555.8679087385563,million USD,sbp_balance_of_trade,monthly
1991-12-31,Exports (BOP) Cumulative [b],3130.6270867648113,million USD,sbp_balance_of_trade,monthly
1992-01-31,Exports (BOP) Cumulative [b],3612.8310719769643,million USD,sbp_balance_of_trade,monthly
1992-02-29,Exports (BOP) Cumulative [b],4170.135316178364,million USD,sbp_balance_of_trade,monthly
1992-03-31,Exports (BOP) Cumulative [b],4827.910348358522,million USD,sbp_balance_of_trade,monthly
1992-04-30,Exports (BOP) Cumulative [b],5423.3287149862745,million USD,sbp_balance_of_trade,monthly
1992-05-31,Exports (BOP) Cumulative [b],6069.672895664501,million USD,sbp_balance_of_trade,monthly
1992-06-30,Exports (BOP) Cumulative [b],6761.44002826344,million USD,sbp_balance_of_trade,monthly
1992-07-31,Exports (BOP) Cumulative [b],419.643488014883,million USD,sbp_balance_of_trade,monthly
1992-08-31,Exports (BOP) Cumulative [b],935.150346032568,million USD,sbp_balance_of_trade,monthly
1992-09-30,Exports (BOP) Cumulative [b],1471.4383270731269,million USD,sbp_balance_of_trade,monthly
1992-10-31,Exports (BOP) Cumulative [b],2023.8846775639329,million USD,sbp_balance_of_trade,monthly
1992-11-30,Exports (BOP) Cumulative [b],2568.4096674283937,million USD,sbp_balance_of_trade,monthly
1992-12-31,Exports (BOP) Cumulative [b],3230.61160223213,million USD,sbp_balance_of_trade,monthly
1993-01-31,Exports (BOP) Cumulative [b],3748.9610073571657,million USD,sbp_balance_of_trade,monthly
1993-02-28,Exports (BOP) Cumulative [b],4261.578605895165,million USD,sbp_balance_of_trade,monthly
1993-03-31,Exports (BOP) Cumulative [b],4781.407581082482,million USD,sbp_balance_of_trade,monthly
1993-04-30,Exports (BOP) Cumulative [b],5433.535396025111,million USD,sbp_balance_of_trade,monthly
1993-05-31,Exports (BOP) Cumulative [b],6115.6894102625165,million USD,sbp_balance_of_trade,monthly
1993-06-30,Exports (BOP) Cumulative [b],6781.536916443709,million USD,sbp_balance_of_trade,monthly
1993-07-31,Exports (BOP) Cumulative [b],398.578254826967,million USD,sbp_balance_of_trade,monthly
1993-08-31,Exports (BOP) Cumulative [b],865.100141941454,million USD,sbp_balance_of_trade,monthly
1993-09-30,Exports (BOP) Cumulative [b],1331.940268361871,million USD,sbp_balance_of_trade,monthly
1993-10-31,Exports (BOP) Cumulative [b],1861.038029640552,million USD,sbp_balance_of_trade,monthly
1993-11-30,Exports (BOP) Cumulative [b],2435.581758541904,million USD,sbp_balance_of_trade,monthly
1993-12-31,Exports (BOP) Cumulative [b],3189.587003606722,million USD,sbp_balance_of_trade,monthly
1994-01-31,Exports (BOP) Cumulative [b],3738.272956926065,million USD,sbp_balance_of_trade,monthly
1994-02-28,Exports (BOP) Cumulative [b],4264.957079074805,million USD,sbp_balance_of_trade,monthly
1994-03-31,Exports (BOP) Cumulative [b],4794.997631707289,million USD,sbp_balance_of_trade,monthly
1994-04-30,Exports (BOP) Cumulative [b],5355.832952578261,million USD,sbp_balance_of_trade,monthly
1994-05-31,Exports (BOP) Cumulative [b],5959.327139759017,million USD,sbp_balance_of_trade,monthly
1994-06-30,Exports (BOP) Cumulative [b],6683.595073420331,million USD,sbp_balance_of_trade,monthly
1994-07-31,Exports (BOP) Cumulative [b],552.486367399726,million USD,sbp_balance_of_trade,monthly
1994-08-31,Exports (BOP) Cumulative [b],1111.485104047144,million USD,sbp_balance_of_trade,monthly
1994-09-30,Exports (BOP) Cumulative [b],1700.792028852085,million USD,sbp_balance_of_trade,monthly
1994-10-31,Exports (BOP) Cumulative [b],2281.0223520552972,million USD,sbp_balance_of_trade,monthly
1994-11-30,Exports (BOP) Cumulative [b],2876.161148240767,million USD,sbp_balance_of_trade,monthly
1994-12-31,Exports (BOP) Cumulative [b],3571.053948147894,million USD,sbp_balance_of_trade,monthly
1995-01-31,Exports (BOP) Cumulative [b],4234.25741079828,million USD,sbp_balance_of_trade,monthly
1995-02-28,Exports (BOP) Cumulative [b],4856.063457845835,million USD,sbp_balance_of_trade,monthly
1995-03-31,Exports (BOP) Cumulative [b],5566.900445522918,million USD,sbp_balance_of_trade,monthly
1995-04-30,Exports (BOP) Cumulative [b],6216.366657792772,million USD,sbp_balance_of_trade,monthly
1995-05-31,Exports (BOP) Cumulative [b],6915.7261273545555,million USD,sbp_balance_of_trade,monthly
1995-06-30,Exports (BOP) Cumulative [b],7776.163110300003,million USD,sbp_balance_of_trade,monthly
1995-07-31,Exports (BOP) Cumulative [b],581.0,million USD,sbp_balance_of_trade,monthly
1995-08-31,Exports (BOP) Cumulative [b],1264.0,million USD,sbp_balance_of_trade,monthly
1995-09-30,Exports (BOP) Cumulative [b],1865.0,million USD,sbp_balance_of_trade,monthly
1995-10-31,Exports (BOP) Cumulative [b],2504.0,million USD,sbp_balance_of_trade,monthly
1995-11-30,Exports (BOP) Cumulative [b],3139.0,million USD,sbp_balance_of_trade,monthly
1995-12-31,Exports (BOP) Cumulative [b],3918.0,million USD,sbp_balance_of_trade,monthly
1996-01-31,Exports (BOP) Cumulative [b],4664.0,million USD,sbp_balance_of_trade,monthly
1996-02-29,Exports (BOP) Cumulative [b],5302.0,million USD,sbp_balance_of_trade,monthly
1996-03-31,Exports (BOP) Cumulative [b],6128.0,million USD,sbp_balance_of_trade,monthly
1996-04-30,Exports (BOP) Cumulative [b],6846.0,million USD,sbp_balance_of_trade,monthly
1996-05-31,Exports (BOP) Cumulative [b],7508.0,million USD,sbp_balance_of_trade,monthly
1996-06-30,Exports (BOP) Cumulative [b],8311.0,million USD,sbp_balance_of_trade,monthly
1996-07-31,Exports (BOP) Cumulative [b],553.0,million USD,sbp_balance_of_trade,monthly
1996-08-31,Exports (BOP) Cumulative [b],1188.0,million USD,sbp_balance_of_trade,monthly
1996-09-30,Exports (BOP) Cumulative [b],1866.0,million USD,sbp_balance_of_trade,monthly
1996-10-31,Exports (BOP) Cumulative [b],2649.0,million USD,sbp_balance_of_trade,monthly
1996-11-30,Exports (BOP) Cumulative [b],3272.0,million USD,sbp_balance_of_trade,monthly
1996-12-31,Exports (BOP) Cumulative [b],4022.0,million USD,sbp_balance_of_trade,monthly
1997-01-31,Exports (BOP) Cumulative [b],4634.0,million USD,sbp_balance_of_trade,monthly
1997-02-28,Exports (BOP) Cumulative [b],5276.0,million USD,sbp_balance_of_trade,monthly
1997-03-31,Exports (BOP) Cumulative [b],6013.0,million USD,sbp_balance_of_trade,monthly
1997-04-30,Exports (BOP) Cumulative [b],6717.0,million USD,sbp_balance_of_trade,monthly
1997-05-31,Exports (BOP) Cumulative [b],7415.0,million USD,sbp_balance_of_trade,monthly
1997-06-30,Exports (BOP) Cumulative [b],8096.0,million USD,sbp_balance_of_trade,monthly
1997-07-31,Exports (BOP) Cumulative [b],704.0,million USD,sbp_balance_of_trade,monthly
1997-08-31,Exports (BOP) Cumulative [b],1383.0,million USD,sbp_balance_of_trade,monthly
1997-09-30,Exports (BOP) Cumulative [b],2048.0,million USD,sbp_balance_of_trade,monthly
1997-10-31,Exports (BOP) Cumulative [b],2789.0,million USD,sbp_balance_of_trade,monthly
1997-11-30,Exports (BOP) Cumulative [b],3477.0,million USD,sbp_balance_of_trade,monthly
1997-12-31,Exports (BOP) Cumulative [b],4215.0,million USD,sbp_balance_of_trade,monthly
1998-01-31,Exports (BOP) Cumulative [b],4840.0,million USD,sbp_balance_of_trade,monthly
1998-02-28,Exports (BOP) Cumulative [b],5556.0,million USD,sbp_balance_of_trade,monthly
1998-03-31,Exports (BOP) Cumulative [b],6295.0,million USD,sbp_balance_of_trade,monthly
1998-04-30,Exports (BOP) Cumulative [b],7035.0,million USD,sbp_balance_of_trade,monthly
1998-05-31,Exports (BOP) Cumulative [b],7705.0,million USD,sbp_balance_of_trade,monthly
1998-06-30,Exports (BOP) Cumulative [b],8434.0,million USD,sbp_balance_of_trade,monthly
1998-07-31,Exports (BOP) Cumulative [b],591.0,million USD,sbp_balance_of_trade,monthly
1998-08-31,Exports (BOP) Cumulative [b],1224.0,million USD,sbp_balance_of_trade,monthly
1998-09-30,Exports (BOP) Cumulative [b],1855.0,million USD,sbp_balance_of_trade,monthly
1998-10-31,Exports (BOP) Cumulative [b],2483.0,million USD,sbp_balance_of_trade,monthly
1998-11-30,Exports (BOP) Cumulative [b],3050.0,million USD,sbp_balance_of_trade,monthly
1998-12-31,Exports (BOP) Cumulative [b],3631.0,million USD,sbp_balance_of_trade,monthly
1999-01-31,Exports (BOP) Cumulative [b],4261.0,million USD,sbp_balance_of_trade,monthly
1999-02-28,Exports (BOP) Cumulative [b],4909.0,million USD,sbp_balance_of_trade,monthly
1999-03-31,Exports (BOP) Cumulative [b],5579.0,million USD,sbp_balance_of_trade,monthly
1999-04-30,Exports (BOP) Cumulative [b],6214.0,million USD,sbp_balance_of_trade,monthly
1999-05-31,Exports (BOP) Cumulative [b],6807.0,million USD,sbp_balance_of_trade,monthly
1999-06-30,Exports (BOP) Cumulative [b],7528.0,million USD,sbp_balance_of_trade,monthly
1999-07-31,Exports (BOP) Cumulative [b],607.0,million USD,sbp_balance_of_trade,monthly
1999-08-31,Exports (BOP) Cumulative [b],1190.0,million USD,sbp_balance_of_trade,monthly
1999-09-30,Exports (BOP) Cumulative [b],1798.0,million USD,sbp_balance_of_trade,monthly
1999-10-31,Exports (BOP) Cumulative [b],2418.0,million USD,sbp_balance_of_trade,monthly
1999-11-30,Exports (BOP) Cumulative [b],3045.0,million USD,sbp_balance_of_trade,monthly
1999-12-31,Exports (BOP) Cumulative [b],3776.0,million USD,sbp_balance_of_trade,monthly
2000-01-31,Exports (BOP) Cumulative [b],4393.0,million USD,sbp_balance_of_trade,monthly
2000-02-29,Exports (BOP) Cumulative [b],5080.0,million USD,sbp_balance_of_trade,monthly
2000-03-31,Exports (BOP) Cumulative [b],5771.0,million USD,sbp_balance_of_trade,monthly
2000-04-30,Exports (BOP) Cumulative [b],6416.0,million USD,sbp_balance_of_trade,monthly
2000-05-31,Exports (BOP) Cumulative [b],7106.0,million USD,sbp_balance_of_trade,monthly
2000-06-30,Exports (BOP) Cumulative [b],8191.0,million USD,sbp_balance_of_trade,monthly
2000-07-31,Exports (BOP) Cumulative [b],654.0,million USD,sbp_balance_of_trade,monthly
2000-08-31,Exports (BOP) Cumulative [b],1410.0,million USD,sbp_balance_of_trade,monthly
2000-09-30,Exports (BOP) Cumulative [b],2135.0,million USD,sbp_balance_of_trade,monthly
2000-10-31,Exports (BOP) Cumulative [b],2893.0,million USD,sbp_balance_of_trade,monthly
2000-11-30,Exports (BOP) Cumulative [b],3621.0,million USD,sbp_balance_of_trade,monthly
2000-12-31,Exports (BOP) Cumulative [b],4324.0,million USD,sbp_balance_of_trade,monthly
2001-01-31,Exports (BOP) Cumulative [b],5100.0,million USD,sbp_balance_of_trade,monthly
2001-02-28,Exports (BOP) Cumulative [b],5827.0,million USD,sbp_balance_of_trade,monthly
2001-03-31,Exports (BOP) Cumulative [b],6583.0,million USD,sbp_balance_of_trade,monthly
2001-04-30,Exports (BOP) Cumulative [b],7320.0,million USD,sbp_balance_of_trade,monthly
2001-05-31,Exports (BOP) Cumulative [b],8097.0,million USD,sbp_balance_of_trade,monthly
2001-06-30,Exports (BOP) Cumulative [b],8934.0,million USD,sbp_balance_of_trade,monthly
2001-07-31,Exports (BOP) Cumulative [b],675.0,million USD,sbp_balance_of_trade,monthly
2001-08-31,Exports (BOP) Cumulative [b],1456.0,million USD,sbp_balance_of_trade,monthly
2001-09-30,Exports (BOP) Cumulative [b],2203.0,million USD,sbp_balance_of_trade,monthly
2001-10-31,Exports (BOP) Cumulative [b],3065.0,million USD,sbp_balance_of_trade,monthly
2001-11-30,Exports (BOP) Cumulative [b],3856.0,million USD,sbp_balance_of_trade,monthly
2001-12-31,Exports (BOP) Cumulative [b],4521.0,million USD,sbp_balance_of_trade,monthly
2002-01-31,Exports (BOP) Cumulative [b],5248.0,million USD,sbp_balance_of_trade,monthly
2002-02-28,Exports (BOP) Cumulative [b],5920.0,million USD,sbp_balance_of_trade,monthly
2002-03-31,Exports (BOP) Cumulative [b],6658.0,million USD,sbp_balance_of_trade,monthly
2002-04-30,Exports (BOP) Cumulative [b],7481.0,million USD,sbp_balance_of_trade,monthly
2002-05-31,Exports (BOP) Cumulative [b],8266.0,million USD,sbp_balance_of_trade,monthly
2002-06-30,Exports (BOP) Cumulative [b],9140.0,million USD,sbp_balance_of_trade,monthly
2002-07-31,Exports (BOP) Cumulative [b],795.0,million USD,sbp_balance_of_trade,monthly
2002-08-31,Exports (BOP) Cumulative [b],1690.0,million USD,sbp_balance_of_trade,monthly
2002-09-30,Exports (BOP) Cumulative [b],2623.0,million USD,sbp_balance_of_trade,monthly
2002-10-31,Exports (BOP) Cumulative [b],3468.0,million USD,sbp_balance_of_trade,monthly
2002-11-30,Exports (BOP) Cumulative [b],4342.0,million USD,sbp_balance_of_trade,monthly
2002-12-31,Exports (BOP) Cumulative [b],5173.0,million USD,sbp_balance_of_trade,monthly
2003-01-31,Exports (BOP) Cumulative [b],6066.0,million USD,sbp_balance_of_trade,monthly
2003-02-28,Exports (BOP) Cumulative [b],6918.0,million USD,sbp_balance_of_trade,monthly
2003-03-31,Exports (BOP) Cumulative [b],7779.0,million USD,sbp_balance_of_trade,monthly
2003-04-30,Exports (BOP) Cumulative [b],8761.0,million USD,sbp_balance_of_trade,monthly
2003-05-31,Exports (BOP) Cumulative [b],9789.0,million USD,sbp_balance_of_trade,monthly
2003-06-30,Exports (BOP) Cumulative [b],10889.0,million USD,sbp_balance_of_trade,monthly
2003-07-31,Exports (BOP) Cumulative [b],989.0,million USD,sbp_balance_of_trade,monthly
2003-08-31,Exports (BOP) Cumulative [b],1930.0,million USD,sbp_balance_of_trade,monthly
2003-09-30,Exports (BOP) Cumulative [b],3014.0,million USD,sbp_balance_of_trade,monthly
2003-10-31,Exports (BOP) Cumulative [b],4045.0,million USD,sbp_balance_of_trade,monthly
2003-11-30,Exports (BOP) Cumulative [b],4930.0,million USD,sbp_balance_of_trade,monthly
2003-12-31,Exports (BOP) Cumulative [b],6069.0,million USD,sbp_balance_of_trade,monthly
2004-01-31,Exports (BOP) Cumulative [b],7198.0,million USD,sbp_balance_of_trade,monthly
2004-02-29,Exports (BOP) Cumulative [b],8091.0,million USD,sbp_balance_of_trade,monthly
2004-03-31,Exports (BOP) Cumulative [b],9175.0,million USD,sbp_balance_of_trade,monthly
2004-04-30,Exports (BOP) Cumulative [b],10288.0,million USD,sbp_balance_of_trade,monthly
2004-05-31,Exports (BOP) Cumulative [b],11270.0,million USD,sbp_balance_of_trade,monthly
2004-06-30,Exports (BOP) Cumulative [b],12396.0,million USD,sbp_balance_of_trade,monthly
2004-07-31,Exports (BOP) Cumulative [b],1081.0,million USD,sbp_balance_of_trade,monthly
2004-08-31,Exports (BOP) Cumulative [b],2198.937,million USD,sbp_balance_of_trade,monthly
2004-09-30,Exports (BOP) Cumulative [b],3392.937,million USD,sbp_balance_of_trade,monthly
2004-10-31,Exports (BOP) Cumulative [b],4516.224,million USD,sbp_balance_of_trade,monthly
2004-11-30,Exports (BOP) Cumulative [b],5634.79,million USD,sbp_balance_of_trade,monthly
2004-12-31,Exports (BOP) Cumulative [b],6946.027,million USD,sbp_balance_of_trade,monthly
2005-01-31,Exports (BOP) Cumulative [b],8084.626,million USD,sbp_balance_of_trade,monthly
2005-02-28,Exports (BOP) Cumulative [b],9251.957,million USD,sbp_balance_of_trade,monthly
2005-03-31,Exports (BOP) Cumulative [b],10696.813,million USD,sbp_balance_of_trade,monthly
2005-04-30,Exports (BOP) Cumulative [b],11920.994,million USD,sbp_balance_of_trade,monthly
2005-05-31,Exports (BOP) Cumulative [b],13103.258,million USD,sbp_balance_of_trade,monthly
2005-06-30,Exports (BOP) Cumulative [b],14481.386,million USD,sbp_balance_of_trade,monthly
2005-07-31,Exports (BOP) Cumulative [b],1170.737,million USD,sbp_balance_of_trade,monthly
2005-08-31,Exports (BOP) Cumulative [b],2538.668,million USD,sbp_balance_of_trade,monthly
2005-09-30,Exports (BOP) Cumulative [b],3869.577,million USD,sbp_balance_of_trade,monthly
2005-10-31,Exports (BOP) Cumulative [b],5201.741,million USD,sbp_balance_of_trade,monthly
2005-11-30,Exports (BOP) Cumulative [b],6421.937,million USD,sbp_balance_of_trade,monthly
2005-12-31,Exports (BOP) Cumulative [b],7903.23,million USD,sbp_balance_of_trade,monthly
2006-01-31,Exports (BOP) Cumulative [b],9172.642,million USD,sbp_balance_of_trade,monthly
2006-02-28,Exports (BOP) Cumulative [b],10478.348,million USD,sbp_balance_of_trade,monthly
2006-03-31,Exports (BOP) Cumulative [b],12033.749,million USD,sbp_balance_of_trade,monthly
2006-04-30,Exports (BOP) Cumulative [b],13496.811,million USD,sbp_balance_of_trade,monthly
2006-05-31,Exports (BOP) Cumulative [b],15036.563,million USD,sbp_balance_of_trade,monthly
2006-06-30,Exports (BOP) Cumulative [b],16571.833,million USD,sbp_balance_of_trade,monthly
2006-07-31,Exports (BOP) Cumulative [b],1357.388,million USD,sbp_balance_of_trade,monthly
2006-08-31,Exports (BOP) Cumulative [b],2776.4139999999998,million USD,sbp_balance_of_trade,monthly
2006-09-30,Exports (BOP) Cumulative [b],4191.93,million USD,sbp_balance_of_trade,monthly
2006-10-31,Exports (BOP) Cumulative [b],5459.981,million USD,sbp_balance_of_trade,monthly
2006-11-30,Exports (BOP) Cumulative [b],6885.746,million USD,sbp_balance_of_trade,monthly
2006-12-31,Exports (BOP) Cumulative [b],8397.069,million USD,sbp_balance_of_trade,monthly
2007-01-31,Exports (BOP) Cumulative [b],9586.252999999999,million USD,sbp_balance_of_trade,monthly
2007-02-28,Exports (BOP) Cumulative [b],10974.170736999999,million USD,sbp_balance_of_trade,monthly
2007-03-31,Exports (BOP) Cumulative [b],12545.081906,million USD,sbp_balance_of_trade,monthly
2007-04-30,Exports (BOP) Cumulative [b],14044.098906,million USD,sbp_balance_of_trade,monthly
2007-05-31,Exports (BOP) Cumulative [b],15660.123905999999,million USD,sbp_balance_of_trade,monthly
2007-06-30,Exports (BOP) Cumulative [b],17301.306461,million USD,sbp_balance_of_trade,monthly
2007-07-31,Exports (BOP) Cumulative [b],1528.2043970000002,million USD,sbp_balance_of_trade,monthly
2007-08-31,Exports (BOP) Cumulative [b],3106.718017,million USD,sbp_balance_of_trade,monthly
2007-09-30,Exports (BOP) Cumulative [b],4616.792719,million USD,sbp_balance_of_trade,monthly
2007-10-31,Exports (BOP) Cumulative [b],6243.3399389999995,million USD,sbp_balance_of_trade,monthly
2007-11-30,Exports (BOP) Cumulative [b],7788.364049999999,million USD,sbp_balance_of_trade,monthly
2007-12-31,Exports (BOP) Cumulative [b],9313.97085,million USD,sbp_balance_of_trade,monthly
2008-01-31,Exports (BOP) Cumulative [b],10973.642188,million USD,sbp_balance_of_trade,monthly
2008-02-29,Exports (BOP) Cumulative [b],12619.803956,million USD,sbp_balance_of_trade,monthly
2008-03-31,Exports (BOP) Cumulative [b],14482.021862,million USD,sbp_balance_of_trade,monthly
2008-04-30,Exports (BOP) Cumulative [b],16420.188116999998,million USD,sbp_balance_of_trade,monthly
2008-05-31,Exports (BOP) Cumulative [b],18436.669273,million USD,sbp_balance_of_trade,monthly
2008-06-30,Exports (BOP) Cumulative [b],20447.538593,million USD,sbp_balance_of_trade,monthly
2008-07-31,Exports (BOP) Cumulative [b],1980.640206,million USD,sbp_balance_of_trade,monthly
2008-08-31,Exports (BOP) Cumulative [b],3752.172567,million USD,sbp_balance_of_trade,monthly
2008-09-30,Exports (BOP) Cumulative [b],5712.044482,million USD,sbp_balance_of_trade,monthly
2008-10-31,Exports (BOP) Cumulative [b],7076.602298,million USD,sbp_balance_of_trade,monthly
2008-11-30,Exports (BOP) Cumulative [b],8651.13031,million USD,sbp_balance_of_trade,monthly
2008-12-31,Exports (BOP) Cumulative [b],10089.841338,million USD,sbp_balance_of_trade,monthly
2009-01-31,Exports (BOP) Cumulative [b],11371.674082,million USD,sbp_balance_of_trade,monthly
2009-02-28,Exports (BOP) Cumulative [b],12870.635709,million USD,sbp_balance_of_trade,monthly
2009-03-31,Exports (BOP) Cumulative [b],14324.552626,million USD,sbp_balance_of_trade,monthly
2009-04-30,Exports (BOP) Cumulative [b],15821.14881,million USD,sbp_balance_of_trade,monthly
2009-05-31,Exports (BOP) Cumulative [b],17317.470914,million USD,sbp_balance_of_trade,monthly
2009-06-30,Exports (BOP) Cumulative [b],19125.322169000003,million USD,sbp_balance_of_trade,monthly
2009-07-31,Exports (BOP) Cumulative [b],1559.128095,million USD,sbp_balance_of_trade,monthly
2009-08-31,Exports (BOP) Cumulative [b],3029.825935,million USD,sbp_balance_of_trade,monthly
2009-09-30,Exports (BOP) Cumulative [b],4636.180458,million USD,sbp_balance_of_trade,monthly
2009-10-31,Exports (BOP) Cumulative [b],6267.747042,million USD,sbp_balance_of_trade,monthly
2009-11-30,Exports (BOP) Cumulative [b],7701.2329549999995,million USD,sbp_balance_of_trade,monthly
2009-12-31,Exports (BOP) Cumulative [b],9319.890100999999,million USD,sbp_balance_of_trade,monthly
2010-01-31,Exports (BOP) Cumulative [b],10955.925285,million USD,sbp_balance_of_trade,monthly
2010-02-28,Exports (BOP) Cumulative [b],12499.191381999999,million USD,sbp_balance_of_trade,monthly
2010-03-31,Exports (BOP) Cumulative [b],14354.882797999999,million USD,sbp_balance_of_trade,monthly
2010-04-30,Exports (BOP) Cumulative [b],16174.030438999998,million USD,sbp_balance_of_trade,monthly
2010-05-31,Exports (BOP) Cumulative [b],17890.814636,million USD,sbp_balance_of_trade,monthly
2010-06-30,Exports (BOP) Cumulative [b],19680.137135999998,million USD,sbp_balance_of_trade,monthly
2010-07-31,Exports (BOP) Cumulative [b],1654.2206879999999,million USD,sbp_balance_of_trade,monthly
2010-08-31,Exports (BOP) Cumulative [b],3472.8853499999996,million USD,sbp_balance_of_trade,monthly
2010-09-30,Exports (BOP) Cumulative [b],5268.933663,million USD,sbp_balance_of_trade,monthly
2010-10-31,Exports (BOP) Cumulative [b],7109.819437,million USD,sbp_balance_of_trade,monthly
2010-11-30,Exports (BOP) Cumulative [b],9044.716946,million USD,sbp_balance_of_trade,monthly
2010-12-31,Exports (BOP) Cumulative [b],11120.40587,million USD,sbp_balance_of_trade,monthly
2011-01-31,Exports (BOP) Cumulative [b],13159.054597,million USD,sbp_balance_of_trade,monthly
2011-02-28,Exports (BOP) Cumulative [b],15419.547299,million USD,sbp_balance_of_trade,monthly
2011-03-31,Exports (BOP) Cumulative [b],17896.424396,million USD,sbp_balance_of_trade,monthly
2011-04-30,Exports (BOP) Cumulative [b],20467.142895999998,million USD,sbp_balance_of_trade,monthly
2011-05-31,Exports (BOP) Cumulative [b],22706.392988,million USD,sbp_balance_of_trade,monthly
2011-06-30,Exports (BOP) Cumulative [b],25368.552762,million USD,sbp_balance_of_trade,monthly
2011-07-31,Exports (BOP) Cumulative [b],2138.448884537641,million USD,sbp_balance_of_trade,monthly
2011-08-31,Exports (BOP) Cumulative [b],4258.742690075282,million USD,sbp_balance_of_trade,monthly
2011-09-30,Exports (BOP) Cumulative [b],6153.808967612923,million USD,sbp_balance_of_trade,monthly
2011-10-31,Exports (BOP) Cumulative [b],8123.248909612923,million USD,sbp_balance_of_trade,monthly
2011-11-30,Exports (BOP) Cumulative [b],10023.425395612923,million USD,sbp_balance_of_trade,monthly
2011-12-31,Exports (BOP) Cumulative [b],12079.547017612924,million USD,sbp_balance_of_trade,monthly
2012-01-31,Exports (BOP) Cumulative [b],14053.290981412343,million USD,sbp_balance_of_trade,monthly
2012-02-29,Exports (BOP) Cumulative [b],16207.236472211764,million USD,sbp_balance_of_trade,monthly
2012-03-31,Exports (BOP) Cumulative [b],18349.715143011184,million USD,sbp_balance_of_trade,monthly
2012-04-30,Exports (BOP) Cumulative [b],20488.07274467785,million USD,sbp_balance_of_trade,monthly
2012-05-31,Exports (BOP) Cumulative [b],22667.390666344516,million USD,sbp_balance_of_trade,monthly
2012-06-30,Exports (BOP) Cumulative [b],24718.110106011183,million USD,sbp_balance_of_trade,monthly
2012-07-31,Exports (BOP) Cumulative [b],2020.2307270793492,million USD,sbp_balance_of_trade,monthly
2012-08-31,Exports (BOP) Cumulative [b],4049.8041460618383,million USD,sbp_balance_of_trade,monthly
2012-09-30,Exports (BOP) Cumulative [b],6150.674044169809,million USD,sbp_balance_of_trade,monthly
2012-10-31,Exports (BOP) Cumulative [b],8267.884389125142,million USD,sbp_balance_of_trade,monthly
2012-11-30,Exports (BOP) Cumulative [b],10294.793146269922,million USD,sbp_balance_of_trade,monthly
2012-12-31,Exports (BOP) Cumulative [b],12153.897977085335,million USD,sbp_balance_of_trade,monthly
2013-01-31,Exports (BOP) Cumulative [b],14239.12624896009,million USD,sbp_balance_of_trade,monthly
2013-02-28,Exports (BOP) Cumulative [b],16169.288296342736,million USD,sbp_balance_of_trade,monthly
2013-03-31,Exports (BOP) Cumulative [b],18346.110475241327,million USD,sbp_balance_of_trade,monthly
2013-04-30,Exports (BOP) Cumulative [b],20550.167359066094,million USD,sbp_balance_of_trade,monthly
2013-05-31,Exports (BOP) Cumulative [b],22808.036102708713,million USD,sbp_balance_of_trade,monthly
2013-06-30,Exports (BOP) Cumulative [b],24802.32251794088,million USD,sbp_balance_of_trade,monthly
2013-07-31,Exports (BOP) Cumulative [b],2193.8180271235433,million USD,sbp_balance_of_trade,monthly
2013-08-31,Exports (BOP) Cumulative [b],4202.582108654837,million USD,sbp_balance_of_trade,monthly
2013-09-30,Exports (BOP) Cumulative [b],6256.943477579673,million USD,sbp_balance_of_trade,monthly
2013-10-31,Exports (BOP) Cumulative [b],8320.107701837824,million USD,sbp_balance_of_trade,monthly
2013-11-30,Exports (BOP) Cumulative [b],10139.800446154048,million USD,sbp_balance_of_trade,monthly
2013-12-31,Exports (BOP) Cumulative [b],12467.02886388265,million USD,sbp_balance_of_trade,monthly
2014-01-31,Exports (BOP) Cumulative [b],14595.880088613192,million USD,sbp_balance_of_trade,monthly
2014-02-28,Exports (BOP) Cumulative [b],16654.126946613193,million USD,sbp_balance_of_trade,monthly
2014-03-31,Exports (BOP) Cumulative [b],18745.87876861319,million USD,sbp_balance_of_trade,monthly
2014-04-30,Exports (BOP) Cumulative [b],20842.97794361319,million USD,sbp_balance_of_trade,monthly
2014-05-31,Exports (BOP) Cumulative [b],22975.82427961319,million USD,sbp_balance_of_trade,monthly
2014-06-30,Exports (BOP) Cumulative [b],25077.89419861319,million USD,sbp_balance_of_trade,monthly
2014-07-31,Exports (BOP) Cumulative [b],1918.999975,million USD,sbp_balance_of_trade,monthly
2014-08-31,Exports (BOP) Cumulative [b],3798.9999519999997,million USD,sbp_balance_of_trade,monthly
2014-09-30,Exports (BOP) Cumulative [b],5959.999925,million USD,sbp_balance_of_trade,monthly
2014-10-31,Exports (BOP) Cumulative [b],8047.999888999999,million USD,sbp_balance_of_trade,monthly
2014-11-30,Exports (BOP) Cumulative [b],9909.000264999999,million USD,sbp_balance_of_trade,monthly
2014-12-31,Exports (BOP) Cumulative [b],12166.000280999999,million USD,sbp_balance_of_trade,monthly
2015-01-31,Exports (BOP) Cumulative [b],14130.000275999999,million USD,sbp_balance_of_trade,monthly
2015-02-28,Exports (BOP) Cumulative [b],15983.000313999999,million USD,sbp_balance_of_trade,monthly
2015-03-31,Exports (BOP) Cumulative [b],18032.000315999998,million USD,sbp_balance_of_trade,monthly
2015-04-30,Exports (BOP) Cumulative [b],20099.000265999995,million USD,sbp_balance_of_trade,monthly
2015-05-31,Exports (BOP) Cumulative [b],21978.996896999997,million USD,sbp_balance_of_trade,monthly
2015-06-30,Exports (BOP) Cumulative [b],24089.996937999997,million USD,sbp_balance_of_trade,monthly
2015-07-31,Exports (BOP) Cumulative [b],1759.0000080000004,million USD,sbp_balance_of_trade,monthly
2015-08-31,Exports (BOP) Cumulative [b],3497.0000210000003,million USD,sbp_balance_of_trade,monthly
2015-09-30,Exports (BOP) Cumulative [b],5318.000032,million USD,sbp_balance_of_trade,monthly
2015-10-31,Exports (BOP) Cumulative [b],7096.000038,million USD,sbp_balance_of_trade,monthly
2015-11-30,Exports (BOP) Cumulative [b],8836.000058,million USD,sbp_balance_of_trade,monthly
2015-12-31,Exports (BOP) Cumulative [b],10783.000042,million USD,sbp_balance_of_trade,monthly
2016-01-31,Exports (BOP) Cumulative [b],12475.000048,million USD,sbp_balance_of_trade,monthly
2016-02-29,Exports (BOP) Cumulative [b],14339.000035000001,million USD,sbp_balance_of_trade,monthly
2016-03-31,Exports (BOP) Cumulative [b],16328.000032,million USD,sbp_balance_of_trade,monthly
2016-04-30,Exports (BOP) Cumulative [b],18146.000031,million USD,sbp_balance_of_trade,monthly
2016-05-31,Exports (BOP) Cumulative [b],20104.996013,million USD,sbp_balance_of_trade,monthly
2016-06-30,Exports (BOP) Cumulative [b],21971.996054,million USD,sbp_balance_of_trade,monthly
2016-07-31,Exports (BOP) Cumulative [b],1507.999955,million USD,sbp_balance_of_trade,monthly
2016-08-31,Exports (BOP) Cumulative [b],3364.9999580000003,million USD,sbp_balance_of_trade,monthly
2016-09-30,Exports (BOP) Cumulative [b],5054.000073,million USD,sbp_balance_of_trade,monthly
2016-10-31,Exports (BOP) Cumulative [b],6880.024524942766,million USD,sbp_balance_of_trade,monthly
2016-11-30,Exports (BOP) Cumulative [b],8740.024568942767,million USD,sbp_balance_of_trade,monthly
2016-12-31,Exports (BOP) Cumulative [b],10631.024547942767,million USD,sbp_balance_of_trade,monthly
2017-01-31,Exports (BOP) Cumulative [b],12442.024511942767,million USD,sbp_balance_of_trade,monthly
2017-02-28,Exports (BOP) Cumulative [b],14239.024497942768,million USD,sbp_balance_of_trade,monthly
2017-03-31,Exports (BOP) Cumulative [b],16314.024512942768,million USD,sbp_balance_of_trade,monthly
2017-04-30,Exports (BOP) Cumulative [b],18141.049485397092,million USD,sbp_balance_of_trade,monthly
2017-05-31,Exports (BOP) Cumulative [b],20119.049519397093,million USD,sbp_balance_of_trade,monthly
2017-06-30,Exports (BOP) Cumulative [b],22003.049530397093,million USD,sbp_balance_of_trade,monthly
2017-07-31,Exports (BOP) Cumulative [b],1817.0,million USD,sbp_balance_of_trade,monthly
2017-08-31,Exports (BOP) Cumulative [b],3907.0,million USD,sbp_balance_of_trade,monthly
2017-09-30,Exports (BOP) Cumulative [b],5650.0,million USD,sbp_balance_of_trade,monthly
2017-10-31,Exports (BOP) Cumulative [b],7610.0,million USD,sbp_balance_of_trade,monthly
2017-11-30,Exports (BOP) Cumulative [b],9783.0,million USD,sbp_balance_of_trade,monthly
2017-12-31,Exports (BOP) Cumulative [b],11791.0,million USD,sbp_balance_of_trade,monthly
2018-01-31,Exports (BOP) Cumulative [b],13881.0,million USD,sbp_balance_of_trade,monthly
2018-02-28,Exports (BOP) Cumulative [b],15938.0,million USD,sbp_balance_of_trade,monthly
2018-03-31,Exports (BOP) Cumulative [b],18254.0,million USD,sbp_balance_of_trade,monthly
2018-04-30,Exports (BOP) Cumulative [b],20489.0,million USD,sbp_balance_of_trade,monthly
2018-05-31,Exports (BOP) Cumulative [b],22754.0,million USD,sbp_balance_of_trade,monthly
2018-06-30,Exports (BOP) Cumulative [b],24768.0,million USD,sbp_balance_of_trade,monthly
2018-07-31,Exports (BOP) Cumulative [b],2012.9800553331522,million USD,sbp_balance_of_trade,monthly
2018-08-31,Exports (BOP) Cumulative [b],4088.0221161477066,million USD,sbp_balance_of_trade,monthly
2018-09-30,Exports (BOP) Cumulative [b],5893.022312100109,million USD,sbp_balance_of_trade,monthly
2018-10-31,Exports (BOP) Cumulative [b],7954.012942116869,million USD,sbp_balance_of_trade,monthly
2018-11-30,Exports (BOP) Cumulative [b],9852.026460735273,million USD,sbp_balance_of_trade,monthly
2018-12-31,Exports (BOP) Cumulative [b],11865.01011220257,million USD,sbp_balance_of_trade,monthly
2019-01-31,Exports (BOP) Cumulative [b],14138.963996640061,million USD,sbp_balance_of_trade,monthly
2019-02-28,Exports (BOP) Cumulative [b],16013.915088605534,million USD,sbp_balance_of_trade,monthly
2019-03-31,Exports (BOP) Cumulative [b],18050.900820927123,million USD,sbp_balance_of_trade,monthly
2019-04-30,Exports (BOP) Cumulative [b],20134.938549815328,million USD,sbp_balance_of_trade,monthly
2019-05-31,Exports (BOP) Cumulative [b],22457.958253421566,million USD,sbp_balance_of_trade,monthly
2019-06-30,Exports (BOP) Cumulative [b],24256.973067732728,million USD,sbp_balance_of_trade,monthly
2019-07-31,Exports (BOP) Cumulative [b],2216.9897747748596,million USD,sbp_balance_of_trade,monthly
2019-08-31,Exports (BOP) Cumulative [b],4112.9980217554385,million USD,sbp_balance_of_trade,monthly
2019-09-30,Exports (BOP) Cumulative [b],5993.996082507933,million USD,sbp_balance_of_trade,monthly
2019-10-31,Exports (BOP) Cumulative [b],8185.005401451617,million USD,sbp_balance_of_trade,monthly
2019-11-30,Exports (BOP) Cumulative [b],10297.97702072359,million USD,sbp_balance_of_trade,monthly
2019-12-31,Exports (BOP) Cumulative [b],12407.951890872911,million USD,sbp_balance_of_trade,monthly
2020-01-31,Exports (BOP) Cumulative [b],14463.912101309581,million USD,sbp_balance_of_trade,monthly
2020-02-29,Exports (BOP) Cumulative [b],16459.92819619837,million USD,sbp_balance_of_trade,monthly
2020-03-31,Exports (BOP) Cumulative [b],18280.949544533454,million USD,sbp_balance_of_trade,monthly
2020-04-30,Exports (BOP) Cumulative [b],19703.997679817552,million USD,sbp_balance_of_trade,monthly
2020-05-31,Exports (BOP) Cumulative [b],20963.04222925289,million USD,sbp_balance_of_trade,monthly
2020-06-30,Exports (BOP) Cumulative [b],22536.059540358114,million USD,sbp_balance_of_trade,monthly
2020-07-31,Exports (BOP) Cumulative [b],1887.0060528145673,million USD,sbp_balance_of_trade,monthly
2020-08-31,Exports (BOP) Cumulative [b],3401.984065609225,million USD,sbp_balance_of_trade,monthly
2020-09-30,Exports (BOP) Cumulative [b],5349.028065609225,million USD,sbp_balance_of_trade,monthly
2020-10-31,Exports (BOP) Cumulative [b],7318.019296609225,million USD,sbp_balance_of_trade,monthly
2020-11-30,Exports (BOP) Cumulative [b],9558.029934435603,million USD,sbp_balance_of_trade,monthly
2020-12-31,Exports (BOP) Cumulative [b],11813.063806624508,million USD,sbp_balance_of_trade,monthly
2021-01-31,Exports (BOP) Cumulative [b],13913.044032624508,million USD,sbp_balance_of_trade,monthly
2021-02-28,Exports (BOP) Cumulative [b],16097.002543253473,million USD,sbp_balance_of_trade,monthly
2021-03-31,Exports (BOP) Cumulative [b],18713.02559448905,million USD,sbp_balance_of_trade,monthly
2021-04-30,Exports (BOP) Cumulative [b],21016.98449951447,million USD,sbp_balance_of_trade,monthly
2021-05-31,Exports (BOP) Cumulative [b],23146.988643762044,million USD,sbp_balance_of_trade,monthly
2021-06-30,Exports (BOP) Cumulative [b],25638.974018890123,million USD,sbp_balance_of_trade,monthly
2021-07-31,Exports (BOP) Cumulative [b],2234.0233159182026,million USD,sbp_balance_of_trade,monthly
2021-08-31,Exports (BOP) Cumulative [b],4572.99993730588,million USD,sbp_balance_of_trade,monthly
2021-09-30,Exports (BOP) Cumulative [b],7200.021571591336,million USD,sbp_balance_of_trade,monthly
2021-10-31,Exports (BOP) Cumulative [b],9575.040103860714,million USD,sbp_balance_of_trade,monthly
2021-11-30,Exports (BOP) Cumulative [b],12311.993891575929,million USD,sbp_balance_of_trade,monthly
2021-12-31,Exports (BOP) Cumulative [b],15242.022906655118,million USD,sbp_balance_of_trade,monthly
2022-01-31,Exports (BOP) Cumulative [b],17744.978455837467,million USD,sbp_balance_of_trade,monthly
2022-02-28,Exports (BOP) Cumulative [b],20634.995636268523,million USD,sbp_balance_of_trade,monthly
2022-03-31,Exports (BOP) Cumulative [b],23705.98792945653,million USD,sbp_balance_of_trade,monthly
2022-04-30,Exports (BOP) Cumulative [b],26857.995875284338,million USD,sbp_balance_of_trade,monthly
2022-05-31,Exports (BOP) Cumulative [b],29362.963029397288,million USD,sbp_balance_of_trade,monthly
2022-06-30,Exports (BOP) Cumulative [b],32492.942490154426,million USD,sbp_balance_of_trade,monthly
2022-07-31,Exports (BOP) Cumulative [b],2214.993046547123,million USD,sbp_balance_of_trade,monthly
2022-08-31,Exports (BOP) Cumulative [b],4949.022394720176,million USD,sbp_balance_of_trade,monthly
2022-09-30,Exports (BOP) Cumulative [b],7387.004698198129,million USD,sbp_balance_of_trade,monthly
2022-10-31,Exports (BOP) Cumulative [b],9668.027349593833,million USD,sbp_balance_of_trade,monthly
2022-11-30,Exports (BOP) Cumulative [b],11914.062663527084,million USD,sbp_balance_of_trade,monthly
2022-12-31,Exports (BOP) Cumulative [b],14222.04875941637,million USD,sbp_balance_of_trade,monthly
2023-01-31,Exports (BOP) Cumulative [b],16443.97963912338,million USD,sbp_balance_of_trade,monthly
2023-02-28,Exports (BOP) Cumulative [b],18643.00233865255,million USD,sbp_balance_of_trade,monthly
2023-03-31,Exports (BOP) Cumulative [b],21065.013185809745,million USD,sbp_balance_of_trade,monthly
2023-04-30,Exports (BOP) Cumulative [b],23199.996232235186,million USD,sbp_balance_of_trade,monthly
2023-05-31,Exports (BOP) Cumulative [b],25764.955713750795,million USD,sbp_balance_of_trade,monthly
2023-06-30,Exports (BOP) Cumulative [b],27875.927782279527,million USD,sbp_balance_of_trade,monthly
2023-07-31,Exports (BOP) Cumulative [b],2103.986530393867,million USD,sbp_balance_of_trade,monthly
2023-08-31,Exports (BOP) Cumulative [b],4515.029833631299,million USD,sbp_balance_of_trade,monthly
2023-09-30,Exports (BOP) Cumulative [b],6953.981254679343,million USD,sbp_balance_of_trade,monthly
2023-10-31,Exports (BOP) Cumulative [b],9675.020605595484,million USD,sbp_balance_of_trade,monthly
2023-11-30,Exports (BOP) Cumulative [b],12372.011354368191,million USD,sbp_balance_of_trade,monthly
2023-12-31,Exports (BOP) Cumulative [b],15155.012692045766,million USD,sbp_balance_of_trade,monthly
2024-01-31,Exports (BOP) Cumulative [b],17834.977123982742,million USD,sbp_balance_of_trade,monthly
2024-02-29,Exports (BOP) Cumulative [b],20368.933039096755,million USD,sbp_balance_of_trade,monthly
2024-03-31,Exports (BOP) Cumulative [b],22891.97273981126,million USD,sbp_balance_of_trade,monthly
2024-04-30,Exports (BOP) Cumulative [b],25530.004611558452,million USD,sbp_balance_of_trade,monthly
2024-05-31,Exports (BOP) Cumulative [b],28536.958940256507,million USD,sbp_balance_of_trade,monthly
2024-06-30,Exports (BOP) Cumulative [b],30979.9640307014,million USD,sbp_balance_of_trade,monthly
2024-07-31,Exports (BOP) Cumulative [b],2364.9884422557466,million USD,sbp_balance_of_trade,monthly
2024-08-31,Exports (BOP) Cumulative [b],4803.964778529382,million USD,sbp_balance_of_trade,monthly
2024-09-30,Exports (BOP) Cumulative [b],7419.937532174974,million USD,sbp_balance_of_trade,monthly
2024-10-31,Exports (BOP) Cumulative [b],10425.969650311714,million USD,sbp_balance_of_trade,monthly
2024-11-30,Exports (BOP) Cumulative [b],13215.974476095802,million USD,sbp_balance_of_trade,monthly
2024-12-31,Exports (BOP) Cumulative [b],16325.009160661928,million USD,sbp_balance_of_trade,monthly
2025-01-31,Exports (BOP) Cumulative [b],19333.97415827341,million USD,sbp_balance_of_trade,monthly
2025-02-28,Exports (BOP) Cumulative [b],21942.927676255473,million USD,sbp_balance_of_trade,monthly
2025-03-31,Exports (BOP) Cumulative [b],24701.951276261614,million USD,sbp_balance_of_trade,monthly
2025-04-30,Exports (BOP) Cumulative [b],27307.96352847623,million USD,sbp_balance_of_trade,monthly
2025-05-31,Exports (BOP) Cumulative [b],29751.965616638397,million USD,sbp_balance_of_trade,monthly
2025-06-30,Exports (BOP) Cumulative [b],32342.948060543913,million USD,sbp_balance_of_trade,monthly
2025-07-31,Exports (BOP) Cumulative [b],2750.012407196279,million USD,sbp_balance_of_trade,monthly
2025-08-31,Exports (BOP) Cumulative [b],5237.98711453103,million USD,sbp_balance_of_trade,monthly
2025-09-30,Exports (BOP) Cumulative [b],7846.988280267442,million USD,sbp_balance_of_trade,monthly
2025-10-31,Exports (BOP) Cumulative [b],10479.353845617314,million USD,sbp_balance_of_trade,monthly
2025-11-30,Exports (BOP) Cumulative [b],12756.362303417312,million USD,sbp_balance_of_trade,monthly
2025-12-31,Exports (BOP) Cumulative [b],15514.389673946964,million USD,sbp_balance_of_trade,monthly
2026-01-31,Exports (BOP) Cumulative [b],18263.391613016534,million USD,sbp_balance_of_trade,monthly
2026-02-28,Exports (BOP) Cumulative [b],20744.364131253744,million USD,sbp_balance_of_trade,monthly
2026-03-31,Exports (BOP) Cumulative [b],23272.39240539722,million USD,sbp_balance_of_trade,monthly
2026-04-30,Exports (BOP) Cumulative [b],25891.399741997066,million USD,sbp_balance_of_trade,monthly
2026-05-31,Exports (BOP) Cumulative [b],28248.35638322244,million USD,sbp_balance_of_trade,monthly
2026-06-30,Exports (BOP) Cumulative [b],30843.395756987033,million USD,sbp_balance_of_trade,monthly
1970-08-31,Exports (BOP) Growth Rate [Monthly],-12.59463179628355,%,sbp_balance_of_trade,monthly
1970-09-30,Exports (BOP) Growth Rate [Monthly],24.01574803149606,%,sbp_balance_of_trade,monthly
1970-10-31,Exports (BOP) Growth Rate [Monthly],1.6370159105666175,%,sbp_balance_of_trade,monthly
1970-11-30,Exports (BOP) Growth Rate [Monthly],-10.998307952622682,%,sbp_balance_of_trade,monthly
1970-12-31,Exports (BOP) Growth Rate [Monthly],32.06590621039288,%,sbp_balance_of_trade,monthly
1971-01-31,Exports (BOP) Growth Rate [Monthly],-3.271199462379741,%,sbp_balance_of_trade,monthly
1971-02-28,Exports (BOP) Growth Rate [Monthly],-1.1286681715575781,%,sbp_balance_of_trade,monthly
1971-03-31,Exports (BOP) Growth Rate [Monthly],5.365296803652967,%,sbp_balance_of_trade,monthly
1971-04-30,Exports (BOP) Growth Rate [Monthly],-10.561811750501732,%,sbp_balance_of_trade,monthly
1971-05-31,Exports (BOP) Growth Rate [Monthly],11.080485115766251,%,sbp_balance_of_trade,monthly
1971-06-30,Exports (BOP) Growth Rate [Monthly],9.528535980148916,%,sbp_balance_of_trade,monthly
1971-07-31,Exports (BOP) Growth Rate [Monthly],-17.072851010258162,%,sbp_balance_of_trade,monthly
1971-08-31,Exports (BOP) Growth Rate [Monthly],-4.225352112676049,%,sbp_balance_of_trade,monthly
1971-09-30,Exports (BOP) Growth Rate [Monthly],-1.1029411764705799,%,sbp_balance_of_trade,monthly
1971-10-31,Exports (BOP) Growth Rate [Monthly],-28.509362318667826,%,sbp_balance_of_trade,monthly
1971-11-30,Exports (BOP) Growth Rate [Monthly],3.6764705882352757,%,sbp_balance_of_trade,monthly
1971-12-31,Exports (BOP) Growth Rate [Monthly],1.975683890577514,%,sbp_balance_of_trade,monthly
1972-01-31,Exports (BOP) Growth Rate [Monthly],10.669386481965475,%,sbp_balance_of_trade,monthly
1972-02-29,Exports (BOP) Growth Rate [Monthly],44.40447641886493,%,sbp_balance_of_trade,monthly
1972-03-31,Exports (BOP) Growth Rate [Monthly],-10.932742872958784,%,sbp_balance_of_trade,monthly
1972-04-30,Exports (BOP) Growth Rate [Monthly],9.727722071864946,%,sbp_balance_of_trade,monthly
1972-05-31,Exports (BOP) Growth Rate [Monthly],-16.615481855475863,%,sbp_balance_of_trade,monthly
1972-06-30,Exports (BOP) Growth Rate [Monthly],-5.824616471142136,%,sbp_balance_of_trade,monthly
1972-07-31,Exports (BOP) Growth Rate [Monthly],-22.630243119172917,%,sbp_balance_of_trade,monthly
1972-08-31,Exports (BOP) Growth Rate [Monthly],25.241779497098676,%,sbp_balance_of_trade,monthly
1972-09-30,Exports (BOP) Growth Rate [Monthly],-12.857142857142861,%,sbp_balance_of_trade,monthly
1972-10-31,Exports (BOP) Growth Rate [Monthly],3.260761977286549,%,sbp_balance_of_trade,monthly
1972-11-30,Exports (BOP) Growth Rate [Monthly],16.179408026148508,%,sbp_balance_of_trade,monthly
1972-12-31,Exports (BOP) Growth Rate [Monthly],34.510784620193846,%,sbp_balance_of_trade,monthly
1973-01-31,Exports (BOP) Growth Rate [Monthly],-5.787827830683796,%,sbp_balance_of_trade,monthly
1973-02-28,Exports (BOP) Growth Rate [Monthly],-0.35699079684273727,%,sbp_balance_of_trade,monthly
1973-03-31,Exports (BOP) Growth Rate [Monthly],24.526689455692875,%,sbp_balance_of_trade,monthly
1973-04-30,Exports (BOP) Growth Rate [Monthly],-1.4989491488953348,%,sbp_balance_of_trade,monthly
1973-05-31,Exports (BOP) Growth Rate [Monthly],31.13837929777671,%,sbp_balance_of_trade,monthly
1973-06-30,Exports (BOP) Growth Rate [Monthly],-23.262923846581444,%,sbp_balance_of_trade,monthly
1973-07-31,Exports (BOP) Growth Rate [Monthly],-32.53616130379126,%,sbp_balance_of_trade,monthly
1973-08-31,Exports (BOP) Growth Rate [Monthly],69.78311223415454,%,sbp_balance_of_trade,monthly
1973-09-30,Exports (BOP) Growth Rate [Monthly],-19.11199305469428,%,sbp_balance_of_trade,monthly
1973-10-31,Exports (BOP) Growth Rate [Monthly],-22.541732939245477,%,sbp_balance_of_trade,monthly
1973-11-30,Exports (BOP) Growth Rate [Monthly],78.6235105815401,%,sbp_balance_of_trade,monthly
1973-12-31,Exports (BOP) Growth Rate [Monthly],-16.318199920350438,%,sbp_balance_of_trade,monthly
1974-01-31,Exports (BOP) Growth Rate [Monthly],-6.586654617695075,%,sbp_balance_of_trade,monthly
1974-02-28,Exports (BOP) Growth Rate [Monthly],-10.014836795252208,%,sbp_balance_of_trade,monthly
1974-03-31,Exports (BOP) Growth Rate [Monthly],14.17971970321517,%,sbp_balance_of_trade,monthly
1974-04-30,Exports (BOP) Growth Rate [Monthly],-10.287078481837426,%,sbp_balance_of_trade,monthly
1974-05-31,Exports (BOP) Growth Rate [Monthly],103.715308863026,%,sbp_balance_of_trade,monthly
1974-06-30,Exports (BOP) Growth Rate [Monthly],-33.481652384091404,%,sbp_balance_of_trade,monthly
1974-07-31,Exports (BOP) Growth Rate [Monthly],-18.418656087083136,%,sbp_balance_of_trade,monthly
1974-08-31,Exports (BOP) Growth Rate [Monthly],31.82735991923272,%,sbp_balance_of_trade,monthly
1974-09-30,Exports (BOP) Growth Rate [Monthly],-37.89967451656137,%,sbp_balance_of_trade,monthly
1974-10-31,Exports (BOP) Growth Rate [Monthly],-14.713764057837693,%,sbp_balance_of_trade,monthly
1974-11-30,Exports (BOP) Growth Rate [Monthly],11.524996499089738,%,sbp_balance_of_trade,monthly
1974-12-31,Exports (BOP) Growth Rate [Monthly],35.10798593671524,%,sbp_balance_of_trade,monthly
1975-01-31,Exports (BOP) Growth Rate [Monthly],-7.802056047947474,%,sbp_balance_of_trade,monthly
1975-02-28,Exports (BOP) Growth Rate [Monthly],-3.234913539583573,%,sbp_balance_of_trade,monthly
1975-03-31,Exports (BOP) Growth Rate [Monthly],7.403355215171388,%,sbp_balance_of_trade,monthly
1975-04-30,Exports (BOP) Growth Rate [Monthly],7.624265966787206,%,sbp_balance_of_trade,monthly
1975-05-31,Exports (BOP) Growth Rate [Monthly],12.071284465366517,%,sbp_balance_of_trade,monthly
1975-06-30,Exports (BOP) Growth Rate [Monthly],-5.97059705970598,%,sbp_balance_of_trade,monthly
1975-07-31,Exports (BOP) Growth Rate [Monthly],2.33919641002349,%,sbp_balance_of_trade,monthly
1975-08-31,Exports (BOP) Growth Rate [Monthly],5.4814280562567745,%,sbp_balance_of_trade,monthly
1975-09-30,Exports (BOP) Growth Rate [Monthly],-15.247863247863236,%,sbp_balance_of_trade,monthly
1975-10-31,Exports (BOP) Growth Rate [Monthly],-17.843228794219783,%,sbp_balance_of_trade,monthly
1975-11-30,Exports (BOP) Growth Rate [Monthly],36.3662011567217,%,sbp_balance_of_trade,monthly
1975-12-31,Exports (BOP) Growth Rate [Monthly],-7.054929140374469,%,sbp_balance_of_trade,monthly
1976-01-31,Exports (BOP) Growth Rate [Monthly],18.94971019662779,%,sbp_balance_of_trade,monthly
1976-02-29,Exports (BOP) Growth Rate [Monthly],-4.172461752433932,%,sbp_balance_of_trade,monthly
1976-03-31,Exports (BOP) Growth Rate [Monthly],2.070633768746987,%,sbp_balance_of_trade,monthly
1976-04-30,Exports (BOP) Growth Rate [Monthly],2.691291856918639,%,sbp_balance_of_trade,monthly
1976-05-31,Exports (BOP) Growth Rate [Monthly],-3.596114328413975,%,sbp_balance_of_trade,monthly
1976-06-30,Exports (BOP) Growth Rate [Monthly],8.83635306656332,%,sbp_balance_of_trade,monthly
1976-07-31,Exports (BOP) Growth Rate [Monthly],-15.477169515705896,%,sbp_balance_of_trade,monthly
1976-08-31,Exports (BOP) Growth Rate [Monthly],-8.469539375928676,%,sbp_balance_of_trade,monthly
1976-09-30,Exports (BOP) Growth Rate [Monthly],-7.629870129870113,%,sbp_balance_of_trade,monthly
1976-10-31,Exports (BOP) Growth Rate [Monthly],14.410470182907773,%,sbp_balance_of_trade,monthly
1976-11-30,Exports (BOP) Growth Rate [Monthly],13.776536312849117,%,sbp_balance_of_trade,monthly
1976-12-31,Exports (BOP) Growth Rate [Monthly],-18.452322498281433,%,sbp_balance_of_trade,monthly
1977-01-31,Exports (BOP) Growth Rate [Monthly],1.1151696783134213,%,sbp_balance_of_trade,monthly
1977-02-28,Exports (BOP) Growth Rate [Monthly],6.2745525971191825,%,sbp_balance_of_trade,monthly
1977-03-31,Exports (BOP) Growth Rate [Monthly],17.393982955128862,%,sbp_balance_of_trade,monthly
1977-04-30,Exports (BOP) Growth Rate [Monthly],-28.650104988979578,%,sbp_balance_of_trade,monthly
1977-05-31,Exports (BOP) Growth Rate [Monthly],50.589665653495445,%,sbp_balance_of_trade,monthly
1977-06-30,Exports (BOP) Growth Rate [Monthly],7.629581785887282,%,sbp_balance_of_trade,monthly
1977-07-31,Exports (BOP) Growth Rate [Monthly],-45.60373112064261,%,sbp_balance_of_trade,monthly
1977-08-31,Exports (BOP) Growth Rate [Monthly],18.72125797359439,%,sbp_balance_of_trade,monthly
1977-09-30,Exports (BOP) Growth Rate [Monthly],8.021991753092621,%,sbp_balance_of_trade,monthly
1977-10-31,Exports (BOP) Growth Rate [Monthly],8.334647991968367,%,sbp_balance_of_trade,monthly
1977-11-30,Exports (BOP) Growth Rate [Monthly],-4.725076808984014,%,sbp_balance_of_trade,monthly
1977-12-31,Exports (BOP) Growth Rate [Monthly],28.544423440453727,%,sbp_balance_of_trade,monthly
1978-01-31,Exports (BOP) Growth Rate [Monthly],16.179981885242654,%,sbp_balance_of_trade,monthly
1978-02-28,Exports (BOP) Growth Rate [Monthly],5.077972709551659,%,sbp_balance_of_trade,monthly
1978-03-31,Exports (BOP) Growth Rate [Monthly],27.91021241072258,%,sbp_balance_of_trade,monthly
1978-04-30,Exports (BOP) Growth Rate [Monthly],0.4376734564888807,%,sbp_balance_of_trade,monthly
1978-05-31,Exports (BOP) Growth Rate [Monthly],-5.241242564441492,%,sbp_balance_of_trade,monthly
1978-06-30,Exports (BOP) Growth Rate [Monthly],3.2642812303829345,%,sbp_balance_of_trade,monthly
1978-07-31,Exports (BOP) Growth Rate [Monthly],-48.934425896545655,%,sbp_balance_of_trade,monthly
1978-08-31,Exports (BOP) Growth Rate [Monthly],14.105989757292363,%,sbp_balance_of_trade,monthly
1978-09-30,Exports (BOP) Growth Rate [Monthly],-6.546980193189611,%,sbp_balance_of_trade,monthly
1978-10-31,Exports (BOP) Growth Rate [Monthly],15.696875570177937,%,sbp_balance_of_trade,monthly
1978-11-30,Exports (BOP) Growth Rate [Monthly],3.6214061572385816,%,sbp_balance_of_trade,monthly
1978-12-31,Exports (BOP) Growth Rate [Monthly],15.665411687673924,%,sbp_balance_of_trade,monthly
1979-01-31,Exports (BOP) Growth Rate [Monthly],19.788439292301092,%,sbp_balance_of_trade,monthly
1979-02-28,Exports (BOP) Growth Rate [Monthly],1.926583201653088,%,sbp_balance_of_trade,monthly
1979-03-31,Exports (BOP) Growth Rate [Monthly],1.1209826486196874,%,sbp_balance_of_trade,monthly
1979-04-30,Exports (BOP) Growth Rate [Monthly],-2.269964887435407,%,sbp_balance_of_trade,monthly
1979-05-31,Exports (BOP) Growth Rate [Monthly],5.48389068900164,%,sbp_balance_of_trade,monthly
1979-06-30,Exports (BOP) Growth Rate [Monthly],16.28028283296628,%,sbp_balance_of_trade,monthly
1979-07-31,Exports (BOP) Growth Rate [Monthly],-34.542086924426,%,sbp_balance_of_trade,monthly
1979-08-31,Exports (BOP) Growth Rate [Monthly],-4.694291509707355,%,sbp_balance_of_trade,monthly
1979-09-30,Exports (BOP) Growth Rate [Monthly],29.819093949528764,%,sbp_balance_of_trade,monthly
1979-10-31,Exports (BOP) Growth Rate [Monthly],20.073493543616976,%,sbp_balance_of_trade,monthly
1979-11-30,Exports (BOP) Growth Rate [Monthly],-14.549994903679533,%,sbp_balance_of_trade,monthly
1979-12-31,Exports (BOP) Growth Rate [Monthly],14.898312160792031,%,sbp_balance_of_trade,monthly
1980-01-31,Exports (BOP) Growth Rate [Monthly],1.383093599386271,%,sbp_balance_of_trade,monthly
1980-02-29,Exports (BOP) Growth Rate [Monthly],34.5437262357415,%,sbp_balance_of_trade,monthly
1980-03-31,Exports (BOP) Growth Rate [Monthly],2.6600254345061387,%,sbp_balance_of_trade,monthly
1980-04-30,Exports (BOP) Growth Rate [Monthly],-2.804095751399089,%,sbp_balance_of_trade,monthly
1980-05-31,Exports (BOP) Growth Rate [Monthly],-16.679011202666388,%,sbp_balance_of_trade,monthly
1980-06-30,Exports (BOP) Growth Rate [Monthly],8.02266792599589,%,sbp_balance_of_trade,monthly
1980-07-31,Exports (BOP) Growth Rate [Monthly],-34.288587692911264,%,sbp_balance_of_trade,monthly
1980-08-31,Exports (BOP) Growth Rate [Monthly],7.59142837828702,%,sbp_balance_of_trade,monthly
1980-09-30,Exports (BOP) Growth Rate [Monthly],31.521739130434753,%,sbp_balance_of_trade,monthly
1980-10-31,Exports (BOP) Growth Rate [Monthly],-18.9145093207257,%,sbp_balance_of_trade,monthly
1980-11-30,Exports (BOP) Growth Rate [Monthly],15.589804386484872,%,sbp_balance_of_trade,monthly
1980-12-31,Exports (BOP) Growth Rate [Monthly],40.433566433566455,%,sbp_balance_of_trade,monthly
1981-01-31,Exports (BOP) Growth Rate [Monthly],-3.601186847467858,%,sbp_balance_of_trade,monthly
1981-02-28,Exports (BOP) Growth Rate [Monthly],1.6284357653982369,%,sbp_balance_of_trade,monthly
1981-03-31,Exports (BOP) Growth Rate [Monthly],9.133682097851505,%,sbp_balance_of_trade,monthly
1981-04-30,Exports (BOP) Growth Rate [Monthly],-9.186295814141545,%,sbp_balance_of_trade,monthly
1981-05-31,Exports (BOP) Growth Rate [Monthly],-13.184240852780192,%,sbp_balance_of_trade,monthly
1981-06-30,Exports (BOP) Growth Rate [Monthly],18.36396067532256,%,sbp_balance_of_trade,monthly
1981-07-31,Exports (BOP) Growth Rate [Monthly],-36.584014866082704,%,sbp_balance_of_trade,monthly
1981-08-31,Exports (BOP) Growth Rate [Monthly],-1.6405797101449195,%,sbp_balance_of_trade,monthly
1981-09-30,Exports (BOP) Growth Rate [Monthly],16.537985501267144,%,sbp_balance_of_trade,monthly
1981-10-31,Exports (BOP) Growth Rate [Monthly],-24.747203719728674,%,sbp_balance_of_trade,monthly
1981-11-30,Exports (BOP) Growth Rate [Monthly],16.299667855824822,%,sbp_balance_of_trade,monthly
1981-12-31,Exports (BOP) Growth Rate [Monthly],18.10030858110254,%,sbp_balance_of_trade,monthly
1982-01-31,Exports (BOP) Growth Rate [Monthly],-18.764233268617573,%,sbp_balance_of_trade,monthly
1982-02-28,Exports (BOP) Growth Rate [Monthly],-20.184804656472892,%,sbp_balance_of_trade,monthly
1982-03-31,Exports (BOP) Growth Rate [Monthly],51.137958454805585,%,sbp_balance_of_trade,monthly
1982-04-30,Exports (BOP) Growth Rate [Monthly],-4.802491122704524,%,sbp_balance_of_trade,monthly
1982-05-31,Exports (BOP) Growth Rate [Monthly],23.84258595818403,%,sbp_balance_of_trade,monthly
1982-06-30,Exports (BOP) Growth Rate [Monthly],14.607350374307984,%,sbp_balance_of_trade,monthly
1982-07-31,Exports (BOP) Growth Rate [Monthly],-42.324767122386184,%,sbp_balance_of_trade,monthly
1982-08-31,Exports (BOP) Growth Rate [Monthly],14.902641900116393,%,sbp_balance_of_trade,monthly
1982-09-30,Exports (BOP) Growth Rate [Monthly],-3.789402301103422,%,sbp_balance_of_trade,monthly
1982-10-31,Exports (BOP) Growth Rate [Monthly],-9.777680817648104,%,sbp_balance_of_trade,monthly
1982-11-30,Exports (BOP) Growth Rate [Monthly],23.815029157657293,%,sbp_balance_of_trade,monthly
1982-12-31,Exports (BOP) Growth Rate [Monthly],18.789009935803463,%,sbp_balance_of_trade,monthly
1983-01-31,Exports (BOP) Growth Rate [Monthly],-14.234862650108056,%,sbp_balance_of_trade,monthly
1983-02-28,Exports (BOP) Growth Rate [Monthly],2.262940983468269,%,sbp_balance_of_trade,monthly
1983-03-31,Exports (BOP) Growth Rate [Monthly],17.432034095280585,%,sbp_balance_of_trade,monthly
1983-04-30,Exports (BOP) Growth Rate [Monthly],0.5149072821193386,%,sbp_balance_of_trade,monthly
1983-05-31,Exports (BOP) Growth Rate [Monthly],18.57042647525246,%,sbp_balance_of_trade,monthly
1983-06-30,Exports (BOP) Growth Rate [Monthly],17.157569263879722,%,sbp_balance_of_trade,monthly
1983-07-31,Exports (BOP) Growth Rate [Monthly],-39.55234976974731,%,sbp_balance_of_trade,monthly
1983-08-31,Exports (BOP) Growth Rate [Monthly],24.594315277722316,%,sbp_balance_of_trade,monthly
1983-09-30,Exports (BOP) Growth Rate [Monthly],-18.307922210941925,%,sbp_balance_of_trade,monthly
1983-10-31,Exports (BOP) Growth Rate [Monthly],-12.356088431603425,%,sbp_balance_of_trade,monthly
1983-11-30,Exports (BOP) Growth Rate [Monthly],14.688838653079102,%,sbp_balance_of_trade,monthly
1983-12-31,Exports (BOP) Growth Rate [Monthly],41.990627901041364,%,sbp_balance_of_trade,monthly
1984-01-31,Exports (BOP) Growth Rate [Monthly],-32.564870280882346,%,sbp_balance_of_trade,monthly
1984-02-29,Exports (BOP) Growth Rate [Monthly],-2.860222546043218,%,sbp_balance_of_trade,monthly
1984-03-31,Exports (BOP) Growth Rate [Monthly],0.04349810814203181,%,sbp_balance_of_trade,monthly
1984-04-30,Exports (BOP) Growth Rate [Monthly],19.094500075068964,%,sbp_balance_of_trade,monthly
1984-05-31,Exports (BOP) Growth Rate [Monthly],-4.3145575959214,%,sbp_balance_of_trade,monthly
1984-06-30,Exports (BOP) Growth Rate [Monthly],24.208573950701833,%,sbp_balance_of_trade,monthly
1984-07-31,Exports (BOP) Growth Rate [Monthly],-40.473571539581535,%,sbp_balance_of_trade,monthly
1984-08-31,Exports (BOP) Growth Rate [Monthly],14.598846599309795,%,sbp_balance_of_trade,monthly
1984-09-30,Exports (BOP) Growth Rate [Monthly],-18.783550316005204,%,sbp_balance_of_trade,monthly
1984-10-31,Exports (BOP) Growth Rate [Monthly],17.36725862053055,%,sbp_balance_of_trade,monthly
1984-11-30,Exports (BOP) Growth Rate [Monthly],14.677687637321128,%,sbp_balance_of_trade,monthly
1984-12-31,Exports (BOP) Growth Rate [Monthly],34.96615942704389,%,sbp_balance_of_trade,monthly
1985-01-31,Exports (BOP) Growth Rate [Monthly],-14.205840489925706,%,sbp_balance_of_trade,monthly
1985-02-28,Exports (BOP) Growth Rate [Monthly],-20.62976977771436,%,sbp_balance_of_trade,monthly
1985-03-31,Exports (BOP) Growth Rate [Monthly],13.644650069788781,%,sbp_balance_of_trade,monthly
1985-04-30,Exports (BOP) Growth Rate [Monthly],-2.1716644109711183,%,sbp_balance_of_trade,monthly
1985-05-31,Exports (BOP) Growth Rate [Monthly],0.2476686133258994,%,sbp_balance_of_trade,monthly
1985-06-30,Exports (BOP) Growth Rate [Monthly],13.07383520282616,%,sbp_balance_of_trade,monthly
1985-07-31,Exports (BOP) Growth Rate [Monthly],-23.471791723753668,%,sbp_balance_of_trade,monthly
1985-08-31,Exports (BOP) Growth Rate [Monthly],8.535278615404152,%,sbp_balance_of_trade,monthly
1985-09-30,Exports (BOP) Growth Rate [Monthly],11.095690829905621,%,sbp_balance_of_trade,monthly
1985-10-31,Exports (BOP) Growth Rate [Monthly],8.455672394331998,%,sbp_balance_of_trade,monthly
1985-11-30,Exports (BOP) Growth Rate [Monthly],1.443364805007647,%,sbp_balance_of_trade,monthly
1985-12-31,Exports (BOP) Growth Rate [Monthly],14.871042659821526,%,sbp_balance_of_trade,monthly
1986-01-31,Exports (BOP) Growth Rate [Monthly],-7.12067675592138,%,sbp_balance_of_trade,monthly
1986-02-28,Exports (BOP) Growth Rate [Monthly],-8.300521930226168,%,sbp_balance_of_trade,monthly
1986-03-31,Exports (BOP) Growth Rate [Monthly],20.333017125168553,%,sbp_balance_of_trade,monthly
1986-04-30,Exports (BOP) Growth Rate [Monthly],-0.5654138336689272,%,sbp_balance_of_trade,monthly
1986-05-31,Exports (BOP) Growth Rate [Monthly],-7.171492909889366,%,sbp_balance_of_trade,monthly
1986-06-30,Exports (BOP) Growth Rate [Monthly],3.8684841686361864,%,sbp_balance_of_trade,monthly
1986-07-31,Exports (BOP) Growth Rate [Monthly],-6.8879726634322225,%,sbp_balance_of_trade,monthly
1986-08-31,Exports (BOP) Growth Rate [Monthly],-6.213045758137454,%,sbp_balance_of_trade,monthly
1986-09-30,Exports (BOP) Growth Rate [Monthly],29.29802079039203,%,sbp_balance_of_trade,monthly
1986-10-31,Exports (BOP) Growth Rate [Monthly],-17.13339064550277,%,sbp_balance_of_trade,monthly
1986-11-30,Exports (BOP) Growth Rate [Monthly],-6.973837166169133,%,sbp_balance_of_trade,monthly
1986-12-31,Exports (BOP) Growth Rate [Monthly],30.9441458284646,%,sbp_balance_of_trade,monthly
1987-01-31,Exports (BOP) Growth Rate [Monthly],-8.053662159629056,%,sbp_balance_of_trade,monthly
1987-02-28,Exports (BOP) Growth Rate [Monthly],-7.344683934069906,%,sbp_balance_of_trade,monthly
1987-03-31,Exports (BOP) Growth Rate [Monthly],24.99949202483532,%,sbp_balance_of_trade,monthly
1987-04-30,Exports (BOP) Growth Rate [Monthly],5.644741337516251,%,sbp_balance_of_trade,monthly
1987-05-31,Exports (BOP) Growth Rate [Monthly],-11.443604717637541,%,sbp_balance_of_trade,monthly
1987-06-30,Exports (BOP) Growth Rate [Monthly],15.034729969385594,%,sbp_balance_of_trade,monthly
1987-07-31,Exports (BOP) Growth Rate [Monthly],-18.69149162359122,%,sbp_balance_of_trade,monthly
1987-08-31,Exports (BOP) Growth Rate [Monthly],7.377401952753203,%,sbp_balance_of_trade,monthly
1987-09-30,Exports (BOP) Growth Rate [Monthly],18.887112513463606,%,sbp_balance_of_trade,monthly
1987-10-31,Exports (BOP) Growth Rate [Monthly],-11.133866775855552,%,sbp_balance_of_trade,monthly
1987-11-30,Exports (BOP) Growth Rate [Monthly],-1.7857465496969809,%,sbp_balance_of_trade,monthly
1987-12-31,Exports (BOP) Growth Rate [Monthly],31.845811890830106,%,sbp_balance_of_trade,monthly
1988-01-31,Exports (BOP) Growth Rate [Monthly],-9.225329066180691,%,sbp_balance_of_trade,monthly
1988-02-29,Exports (BOP) Growth Rate [Monthly],-0.1600637617399343,%,sbp_balance_of_trade,monthly
1988-03-31,Exports (BOP) Growth Rate [Monthly],6.694891645421649,%,sbp_balance_of_trade,monthly
1988-04-30,Exports (BOP) Growth Rate [Monthly],-29.562003605880008,%,sbp_balance_of_trade,monthly
1988-05-31,Exports (BOP) Growth Rate [Monthly],26.71293912425668,%,sbp_balance_of_trade,monthly
1988-06-30,Exports (BOP) Growth Rate [Monthly],33.27046816506228,%,sbp_balance_of_trade,monthly
1988-07-31,Exports (BOP) Growth Rate [Monthly],-47.82415598156101,%,sbp_balance_of_trade,monthly
1988-08-31,Exports (BOP) Growth Rate [Monthly],43.73610828104549,%,sbp_balance_of_trade,monthly
1988-09-30,Exports (BOP) Growth Rate [Monthly],-3.634020976776526,%,sbp_balance_of_trade,monthly
1988-10-31,Exports (BOP) Growth Rate [Monthly],-2.2684460094436076,%,sbp_balance_of_trade,monthly
1988-11-30,Exports (BOP) Growth Rate [Monthly],-7.692447306649029,%,sbp_balance_of_trade,monthly
1988-12-31,Exports (BOP) Growth Rate [Monthly],36.849230062574264,%,sbp_balance_of_trade,monthly
1989-01-31,Exports (BOP) Growth Rate [Monthly],-4.861896496146585,%,sbp_balance_of_trade,monthly
1989-02-28,Exports (BOP) Growth Rate [Monthly],-10.923638264060074,%,sbp_balance_of_trade,monthly
1989-03-31,Exports (BOP) Growth Rate [Monthly],27.47860193935516,%,sbp_balance_of_trade,monthly
1989-04-30,Exports (BOP) Growth Rate [Monthly],-15.727826566551357,%,sbp_balance_of_trade,monthly
1989-05-31,Exports (BOP) Growth Rate [Monthly],7.805261142144531,%,sbp_balance_of_trade,monthly
1989-06-30,Exports (BOP) Growth Rate [Monthly],12.909211130922245,%,sbp_balance_of_trade,monthly
1989-07-31,Exports (BOP) Growth Rate [Monthly],-39.40165706546046,%,sbp_balance_of_trade,monthly
1989-08-31,Exports (BOP) Growth Rate [Monthly],15.438715816071834,%,sbp_balance_of_trade,monthly
1989-09-30,Exports (BOP) Growth Rate [Monthly],13.959184298320963,%,sbp_balance_of_trade,monthly
1989-10-31,Exports (BOP) Growth Rate [Monthly],-11.85947995012296,%,sbp_balance_of_trade,monthly
1989-11-30,Exports (BOP) Growth Rate [Monthly],17.763607557468703,%,sbp_balance_of_trade,monthly
1989-12-31,Exports (BOP) Growth Rate [Monthly],17.408970257654815,%,sbp_balance_of_trade,monthly
1990-01-31,Exports (BOP) Growth Rate [Monthly],-5.876628736712846,%,sbp_balance_of_trade,monthly
1990-02-28,Exports (BOP) Growth Rate [Monthly],-5.424413747547206,%,sbp_balance_of_trade,monthly
1990-03-31,Exports (BOP) Growth Rate [Monthly],3.7476750404791233,%,sbp_balance_of_trade,monthly
1990-04-30,Exports (BOP) Growth Rate [Monthly],-4.270113330004477,%,sbp_balance_of_trade,monthly
1990-05-31,Exports (BOP) Growth Rate [Monthly],1.3761627944618198,%,sbp_balance_of_trade,monthly
1990-06-30,Exports (BOP) Growth Rate [Monthly],37.99743839594325,%,sbp_balance_of_trade,monthly
1990-07-31,Exports (BOP) Growth Rate [Monthly],-40.64506491597122,%,sbp_balance_of_trade,monthly
1990-08-31,Exports (BOP) Growth Rate [Monthly],16.94711636607218,%,sbp_balance_of_trade,monthly
1990-09-30,Exports (BOP) Growth Rate [Monthly],16.45271460088891,%,sbp_balance_of_trade,monthly
1990-10-31,Exports (BOP) Growth Rate [Monthly],-15.271126103340123,%,sbp_balance_of_trade,monthly
1990-11-30,Exports (BOP) Growth Rate [Monthly],22.90704954781293,%,sbp_balance_of_trade,monthly
1990-12-31,Exports (BOP) Growth Rate [Monthly],15.662553880187133,%,sbp_balance_of_trade,monthly
1991-01-31,Exports (BOP) Growth Rate [Monthly],-9.71181709925169,%,sbp_balance_of_trade,monthly
1991-02-28,Exports (BOP) Growth Rate [Monthly],-10.130486808394167,%,sbp_balance_of_trade,monthly
1991-03-31,Exports (BOP) Growth Rate [Monthly],14.509518341606963,%,sbp_balance_of_trade,monthly
1991-04-30,Exports (BOP) Growth Rate [Monthly],-0.8862858453312867,%,sbp_balance_of_trade,monthly
1991-05-31,Exports (BOP) Growth Rate [Monthly],6.793947217580794,%,sbp_balance_of_trade,monthly
1991-06-30,Exports (BOP) Growth Rate [Monthly],19.99584729907042,%,sbp_balance_of_trade,monthly
1991-07-31,Exports (BOP) Growth Rate [Monthly],-21.46226458730348,%,sbp_balance_of_trade,monthly
1991-08-31,Exports (BOP) Growth Rate [Monthly],13.26655157973687,%,sbp_balance_of_trade,monthly
1991-09-30,Exports (BOP) Growth Rate [Monthly],-7.587622020848329,%,sbp_balance_of_trade,monthly
1991-10-31,Exports (BOP) Growth Rate [Monthly],-14.364309941787042,%,sbp_balance_of_trade,monthly
1991-11-30,Exports (BOP) Growth Rate [Monthly],-9.325609074372991,%,sbp_balance_of_trade,monthly
1991-12-31,Exports (BOP) Growth Rate [Monthly],35.2554818601285,%,sbp_balance_of_trade,monthly
1992-01-31,Exports (BOP) Growth Rate [Monthly],-16.10329966925279,%,sbp_balance_of_trade,monthly
1992-02-29,Exports (BOP) Growth Rate [Monthly],15.574375428731585,%,sbp_balance_of_trade,monthly
1992-03-31,Exports (BOP) Growth Rate [Monthly],18.027996202098137,%,sbp_balance_of_trade,monthly
1992-04-30,Exports (BOP) Growth Rate [Monthly],-9.47993804899059,%,sbp_balance_of_trade,monthly
1992-05-31,Exports (BOP) Growth Rate [Monthly],8.552946449888935,%,sbp_balance_of_trade,monthly
1992-06-30,Exports (BOP) Growth Rate [Monthly],7.027672450465715,%,sbp_balance_of_trade,monthly
1992-07-31,Exports (BOP) Growth Rate [Monthly],-39.337463686905636,%,sbp_balance_of_trade,monthly
1992-08-31,Exports (BOP) Growth Rate [Monthly],22.844002764413702,%,sbp_balance_of_trade,monthly
1992-09-30,Exports (BOP) Growth Rate [Monthly],4.031202048947534,%,sbp_balance_of_trade,monthly
1992-10-31,Exports (BOP) Growth Rate [Monthly],3.0130023460333604,%,sbp_balance_of_trade,monthly
1992-11-30,Exports (BOP) Growth Rate [Monthly],-1.4338696634175534,%,sbp_balance_of_trade,monthly
1992-12-31,Exports (BOP) Growth Rate [Monthly],21.610935609872797,%,sbp_balance_of_trade,monthly
1993-01-31,Exports (BOP) Growth Rate [Monthly],-21.723362937822756,%,sbp_balance_of_trade,monthly
1993-02-28,Exports (BOP) Growth Rate [Monthly],-1.105780489060919,%,sbp_balance_of_trade,monthly
1993-03-31,Exports (BOP) Growth Rate [Monthly],1.4067750833922048,%,sbp_balance_of_trade,monthly
1993-04-30,Exports (BOP) Growth Rate [Monthly],25.45045506700376,%,sbp_balance_of_trade,monthly
1993-05-31,Exports (BOP) Growth Rate [Monthly],4.604342677426885,%,sbp_balance_of_trade,monthly
1993-06-30,Exports (BOP) Growth Rate [Monthly],-2.3904437584292992,%,sbp_balance_of_trade,monthly
1993-07-31,Exports (BOP) Growth Rate [Monthly],-40.13970899839866,%,sbp_balance_of_trade,monthly
1993-08-31,Exports (BOP) Growth Rate [Monthly],17.04649751076262,%,sbp_balance_of_trade,monthly
1993-09-30,Exports (BOP) Growth Rate [Monthly],0.0682153002291841,%,sbp_balance_of_trade,monthly
1993-10-31,Exports (BOP) Growth Rate [Monthly],13.335964784269066,%,sbp_balance_of_trade,monthly
1993-11-30,Exports (BOP) Growth Rate [Monthly],8.58933281305913,%,sbp_balance_of_trade,monthly
1993-12-31,Exports (BOP) Growth Rate [Monthly],31.235484287094067,%,sbp_balance_of_trade,monthly
1994-01-31,Exports (BOP) Growth Rate [Monthly],-27.23048587385155,%,sbp_balance_of_trade,monthly
1994-02-28,Exports (BOP) Growth Rate [Monthly],-4.009913327924693,%,sbp_balance_of_trade,monthly
1994-03-31,Exports (BOP) Growth Rate [Monthly],0.6372758058569445,%,sbp_balance_of_trade,monthly
1994-04-30,Exports (BOP) Growth Rate [Monthly],5.809889089720329,%,sbp_balance_of_trade,monthly
1994-05-31,Exports (BOP) Growth Rate [Monthly],7.606308790169464,%,sbp_balance_of_trade,monthly
1994-06-30,Exports (BOP) Growth Rate [Monthly],20.01241255442025,%,sbp_balance_of_trade,monthly
1994-07-31,Exports (BOP) Growth Rate [Monthly],-23.717958269006772,%,sbp_balance_of_trade,monthly
1994-08-31,Exports (BOP) Growth Rate [Monthly],1.1787384507499183,%,sbp_balance_of_trade,monthly
1994-09-30,Exports (BOP) Growth Rate [Monthly],5.421870600154776,%,sbp_balance_of_trade,monthly
1994-10-31,Exports (BOP) Growth Rate [Monthly],-1.5402163490159637,%,sbp_balance_of_trade,monthly
1994-11-30,Exports (BOP) Growth Rate [Monthly],2.5694060420618,%,sbp_balance_of_trade,monthly
1994-12-31,Exports (BOP) Growth Rate [Monthly],16.761468813834398,%,sbp_balance_of_trade,monthly
1995-01-31,Exports (BOP) Growth Rate [Monthly],-4.560320276879594,%,sbp_balance_of_trade,monthly
1995-02-28,Exports (BOP) Growth Rate [Monthly],-6.242038519731622,%,sbp_balance_of_trade,monthly
1995-03-31,Exports (BOP) Growth Rate [Monthly],14.318120747178753,%,sbp_balance_of_trade,monthly
1995-04-30,Exports (BOP) Growth Rate [Monthly],-8.63359342171826,%,sbp_balance_of_trade,monthly
1995-05-31,Exports (BOP) Growth Rate [Monthly],7.6821944466603185,%,sbp_balance_of_trade,monthly
1995-06-30,Exports (BOP) Growth Rate [Monthly],23.03214875814774,%,sbp_balance_of_trade,monthly
1995-07-31,Exports (BOP) Growth Rate [Monthly],-32.476170653297416,%,sbp_balance_of_trade,monthly
1995-08-31,Exports (BOP) Growth Rate [Monthly],17.555938037865744,%,sbp_balance_of_trade,monthly
1995-09-30,Exports (BOP) Growth Rate [Monthly],-12.005856515373353,%,sbp_balance_of_trade,monthly
1995-10-31,Exports (BOP) Growth Rate [Monthly],6.322795341098157,%,sbp_balance_of_trade,monthly
1995-11-30,Exports (BOP) Growth Rate [Monthly],-0.6259780907668215,%,sbp_balance_of_trade,monthly
1995-12-31,Exports (BOP) Growth Rate [Monthly],22.67716535433071,%,sbp_balance_of_trade,monthly
1996-01-31,Exports (BOP) Growth Rate [Monthly],-4.236200256739409,%,sbp_balance_of_trade,monthly
1996-02-29,Exports (BOP) Growth Rate [Monthly],-14.47721179624665,%,sbp_balance_of_trade,monthly
1996-03-31,Exports (BOP) Growth Rate [Monthly],29.467084639498438,%,sbp_balance_of_trade,monthly
1996-04-30,Exports (BOP) Growth Rate [Monthly],-13.075060532687658,%,sbp_balance_of_trade,monthly
1996-05-31,Exports (BOP) Growth Rate [Monthly],-7.799442896935943,%,sbp_balance_of_trade,monthly
1996-06-30,Exports (BOP) Growth Rate [Monthly],21.299093655589132,%,sbp_balance_of_trade,monthly
1996-07-31,Exports (BOP) Growth Rate [Monthly],-31.133250311332503,%,sbp_balance_of_trade,monthly
1996-08-31,Exports (BOP) Growth Rate [Monthly],14.828209764918626,%,sbp_balance_of_trade,monthly
1996-09-30,Exports (BOP) Growth Rate [Monthly],6.771653543307082,%,sbp_balance_of_trade,monthly
1996-10-31,Exports (BOP) Growth Rate [Monthly],15.486725663716811,%,sbp_balance_of_trade,monthly
1996-11-30,Exports (BOP) Growth Rate [Monthly],-20.434227330779052,%,sbp_balance_of_trade,monthly
1996-12-31,Exports (BOP) Growth Rate [Monthly],20.385232744783295,%,sbp_balance_of_trade,monthly
1997-01-31,Exports (BOP) Growth Rate [Monthly],-18.400000000000006,%,sbp_balance_of_trade,monthly
1997-02-28,Exports (BOP) Growth Rate [Monthly],4.901960784313729,%,sbp_balance_of_trade,monthly
1997-03-31,Exports (BOP) Growth Rate [Monthly],14.797507788161994,%,sbp_balance_of_trade,monthly
1997-04-30,Exports (BOP) Growth Rate [Monthly],-4.477611940298516,%,sbp_balance_of_trade,monthly
1997-05-31,Exports (BOP) Growth Rate [Monthly],-0.8522727272727337,%,sbp_balance_of_trade,monthly
1997-06-30,Exports (BOP) Growth Rate [Monthly],-2.4355300859598827,%,sbp_balance_of_trade,monthly
1997-07-31,Exports (BOP) Growth Rate [Monthly],3.3773861967694643,%,sbp_balance_of_trade,monthly
1997-08-31,Exports (BOP) Growth Rate [Monthly],-3.5511363636363598,%,sbp_balance_of_trade,monthly
1997-09-30,Exports (BOP) Growth Rate [Monthly],-2.0618556701030997,%,sbp_balance_of_trade,monthly
1997-10-31,Exports (BOP) Growth Rate [Monthly],11.42857142857143,%,sbp_balance_of_trade,monthly
1997-11-30,Exports (BOP) Growth Rate [Monthly],-7.1524966261808345,%,sbp_balance_of_trade,monthly
1997-12-31,Exports (BOP) Growth Rate [Monthly],7.267441860465112,%,sbp_balance_of_trade,monthly
1998-01-31,Exports (BOP) Growth Rate [Monthly],-15.311653116531161,%,sbp_balance_of_trade,monthly
1998-02-28,Exports (BOP) Growth Rate [Monthly],14.560000000000002,%,sbp_balance_of_trade,monthly
1998-03-31,Exports (BOP) Growth Rate [Monthly],3.2122905027933086,%,sbp_balance_of_trade,monthly
1998-04-30,Exports (BOP) Growth Rate [Monthly],0.13531799729365446,%,sbp_balance_of_trade,monthly
1998-05-31,Exports (BOP) Growth Rate [Monthly],-9.459459459459467,%,sbp_balance_of_trade,monthly
1998-06-30,Exports (BOP) Growth Rate [Monthly],8.805970149253724,%,sbp_balance_of_trade,monthly
1998-07-31,Exports (BOP) Growth Rate [Monthly],-18.93004115226337,%,sbp_balance_of_trade,monthly
1998-08-31,Exports (BOP) Growth Rate [Monthly],7.10659898477158,%,sbp_balance_of_trade,monthly
1998-09-30,Exports (BOP) Growth Rate [Monthly],-0.31595576619272947,%,sbp_balance_of_trade,monthly
1998-10-31,Exports (BOP) Growth Rate [Monthly],-0.47543581616481845,%,sbp_balance_of_trade,monthly
1998-11-30,Exports (BOP) Growth Rate [Monthly],-9.713375796178354,%,sbp_balance_of_trade,monthly
1998-12-31,Exports (BOP) Growth Rate [Monthly],2.4691358024691397,%,sbp_balance_of_trade,monthly
1999-01-31,Exports (BOP) Growth Rate [Monthly],8.433734939759034,%,sbp_balance_of_trade,monthly
1999-02-28,Exports (BOP) Growth Rate [Monthly],2.857142857142847,%,sbp_balance_of_trade,monthly
1999-03-31,Exports (BOP) Growth Rate [Monthly],3.3950617283950493,%,sbp_balance_of_trade,monthly
1999-04-30,Exports (BOP) Growth Rate [Monthly],-5.223880597014926,%,sbp_balance_of_trade,monthly
1999-05-31,Exports (BOP) Growth Rate [Monthly],-6.614173228346459,%,sbp_balance_of_trade,monthly
1999-06-30,Exports (BOP) Growth Rate [Monthly],21.585160202360882,%,sbp_balance_of_trade,monthly
1999-07-31,Exports (BOP) Growth Rate [Monthly],-15.811373092926502,%,sbp_balance_of_trade,monthly
1999-08-31,Exports (BOP) Growth Rate [Monthly],-3.953871499176273,%,sbp_balance_of_trade,monthly
1999-09-30,Exports (BOP) Growth Rate [Monthly],4.288164665523155,%,sbp_balance_of_trade,monthly
1999-10-31,Exports (BOP) Growth Rate [Monthly],1.9736842105263008,%,sbp_balance_of_trade,monthly
1999-11-30,Exports (BOP) Growth Rate [Monthly],1.1290322580645125,%,sbp_balance_of_trade,monthly
1999-12-31,Exports (BOP) Growth Rate [Monthly],16.586921850079747,%,sbp_balance_of_trade,monthly
2000-01-31,Exports (BOP) Growth Rate [Monthly],-15.595075239398085,%,sbp_balance_of_trade,monthly
2000-02-29,Exports (BOP) Growth Rate [Monthly],11.345218800648297,%,sbp_balance_of_trade,monthly
2000-03-31,Exports (BOP) Growth Rate [Monthly],0.5822416302765561,%,sbp_balance_of_trade,monthly
2000-04-30,Exports (BOP) Growth Rate [Monthly],-6.657018813314039,%,sbp_balance_of_trade,monthly
2000-05-31,Exports (BOP) Growth Rate [Monthly],6.976744186046503,%,sbp_balance_of_trade,monthly
2000-06-30,Exports (BOP) Growth Rate [Monthly],57.24637681159422,%,sbp_balance_of_trade,monthly
2000-07-31,Exports (BOP) Growth Rate [Monthly],-39.72350230414746,%,sbp_balance_of_trade,monthly
2000-08-31,Exports (BOP) Growth Rate [Monthly],15.596330275229349,%,sbp_balance_of_trade,monthly
2000-09-30,Exports (BOP) Growth Rate [Monthly],-4.100529100529101,%,sbp_balance_of_trade,monthly
2000-10-31,Exports (BOP) Growth Rate [Monthly],4.551724137931032,%,sbp_balance_of_trade,monthly
2000-11-30,Exports (BOP) Growth Rate [Monthly],-3.957783641160944,%,sbp_balance_of_trade,monthly
2000-12-31,Exports (BOP) Growth Rate [Monthly],-3.434065934065927,%,sbp_balance_of_trade,monthly
2001-01-31,Exports (BOP) Growth Rate [Monthly],10.384068278805117,%,sbp_balance_of_trade,monthly
2001-02-28,Exports (BOP) Growth Rate [Monthly],-6.314432989690715,%,sbp_balance_of_trade,monthly
2001-03-31,Exports (BOP) Growth Rate [Monthly],3.988995873452538,%,sbp_balance_of_trade,monthly
2001-04-30,Exports (BOP) Growth Rate [Monthly],-2.5132275132275055,%,sbp_balance_of_trade,monthly
2001-05-31,Exports (BOP) Growth Rate [Monthly],5.427408412483032,%,sbp_balance_of_trade,monthly
2001-06-30,Exports (BOP) Growth Rate [Monthly],7.7220077220077314,%,sbp_balance_of_trade,monthly
2001-07-31,Exports (BOP) Growth Rate [Monthly],-19.354838709677423,%,sbp_balance_of_trade,monthly
2001-08-31,Exports (BOP) Growth Rate [Monthly],15.70370370370371,%,sbp_balance_of_trade,monthly
2001-09-30,Exports (BOP) Growth Rate [Monthly],-4.353393085787445,%,sbp_balance_of_trade,monthly
2001-10-31,Exports (BOP) Growth Rate [Monthly],15.394912985274416,%,sbp_balance_of_trade,monthly
2001-11-30,Exports (BOP) Growth Rate [Monthly],-8.236658932714619,%,sbp_balance_of_trade,monthly
2001-12-31,Exports (BOP) Growth Rate [Monthly],-15.929203539823007,%,sbp_balance_of_trade,monthly
2002-01-31,Exports (BOP) Growth Rate [Monthly],9.32330827067669,%,sbp_balance_of_trade,monthly
2002-02-28,Exports (BOP) Growth Rate [Monthly],-7.565337001375511,%,sbp_balance_of_trade,monthly
2002-03-31,Exports (BOP) Growth Rate [Monthly],9.821428571428584,%,sbp_balance_of_trade,monthly
2002-04-30,Exports (BOP) Growth Rate [Monthly],11.51761517615175,%,sbp_balance_of_trade,monthly
2002-05-31,Exports (BOP) Growth Rate [Monthly],-4.617253948967189,%,sbp_balance_of_trade,monthly
2002-06-30,Exports (BOP) Growth Rate [Monthly],11.337579617834393,%,sbp_balance_of_trade,monthly
2002-07-31,Exports (BOP) Growth Rate [Monthly],-9.03890160183066,%,sbp_balance_of_trade,monthly
2002-08-31,Exports (BOP) Growth Rate [Monthly],12.578616352201252,%,sbp_balance_of_trade,monthly
2002-09-30,Exports (BOP) Growth Rate [Monthly],4.245810055865931,%,sbp_balance_of_trade,monthly
2002-10-31,Exports (BOP) Growth Rate [Monthly],-9.431939978563776,%,sbp_balance_of_trade,monthly
2002-11-30,Exports (BOP) Growth Rate [Monthly],3.4319526627218977,%,sbp_balance_of_trade,monthly
2002-12-31,Exports (BOP) Growth Rate [Monthly],-4.919908466819223,%,sbp_balance_of_trade,monthly
2003-01-31,Exports (BOP) Growth Rate [Monthly],7.460890493381484,%,sbp_balance_of_trade,monthly
2003-02-28,Exports (BOP) Growth Rate [Monthly],-4.5912653975363895,%,sbp_balance_of_trade,monthly
2003-03-31,Exports (BOP) Growth Rate [Monthly],1.056338028169023,%,sbp_balance_of_trade,monthly
2003-04-30,Exports (BOP) Growth Rate [Monthly],14.053426248548192,%,sbp_balance_of_trade,monthly
2003-05-31,Exports (BOP) Growth Rate [Monthly],4.684317718940932,%,sbp_balance_of_trade,monthly
2003-06-30,Exports (BOP) Growth Rate [Monthly],7.003891050583661,%,sbp_balance_of_trade,monthly
2003-07-31,Exports (BOP) Growth Rate [Monthly],-10.090909090909093,%,sbp_balance_of_trade,monthly
2003-08-31,Exports (BOP) Growth Rate [Monthly],-4.853387259858437,%,sbp_balance_of_trade,monthly
2003-09-30,Exports (BOP) Growth Rate [Monthly],15.196599362380454,%,sbp_balance_of_trade,monthly
2003-10-31,Exports (BOP) Growth Rate [Monthly],-4.8892988929889185,%,sbp_balance_of_trade,monthly
2003-11-30,Exports (BOP) Growth Rate [Monthly],-14.161008729388953,%,sbp_balance_of_trade,monthly
2003-12-31,Exports (BOP) Growth Rate [Monthly],28.70056497175142,%,sbp_balance_of_trade,monthly
2004-01-31,Exports (BOP) Growth Rate [Monthly],-0.8779631255487317,%,sbp_balance_of_trade,monthly
2004-02-29,Exports (BOP) Growth Rate [Monthly],-20.903454384410978,%,sbp_balance_of_trade,monthly
2004-03-31,Exports (BOP) Growth Rate [Monthly],21.388577827547593,%,sbp_balance_of_trade,monthly
2004-04-30,Exports (BOP) Growth Rate [Monthly],2.6752767527675303,%,sbp_balance_of_trade,monthly
2004-05-31,Exports (BOP) Growth Rate [Monthly],-11.769991015274044,%,sbp_balance_of_trade,monthly
2004-06-30,Exports (BOP) Growth Rate [Monthly],14.663951120162949,%,sbp_balance_of_trade,monthly
2004-07-31,Exports (BOP) Growth Rate [Monthly],-3.9964476021314397,%,sbp_balance_of_trade,monthly
2004-08-31,Exports (BOP) Growth Rate [Monthly],3.4169287696577157,%,sbp_balance_of_trade,monthly
2004-09-30,Exports (BOP) Growth Rate [Monthly],6.8038717745275505,%,sbp_balance_of_trade,monthly
2004-10-31,Exports (BOP) Growth Rate [Monthly],-5.9223618090452135,%,sbp_balance_of_trade,monthly
2004-11-30,Exports (BOP) Growth Rate [Monthly],-0.4202843974870092,%,sbp_balance_of_trade,monthly
2004-12-31,Exports (BOP) Growth Rate [Monthly],17.224821780744264,%,sbp_balance_of_trade,monthly
2005-01-31,Exports (BOP) Growth Rate [Monthly],-13.166040921664063,%,sbp_balance_of_trade,monthly
2005-02-28,Exports (BOP) Growth Rate [Monthly],2.523452066970023,%,sbp_balance_of_trade,monthly
2005-03-31,Exports (BOP) Growth Rate [Monthly],23.7743193661438,%,sbp_balance_of_trade,monthly
2005-04-30,Exports (BOP) Growth Rate [Monthly],-15.273148327584195,%,sbp_balance_of_trade,monthly
2005-05-31,Exports (BOP) Growth Rate [Monthly],-3.4240851638769243,%,sbp_balance_of_trade,monthly
2005-06-30,Exports (BOP) Growth Rate [Monthly],16.56685816365888,%,sbp_balance_of_trade,monthly
2005-07-31,Exports (BOP) Growth Rate [Monthly],-15.048747286173707,%,sbp_balance_of_trade,monthly
2005-08-31,Exports (BOP) Growth Rate [Monthly],16.8435780196577,%,sbp_balance_of_trade,monthly
2005-09-30,Exports (BOP) Growth Rate [Monthly],-2.706423057888145,%,sbp_balance_of_trade,monthly
2005-10-31,Exports (BOP) Growth Rate [Monthly],0.0942964545284326,%,sbp_balance_of_trade,monthly
2005-11-30,Exports (BOP) Growth Rate [Monthly],-8.40497115970706,%,sbp_balance_of_trade,monthly
2005-12-31,Exports (BOP) Growth Rate [Monthly],21.397955738258446,%,sbp_balance_of_trade,monthly
2006-01-31,Exports (BOP) Growth Rate [Monthly],-14.303787299339149,%,sbp_balance_of_trade,monthly
2006-02-28,Exports (BOP) Growth Rate [Monthly],2.859119025186459,%,sbp_balance_of_trade,monthly
2006-03-31,Exports (BOP) Growth Rate [Monthly],19.123370804760057,%,sbp_balance_of_trade,monthly
2006-04-30,Exports (BOP) Growth Rate [Monthly],-5.936668421841063,%,sbp_balance_of_trade,monthly
2006-05-31,Exports (BOP) Growth Rate [Monthly],5.241746419495556,%,sbp_balance_of_trade,monthly
2006-06-30,Exports (BOP) Growth Rate [Monthly],-0.2910858371997591,%,sbp_balance_of_trade,monthly
2006-07-31,Exports (BOP) Growth Rate [Monthly],-11.586365916092944,%,sbp_balance_of_trade,monthly
2006-08-31,Exports (BOP) Growth Rate [Monthly],4.540927133583054,%,sbp_balance_of_trade,monthly
2006-09-30,Exports (BOP) Growth Rate [Monthly],-0.24735276168301823,%,sbp_balance_of_trade,monthly
2006-10-31,Exports (BOP) Growth Rate [Monthly],-10.417755786582433,%,sbp_balance_of_trade,monthly
2006-11-30,Exports (BOP) Growth Rate [Monthly],12.43751237134785,%,sbp_balance_of_trade,monthly
2006-12-31,Exports (BOP) Growth Rate [Monthly],6.000848667206739,%,sbp_balance_of_trade,monthly
2007-01-31,Exports (BOP) Growth Rate [Monthly],-21.31503325232265,%,sbp_balance_of_trade,monthly
2007-02-28,Exports (BOP) Growth Rate [Monthly],16.711773535466335,%,sbp_balance_of_trade,monthly
2007-03-31,Exports (BOP) Growth Rate [Monthly],13.18474626569315,%,sbp_balance_of_trade,monthly
2007-04-30,Exports (BOP) Growth Rate [Monthly],-4.5765903520672,%,sbp_balance_of_trade,monthly
2007-05-31,Exports (BOP) Growth Rate [Monthly],7.805648635072188,%,sbp_balance_of_trade,monthly
2007-06-30,Exports (BOP) Growth Rate [Monthly],1.5567553100973157,%,sbp_balance_of_trade,monthly
2007-07-31,Exports (BOP) Growth Rate [Monthly],-6.883948263756665,%,sbp_balance_of_trade,monthly
2007-08-31,Exports (BOP) Growth Rate [Monthly],3.292048046633127,%,sbp_balance_of_trade,monthly
2007-09-30,Exports (BOP) Growth Rate [Monthly],-4.335655843121586,%,sbp_balance_of_trade,monthly
2007-10-31,Exports (BOP) Growth Rate [Monthly],7.713030212726508,%,sbp_balance_of_trade,monthly
2007-11-30,Exports (BOP) Growth Rate [Monthly],-5.012034572227179,%,sbp_balance_of_trade,monthly
2007-12-31,Exports (BOP) Growth Rate [Monthly],-1.2567642706515727,%,sbp_balance_of_trade,monthly
2008-01-31,Exports (BOP) Growth Rate [Monthly],8.787620637244146,%,sbp_balance_of_trade,monthly
2008-02-29,Exports (BOP) Growth Rate [Monthly],-0.8139906794004048,%,sbp_balance_of_trade,monthly
2008-03-31,Exports (BOP) Growth Rate [Monthly],13.124842418281688,%,sbp_balance_of_trade,monthly
2008-04-30,Exports (BOP) Growth Rate [Monthly],4.078381415799797,%,sbp_balance_of_trade,monthly
2008-05-31,Exports (BOP) Growth Rate [Monthly],4.040669926945981,%,sbp_balance_of_trade,monthly
2008-06-30,Exports (BOP) Growth Rate [Monthly],-0.2782984598344598,%,sbp_balance_of_trade,monthly
2008-07-31,Exports (BOP) Growth Rate [Monthly],-1.5032858525088102,%,sbp_balance_of_trade,monthly
2008-08-31,Exports (BOP) Growth Rate [Monthly],-10.55758862041398,%,sbp_balance_of_trade,monthly
2008-09-30,Exports (BOP) Growth Rate [Monthly],10.631448690764273,%,sbp_balance_of_trade,monthly
2008-10-31,Exports (BOP) Growth Rate [Monthly],-30.375153317098267,%,sbp_balance_of_trade,monthly
2008-11-30,Exports (BOP) Growth Rate [Monthly],15.387416607637533,%,sbp_balance_of_trade,monthly
2008-12-31,Exports (BOP) Growth Rate [Monthly],-8.625885532991092,%,sbp_balance_of_trade,monthly
2009-01-31,Exports (BOP) Growth Rate [Monthly],-10.904085736944808,%,sbp_balance_of_trade,monthly
2009-02-28,Exports (BOP) Growth Rate [Monthly],16.938940280339736,%,sbp_balance_of_trade,monthly
2009-03-31,Exports (BOP) Growth Rate [Monthly],-3.0050609160790884,%,sbp_balance_of_trade,monthly
2009-04-30,Exports (BOP) Growth Rate [Monthly],2.935468079432212,%,sbp_balance_of_trade,monthly
2009-05-31,Exports (BOP) Growth Rate [Monthly],-0.01831355731960116,%,sbp_balance_of_trade,monthly
2009-06-30,Exports (BOP) Growth Rate [Monthly],20.81965842562998,%,sbp_balance_of_trade,monthly
2009-07-31,Exports (BOP) Growth Rate [Monthly],-13.757943819332624,%,sbp_balance_of_trade,monthly
2009-08-31,Exports (BOP) Growth Rate [Monthly],-5.671776121768886,%,sbp_balance_of_trade,monthly
2009-09-30,Exports (BOP) Growth Rate [Monthly],9.223966970672919,%,sbp_balance_of_trade,monthly
2009-10-31,Exports (BOP) Growth Rate [Monthly],1.5695203418056423,%,sbp_balance_of_trade,monthly
2009-11-30,Exports (BOP) Growth Rate [Monthly],-12.140520217960045,%,sbp_balance_of_trade,monthly
2009-12-31,Exports (BOP) Growth Rate [Monthly],12.91754814754151,%,sbp_balance_of_trade,monthly
2010-01-31,Exports (BOP) Growth Rate [Monthly],1.0736083328667974,%,sbp_balance_of_trade,monthly
2010-02-28,Exports (BOP) Growth Rate [Monthly],-5.670360143061544,%,sbp_balance_of_trade,monthly
2010-03-31,Exports (BOP) Growth Rate [Monthly],20.244423149535407,%,sbp_balance_of_trade,monthly
2010-04-30,Exports (BOP) Growth Rate [Monthly],-1.9692808127965122,%,sbp_balance_of_trade,monthly
2010-05-31,Exports (BOP) Growth Rate [Monthly],-5.627000343068914,%,sbp_balance_of_trade,monthly
2010-06-30,Exports (BOP) Growth Rate [Monthly],4.225242935411288,%,sbp_balance_of_trade,monthly
2010-07-31,Exports (BOP) Growth Rate [Monthly],-7.550445042746631,%,sbp_balance_of_trade,monthly
2010-08-31,Exports (BOP) Growth Rate [Monthly],9.940872774286078,%,sbp_balance_of_trade,monthly
2010-09-30,Exports (BOP) Growth Rate [Monthly],-1.2435689477316032,%,sbp_balance_of_trade,monthly
2010-10-31,Exports (BOP) Growth Rate [Monthly],2.4964507176929374,%,sbp_balance_of_trade,monthly
2010-11-30,Exports (BOP) Growth Rate [Monthly],5.106874979848669,%,sbp_balance_of_trade,monthly
2010-12-31,Exports (BOP) Growth Rate [Monthly],7.276427528854697,%,sbp_balance_of_trade,monthly
2011-01-31,Exports (BOP) Growth Rate [Monthly],-1.7844772678470804,%,sbp_balance_of_trade,monthly
2011-02-28,Exports (BOP) Growth Rate [Monthly],10.8819127131557,%,sbp_balance_of_trade,monthly
2011-03-31,Exports (BOP) Growth Rate [Monthly],9.572443866266454,%,sbp_balance_of_trade,monthly
2011-04-30,Exports (BOP) Growth Rate [Monthly],3.788698402260678,%,sbp_balance_of_trade,monthly
2011-05-31,Exports (BOP) Growth Rate [Monthly],-12.893998623342057,%,sbp_balance_of_trade,monthly
2011-06-30,Exports (BOP) Growth Rate [Monthly],18.886219253083752,%,sbp_balance_of_trade,monthly
2011-07-31,Exports (BOP) Growth Rate [Monthly],-4.5015609387483835,%,sbp_balance_of_trade,monthly
2011-08-31,Exports (BOP) Growth Rate [Monthly],-0.8489835380809154,%,sbp_balance_of_trade,monthly
2011-09-30,Exports (BOP) Growth Rate [Monthly],-10.622467858547054,%,sbp_balance_of_trade,monthly
2011-10-31,Exports (BOP) Growth Rate [Monthly],3.9245943713903415,%,sbp_balance_of_trade,monthly
2011-11-30,Exports (BOP) Growth Rate [Monthly],-3.5169113067576774,%,sbp_balance_of_trade,monthly
2011-12-31,Exports (BOP) Growth Rate [Monthly],8.206876421688335,%,sbp_balance_of_trade,monthly
2012-01-31,Exports (BOP) Growth Rate [Monthly],-4.006458437047676,%,sbp_balance_of_trade,monthly
2012-02-29,Exports (BOP) Growth Rate [Monthly],9.129934292648368,%,sbp_balance_of_trade,monthly
2012-03-31,Exports (BOP) Growth Rate [Monthly],-0.5323635184353842,%,sbp_balance_of_trade,monthly
2012-04-30,Exports (BOP) Growth Rate [Monthly],-0.19235053253599713,%,sbp_balance_of_trade,monthly
2012-05-31,Exports (BOP) Growth Rate [Monthly],1.9155037477396022,%,sbp_balance_of_trade,monthly
2012-06-30,Exports (BOP) Growth Rate [Monthly],-5.900859196424733,%,sbp_balance_of_trade,monthly
2012-07-31,Exports (BOP) Growth Rate [Monthly],-1.4867325094588963,%,sbp_balance_of_trade,monthly
2012-08-31,Exports (BOP) Growth Rate [Monthly],0.46245667774030136,%,sbp_balance_of_trade,monthly
2012-09-30,Exports (BOP) Growth Rate [Monthly],3.5128800199416452,%,sbp_balance_of_trade,monthly
2012-10-31,Exports (BOP) Growth Rate [Monthly],0.7777943252020248,%,sbp_balance_of_trade,monthly
2012-11-30,Exports (BOP) Growth Rate [Monthly],-4.265121225470746,%,sbp_balance_of_trade,monthly
2012-12-31,Exports (BOP) Growth Rate [Monthly],-8.278810071635679,%,sbp_balance_of_trade,monthly
2013-01-31,Exports (BOP) Growth Rate [Monthly],12.163027996660318,%,sbp_balance_of_trade,monthly
2013-02-28,Exports (BOP) Growth Rate [Monthly],-7.436414832065152,%,sbp_balance_of_trade,monthly
2013-03-31,Exports (BOP) Growth Rate [Monthly],12.779244719396662,%,sbp_balance_of_trade,monthly
2013-04-30,Exports (BOP) Growth Rate [Monthly],1.2511221720442733,%,sbp_balance_of_trade,monthly
2013-05-31,Exports (BOP) Growth Rate [Monthly],2.4414914248705273,%,sbp_balance_of_trade,monthly
2013-06-30,Exports (BOP) Growth Rate [Monthly],-11.673943808851044,%,sbp_balance_of_trade,monthly
2013-07-31,Exports (BOP) Growth Rate [Monthly],10.005163268794863,%,sbp_balance_of_trade,monthly
2013-08-31,Exports (BOP) Growth Rate [Monthly],-8.435245918499746,%,sbp_balance_of_trade,monthly
2013-09-30,Exports (BOP) Growth Rate [Monthly],2.2699174986633506,%,sbp_balance_of_trade,monthly
2013-10-31,Exports (BOP) Growth Rate [Monthly],0.42849595336390556,%,sbp_balance_of_trade,monthly
2013-11-30,Exports (BOP) Growth Rate [Monthly],-11.80087736493542,%,sbp_balance_of_trade,monthly
2013-12-31,Exports (BOP) Growth Rate [Monthly],27.891284119126965,%,sbp_balance_of_trade,monthly
2014-01-31,Exports (BOP) Growth Rate [Monthly],-8.524182305735058,%,sbp_balance_of_trade,monthly
2014-02-28,Exports (BOP) Growth Rate [Monthly],-3.3165477188044834,%,sbp_balance_of_trade,monthly
2014-03-31,Exports (BOP) Growth Rate [Monthly],1.6278399196759392,%,sbp_balance_of_trade,monthly
2014-04-30,Exports (BOP) Growth Rate [Monthly],0.25563993508978106,%,sbp_balance_of_trade,monthly
2014-05-31,Exports (BOP) Growth Rate [Monthly],1.7046004035550792,%,sbp_balance_of_trade,monthly
2014-06-30,Exports (BOP) Growth Rate [Monthly],-1.4429739489680722,%,sbp_balance_of_trade,monthly
2014-07-31,Exports (BOP) Growth Rate [Monthly],-8.709032099516955,%,sbp_balance_of_trade,monthly
2014-08-31,Exports (BOP) Growth Rate [Monthly],-2.0323084162624983,%,sbp_balance_of_trade,monthly
2014-09-30,Exports (BOP) Growth Rate [Monthly],14.94680848073227,%,sbp_balance_of_trade,monthly
2014-10-31,Exports (BOP) Growth Rate [Monthly],-3.378066168999495,%,sbp_balance_of_trade,monthly
2014-11-30,Exports (BOP) Growth Rate [Monthly],-10.871627965219616,%,sbp_balance_of_trade,monthly
2014-12-31,Exports (BOP) Growth Rate [Monthly],21.278858677672872,%,sbp_balance_of_trade,monthly
2015-01-31,Exports (BOP) Growth Rate [Monthly],-12.981835131719368,%,sbp_balance_of_trade,monthly
2015-02-28,Exports (BOP) Growth Rate [Monthly],-5.651728985875107,%,sbp_balance_of_trade,monthly
2015-03-31,Exports (BOP) Growth Rate [Monthly],10.577439826258672,%,sbp_balance_of_trade,monthly
2015-04-30,Exports (BOP) Growth Rate [Monthly],0.8784747673220948,%,sbp_balance_of_trade,monthly
2015-05-31,Exports (BOP) Growth Rate [Monthly],-9.047088704573966,%,sbp_balance_of_trade,monthly
2015-06-30,Exports (BOP) Growth Rate [Monthly],12.287437444881265,%,sbp_balance_of_trade,monthly
2015-07-31,Exports (BOP) Growth Rate [Monthly],-16.674563058428653,%,sbp_balance_of_trade,monthly
2015-08-31,Exports (BOP) Growth Rate [Monthly],-1.1938598581291522,%,sbp_balance_of_trade,monthly
2015-09-30,Exports (BOP) Growth Rate [Monthly],4.7756039918970945,%,sbp_balance_of_trade,monthly
2015-10-31,Exports (BOP) Growth Rate [Monthly],-2.3613401834295695,%,sbp_balance_of_trade,monthly
2015-11-30,Exports (BOP) Growth Rate [Monthly],-2.1372320512804337,%,sbp_balance_of_trade,monthly
2015-12-31,Exports (BOP) Growth Rate [Monthly],11.896549518430485,%,sbp_balance_of_trade,monthly
2016-01-31,Exports (BOP) Growth Rate [Monthly],-13.09707139679157,%,sbp_balance_of_trade,monthly
2016-02-29,Exports (BOP) Growth Rate [Monthly],10.16548347459051,%,sbp_balance_of_trade,monthly
2016-03-31,Exports (BOP) Growth Rate [Monthly],6.706009166941013,%,sbp_balance_of_trade,monthly
2016-04-30,Exports (BOP) Growth Rate [Monthly],-8.597284980287476,%,sbp_balance_of_trade,monthly
2016-05-31,Exports (BOP) Growth Rate [Monthly],7.755554624728016,%,sbp_balance_of_trade,monthly
2016-06-30,Exports (BOP) Growth Rate [Monthly],-4.6960760433045206,%,sbp_balance_of_trade,monthly
2016-07-31,Exports (BOP) Growth Rate [Monthly],-19.228713343129478,%,sbp_balance_of_trade,monthly
2016-08-31,Exports (BOP) Growth Rate [Monthly],23.143239947908363,%,sbp_balance_of_trade,monthly
2016-09-30,Exports (BOP) Growth Rate [Monthly],-9.046843711825241,%,sbp_balance_of_trade,monthly
2016-10-31,Exports (BOP) Growth Rate [Monthly],8.11274882256392,%,sbp_balance_of_trade,monthly
2016-11-30,Exports (BOP) Growth Rate [Monthly],1.8606318234723709,%,sbp_balance_of_trade,monthly
2016-12-31,Exports (BOP) Growth Rate [Monthly],1.6666631326165737,%,sbp_balance_of_trade,monthly
2017-01-31,Exports (BOP) Growth Rate [Monthly],-4.2305666783933935,%,sbp_balance_of_trade,monthly
2017-02-28,Exports (BOP) Growth Rate [Monthly],-0.7730523621368429,%,sbp_balance_of_trade,monthly
2017-03-31,Exports (BOP) Growth Rate [Monthly],15.47022989236679,%,sbp_balance_of_trade,monthly
2017-04-30,Exports (BOP) Growth Rate [Monthly],-11.950604373642545,%,sbp_balance_of_trade,monthly
2017-05-31,Exports (BOP) Growth Rate [Monthly],8.263437217437811,%,sbp_balance_of_trade,monthly
2017-06-30,Exports (BOP) Growth Rate [Monthly],-4.7522761063815055,%,sbp_balance_of_trade,monthly
2017-07-31,Exports (BOP) Growth Rate [Monthly],-3.5562638327394294,%,sbp_balance_of_trade,monthly
2017-08-31,Exports (BOP) Growth Rate [Monthly],15.024766097963676,%,sbp_balance_of_trade,monthly
2017-09-30,Exports (BOP) Growth Rate [Monthly],-16.602870813397132,%,sbp_balance_of_trade,monthly
2017-10-31,Exports (BOP) Growth Rate [Monthly],12.449799196787147,%,sbp_balance_of_trade,monthly
2017-11-30,Exports (BOP) Growth Rate [Monthly],10.86734693877551,%,sbp_balance_of_trade,monthly
2017-12-31,Exports (BOP) Growth Rate [Monthly],-7.5931891394385636,%,sbp_balance_of_trade,monthly
2018-01-31,Exports (BOP) Growth Rate [Monthly],4.083665338645418,%,sbp_balance_of_trade,monthly
2018-02-28,Exports (BOP) Growth Rate [Monthly],-1.5789473684210527,%,sbp_balance_of_trade,monthly
2018-03-31,Exports (BOP) Growth Rate [Monthly],12.591152163344677,%,sbp_balance_of_trade,monthly
2018-04-30,Exports (BOP) Growth Rate [Monthly],-3.4974093264248705,%,sbp_balance_of_trade,monthly
2018-05-31,Exports (BOP) Growth Rate [Monthly],1.342281879194631,%,sbp_balance_of_trade,monthly
2018-06-30,Exports (BOP) Growth Rate [Monthly],-11.081677704194261,%,sbp_balance_of_trade,monthly
2018-07-31,Exports (BOP) Growth Rate [Monthly],-0.0506427342029681,%,sbp_balance_of_trade,monthly
2018-08-31,Exports (BOP) Growth Rate [Monthly],3.083090928644622,%,sbp_balance_of_trade,monthly
2018-09-30,Exports (BOP) Growth Rate [Monthly],-13.013801983182328,%,sbp_balance_of_trade,monthly
2018-10-31,Exports (BOP) Growth Rate [Monthly],14.182293976388474,%,sbp_balance_of_trade,monthly
2018-11-30,Exports (BOP) Growth Rate [Monthly],-7.9077075375655905,%,sbp_balance_of_trade,monthly
2018-12-31,Exports (BOP) Growth Rate [Monthly],6.057392727770516,%,sbp_balance_of_trade,monthly
2019-01-31,Exports (BOP) Growth Rate [Monthly],12.96434935176789,%,sbp_balance_of_trade,monthly
2019-02-28,Exports (BOP) Growth Rate [Monthly],-17.546652779667927,%,sbp_balance_of_trade,monthly
2019-03-31,Exports (BOP) Growth Rate [Monthly],8.642072907952926,%,sbp_balance_of_trade,monthly
2019-04-30,Exports (BOP) Growth Rate [Monthly],2.3098834626097946,%,sbp_balance_of_trade,monthly
2019-05-31,Exports (BOP) Growth Rate [Monthly],11.467257593533324,%,sbp_balance_of_trade,monthly
2019-06-30,Exports (BOP) Growth Rate [Monthly],-22.55705745765371,%,sbp_balance_of_trade,monthly
2019-07-31,Exports (BOP) Growth Rate [Monthly],23.233547447119772,%,sbp_balance_of_trade,monthly
2019-08-31,Exports (BOP) Growth Rate [Monthly],-14.478259279607048,%,sbp_balance_of_trade,monthly
2019-09-30,Exports (BOP) Growth Rate [Monthly],-0.7916730453038976,%,sbp_balance_of_trade,monthly
2019-10-31,Exports (BOP) Growth Rate [Monthly],16.481210941130275,%,sbp_balance_of_trade,monthly
2019-11-30,Exports (BOP) Growth Rate [Monthly],-3.5617237679907765,%,sbp_balance_of_trade,monthly
2019-12-31,Exports (BOP) Growth Rate [Monthly],-0.14182628367172148,%,sbp_balance_of_trade,monthly
2020-01-31,Exports (BOP) Growth Rate [Monthly],-2.5599669681767403,%,sbp_balance_of_trade,monthly
2020-02-29,Exports (BOP) Growth Rate [Monthly],-2.9156262481923463,%,sbp_balance_of_trade,monthly
2020-03-31,Exports (BOP) Growth Rate [Monthly],-8.767201176474018,%,sbp_balance_of_trade,monthly
2020-04-30,Exports (BOP) Growth Rate [Monthly],-21.854395799085268,%,sbp_balance_of_trade,monthly
2020-05-31,Exports (BOP) Growth Rate [Monthly],-11.524809441250596,%,sbp_balance_of_trade,monthly
2020-06-30,Exports (BOP) Growth Rate [Monthly],24.937383018790086,%,sbp_balance_of_trade,monthly
2020-07-31,Exports (BOP) Growth Rate [Monthly],19.96092093155221,%,sbp_balance_of_trade,monthly
2020-08-31,Exports (BOP) Growth Rate [Monthly],-19.715254196721325,%,sbp_balance_of_trade,monthly
2020-09-30,Exports (BOP) Growth Rate [Monthly],28.519620981714194,%,sbp_balance_of_trade,monthly
2020-10-31,Exports (BOP) Growth Rate [Monthly],1.127207756989575,%,sbp_balance_of_trade,monthly
2020-11-30,Exports (BOP) Growth Rate [Monthly],13.764378558899573,%,sbp_balance_of_trade,monthly
2020-12-31,Exports (BOP) Growth Rate [Monthly],0.6706769204055124,%,sbp_balance_of_trade,monthly
2021-01-31,Exports (BOP) Growth Rate [Monthly],-6.87588989687324,%,sbp_balance_of_trade,monthly
2021-02-28,Exports (BOP) Growth Rate [Monthly],3.9990035900921144,%,sbp_balance_of_trade,monthly
2021-03-31,Exports (BOP) Growth Rate [Monthly],19.783550763616752,%,sbp_balance_of_trade,monthly
2021-04-30,Exports (BOP) Growth Rate [Monthly],-11.92895246327287,%,sbp_balance_of_trade,monthly
2021-05-31,Exports (BOP) Growth Rate [Monthly],-7.550254494488401,%,sbp_balance_of_trade,monthly
2021-06-30,Exports (BOP) Growth Rate [Monthly],16.9943909197592,%,sbp_balance_of_trade,monthly
2021-07-31,Exports (BOP) Growth Rate [Monthly],-10.351668263567479,%,sbp_balance_of_trade,monthly
2021-08-31,Exports (BOP) Growth Rate [Monthly],4.697950317780751,%,sbp_balance_of_trade,monthly
2021-09-30,Exports (BOP) Growth Rate [Monthly],12.315001794540644,%,sbp_balance_of_trade,monthly
2021-10-31,Exports (BOP) Growth Rate [Monthly],-9.592730365337204,%,sbp_balance_of_trade,monthly
2021-11-30,Exports (BOP) Growth Rate [Monthly],15.239260263792554,%,sbp_balance_of_trade,monthly
2021-12-31,Exports (BOP) Growth Rate [Monthly],7.054383900473306,%,sbp_balance_of_trade,monthly
2022-01-31,Exports (BOP) Growth Rate [Monthly],-14.575741868047665,%,sbp_balance_of_trade,monthly
2022-02-28,Exports (BOP) Growth Rate [Monthly],15.464183188357039,%,sbp_balance_of_trade,monthly
2022-03-31,Exports (BOP) Growth Rate [Monthly],6.262077401559189,%,sbp_balance_of_trade,monthly
2022-04-30,Exports (BOP) Growth Rate [Monthly],2.638093648737205,%,sbp_balance_of_trade,monthly
2022-05-31,Exports (BOP) Growth Rate [Monthly],-20.527892151138765,%,sbp_balance_of_trade,monthly
2022-06-30,Exports (BOP) Growth Rate [Monthly],24.95091824329789,%,sbp_balance_of_trade,monthly
2022-07-31,Exports (BOP) Growth Rate [Monthly],-29.232984614815393,%,sbp_balance_of_trade,monthly
2022-08-31,Exports (BOP) Growth Rate [Monthly],23.43286370289231,%,sbp_balance_of_trade,monthly
2022-09-30,Exports (BOP) Growth Rate [Monthly],-10.828232143628053,%,sbp_balance_of_trade,monthly
2022-10-31,Exports (BOP) Growth Rate [Monthly],-6.438096447965795,%,sbp_balance_of_trade,monthly
2022-11-30,Exports (BOP) Growth Rate [Monthly],-1.5338443676149,%,sbp_balance_of_trade,monthly
2022-12-31,Exports (BOP) Growth Rate [Monthly],2.7582283133182983,%,sbp_balance_of_trade,monthly
2023-01-31,Exports (BOP) Growth Rate [Monthly],-3.728584688423712,%,sbp_balance_of_trade,monthly
2023-02-28,Exports (BOP) Growth Rate [Monthly],-1.0310032767922415,%,sbp_balance_of_trade,monthly
2023-03-31,Exports (BOP) Growth Rate [Monthly],10.140329505273685,%,sbp_balance_of_trade,monthly
2023-04-30,Exports (BOP) Growth Rate [Monthly],-11.850805749637654,%,sbp_balance_of_trade,monthly
2023-05-31,Exports (BOP) Growth Rate [Monthly],20.139571403626316,%,sbp_balance_of_trade,monthly
2023-06-30,Exports (BOP) Growth Rate [Monthly],-17.699593941289983,%,sbp_balance_of_trade,monthly
2023-07-31,Exports (BOP) Growth Rate [Monthly],-0.33091570651297536,%,sbp_balance_of_trade,monthly
2023-08-31,Exports (BOP) Growth Rate [Monthly],14.594046511604056,%,sbp_balance_of_trade,monthly
2023-09-30,Exports (BOP) Growth Rate [Monthly],1.1575120933389287,%,sbp_balance_of_trade,monthly
2023-10-31,Exports (BOP) Growth Rate [Monthly],11.565951147435333,%,sbp_balance_of_trade,monthly
2023-11-30,Exports (BOP) Growth Rate [Monthly],-0.8838020712686939,%,sbp_balance_of_trade,monthly
2023-12-31,Exports (BOP) Growth Rate [Monthly],3.1891317737744624,%,sbp_balance_of_trade,monthly
2024-01-31,Exports (BOP) Growth Rate [Monthly],-3.702366374950556,%,sbp_balance_of_trade,monthly
2024-02-29,Exports (BOP) Growth Rate [Monthly],-5.448151291971978,%,sbp_balance_of_trade,monthly
2024-03-31,Exports (BOP) Growth Rate [Monthly],-0.430797328966829,%,sbp_balance_of_trade,monthly
2024-04-30,Exports (BOP) Growth Rate [Monthly],4.557683773272517,%,sbp_balance_of_trade,monthly
2024-05-31,Exports (BOP) Growth Rate [Monthly],13.984761173735203,%,sbp_balance_of_trade,monthly
2024-06-30,Exports (BOP) Growth Rate [Monthly],-18.754832185872843,%,sbp_balance_of_trade,monthly
2024-07-31,Exports (BOP) Growth Rate [Monthly],-3.193470553716332,%,sbp_balance_of_trade,monthly
2024-08-31,Exports (BOP) Growth Rate [Monthly],3.1284674671525425,%,sbp_balance_of_trade,monthly
2024-09-30,Exports (BOP) Growth Rate [Monthly],7.256996090514736,%,sbp_balance_of_trade,monthly
2024-10-31,Exports (BOP) Growth Rate [Monthly],14.910681464383169,%,sbp_balance_of_trade,monthly
2024-11-30,Exports (BOP) Growth Rate [Monthly],-7.186459886747822,%,sbp_balance_of_trade,monthly
2024-12-31,Exports (BOP) Growth Rate [Monthly],11.434742185163836,%,sbp_balance_of_trade,monthly
2025-01-31,Exports (BOP) Growth Rate [Monthly],-3.2186738684972385,%,sbp_balance_of_trade,monthly
2025-02-28,Exports (BOP) Growth Rate [Monthly],-13.293989127389272,%,sbp_balance_of_trade,monthly
2025-03-31,Exports (BOP) Growth Rate [Monthly],5.75211788902057,%,sbp_balance_of_trade,monthly
2025-04-30,Exports (BOP) Growth Rate [Monthly],-5.545851358110302,%,sbp_balance_of_trade,monthly
2025-05-31,Exports (BOP) Growth Rate [Monthly],-6.21678443433148,%,sbp_balance_of_trade,monthly
2025-06-30,Exports (BOP) Growth Rate [Monthly],6.013921037762851,%,sbp_balance_of_trade,monthly
2025-07-31,Exports (BOP) Growth Rate [Monthly],6.137824811003016,%,sbp_balance_of_trade,monthly
2025-08-31,Exports (BOP) Growth Rate [Monthly],-9.528600641067078,%,sbp_balance_of_trade,monthly
2025-09-30,Exports (BOP) Growth Rate [Monthly],4.86445694342736,%,sbp_balance_of_trade,monthly
2025-10-31,Exports (BOP) Growth Rate [Monthly],0.8955304397828597,%,sbp_balance_of_trade,monthly
2025-11-30,Exports (BOP) Growth Rate [Monthly],-13.499534875682858,%,sbp_balance_of_trade,monthly
2025-12-31,Exports (BOP) Growth Rate [Monthly],21.12503847238249,%,sbp_balance_of_trade,monthly
2026-01-31,Exports (BOP) Growth Rate [Monthly],-0.327242273101407,%,sbp_balance_of_trade,monthly
2026-02-28,Exports (BOP) Growth Rate [Monthly],-9.750062996429925,%,sbp_balance_of_trade,monthly
2026-03-31,Exports (BOP) Growth Rate [Monthly],1.8966657454030138,%,sbp_balance_of_trade,monthly
2026-04-30,Exports (BOP) Growth Rate [Monthly],3.598815068126416,%,sbp_balance_of_trade,monthly
2026-05-31,Exports (BOP) Growth Rate [Monthly],-10.005725898984505,%,sbp_balance_of_trade,monthly
2026-06-30,Exports (BOP) Growth Rate [Monthly],10.101277570190822,%,sbp_balance_of_trade,monthly
1971-07-31,Exports (BOP) Growth Rate [Period to Period],17.750941496808494,%,sbp_balance_of_trade,monthly
1971-08-31,Exports (BOP) Growth Rate [Period to Period],23.009545195522335,%,sbp_balance_of_trade,monthly
1971-09-30,Exports (BOP) Growth Rate [Period to Period],15.637634721817676,%,sbp_balance_of_trade,monthly
1971-10-31,Exports (BOP) Growth Rate [Period to Period],3.896873131055685,%,sbp_balance_of_trade,monthly
1971-11-30,Exports (BOP) Growth Rate [Period to Period],0.08579591402251197,%,sbp_balance_of_trade,monthly
1971-12-31,Exports (BOP) Growth Rate [Period to Period],-7.065895953757206,%,sbp_balance_of_trade,monthly
1972-01-31,Exports (BOP) Growth Rate [Period to Period],-10.112284395656076,%,sbp_balance_of_trade,monthly
1972-02-29,Exports (BOP) Growth Rate [Period to Period],-7.4613631166752015,%,sbp_balance_of_trade,monthly
1972-03-31,Exports (BOP) Growth Rate [Period to Period],-7.536655893859489,%,sbp_balance_of_trade,monthly
1972-04-30,Exports (BOP) Growth Rate [Period to Period],-5.434445216897302,%,sbp_balance_of_trade,monthly
1972-05-31,Exports (BOP) Growth Rate [Period to Period],-6.45136695504101,%,sbp_balance_of_trade,monthly
1972-06-30,Exports (BOP) Growth Rate [Period to Period],-8.552035983982748,%,sbp_balance_of_trade,monthly
1972-07-31,Exports (BOP) Growth Rate [Period to Period],-32.06452832906449,%,sbp_balance_of_trade,monthly
1972-08-31,Exports (BOP) Growth Rate [Period to Period],-21.83918247196594,%,sbp_balance_of_trade,monthly
1972-09-30,Exports (BOP) Growth Rate [Period to Period],-21.800741225201676,%,sbp_balance_of_trade,monthly
1972-10-31,Exports (BOP) Growth Rate [Period to Period],-15.209723792952374,%,sbp_balance_of_trade,monthly
1972-11-30,Exports (BOP) Growth Rate [Period to Period],-8.341836741887661,%,sbp_balance_of_trade,monthly
1972-12-31,Exports (BOP) Growth Rate [Period to Period],2.4635065387416546,%,sbp_balance_of_trade,monthly
1973-01-31,Exports (BOP) Growth Rate [Period to Period],7.908630018247948,%,sbp_balance_of_trade,monthly
1973-02-28,Exports (BOP) Growth Rate [Period to Period],6.302549853773428,%,sbp_balance_of_trade,monthly
1973-03-31,Exports (BOP) Growth Rate [Period to Period],10.267344174278634,%,sbp_balance_of_trade,monthly
1973-04-30,Exports (BOP) Growth Rate [Period to Period],11.862562458829302,%,sbp_balance_of_trade,monthly
1973-05-31,Exports (BOP) Growth Rate [Period to Period],19.49527246801736,%,sbp_balance_of_trade,monthly
1973-06-30,Exports (BOP) Growth Rate [Period to Period],22.593071815299524,%,sbp_balance_of_trade,monthly
1973-07-31,Exports (BOP) Growth Rate [Period to Period],37.678422738785,%,sbp_balance_of_trade,monthly
1973-08-31,Exports (BOP) Growth Rate [Period to Period],64.90419076287509,%,sbp_balance_of_trade,monthly
1973-09-30,Exports (BOP) Growth Rate [Period to Period],67.6269243874485,%,sbp_balance_of_trade,monthly
1973-10-31,Exports (BOP) Growth Rate [Period to Period],58.13094714634249,%,sbp_balance_of_trade,monthly
1973-11-30,Exports (BOP) Growth Rate [Period to Period],67.57091594722297,%,sbp_balance_of_trade,monthly
1973-12-31,Exports (BOP) Growth Rate [Period to Period],57.46606645583745,%,sbp_balance_of_trade,monthly
1974-01-31,Exports (BOP) Growth Rate [Period to Period],51.29517931516594,%,sbp_balance_of_trade,monthly
1974-02-28,Exports (BOP) Growth Rate [Period to Period],45.20328549037302,%,sbp_balance_of_trade,monthly
1974-03-31,Exports (BOP) Growth Rate [Period to Period],38.32354077111373,%,sbp_balance_of_trade,monthly
1974-04-30,Exports (BOP) Growth Rate [Period to Period],32.164676974545955,%,sbp_balance_of_trade,monthly
1974-05-31,Exports (BOP) Growth Rate [Period to Period],34.01210443916588,%,sbp_balance_of_trade,monthly
1974-06-30,Exports (BOP) Growth Rate [Period to Period],33.09264313820543,%,sbp_balance_of_trade,monthly
1974-07-31,Exports (BOP) Growth Rate [Period to Period],51.35466689847908,%,sbp_balance_of_trade,monthly
1974-08-31,Exports (BOP) Growth Rate [Period to Period],30.060597744439264,%,sbp_balance_of_trade,monthly
1974-09-30,Exports (BOP) Growth Rate [Period to Period],16.62200868520746,%,sbp_balance_of_trade,monthly
1974-10-31,Exports (BOP) Growth Rate [Period to Period],13.04199763435156,%,sbp_balance_of_trade,monthly
1974-11-30,Exports (BOP) Growth Rate [Period to Period],-0.7376337911382933,%,sbp_balance_of_trade,monthly
1974-12-31,Exports (BOP) Growth Rate [Period to Period],-0.5756776205324741,%,sbp_balance_of_trade,monthly
1975-01-31,Exports (BOP) Growth Rate [Period to Period],-0.6618226138206467,%,sbp_balance_of_trade,monthly
1975-02-28,Exports (BOP) Growth Rate [Period to Period],0.14928863581226892,%,sbp_balance_of_trade,monthly
1975-03-31,Exports (BOP) Growth Rate [Period to Period],0.1290285167519869,%,sbp_balance_of_trade,monthly
1975-04-30,Exports (BOP) Growth Rate [Period to Period],2.019960362008888,%,sbp_balance_of_trade,monthly
1975-05-31,Exports (BOP) Growth Rate [Period to Period],-3.847225634213885,%,sbp_balance_of_trade,monthly
1975-06-30,Exports (BOP) Growth Rate [Period to Period],-4.128776622090129,%,sbp_balance_of_trade,monthly
1975-07-31,Exports (BOP) Growth Rate [Period to Period],17.00370753083517,%,sbp_balance_of_trade,monthly
1975-08-31,Exports (BOP) Growth Rate [Period to Period],3.706865831922258,%,sbp_balance_of_trade,monthly
1975-09-30,Exports (BOP) Growth Rate [Period to Period],9.986531453018529,%,sbp_balance_of_trade,monthly
1975-10-31,Exports (BOP) Growth Rate [Period to Period],12.370438127779337,%,sbp_balance_of_trade,monthly
1975-11-30,Exports (BOP) Growth Rate [Period to Period],18.8049034908168,%,sbp_balance_of_trade,monthly
1975-12-31,Exports (BOP) Growth Rate [Period to Period],15.968856234236199,%,sbp_balance_of_trade,monthly
1976-01-31,Exports (BOP) Growth Rate [Period to Period],18.541825109469045,%,sbp_balance_of_trade,monthly
1976-02-29,Exports (BOP) Growth Rate [Period to Period],20.243847144270347,%,sbp_balance_of_trade,monthly
1976-03-31,Exports (BOP) Growth Rate [Period to Period],20.885819361190755,%,sbp_balance_of_trade,monthly
1976-04-30,Exports (BOP) Growth Rate [Period to Period],20.780519139214704,%,sbp_balance_of_trade,monthly
1976-05-31,Exports (BOP) Growth Rate [Period to Period],18.814061464344633,%,sbp_balance_of_trade,monthly
1976-06-30,Exports (BOP) Growth Rate [Period to Period],18.87231096691535,%,sbp_balance_of_trade,monthly
1976-07-31,Exports (BOP) Growth Rate [Period to Period],-1.3643693289203611,%,sbp_balance_of_trade,monthly
1976-08-31,Exports (BOP) Growth Rate [Period to Period],-8.061142288706137,%,sbp_balance_of_trade,monthly
1976-09-30,Exports (BOP) Growth Rate [Period to Period],-7.653520619484993,%,sbp_balance_of_trade,monthly
1976-10-31,Exports (BOP) Growth Rate [Period to Period],-0.16407190768212843,%,sbp_balance_of_trade,monthly
1976-11-30,Exports (BOP) Growth Rate [Period to Period],1.6638114796808026,%,sbp_balance_of_trade,monthly
1976-12-31,Exports (BOP) Growth Rate [Period to Period],0.574930024964047,%,sbp_balance_of_trade,monthly
1977-01-31,Exports (BOP) Growth Rate [Period to Period],-2.675949785254531,%,sbp_balance_of_trade,monthly
1977-02-28,Exports (BOP) Growth Rate [Period to Period],-3.7220591440604096,%,sbp_balance_of_trade,monthly
1977-03-31,Exports (BOP) Growth Rate [Period to Period],-2.887736402726077,%,sbp_balance_of_trade,monthly
1977-04-30,Exports (BOP) Growth Rate [Period to Period],-5.726678452995742,%,sbp_balance_of_trade,monthly
1977-05-31,Exports (BOP) Growth Rate [Period to Period],-4.015917734676549,%,sbp_balance_of_trade,monthly
1977-06-30,Exports (BOP) Growth Rate [Period to Period],-2.6137143949864026,%,sbp_balance_of_trade,monthly
1977-07-31,Exports (BOP) Growth Rate [Period to Period],-28.77901303892581,%,sbp_balance_of_trade,monthly
1977-08-31,Exports (BOP) Growth Rate [Period to Period],-18.668060362356044,%,sbp_balance_of_trade,monthly
1977-09-30,Exports (BOP) Growth Rate [Period to Period],-10.491419656786263,%,sbp_balance_of_trade,monthly
1977-10-31,Exports (BOP) Growth Rate [Period to Period],-7.173878351896363,%,sbp_balance_of_trade,monthly
1977-11-30,Exports (BOP) Growth Rate [Period to Period],-8.807171860338556,%,sbp_balance_of_trade,monthly
1977-12-31,Exports (BOP) Growth Rate [Period to Period],-1.9368183527641776,%,sbp_balance_of_trade,monthly
1978-01-31,Exports (BOP) Growth Rate [Period to Period],5.871991096531119,%,sbp_balance_of_trade,monthly
1978-02-28,Exports (BOP) Growth Rate [Period to Period],11.90447652091484,%,sbp_balance_of_trade,monthly
1978-03-31,Exports (BOP) Growth Rate [Period to Period],19.067587567834238,%,sbp_balance_of_trade,monthly
1978-04-30,Exports (BOP) Growth Rate [Period to Period],28.90986960570507,%,sbp_balance_of_trade,monthly
1978-05-31,Exports (BOP) Growth Rate [Period to Period],31.074743856423396,%,sbp_balance_of_trade,monthly
1978-06-30,Exports (BOP) Growth Rate [Period to Period],32.265262406283455,%,sbp_balance_of_trade,monthly
1978-07-31,Exports (BOP) Growth Rate [Period to Period],33.3467549680403,%,sbp_balance_of_trade,monthly
1978-08-31,Exports (BOP) Growth Rate [Period to Period],30.532986221221392,%,sbp_balance_of_trade,monthly
1978-09-30,Exports (BOP) Growth Rate [Period to Period],23.267973856209153,%,sbp_balance_of_trade,monthly
1978-10-31,Exports (BOP) Growth Rate [Period to Period],21.87966496028224,%,sbp_balance_of_trade,monthly
1978-11-30,Exports (BOP) Growth Rate [Period to Period],23.358287482668104,%,sbp_balance_of_trade,monthly
1978-12-31,Exports (BOP) Growth Rate [Period to Period],21.744966442953,%,sbp_balance_of_trade,monthly
1979-01-31,Exports (BOP) Growth Rate [Period to Period],21.291315805859966,%,sbp_balance_of_trade,monthly
1979-02-28,Exports (BOP) Growth Rate [Period to Period],20.353008189282207,%,sbp_balance_of_trade,monthly
1979-03-31,Exports (BOP) Growth Rate [Period to Period],15.123264967888943,%,sbp_balance_of_trade,monthly
1979-04-30,Exports (BOP) Growth Rate [Period to Period],11.109156288920843,%,sbp_balance_of_trade,monthly
1979-05-31,Exports (BOP) Growth Rate [Period to Period],9.593485929955463,%,sbp_balance_of_trade,monthly
1979-06-30,Exports (BOP) Growth Rate [Period to Period],9.845468655104966,%,sbp_balance_of_trade,monthly
1979-07-31,Exports (BOP) Growth Rate [Period to Period],43.25259086250486,%,sbp_balance_of_trade,monthly
1979-08-31,Exports (BOP) Growth Rate [Period to Period],30.673825534666605,%,sbp_balance_of_trade,monthly
1979-09-30,Exports (BOP) Growth Rate [Period to Period],42.48851184164016,%,sbp_balance_of_trade,monthly
1979-10-31,Exports (BOP) Growth Rate [Period to Period],50.82501846259231,%,sbp_balance_of_trade,monthly
1979-11-30,Exports (BOP) Growth Rate [Period to Period],48.90792533949585,%,sbp_balance_of_trade,monthly
1979-12-31,Exports (BOP) Growth Rate [Period to Period],47.34603874625924,%,sbp_balance_of_trade,monthly
1980-01-31,Exports (BOP) Growth Rate [Period to Period],41.8654760994651,%,sbp_balance_of_trade,monthly
1980-02-29,Exports (BOP) Growth Rate [Period to Period],44.54613789361491,%,sbp_balance_of_trade,monthly
1980-03-31,Exports (BOP) Growth Rate [Period to Period],46.823825805290625,%,sbp_balance_of_trade,monthly
1980-04-30,Exports (BOP) Growth Rate [Period to Period],48.382556228689054,%,sbp_balance_of_trade,monthly
1980-05-31,Exports (BOP) Growth Rate [Period to Period],45.78153974915679,%,sbp_balance_of_trade,monthly
1980-06-30,Exports (BOP) Growth Rate [Period to Period],42.36392677233073,%,sbp_balance_of_trade,monthly
1980-07-31,Exports (BOP) Growth Rate [Period to Period],17.413711083246525,%,sbp_balance_of_trade,monthly
1980-08-31,Exports (BOP) Growth Rate [Period to Period],24.79962917304141,%,sbp_balance_of_trade,monthly
1980-09-30,Exports (BOP) Growth Rate [Period to Period],28.479285537087577,%,sbp_balance_of_trade,monthly
1980-10-31,Exports (BOP) Growth Rate [Period to Period],16.47127641079365,%,sbp_balance_of_trade,monthly
1980-11-30,Exports (BOP) Growth Rate [Period to Period],17.79492319060283,%,sbp_balance_of_trade,monthly
1980-12-31,Exports (BOP) Growth Rate [Period to Period],24.126135756280064,%,sbp_balance_of_trade,monthly
1981-01-31,Exports (BOP) Growth Rate [Period to Period],27.19523779010578,%,sbp_balance_of_trade,monthly
1981-02-28,Exports (BOP) Growth Rate [Period to Period],23.624963346723064,%,sbp_balance_of_trade,monthly
1981-03-31,Exports (BOP) Growth Rate [Period to Period],22.177962985660017,%,sbp_balance_of_trade,monthly
1981-04-30,Exports (BOP) Growth Rate [Period to Period],20.150202034268887,%,sbp_balance_of_trade,monthly
1981-05-31,Exports (BOP) Growth Rate [Period to Period],19.280358082664705,%,sbp_balance_of_trade,monthly
1981-06-30,Exports (BOP) Growth Rate [Period to Period],19.55639941313541,%,sbp_balance_of_trade,monthly
1981-07-31,Exports (BOP) Growth Rate [Period to Period],17.848143608059416,%,sbp_balance_of_trade,monthly
1981-08-31,Exports (BOP) Growth Rate [Period to Period],12.607199781545958,%,sbp_balance_of_trade,monthly
1981-09-30,Exports (BOP) Growth Rate [Period to Period],5.657462830662283,%,sbp_balance_of_trade,monthly
1981-10-31,Exports (BOP) Growth Rate [Period to Period],1.4367414836326446,%,sbp_balance_of_trade,monthly
1981-11-30,Exports (BOP) Growth Rate [Period to Period],-1.29767371450167,%,sbp_balance_of_trade,monthly
1981-12-31,Exports (BOP) Growth Rate [Period to Period],-6.946537958261331,%,sbp_balance_of_trade,monthly
1982-01-31,Exports (BOP) Growth Rate [Period to Period],-12.522040643386973,%,sbp_balance_of_trade,monthly
1982-02-28,Exports (BOP) Growth Rate [Period to Period],-18.55771043217274,%,sbp_balance_of_trade,monthly
1982-03-31,Exports (BOP) Growth Rate [Period to Period],-20.444627673151004,%,sbp_balance_of_trade,monthly
1982-04-30,Exports (BOP) Growth Rate [Period to Period],-21.337768151556062,%,sbp_balance_of_trade,monthly
1982-05-31,Exports (BOP) Growth Rate [Period to Period],-19.089569154054146,%,sbp_balance_of_trade,monthly
1982-06-30,Exports (BOP) Growth Rate [Period to Period],-17.241487683317942,%,sbp_balance_of_trade,monthly
1982-07-31,Exports (BOP) Growth Rate [Period to Period],-9.522736441564774,%,sbp_balance_of_trade,monthly
1982-08-31,Exports (BOP) Growth Rate [Period to Period],-1.9769116980259156,%,sbp_balance_of_trade,monthly
1982-09-30,Exports (BOP) Growth Rate [Period to Period],-5.919188789419678,%,sbp_balance_of_trade,monthly
1982-10-31,Exports (BOP) Growth Rate [Period to Period],-3.6428836844179955,%,sbp_balance_of_trade,monthly
1982-11-30,Exports (BOP) Growth Rate [Period to Period],-0.6267042587385703,%,sbp_balance_of_trade,monthly
1982-12-31,Exports (BOP) Growth Rate [Period to Period],1.7988724489721903,%,sbp_balance_of_trade,monthly
1983-01-31,Exports (BOP) Growth Rate [Period to Period],4.018600579661992,%,sbp_balance_of_trade,monthly
1983-02-28,Exports (BOP) Growth Rate [Period to Period],8.63271720195955,%,sbp_balance_of_trade,monthly
1983-03-31,Exports (BOP) Growth Rate [Period to Period],9.798440748457708,%,sbp_balance_of_trade,monthly
1983-04-30,Exports (BOP) Growth Rate [Period to Period],11.375289772107863,%,sbp_balance_of_trade,monthly
1983-05-31,Exports (BOP) Growth Rate [Period to Period],12.282247643504604,%,sbp_balance_of_trade,monthly
1983-06-30,Exports (BOP) Growth Rate [Period to Period],13.405674186093705,%,sbp_balance_of_trade,monthly
1983-07-31,Exports (BOP) Growth Rate [Period to Period],27.523088987566325,%,sbp_balance_of_trade,monthly
1983-08-31,Exports (BOP) Growth Rate [Period to Period],33.274121714029036,%,sbp_balance_of_trade,monthly
1983-09-30,Exports (BOP) Growth Rate [Period to Period],27.886257067829717,%,sbp_balance_of_trade,monthly
1983-10-31,Exports (BOP) Growth Rate [Period to Period],24.642240727359052,%,sbp_balance_of_trade,monthly
1983-11-30,Exports (BOP) Growth Rate [Period to Period],20.36765242654242,%,sbp_balance_of_trade,monthly
1983-12-31,Exports (BOP) Growth Rate [Period to Period],21.616040317869675,%,sbp_balance_of_trade,monthly
1984-01-31,Exports (BOP) Growth Rate [Period to Period],18.196306395760004,%,sbp_balance_of_trade,monthly
1984-02-29,Exports (BOP) Growth Rate [Period to Period],14.962285738352563,%,sbp_balance_of_trade,monthly
1984-03-31,Exports (BOP) Growth Rate [Period to Period],10.212835766781552,%,sbp_balance_of_trade,monthly
1984-04-30,Exports (BOP) Growth Rate [Period to Period],8.393863005162942,%,sbp_balance_of_trade,monthly
1984-05-31,Exports (BOP) Growth Rate [Period to Period],4.42745611990523,%,sbp_balance_of_trade,monthly
1984-06-30,Exports (BOP) Growth Rate [Period to Period],1.479347009401664,%,sbp_balance_of_trade,monthly
1984-07-31,Exports (BOP) Growth Rate [Period to Period],-19.785680507704797,%,sbp_balance_of_trade,monthly
1984-08-31,Exports (BOP) Growth Rate [Period to Period],-23.35558260898449,%,sbp_balance_of_trade,monthly
1984-09-30,Exports (BOP) Growth Rate [Period to Period],-24.383086557242933,%,sbp_balance_of_trade,monthly
1984-10-31,Exports (BOP) Growth Rate [Period to Period],-19.530104799703125,%,sbp_balance_of_trade,monthly
1984-11-30,Exports (BOP) Growth Rate [Period to Period],-16.02440640757264,%,sbp_balance_of_trade,monthly
1984-12-31,Exports (BOP) Growth Rate [Period to Period],-13.969375584147528,%,sbp_balance_of_trade,monthly
1985-01-31,Exports (BOP) Growth Rate [Period to Period],-9.755154887350614,%,sbp_balance_of_trade,monthly
1985-02-28,Exports (BOP) Growth Rate [Period to Period],-8.999310399630176,%,sbp_balance_of_trade,monthly
1985-03-31,Exports (BOP) Growth Rate [Period to Period],-7.074313350351829,%,sbp_balance_of_trade,monthly
1985-04-30,Exports (BOP) Growth Rate [Period to Period],-7.326754961063841,%,sbp_balance_of_trade,monthly
1985-05-31,Exports (BOP) Growth Rate [Period to Period],-7.12342337513482,%,sbp_balance_of_trade,monthly
1985-06-30,Exports (BOP) Growth Rate [Period to Period],-7.7939461992371974,%,sbp_balance_of_trade,monthly
1985-07-31,Exports (BOP) Growth Rate [Period to Period],11.035537470314182,%,sbp_balance_of_trade,monthly
1985-08-31,Exports (BOP) Growth Rate [Period to Period],7.898188221937929,%,sbp_balance_of_trade,monthly
1985-09-30,Exports (BOP) Growth Rate [Period to Period],18.773487157928443,%,sbp_balance_of_trade,monthly
1985-10-31,Exports (BOP) Growth Rate [Period to Period],22.48178870295068,%,sbp_balance_of_trade,monthly
1985-11-30,Exports (BOP) Growth Rate [Period to Period],21.350634390106933,%,sbp_balance_of_trade,monthly
1985-12-31,Exports (BOP) Growth Rate [Period to Period],16.29404276280681,%,sbp_balance_of_trade,monthly
1986-01-31,Exports (BOP) Growth Rate [Period to Period],14.947256829857537,%,sbp_balance_of_trade,monthly
1986-02-28,Exports (BOP) Growth Rate [Period to Period],16.159215406939936,%,sbp_balance_of_trade,monthly
1986-03-31,Exports (BOP) Growth Rate [Period to Period],18.10363776315353,%,sbp_balance_of_trade,monthly
1986-04-30,Exports (BOP) Growth Rate [Period to Period],19.83204197010744,%,sbp_balance_of_trade,monthly
1986-05-31,Exports (BOP) Growth Rate [Period to Period],20.29618444610506,%,sbp_balance_of_trade,monthly
1986-06-30,Exports (BOP) Growth Rate [Period to Period],19.745663403881778,%,sbp_balance_of_trade,monthly
1986-07-31,Exports (BOP) Growth Rate [Period to Period],39.422782115704734,%,sbp_balance_of_trade,monthly
1986-08-31,Exports (BOP) Growth Rate [Period to Period],29.562328626219568,%,sbp_balance_of_trade,monthly
1986-09-30,Exports (BOP) Growth Rate [Period to Period],33.46581633348157,%,sbp_balance_of_trade,monthly
1986-10-31,Exports (BOP) Growth Rate [Period to Period],25.978080118921994,%,sbp_balance_of_trade,monthly
1986-11-30,Exports (BOP) Growth Rate [Period to Period],19.769035674689036,%,sbp_balance_of_trade,monthly
1986-12-31,Exports (BOP) Growth Rate [Period to Period],18.17796607380413,%,sbp_balance_of_trade,monthly
1987-01-31,Exports (BOP) Growth Rate [Period to Period],17.01055836828995,%,sbp_balance_of_trade,monthly
1987-02-28,Exports (BOP) Growth Rate [Period to Period],16.37344894164434,%,sbp_balance_of_trade,monthly
1987-03-31,Exports (BOP) Growth Rate [Period to Period],16.372471174473603,%,sbp_balance_of_trade,monthly
1987-04-30,Exports (BOP) Growth Rate [Period to Period],17.221769153366665,%,sbp_balance_of_trade,monthly
1987-05-31,Exports (BOP) Growth Rate [Period to Period],17.292495625647035,%,sbp_balance_of_trade,monthly
1987-06-30,Exports (BOP) Growth Rate [Period to Period],18.52341723220343,%,sbp_balance_of_trade,monthly
1987-07-31,Exports (BOP) Growth Rate [Period to Period],14.06460075923026,%,sbp_balance_of_trade,monthly
1987-08-31,Exports (BOP) Growth Rate [Period to Period],22.064050455659114,%,sbp_balance_of_trade,monthly
1987-09-30,Exports (BOP) Growth Rate [Period to Period],21.299696629652857,%,sbp_balance_of_trade,monthly
1987-10-31,Exports (BOP) Growth Rate [Period to Period],23.106653250575548,%,sbp_balance_of_trade,monthly
1987-11-30,Exports (BOP) Growth Rate [Period to Period],25.465940406532653,%,sbp_balance_of_trade,monthly
1987-12-31,Exports (BOP) Growth Rate [Period to Period],27.680511940522052,%,sbp_balance_of_trade,monthly
1988-01-31,Exports (BOP) Growth Rate [Period to Period],28.809781057836034,%,sbp_balance_of_trade,monthly
1988-02-29,Exports (BOP) Growth Rate [Period to Period],30.876947086826505,%,sbp_balance_of_trade,monthly
1988-03-31,Exports (BOP) Growth Rate [Period to Period],30.00085302195336,%,sbp_balance_of_trade,monthly
1988-04-30,Exports (BOP) Growth Rate [Period to Period],24.187500094946927,%,sbp_balance_of_trade,monthly
1988-05-31,Exports (BOP) Growth Rate [Period to Period],23.635753262458238,%,sbp_balance_of_trade,monthly
1988-06-30,Exports (BOP) Growth Rate [Period to Period],25.034789696064124,%,sbp_balance_of_trade,monthly
1988-07-31,Exports (BOP) Growth Rate [Period to Period],-11.840568076607553,%,sbp_balance_of_trade,monthly
1988-08-31,Exports (BOP) Growth Rate [Period to Period],3.616096271526061,%,sbp_balance_of_trade,monthly
1988-09-30,Exports (BOP) Growth Rate [Period to Period],0.5829506122128976,%,sbp_balance_of_trade,monthly
1988-10-31,Exports (BOP) Growth Rate [Period to Period],1.7504526186208125,%,sbp_balance_of_trade,monthly
1988-11-30,Exports (BOP) Growth Rate [Period to Period],1.1775848052854485,%,sbp_balance_of_trade,monthly
1988-12-31,Exports (BOP) Growth Rate [Period to Period],1.4781606511326828,%,sbp_balance_of_trade,monthly
1989-01-31,Exports (BOP) Growth Rate [Period to Period],2.442963050836994,%,sbp_balance_of_trade,monthly
1989-02-28,Exports (BOP) Growth Rate [Period to Period],1.5563322034676048,%,sbp_balance_of_trade,monthly
1989-03-31,Exports (BOP) Growth Rate [Period to Period],3.2244649435144765,%,sbp_balance_of_trade,monthly
1989-04-30,Exports (BOP) Growth Rate [Period to Period],6.019213959932699,%,sbp_balance_of_trade,monthly
1989-05-31,Exports (BOP) Growth Rate [Period to Period],7.028521488322042,%,sbp_balance_of_trade,monthly
1989-06-30,Exports (BOP) Growth Rate [Period to Period],6.11671380047747,%,sbp_balance_of_trade,monthly
1989-07-31,Exports (BOP) Growth Rate [Period to Period],14.834542335893545,%,sbp_balance_of_trade,monthly
1989-08-31,Exports (BOP) Growth Rate [Period to Period],1.502426155276254,%,sbp_balance_of_trade,monthly
1989-09-30,Exports (BOP) Growth Rate [Period to Period],4.242669588365374,%,sbp_balance_of_trade,monthly
1989-10-31,Exports (BOP) Growth Rate [Period to Period],2.7045591561437448,%,sbp_balance_of_trade,monthly
1989-11-30,Exports (BOP) Growth Rate [Period to Period],7.134879352054384,%,sbp_balance_of_trade,monthly
1989-12-31,Exports (BOP) Growth Rate [Period to Period],7.245406432382964,%,sbp_balance_of_trade,monthly
1990-01-31,Exports (BOP) Growth Rate [Period to Period],7.123261457878755,%,sbp_balance_of_trade,monthly
1990-02-28,Exports (BOP) Growth Rate [Period to Period],7.894238482809072,%,sbp_balance_of_trade,monthly
1990-03-31,Exports (BOP) Growth Rate [Period to Period],5.650906794390153,%,sbp_balance_of_trade,monthly
1990-04-30,Exports (BOP) Growth Rate [Period to Period],5.533573875960968,%,sbp_balance_of_trade,monthly
1990-05-31,Exports (BOP) Growth Rate [Period to Period],4.789990862842771,%,sbp_balance_of_trade,monthly
1990-06-30,Exports (BOP) Growth Rate [Period to Period],6.391237073111739,%,sbp_balance_of_trade,monthly
1990-07-31,Exports (BOP) Growth Rate [Period to Period],17.694169760848183,%,sbp_balance_of_trade,monthly
1990-08-31,Exports (BOP) Growth Rate [Period to Period],18.518208976486036,%,sbp_balance_of_trade,monthly
1990-09-30,Exports (BOP) Growth Rate [Period to Period],19.777939824557762,%,sbp_balance_of_trade,monthly
1990-10-31,Exports (BOP) Growth Rate [Period to Period],19.1134341143035,%,sbp_balance_of_trade,monthly
1990-11-30,Exports (BOP) Growth Rate [Period to Period],19.82567701609912,%,sbp_balance_of_trade,monthly
1990-12-31,Exports (BOP) Growth Rate [Period to Period],19.951527234431524,%,sbp_balance_of_trade,monthly
1991-01-31,Exports (BOP) Growth Rate [Period to Period],19.216482323254013,%,sbp_balance_of_trade,monthly
1991-02-28,Exports (BOP) Growth Rate [Period to Period],17.93634965381679,%,sbp_balance_of_trade,monthly
1991-03-31,Exports (BOP) Growth Rate [Period to Period],18.332817468184132,%,sbp_balance_of_trade,monthly
1991-04-30,Exports (BOP) Growth Rate [Period to Period],19.082366594463693,%,sbp_balance_of_trade,monthly
1991-05-31,Exports (BOP) Growth Rate [Period to Period],20.344178296634468,%,sbp_balance_of_trade,monthly
1991-06-30,Exports (BOP) Growth Rate [Period to Period],19.703854868917773,%,sbp_balance_of_trade,monthly
1991-07-31,Exports (BOP) Growth Rate [Period to Period],52.03725164958283,%,sbp_balance_of_trade,monthly
1991-08-31,Exports (BOP) Growth Rate [Period to Period],49.45789975956541,%,sbp_balance_of_trade,monthly
1991-09-30,Exports (BOP) Growth Rate [Period to Period],36.88397583212853,%,sbp_balance_of_trade,monthly
1991-10-31,Exports (BOP) Growth Rate [Period to Period],32.2588573914646,%,sbp_balance_of_trade,monthly
1991-11-30,Exports (BOP) Growth Rate [Period to Period],21.77281938842242,%,sbp_balance_of_trade,monthly
1991-12-31,Exports (BOP) Growth Rate [Period to Period],17.561306961465434,%,sbp_balance_of_trade,monthly
1992-01-31,Exports (BOP) Growth Rate [Period to Period],13.88743532615635,%,sbp_balance_of_trade,monthly
1992-02-29,Exports (BOP) Growth Rate [Period to Period],14.87990788443443,%,sbp_balance_of_trade,monthly
1992-03-31,Exports (BOP) Growth Rate [Period to Period],16.219802663137514,%,sbp_balance_of_trade,monthly
1992-04-30,Exports (BOP) Growth Rate [Period to Period],16.041784576032157,%,sbp_balance_of_trade,monthly
1992-05-31,Exports (BOP) Growth Rate [Period to Period],16.09105231289088,%,sbp_balance_of_trade,monthly
1992-06-30,Exports (BOP) Growth Rate [Period to Period],14.715840450391227,%,sbp_balance_of_trade,monthly
1992-07-31,Exports (BOP) Growth Rate [Period to Period],-19.73601425856893,%,sbp_balance_of_trade,monthly
1992-08-31,Exports (BOP) Growth Rate [Period to Period],-16.131490250317498,%,sbp_balance_of_trade,monthly
1992-09-30,Exports (BOP) Growth Rate [Period to Period],-11.480555881515585,%,sbp_balance_of_trade,monthly
1992-10-31,Exports (BOP) Growth Rate [Period to Period],-5.023166075244802,%,sbp_balance_of_trade,monthly
1992-11-30,Exports (BOP) Growth Rate [Period to Period],0.49070449403731686,%,sbp_balance_of_trade,monthly
1992-12-31,Exports (BOP) Growth Rate [Period to Period],3.193753605787734,%,sbp_balance_of_trade,monthly
1993-01-31,Exports (BOP) Growth Rate [Period to Period],3.767957390427057,%,sbp_balance_of_trade,monthly
1993-02-28,Exports (BOP) Growth Rate [Period to Period],2.1928134888582633,%,sbp_balance_of_trade,monthly
1993-03-31,Exports (BOP) Growth Rate [Period to Period],-0.9632069346907315,%,sbp_balance_of_trade,monthly
1993-04-30,Exports (BOP) Growth Rate [Period to Period],0.18819956479188704,%,sbp_balance_of_trade,monthly
1993-05-31,Exports (BOP) Growth Rate [Period to Period],0.758138294913465,%,sbp_balance_of_trade,monthly
1993-06-30,Exports (BOP) Growth Rate [Period to Period],0.2972279292023927,%,sbp_balance_of_trade,monthly
1993-07-31,Exports (BOP) Growth Rate [Period to Period],-5.019792702506791,%,sbp_balance_of_trade,monthly
1993-08-31,Exports (BOP) Growth Rate [Period to Period],-7.490795933328386,%,sbp_balance_of_trade,monthly
1993-09-30,Exports (BOP) Growth Rate [Period to Period],-9.480387736585243,%,sbp_balance_of_trade,monthly
1993-10-31,Exports (BOP) Growth Rate [Period to Period],-8.046241454794384,%,sbp_balance_of_trade,monthly
1993-11-30,Exports (BOP) Growth Rate [Period to Period],-5.171601344246724,%,sbp_balance_of_trade,monthly
1993-12-31,Exports (BOP) Growth Rate [Period to Period],-1.2698709618037185,%,sbp_balance_of_trade,monthly
1994-01-31,Exports (BOP) Growth Rate [Period to Period],-0.2850936675555147,%,sbp_balance_of_trade,monthly
1994-02-28,Exports (BOP) Growth Rate [Period to Period],0.07927750470133788,%,sbp_balance_of_trade,monthly
1994-03-31,Exports (BOP) Growth Rate [Period to Period],0.2842269853458248,%,sbp_balance_of_trade,monthly
1994-04-30,Exports (BOP) Growth Rate [Period to Period],-1.4300531382144612,%,sbp_balance_of_trade,monthly
1994-05-31,Exports (BOP) Growth Rate [Period to Period],-2.556739886775702,%,sbp_balance_of_trade,monthly
1994-06-30,Exports (BOP) Growth Rate [Period to Period],-1.4442425696436345,%,sbp_balance_of_trade,monthly
1994-07-31,Exports (BOP) Growth Rate [Period to Period],38.61427729909008,%,sbp_balance_of_trade,monthly
1994-08-31,Exports (BOP) Growth Rate [Period to Period],28.480513429665365,%,sbp_balance_of_trade,monthly
1994-09-30,Exports (BOP) Growth Rate [Period to Period],27.692815455144853,%,sbp_balance_of_trade,monthly
1994-10-31,Exports (BOP) Growth Rate [Period to Period],22.567207962744476,%,sbp_balance_of_trade,monthly
1994-11-30,Exports (BOP) Growth Rate [Period to Period],18.08928762722472,%,sbp_balance_of_trade,monthly
1994-12-31,Exports (BOP) Growth Rate [Period to Period],11.959759809336347,%,sbp_balance_of_trade,monthly
1995-01-31,Exports (BOP) Growth Rate [Period to Period],13.267743142011142,%,sbp_balance_of_trade,monthly
1995-02-28,Exports (BOP) Growth Rate [Period to Period],13.859609084255027,%,sbp_balance_of_trade,monthly
1995-03-31,Exports (BOP) Growth Rate [Period to Period],16.098085402824026,%,sbp_balance_of_trade,monthly
1995-04-30,Exports (BOP) Growth Rate [Period to Period],16.06722451640796,%,sbp_balance_of_trade,monthly
1995-05-31,Exports (BOP) Growth Rate [Period to Period],16.04877472180884,%,sbp_balance_of_trade,monthly
1995-06-30,Exports (BOP) Growth Rate [Period to Period],16.347011224911782,%,sbp_balance_of_trade,monthly
1995-07-31,Exports (BOP) Growth Rate [Period to Period],5.160965823369224,%,sbp_balance_of_trade,monthly
1995-08-31,Exports (BOP) Growth Rate [Period to Period],13.721721991371567,%,sbp_balance_of_trade,monthly
1995-09-30,Exports (BOP) Growth Rate [Period to Period],9.654794258339976,%,sbp_balance_of_trade,monthly
1995-10-31,Exports (BOP) Growth Rate [Period to Period],9.775338139224758,%,sbp_balance_of_trade,monthly
1995-11-30,Exports (BOP) Growth Rate [Period to Period],9.138530082711156,%,sbp_balance_of_trade,monthly
1995-12-31,Exports (BOP) Growth Rate [Period to Period],9.715508555451734,%,sbp_balance_of_trade,monthly
1996-01-31,Exports (BOP) Growth Rate [Period to Period],10.149184319918362,%,sbp_balance_of_trade,monthly
1996-02-29,Exports (BOP) Growth Rate [Period to Period],9.183087206854253,%,sbp_balance_of_trade,monthly
1996-03-31,Exports (BOP) Growth Rate [Period to Period],10.07920942664488,%,sbp_balance_of_trade,monthly
1996-04-30,Exports (BOP) Growth Rate [Period to Period],10.128639072760066,%,sbp_balance_of_trade,monthly
1996-05-31,Exports (BOP) Growth Rate [Period to Period],8.564160317204525,%,sbp_balance_of_trade,monthly
1996-06-30,Exports (BOP) Growth Rate [Period to Period],6.877902149346298,%,sbp_balance_of_trade,monthly
1996-07-31,Exports (BOP) Growth Rate [Period to Period],-4.819277108433738,%,sbp_balance_of_trade,monthly
1996-08-31,Exports (BOP) Growth Rate [Period to Period],-6.012658227848107,%,sbp_balance_of_trade,monthly
1996-09-30,Exports (BOP) Growth Rate [Period to Period],0.053619302949073244,%,sbp_balance_of_trade,monthly
1996-10-31,Exports (BOP) Growth Rate [Period to Period],5.790734824281145,%,sbp_balance_of_trade,monthly
1996-11-30,Exports (BOP) Growth Rate [Period to Period],4.237018158649249,%,sbp_balance_of_trade,monthly
1996-12-31,Exports (BOP) Growth Rate [Period to Period],2.654415518121482,%,sbp_balance_of_trade,monthly
1997-01-31,Exports (BOP) Growth Rate [Period to Period],-0.6432246998284654,%,sbp_balance_of_trade,monthly
1997-02-28,Exports (BOP) Growth Rate [Period to Period],-0.49038098830629906,%,sbp_balance_of_trade,monthly
1997-03-31,Exports (BOP) Growth Rate [Period to Period],-1.8766318537859092,%,sbp_balance_of_trade,monthly
1997-04-30,Exports (BOP) Growth Rate [Period to Period],-1.8843120070113883,%,sbp_balance_of_trade,monthly
1997-05-31,Exports (BOP) Growth Rate [Period to Period],-1.2386787426744803,%,sbp_balance_of_trade,monthly
1997-06-30,Exports (BOP) Growth Rate [Period to Period],-2.586932980387431,%,sbp_balance_of_trade,monthly
1997-07-31,Exports (BOP) Growth Rate [Period to Period],27.305605786618443,%,sbp_balance_of_trade,monthly
1997-08-31,Exports (BOP) Growth Rate [Period to Period],16.41414141414141,%,sbp_balance_of_trade,monthly
1997-09-30,Exports (BOP) Growth Rate [Period to Period],9.753483386923904,%,sbp_balance_of_trade,monthly
1997-10-31,Exports (BOP) Growth Rate [Period to Period],5.2850132125330305,%,sbp_balance_of_trade,monthly
1997-11-30,Exports (BOP) Growth Rate [Period to Period],6.265281173594133,%,sbp_balance_of_trade,monthly
1997-12-31,Exports (BOP) Growth Rate [Period to Period],4.798607657881647,%,sbp_balance_of_trade,monthly
1998-01-31,Exports (BOP) Growth Rate [Period to Period],4.445403539059129,%,sbp_balance_of_trade,monthly
1998-02-28,Exports (BOP) Growth Rate [Period to Period],5.307050796057624,%,sbp_balance_of_trade,monthly
1998-03-31,Exports (BOP) Growth Rate [Period to Period],4.689838682853818,%,sbp_balance_of_trade,monthly
1998-04-30,Exports (BOP) Growth Rate [Period to Period],4.734256364448413,%,sbp_balance_of_trade,monthly
1998-05-31,Exports (BOP) Growth Rate [Period to Period],3.910991233985172,%,sbp_balance_of_trade,monthly
1998-06-30,Exports (BOP) Growth Rate [Period to Period],4.17490118577075,%,sbp_balance_of_trade,monthly
1998-07-31,Exports (BOP) Growth Rate [Period to Period],-16.05113636363636,%,sbp_balance_of_trade,monthly
1998-08-31,Exports (BOP) Growth Rate [Period to Period],-11.49674620390455,%,sbp_balance_of_trade,monthly
1998-09-30,Exports (BOP) Growth Rate [Period to Period],-9.423828125,%,sbp_balance_of_trade,monthly
1998-10-31,Exports (BOP) Growth Rate [Period to Period],-10.971674435281471,%,sbp_balance_of_trade,monthly
1998-11-30,Exports (BOP) Growth Rate [Period to Period],-12.280701754385973,%,sbp_balance_of_trade,monthly
1998-12-31,Exports (BOP) Growth Rate [Period to Period],-13.855278766310803,%,sbp_balance_of_trade,monthly
1999-01-31,Exports (BOP) Growth Rate [Period to Period],-11.962809917355372,%,sbp_balance_of_trade,monthly
1999-02-28,Exports (BOP) Growth Rate [Period to Period],-11.645068394528437,%,sbp_balance_of_trade,monthly
1999-03-31,Exports (BOP) Growth Rate [Period to Period],-11.374106433677525,%,sbp_balance_of_trade,monthly
1999-04-30,Exports (BOP) Growth Rate [Period to Period],-11.670220326936743,%,sbp_balance_of_trade,monthly
1999-05-31,Exports (BOP) Growth Rate [Period to Period],-11.654769630110323,%,sbp_balance_of_trade,monthly
1999-06-30,Exports (BOP) Growth Rate [Period to Period],-10.742233815508655,%,sbp_balance_of_trade,monthly
1999-07-31,Exports (BOP) Growth Rate [Period to Period],2.7072758037224958,%,sbp_balance_of_trade,monthly
1999-08-31,Exports (BOP) Growth Rate [Period to Period],-2.7777777777777857,%,sbp_balance_of_trade,monthly
1999-09-30,Exports (BOP) Growth Rate [Period to Period],-3.0727762803234526,%,sbp_balance_of_trade,monthly
1999-10-31,Exports (BOP) Growth Rate [Period to Period],-2.617801047120423,%,sbp_balance_of_trade,monthly
1999-11-30,Exports (BOP) Growth Rate [Period to Period],-0.1639344262295026,%,sbp_balance_of_trade,monthly
1999-12-31,Exports (BOP) Growth Rate [Period to Period],3.993390250619669,%,sbp_balance_of_trade,monthly
2000-01-31,Exports (BOP) Growth Rate [Period to Period],3.097864351091289,%,sbp_balance_of_trade,monthly
2000-02-29,Exports (BOP) Growth Rate [Period to Period],3.4833978407007464,%,sbp_balance_of_trade,monthly
2000-03-31,Exports (BOP) Growth Rate [Period to Period],3.441476967198426,%,sbp_balance_of_trade,monthly
2000-04-30,Exports (BOP) Growth Rate [Period to Period],3.250724171226267,%,sbp_balance_of_trade,monthly
2000-05-31,Exports (BOP) Growth Rate [Period to Period],4.392537094167764,%,sbp_balance_of_trade,monthly
2000-06-30,Exports (BOP) Growth Rate [Period to Period],8.807120085015939,%,sbp_balance_of_trade,monthly
2000-07-31,Exports (BOP) Growth Rate [Period to Period],7.742998352553542,%,sbp_balance_of_trade,monthly
2000-08-31,Exports (BOP) Growth Rate [Period to Period],18.4873949579832,%,sbp_balance_of_trade,monthly
2000-09-30,Exports (BOP) Growth Rate [Period to Period],18.743047830923246,%,sbp_balance_of_trade,monthly
2000-10-31,Exports (BOP) Growth Rate [Period to Period],19.64433416046319,%,sbp_balance_of_trade,monthly
2000-11-30,Exports (BOP) Growth Rate [Period to Period],18.91625615763546,%,sbp_balance_of_trade,monthly
2000-12-31,Exports (BOP) Growth Rate [Period to Period],14.512711864406768,%,sbp_balance_of_trade,monthly
2001-01-31,Exports (BOP) Growth Rate [Period to Period],16.093785567949,%,sbp_balance_of_trade,monthly
2001-02-28,Exports (BOP) Growth Rate [Period to Period],14.704724409448815,%,sbp_balance_of_trade,monthly
2001-03-31,Exports (BOP) Growth Rate [Period to Period],14.070351758793961,%,sbp_balance_of_trade,monthly
2001-04-30,Exports (BOP) Growth Rate [Period to Period],14.089775561097255,%,sbp_balance_of_trade,monthly
2001-05-31,Exports (BOP) Growth Rate [Period to Period],13.945961159583447,%,sbp_balance_of_trade,monthly
2001-06-30,Exports (BOP) Growth Rate [Period to Period],9.070931510194114,%,sbp_balance_of_trade,monthly
2001-07-31,Exports (BOP) Growth Rate [Period to Period],3.2110091743119256,%,sbp_balance_of_trade,monthly
2001-08-31,Exports (BOP) Growth Rate [Period to Period],3.2624113475177268,%,sbp_balance_of_trade,monthly
2001-09-30,Exports (BOP) Growth Rate [Period to Period],3.1850117096018806,%,sbp_balance_of_trade,monthly
2001-10-31,Exports (BOP) Growth Rate [Period to Period],5.94538541306602,%,sbp_balance_of_trade,monthly
2001-11-30,Exports (BOP) Growth Rate [Period to Period],6.489919911626615,%,sbp_balance_of_trade,monthly
2001-12-31,Exports (BOP) Growth Rate [Period to Period],4.555966697502313,%,sbp_balance_of_trade,monthly
2002-01-31,Exports (BOP) Growth Rate [Period to Period],2.9019607843137294,%,sbp_balance_of_trade,monthly
2002-02-28,Exports (BOP) Growth Rate [Period to Period],1.5960185344087847,%,sbp_balance_of_trade,monthly
2002-03-31,Exports (BOP) Growth Rate [Period to Period],1.1392981923135324,%,sbp_balance_of_trade,monthly
2002-04-30,Exports (BOP) Growth Rate [Period to Period],2.1994535519125833,%,sbp_balance_of_trade,monthly
2002-05-31,Exports (BOP) Growth Rate [Period to Period],2.087192787452153,%,sbp_balance_of_trade,monthly
2002-06-30,Exports (BOP) Growth Rate [Period to Period],2.3057980747705358,%,sbp_balance_of_trade,monthly
2002-07-31,Exports (BOP) Growth Rate [Period to Period],17.777777777777786,%,sbp_balance_of_trade,monthly
2002-08-31,Exports (BOP) Growth Rate [Period to Period],16.071428571428584,%,sbp_balance_of_trade,monthly
2002-09-30,Exports (BOP) Growth Rate [Period to Period],19.064911484339532,%,sbp_balance_of_trade,monthly
2002-10-31,Exports (BOP) Growth Rate [Period to Period],13.148450244698196,%,sbp_balance_of_trade,monthly
2002-11-30,Exports (BOP) Growth Rate [Period to Period],12.603734439834028,%,sbp_balance_of_trade,monthly
2002-12-31,Exports (BOP) Growth Rate [Period to Period],14.421588144215875,%,sbp_balance_of_trade,monthly
2003-01-31,Exports (BOP) Growth Rate [Period to Period],15.586890243902431,%,sbp_balance_of_trade,monthly
2003-02-28,Exports (BOP) Growth Rate [Period to Period],16.858108108108098,%,sbp_balance_of_trade,monthly
2003-03-31,Exports (BOP) Growth Rate [Period to Period],16.83688795434064,%,sbp_balance_of_trade,monthly
2003-04-30,Exports (BOP) Growth Rate [Period to Period],17.110012030477222,%,sbp_balance_of_trade,monthly
2003-05-31,Exports (BOP) Growth Rate [Period to Period],18.42487297362692,%,sbp_balance_of_trade,monthly
2003-06-30,Exports (BOP) Growth Rate [Period to Period],19.13566739606128,%,sbp_balance_of_trade,monthly
2003-07-31,Exports (BOP) Growth Rate [Period to Period],24.40251572327044,%,sbp_balance_of_trade,monthly
2003-08-31,Exports (BOP) Growth Rate [Period to Period],14.201183431952671,%,sbp_balance_of_trade,monthly
2003-09-30,Exports (BOP) Growth Rate [Period to Period],14.906595501334351,%,sbp_balance_of_trade,monthly
2003-10-31,Exports (BOP) Growth Rate [Period to Period],16.63783160322953,%,sbp_balance_of_trade,monthly
2003-11-30,Exports (BOP) Growth Rate [Period to Period],13.542146476278205,%,sbp_balance_of_trade,monthly
2003-12-31,Exports (BOP) Growth Rate [Period to Period],17.320703653585937,%,sbp_balance_of_trade,monthly
2004-01-31,Exports (BOP) Growth Rate [Period to Period],18.66139136168809,%,sbp_balance_of_trade,monthly
2004-02-29,Exports (BOP) Growth Rate [Period to Period],16.955767562879444,%,sbp_balance_of_trade,monthly
2004-03-31,Exports (BOP) Growth Rate [Period to Period],17.94575138192569,%,sbp_balance_of_trade,monthly
2004-04-30,Exports (BOP) Growth Rate [Period to Period],17.429517178404282,%,sbp_balance_of_trade,monthly
2004-05-31,Exports (BOP) Growth Rate [Period to Period],15.129226683011552,%,sbp_balance_of_trade,monthly
2004-06-30,Exports (BOP) Growth Rate [Period to Period],13.839654697401045,%,sbp_balance_of_trade,monthly
2004-07-31,Exports (BOP) Growth Rate [Period to Period],9.302325581395337,%,sbp_balance_of_trade,monthly
2004-08-31,Exports (BOP) Growth Rate [Period to Period],13.93455958549221,%,sbp_balance_of_trade,monthly
2004-09-30,Exports (BOP) Growth Rate [Period to Period],12.572561380225594,%,sbp_balance_of_trade,monthly
2004-10-31,Exports (BOP) Growth Rate [Period to Period],11.649542645241056,%,sbp_balance_of_trade,monthly
2004-11-30,Exports (BOP) Growth Rate [Period to Period],14.295943204868152,%,sbp_balance_of_trade,monthly
2004-12-31,Exports (BOP) Growth Rate [Period to Period],14.45093096061953,%,sbp_balance_of_trade,monthly
2005-01-31,Exports (BOP) Growth Rate [Period to Period],12.317671575437615,%,sbp_balance_of_trade,monthly
2005-02-28,Exports (BOP) Growth Rate [Period to Period],14.348745519713262,%,sbp_balance_of_trade,monthly
2005-03-31,Exports (BOP) Growth Rate [Period to Period],16.586517711171652,%,sbp_balance_of_trade,monthly
2005-04-30,Exports (BOP) Growth Rate [Period to Period],15.872803265940917,%,sbp_balance_of_trade,monthly
2005-05-31,Exports (BOP) Growth Rate [Period to Period],16.266708074534165,%,sbp_balance_of_trade,monthly
2005-06-30,Exports (BOP) Growth Rate [Period to Period],16.823055824459516,%,sbp_balance_of_trade,monthly
2005-07-31,Exports (BOP) Growth Rate [Period to Period],8.301295097132282,%,sbp_balance_of_trade,monthly
2005-08-31,Exports (BOP) Growth Rate [Period to Period],15.449783236172763,%,sbp_balance_of_trade,monthly
2005-09-30,Exports (BOP) Growth Rate [Period to Period],14.048006196401545,%,sbp_balance_of_trade,monthly
2005-10-31,Exports (BOP) Growth Rate [Period to Period],15.178985807612719,%,sbp_balance_of_trade,monthly
2005-11-30,Exports (BOP) Growth Rate [Period to Period],13.969411459876937,%,sbp_balance_of_trade,monthly
2005-12-31,Exports (BOP) Growth Rate [Period to Period],13.780582770553579,%,sbp_balance_of_trade,monthly
2006-01-31,Exports (BOP) Growth Rate [Period to Period],13.457839608164932,%,sbp_balance_of_trade,monthly
2006-02-28,Exports (BOP) Growth Rate [Period to Period],13.255476652128834,%,sbp_balance_of_trade,monthly
2006-03-31,Exports (BOP) Growth Rate [Period to Period],12.49845164162447,%,sbp_balance_of_trade,monthly
2006-04-30,Exports (BOP) Growth Rate [Period to Period],13.218838965945295,%,sbp_balance_of_trade,monthly
2006-05-31,Exports (BOP) Growth Rate [Period to Period],14.7543839860285,%,sbp_balance_of_trade,monthly
2006-06-30,Exports (BOP) Growth Rate [Period to Period],14.43540694240177,%,sbp_balance_of_trade,monthly
2006-07-31,Exports (BOP) Growth Rate [Period to Period],15.943034174199667,%,sbp_balance_of_trade,monthly
2006-08-31,Exports (BOP) Growth Rate [Period to Period],9.364989829312037,%,sbp_balance_of_trade,monthly
2006-09-30,Exports (BOP) Growth Rate [Period to Period],8.330445420778545,%,sbp_balance_of_trade,monthly
2006-10-31,Exports (BOP) Growth Rate [Period to Period],4.964491696145572,%,sbp_balance_of_trade,monthly
2006-11-30,Exports (BOP) Growth Rate [Period to Period],7.222260199687412,%,sbp_balance_of_trade,monthly
2006-12-31,Exports (BOP) Growth Rate [Period to Period],6.248571786472112,%,sbp_balance_of_trade,monthly
2007-01-31,Exports (BOP) Growth Rate [Period to Period],4.509180670083921,%,sbp_balance_of_trade,monthly
2007-02-28,Exports (BOP) Growth Rate [Period to Period],4.73187888968755,%,sbp_balance_of_trade,monthly
2007-03-31,Exports (BOP) Growth Rate [Period to Period],4.24915714961314,%,sbp_balance_of_trade,monthly
2007-04-30,Exports (BOP) Growth Rate [Period to Period],4.054942356383279,%,sbp_balance_of_trade,monthly
2007-05-31,Exports (BOP) Growth Rate [Period to Period],4.146964342848818,%,sbp_balance_of_trade,monthly
2007-06-30,Exports (BOP) Growth Rate [Period to Period],4.401887594450173,%,sbp_balance_of_trade,monthly
2007-07-31,Exports (BOP) Growth Rate [Period to Period],12.584198254294293,%,sbp_balance_of_trade,monthly
2007-08-31,Exports (BOP) Growth Rate [Period to Period],11.896785457788354,%,sbp_balance_of_trade,monthly
2007-09-30,Exports (BOP) Growth Rate [Period to Period],10.13525318886525,%,sbp_balance_of_trade,monthly
2007-10-31,Exports (BOP) Growth Rate [Period to Period],14.34728324146181,%,sbp_balance_of_trade,monthly
2007-11-30,Exports (BOP) Growth Rate [Period to Period],13.108500516864837,%,sbp_balance_of_trade,monthly
2007-12-31,Exports (BOP) Growth Rate [Period to Period],10.919308272922379,%,sbp_balance_of_trade,monthly
2008-01-31,Exports (BOP) Growth Rate [Period to Period],14.47269530649777,%,sbp_balance_of_trade,monthly
2008-02-29,Exports (BOP) Growth Rate [Period to Period],14.995513177607677,%,sbp_balance_of_trade,monthly
2008-03-31,Exports (BOP) Growth Rate [Period to Period],15.439835072528368,%,sbp_balance_of_trade,monthly
2008-04-30,Exports (BOP) Growth Rate [Period to Period],16.918772980051216,%,sbp_balance_of_trade,monthly
2008-05-31,Exports (BOP) Growth Rate [Period to Period],17.730034472691486,%,sbp_balance_of_trade,monthly
2008-06-30,Exports (BOP) Growth Rate [Period to Period],18.18493961188497,%,sbp_balance_of_trade,monthly
2008-07-31,Exports (BOP) Growth Rate [Period to Period],29.605713076612716,%,sbp_balance_of_trade,monthly
2008-08-31,Exports (BOP) Growth Rate [Period to Period],20.776090603268926,%,sbp_balance_of_trade,monthly
2008-09-30,Exports (BOP) Growth Rate [Period to Period],23.723217169629237,%,sbp_balance_of_trade,monthly
2008-10-31,Exports (BOP) Growth Rate [Period to Period],13.34641981922043,%,sbp_balance_of_trade,monthly
2008-11-30,Exports (BOP) Growth Rate [Period to Period],11.077631380109935,%,sbp_balance_of_trade,monthly
2008-12-31,Exports (BOP) Growth Rate [Period to Period],8.330179474418273,%,sbp_balance_of_trade,monthly
2009-01-31,Exports (BOP) Growth Rate [Period to Period],3.627163043781948,%,sbp_balance_of_trade,monthly
2009-02-28,Exports (BOP) Growth Rate [Period to Period],1.987604196345245,%,sbp_balance_of_trade,monthly
2009-03-31,Exports (BOP) Growth Rate [Period to Period],-1.0873428965964393,%,sbp_balance_of_trade,monthly
2009-04-30,Exports (BOP) Growth Rate [Period to Period],-3.648187844935862,%,sbp_balance_of_trade,monthly
2009-05-31,Exports (BOP) Growth Rate [Period to Period],-6.070501902635058,%,sbp_balance_of_trade,monthly
2009-06-30,Exports (BOP) Growth Rate [Period to Period],-6.466384293572844,%,sbp_balance_of_trade,monthly
2009-07-31,Exports (BOP) Growth Rate [Period to Period],-21.281609336370295,%,sbp_balance_of_trade,monthly
2009-08-31,Exports (BOP) Growth Rate [Period to Period],-19.251423518016466,%,sbp_balance_of_trade,monthly
2009-09-30,Exports (BOP) Growth Rate [Period to Period],-18.835007804828933,%,sbp_balance_of_trade,monthly
2009-10-31,Exports (BOP) Growth Rate [Period to Period],-11.429994536058643,%,sbp_balance_of_trade,monthly
2009-11-30,Exports (BOP) Growth Rate [Period to Period],-10.980037532228565,%,sbp_balance_of_trade,monthly
2009-12-31,Exports (BOP) Growth Rate [Period to Period],-7.63095485060046,%,sbp_balance_of_trade,monthly
2010-01-31,Exports (BOP) Growth Rate [Period to Period],-3.6560034521045566,%,sbp_balance_of_trade,monthly
2010-02-28,Exports (BOP) Growth Rate [Period to Period],-2.8859827548398727,%,sbp_balance_of_trade,monthly
2010-03-31,Exports (BOP) Growth Rate [Period to Period],0.21173556195357435,%,sbp_balance_of_trade,monthly
2010-04-30,Exports (BOP) Growth Rate [Period to Period],2.23044251234748,%,sbp_balance_of_trade,monthly
2010-05-31,Exports (BOP) Growth Rate [Period to Period],3.310782070010518,%,sbp_balance_of_trade,monthly
2010-06-30,Exports (BOP) Growth Rate [Period to Period],2.900944423824072,%,sbp_balance_of_trade,monthly
2010-07-31,Exports (BOP) Growth Rate [Period to Period],6.099087900792384,%,sbp_balance_of_trade,monthly
2010-08-31,Exports (BOP) Growth Rate [Period to Period],14.623263002730866,%,sbp_balance_of_trade,monthly
2010-09-30,Exports (BOP) Growth Rate [Period to Period],13.6481573729113,%,sbp_balance_of_trade,monthly
2010-10-31,Exports (BOP) Growth Rate [Period to Period],13.43500925224481,%,sbp_balance_of_trade,monthly
2010-11-30,Exports (BOP) Growth Rate [Period to Period],17.445050667214886,%,sbp_balance_of_trade,monthly
2010-12-31,Exports (BOP) Growth Rate [Period to Period],19.319066528550707,%,sbp_balance_of_trade,monthly
2011-01-31,Exports (BOP) Growth Rate [Period to Period],20.109020960706573,%,sbp_balance_of_trade,monthly
2011-02-28,Exports (BOP) Growth Rate [Period to Period],23.364358763284358,%,sbp_balance_of_trade,monthly
2011-03-31,Exports (BOP) Growth Rate [Period to Period],24.671337605719955,%,sbp_balance_of_trade,monthly
2011-04-30,Exports (BOP) Growth Rate [Period to Period],26.543244574636972,%,sbp_balance_of_trade,monthly
2011-05-31,Exports (BOP) Growth Rate [Period to Period],26.916484519995336,%,sbp_balance_of_trade,monthly
2011-06-30,Exports (BOP) Growth Rate [Period to Period],28.904349531154622,%,sbp_balance_of_trade,monthly
2011-07-31,Exports (BOP) Growth Rate [Period to Period],29.272285134040175,%,sbp_balance_of_trade,monthly
2011-08-31,Exports (BOP) Growth Rate [Period to Period],22.628369809999114,%,sbp_balance_of_trade,monthly
2011-09-30,Exports (BOP) Growth Rate [Period to Period],16.79420089925931,%,sbp_balance_of_trade,monthly
2011-10-31,Exports (BOP) Growth Rate [Period to Period],14.253941068305693,%,sbp_balance_of_trade,monthly
2011-11-30,Exports (BOP) Growth Rate [Period to Period],10.820774773341626,%,sbp_balance_of_trade,monthly
2011-12-31,Exports (BOP) Growth Rate [Period to Period],8.625055225730918,%,sbp_balance_of_trade,monthly
2012-01-31,Exports (BOP) Growth Rate [Period to Period],6.795597493882369,%,sbp_balance_of_trade,monthly
2012-02-29,Exports (BOP) Growth Rate [Period to Period],5.108380667328973,%,sbp_balance_of_trade,monthly
2012-03-31,Exports (BOP) Growth Rate [Period to Period],2.5328564912245923,%,sbp_balance_of_trade,monthly
2012-04-30,Exports (BOP) Growth Rate [Period to Period],0.10226072483202131,%,sbp_balance_of_trade,monthly
2012-05-31,Exports (BOP) Growth Rate [Period to Period],-0.17176802002896352,%,sbp_balance_of_trade,monthly
2012-06-30,Exports (BOP) Growth Rate [Period to Period],-2.5639722616069918,%,sbp_balance_of_trade,monthly
2012-07-31,Exports (BOP) Growth Rate [Period to Period],-5.528219931422484,%,sbp_balance_of_trade,monthly
2012-08-31,Exports (BOP) Growth Rate [Period to Period],-4.906108662079092,%,sbp_balance_of_trade,monthly
2012-09-30,Exports (BOP) Growth Rate [Period to Period],-0.050942813785937346,%,sbp_balance_of_trade,monthly
2012-10-31,Exports (BOP) Growth Rate [Period to Period],1.780512712605173,%,sbp_balance_of_trade,monthly
2012-11-30,Exports (BOP) Growth Rate [Period to Period],2.7073354661348645,%,sbp_balance_of_trade,monthly
2012-12-31,Exports (BOP) Growth Rate [Period to Period],0.6155111558736621,%,sbp_balance_of_trade,monthly
2013-01-31,Exports (BOP) Growth Rate [Period to Period],1.3223612020383229,%,sbp_balance_of_trade,monthly
2013-02-28,Exports (BOP) Growth Rate [Period to Period],-0.23414340831079983,%,sbp_balance_of_trade,monthly
2013-03-31,Exports (BOP) Growth Rate [Period to Period],-0.019644270996934665,%,sbp_balance_of_trade,monthly
2013-04-30,Exports (BOP) Growth Rate [Period to Period],0.30307689338116006,%,sbp_balance_of_trade,monthly
2013-05-31,Exports (BOP) Growth Rate [Period to Period],0.6204747535102086,%,sbp_balance_of_trade,monthly
2013-06-30,Exports (BOP) Growth Rate [Period to Period],0.34069114332983474,%,sbp_balance_of_trade,monthly
2013-07-31,Exports (BOP) Growth Rate [Period to Period],8.592449254306203,%,sbp_balance_of_trade,monthly
2013-08-31,Exports (BOP) Growth Rate [Period to Period],3.7724778059098156,%,sbp_balance_of_trade,monthly
2013-09-30,Exports (BOP) Growth Rate [Period to Period],1.7277689021839109,%,sbp_balance_of_trade,monthly
2013-10-31,Exports (BOP) Growth Rate [Period to Period],0.6316405776231306,%,sbp_balance_of_trade,monthly
2013-11-30,Exports (BOP) Growth Rate [Period to Period],-1.5055445788343178,%,sbp_balance_of_trade,monthly
2013-12-31,Exports (BOP) Growth Rate [Period to Period],2.576382386849758,%,sbp_balance_of_trade,monthly
2014-01-31,Exports (BOP) Growth Rate [Period to Period],2.5054475493477355,%,sbp_balance_of_trade,monthly
2014-02-28,Exports (BOP) Growth Rate [Period to Period],2.9985157131505957,%,sbp_balance_of_trade,monthly
2014-03-31,Exports (BOP) Growth Rate [Period to Period],2.179035681221734,%,sbp_balance_of_trade,monthly
2014-04-30,Exports (BOP) Growth Rate [Period to Period],1.4248574205305289,%,sbp_balance_of_trade,monthly
2014-05-31,Exports (BOP) Growth Rate [Period to Period],0.7356537675970714,%,sbp_balance_of_trade,monthly
2014-06-30,Exports (BOP) Growth Rate [Period to Period],1.1110720799351554,%,sbp_balance_of_trade,monthly
2014-07-31,Exports (BOP) Growth Rate [Period to Period],-12.526930161289414,%,sbp_balance_of_trade,monthly
2014-08-31,Exports (BOP) Growth Rate [Period to Period],-9.603195041060502,%,sbp_balance_of_trade,monthly
2014-09-30,Exports (BOP) Growth Rate [Period to Period],-4.745824437182506,%,sbp_balance_of_trade,monthly
2014-10-31,Exports (BOP) Growth Rate [Period to Period],-3.2704842604107114,%,sbp_balance_of_trade,monthly
2014-11-30,Exports (BOP) Growth Rate [Period to Period],-2.276180703749347,%,sbp_balance_of_trade,monthly
2014-12-31,Exports (BOP) Growth Rate [Period to Period],-2.4145976252187893,%,sbp_balance_of_trade,monthly
2015-01-31,Exports (BOP) Growth Rate [Period to Period],-3.1918583174483928,%,sbp_balance_of_trade,monthly
2015-02-28,Exports (BOP) Growth Rate [Period to Period],-4.029791743299256,%,sbp_balance_of_trade,monthly
2015-03-31,Exports (BOP) Growth Rate [Period to Period],-3.8081887833845514,%,sbp_balance_of_trade,monthly
2015-04-30,Exports (BOP) Growth Rate [Period to Period],-3.5694404111825406,%,sbp_balance_of_trade,monthly
2015-05-31,Exports (BOP) Growth Rate [Period to Period],-4.3385924721651605,%,sbp_balance_of_trade,monthly
2015-06-30,Exports (BOP) Growth Rate [Period to Period],-3.9393150508938106,%,sbp_balance_of_trade,monthly
2015-07-31,Exports (BOP) Growth Rate [Period to Period],-8.337674261824816,%,sbp_balance_of_trade,monthly
2015-08-31,Exports (BOP) Growth Rate [Period to Period],-7.949458668484851,%,sbp_balance_of_trade,monthly
2015-09-30,Exports (BOP) Growth Rate [Period to Period],-10.77181042078621,%,sbp_balance_of_trade,monthly
2015-10-31,Exports (BOP) Growth Rate [Period to Period],-11.829024156687566,%,sbp_balance_of_trade,monthly
2015-11-30,Exports (BOP) Growth Rate [Period to Period],-10.828541510791851,%,sbp_balance_of_trade,monthly
2015-12-31,Exports (BOP) Growth Rate [Period to Period],-11.367747879801314,%,sbp_balance_of_trade,monthly
2016-01-31,Exports (BOP) Growth Rate [Period to Period],-11.712669466900437,%,sbp_balance_of_trade,monthly
2016-02-29,Exports (BOP) Growth Rate [Period to Period],-10.285930342877919,%,sbp_balance_of_trade,monthly
2016-03-31,Exports (BOP) Growth Rate [Period to Period],-9.449868312657571,%,sbp_balance_of_trade,monthly
2016-04-30,Exports (BOP) Growth Rate [Period to Period],-9.716902378989175,%,sbp_balance_of_trade,monthly
2016-05-31,Exports (BOP) Growth Rate [Period to Period],-8.526325804503784,%,sbp_balance_of_trade,monthly
2016-06-30,Exports (BOP) Growth Rate [Period to Period],-8.792034675019096,%,sbp_balance_of_trade,monthly
2016-07-31,Exports (BOP) Growth Rate [Period to Period],-14.269474238683472,%,sbp_balance_of_trade,monthly
2016-08-31,Exports (BOP) Growth Rate [Period to Period],-3.7746657765890745,%,sbp_balance_of_trade,monthly
2016-09-30,Exports (BOP) Growth Rate [Period to Period],-4.964271481975047,%,sbp_balance_of_trade,monthly
2016-10-31,Exports (BOP) Growth Rate [Period to Period],-3.0436233356913363,%,sbp_balance_of_trade,monthly
2016-11-30,Exports (BOP) Growth Rate [Period to Period],-1.0861870578004158,%,sbp_balance_of_trade,monthly
2016-12-31,Exports (BOP) Growth Rate [Period to Period],-1.4093989934645776,%,sbp_balance_of_trade,monthly
2017-01-31,Exports (BOP) Growth Rate [Period to Period],-0.26433295334952334,%,sbp_balance_of_trade,monthly
2017-02-28,Exports (BOP) Growth Rate [Period to Period],-0.697228096891024,%,sbp_balance_of_trade,monthly
2017-03-31,Exports (BOP) Growth Rate [Period to Period],-0.08559235074622507,%,sbp_balance_of_trade,monthly
2017-04-30,Exports (BOP) Growth Rate [Period to Period],-0.02728174580872178,%,sbp_balance_of_trade,monthly
2017-05-31,Exports (BOP) Growth Rate [Period to Period],0.06990056793847543,%,sbp_balance_of_trade,monthly
2017-06-30,Exports (BOP) Growth Rate [Period to Period],0.14133206796857678,%,sbp_balance_of_trade,monthly
2017-07-31,Exports (BOP) Growth Rate [Period to Period],20.490719775916702,%,sbp_balance_of_trade,monthly
2017-08-31,Exports (BOP) Growth Rate [Period to Period],16.106985104455674,%,sbp_balance_of_trade,monthly
2017-09-30,Exports (BOP) Growth Rate [Period to Period],11.792637878737125,%,sbp_balance_of_trade,monthly
2017-10-31,Exports (BOP) Growth Rate [Period to Period],10.610070827666235,%,sbp_balance_of_trade,monthly
2017-11-30,Exports (BOP) Growth Rate [Period to Period],11.933323789081712,%,sbp_balance_of_trade,monthly
2017-12-31,Exports (BOP) Growth Rate [Period to Period],10.911229174818374,%,sbp_balance_of_trade,monthly
2018-01-31,Exports (BOP) Growth Rate [Period to Period],11.56544488942292,%,sbp_balance_of_trade,monthly
2018-02-28,Exports (BOP) Growth Rate [Period to Period],11.93182512118507,%,sbp_balance_of_trade,monthly
2018-03-31,Exports (BOP) Growth Rate [Period to Period],11.891458698729721,%,sbp_balance_of_trade,monthly
2018-04-30,Exports (BOP) Growth Rate [Period to Period],12.942749075751792,%,sbp_balance_of_trade,monthly
2018-05-31,Exports (BOP) Growth Rate [Period to Period],13.096794051142965,%,sbp_balance_of_trade,monthly
2018-06-30,Exports (BOP) Growth Rate [Period to Period],12.56621481391997,%,sbp_balance_of_trade,monthly
2018-07-31,Exports (BOP) Growth Rate [Period to Period],10.785913887350148,%,sbp_balance_of_trade,monthly
2018-08-31,Exports (BOP) Growth Rate [Period to Period],4.633276584277098,%,sbp_balance_of_trade,monthly
2018-09-30,Exports (BOP) Growth Rate [Period to Period],4.301279860178923,%,sbp_balance_of_trade,monthly
2018-10-31,Exports (BOP) Growth Rate [Period to Period],4.520538004163853,%,sbp_balance_of_trade,monthly
2018-11-30,Exports (BOP) Growth Rate [Period to Period],0.7055755978255434,%,sbp_balance_of_trade,monthly
2018-12-31,Exports (BOP) Growth Rate [Period to Period],0.6276830820334851,%,sbp_balance_of_trade,monthly
2019-01-31,Exports (BOP) Growth Rate [Period to Period],1.8583963449323733,%,sbp_balance_of_trade,monthly
2019-02-28,Exports (BOP) Growth Rate [Period to Period],0.47631502450454377,%,sbp_balance_of_trade,monthly
2019-03-31,Exports (BOP) Growth Rate [Period to Period],-1.1126283503499366,%,sbp_balance_of_trade,monthly
2019-04-30,Exports (BOP) Growth Rate [Period to Period],-1.7280562749996164,%,sbp_balance_of_trade,monthly
2019-05-31,Exports (BOP) Growth Rate [Period to Period],-1.3010536458575928,%,sbp_balance_of_trade,monthly
2019-06-30,Exports (BOP) Growth Rate [Period to Period],-2.063254732991254,%,sbp_balance_of_trade,monthly
2019-07-31,Exports (BOP) Growth Rate [Period to Period],10.134711414611772,%,sbp_balance_of_trade,monthly
2019-08-31,Exports (BOP) Growth Rate [Period to Period],0.6109532898336454,%,sbp_balance_of_trade,monthly
2019-09-30,Exports (BOP) Growth Rate [Period to Period],1.7134462600030531,%,sbp_balance_of_trade,monthly
2019-10-31,Exports (BOP) Growth Rate [Period to Period],2.9040996163286508,%,sbp_balance_of_trade,monthly
2019-11-30,Exports (BOP) Growth Rate [Period to Period],4.526485609489896,%,sbp_balance_of_trade,monthly
2019-12-31,Exports (BOP) Growth Rate [Period to Period],4.575990863353368,%,sbp_balance_of_trade,monthly
2020-01-31,Exports (BOP) Growth Rate [Period to Period],2.2982455061540463,%,sbp_balance_of_trade,monthly
2020-02-29,Exports (BOP) Growth Rate [Period to Period],2.785159688464873,%,sbp_balance_of_trade,monthly
2020-03-31,Exports (BOP) Growth Rate [Period to Period],1.2744445603491812,%,sbp_balance_of_trade,monthly
2020-04-30,Exports (BOP) Growth Rate [Period to Period],-2.140264143004927,%,sbp_balance_of_trade,monthly
2020-05-31,Exports (BOP) Growth Rate [Period to Period],-6.656509052602416,%,sbp_balance_of_trade,monthly
2020-06-30,Exports (BOP) Growth Rate [Period to Period],-7.0945106076067646,%,sbp_balance_of_trade,monthly
2020-07-31,Exports (BOP) Growth Rate [Period to Period],-14.884314114340143,%,sbp_balance_of_trade,monthly
2020-08-31,Exports (BOP) Growth Rate [Period to Period],-17.28699971128968,%,sbp_balance_of_trade,monthly
2020-09-30,Exports (BOP) Growth Rate [Period to Period],-10.760234208041865,%,sbp_balance_of_trade,monthly
2020-10-31,Exports (BOP) Growth Rate [Period to Period],-10.592370588889665,%,sbp_balance_of_trade,monthly
2020-11-30,Exports (BOP) Growth Rate [Period to Period],-7.185363540809249,%,sbp_balance_of_trade,monthly
2020-12-31,Exports (BOP) Growth Rate [Period to Period],-4.794409983858756,%,sbp_balance_of_trade,monthly
2021-01-31,Exports (BOP) Growth Rate [Period to Period],-3.80856897377852,%,sbp_balance_of_trade,monthly
2021-02-28,Exports (BOP) Growth Rate [Period to Period],-2.204904229343583,%,sbp_balance_of_trade,monthly
2021-03-31,Exports (BOP) Growth Rate [Period to Period],2.3635317678823498,%,sbp_balance_of_trade,monthly
2021-04-30,Exports (BOP) Growth Rate [Period to Period],6.66355549281144,%,sbp_balance_of_trade,monthly
2021-05-31,Exports (BOP) Growth Rate [Period to Period],10.418079545065112,%,sbp_balance_of_trade,monthly
2021-06-30,Exports (BOP) Growth Rate [Period to Period],13.768664716984944,%,sbp_balance_of_trade,monthly
2021-07-31,Exports (BOP) Growth Rate [Period to Period],18.389833068422917,%,sbp_balance_of_trade,monthly
2021-08-31,Exports (BOP) Growth Rate [Period to Period],34.421556630276285,%,sbp_balance_of_trade,monthly
2021-09-30,Exports (BOP) Growth Rate [Period to Period],34.6042960193609,%,sbp_balance_of_trade,monthly
2021-10-31,Exports (BOP) Growth Rate [Period to Period],30.841963047258844,%,sbp_balance_of_trade,monthly
2021-11-30,Exports (BOP) Growth Rate [Period to Period],28.8130919868577,%,sbp_balance_of_trade,monthly
2021-12-31,Exports (BOP) Growth Rate [Period to Period],29.02683974421373,%,sbp_balance_of_trade,monthly
2022-01-31,Exports (BOP) Growth Rate [Period to Period],27.542027569434183,%,sbp_balance_of_trade,monthly
2022-02-28,Exports (BOP) Growth Rate [Period to Period],28.19154113209109,%,sbp_balance_of_trade,monthly
2022-03-31,Exports (BOP) Growth Rate [Period to Period],26.681748014270326,%,sbp_balance_of_trade,monthly
2022-04-30,Exports (BOP) Growth Rate [Period to Period],27.791862224120706,%,sbp_balance_of_trade,monthly
2022-05-31,Exports (BOP) Growth Rate [Period to Period],26.854354496391068,%,sbp_balance_of_trade,monthly
2022-06-30,Exports (BOP) Growth Rate [Period to Period],26.732616001773238,%,sbp_balance_of_trade,monthly
2022-07-31,Exports (BOP) Growth Rate [Period to Period],-0.8518384403368771,%,sbp_balance_of_trade,monthly
2022-08-31,Exports (BOP) Growth Rate [Period to Period],8.222664827671622,%,sbp_balance_of_trade,monthly
2022-09-30,Exports (BOP) Growth Rate [Period to Period],2.596980088845285,%,sbp_balance_of_trade,monthly
2022-10-31,Exports (BOP) Growth Rate [Period to Period],0.9711421020119246,%,sbp_balance_of_trade,monthly
2022-11-30,Exports (BOP) Growth Rate [Period to Period],-3.2320616104359488,%,sbp_balance_of_trade,monthly
2022-12-31,Exports (BOP) Growth Rate [Period to Period],-6.691855493757316,%,sbp_balance_of_trade,monthly
2023-01-31,Exports (BOP) Growth Rate [Period to Period],-7.331644949313002,%,sbp_balance_of_trade,monthly
2023-02-28,Exports (BOP) Growth Rate [Period to Period],-9.65347089346993,%,sbp_balance_of_trade,monthly
2023-03-31,Exports (BOP) Growth Rate [Period to Period],-11.140538633132309,%,sbp_balance_of_trade,monthly
2023-04-30,Exports (BOP) Growth Rate [Period to Period],-13.619778854815337,%,sbp_balance_of_trade,monthly
2023-05-31,Exports (BOP) Growth Rate [Period to Period],-12.253556672888493,%,sbp_balance_of_trade,monthly
2023-06-30,Exports (BOP) Growth Rate [Period to Period],-14.20928470628317,%,sbp_balance_of_trade,monthly
2023-07-31,Exports (BOP) Growth Rate [Period to Period],-5.011596597393407,%,sbp_balance_of_trade,monthly
2023-08-31,Exports (BOP) Growth Rate [Period to Period],-8.769258380238455,%,sbp_balance_of_trade,monthly
2023-09-30,Exports (BOP) Growth Rate [Period to Period],-5.861962476136114,%,sbp_balance_of_trade,monthly
2023-10-31,Exports (BOP) Growth Rate [Period to Period],0.07233384586923819,%,sbp_balance_of_trade,monthly
2023-11-30,Exports (BOP) Growth Rate [Period to Period],3.843766008072464,%,sbp_balance_of_trade,monthly
2023-12-31,Exports (BOP) Growth Rate [Period to Period],6.559982660808174,%,sbp_balance_of_trade,monthly
2024-01-31,Exports (BOP) Growth Rate [Period to Period],8.459007584453062,%,sbp_balance_of_trade,monthly
2024-02-29,Exports (BOP) Growth Rate [Period to Period],9.257793723845836,%,sbp_balance_of_trade,monthly
2024-03-31,Exports (BOP) Growth Rate [Period to Period],8.67295708712031,%,sbp_balance_of_trade,monthly
2024-04-30,Exports (BOP) Growth Rate [Period to Period],10.043141197091401,%,sbp_balance_of_trade,monthly
2024-05-31,Exports (BOP) Growth Rate [Period to Period],10.758812308092928,%,sbp_balance_of_trade,monthly
2024-06-30,Exports (BOP) Growth Rate [Period to Period],11.13518542832172,%,sbp_balance_of_trade,monthly
2024-07-31,Exports (BOP) Growth Rate [Period to Period],12.405113250084355,%,sbp_balance_of_trade,monthly
2024-08-31,Exports (BOP) Growth Rate [Period to Period],6.399402784581426,%,sbp_balance_of_trade,monthly
2024-09-30,Exports (BOP) Growth Rate [Period to Period],6.700568500700072,%,sbp_balance_of_trade,monthly
2024-10-31,Exports (BOP) Growth Rate [Period to Period],7.7617307014511425,%,sbp_balance_of_trade,monthly
2024-11-30,Exports (BOP) Growth Rate [Period to Period],6.821551464464434,%,sbp_balance_of_trade,monthly
2024-12-31,Exports (BOP) Growth Rate [Period to Period],7.720194581098866,%,sbp_balance_of_trade,monthly
2025-01-31,Exports (BOP) Growth Rate [Period to Period],8.404816131078533,%,sbp_balance_of_trade,monthly
2025-02-28,Exports (BOP) Growth Rate [Period to Period],7.7274280107727975,%,sbp_balance_of_trade,monthly
2025-03-31,Exports (BOP) Growth Rate [Period to Period],7.906607949530866,%,sbp_balance_of_trade,monthly
2025-04-30,Exports (BOP) Growth Rate [Period to Period],6.964193481237473,%,sbp_balance_of_trade,monthly
2025-05-31,Exports (BOP) Growth Rate [Period to Period],4.257659966240851,%,sbp_balance_of_trade,monthly
2025-06-30,Exports (BOP) Growth Rate [Period to Period],4.399566211541696,%,sbp_balance_of_trade,monthly
2025-07-31,Exports (BOP) Growth Rate [Period to Period],16.280162645247145,%,sbp_balance_of_trade,monthly
2025-08-31,Exports (BOP) Growth Rate [Period to Period],9.034669403519516,%,sbp_balance_of_trade,monthly
2025-09-30,Exports (BOP) Growth Rate [Period to Period],5.755449371920633,%,sbp_balance_of_trade,monthly
2025-10-31,Exports (BOP) Growth Rate [Period to Period],0.512030987007563,%,sbp_balance_of_trade,monthly
2025-11-30,Exports (BOP) Growth Rate [Period to Period],-3.4777017276312563,%,sbp_balance_of_trade,monthly
2025-12-31,Exports (BOP) Growth Rate [Period to Period],-4.965507086319434,%,sbp_balance_of_trade,monthly
2026-01-31,Exports (BOP) Growth Rate [Period to Period],-5.537312383335063,%,sbp_balance_of_trade,monthly
2026-02-28,Exports (BOP) Growth Rate [Period to Period],-5.462186097886558,%,sbp_balance_of_trade,monthly
2026-03-31,Exports (BOP) Growth Rate [Period to Period],-5.7872305506415245,%,sbp_balance_of_trade,monthly
2026-04-30,Exports (BOP) Growth Rate [Period to Period],-5.187365161821745,%,sbp_balance_of_trade,monthly
2026-05-31,Exports (BOP) Growth Rate [Period to Period],-5.053814772409808,%,sbp_balance_of_trade,monthly
2026-06-30,Exports (BOP) Growth Rate [Period to Period],-4.636411933599291,%,sbp_balance_of_trade,monthly
1970-07-31,Exports (BOP) Value [a],48.76363248882615,million USD,sbp_balance_of_trade,monthly
1970-08-31,Exports (BOP) Value [a],42.622032526365594,million USD,sbp_balance_of_trade,monthly
1970-09-30,Exports (BOP) Value [a],52.85803246379985,million USD,sbp_balance_of_trade,monthly
1970-10-31,Exports (BOP) Value [a],53.72332686524472,million USD,sbp_balance_of_trade,monthly
1970-11-30,Exports (BOP) Value [a],47.81466993421104,million USD,sbp_balance_of_trade,monthly
1970-12-31,Exports (BOP) Value [a],63.14687715012407,million USD,sbp_balance_of_trade,monthly
1971-01-31,Exports (BOP) Value [a],61.081216844279616,million USD,sbp_balance_of_trade,monthly
1971-02-28,Exports (BOP) Value [a],60.39181259095817,million USD,sbp_balance_of_trade,monthly
1971-03-31,Exports (BOP) Value [a],63.63201258156894,million USD,sbp_balance_of_trade,monthly
1971-04-30,Exports (BOP) Value [a],56.911319199648055,million USD,sbp_balance_of_trade,monthly
1971-05-31,Exports (BOP) Value [a],63.21736945275127,million USD,sbp_balance_of_trade,monthly
1971-06-30,Exports (BOP) Value [a],69.24105924676034,million USD,sbp_balance_of_trade,monthly
1971-07-31,Exports (BOP) Value [a],57.41963636363637,million USD,sbp_balance_of_trade,monthly
1971-08-31,Exports (BOP) Value [a],54.993454545454554,million USD,sbp_balance_of_trade,monthly
1971-09-30,Exports (BOP) Value [a],54.3869090909091,million USD,sbp_balance_of_trade,monthly
1971-10-31,Exports (BOP) Value [a],38.881548124257336,million USD,sbp_balance_of_trade,monthly
1971-11-30,Exports (BOP) Value [a],40.311016805296205,million USD,sbp_balance_of_trade,monthly
1971-12-31,Exports (BOP) Value [a],41.10743507044644,million USD,sbp_balance_of_trade,monthly
1972-01-31,Exports (BOP) Value [a],45.493346190935384,million USD,sbp_balance_of_trade,monthly
1972-02-29,Exports (BOP) Value [a],65.69442837244188,million USD,sbp_balance_of_trade,monthly
1972-03-31,Exports (BOP) Value [a],58.51222543662273,million USD,sbp_balance_of_trade,monthly
1972-04-30,Exports (BOP) Value [a],64.20413210516045,million USD,sbp_balance_of_trade,monthly
1972-05-31,Exports (BOP) Value [a],53.53630618476176,million USD,sbp_balance_of_trade,monthly
1972-06-30,Exports (BOP) Value [a],50.41802167668304,million USD,sbp_balance_of_trade,monthly
1972-07-31,Exports (BOP) Value [a],39.00830079537237,million USD,sbp_balance_of_trade,monthly
1972-08-31,Exports (BOP) Value [a],48.85469006770525,million USD,sbp_balance_of_trade,monthly
1972-09-30,Exports (BOP) Value [a],42.573372773286,million USD,sbp_balance_of_trade,monthly
1972-10-31,Exports (BOP) Value [a],43.961589125125776,million USD,sbp_balance_of_trade,monthly
1972-11-30,Exports (BOP) Value [a],51.074314004458806,million USD,sbp_balance_of_trade,monthly
1972-12-31,Exports (BOP) Value [a],68.70046050677908,million USD,sbp_balance_of_trade,monthly
1973-01-31,Exports (BOP) Value [a],64.72419613375979,million USD,sbp_balance_of_trade,monthly
1973-02-28,Exports (BOP) Value [a],64.49313671023182,million USD,sbp_balance_of_trade,monthly
1973-03-31,Exports (BOP) Value [a],80.31116807138584,million USD,sbp_balance_of_trade,monthly
1973-04-30,Exports (BOP) Value [a],79.1073445011119,million USD,sbp_balance_of_trade,monthly
1973-05-31,Exports (BOP) Value [a],103.74008948426702,million USD,sbp_balance_of_trade,monthly
1973-06-30,Exports (BOP) Value [a],79.60711146916654,million USD,sbp_balance_of_trade,monthly
1973-07-31,Exports (BOP) Value [a],53.7060132722696,million USD,sbp_balance_of_trade,monthly
1973-08-31,Exports (BOP) Value [a],91.18374079054743,million USD,sbp_balance_of_trade,monthly
1973-09-30,Exports (BOP) Value [a],73.75671058364757,million USD,sbp_balance_of_trade,monthly
1973-10-31,Exports (BOP) Value [a],57.13066985910954,million USD,sbp_balance_of_trade,monthly
1973-11-30,Exports (BOP) Value [a],102.04880812109127,million USD,sbp_balance_of_trade,monthly
1973-12-31,Exports (BOP) Value [a],85.39627959555678,million USD,sbp_balance_of_trade,monthly
1974-01-31,Exports (BOP) Value [a],79.77152160223623,million USD,sbp_balance_of_trade,monthly
1974-02-28,Exports (BOP) Value [a],71.78253390468292,million USD,sbp_balance_of_trade,monthly
1974-03-31,Exports (BOP) Value [a],81.96109600823235,million USD,sbp_balance_of_trade,monthly
1974-04-30,Exports (BOP) Value [a],73.52969373729137,million USD,sbp_balance_of_trade,monthly
1974-05-31,Exports (BOP) Value [a],149.7912427029602,million USD,sbp_balance_of_trade,monthly
1974-06-30,Exports (BOP) Value [a],99.63865951934437,million USD,sbp_balance_of_trade,monthly
1974-07-31,Exports (BOP) Value [a],81.28655749269662,million USD,sbp_balance_of_trade,monthly
1974-08-31,Exports (BOP) Value [a],107.15792271185119,million USD,sbp_balance_of_trade,monthly
1974-09-30,Exports (BOP) Value [a],66.5454187853512,million USD,sbp_balance_of_trade,monthly
1974-10-31,Exports (BOP) Value [a],56.75408287397463,million USD,sbp_balance_of_trade,monthly
1974-11-30,Exports (BOP) Value [a],63.2949889382907,million USD,sbp_balance_of_trade,monthly
1974-12-31,Exports (BOP) Value [a],85.51658475339126,million USD,sbp_balance_of_trade,monthly
1975-01-31,Exports (BOP) Value [a],78.84453288064117,million USD,sbp_balance_of_trade,monthly
1975-02-28,Exports (BOP) Value [a],76.29398041126389,million USD,sbp_balance_of_trade,monthly
1975-03-31,Exports (BOP) Value [a],81.94229478890303,million USD,sbp_balance_of_trade,monthly
1975-04-30,Exports (BOP) Value [a],88.18979328289781,million USD,sbp_balance_of_trade,monthly
1975-05-31,Exports (BOP) Value [a],98.8354340994951,million USD,sbp_balance_of_trade,monthly
1975-06-30,Exports (BOP) Value [a],92.934368577203,million USD,sbp_balance_of_trade,monthly
1975-07-31,Exports (BOP) Value [a],95.10828599063893,million USD,sbp_balance_of_trade,monthly
1975-08-31,Exports (BOP) Value [a],100.32157826275474,million USD,sbp_balance_of_trade,monthly
1975-09-30,Exports (BOP) Value [a],85.02468120115181,million USD,sbp_balance_of_trade,monthly
1975-10-31,Exports (BOP) Value [a],69.85353280287431,million USD,sbp_balance_of_trade,monthly
1975-11-30,Exports (BOP) Value [a],95.25660905704416,million USD,sbp_balance_of_trade,monthly
1975-12-31,Exports (BOP) Value [a],88.53632278654617,million USD,sbp_balance_of_trade,monthly
1976-01-31,Exports (BOP) Value [a],105.3136993733476,million USD,sbp_balance_of_trade,monthly
1976-02-29,Exports (BOP) Value [a],100.91952554692142,million USD,sbp_balance_of_trade,monthly
1976-03-31,Exports (BOP) Value [a],103.00919932215523,million USD,sbp_balance_of_trade,monthly
1976-04-30,Exports (BOP) Value [a],105.78147751538947,million USD,sbp_balance_of_trade,monthly
1976-05-31,Exports (BOP) Value [a],101.97745464565054,million USD,sbp_balance_of_trade,monthly
1976-06-30,Exports (BOP) Value [a],110.9885425864347,million USD,sbp_balance_of_trade,monthly
1976-07-31,Exports (BOP) Value [a],93.81065770732079,million USD,sbp_balance_of_trade,monthly
1976-08-31,Exports (BOP) Value [a],85.86532711398158,million USD,sbp_balance_of_trade,monthly
1976-09-30,Exports (BOP) Value [a],79.31391416859663,million USD,sbp_balance_of_trade,monthly
1976-10-31,Exports (BOP) Value [a],90.7434221207593,million USD,sbp_balance_of_trade,monthly
1976-11-30,Exports (BOP) Value [a],103.24472262074768,million USD,sbp_balance_of_trade,monthly
1976-12-31,Exports (BOP) Value [a],84.19367344031119,million USD,sbp_balance_of_trade,monthly
1977-01-31,Exports (BOP) Value [a],85.13257575757575,million USD,sbp_balance_of_trade,monthly
1977-02-28,Exports (BOP) Value [a],90.47426400076718,million USD,sbp_balance_of_trade,monthly
1977-03-31,Exports (BOP) Value [a],106.21134205983891,million USD,sbp_balance_of_trade,monthly
1977-04-30,Exports (BOP) Value [a],75.78168104949084,million USD,sbp_balance_of_trade,monthly
1977-05-31,Exports (BOP) Value [a],114.11938011902657,million USD,sbp_balance_of_trade,monthly
1977-06-30,Exports (BOP) Value [a],122.8262115587553,million USD,sbp_balance_of_trade,monthly
1977-07-31,Exports (BOP) Value [a],66.81287629382888,million USD,sbp_balance_of_trade,monthly
1977-08-31,Exports (BOP) Value [a],79.32108722437508,million USD,sbp_balance_of_trade,monthly
1977-09-30,Exports (BOP) Value [a],85.68421829997784,million USD,sbp_balance_of_trade,monthly
1977-10-31,Exports (BOP) Value [a],92.82569627995075,million USD,sbp_balance_of_trade,monthly
1977-11-30,Exports (BOP) Value [a],88.43961083224886,million USD,sbp_balance_of_trade,monthly
1977-12-31,Exports (BOP) Value [a],113.68418783729534,million USD,sbp_balance_of_trade,monthly
1978-01-31,Exports (BOP) Value [a],132.07826883575495,million USD,sbp_balance_of_trade,monthly
1978-02-28,Exports (BOP) Value [a],138.78516728248286,million USD,sbp_balance_of_trade,monthly
1978-03-31,Exports (BOP) Value [a],177.5204022656005,million USD,sbp_balance_of_trade,monthly
1978-04-30,Exports (BOP) Value [a],178.2973619461693,million USD,sbp_balance_of_trade,monthly
1978-05-31,Exports (BOP) Value [a],168.95236472057036,million USD,sbp_balance_of_trade,monthly
1978-06-30,Exports (BOP) Value [a],174.46744505043205,million USD,sbp_balance_of_trade,monthly
1978-07-31,Exports (BOP) Value [a],89.09280243863188,million USD,sbp_balance_of_trade,monthly
1978-08-31,Exports (BOP) Value [a],101.66022402511001,million USD,sbp_balance_of_trade,monthly
1978-09-30,Exports (BOP) Value [a],95.00454929383388,million USD,sbp_balance_of_trade,monthly
1978-10-31,Exports (BOP) Value [a],109.91729518249535,million USD,sbp_balance_of_trade,monthly
1978-11-30,Exports (BOP) Value [a],113.89784687810435,million USD,sbp_balance_of_trade,monthly
1978-12-31,Exports (BOP) Value [a],131.74041349495585,million USD,sbp_balance_of_trade,monthly
1979-01-31,Exports (BOP) Value [a],157.80978524283162,million USD,sbp_balance_of_trade,monthly
1979-02-28,Exports (BOP) Value [a],160.85012205588484,million USD,sbp_balance_of_trade,monthly
1979-03-31,Exports (BOP) Value [a],162.6532240144149,million USD,sbp_balance_of_trade,monthly
1979-04-30,Exports (BOP) Value [a],158.96105294100602,million USD,sbp_balance_of_trade,monthly
1979-05-31,Exports (BOP) Value [a],167.67830332237682,million USD,sbp_balance_of_trade,monthly
1979-06-30,Exports (BOP) Value [a],194.97680535277885,million USD,sbp_balance_of_trade,monthly
1979-07-31,Exports (BOP) Value [a],127.62774776535308,million USD,sbp_balance_of_trade,monthly
1979-08-31,Exports (BOP) Value [a],121.63652923797339,million USD,sbp_balance_of_trade,monthly
1979-09-30,Exports (BOP) Value [a],157.90744016839068,million USD,sbp_balance_of_trade,monthly
1979-10-31,Exports (BOP) Value [a],189.60497997548345,million USD,sbp_balance_of_trade,monthly
1979-11-30,Exports (BOP) Value [a],162.017465051928,million USD,sbp_balance_of_trade,monthly
1979-12-31,Exports (BOP) Value [a],186.15533275036637,million USD,sbp_balance_of_trade,monthly
1980-01-31,Exports (BOP) Value [a],188.7300352425529,million USD,sbp_balance_of_trade,monthly
1980-02-29,Exports (BOP) Value [a],253.92442194135882,million USD,sbp_balance_of_trade,monthly
1980-03-31,Exports (BOP) Value [a],260.6788761494216,million USD,sbp_balance_of_trade,monthly
1980-04-30,Exports (BOP) Value [a],253.36919085852082,million USD,sbp_balance_of_trade,monthly
1980-05-31,Exports (BOP) Value [a],211.10971513112293,million USD,sbp_balance_of_trade,monthly
1980-06-30,Exports (BOP) Value [a],228.0463465356088,million USD,sbp_balance_of_trade,monthly
1980-07-31,Exports (BOP) Value [a],149.85247502326627,million USD,sbp_balance_of_trade,monthly
1980-08-31,Exports (BOP) Value [a],161.22841833774797,million USD,sbp_balance_of_trade,monthly
1980-09-30,Exports (BOP) Value [a],212.05041977029893,million USD,sbp_balance_of_trade,monthly
1980-10-31,Exports (BOP) Value [a],171.94212335820777,million USD,sbp_balance_of_trade,monthly
1980-11-30,Exports (BOP) Value [a],198.74756404772089,million USD,sbp_balance_of_trade,monthly
1980-12-31,Exports (BOP) Value [a],279.10829239205117,million USD,sbp_balance_of_trade,monthly
1981-01-31,Exports (BOP) Value [a],269.0570812762365,million USD,sbp_balance_of_trade,monthly
1981-02-28,Exports (BOP) Value [a],273.43850301707533,million USD,sbp_balance_of_trade,monthly
1981-03-31,Exports (BOP) Value [a],298.4135066157791,million USD,sbp_balance_of_trade,monthly
1981-04-30,Exports (BOP) Value [a],271.0003591487008,million USD,sbp_balance_of_trade,monthly
1981-05-31,Exports (BOP) Value [a],235.27101908663673,million USD,sbp_balance_of_trade,monthly
1981-06-30,Exports (BOP) Value [a],278.4760965121373,million USD,sbp_balance_of_trade,monthly
1981-07-31,Exports (BOP) Value [a],176.5983599656502,million USD,sbp_balance_of_trade,monthly
1981-08-31,Exports (BOP) Value [a],173.70112310360506,million USD,sbp_balance_of_trade,monthly
1981-09-30,Exports (BOP) Value [a],202.42778965801747,million USD,sbp_balance_of_trade,monthly
1981-10-31,Exports (BOP) Value [a],152.33257216600404,million USD,sbp_balance_of_trade,monthly
1981-11-30,Exports (BOP) Value [a],177.16227546529734,million USD,sbp_balance_of_trade,monthly
1981-12-31,Exports (BOP) Value [a],209.2291940138191,million USD,sbp_balance_of_trade,monthly
1982-01-31,Exports (BOP) Value [a],169.96893998301766,million USD,sbp_balance_of_trade,monthly
1982-02-28,Exports (BOP) Value [a],135.66104147076788,million USD,sbp_balance_of_trade,monthly
1982-03-31,Exports (BOP) Value [a],205.03532849744573,million USD,sbp_balance_of_trade,monthly
1982-04-30,Exports (BOP) Value [a],195.18852504794785,million USD,sbp_balance_of_trade,monthly
1982-05-31,Exports (BOP) Value [a],241.72651691301635,million USD,sbp_balance_of_trade,monthly
1982-06-30,Exports (BOP) Value [a],277.0363561861115,million USD,sbp_balance_of_trade,monthly
1982-07-31,Exports (BOP) Value [a],159.78136358599548,million USD,sbp_balance_of_trade,monthly
1982-08-31,Exports (BOP) Value [a],183.59300802433935,million USD,sbp_balance_of_trade,monthly
1982-09-30,Exports (BOP) Value [a],176.63593035360006,million USD,sbp_balance_of_trade,monthly
1982-10-31,Exports (BOP) Value [a],159.36503287434184,million USD,sbp_balance_of_trade,monthly
1982-11-30,Exports (BOP) Value [a],197.31786192047647,million USD,sbp_balance_of_trade,monthly
1982-12-31,Exports (BOP) Value [a],234.39193460182975,million USD,sbp_balance_of_trade,monthly
1983-01-31,Exports (BOP) Value [a],201.0265646483282,million USD,sbp_balance_of_trade,monthly
1983-02-28,Exports (BOP) Value [a],205.57567716741352,million USD,sbp_balance_of_trade,monthly
1983-03-31,Exports (BOP) Value [a],241.41169930284096,million USD,sbp_balance_of_trade,monthly
1983-04-30,Exports (BOP) Value [a],242.65474572243934,million USD,sbp_balance_of_trade,monthly
1983-05-31,Exports (BOP) Value [a],287.71676686553576,million USD,sbp_balance_of_trade,monthly
1983-06-30,Exports (BOP) Value [a],337.08197042428543,million USD,sbp_balance_of_trade,monthly
1983-07-31,Exports (BOP) Value [a],203.7581304713159,million USD,sbp_balance_of_trade,monthly
1983-08-31,Exports (BOP) Value [a],253.87104748342412,million USD,sbp_balance_of_trade,monthly
1983-09-30,Exports (BOP) Value [a],207.39253359405538,million USD,sbp_balance_of_trade,monthly
1983-10-31,Exports (BOP) Value [a],181.76692874263108,million USD,sbp_balance_of_trade,monthly
1983-11-30,Exports (BOP) Value [a],208.46637963029343,million USD,sbp_balance_of_trade,monthly
1983-12-31,Exports (BOP) Value [a],296.0027213996222,million USD,sbp_balance_of_trade,monthly
1984-01-31,Exports (BOP) Value [a],199.6098191479537,million USD,sbp_balance_of_trade,monthly
1984-02-29,Exports (BOP) Value [a],193.9005340965678,million USD,sbp_balance_of_trade,monthly
1984-03-31,Exports (BOP) Value [a],193.98487716057713,million USD,sbp_balance_of_trade,monthly
1984-04-30,Exports (BOP) Value [a],231.02531967562595,million USD,sbp_balance_of_trade,monthly
1984-05-31,Exports (BOP) Value [a],221.05759919705955,million USD,sbp_balance_of_trade,monthly
1984-06-30,Exports (BOP) Value [a],274.57249157232576,million USD,sbp_balance_of_trade,monthly
1984-07-31,Exports (BOP) Value [a],163.44319776778903,million USD,sbp_balance_of_trade,monthly
1984-08-31,Exports (BOP) Value [a],187.30401948691508,million USD,sbp_balance_of_trade,monthly
1984-09-30,Exports (BOP) Value [a],152.1216747426902,million USD,sbp_balance_of_trade,monthly
1984-10-31,Exports (BOP) Value [a],178.5410394131355,million USD,sbp_balance_of_trade,monthly
1984-11-30,Exports (BOP) Value [a],204.74673548262194,million USD,sbp_balance_of_trade,monthly
1984-12-31,Exports (BOP) Value [a],276.33880543314336,million USD,sbp_balance_of_trade,monthly
1985-01-31,Exports (BOP) Value [a],237.0825555215449,million USD,sbp_balance_of_trade,monthly
1985-02-28,Exports (BOP) Value [a],188.17297013432835,million USD,sbp_balance_of_trade,monthly
1985-03-31,Exports (BOP) Value [a],213.84851343508564,million USD,sbp_balance_of_trade,monthly
1985-04-30,Exports (BOP) Value [a],209.2044413754251,million USD,sbp_balance_of_trade,monthly
1985-05-31,Exports (BOP) Value [a],209.72257511439582,million USD,sbp_balance_of_trade,monthly
1985-06-30,Exports (BOP) Value [a],237.14135896797526,million USD,sbp_balance_of_trade,monthly
1985-07-31,Exports (BOP) Value [a],181.48003310013308,million USD,sbp_balance_of_trade,monthly
1985-08-31,Exports (BOP) Value [a],196.9698595565571,million USD,sbp_balance_of_trade,monthly
1985-09-30,Exports (BOP) Value [a],218.825026201052,million USD,sbp_balance_of_trade,monthly
1985-10-31,Exports (BOP) Value [a],237.32815353342414,million USD,sbp_balance_of_trade,monthly
1985-11-30,Exports (BOP) Value [a],240.7536645739001,million USD,sbp_balance_of_trade,monthly
1985-12-31,Exports (BOP) Value [a],276.5562447377684,million USD,sbp_balance_of_trade,monthly
1986-01-31,Exports (BOP) Value [a],256.8635685016771,million USD,sbp_balance_of_trade,monthly
1986-02-28,Exports (BOP) Value [a],235.54255166743388,million USD,sbp_balance_of_trade,monthly
1986-03-31,Exports (BOP) Value [a],283.4354590350322,million USD,sbp_balance_of_trade,monthly
1986-04-30,Exports (BOP) Value [a],281.8328757401251,million USD,sbp_balance_of_trade,monthly
1986-05-31,Exports (BOP) Value [a],261.6212510386847,million USD,sbp_balance_of_trade,monthly
1986-06-30,Exports (BOP) Value [a],271.74202771690415,million USD,sbp_balance_of_trade,monthly
1986-07-31,Exports (BOP) Value [a],253.0245111327074,million USD,sbp_balance_of_trade,monthly
1986-08-31,Exports (BOP) Value [a],237.30398247672872,million USD,sbp_balance_of_trade,monthly
1986-09-30,Exports (BOP) Value [a],306.82935259918895,million USD,sbp_balance_of_trade,monthly
1986-10-31,Exports (BOP) Value [a],254.2590810033028,million USD,sbp_balance_of_trade,monthly
1986-11-30,Exports (BOP) Value [a],236.5274667139344,million USD,sbp_balance_of_trade,monthly
1986-12-31,Exports (BOP) Value [a],309.71887093826734,million USD,sbp_balance_of_trade,monthly
1987-01-31,Exports (BOP) Value [a],284.77515942828177,million USD,sbp_balance_of_trade,monthly
1987-02-28,Exports (BOP) Value [a],263.8593240455308,million USD,sbp_balance_of_trade,monthly
1987-03-31,Exports (BOP) Value [a],329.8228147170776,million USD,sbp_balance_of_trade,monthly
1987-04-30,Exports (BOP) Value [a],348.4404594799721,million USD,sbp_balance_of_trade,monthly
1987-05-31,Exports (BOP) Value [a],308.5663106207641,million USD,sbp_balance_of_trade,monthly
1987-06-30,Exports (BOP) Value [a],354.95842219909156,million USD,sbp_balance_of_trade,monthly
1987-07-31,Exports (BOP) Value [a],288.61139844651683,million USD,sbp_balance_of_trade,monthly
1987-08-31,Exports (BOP) Value [a],309.9034213913785,million USD,sbp_balance_of_trade,monthly
1987-09-30,Exports (BOP) Value [a],368.4352292726414,million USD,sbp_balance_of_trade,monthly
1987-10-31,Exports (BOP) Value [a],327.41414169010756,million USD,sbp_balance_of_trade,monthly
1987-11-30,Exports (BOP) Value [a],321.56735495165645,million USD,sbp_balance_of_trade,monthly
1987-12-31,Exports (BOP) Value [a],423.97308991187896,million USD,sbp_balance_of_trade,monthly
1988-01-31,Exports (BOP) Value [a],384.86017721545403,million USD,sbp_balance_of_trade,monthly
1988-02-29,Exports (BOP) Value [a],384.244155538364,million USD,sbp_balance_of_trade,monthly
1988-03-31,Exports (BOP) Value [a],409.9688854055229,million USD,sbp_balance_of_trade,monthly
1988-04-30,Exports (BOP) Value [a],288.7738687189561,million USD,sbp_balance_of_trade,monthly
1988-05-31,Exports (BOP) Value [a],365.9138564766117,million USD,sbp_balance_of_trade,monthly
1988-06-30,Exports (BOP) Value [a],487.6551096072145,million USD,sbp_balance_of_trade,monthly
1988-07-31,Exports (BOP) Value [a],254.4381693366079,million USD,sbp_balance_of_trade,monthly
1988-08-31,Exports (BOP) Value [a],365.7195225859766,million USD,sbp_balance_of_trade,monthly
1988-09-30,Exports (BOP) Value [a],352.42919841903523,million USD,sbp_balance_of_trade,monthly
1988-10-31,Exports (BOP) Value [a],344.43453233138456,million USD,sbp_balance_of_trade,monthly
1988-11-30,Exports (BOP) Value [a],317.9390874258898,million USD,sbp_balance_of_trade,monthly
1988-12-31,Exports (BOP) Value [a],435.097193210305,million USD,sbp_balance_of_trade,monthly
1989-01-31,Exports (BOP) Value [a],413.94321801878107,million USD,sbp_balance_of_trade,monthly
1989-02-28,Exports (BOP) Value [a],368.7255582637999,million USD,sbp_balance_of_trade,monthly
1989-03-31,Exports (BOP) Value [a],470.0461866677746,million USD,sbp_balance_of_trade,monthly
1989-04-30,Exports (BOP) Value [a],396.1181376459788,million USD,sbp_balance_of_trade,monthly
1989-05-31,Exports (BOP) Value [a],427.03619272064697,million USD,sbp_balance_of_trade,monthly
1989-06-30,Exports (BOP) Value [a],482.16319644440733,million USD,sbp_balance_of_trade,monthly
1989-07-31,Exports (BOP) Value [a],292.1829072855195,million USD,sbp_balance_of_trade,monthly
1989-08-31,Exports (BOP) Value [a],337.2921960044675,million USD,sbp_balance_of_trade,monthly
1989-09-30,Exports (BOP) Value [a],384.3754352685851,million USD,sbp_balance_of_trade,monthly
1989-10-31,Exports (BOP) Value [a],338.7905075897094,million USD,sbp_balance_of_trade,monthly
1989-11-30,Exports (BOP) Value [a],398.9719237999017,million USD,sbp_balance_of_trade,monthly
1989-12-31,Exports (BOP) Value [a],468.42882735061977,million USD,sbp_balance_of_trade,monthly
1990-01-31,Exports (BOP) Value [a],440.9010042714863,million USD,sbp_balance_of_trade,monthly
1990-02-28,Exports (BOP) Value [a],416.9847095827101,million USD,sbp_balance_of_trade,monthly
1990-03-31,Exports (BOP) Value [a],432.61194146635563,million USD,sbp_balance_of_trade,monthly
1990-04-30,Exports (BOP) Value [a],414.1389212866096,million USD,sbp_balance_of_trade,monthly
1990-05-31,Exports (BOP) Value [a],419.8381470387415,million USD,sbp_balance_of_trade,monthly
1990-06-30,Exports (BOP) Value [a],579.365888322457,million USD,sbp_balance_of_trade,monthly
1990-07-31,Exports (BOP) Value [a],343.882246912801,million USD,sbp_balance_of_trade,monthly
1990-08-31,Exports (BOP) Value [a],402.160371459377,million USD,sbp_balance_of_trade,monthly
1990-09-30,Exports (BOP) Value [a],468.326669613463,million USD,sbp_balance_of_trade,monthly
1990-10-31,Exports (BOP) Value [a],396.807913321218,million USD,sbp_balance_of_trade,monthly
1990-11-30,Exports (BOP) Value [a],487.704898635352,million USD,sbp_balance_of_trade,monthly
1990-12-31,Exports (BOP) Value [a],564.091941160426,million USD,sbp_balance_of_trade,monthly
1991-01-31,Exports (BOP) Value [a],509.308363563307,million USD,sbp_balance_of_trade,monthly
1991-02-28,Exports (BOP) Value [a],457.712946978478,million USD,sbp_balance_of_trade,monthly
1991-03-31,Exports (BOP) Value [a],524.12489097223,million USD,sbp_balance_of_trade,monthly
1991-04-30,Exports (BOP) Value [a],519.479646251685,million USD,sbp_balance_of_trade,monthly
1991-05-31,Exports (BOP) Value [a],554.7728192241,million USD,sbp_balance_of_trade,monthly
1991-06-30,Exports (BOP) Value [a],665.704345012899,million USD,sbp_balance_of_trade,monthly
1991-07-31,Exports (BOP) Value [a],522.829117117055,million USD,sbp_balance_of_trade,monthly
1991-08-31,Exports (BOP) Value [a],592.190511613272,million USD,sbp_balance_of_trade,monthly
1991-09-30,Exports (BOP) Value [a],547.257333948729,million USD,sbp_balance_of_trade,monthly
1991-10-31,Exports (BOP) Value [a],468.647594321173,million USD,sbp_balance_of_trade,monthly
1991-11-30,Exports (BOP) Value [a],424.943351738327,million USD,sbp_balance_of_trade,monthly
1991-12-31,Exports (BOP) Value [a],574.759178026255,million USD,sbp_balance_of_trade,monthly
1992-01-31,Exports (BOP) Value [a],482.203985212153,million USD,sbp_balance_of_trade,monthly
1992-02-29,Exports (BOP) Value [a],557.304244201399,million USD,sbp_balance_of_trade,monthly
1992-03-31,Exports (BOP) Value [a],657.775032180159,million USD,sbp_balance_of_trade,monthly
1992-04-30,Exports (BOP) Value [a],595.418366627752,million USD,sbp_balance_of_trade,monthly
1992-05-31,Exports (BOP) Value [a],646.344180678227,million USD,sbp_balance_of_trade,monthly
1992-06-30,Exports (BOP) Value [a],691.767132598939,million USD,sbp_balance_of_trade,monthly
1992-07-31,Exports (BOP) Value [a],419.643488014883,million USD,sbp_balance_of_trade,monthly
1992-08-31,Exports (BOP) Value [a],515.506858017685,million USD,sbp_balance_of_trade,monthly
1992-09-30,Exports (BOP) Value [a],536.287981040559,million USD,sbp_balance_of_trade,monthly
1992-10-31,Exports (BOP) Value [a],552.446350490806,million USD,sbp_balance_of_trade,monthly
1992-11-30,Exports (BOP) Value [a],544.524989864461,million USD,sbp_balance_of_trade,monthly
1992-12-31,Exports (BOP) Value [a],662.201934803736,million USD,sbp_balance_of_trade,monthly
1993-01-31,Exports (BOP) Value [a],518.349405125036,million USD,sbp_balance_of_trade,monthly
1993-02-28,Exports (BOP) Value [a],512.617598538,million USD,sbp_balance_of_trade,monthly
1993-03-31,Exports (BOP) Value [a],519.828975187316,million USD,sbp_balance_of_trade,monthly
1993-04-30,Exports (BOP) Value [a],652.12781494263,million USD,sbp_balance_of_trade,monthly
1993-05-31,Exports (BOP) Value [a],682.154014237405,million USD,sbp_balance_of_trade,monthly
1993-06-30,Exports (BOP) Value [a],665.847506181192,million USD,sbp_balance_of_trade,monthly
1993-07-31,Exports (BOP) Value [a],398.578254826967,million USD,sbp_balance_of_trade,monthly
1993-08-31,Exports (BOP) Value [a],466.521887114487,million USD,sbp_balance_of_trade,monthly
1993-09-30,Exports (BOP) Value [a],466.840126420417,million USD,sbp_balance_of_trade,monthly
1993-10-31,Exports (BOP) Value [a],529.097761278681,million USD,sbp_balance_of_trade,monthly
1993-11-30,Exports (BOP) Value [a],574.543728901352,million USD,sbp_balance_of_trade,monthly
1993-12-31,Exports (BOP) Value [a],754.005245064818,million USD,sbp_balance_of_trade,monthly
1994-01-31,Exports (BOP) Value [a],548.685953319343,million USD,sbp_balance_of_trade,monthly
1994-02-28,Exports (BOP) Value [a],526.68412214874,million USD,sbp_balance_of_trade,monthly
1994-03-31,Exports (BOP) Value [a],530.040552632484,million USD,sbp_balance_of_trade,monthly
1994-04-30,Exports (BOP) Value [a],560.835320870972,million USD,sbp_balance_of_trade,monthly
1994-05-31,Exports (BOP) Value [a],603.494187180756,million USD,sbp_balance_of_trade,monthly
1994-06-30,Exports (BOP) Value [a],724.267933661314,million USD,sbp_balance_of_trade,monthly
1994-07-31,Exports (BOP) Value [a],552.486367399726,million USD,sbp_balance_of_trade,monthly
1994-08-31,Exports (BOP) Value [a],558.998736647418,million USD,sbp_balance_of_trade,monthly
1994-09-30,Exports (BOP) Value [a],589.306924804941,million USD,sbp_balance_of_trade,monthly
1994-10-31,Exports (BOP) Value [a],580.230323203212,million USD,sbp_balance_of_trade,monthly
1994-11-30,Exports (BOP) Value [a],595.13879618547,million USD,sbp_balance_of_trade,monthly
1994-12-31,Exports (BOP) Value [a],694.892799907127,million USD,sbp_balance_of_trade,monthly
1995-01-31,Exports (BOP) Value [a],663.203462650386,million USD,sbp_balance_of_trade,monthly
1995-02-28,Exports (BOP) Value [a],621.806047047555,million USD,sbp_balance_of_trade,monthly
1995-03-31,Exports (BOP) Value [a],710.836987677083,million USD,sbp_balance_of_trade,monthly
1995-04-30,Exports (BOP) Value [a],649.466212269854,million USD,sbp_balance_of_trade,monthly
1995-05-31,Exports (BOP) Value [a],699.359469561784,million USD,sbp_balance_of_trade,monthly
1995-06-30,Exports (BOP) Value [a],860.436982945447,million USD,sbp_balance_of_trade,monthly
1995-07-31,Exports (BOP) Value [a],581.0,million USD,sbp_balance_of_trade,monthly
1995-08-31,Exports (BOP) Value [a],683.0,million USD,sbp_balance_of_trade,monthly
1995-09-30,Exports (BOP) Value [a],601.0,million USD,sbp_balance_of_trade,monthly
1995-10-31,Exports (BOP) Value [a],639.0,million USD,sbp_balance_of_trade,monthly
1995-11-30,Exports (BOP) Value [a],635.0,million USD,sbp_balance_of_trade,monthly
1995-12-31,Exports (BOP) Value [a],779.0,million USD,sbp_balance_of_trade,monthly
1996-01-31,Exports (BOP) Value [a],746.0,million USD,sbp_balance_of_trade,monthly
1996-02-29,Exports (BOP) Value [a],638.0,million USD,sbp_balance_of_trade,monthly
1996-03-31,Exports (BOP) Value [a],826.0,million USD,sbp_balance_of_trade,monthly
1996-04-30,Exports (BOP) Value [a],718.0,million USD,sbp_balance_of_trade,monthly
1996-05-31,Exports (BOP) Value [a],662.0,million USD,sbp_balance_of_trade,monthly
1996-06-30,Exports (BOP) Value [a],803.0,million USD,sbp_balance_of_trade,monthly
1996-07-31,Exports (BOP) Value [a],553.0,million USD,sbp_balance_of_trade,monthly
1996-08-31,Exports (BOP) Value [a],635.0,million USD,sbp_balance_of_trade,monthly
1996-09-30,Exports (BOP) Value [a],678.0,million USD,sbp_balance_of_trade,monthly
1996-10-31,Exports (BOP) Value [a],783.0,million USD,sbp_balance_of_trade,monthly
1996-11-30,Exports (BOP) Value [a],623.0,million USD,sbp_balance_of_trade,monthly
1996-12-31,Exports (BOP) Value [a],750.0,million USD,sbp_balance_of_trade,monthly
1997-01-31,Exports (BOP) Value [a],612.0,million USD,sbp_balance_of_trade,monthly
1997-02-28,Exports (BOP) Value [a],642.0,million USD,sbp_balance_of_trade,monthly
1997-03-31,Exports (BOP) Value [a],737.0,million USD,sbp_balance_of_trade,monthly
1997-04-30,Exports (BOP) Value [a],704.0,million USD,sbp_balance_of_trade,monthly
1997-05-31,Exports (BOP) Value [a],698.0,million USD,sbp_balance_of_trade,monthly
1997-06-30,Exports (BOP) Value [a],681.0,million USD,sbp_balance_of_trade,monthly
1997-07-31,Exports (BOP) Value [a],704.0,million USD,sbp_balance_of_trade,monthly
1997-08-31,Exports (BOP) Value [a],679.0,million USD,sbp_balance_of_trade,monthly
1997-09-30,Exports (BOP) Value [a],665.0,million USD,sbp_balance_of_trade,monthly
1997-10-31,Exports (BOP) Value [a],741.0,million USD,sbp_balance_of_trade,monthly
1997-11-30,Exports (BOP) Value [a],688.0,million USD,sbp_balance_of_trade,monthly
1997-12-31,Exports (BOP) Value [a],738.0,million USD,sbp_balance_of_trade,monthly
1998-01-31,Exports (BOP) Value [a],625.0,million USD,sbp_balance_of_trade,monthly
1998-02-28,Exports (BOP) Value [a],716.0,million USD,sbp_balance_of_trade,monthly
1998-03-31,Exports (BOP) Value [a],739.0,million USD,sbp_balance_of_trade,monthly
1998-04-30,Exports (BOP) Value [a],740.0,million USD,sbp_balance_of_trade,monthly
1998-05-31,Exports (BOP) Value [a],670.0,million USD,sbp_balance_of_trade,monthly
1998-06-30,Exports (BOP) Value [a],729.0,million USD,sbp_balance_of_trade,monthly
1998-07-31,Exports (BOP) Value [a],591.0,million USD,sbp_balance_of_trade,monthly
1998-08-31,Exports (BOP) Value [a],633.0,million USD,sbp_balance_of_trade,monthly
1998-09-30,Exports (BOP) Value [a],631.0,million USD,sbp_balance_of_trade,monthly
1998-10-31,Exports (BOP) Value [a],628.0,million USD,sbp_balance_of_trade,monthly
1998-11-30,Exports (BOP) Value [a],567.0,million USD,sbp_balance_of_trade,monthly
1998-12-31,Exports (BOP) Value [a],581.0,million USD,sbp_balance_of_trade,monthly
1999-01-31,Exports (BOP) Value [a],630.0,million USD,sbp_balance_of_trade,monthly
1999-02-28,Exports (BOP) Value [a],648.0,million USD,sbp_balance_of_trade,monthly
1999-03-31,Exports (BOP) Value [a],670.0,million USD,sbp_balance_of_trade,monthly
1999-04-30,Exports (BOP) Value [a],635.0,million USD,sbp_balance_of_trade,monthly
1999-05-31,Exports (BOP) Value [a],593.0,million USD,sbp_balance_of_trade,monthly
1999-06-30,Exports (BOP) Value [a],721.0,million USD,sbp_balance_of_trade,monthly
1999-07-31,Exports (BOP) Value [a],607.0,million USD,sbp_balance_of_trade,monthly
1999-08-31,Exports (BOP) Value [a],583.0,million USD,sbp_balance_of_trade,monthly
1999-09-30,Exports (BOP) Value [a],608.0,million USD,sbp_balance_of_trade,monthly
1999-10-31,Exports (BOP) Value [a],620.0,million USD,sbp_balance_of_trade,monthly
1999-11-30,Exports (BOP) Value [a],627.0,million USD,sbp_balance_of_trade,monthly
1999-12-31,Exports (BOP) Value [a],731.0,million USD,sbp_balance_of_trade,monthly
2000-01-31,Exports (BOP) Value [a],617.0,million USD,sbp_balance_of_trade,monthly
2000-02-29,Exports (BOP) Value [a],687.0,million USD,sbp_balance_of_trade,monthly
2000-03-31,Exports (BOP) Value [a],691.0,million USD,sbp_balance_of_trade,monthly
2000-04-30,Exports (BOP) Value [a],645.0,million USD,sbp_balance_of_trade,monthly
2000-05-31,Exports (BOP) Value [a],690.0,million USD,sbp_balance_of_trade,monthly
2000-06-30,Exports (BOP) Value [a],1085.0,million USD,sbp_balance_of_trade,monthly
2000-07-31,Exports (BOP) Value [a],654.0,million USD,sbp_balance_of_trade,monthly
2000-08-31,Exports (BOP) Value [a],756.0,million USD,sbp_balance_of_trade,monthly
2000-09-30,Exports (BOP) Value [a],725.0,million USD,sbp_balance_of_trade,monthly
2000-10-31,Exports (BOP) Value [a],758.0,million USD,sbp_balance_of_trade,monthly
2000-11-30,Exports (BOP) Value [a],728.0,million USD,sbp_balance_of_trade,monthly
2000-12-31,Exports (BOP) Value [a],703.0,million USD,sbp_balance_of_trade,monthly
2001-01-31,Exports (BOP) Value [a],776.0,million USD,sbp_balance_of_trade,monthly
2001-02-28,Exports (BOP) Value [a],727.0,million USD,sbp_balance_of_trade,monthly
2001-03-31,Exports (BOP) Value [a],756.0,million USD,sbp_balance_of_trade,monthly
2001-04-30,Exports (BOP) Value [a],737.0,million USD,sbp_balance_of_trade,monthly
2001-05-31,Exports (BOP) Value [a],777.0,million USD,sbp_balance_of_trade,monthly
2001-06-30,Exports (BOP) Value [a],837.0,million USD,sbp_balance_of_trade,monthly
2001-07-31,Exports (BOP) Value [a],675.0,million USD,sbp_balance_of_trade,monthly
2001-08-31,Exports (BOP) Value [a],781.0,million USD,sbp_balance_of_trade,monthly
2001-09-30,Exports (BOP) Value [a],747.0,million USD,sbp_balance_of_trade,monthly
2001-10-31,Exports (BOP) Value [a],862.0,million USD,sbp_balance_of_trade,monthly
2001-11-30,Exports (BOP) Value [a],791.0,million USD,sbp_balance_of_trade,monthly
2001-12-31,Exports (BOP) Value [a],665.0,million USD,sbp_balance_of_trade,monthly
2002-01-31,Exports (BOP) Value [a],727.0,million USD,sbp_balance_of_trade,monthly
2002-02-28,Exports (BOP) Value [a],672.0,million USD,sbp_balance_of_trade,monthly
2002-03-31,Exports (BOP) Value [a],738.0,million USD,sbp_balance_of_trade,monthly
2002-04-30,Exports (BOP) Value [a],823.0,million USD,sbp_balance_of_trade,monthly
2002-05-31,Exports (BOP) Value [a],785.0,million USD,sbp_balance_of_trade,monthly
2002-06-30,Exports (BOP) Value [a],874.0,million USD,sbp_balance_of_trade,monthly
2002-07-31,Exports (BOP) Value [a],795.0,million USD,sbp_balance_of_trade,monthly
2002-08-31,Exports (BOP) Value [a],895.0,million USD,sbp_balance_of_trade,monthly
2002-09-30,Exports (BOP) Value [a],933.0,million USD,sbp_balance_of_trade,monthly
2002-10-31,Exports (BOP) Value [a],845.0,million USD,sbp_balance_of_trade,monthly
2002-11-30,Exports (BOP) Value [a],874.0,million USD,sbp_balance_of_trade,monthly
2002-12-31,Exports (BOP) Value [a],831.0,million USD,sbp_balance_of_trade,monthly
2003-01-31,Exports (BOP) Value [a],893.0,million USD,sbp_balance_of_trade,monthly
2003-02-28,Exports (BOP) Value [a],852.0,million USD,sbp_balance_of_trade,monthly
2003-03-31,Exports (BOP) Value [a],861.0,million USD,sbp_balance_of_trade,monthly
2003-04-30,Exports (BOP) Value [a],982.0,million USD,sbp_balance_of_trade,monthly
2003-05-31,Exports (BOP) Value [a],1028.0,million USD,sbp_balance_of_trade,monthly
2003-06-30,Exports (BOP) Value [a],1100.0,million USD,sbp_balance_of_trade,monthly
2003-07-31,Exports (BOP) Value [a],989.0,million USD,sbp_balance_of_trade,monthly
2003-08-31,Exports (BOP) Value [a],941.0,million USD,sbp_balance_of_trade,monthly
2003-09-30,Exports (BOP) Value [a],1084.0,million USD,sbp_balance_of_trade,monthly
2003-10-31,Exports (BOP) Value [a],1031.0,million USD,sbp_balance_of_trade,monthly
2003-11-30,Exports (BOP) Value [a],885.0,million USD,sbp_balance_of_trade,monthly
2003-12-31,Exports (BOP) Value [a],1139.0,million USD,sbp_balance_of_trade,monthly
2004-01-31,Exports (BOP) Value [a],1129.0,million USD,sbp_balance_of_trade,monthly
2004-02-29,Exports (BOP) Value [a],893.0,million USD,sbp_balance_of_trade,monthly
2004-03-31,Exports (BOP) Value [a],1084.0,million USD,sbp_balance_of_trade,monthly
2004-04-30,Exports (BOP) Value [a],1113.0,million USD,sbp_balance_of_trade,monthly
2004-05-31,Exports (BOP) Value [a],982.0,million USD,sbp_balance_of_trade,monthly
2004-06-30,Exports (BOP) Value [a],1126.0,million USD,sbp_balance_of_trade,monthly
2004-07-31,Exports (BOP) Value [a],1081.0,million USD,sbp_balance_of_trade,monthly
2004-08-31,Exports (BOP) Value [a],1117.937,million USD,sbp_balance_of_trade,monthly
2004-09-30,Exports (BOP) Value [a],1194.0,million USD,sbp_balance_of_trade,monthly
2004-10-31,Exports (BOP) Value [a],1123.287,million USD,sbp_balance_of_trade,monthly
2004-11-30,Exports (BOP) Value [a],1118.566,million USD,sbp_balance_of_trade,monthly
2004-12-31,Exports (BOP) Value [a],1311.237,million USD,sbp_balance_of_trade,monthly
2005-01-31,Exports (BOP) Value [a],1138.599,million USD,sbp_balance_of_trade,monthly
2005-02-28,Exports (BOP) Value [a],1167.331,million USD,sbp_balance_of_trade,monthly
2005-03-31,Exports (BOP) Value [a],1444.856,million USD,sbp_balance_of_trade,monthly
2005-04-30,Exports (BOP) Value [a],1224.181,million USD,sbp_balance_of_trade,monthly
2005-05-31,Exports (BOP) Value [a],1182.264,million USD,sbp_balance_of_trade,monthly
2005-06-30,Exports (BOP) Value [a],1378.128,million USD,sbp_balance_of_trade,monthly
2005-07-31,Exports (BOP) Value [a],1170.737,million USD,sbp_balance_of_trade,monthly
2005-08-31,Exports (BOP) Value [a],1367.931,million USD,sbp_balance_of_trade,monthly
2005-09-30,Exports (BOP) Value [a],1330.909,million USD,sbp_balance_of_trade,monthly
2005-10-31,Exports (BOP) Value [a],1332.164,million USD,sbp_balance_of_trade,monthly
2005-11-30,Exports (BOP) Value [a],1220.196,million USD,sbp_balance_of_trade,monthly
2005-12-31,Exports (BOP) Value [a],1481.293,million USD,sbp_balance_of_trade,monthly
2006-01-31,Exports (BOP) Value [a],1269.412,million USD,sbp_balance_of_trade,monthly
2006-02-28,Exports (BOP) Value [a],1305.706,million USD,sbp_balance_of_trade,monthly
2006-03-31,Exports (BOP) Value [a],1555.401,million USD,sbp_balance_of_trade,monthly
2006-04-30,Exports (BOP) Value [a],1463.062,million USD,sbp_balance_of_trade,monthly
2006-05-31,Exports (BOP) Value [a],1539.752,million USD,sbp_balance_of_trade,monthly
2006-06-30,Exports (BOP) Value [a],1535.27,million USD,sbp_balance_of_trade,monthly
2006-07-31,Exports (BOP) Value [a],1357.388,million USD,sbp_balance_of_trade,monthly
2006-08-31,Exports (BOP) Value [a],1419.026,million USD,sbp_balance_of_trade,monthly
2006-09-30,Exports (BOP) Value [a],1415.516,million USD,sbp_balance_of_trade,monthly
2006-10-31,Exports (BOP) Value [a],1268.051,million USD,sbp_balance_of_trade,monthly
2006-11-30,Exports (BOP) Value [a],1425.765,million USD,sbp_balance_of_trade,monthly
2006-12-31,Exports (BOP) Value [a],1511.323,million USD,sbp_balance_of_trade,monthly
2007-01-31,Exports (BOP) Value [a],1189.184,million USD,sbp_balance_of_trade,monthly
2007-02-28,Exports (BOP) Value [a],1387.917737,million USD,sbp_balance_of_trade,monthly
2007-03-31,Exports (BOP) Value [a],1570.9111690000002,million USD,sbp_balance_of_trade,monthly
2007-04-30,Exports (BOP) Value [a],1499.017,million USD,sbp_balance_of_trade,monthly
2007-05-31,Exports (BOP) Value [a],1616.025,million USD,sbp_balance_of_trade,monthly
2007-06-30,Exports (BOP) Value [a],1641.182555,million USD,sbp_balance_of_trade,monthly
2007-07-31,Exports (BOP) Value [a],1528.2043970000002,million USD,sbp_balance_of_trade,monthly
2007-08-31,Exports (BOP) Value [a],1578.5136200000002,million USD,sbp_balance_of_trade,monthly
2007-09-30,Exports (BOP) Value [a],1510.0747020000001,million USD,sbp_balance_of_trade,monthly
2007-10-31,Exports (BOP) Value [a],1626.54722,million USD,sbp_balance_of_trade,monthly
2007-11-30,Exports (BOP) Value [a],1545.024111,million USD,sbp_balance_of_trade,monthly
2007-12-31,Exports (BOP) Value [a],1525.6068,million USD,sbp_balance_of_trade,monthly
2008-01-31,Exports (BOP) Value [a],1659.6713379999999,million USD,sbp_balance_of_trade,monthly
2008-02-29,Exports (BOP) Value [a],1646.161768,million USD,sbp_balance_of_trade,monthly
2008-03-31,Exports (BOP) Value [a],1862.2179059999999,million USD,sbp_balance_of_trade,monthly
2008-04-30,Exports (BOP) Value [a],1938.1662549999999,million USD,sbp_balance_of_trade,monthly
2008-05-31,Exports (BOP) Value [a],2016.481156,million USD,sbp_balance_of_trade,monthly
2008-06-30,Exports (BOP) Value [a],2010.86932,million USD,sbp_balance_of_trade,monthly
2008-07-31,Exports (BOP) Value [a],1980.640206,million USD,sbp_balance_of_trade,monthly
2008-08-31,Exports (BOP) Value [a],1771.532361,million USD,sbp_balance_of_trade,monthly
2008-09-30,Exports (BOP) Value [a],1959.871915,million USD,sbp_balance_of_trade,monthly
2008-10-31,Exports (BOP) Value [a],1364.557816,million USD,sbp_balance_of_trade,monthly
2008-11-30,Exports (BOP) Value [a],1574.5280120000002,million USD,sbp_balance_of_trade,monthly
2008-12-31,Exports (BOP) Value [a],1438.711028,million USD,sbp_balance_of_trade,monthly
2009-01-31,Exports (BOP) Value [a],1281.832744,million USD,sbp_balance_of_trade,monthly
2009-02-28,Exports (BOP) Value [a],1498.9616270000001,million USD,sbp_balance_of_trade,monthly
2009-03-31,Exports (BOP) Value [a],1453.916917,million USD,sbp_balance_of_trade,monthly
2009-04-30,Exports (BOP) Value [a],1496.596184,million USD,sbp_balance_of_trade,monthly
2009-05-31,Exports (BOP) Value [a],1496.322104,million USD,sbp_balance_of_trade,monthly
2009-06-30,Exports (BOP) Value [a],1807.8512549999998,million USD,sbp_balance_of_trade,monthly
2009-07-31,Exports (BOP) Value [a],1559.128095,million USD,sbp_balance_of_trade,monthly
2009-08-31,Exports (BOP) Value [a],1470.69784,million USD,sbp_balance_of_trade,monthly
2009-09-30,Exports (BOP) Value [a],1606.354523,million USD,sbp_balance_of_trade,monthly
2009-10-31,Exports (BOP) Value [a],1631.566584,million USD,sbp_balance_of_trade,monthly
2009-11-30,Exports (BOP) Value [a],1433.485913,million USD,sbp_balance_of_trade,monthly
2009-12-31,Exports (BOP) Value [a],1618.657146,million USD,sbp_balance_of_trade,monthly
2010-01-31,Exports (BOP) Value [a],1636.0351839999998,million USD,sbp_balance_of_trade,monthly
2010-02-28,Exports (BOP) Value [a],1543.2660970000002,million USD,sbp_balance_of_trade,monthly
2010-03-31,Exports (BOP) Value [a],1855.691416,million USD,sbp_balance_of_trade,monthly
2010-04-30,Exports (BOP) Value [a],1819.147641,million USD,sbp_balance_of_trade,monthly
2010-05-31,Exports (BOP) Value [a],1716.784197,million USD,sbp_balance_of_trade,monthly
2010-06-30,Exports (BOP) Value [a],1789.3225,million USD,sbp_balance_of_trade,monthly
2010-07-31,Exports (BOP) Value [a],1654.2206879999999,million USD,sbp_balance_of_trade,monthly
2010-08-31,Exports (BOP) Value [a],1818.664662,million USD,sbp_balance_of_trade,monthly
2010-09-30,Exports (BOP) Value [a],1796.048313,million USD,sbp_balance_of_trade,monthly
2010-10-31,Exports (BOP) Value [a],1840.8857740000003,million USD,sbp_balance_of_trade,monthly
2010-11-30,Exports (BOP) Value [a],1934.8975090000001,million USD,sbp_balance_of_trade,monthly
2010-12-31,Exports (BOP) Value [a],2075.6889239999996,million USD,sbp_balance_of_trade,monthly
2011-01-31,Exports (BOP) Value [a],2038.648727,million USD,sbp_balance_of_trade,monthly
2011-02-28,Exports (BOP) Value [a],2260.492702,million USD,sbp_balance_of_trade,monthly
2011-03-31,Exports (BOP) Value [a],2476.877097,million USD,sbp_balance_of_trade,monthly
2011-04-30,Exports (BOP) Value [a],2570.7185,million USD,sbp_balance_of_trade,monthly
2011-05-31,Exports (BOP) Value [a],2239.250092,million USD,sbp_balance_of_trade,monthly
2011-06-30,Exports (BOP) Value [a],2662.159774,million USD,sbp_balance_of_trade,monthly
2011-07-31,Exports (BOP) Value [a],2138.448884537641,million USD,sbp_balance_of_trade,monthly
2011-08-31,Exports (BOP) Value [a],2120.293805537641,million USD,sbp_balance_of_trade,monthly
2011-09-30,Exports (BOP) Value [a],1895.066277537641,million USD,sbp_balance_of_trade,monthly
2011-10-31,Exports (BOP) Value [a],1969.439942,million USD,sbp_balance_of_trade,monthly
2011-11-30,Exports (BOP) Value [a],1900.176486,million USD,sbp_balance_of_trade,monthly
2011-12-31,Exports (BOP) Value [a],2056.121622,million USD,sbp_balance_of_trade,monthly
2012-01-31,Exports (BOP) Value [a],1973.7439637994196,million USD,sbp_balance_of_trade,monthly
2012-02-29,Exports (BOP) Value [a],2153.94549079942,million USD,sbp_balance_of_trade,monthly
2012-03-31,Exports (BOP) Value [a],2142.47867079942,million USD,sbp_balance_of_trade,monthly
2012-04-30,Exports (BOP) Value [a],2138.357601666667,million USD,sbp_balance_of_trade,monthly
2012-05-31,Exports (BOP) Value [a],2179.3179216666667,million USD,sbp_balance_of_trade,monthly
2012-06-30,Exports (BOP) Value [a],2050.719439666667,million USD,sbp_balance_of_trade,monthly
2012-07-31,Exports (BOP) Value [a],2020.2307270793492,million USD,sbp_balance_of_trade,monthly
2012-08-31,Exports (BOP) Value [a],2029.573418982489,million USD,sbp_balance_of_trade,monthly
2012-09-30,Exports (BOP) Value [a],2100.8698981079715,million USD,sbp_balance_of_trade,monthly
2012-10-31,Exports (BOP) Value [a],2117.210344955333,million USD,sbp_balance_of_trade,monthly
2012-11-30,Exports (BOP) Value [a],2026.9087571447806,million USD,sbp_balance_of_trade,monthly
2012-12-31,Exports (BOP) Value [a],1859.104830815413,million USD,sbp_balance_of_trade,monthly
2013-01-31,Exports (BOP) Value [a],2085.228271874756,million USD,sbp_balance_of_trade,monthly
2013-02-28,Exports (BOP) Value [a],1930.1620473826458,million USD,sbp_balance_of_trade,monthly
2013-03-31,Exports (BOP) Value [a],2176.822178898591,million USD,sbp_balance_of_trade,monthly
2013-04-30,Exports (BOP) Value [a],2204.0568838247686,million USD,sbp_balance_of_trade,monthly
2013-05-31,Exports (BOP) Value [a],2257.868743642619,million USD,sbp_balance_of_trade,monthly
2013-06-30,Exports (BOP) Value [a],1994.2864152321686,million USD,sbp_balance_of_trade,monthly
2013-07-31,Exports (BOP) Value [a],2193.8180271235433,million USD,sbp_balance_of_trade,monthly
2013-08-31,Exports (BOP) Value [a],2008.764081531293,million USD,sbp_balance_of_trade,monthly
2013-09-30,Exports (BOP) Value [a],2054.361368924836,million USD,sbp_balance_of_trade,monthly
2013-10-31,Exports (BOP) Value [a],2063.16422425815,million USD,sbp_balance_of_trade,monthly
2013-11-30,Exports (BOP) Value [a],1819.6927443162247,million USD,sbp_balance_of_trade,monthly
2013-12-31,Exports (BOP) Value [a],2327.2284177286015,million USD,sbp_balance_of_trade,monthly
2014-01-31,Exports (BOP) Value [a],2128.851224730542,million USD,sbp_balance_of_trade,monthly
2014-02-28,Exports (BOP) Value [a],2058.246858,million USD,sbp_balance_of_trade,monthly
2014-03-31,Exports (BOP) Value [a],2091.7518219999997,million USD,sbp_balance_of_trade,monthly
2014-04-30,Exports (BOP) Value [a],2097.099175,million USD,sbp_balance_of_trade,monthly
2014-05-31,Exports (BOP) Value [a],2132.846336,million USD,sbp_balance_of_trade,monthly
2014-06-30,Exports (BOP) Value [a],2102.069919,million USD,sbp_balance_of_trade,monthly
2014-07-31,Exports (BOP) Value [a],1918.999975,million USD,sbp_balance_of_trade,monthly
2014-08-31,Exports (BOP) Value [a],1879.9999769999997,million USD,sbp_balance_of_trade,monthly
2014-09-30,Exports (BOP) Value [a],2160.9999730000004,million USD,sbp_balance_of_trade,monthly
2014-10-31,Exports (BOP) Value [a],2087.999963999999,million USD,sbp_balance_of_trade,monthly
2014-11-30,Exports (BOP) Value [a],1861.0003759999997,million USD,sbp_balance_of_trade,monthly
2014-12-31,Exports (BOP) Value [a],2257.0000160000004,million USD,sbp_balance_of_trade,monthly
2015-01-31,Exports (BOP) Value [a],1963.9999950000006,million USD,sbp_balance_of_trade,monthly
2015-02-28,Exports (BOP) Value [a],1853.000038,million USD,sbp_balance_of_trade,monthly
2015-03-31,Exports (BOP) Value [a],2049.000002,million USD,sbp_balance_of_trade,monthly
2015-04-30,Exports (BOP) Value [a],2066.9999499999994,million USD,sbp_balance_of_trade,monthly
2015-05-31,Exports (BOP) Value [a],1879.996631,million USD,sbp_balance_of_trade,monthly
2015-06-30,Exports (BOP) Value [a],2111.0000410000002,million USD,sbp_balance_of_trade,monthly
2015-07-31,Exports (BOP) Value [a],1759.0000080000004,million USD,sbp_balance_of_trade,monthly
2015-08-31,Exports (BOP) Value [a],1738.0000129999999,million USD,sbp_balance_of_trade,monthly
2015-09-30,Exports (BOP) Value [a],1821.0000109999999,million USD,sbp_balance_of_trade,monthly
2015-10-31,Exports (BOP) Value [a],1778.000006,million USD,sbp_balance_of_trade,monthly
2015-11-30,Exports (BOP) Value [a],1740.00002,million USD,sbp_balance_of_trade,monthly
2015-12-31,Exports (BOP) Value [a],1946.9999840000003,million USD,sbp_balance_of_trade,monthly
2016-01-31,Exports (BOP) Value [a],1692.0000059999998,million USD,sbp_balance_of_trade,monthly
2016-02-29,Exports (BOP) Value [a],1863.9999870000001,million USD,sbp_balance_of_trade,monthly
2016-03-31,Exports (BOP) Value [a],1988.9999969999994,million USD,sbp_balance_of_trade,monthly
2016-04-30,Exports (BOP) Value [a],1817.9999990000001,million USD,sbp_balance_of_trade,monthly
2016-05-31,Exports (BOP) Value [a],1958.995982,million USD,sbp_balance_of_trade,monthly
2016-06-30,Exports (BOP) Value [a],1867.0000409999998,million USD,sbp_balance_of_trade,monthly
2016-07-31,Exports (BOP) Value [a],1507.999955,million USD,sbp_balance_of_trade,monthly
2016-08-31,Exports (BOP) Value [a],1857.000003,million USD,sbp_balance_of_trade,monthly
2016-09-30,Exports (BOP) Value [a],1689.000115,million USD,sbp_balance_of_trade,monthly
2016-10-31,Exports (BOP) Value [a],1826.0244519427658,million USD,sbp_balance_of_trade,monthly
2016-11-30,Exports (BOP) Value [a],1860.000044,million USD,sbp_balance_of_trade,monthly
2016-12-31,Exports (BOP) Value [a],1890.999979,million USD,sbp_balance_of_trade,monthly
2017-01-31,Exports (BOP) Value [a],1810.9999639999999,million USD,sbp_balance_of_trade,monthly
2017-02-28,Exports (BOP) Value [a],1796.9999860000005,million USD,sbp_balance_of_trade,monthly
2017-03-31,Exports (BOP) Value [a],2075.0000149999996,million USD,sbp_balance_of_trade,monthly
2017-04-30,Exports (BOP) Value [a],1827.0249724543262,million USD,sbp_balance_of_trade,monthly
2017-05-31,Exports (BOP) Value [a],1978.000034,million USD,sbp_balance_of_trade,monthly
2017-06-30,Exports (BOP) Value [a],1884.0000109999999,million USD,sbp_balance_of_trade,monthly
2017-07-31,Exports (BOP) Value [a],1817.0,million USD,sbp_balance_of_trade,monthly
2017-08-31,Exports (BOP) Value [a],2090.0,million USD,sbp_balance_of_trade,monthly
2017-09-30,Exports (BOP) Value [a],1743.0,million USD,sbp_balance_of_trade,monthly
2017-10-31,Exports (BOP) Value [a],1960.0,million USD,sbp_balance_of_trade,monthly
2017-11-30,Exports (BOP) Value [a],2173.0,million USD,sbp_balance_of_trade,monthly
2017-12-31,Exports (BOP) Value [a],2008.0,million USD,sbp_balance_of_trade,monthly
2018-01-31,Exports (BOP) Value [a],2090.0,million USD,sbp_balance_of_trade,monthly
2018-02-28,Exports (BOP) Value [a],2057.0,million USD,sbp_balance_of_trade,monthly
2018-03-31,Exports (BOP) Value [a],2316.0,million USD,sbp_balance_of_trade,monthly
2018-04-30,Exports (BOP) Value [a],2235.0,million USD,sbp_balance_of_trade,monthly
2018-05-31,Exports (BOP) Value [a],2265.0,million USD,sbp_balance_of_trade,monthly
2018-06-30,Exports (BOP) Value [a],2014.0,million USD,sbp_balance_of_trade,monthly
2018-07-31,Exports (BOP) Value [a],2012.9800553331522,million USD,sbp_balance_of_trade,monthly
2018-08-31,Exports (BOP) Value [a],2075.042060814554,million USD,sbp_balance_of_trade,monthly
2018-09-30,Exports (BOP) Value [a],1805.0001959524022,million USD,sbp_balance_of_trade,monthly
2018-10-31,Exports (BOP) Value [a],2060.99063001676,million USD,sbp_balance_of_trade,monthly
2018-11-30,Exports (BOP) Value [a],1898.013518618404,million USD,sbp_balance_of_trade,monthly
2018-12-31,Exports (BOP) Value [a],2012.9836514672966,million USD,sbp_balance_of_trade,monthly
2019-01-31,Exports (BOP) Value [a],2273.9538844374906,million USD,sbp_balance_of_trade,monthly
2019-02-28,Exports (BOP) Value [a],1874.9510919654729,million USD,sbp_balance_of_trade,monthly
2019-03-31,Exports (BOP) Value [a],2036.9857323215886,million USD,sbp_balance_of_trade,monthly
2019-04-30,Exports (BOP) Value [a],2084.037728888206,million USD,sbp_balance_of_trade,monthly
2019-05-31,Exports (BOP) Value [a],2323.019703606238,million USD,sbp_balance_of_trade,monthly
2019-06-30,Exports (BOP) Value [a],1799.0148143111621,million USD,sbp_balance_of_trade,monthly
2019-07-31,Exports (BOP) Value [a],2216.9897747748596,million USD,sbp_balance_of_trade,monthly
2019-08-31,Exports (BOP) Value [a],1896.008246980579,million USD,sbp_balance_of_trade,monthly
2019-09-30,Exports (BOP) Value [a],1880.998060752495,million USD,sbp_balance_of_trade,monthly
2019-10-31,Exports (BOP) Value [a],2191.0093189436834,million USD,sbp_balance_of_trade,monthly
2019-11-30,Exports (BOP) Value [a],2112.9716192719734,million USD,sbp_balance_of_trade,monthly
2019-12-31,Exports (BOP) Value [a],2109.9748701493218,million USD,sbp_balance_of_trade,monthly
2020-01-31,Exports (BOP) Value [a],2055.960210436669,million USD,sbp_balance_of_trade,monthly
2020-02-29,Exports (BOP) Value [a],1996.016094888787,million USD,sbp_balance_of_trade,monthly
2020-03-31,Exports (BOP) Value [a],1821.0213483350865,million USD,sbp_balance_of_trade,monthly
2020-04-30,Exports (BOP) Value [a],1423.0481352840975,million USD,sbp_balance_of_trade,monthly
2020-05-31,Exports (BOP) Value [a],1259.0445494353353,million USD,sbp_balance_of_trade,monthly
2020-06-30,Exports (BOP) Value [a],1573.0173111052247,million USD,sbp_balance_of_trade,monthly
2020-07-31,Exports (BOP) Value [a],1887.0060528145673,million USD,sbp_balance_of_trade,monthly
2020-08-31,Exports (BOP) Value [a],1514.9780127946578,million USD,sbp_balance_of_trade,monthly
2020-09-30,Exports (BOP) Value [a],1947.0439999999999,million USD,sbp_balance_of_trade,monthly
2020-10-31,Exports (BOP) Value [a],1968.991231,million USD,sbp_balance_of_trade,monthly
2020-11-30,Exports (BOP) Value [a],2240.0106378263768,million USD,sbp_balance_of_trade,monthly
2020-12-31,Exports (BOP) Value [a],2255.0338721889066,million USD,sbp_balance_of_trade,monthly
2021-01-31,Exports (BOP) Value [a],2099.980226,million USD,sbp_balance_of_trade,monthly
2021-02-28,Exports (BOP) Value [a],2183.9585106289646,million USD,sbp_balance_of_trade,monthly
2021-03-31,Exports (BOP) Value [a],2616.0230512355743,million USD,sbp_balance_of_trade,monthly
2021-04-30,Exports (BOP) Value [a],2303.958905025422,million USD,sbp_balance_of_trade,monthly
2021-05-31,Exports (BOP) Value [a],2130.0041442475745,million USD,sbp_balance_of_trade,monthly
2021-06-30,Exports (BOP) Value [a],2491.985375128079,million USD,sbp_balance_of_trade,monthly
2021-07-31,Exports (BOP) Value [a],2234.0233159182026,million USD,sbp_balance_of_trade,monthly
2021-08-31,Exports (BOP) Value [a],2338.976621387678,million USD,sbp_balance_of_trade,monthly
2021-09-30,Exports (BOP) Value [a],2627.0216342854565,million USD,sbp_balance_of_trade,monthly
2021-10-31,Exports (BOP) Value [a],2375.018532269378,million USD,sbp_balance_of_trade,monthly
2021-11-30,Exports (BOP) Value [a],2736.9537877152143,million USD,sbp_balance_of_trade,monthly
2021-12-31,Exports (BOP) Value [a],2930.0290150791907,million USD,sbp_balance_of_trade,monthly
2022-01-31,Exports (BOP) Value [a],2502.9555491823485,million USD,sbp_balance_of_trade,monthly
2022-02-28,Exports (BOP) Value [a],2890.017180431055,million USD,sbp_balance_of_trade,monthly
2022-03-31,Exports (BOP) Value [a],3070.992293188006,million USD,sbp_balance_of_trade,monthly
2022-04-30,Exports (BOP) Value [a],3152.007945827808,million USD,sbp_balance_of_trade,monthly
2022-05-31,Exports (BOP) Value [a],2504.967154112951,million USD,sbp_balance_of_trade,monthly
2022-06-30,Exports (BOP) Value [a],3129.9794607571393,million USD,sbp_balance_of_trade,monthly
2022-07-31,Exports (BOP) Value [a],2214.993046547123,million USD,sbp_balance_of_trade,monthly
2022-08-31,Exports (BOP) Value [a],2734.0293481730523,million USD,sbp_balance_of_trade,monthly
2022-09-30,Exports (BOP) Value [a],2437.9823034779533,million USD,sbp_balance_of_trade,monthly
2022-10-31,Exports (BOP) Value [a],2281.0226513957045,million USD,sbp_balance_of_trade,monthly
2022-11-30,Exports (BOP) Value [a],2246.0353139332515,million USD,sbp_balance_of_trade,monthly
2022-12-31,Exports (BOP) Value [a],2307.986095889286,million USD,sbp_balance_of_trade,monthly
2023-01-31,Exports (BOP) Value [a],2221.93087970701,million USD,sbp_balance_of_trade,monthly
2023-02-28,Exports (BOP) Value [a],2199.022699529172,million USD,sbp_balance_of_trade,monthly
2023-03-31,Exports (BOP) Value [a],2422.0108471571943,million USD,sbp_balance_of_trade,monthly
2023-04-30,Exports (BOP) Value [a],2134.983046425442,million USD,sbp_balance_of_trade,monthly
2023-05-31,Exports (BOP) Value [a],2564.95948151561,million USD,sbp_balance_of_trade,monthly
2023-06-30,Exports (BOP) Value [a],2110.9720685287302,million USD,sbp_balance_of_trade,monthly
2023-07-31,Exports (BOP) Value [a],2103.986530393867,million USD,sbp_balance_of_trade,monthly
2023-08-31,Exports (BOP) Value [a],2411.043303237432,million USD,sbp_balance_of_trade,monthly
2023-09-30,Exports (BOP) Value [a],2438.951421048044,million USD,sbp_balance_of_trade,monthly
2023-10-31,Exports (BOP) Value [a],2721.0393509161404,million USD,sbp_balance_of_trade,monthly
2023-11-30,Exports (BOP) Value [a],2696.9907487727073,million USD,sbp_balance_of_trade,monthly
2023-12-31,Exports (BOP) Value [a],2783.0013376775755,million USD,sbp_balance_of_trade,monthly
2024-01-31,Exports (BOP) Value [a],2679.964431936977,million USD,sbp_balance_of_trade,monthly
2024-02-29,Exports (BOP) Value [a],2533.955915114013,million USD,sbp_balance_of_trade,monthly
2024-03-31,Exports (BOP) Value [a],2523.0397007145048,million USD,sbp_balance_of_trade,monthly
2024-04-30,Exports (BOP) Value [a],2638.0318717471932,million USD,sbp_balance_of_trade,monthly
2024-05-31,Exports (BOP) Value [a],3006.9543286980547,million USD,sbp_balance_of_trade,monthly
2024-06-30,Exports (BOP) Value [a],2443.0050904448954,million USD,sbp_balance_of_trade,monthly
2024-07-31,Exports (BOP) Value [a],2364.9884422557466,million USD,sbp_balance_of_trade,monthly
2024-08-31,Exports (BOP) Value [a],2438.9763362736353,million USD,sbp_balance_of_trade,monthly
2024-09-30,Exports (BOP) Value [a],2615.9727536455925,million USD,sbp_balance_of_trade,monthly
2024-10-31,Exports (BOP) Value [a],3006.03211813674,million USD,sbp_balance_of_trade,monthly
2024-11-30,Exports (BOP) Value [a],2790.004825784087,million USD,sbp_balance_of_trade,monthly
2024-12-31,Exports (BOP) Value [a],3109.034684566127,million USD,sbp_balance_of_trade,monthly
2025-01-31,Exports (BOP) Value [a],3008.9649976114815,million USD,sbp_balance_of_trade,monthly
2025-02-28,Exports (BOP) Value [a],2608.9535179820623,million USD,sbp_balance_of_trade,monthly
2025-03-31,Exports (BOP) Value [a],2759.02360000614,million USD,sbp_balance_of_trade,monthly
2025-04-30,Exports (BOP) Value [a],2606.0122522146157,million USD,sbp_balance_of_trade,monthly
2025-05-31,Exports (BOP) Value [a],2444.0020881621663,million USD,sbp_balance_of_trade,monthly
2025-06-30,Exports (BOP) Value [a],2590.982443905514,million USD,sbp_balance_of_trade,monthly
2025-07-31,Exports (BOP) Value [a],2750.012407196279,million USD,sbp_balance_of_trade,monthly
2025-08-31,Exports (BOP) Value [a],2487.9747073347503,million USD,sbp_balance_of_trade,monthly
2025-09-30,Exports (BOP) Value [a],2609.001165736412,million USD,sbp_balance_of_trade,monthly
2025-10-31,Exports (BOP) Value [a],2632.3655653498713,million USD,sbp_balance_of_trade,monthly
2025-11-30,Exports (BOP) Value [a],2277.008457799999,million USD,sbp_balance_of_trade,monthly
2025-12-31,Exports (BOP) Value [a],2758.027370529652,million USD,sbp_balance_of_trade,monthly
2026-01-31,Exports (BOP) Value [a],2749.001939069572,million USD,sbp_balance_of_trade,monthly
2026-02-28,Exports (BOP) Value [a],2480.9725182372085,million USD,sbp_balance_of_trade,monthly
2026-03-31,Exports (BOP) Value [a],2528.028274143476,million USD,sbp_balance_of_trade,monthly
2026-04-30,Exports (BOP) Value [a],2619.007336599848,million USD,sbp_balance_of_trade,monthly
2026-05-31,Exports (BOP) Value [a],2356.9566412253726,million USD,sbp_balance_of_trade,monthly
2026-06-30,Exports (BOP) Value [a],2595.039373764594,million USD,sbp_balance_of_trade,monthly
1970-07-31,Imports (BOP) Cumulative [d],100.66486751717369,million USD,sbp_balance_of_trade,monthly
1970-08-31,Imports (BOP) Cumulative [d],214.79251366886302,million USD,sbp_balance_of_trade,monthly
1970-09-30,Imports (BOP) Cumulative [d],311.7857142857143,million USD,sbp_balance_of_trade,monthly
1970-10-31,Imports (BOP) Cumulative [d],422.4737148380479,million USD,sbp_balance_of_trade,monthly
1970-11-30,Imports (BOP) Cumulative [d],510.7393873042175,million USD,sbp_balance_of_trade,monthly
1970-12-31,Imports (BOP) Cumulative [d],615.0210084033614,million USD,sbp_balance_of_trade,monthly
1971-01-31,Imports (BOP) Cumulative [d],736.70204288612,million USD,sbp_balance_of_trade,monthly
1971-02-28,Imports (BOP) Cumulative [d],816.8002028397566,million USD,sbp_balance_of_trade,monthly
1971-03-31,Imports (BOP) Cumulative [d],911.5546218487395,million USD,sbp_balance_of_trade,monthly
1971-04-30,Imports (BOP) Cumulative [d],1001.9629940143111,million USD,sbp_balance_of_trade,monthly
1971-05-31,Imports (BOP) Cumulative [d],1099.0801146444658,million USD,sbp_balance_of_trade,monthly
1971-06-30,Imports (BOP) Cumulative [d],1186.9327731092437,million USD,sbp_balance_of_trade,monthly
1971-07-31,Imports (BOP) Cumulative [d],84.66832460732985,million USD,sbp_balance_of_trade,monthly
1971-08-31,Imports (BOP) Cumulative [d],179.13298429319372,million USD,sbp_balance_of_trade,monthly
1971-09-30,Imports (BOP) Cumulative [d],267.3,million USD,sbp_balance_of_trade,monthly
1971-10-31,Imports (BOP) Cumulative [d],350.56657571623464,million USD,sbp_balance_of_trade,monthly
1971-11-30,Imports (BOP) Cumulative [d],434.1635743519781,million USD,sbp_balance_of_trade,monthly
1971-12-31,Imports (BOP) Cumulative [d],509.49999999999994,million USD,sbp_balance_of_trade,monthly
1972-01-31,Imports (BOP) Cumulative [d],571.0743155149934,million USD,sbp_balance_of_trade,monthly
1972-02-29,Imports (BOP) Cumulative [d],629.0910039113428,million USD,sbp_balance_of_trade,monthly
1972-03-31,Imports (BOP) Cumulative [d],719.3999999999999,million USD,sbp_balance_of_trade,monthly
1972-04-30,Imports (BOP) Cumulative [d],811.8566888981424,million USD,sbp_balance_of_trade,monthly
1972-05-31,Imports (BOP) Cumulative [d],881.8989309777525,million USD,sbp_balance_of_trade,monthly
1972-06-30,Imports (BOP) Cumulative [d],954.2575940011628,million USD,sbp_balance_of_trade,monthly
1972-07-31,Imports (BOP) Cumulative [d],64.39093260593519,million USD,sbp_balance_of_trade,monthly
1972-08-31,Imports (BOP) Cumulative [d],143.2182664722758,million USD,sbp_balance_of_trade,monthly
1972-09-30,Imports (BOP) Cumulative [d],221.47272727272727,million USD,sbp_balance_of_trade,monthly
1972-10-31,Imports (BOP) Cumulative [d],287.2807265479911,million USD,sbp_balance_of_trade,monthly
1972-11-30,Imports (BOP) Cumulative [d],348.37382343615525,million USD,sbp_balance_of_trade,monthly
1972-12-31,Imports (BOP) Cumulative [d],422.80909090909086,million USD,sbp_balance_of_trade,monthly
1973-01-31,Imports (BOP) Cumulative [d],491.6409090909091,million USD,sbp_balance_of_trade,monthly
1973-02-28,Imports (BOP) Cumulative [d],550.6409090909091,million USD,sbp_balance_of_trade,monthly
1973-03-31,Imports (BOP) Cumulative [d],639.8833333333333,million USD,sbp_balance_of_trade,monthly
1973-04-30,Imports (BOP) Cumulative [d],711.1806754535271,million USD,sbp_balance_of_trade,monthly
1973-05-31,Imports (BOP) Cumulative [d],806.8818058162033,million USD,sbp_balance_of_trade,monthly
1973-06-30,Imports (BOP) Cumulative [d],889.0651515151515,million USD,sbp_balance_of_trade,monthly
1973-07-31,Imports (BOP) Cumulative [d],77.97824748614815,million USD,sbp_balance_of_trade,monthly
1973-08-31,Imports (BOP) Cumulative [d],178.03976560184233,million USD,sbp_balance_of_trade,monthly
1973-09-30,Imports (BOP) Cumulative [d],280.8484848484848,million USD,sbp_balance_of_trade,monthly
1973-10-31,Imports (BOP) Cumulative [d],363.74553751384434,million USD,sbp_balance_of_trade,monthly
1973-11-30,Imports (BOP) Cumulative [d],459.5176092580199,million USD,sbp_balance_of_trade,monthly
1973-12-31,Imports (BOP) Cumulative [d],572.3434343434343,million USD,sbp_balance_of_trade,monthly
1974-01-31,Imports (BOP) Cumulative [d],736.1878103064544,million USD,sbp_balance_of_trade,monthly
1974-02-28,Imports (BOP) Cumulative [d],879.9936654682417,million USD,sbp_balance_of_trade,monthly
1974-03-31,Imports (BOP) Cumulative [d],1020.5252525252525,million USD,sbp_balance_of_trade,monthly
1974-04-30,Imports (BOP) Cumulative [d],1137.713057111895,million USD,sbp_balance_of_trade,monthly
1974-05-31,Imports (BOP) Cumulative [d],1295.8920770267523,million USD,sbp_balance_of_trade,monthly
1974-06-30,Imports (BOP) Cumulative [d],1493.1010101010102,million USD,sbp_balance_of_trade,monthly
1974-07-31,Imports (BOP) Cumulative [d],164.14327278804592,million USD,sbp_balance_of_trade,monthly
1974-08-31,Imports (BOP) Cumulative [d],348.80445467459754,million USD,sbp_balance_of_trade,monthly
1974-09-30,Imports (BOP) Cumulative [d],475.8484848484848,million USD,sbp_balance_of_trade,monthly
1974-10-31,Imports (BOP) Cumulative [d],618.5928019970572,million USD,sbp_balance_of_trade,monthly
1974-11-30,Imports (BOP) Cumulative [d],796.7092446560531,million USD,sbp_balance_of_trade,monthly
1974-12-31,Imports (BOP) Cumulative [d],987.3838383838383,million USD,sbp_balance_of_trade,monthly
1975-01-31,Imports (BOP) Cumulative [d],1195.6448955746528,million USD,sbp_balance_of_trade,monthly
1975-02-28,Imports (BOP) Cumulative [d],1358.1363962885894,million USD,sbp_balance_of_trade,monthly
1975-03-31,Imports (BOP) Cumulative [d],1535.3737373737376,million USD,sbp_balance_of_trade,monthly
1975-04-30,Imports (BOP) Cumulative [d],1712.50824399544,million USD,sbp_balance_of_trade,monthly
1975-05-31,Imports (BOP) Cumulative [d],1890.0087310027243,million USD,sbp_balance_of_trade,monthly
1975-06-30,Imports (BOP) Cumulative [d],2114.1717171717173,million USD,sbp_balance_of_trade,monthly
1975-07-31,Imports (BOP) Cumulative [d],232.79299897724857,million USD,sbp_balance_of_trade,monthly
1975-08-31,Imports (BOP) Cumulative [d],405.69265355743806,million USD,sbp_balance_of_trade,monthly
1975-09-30,Imports (BOP) Cumulative [d],591.5252525252524,million USD,sbp_balance_of_trade,monthly
1975-10-31,Imports (BOP) Cumulative [d],760.3306725151975,million USD,sbp_balance_of_trade,monthly
1975-11-30,Imports (BOP) Cumulative [d],908.0888344431052,million USD,sbp_balance_of_trade,monthly
1975-12-31,Imports (BOP) Cumulative [d],1083.090909090909,million USD,sbp_balance_of_trade,monthly
1976-01-31,Imports (BOP) Cumulative [d],1273.907258564425,million USD,sbp_balance_of_trade,monthly
1976-02-29,Imports (BOP) Cumulative [d],1458.2347523497929,million USD,sbp_balance_of_trade,monthly
1976-03-31,Imports (BOP) Cumulative [d],1611.7676767676767,million USD,sbp_balance_of_trade,monthly
1976-04-30,Imports (BOP) Cumulative [d],1761.7550003660938,million USD,sbp_balance_of_trade,monthly
1976-05-31,Imports (BOP) Cumulative [d],1937.765623458028,million USD,sbp_balance_of_trade,monthly
1976-06-30,Imports (BOP) Cumulative [d],2139.3838383838383,million USD,sbp_balance_of_trade,monthly
1976-07-31,Imports (BOP) Cumulative [d],155.17112004710185,million USD,sbp_balance_of_trade,monthly
1976-08-31,Imports (BOP) Cumulative [d],322.131421699425,million USD,sbp_balance_of_trade,monthly
1976-09-30,Imports (BOP) Cumulative [d],513.8383838383838,million USD,sbp_balance_of_trade,monthly
1976-10-31,Imports (BOP) Cumulative [d],718.8595441641717,million USD,sbp_balance_of_trade,monthly
1976-11-30,Imports (BOP) Cumulative [d],937.3192529186812,million USD,sbp_balance_of_trade,monthly
1976-12-31,Imports (BOP) Cumulative [d],1135.4545454545455,million USD,sbp_balance_of_trade,monthly
1977-01-31,Imports (BOP) Cumulative [d],1396.999562318169,million USD,sbp_balance_of_trade,monthly
1977-02-28,Imports (BOP) Cumulative [d],1585.307535851291,million USD,sbp_balance_of_trade,monthly
1977-03-31,Imports (BOP) Cumulative [d],1788.4848484848483,million USD,sbp_balance_of_trade,monthly
1977-04-30,Imports (BOP) Cumulative [d],1928.7609357170024,million USD,sbp_balance_of_trade,monthly
1977-05-31,Imports (BOP) Cumulative [d],2154.839700048905,million USD,sbp_balance_of_trade,monthly
1977-06-30,Imports (BOP) Cumulative [d],2418.080808080808,million USD,sbp_balance_of_trade,monthly
1977-07-31,Imports (BOP) Cumulative [d],169.99304633668373,million USD,sbp_balance_of_trade,monthly
1977-08-31,Imports (BOP) Cumulative [d],371.52469125160195,million USD,sbp_balance_of_trade,monthly
1977-09-30,Imports (BOP) Cumulative [d],554.3434343434344,million USD,sbp_balance_of_trade,monthly
1977-10-31,Imports (BOP) Cumulative [d],772.641936880982,million USD,sbp_balance_of_trade,monthly
1977-11-30,Imports (BOP) Cumulative [d],989.7134689124638,million USD,sbp_balance_of_trade,monthly
1977-12-31,Imports (BOP) Cumulative [d],1205.3535353535353,million USD,sbp_balance_of_trade,monthly
1978-01-31,Imports (BOP) Cumulative [d],1470.4461342703266,million USD,sbp_balance_of_trade,monthly
1978-02-28,Imports (BOP) Cumulative [d],1758.9159058655678,million USD,sbp_balance_of_trade,monthly
1978-03-31,Imports (BOP) Cumulative [d],2111.6161616161617,million USD,sbp_balance_of_trade,monthly
1978-04-30,Imports (BOP) Cumulative [d],2408.809560809561,million USD,sbp_balance_of_trade,monthly
1978-05-31,Imports (BOP) Cumulative [d],2780.4634624634627,million USD,sbp_balance_of_trade,monthly
1978-06-30,Imports (BOP) Cumulative [d],3174.0404040404046,million USD,sbp_balance_of_trade,monthly
1978-07-31,Imports (BOP) Cumulative [d],215.289618429106,million USD,sbp_balance_of_trade,monthly
1978-08-31,Imports (BOP) Cumulative [d],402.86170639566325,million USD,sbp_balance_of_trade,monthly
1978-09-30,Imports (BOP) Cumulative [d],743.5353535353535,million USD,sbp_balance_of_trade,monthly
1978-10-31,Imports (BOP) Cumulative [d],1105.09433239868,million USD,sbp_balance_of_trade,monthly
1978-11-30,Imports (BOP) Cumulative [d],1414.1120007206962,million USD,sbp_balance_of_trade,monthly
1978-12-31,Imports (BOP) Cumulative [d],1674.9494949494947,million USD,sbp_balance_of_trade,monthly
1979-01-31,Imports (BOP) Cumulative [d],2072.130303548038,million USD,sbp_balance_of_trade,monthly
1979-02-28,Imports (BOP) Cumulative [d],2366.019849960393,million USD,sbp_balance_of_trade,monthly
1979-03-31,Imports (BOP) Cumulative [d],2750.30303030303,million USD,sbp_balance_of_trade,monthly
1979-04-30,Imports (BOP) Cumulative [d],3107.940150164749,million USD,sbp_balance_of_trade,monthly
1979-05-31,Imports (BOP) Cumulative [d],3475.0051315291958,million USD,sbp_balance_of_trade,monthly
1979-06-30,Imports (BOP) Cumulative [d],3815.8585858585857,million USD,sbp_balance_of_trade,monthly
1979-07-31,Imports (BOP) Cumulative [d],438.94161364047415,million USD,sbp_balance_of_trade,monthly
1979-08-31,Imports (BOP) Cumulative [d],698.9982735658264,million USD,sbp_balance_of_trade,monthly
1979-09-30,Imports (BOP) Cumulative [d],1088.7878787878785,million USD,sbp_balance_of_trade,monthly
1979-10-31,Imports (BOP) Cumulative [d],1498.5342093780134,million USD,sbp_balance_of_trade,monthly
1979-11-30,Imports (BOP) Cumulative [d],1800.6213191254,million USD,sbp_balance_of_trade,monthly
1979-12-31,Imports (BOP) Cumulative [d],2148.1818181818176,million USD,sbp_balance_of_trade,monthly
1980-01-31,Imports (BOP) Cumulative [d],2580.2890597607607,million USD,sbp_balance_of_trade,monthly
1980-02-29,Imports (BOP) Cumulative [d],2968.627299091914,million USD,sbp_balance_of_trade,monthly
1980-03-31,Imports (BOP) Cumulative [d],3393.0303030303025,million USD,sbp_balance_of_trade,monthly
1980-04-30,Imports (BOP) Cumulative [d],3827.692101864287,million USD,sbp_balance_of_trade,monthly
1980-05-31,Imports (BOP) Cumulative [d],4407.272231999053,million USD,sbp_balance_of_trade,monthly
1980-06-30,Imports (BOP) Cumulative [d],4856.565656565655,million USD,sbp_balance_of_trade,monthly
1980-07-31,Imports (BOP) Cumulative [d],452.8578454338011,million USD,sbp_balance_of_trade,monthly
1980-08-31,Imports (BOP) Cumulative [d],920.9524364481676,million USD,sbp_balance_of_trade,monthly
1980-09-30,Imports (BOP) Cumulative [d],1414.9494949494951,million USD,sbp_balance_of_trade,monthly
1980-10-31,Imports (BOP) Cumulative [d],1829.257836871075,million USD,sbp_balance_of_trade,monthly
1980-11-30,Imports (BOP) Cumulative [d],2247.394903742319,million USD,sbp_balance_of_trade,monthly
1980-12-31,Imports (BOP) Cumulative [d],2736.2626262626263,million USD,sbp_balance_of_trade,monthly
1981-01-31,Imports (BOP) Cumulative [d],3194.1713778345556,million USD,sbp_balance_of_trade,monthly
1981-02-28,Imports (BOP) Cumulative [d],3653.054818107149,million USD,sbp_balance_of_trade,monthly
1981-03-31,Imports (BOP) Cumulative [d],4067.9797979797977,million USD,sbp_balance_of_trade,monthly
1981-04-30,Imports (BOP) Cumulative [d],4570.87601680522,million USD,sbp_balance_of_trade,monthly
1981-05-31,Imports (BOP) Cumulative [d],5053.714286113346,million USD,sbp_balance_of_trade,monthly
1981-06-30,Imports (BOP) Cumulative [d],5563.434343434344,million USD,sbp_balance_of_trade,monthly
1981-07-31,Imports (BOP) Cumulative [d],399.67612925199677,million USD,sbp_balance_of_trade,monthly
1981-08-31,Imports (BOP) Cumulative [d],808.3122523335724,million USD,sbp_balance_of_trade,monthly
1981-09-30,Imports (BOP) Cumulative [d],1331.6161616161617,million USD,sbp_balance_of_trade,monthly
1981-10-31,Imports (BOP) Cumulative [d],1832.339266229506,million USD,sbp_balance_of_trade,monthly
1981-11-30,Imports (BOP) Cumulative [d],2302.904592994902,million USD,sbp_balance_of_trade,monthly
1981-12-31,Imports (BOP) Cumulative [d],2828.1720115288317,million USD,sbp_balance_of_trade,monthly
1982-01-31,Imports (BOP) Cumulative [d],3267.30276005819,million USD,sbp_balance_of_trade,monthly
1982-02-28,Imports (BOP) Cumulative [d],3691.435801727458,million USD,sbp_balance_of_trade,monthly
1982-03-31,Imports (BOP) Cumulative [d],4191.18375614663,million USD,sbp_balance_of_trade,monthly
1982-04-30,Imports (BOP) Cumulative [d],4723.6226740973925,million USD,sbp_balance_of_trade,monthly
1982-05-31,Imports (BOP) Cumulative [d],5251.391442570618,million USD,sbp_balance_of_trade,monthly
1982-06-30,Imports (BOP) Cumulative [d],5771.072034779236,million USD,sbp_balance_of_trade,monthly
1982-07-31,Imports (BOP) Cumulative [d],426.99463450036427,million USD,sbp_balance_of_trade,monthly
1982-08-31,Imports (BOP) Cumulative [d],936.0800149648026,million USD,sbp_balance_of_trade,monthly
1982-09-30,Imports (BOP) Cumulative [d],1324.747891877394,million USD,sbp_balance_of_trade,monthly
1982-10-31,Imports (BOP) Cumulative [d],1816.1319321083508,million USD,sbp_balance_of_trade,monthly
1982-11-30,Imports (BOP) Cumulative [d],2328.979029634146,million USD,sbp_balance_of_trade,monthly
1982-12-31,Imports (BOP) Cumulative [d],2796.9153148736623,million USD,sbp_balance_of_trade,monthly
1983-01-31,Imports (BOP) Cumulative [d],3315.387679270302,million USD,sbp_balance_of_trade,monthly
1983-02-28,Imports (BOP) Cumulative [d],3715.026788708751,million USD,sbp_balance_of_trade,monthly
1983-03-31,Imports (BOP) Cumulative [d],4159.9252755622665,million USD,sbp_balance_of_trade,monthly
1983-04-30,Imports (BOP) Cumulative [d],4617.37622303391,million USD,sbp_balance_of_trade,monthly
1983-05-31,Imports (BOP) Cumulative [d],5104.494901531348,million USD,sbp_balance_of_trade,monthly
1983-06-30,Imports (BOP) Cumulative [d],5617.55012924292,million USD,sbp_balance_of_trade,monthly
1983-07-31,Imports (BOP) Cumulative [d],413.9253532102422,million USD,sbp_balance_of_trade,monthly
1983-08-31,Imports (BOP) Cumulative [d],946.825268891079,million USD,sbp_balance_of_trade,monthly
1983-09-30,Imports (BOP) Cumulative [d],1325.6761386030305,million USD,sbp_balance_of_trade,monthly
1983-10-31,Imports (BOP) Cumulative [d],1818.1293909400288,million USD,sbp_balance_of_trade,monthly
1983-11-30,Imports (BOP) Cumulative [d],2350.3002263006892,million USD,sbp_balance_of_trade,monthly
1983-12-31,Imports (BOP) Cumulative [d],2767.3034953248753,million USD,sbp_balance_of_trade,monthly
1984-01-31,Imports (BOP) Cumulative [d],3312.683343668925,million USD,sbp_balance_of_trade,monthly
1984-02-29,Imports (BOP) Cumulative [d],3812.081669953075,million USD,sbp_balance_of_trade,monthly
1984-03-31,Imports (BOP) Cumulative [d],4349.467517129821,million USD,sbp_balance_of_trade,monthly
1984-04-30,Imports (BOP) Cumulative [d],4895.9120438028895,million USD,sbp_balance_of_trade,monthly
1984-05-31,Imports (BOP) Cumulative [d],5417.951203553348,million USD,sbp_balance_of_trade,monthly
1984-06-30,Imports (BOP) Cumulative [d],5990.357726555181,million USD,sbp_balance_of_trade,monthly
1984-07-31,Imports (BOP) Cumulative [d],602.175506308963,million USD,sbp_balance_of_trade,monthly
1984-08-31,Imports (BOP) Cumulative [d],1107.8197468769056,million USD,sbp_balance_of_trade,monthly
1984-09-30,Imports (BOP) Cumulative [d],1571.7623297891664,million USD,sbp_balance_of_trade,monthly
1984-10-31,Imports (BOP) Cumulative [d],2063.8667895611115,million USD,sbp_balance_of_trade,monthly
1984-11-30,Imports (BOP) Cumulative [d],2555.031858336914,million USD,sbp_balance_of_trade,monthly
1984-12-31,Imports (BOP) Cumulative [d],3009.241310668462,million USD,sbp_balance_of_trade,monthly
1985-01-31,Imports (BOP) Cumulative [d],3586.63626536104,million USD,sbp_balance_of_trade,monthly
1985-02-28,Imports (BOP) Cumulative [d],4009.2506509797263,million USD,sbp_balance_of_trade,monthly
1985-03-31,Imports (BOP) Cumulative [d],4469.753877732439,million USD,sbp_balance_of_trade,monthly
1985-04-30,Imports (BOP) Cumulative [d],4915.627332788649,million USD,sbp_balance_of_trade,monthly
1985-05-31,Imports (BOP) Cumulative [d],5405.72190219446,million USD,sbp_balance_of_trade,monthly
1985-06-30,Imports (BOP) Cumulative [d],6016.932887570636,million USD,sbp_balance_of_trade,monthly
1985-07-31,Imports (BOP) Cumulative [d],507.37423975757184,million USD,sbp_balance_of_trade,monthly
1985-08-31,Imports (BOP) Cumulative [d],984.561875035918,million USD,sbp_balance_of_trade,monthly
1985-09-30,Imports (BOP) Cumulative [d],1450.6042820959008,million USD,sbp_balance_of_trade,monthly
1985-10-31,Imports (BOP) Cumulative [d],1894.8154646057865,million USD,sbp_balance_of_trade,monthly
1985-11-30,Imports (BOP) Cumulative [d],2341.0235074662164,million USD,sbp_balance_of_trade,monthly
1985-12-31,Imports (BOP) Cumulative [d],2869.7524486241637,million USD,sbp_balance_of_trade,monthly
1986-01-31,Imports (BOP) Cumulative [d],3414.0782726803473,million USD,sbp_balance_of_trade,monthly
1986-02-28,Imports (BOP) Cumulative [d],3866.591696227358,million USD,sbp_balance_of_trade,monthly
1986-03-31,Imports (BOP) Cumulative [d],4372.022929866111,million USD,sbp_balance_of_trade,monthly
1986-04-30,Imports (BOP) Cumulative [d],4964.5180475566085,million USD,sbp_balance_of_trade,monthly
1986-05-31,Imports (BOP) Cumulative [d],5483.054263750279,million USD,sbp_balance_of_trade,monthly
1986-06-30,Imports (BOP) Cumulative [d],6000.401223970089,million USD,sbp_balance_of_trade,monthly
1986-07-31,Imports (BOP) Cumulative [d],521.2159432962715,million USD,sbp_balance_of_trade,monthly
1986-08-31,Imports (BOP) Cumulative [d],949.8115994002078,million USD,sbp_balance_of_trade,monthly
1986-09-30,Imports (BOP) Cumulative [d],1382.751640758569,million USD,sbp_balance_of_trade,monthly
1986-10-31,Imports (BOP) Cumulative [d],1897.5367790114133,million USD,sbp_balance_of_trade,monthly
1986-11-30,Imports (BOP) Cumulative [d],2401.4906557239883,million USD,sbp_balance_of_trade,monthly
1986-12-31,Imports (BOP) Cumulative [d],2839.1399237055243,million USD,sbp_balance_of_trade,monthly
1987-01-31,Imports (BOP) Cumulative [d],3324.325885200753,million USD,sbp_balance_of_trade,monthly
1987-02-28,Imports (BOP) Cumulative [d],3780.0869018682665,million USD,sbp_balance_of_trade,monthly
1987-03-31,Imports (BOP) Cumulative [d],4242.28011216514,million USD,sbp_balance_of_trade,monthly
1987-04-30,Imports (BOP) Cumulative [d],4711.369419569943,million USD,sbp_balance_of_trade,monthly
1987-05-31,Imports (BOP) Cumulative [d],5177.457357802491,million USD,sbp_balance_of_trade,monthly
1987-06-30,Imports (BOP) Cumulative [d],5793.178167580917,million USD,sbp_balance_of_trade,monthly
1987-07-31,Imports (BOP) Cumulative [d],507.3070720522821,million USD,sbp_balance_of_trade,monthly
1987-08-31,Imports (BOP) Cumulative [d],1018.9365971006679,million USD,sbp_balance_of_trade,monthly
1987-09-30,Imports (BOP) Cumulative [d],1610.2783500155244,million USD,sbp_balance_of_trade,monthly
1987-10-31,Imports (BOP) Cumulative [d],2187.0030685827774,million USD,sbp_balance_of_trade,monthly
1987-11-30,Imports (BOP) Cumulative [d],2732.5642124361248,million USD,sbp_balance_of_trade,monthly
1987-12-31,Imports (BOP) Cumulative [d],3287.4086332641205,million USD,sbp_balance_of_trade,monthly
1988-01-31,Imports (BOP) Cumulative [d],3880.095301160494,million USD,sbp_balance_of_trade,monthly
1988-02-29,Imports (BOP) Cumulative [d],4426.9666414174,million USD,sbp_balance_of_trade,monthly
1988-03-31,Imports (BOP) Cumulative [d],5058.211361901498,million USD,sbp_balance_of_trade,monthly
1988-04-30,Imports (BOP) Cumulative [d],5647.477245232625,million USD,sbp_balance_of_trade,monthly
1988-05-31,Imports (BOP) Cumulative [d],6182.623998179027,million USD,sbp_balance_of_trade,monthly
1988-06-30,Imports (BOP) Cumulative [d],6917.338293457368,million USD,sbp_balance_of_trade,monthly
1988-07-31,Imports (BOP) Cumulative [d],487.2068999018173,million USD,sbp_balance_of_trade,monthly
1988-08-31,Imports (BOP) Cumulative [d],1007.188776358118,million USD,sbp_balance_of_trade,monthly
1988-09-30,Imports (BOP) Cumulative [d],1615.977566702083,million USD,sbp_balance_of_trade,monthly
1988-10-31,Imports (BOP) Cumulative [d],2190.03607811888,million USD,sbp_balance_of_trade,monthly
1988-11-30,Imports (BOP) Cumulative [d],2795.0932676819143,million USD,sbp_balance_of_trade,monthly
1988-12-31,Imports (BOP) Cumulative [d],3447.1839163873374,million USD,sbp_balance_of_trade,monthly
1989-01-31,Imports (BOP) Cumulative [d],4124.459266104226,million USD,sbp_balance_of_trade,monthly
1989-02-28,Imports (BOP) Cumulative [d],4817.214634117063,million USD,sbp_balance_of_trade,monthly
1989-03-31,Imports (BOP) Cumulative [d],5504.3155845222445,million USD,sbp_balance_of_trade,monthly
1989-04-30,Imports (BOP) Cumulative [d],6019.377329664809,million USD,sbp_balance_of_trade,monthly
1989-05-31,Imports (BOP) Cumulative [d],6586.064374805657,million USD,sbp_balance_of_trade,monthly
1989-06-30,Imports (BOP) Cumulative [d],7201.307183757896,million USD,sbp_balance_of_trade,monthly
1989-07-31,Imports (BOP) Cumulative [d],519.3274763878168,million USD,sbp_balance_of_trade,monthly
1989-08-31,Imports (BOP) Cumulative [d],1143.5026988062973,million USD,sbp_balance_of_trade,monthly
1989-09-30,Imports (BOP) Cumulative [d],1790.5352757823503,million USD,sbp_balance_of_trade,monthly
1989-10-31,Imports (BOP) Cumulative [d],2430.934961183667,million USD,sbp_balance_of_trade,monthly
1989-11-30,Imports (BOP) Cumulative [d],3019.2283418874076,million USD,sbp_balance_of_trade,monthly
1989-12-31,Imports (BOP) Cumulative [d],3588.7788655721984,million USD,sbp_balance_of_trade,monthly
1990-01-31,Imports (BOP) Cumulative [d],4288.596951333928,million USD,sbp_balance_of_trade,monthly
1990-02-28,Imports (BOP) Cumulative [d],4939.020680075242,million USD,sbp_balance_of_trade,monthly
1990-03-31,Imports (BOP) Cumulative [d],5513.539302070988,million USD,sbp_balance_of_trade,monthly
1990-04-30,Imports (BOP) Cumulative [d],6092.62188855759,million USD,sbp_balance_of_trade,monthly
1990-05-31,Imports (BOP) Cumulative [d],6653.265627270582,million USD,sbp_balance_of_trade,monthly
1990-06-30,Imports (BOP) Cumulative [d],7414.004144477685,million USD,sbp_balance_of_trade,monthly
1990-07-31,Imports (BOP) Cumulative [d],587.324740503149,million USD,sbp_balance_of_trade,monthly
1990-08-31,Imports (BOP) Cumulative [d],1166.932457693551,million USD,sbp_balance_of_trade,monthly
1990-09-30,Imports (BOP) Cumulative [d],1910.6747061629098,million USD,sbp_balance_of_trade,monthly
1990-10-31,Imports (BOP) Cumulative [d],2664.4368598046276,million USD,sbp_balance_of_trade,monthly
1990-11-30,Imports (BOP) Cumulative [d],3563.9255550921166,million USD,sbp_balance_of_trade,monthly
1990-12-31,Imports (BOP) Cumulative [d],4248.977747817867,million USD,sbp_balance_of_trade,monthly
1991-01-31,Imports (BOP) Cumulative [d],4935.089763752885,million USD,sbp_balance_of_trade,monthly
1991-02-28,Imports (BOP) Cumulative [d],5614.300898978502,million USD,sbp_balance_of_trade,monthly
1991-03-31,Imports (BOP) Cumulative [d],6375.785621842808,million USD,sbp_balance_of_trade,monthly
1991-04-30,Imports (BOP) Cumulative [d],7031.208501122101,million USD,sbp_balance_of_trade,monthly
1991-05-31,Imports (BOP) Cumulative [d],7768.728926277074,million USD,sbp_balance_of_trade,monthly
1991-06-30,Imports (BOP) Cumulative [d],8387.280128957944,million USD,sbp_balance_of_trade,monthly
1991-07-31,Imports (BOP) Cumulative [d],851.890428546266,million USD,sbp_balance_of_trade,monthly
1991-08-31,Imports (BOP) Cumulative [d],1602.799559438052,million USD,sbp_balance_of_trade,monthly
1991-09-30,Imports (BOP) Cumulative [d],2227.642797785837,million USD,sbp_balance_of_trade,monthly
1991-10-31,Imports (BOP) Cumulative [d],2927.819858909874,million USD,sbp_balance_of_trade,monthly
1991-11-30,Imports (BOP) Cumulative [d],3665.2152054839758,million USD,sbp_balance_of_trade,monthly
1991-12-31,Imports (BOP) Cumulative [d],4482.57140765764,million USD,sbp_balance_of_trade,monthly
1992-01-31,Imports (BOP) Cumulative [d],5328.449943440837,million USD,sbp_balance_of_trade,monthly
1992-02-29,Imports (BOP) Cumulative [d],6119.439484044415,million USD,sbp_balance_of_trade,monthly
1992-03-31,Imports (BOP) Cumulative [d],6870.748802196769,million USD,sbp_balance_of_trade,monthly
1992-04-30,Imports (BOP) Cumulative [d],7545.631646211958,million USD,sbp_balance_of_trade,monthly
1992-05-31,Imports (BOP) Cumulative [d],8288.890474475813,million USD,sbp_balance_of_trade,monthly
1992-06-30,Imports (BOP) Cumulative [d],8999.651406182196,million USD,sbp_balance_of_trade,monthly
1992-07-31,Imports (BOP) Cumulative [d],740.50516699905,million USD,sbp_balance_of_trade,monthly
1992-08-31,Imports (BOP) Cumulative [d],1560.552136319115,million USD,sbp_balance_of_trade,monthly
1992-09-30,Imports (BOP) Cumulative [d],2418.5879503532083,million USD,sbp_balance_of_trade,monthly
1992-10-31,Imports (BOP) Cumulative [d],3328.761774699431,million USD,sbp_balance_of_trade,monthly
1992-11-30,Imports (BOP) Cumulative [d],4246.164801153773,million USD,sbp_balance_of_trade,monthly
1992-12-31,Imports (BOP) Cumulative [d],5129.836973665016,million USD,sbp_balance_of_trade,monthly
1993-01-31,Imports (BOP) Cumulative [d],6041.23576119069,million USD,sbp_balance_of_trade,monthly
1993-02-28,Imports (BOP) Cumulative [d],6842.133436492681,million USD,sbp_balance_of_trade,monthly
1993-03-31,Imports (BOP) Cumulative [d],7619.856744925316,million USD,sbp_balance_of_trade,monthly
1993-04-30,Imports (BOP) Cumulative [d],8399.294391147328,million USD,sbp_balance_of_trade,monthly
1993-05-31,Imports (BOP) Cumulative [d],9278.175848265764,million USD,sbp_balance_of_trade,monthly
1993-06-30,Imports (BOP) Cumulative [d],10048.787189679537,million USD,sbp_balance_of_trade,monthly
1993-07-31,Imports (BOP) Cumulative [d],880.535987669505,million USD,sbp_balance_of_trade,monthly
1993-08-31,Imports (BOP) Cumulative [d],1586.842511481917,million USD,sbp_balance_of_trade,monthly
1993-09-30,Imports (BOP) Cumulative [d],2314.910797768957,million USD,sbp_balance_of_trade,monthly
1993-10-31,Imports (BOP) Cumulative [d],3016.0574478750827,million USD,sbp_balance_of_trade,monthly
1993-11-30,Imports (BOP) Cumulative [d],3730.943941664843,million USD,sbp_balance_of_trade,monthly
1993-12-31,Imports (BOP) Cumulative [d],4397.756961779003,million USD,sbp_balance_of_trade,monthly
1994-01-31,Imports (BOP) Cumulative [d],5165.177630467941,million USD,sbp_balance_of_trade,monthly
1994-02-28,Imports (BOP) Cumulative [d],5856.728567928722,million USD,sbp_balance_of_trade,monthly
1994-03-31,Imports (BOP) Cumulative [d],6540.101794323675,million USD,sbp_balance_of_trade,monthly
1994-04-30,Imports (BOP) Cumulative [d],7270.571574936585,million USD,sbp_balance_of_trade,monthly
1994-05-31,Imports (BOP) Cumulative [d],7966.0785328929405,million USD,sbp_balance_of_trade,monthly
1994-06-30,Imports (BOP) Cumulative [d],8690.936419985646,million USD,sbp_balance_of_trade,monthly
1994-07-31,Imports (BOP) Cumulative [d],746.829434044157,million USD,sbp_balance_of_trade,monthly
1994-08-31,Imports (BOP) Cumulative [d],1579.140599863761,million USD,sbp_balance_of_trade,monthly
1994-09-30,Imports (BOP) Cumulative [d],2379.576690907264,million USD,sbp_balance_of_trade,monthly
1994-10-31,Imports (BOP) Cumulative [d],3202.072635720227,million USD,sbp_balance_of_trade,monthly
1994-11-30,Imports (BOP) Cumulative [d],4000.554572781236,million USD,sbp_balance_of_trade,monthly
1994-12-31,Imports (BOP) Cumulative [d],4995.089122299156,million USD,sbp_balance_of_trade,monthly
1995-01-31,Imports (BOP) Cumulative [d],5861.852384181256,million USD,sbp_balance_of_trade,monthly
1995-02-28,Imports (BOP) Cumulative [d],6620.923879635583,million USD,sbp_balance_of_trade,monthly
1995-03-31,Imports (BOP) Cumulative [d],7470.311207011702,million USD,sbp_balance_of_trade,monthly
1995-04-30,Imports (BOP) Cumulative [d],8329.463093772933,million USD,sbp_balance_of_trade,monthly
1995-05-31,Imports (BOP) Cumulative [d],9225.174353548136,million USD,sbp_balance_of_trade,monthly
1995-06-30,Imports (BOP) Cumulative [d],10298.432990446147,million USD,sbp_balance_of_trade,monthly
1995-07-31,Imports (BOP) Cumulative [d],998.0,million USD,sbp_balance_of_trade,monthly
1995-08-31,Imports (BOP) Cumulative [d],1897.0,million USD,sbp_balance_of_trade,monthly
1995-09-30,Imports (BOP) Cumulative [d],2804.0,million USD,sbp_balance_of_trade,monthly
1995-10-31,Imports (BOP) Cumulative [d],3884.0,million USD,sbp_balance_of_trade,monthly
1995-11-30,Imports (BOP) Cumulative [d],4833.0,million USD,sbp_balance_of_trade,monthly
1995-12-31,Imports (BOP) Cumulative [d],5869.0,million USD,sbp_balance_of_trade,monthly
1996-01-31,Imports (BOP) Cumulative [d],6916.0,million USD,sbp_balance_of_trade,monthly
1996-02-29,Imports (BOP) Cumulative [d],7836.0,million USD,sbp_balance_of_trade,monthly
1996-03-31,Imports (BOP) Cumulative [d],8809.0,million USD,sbp_balance_of_trade,monthly
1996-04-30,Imports (BOP) Cumulative [d],9807.0,million USD,sbp_balance_of_trade,monthly
1996-05-31,Imports (BOP) Cumulative [d],10891.0,million USD,sbp_balance_of_trade,monthly
1996-06-30,Imports (BOP) Cumulative [d],12015.0,million USD,sbp_balance_of_trade,monthly
1996-07-31,Imports (BOP) Cumulative [d],908.0,million USD,sbp_balance_of_trade,monthly
1996-08-31,Imports (BOP) Cumulative [d],1817.0,million USD,sbp_balance_of_trade,monthly
1996-09-30,Imports (BOP) Cumulative [d],2694.0,million USD,sbp_balance_of_trade,monthly
1996-10-31,Imports (BOP) Cumulative [d],3807.0,million USD,sbp_balance_of_trade,monthly
1996-11-30,Imports (BOP) Cumulative [d],4778.0,million USD,sbp_balance_of_trade,monthly
1996-12-31,Imports (BOP) Cumulative [d],5925.0,million USD,sbp_balance_of_trade,monthly
1997-01-31,Imports (BOP) Cumulative [d],6879.0,million USD,sbp_balance_of_trade,monthly
1997-02-28,Imports (BOP) Cumulative [d],7711.0,million USD,sbp_balance_of_trade,monthly
1997-03-31,Imports (BOP) Cumulative [d],8526.0,million USD,sbp_balance_of_trade,monthly
1997-04-30,Imports (BOP) Cumulative [d],9452.0,million USD,sbp_balance_of_trade,monthly
1997-05-31,Imports (BOP) Cumulative [d],10385.0,million USD,sbp_balance_of_trade,monthly
1997-06-30,Imports (BOP) Cumulative [d],11236.0,million USD,sbp_balance_of_trade,monthly
1997-07-31,Imports (BOP) Cumulative [d],855.0,million USD,sbp_balance_of_trade,monthly
1997-08-31,Imports (BOP) Cumulative [d],1727.0,million USD,sbp_balance_of_trade,monthly
1997-09-30,Imports (BOP) Cumulative [d],2473.0,million USD,sbp_balance_of_trade,monthly
1997-10-31,Imports (BOP) Cumulative [d],3509.0,million USD,sbp_balance_of_trade,monthly
1997-11-30,Imports (BOP) Cumulative [d],4377.0,million USD,sbp_balance_of_trade,monthly
1997-12-31,Imports (BOP) Cumulative [d],5355.0,million USD,sbp_balance_of_trade,monthly
1998-01-31,Imports (BOP) Cumulative [d],6111.0,million USD,sbp_balance_of_trade,monthly
1998-02-28,Imports (BOP) Cumulative [d],6890.0,million USD,sbp_balance_of_trade,monthly
1998-03-31,Imports (BOP) Cumulative [d],7699.0,million USD,sbp_balance_of_trade,monthly
1998-04-30,Imports (BOP) Cumulative [d],8584.0,million USD,sbp_balance_of_trade,monthly
1998-05-31,Imports (BOP) Cumulative [d],9267.0,million USD,sbp_balance_of_trade,monthly
1998-06-30,Imports (BOP) Cumulative [d],10301.0,million USD,sbp_balance_of_trade,monthly
1998-07-31,Imports (BOP) Cumulative [d],728.0,million USD,sbp_balance_of_trade,monthly
1998-08-31,Imports (BOP) Cumulative [d],1373.0,million USD,sbp_balance_of_trade,monthly
1998-09-30,Imports (BOP) Cumulative [d],2165.0,million USD,sbp_balance_of_trade,monthly
1998-10-31,Imports (BOP) Cumulative [d],3021.0,million USD,sbp_balance_of_trade,monthly
1998-11-30,Imports (BOP) Cumulative [d],3913.0,million USD,sbp_balance_of_trade,monthly
1998-12-31,Imports (BOP) Cumulative [d],4888.0,million USD,sbp_balance_of_trade,monthly
1999-01-31,Imports (BOP) Cumulative [d],5651.0,million USD,sbp_balance_of_trade,monthly
1999-02-28,Imports (BOP) Cumulative [d],6402.0,million USD,sbp_balance_of_trade,monthly
1999-03-31,Imports (BOP) Cumulative [d],7096.0,million USD,sbp_balance_of_trade,monthly
1999-04-30,Imports (BOP) Cumulative [d],7876.0,million USD,sbp_balance_of_trade,monthly
1999-05-31,Imports (BOP) Cumulative [d],8659.0,million USD,sbp_balance_of_trade,monthly
1999-06-30,Imports (BOP) Cumulative [d],9613.0,million USD,sbp_balance_of_trade,monthly
1999-07-31,Imports (BOP) Cumulative [d],690.0,million USD,sbp_balance_of_trade,monthly
1999-08-31,Imports (BOP) Cumulative [d],1428.0,million USD,sbp_balance_of_trade,monthly
1999-09-30,Imports (BOP) Cumulative [d],2264.0,million USD,sbp_balance_of_trade,monthly
1999-10-31,Imports (BOP) Cumulative [d],3043.0,million USD,sbp_balance_of_trade,monthly
1999-11-30,Imports (BOP) Cumulative [d],3869.0,million USD,sbp_balance_of_trade,monthly
1999-12-31,Imports (BOP) Cumulative [d],4795.0,million USD,sbp_balance_of_trade,monthly
2000-01-31,Imports (BOP) Cumulative [d],5735.0,million USD,sbp_balance_of_trade,monthly
2000-02-29,Imports (BOP) Cumulative [d],6555.0,million USD,sbp_balance_of_trade,monthly
2000-03-31,Imports (BOP) Cumulative [d],7230.0,million USD,sbp_balance_of_trade,monthly
2000-04-30,Imports (BOP) Cumulative [d],7953.0,million USD,sbp_balance_of_trade,monthly
2000-05-31,Imports (BOP) Cumulative [d],8769.0,million USD,sbp_balance_of_trade,monthly
2000-06-30,Imports (BOP) Cumulative [d],9602.0,million USD,sbp_balance_of_trade,monthly
2000-07-31,Imports (BOP) Cumulative [d],867.0,million USD,sbp_balance_of_trade,monthly
2000-08-31,Imports (BOP) Cumulative [d],1785.0,million USD,sbp_balance_of_trade,monthly
2000-09-30,Imports (BOP) Cumulative [d],2703.0,million USD,sbp_balance_of_trade,monthly
2000-10-31,Imports (BOP) Cumulative [d],3519.0,million USD,sbp_balance_of_trade,monthly
2000-11-30,Imports (BOP) Cumulative [d],4420.0,million USD,sbp_balance_of_trade,monthly
2000-12-31,Imports (BOP) Cumulative [d],5089.0,million USD,sbp_balance_of_trade,monthly
2001-01-31,Imports (BOP) Cumulative [d],6104.0,million USD,sbp_balance_of_trade,monthly
2001-02-28,Imports (BOP) Cumulative [d],6874.0,million USD,sbp_balance_of_trade,monthly
2001-03-31,Imports (BOP) Cumulative [d],7759.0,million USD,sbp_balance_of_trade,monthly
2001-04-30,Imports (BOP) Cumulative [d],8532.0,million USD,sbp_balance_of_trade,monthly
2001-05-31,Imports (BOP) Cumulative [d],9336.0,million USD,sbp_balance_of_trade,monthly
2001-06-30,Imports (BOP) Cumulative [d],10202.0,million USD,sbp_balance_of_trade,monthly
2001-07-31,Imports (BOP) Cumulative [d],778.0,million USD,sbp_balance_of_trade,monthly
2001-08-31,Imports (BOP) Cumulative [d],1628.0,million USD,sbp_balance_of_trade,monthly
2001-09-30,Imports (BOP) Cumulative [d],2412.0,million USD,sbp_balance_of_trade,monthly
2001-10-31,Imports (BOP) Cumulative [d],3169.0,million USD,sbp_balance_of_trade,monthly
2001-11-30,Imports (BOP) Cumulative [d],3904.0,million USD,sbp_balance_of_trade,monthly
2001-12-31,Imports (BOP) Cumulative [d],4628.0,million USD,sbp_balance_of_trade,monthly
2002-01-31,Imports (BOP) Cumulative [d],5424.0,million USD,sbp_balance_of_trade,monthly
2002-02-28,Imports (BOP) Cumulative [d],6145.0,million USD,sbp_balance_of_trade,monthly
2002-03-31,Imports (BOP) Cumulative [d],6861.0,million USD,sbp_balance_of_trade,monthly
2002-04-30,Imports (BOP) Cumulative [d],7647.0,million USD,sbp_balance_of_trade,monthly
2002-05-31,Imports (BOP) Cumulative [d],8481.0,million USD,sbp_balance_of_trade,monthly
2002-06-30,Imports (BOP) Cumulative [d],9434.0,million USD,sbp_balance_of_trade,monthly
2002-07-31,Imports (BOP) Cumulative [d],943.0,million USD,sbp_balance_of_trade,monthly
2002-08-31,Imports (BOP) Cumulative [d],1917.0,million USD,sbp_balance_of_trade,monthly
2002-09-30,Imports (BOP) Cumulative [d],2769.0,million USD,sbp_balance_of_trade,monthly
2002-10-31,Imports (BOP) Cumulative [d],3668.0,million USD,sbp_balance_of_trade,monthly
2002-11-30,Imports (BOP) Cumulative [d],4588.0,million USD,sbp_balance_of_trade,monthly
2002-12-31,Imports (BOP) Cumulative [d],5622.0,million USD,sbp_balance_of_trade,monthly
2003-01-31,Imports (BOP) Cumulative [d],6546.0,million USD,sbp_balance_of_trade,monthly
2003-02-28,Imports (BOP) Cumulative [d],7373.0,million USD,sbp_balance_of_trade,monthly
2003-03-31,Imports (BOP) Cumulative [d],8366.0,million USD,sbp_balance_of_trade,monthly
2003-04-30,Imports (BOP) Cumulative [d],9345.0,million USD,sbp_balance_of_trade,monthly
2003-05-31,Imports (BOP) Cumulative [d],10304.0,million USD,sbp_balance_of_trade,monthly
2003-06-30,Imports (BOP) Cumulative [d],11333.0,million USD,sbp_balance_of_trade,monthly
2003-07-31,Imports (BOP) Cumulative [d],1019.9995690000001,million USD,sbp_balance_of_trade,monthly
2003-08-31,Imports (BOP) Cumulative [d],1949.99966564,million USD,sbp_balance_of_trade,monthly
2003-09-30,Imports (BOP) Cumulative [d],3013.99966564,million USD,sbp_balance_of_trade,monthly
2003-10-31,Imports (BOP) Cumulative [d],4070.99966564,million USD,sbp_balance_of_trade,monthly
2003-11-30,Imports (BOP) Cumulative [d],4946.99966564,million USD,sbp_balance_of_trade,monthly
2003-12-31,Imports (BOP) Cumulative [d],6217.99966564,million USD,sbp_balance_of_trade,monthly
2004-01-31,Imports (BOP) Cumulative [d],7385.99966564,million USD,sbp_balance_of_trade,monthly
2004-02-29,Imports (BOP) Cumulative [d],8597.99966564,million USD,sbp_balance_of_trade,monthly
2004-03-31,Imports (BOP) Cumulative [d],9819.99966564,million USD,sbp_balance_of_trade,monthly
2004-04-30,Imports (BOP) Cumulative [d],11049.99966564,million USD,sbp_balance_of_trade,monthly
2004-05-31,Imports (BOP) Cumulative [d],12215.99966564,million USD,sbp_balance_of_trade,monthly
2004-06-30,Imports (BOP) Cumulative [d],13603.99966564,million USD,sbp_balance_of_trade,monthly
2004-07-31,Imports (BOP) Cumulative [d],1440.0936800000002,million USD,sbp_balance_of_trade,monthly
2004-08-31,Imports (BOP) Cumulative [d],2751.09368,million USD,sbp_balance_of_trade,monthly
2004-09-30,Imports (BOP) Cumulative [d],4175.09368,million USD,sbp_balance_of_trade,monthly
2004-10-31,Imports (BOP) Cumulative [d],5791.09368,million USD,sbp_balance_of_trade,monthly
2004-11-30,Imports (BOP) Cumulative [d],7536.09368,million USD,sbp_balance_of_trade,monthly
2004-12-31,Imports (BOP) Cumulative [d],9222.09368,million USD,sbp_balance_of_trade,monthly
2005-01-31,Imports (BOP) Cumulative [d],10649.09368,million USD,sbp_balance_of_trade,monthly
2005-02-28,Imports (BOP) Cumulative [d],12240.09368,million USD,sbp_balance_of_trade,monthly
2005-03-31,Imports (BOP) Cumulative [d],14023.09368,million USD,sbp_balance_of_trade,monthly
2005-04-30,Imports (BOP) Cumulative [d],15531.09368,million USD,sbp_balance_of_trade,monthly
2005-05-31,Imports (BOP) Cumulative [d],17272.093679999998,million USD,sbp_balance_of_trade,monthly
2005-06-30,Imports (BOP) Cumulative [d],18996.093679999998,million USD,sbp_balance_of_trade,monthly
2005-07-31,Imports (BOP) Cumulative [d],1767.10972,million USD,sbp_balance_of_trade,monthly
2005-08-31,Imports (BOP) Cumulative [d],3841.1218,million USD,sbp_balance_of_trade,monthly
2005-09-30,Imports (BOP) Cumulative [d],5899.27028,million USD,sbp_balance_of_trade,monthly
2005-10-31,Imports (BOP) Cumulative [d],7944.0891599999995,million USD,sbp_balance_of_trade,monthly
2005-11-30,Imports (BOP) Cumulative [d],9992.81836,million USD,sbp_balance_of_trade,monthly
2005-12-31,Imports (BOP) Cumulative [d],11943.94384,million USD,sbp_balance_of_trade,monthly
2006-01-31,Imports (BOP) Cumulative [d],14006.54664,million USD,sbp_balance_of_trade,monthly
2006-02-28,Imports (BOP) Cumulative [d],15885.721160000001,million USD,sbp_balance_of_trade,monthly
2006-03-31,Imports (BOP) Cumulative [d],18182.74864,million USD,sbp_balance_of_trade,monthly
2006-04-30,Imports (BOP) Cumulative [d],19856.777680000003,million USD,sbp_balance_of_trade,monthly
2006-05-31,Imports (BOP) Cumulative [d],22208.99144,million USD,sbp_balance_of_trade,monthly
2006-06-30,Imports (BOP) Cumulative [d],24892.8578,million USD,sbp_balance_of_trade,monthly
2006-07-31,Imports (BOP) Cumulative [d],2407.88812,million USD,sbp_balance_of_trade,monthly
2006-08-31,Imports (BOP) Cumulative [d],4709.74844,million USD,sbp_balance_of_trade,monthly
2006-09-30,Imports (BOP) Cumulative [d],6905.87464,million USD,sbp_balance_of_trade,monthly
2006-10-31,Imports (BOP) Cumulative [d],9103.35104,million USD,sbp_balance_of_trade,monthly
2006-11-30,Imports (BOP) Cumulative [d],11257.17268,million USD,sbp_balance_of_trade,monthly
2006-12-31,Imports (BOP) Cumulative [d],13648.09,million USD,sbp_balance_of_trade,monthly
2007-01-31,Imports (BOP) Cumulative [d],15747.16472,million USD,sbp_balance_of_trade,monthly
2007-02-28,Imports (BOP) Cumulative [d],17965.29974584,million USD,sbp_balance_of_trade,monthly
2007-03-31,Imports (BOP) Cumulative [d],20068.18088312,million USD,sbp_balance_of_trade,monthly
2007-04-30,Imports (BOP) Cumulative [d],22243.16600312,million USD,sbp_balance_of_trade,monthly
2007-05-31,Imports (BOP) Cumulative [d],24447.06808312,million USD,sbp_balance_of_trade,monthly
2007-06-30,Imports (BOP) Cumulative [d],26873.443106320003,million USD,sbp_balance_of_trade,monthly
2007-07-31,Imports (BOP) Cumulative [d],2398.92837164,million USD,sbp_balance_of_trade,monthly
2007-08-31,Imports (BOP) Cumulative [d],4654.66303876,million USD,sbp_balance_of_trade,monthly
2007-09-30,Imports (BOP) Cumulative [d],6906.96373248,million USD,sbp_balance_of_trade,monthly
2007-10-31,Imports (BOP) Cumulative [d],9500.3564782,million USD,sbp_balance_of_trade,monthly
2007-11-30,Imports (BOP) Cumulative [d],12448.63328068,million USD,sbp_balance_of_trade,monthly
2007-12-31,Imports (BOP) Cumulative [d],15414.40397048,million USD,sbp_balance_of_trade,monthly
2008-01-31,Imports (BOP) Cumulative [d],18732.09800244,million USD,sbp_balance_of_trade,monthly
2008-02-29,Imports (BOP) Cumulative [d],21642.1499814,million USD,sbp_balance_of_trade,monthly
2008-03-31,Imports (BOP) Cumulative [d],25162.119796320003,million USD,sbp_balance_of_trade,monthly
2008-04-30,Imports (BOP) Cumulative [d],28545.941370480003,million USD,sbp_balance_of_trade,monthly
2008-05-31,Imports (BOP) Cumulative [d],31783.277268520003,million USD,sbp_balance_of_trade,monthly
2008-06-30,Imports (BOP) Cumulative [d],35282.697266560004,million USD,sbp_balance_of_trade,monthly
2008-07-31,Imports (BOP) Cumulative [d],3366.40540392,million USD,sbp_balance_of_trade,monthly
2008-08-31,Imports (BOP) Cumulative [d],6524.57754,million USD,sbp_balance_of_trade,monthly
2008-09-30,Imports (BOP) Cumulative [d],10218.69667284,million USD,sbp_balance_of_trade,monthly
2008-10-31,Imports (BOP) Cumulative [d],13446.0897274,million USD,sbp_balance_of_trade,monthly
2008-11-30,Imports (BOP) Cumulative [d],15671.04698844,million USD,sbp_balance_of_trade,monthly
2008-12-31,Imports (BOP) Cumulative [d],18264.892577720002,million USD,sbp_balance_of_trade,monthly
2009-01-31,Imports (BOP) Cumulative [d],20403.188590920003,million USD,sbp_balance_of_trade,monthly
2009-02-28,Imports (BOP) Cumulative [d],22278.415240360002,million USD,sbp_balance_of_trade,monthly
2009-03-31,Imports (BOP) Cumulative [d],24527.399483560002,million USD,sbp_balance_of_trade,monthly
2009-04-30,Imports (BOP) Cumulative [d],26886.333909760004,million USD,sbp_balance_of_trade,monthly
2009-05-31,Imports (BOP) Cumulative [d],28880.723368600004,million USD,sbp_balance_of_trade,monthly
2009-06-30,Imports (BOP) Cumulative [d],31667.099767000003,million USD,sbp_balance_of_trade,monthly
2009-07-31,Imports (BOP) Cumulative [d],2814.91447236,million USD,sbp_balance_of_trade,monthly
2009-08-31,Imports (BOP) Cumulative [d],4997.9922056,million USD,sbp_balance_of_trade,monthly
2009-09-30,Imports (BOP) Cumulative [d],7467.857671039999,million USD,sbp_balance_of_trade,monthly
2009-10-31,Imports (BOP) Cumulative [d],10215.131741039999,million USD,sbp_balance_of_trade,monthly
2009-11-30,Imports (BOP) Cumulative [d],12399.38152236,million USD,sbp_balance_of_trade,monthly
2009-12-31,Imports (BOP) Cumulative [d],15135.851282799998,million USD,sbp_balance_of_trade,monthly
2010-01-31,Imports (BOP) Cumulative [d],17668.556226679997,million USD,sbp_balance_of_trade,monthly
2010-02-28,Imports (BOP) Cumulative [d],20009.840336359997,million USD,sbp_balance_of_trade,monthly
2010-03-31,Imports (BOP) Cumulative [d],22484.082103719997,million USD,sbp_balance_of_trade,monthly
2010-04-30,Imports (BOP) Cumulative [d],25398.381668999995,million USD,sbp_balance_of_trade,monthly
2010-05-31,Imports (BOP) Cumulative [d],28031.198819759993,million USD,sbp_balance_of_trade,monthly
2010-06-30,Imports (BOP) Cumulative [d],31132.951079039995,million USD,sbp_balance_of_trade,monthly
2010-07-31,Imports (BOP) Cumulative [d],2920.07513088,million USD,sbp_balance_of_trade,monthly
2010-08-31,Imports (BOP) Cumulative [d],5844.931126519999,million USD,sbp_balance_of_trade,monthly
2010-09-30,Imports (BOP) Cumulative [d],8236.88731448,million USD,sbp_balance_of_trade,monthly
2010-10-31,Imports (BOP) Cumulative [d],10849.78988384,million USD,sbp_balance_of_trade,monthly
2010-11-30,Imports (BOP) Cumulative [d],13654.83568088,million USD,sbp_balance_of_trade,monthly
2010-12-31,Imports (BOP) Cumulative [d],16845.8691736,million USD,sbp_balance_of_trade,monthly
2011-01-31,Imports (BOP) Cumulative [d],19636.76310104,million USD,sbp_balance_of_trade,monthly
2011-02-28,Imports (BOP) Cumulative [d],22710.34803968,million USD,sbp_balance_of_trade,monthly
2011-03-31,Imports (BOP) Cumulative [d],25998.329032960002,million USD,sbp_balance_of_trade,monthly
2011-04-30,Imports (BOP) Cumulative [d],28902.080292320003,million USD,sbp_balance_of_trade,monthly
2011-05-31,Imports (BOP) Cumulative [d],32252.496682120003,million USD,sbp_balance_of_trade,monthly
2011-06-30,Imports (BOP) Cumulative [d],35795.83807096,million USD,sbp_balance_of_trade,monthly
2011-07-31,Imports (BOP) Cumulative [d],3172.0454003000004,million USD,sbp_balance_of_trade,monthly
2011-08-31,Imports (BOP) Cumulative [d],6845.09611262,million USD,sbp_balance_of_trade,monthly
2011-09-30,Imports (BOP) Cumulative [d],10366.63211572,million USD,sbp_balance_of_trade,monthly
2011-10-31,Imports (BOP) Cumulative [d],13596.226421046667,million USD,sbp_balance_of_trade,monthly
2011-11-30,Imports (BOP) Cumulative [d],16768.257979833335,million USD,sbp_balance_of_trade,monthly
2011-12-31,Imports (BOP) Cumulative [d],20044.162643320004,million USD,sbp_balance_of_trade,monthly
2012-01-31,Imports (BOP) Cumulative [d],23410.26438501334,million USD,sbp_balance_of_trade,monthly
2012-02-29,Imports (BOP) Cumulative [d],27122.044091556672,million USD,sbp_balance_of_trade,monthly
2012-03-31,Imports (BOP) Cumulative [d],30106.119820030006,million USD,sbp_balance_of_trade,monthly
2012-04-30,Imports (BOP) Cumulative [d],33264.40803124667,million USD,sbp_balance_of_trade,monthly
2012-05-31,Imports (BOP) Cumulative [d],36716.45164121334,million USD,sbp_balance_of_trade,monthly
2012-06-30,Imports (BOP) Cumulative [d],40369.5443413,million USD,sbp_balance_of_trade,monthly
2012-07-31,Imports (BOP) Cumulative [d],3445.783648059336,million USD,sbp_balance_of_trade,monthly
2012-08-31,Imports (BOP) Cumulative [d],6677.913373068055,million USD,sbp_balance_of_trade,monthly
2012-09-30,Imports (BOP) Cumulative [d],9775.772380847835,million USD,sbp_balance_of_trade,monthly
2012-10-31,Imports (BOP) Cumulative [d],13518.093284155864,million USD,sbp_balance_of_trade,monthly
2012-11-30,Imports (BOP) Cumulative [d],16942.89091926568,million USD,sbp_balance_of_trade,monthly
2012-12-31,Imports (BOP) Cumulative [d],20059.962230160843,million USD,sbp_balance_of_trade,monthly
2013-01-31,Imports (BOP) Cumulative [d],23462.048141885134,million USD,sbp_balance_of_trade,monthly
2013-02-28,Imports (BOP) Cumulative [d],26539.008865607833,million USD,sbp_balance_of_trade,monthly
2013-03-31,Imports (BOP) Cumulative [d],29931.359101747832,million USD,sbp_balance_of_trade,monthly
2013-04-30,Imports (BOP) Cumulative [d],33372.36861230783,million USD,sbp_balance_of_trade,monthly
2013-05-31,Imports (BOP) Cumulative [d],36840.19552806783,million USD,sbp_balance_of_trade,monthly
2013-06-30,Imports (BOP) Cumulative [d],40156.89248626783,million USD,sbp_balance_of_trade,monthly
2013-07-31,Imports (BOP) Cumulative [d],3458.1503587621596,million USD,sbp_balance_of_trade,monthly
2013-08-31,Imports (BOP) Cumulative [d],6926.087475678866,million USD,sbp_balance_of_trade,monthly
2013-09-30,Imports (BOP) Cumulative [d],10641.116137399042,million USD,sbp_balance_of_trade,monthly
2013-10-31,Imports (BOP) Cumulative [d],14258.021469407466,million USD,sbp_balance_of_trade,monthly
2013-11-30,Imports (BOP) Cumulative [d],17522.941394660695,million USD,sbp_balance_of_trade,monthly
2013-12-31,Imports (BOP) Cumulative [d],21116.820004107176,million USD,sbp_balance_of_trade,monthly
2014-01-31,Imports (BOP) Cumulative [d],24712.95488882666,million USD,sbp_balance_of_trade,monthly
2014-02-28,Imports (BOP) Cumulative [d],27871.98798492666,million USD,sbp_balance_of_trade,monthly
2014-03-31,Imports (BOP) Cumulative [d],31225.936355506663,million USD,sbp_balance_of_trade,monthly
2014-04-30,Imports (BOP) Cumulative [d],34555.00572494666,million USD,sbp_balance_of_trade,monthly
2014-05-31,Imports (BOP) Cumulative [d],38085.97163722666,million USD,sbp_balance_of_trade,monthly
2014-06-30,Imports (BOP) Cumulative [d],41668.13275328666,million USD,sbp_balance_of_trade,monthly
2014-07-31,Imports (BOP) Cumulative [d],4021.000216199999,million USD,sbp_balance_of_trade,monthly
2014-08-31,Imports (BOP) Cumulative [d],7952.999886259999,million USD,sbp_balance_of_trade,monthly
2014-09-30,Imports (BOP) Cumulative [d],12044.999955819998,million USD,sbp_balance_of_trade,monthly
2014-10-31,Imports (BOP) Cumulative [d],15614.995989019997,million USD,sbp_balance_of_trade,monthly
2014-11-30,Imports (BOP) Cumulative [d],18714.993211319997,million USD,sbp_balance_of_trade,monthly
2014-12-31,Imports (BOP) Cumulative [d],22123.993332579998,million USD,sbp_balance_of_trade,monthly
2015-01-31,Imports (BOP) Cumulative [d],25138.994446479996,million USD,sbp_balance_of_trade,monthly
2015-02-28,Imports (BOP) Cumulative [d],27937.994460579994,million USD,sbp_balance_of_trade,monthly
2015-03-31,Imports (BOP) Cumulative [d],31231.994499119995,million USD,sbp_balance_of_trade,monthly
2015-04-30,Imports (BOP) Cumulative [d],34276.9945198,million USD,sbp_balance_of_trade,monthly
2015-05-31,Imports (BOP) Cumulative [d],37746.99448126,million USD,sbp_balance_of_trade,monthly
2015-06-30,Imports (BOP) Cumulative [d],41356.99448596,million USD,sbp_balance_of_trade,monthly
2015-07-31,Imports (BOP) Cumulative [d],3596.0,million USD,sbp_balance_of_trade,monthly
2015-08-31,Imports (BOP) Cumulative [d],6818.0,million USD,sbp_balance_of_trade,monthly
2015-09-30,Imports (BOP) Cumulative [d],10075.0,million USD,sbp_balance_of_trade,monthly
2015-10-31,Imports (BOP) Cumulative [d],13329.0,million USD,sbp_balance_of_trade,monthly
2015-11-30,Imports (BOP) Cumulative [d],16481.0,million USD,sbp_balance_of_trade,monthly
2015-12-31,Imports (BOP) Cumulative [d],20582.0,million USD,sbp_balance_of_trade,monthly
2016-01-31,Imports (BOP) Cumulative [d],23939.0,million USD,sbp_balance_of_trade,monthly
2016-02-29,Imports (BOP) Cumulative [d],27025.0,million USD,sbp_balance_of_trade,monthly
2016-03-31,Imports (BOP) Cumulative [d],30346.0,million USD,sbp_balance_of_trade,monthly
2016-04-30,Imports (BOP) Cumulative [d],33514.0,million USD,sbp_balance_of_trade,monthly
2016-05-31,Imports (BOP) Cumulative [d],37091.0,million USD,sbp_balance_of_trade,monthly
2016-06-30,Imports (BOP) Cumulative [d],41118.0,million USD,sbp_balance_of_trade,monthly
2016-07-31,Imports (BOP) Cumulative [d],3119.0,million USD,sbp_balance_of_trade,monthly
2016-08-31,Imports (BOP) Cumulative [d],7035.0,million USD,sbp_balance_of_trade,monthly
2016-09-30,Imports (BOP) Cumulative [d],10160.0,million USD,sbp_balance_of_trade,monthly
2016-10-31,Imports (BOP) Cumulative [d],13642.0,million USD,sbp_balance_of_trade,monthly
2016-11-30,Imports (BOP) Cumulative [d],17581.97092630836,million USD,sbp_balance_of_trade,monthly
2016-12-31,Imports (BOP) Cumulative [d],21663.97092630836,million USD,sbp_balance_of_trade,monthly
2017-01-31,Imports (BOP) Cumulative [d],25990.97092630836,million USD,sbp_balance_of_trade,monthly
2017-02-28,Imports (BOP) Cumulative [d],30011.97092630836,million USD,sbp_balance_of_trade,monthly
2017-03-31,Imports (BOP) Cumulative [d],34359.970926308364,million USD,sbp_balance_of_trade,monthly
2017-04-30,Imports (BOP) Cumulative [d],38431.970926308364,million USD,sbp_balance_of_trade,monthly
2017-05-31,Imports (BOP) Cumulative [d],43014.970926308364,million USD,sbp_balance_of_trade,monthly
2017-06-30,Imports (BOP) Cumulative [d],48000.970926308364,million USD,sbp_balance_of_trade,monthly
2017-07-31,Imports (BOP) Cumulative [d],4799.0,million USD,sbp_balance_of_trade,monthly
2017-08-31,Imports (BOP) Cumulative [d],9329.0,million USD,sbp_balance_of_trade,monthly
2017-09-30,Imports (BOP) Cumulative [d],13213.0,million USD,sbp_balance_of_trade,monthly
2017-10-31,Imports (BOP) Cumulative [d],17608.0,million USD,sbp_balance_of_trade,monthly
2017-11-30,Imports (BOP) Cumulative [d],22123.0,million USD,sbp_balance_of_trade,monthly
2017-12-31,Imports (BOP) Cumulative [d],26420.0,million USD,sbp_balance_of_trade,monthly
2018-01-31,Imports (BOP) Cumulative [d],31350.0,million USD,sbp_balance_of_trade,monthly
2018-02-28,Imports (BOP) Cumulative [d],35610.0,million USD,sbp_balance_of_trade,monthly
2018-03-31,Imports (BOP) Cumulative [d],40676.0,million USD,sbp_balance_of_trade,monthly
2018-04-30,Imports (BOP) Cumulative [d],45522.0,million USD,sbp_balance_of_trade,monthly
2018-05-31,Imports (BOP) Cumulative [d],50597.0,million USD,sbp_balance_of_trade,monthly
2018-06-30,Imports (BOP) Cumulative [d],55670.964215723674,million USD,sbp_balance_of_trade,monthly
2018-07-31,Imports (BOP) Cumulative [d],5290.014740412568,million USD,sbp_balance_of_trade,monthly
2018-08-31,Imports (BOP) Cumulative [d],9896.063538065056,million USD,sbp_balance_of_trade,monthly
2018-09-30,Imports (BOP) Cumulative [d],13904.103757121971,million USD,sbp_balance_of_trade,monthly
2018-10-31,Imports (BOP) Cumulative [d],18584.12589550128,million USD,sbp_balance_of_trade,monthly
2018-11-30,Imports (BOP) Cumulative [d],22726.124210543305,million USD,sbp_balance_of_trade,monthly
2018-12-31,Imports (BOP) Cumulative [d],27502.091345432054,million USD,sbp_balance_of_trade,monthly
2019-01-31,Imports (BOP) Cumulative [d],31787.080248249258,million USD,sbp_balance_of_trade,monthly
2019-02-28,Imports (BOP) Cumulative [d],35194.03370956983,million USD,sbp_balance_of_trade,monthly
2019-03-31,Imports (BOP) Cumulative [d],39312.040563386465,million USD,sbp_balance_of_trade,monthly
2019-04-30,Imports (BOP) Cumulative [d],43447.00317721989,million USD,sbp_balance_of_trade,monthly
2019-05-31,Imports (BOP) Cumulative [d],47831.034342474035,million USD,sbp_balance_of_trade,monthly
2019-06-30,Imports (BOP) Cumulative [d],51869.01673299786,million USD,sbp_balance_of_trade,monthly
2019-07-31,Imports (BOP) Cumulative [d],4222.036299679653,million USD,sbp_balance_of_trade,monthly
2019-08-31,Imports (BOP) Cumulative [d],7778.057858912876,million USD,sbp_balance_of_trade,monthly
2019-09-30,Imports (BOP) Cumulative [d],11275.061568389941,million USD,sbp_balance_of_trade,monthly
2019-10-31,Imports (BOP) Cumulative [d],14923.044401022906,million USD,sbp_balance_of_trade,monthly
2019-11-30,Imports (BOP) Cumulative [d],18685.06166162521,million USD,sbp_balance_of_trade,monthly
2019-12-31,Imports (BOP) Cumulative [d],23314.028064399936,million USD,sbp_balance_of_trade,monthly
2020-01-31,Imports (BOP) Cumulative [d],27245.035233257593,million USD,sbp_balance_of_trade,monthly
2020-02-29,Imports (BOP) Cumulative [d],30826.075063479057,million USD,sbp_balance_of_trade,monthly
2020-03-31,Imports (BOP) Cumulative [d],34136.049867071015,million USD,sbp_balance_of_trade,monthly
2020-04-30,Imports (BOP) Cumulative [d],37280.08189738578,million USD,sbp_balance_of_trade,monthly
2020-05-31,Imports (BOP) Cumulative [d],40085.08260018349,million USD,sbp_balance_of_trade,monthly
2020-06-30,Imports (BOP) Cumulative [d],43645.09965780149,million USD,sbp_balance_of_trade,monthly
2020-07-31,Imports (BOP) Cumulative [d],3534.0452025202276,million USD,sbp_balance_of_trade,monthly
2020-08-31,Imports (BOP) Cumulative [d],6877.0032753660635,million USD,sbp_balance_of_trade,monthly
2020-09-30,Imports (BOP) Cumulative [d],10698.001930270531,million USD,sbp_balance_of_trade,monthly
2020-10-31,Imports (BOP) Cumulative [d],14254.968990823363,million USD,sbp_balance_of_trade,monthly
2020-11-30,Imports (BOP) Cumulative [d],18479.986431004752,million USD,sbp_balance_of_trade,monthly
2020-12-31,Imports (BOP) Cumulative [d],23781.987980383838,million USD,sbp_balance_of_trade,monthly
2021-01-31,Imports (BOP) Cumulative [d],28193.987504944154,million USD,sbp_balance_of_trade,monthly
2021-02-28,Imports (BOP) Cumulative [d],32670.027240296855,million USD,sbp_balance_of_trade,monthly
2021-03-31,Imports (BOP) Cumulative [d],38061.99206807814,million USD,sbp_balance_of_trade,monthly
2021-04-30,Imports (BOP) Cumulative [d],43036.954918066105,million USD,sbp_balance_of_trade,monthly
2021-05-31,Imports (BOP) Cumulative [d],47970.93180102122,million USD,sbp_balance_of_trade,monthly
2021-06-30,Imports (BOP) Cumulative [d],54272.92032686757,million USD,sbp_balance_of_trade,monthly
2021-07-31,Imports (BOP) Cumulative [d],5277.989146933155,million USD,sbp_balance_of_trade,monthly
2021-08-31,Imports (BOP) Cumulative [d],11147.00817297774,million USD,sbp_balance_of_trade,monthly
2021-09-30,Imports (BOP) Cumulative [d],17098.02622957618,million USD,sbp_balance_of_trade,monthly
2021-10-31,Imports (BOP) Cumulative [d],22873.976349093216,million USD,sbp_balance_of_trade,monthly
2021-11-30,Imports (BOP) Cumulative [d],29125.978083024427,million USD,sbp_balance_of_trade,monthly
2021-12-31,Imports (BOP) Cumulative [d],35435.966734082234,million USD,sbp_balance_of_trade,monthly
2022-01-31,Imports (BOP) Cumulative [d],41565.97530146899,million USD,sbp_balance_of_trade,monthly
2022-02-28,Imports (BOP) Cumulative [d],46631.96180322779,million USD,sbp_balance_of_trade,monthly
2022-03-31,Imports (BOP) Cumulative [d],52746.01112417646,million USD,sbp_balance_of_trade,monthly
2022-04-30,Imports (BOP) Cumulative [d],58704.990432696795,million USD,sbp_balance_of_trade,monthly
2022-05-31,Imports (BOP) Cumulative [d],64338.9803080225,million USD,sbp_balance_of_trade,monthly
2022-06-30,Imports (BOP) Cumulative [d],71542.95901749775,million USD,sbp_balance_of_trade,monthly
2022-07-31,Imports (BOP) Cumulative [d],5561.993782369797,million USD,sbp_balance_of_trade,monthly
2022-08-31,Imports (BOP) Cumulative [d],11569.02103736802,million USD,sbp_balance_of_trade,monthly
2022-09-30,Imports (BOP) Cumulative [d],16519.98334153625,million USD,sbp_balance_of_trade,monthly
2022-10-31,Imports (BOP) Cumulative [d],21176.95806712999,million USD,sbp_balance_of_trade,monthly
2022-11-30,Imports (BOP) Cumulative [d],25516.937315272502,million USD,sbp_balance_of_trade,monthly
2022-12-31,Imports (BOP) Cumulative [d],29772.974731524188,million USD,sbp_balance_of_trade,monthly
2023-01-31,Imports (BOP) Cumulative [d],33882.01320558727,million USD,sbp_balance_of_trade,monthly
2023-02-28,Imports (BOP) Cumulative [d],37986.03695184414,million USD,sbp_balance_of_trade,monthly
2023-03-31,Imports (BOP) Cumulative [d],42143.99249016851,million USD,sbp_balance_of_trade,monthly
2023-04-30,Imports (BOP) Cumulative [d],45766.04176451576,million USD,sbp_balance_of_trade,monthly
2023-05-31,Imports (BOP) Cumulative [d],49518.03135289078,million USD,sbp_balance_of_trade,monthly
2023-06-30,Imports (BOP) Cumulative [d],52695.07085655916,million USD,sbp_balance_of_trade,monthly
2023-07-31,Imports (BOP) Cumulative [d],4148.955561595264,million USD,sbp_balance_of_trade,monthly
2023-08-31,Imports (BOP) Cumulative [d],8366.977234515449,million USD,sbp_balance_of_trade,monthly
2023-09-30,Imports (BOP) Cumulative [d],12296.002871499135,million USD,sbp_balance_of_trade,monthly
2023-10-31,Imports (BOP) Cumulative [d],16677.995468900124,million USD,sbp_balance_of_trade,monthly
2023-11-30,Imports (BOP) Cumulative [d],21214.980928953537,million USD,sbp_balance_of_trade,monthly
2023-12-31,Imports (BOP) Cumulative [d],25414.95307433086,million USD,sbp_balance_of_trade,monthly
2024-01-31,Imports (BOP) Cumulative [d],30100.903538760453,million USD,sbp_balance_of_trade,monthly
2024-02-29,Imports (BOP) Cumulative [d],34483.903896812844,million USD,sbp_balance_of_trade,monthly
2024-03-31,Imports (BOP) Cumulative [d],39056.87341726499,million USD,sbp_balance_of_trade,monthly
2024-04-30,Imports (BOP) Cumulative [d],43504.852042374725,million USD,sbp_balance_of_trade,monthly
2024-05-31,Imports (BOP) Cumulative [d],48518.851469879395,million USD,sbp_balance_of_trade,monthly
2024-06-30,Imports (BOP) Cumulative [d],53156.822281512395,million USD,sbp_balance_of_trade,monthly
2024-07-31,Imports (BOP) Cumulative [d],4849.957315524777,million USD,sbp_balance_of_trade,monthly
2024-08-31,Imports (BOP) Cumulative [d],9557.953459742363,million USD,sbp_balance_of_trade,monthly
2024-09-30,Imports (BOP) Cumulative [d],14248.964136121642,million USD,sbp_balance_of_trade,monthly
2024-10-31,Imports (BOP) Cumulative [d],18895.960653335664,million USD,sbp_balance_of_trade,monthly
2024-11-30,Imports (BOP) Cumulative [d],23014.98676631997,million USD,sbp_balance_of_trade,monthly
2024-12-31,Imports (BOP) Cumulative [d],27908.963222502745,million USD,sbp_balance_of_trade,monthly
2025-01-31,Imports (BOP) Cumulative [d],33389.9696501621,million USD,sbp_balance_of_trade,monthly
2025-02-28,Imports (BOP) Cumulative [d],38440.977232112906,million USD,sbp_balance_of_trade,monthly
2025-03-31,Imports (BOP) Cumulative [d],43378.98292660065,million USD,sbp_balance_of_trade,monthly
2025-04-30,Imports (BOP) Cumulative [d],48624.93311559772,million USD,sbp_balance_of_trade,monthly
2025-05-31,Imports (BOP) Cumulative [d],54125.97338609116,million USD,sbp_balance_of_trade,monthly
2025-06-30,Imports (BOP) Cumulative [d],59146.01895929464,million USD,sbp_balance_of_trade,monthly
2025-07-31,Imports (BOP) Cumulative [d],5429.0349354247965,million USD,sbp_balance_of_trade,monthly
2025-08-31,Imports (BOP) Cumulative [d],10449.079354353442,million USD,sbp_balance_of_trade,monthly
2025-09-30,Imports (BOP) Cumulative [d],15489.086800702284,million USD,sbp_balance_of_trade,monthly
2025-10-31,Imports (BOP) Cumulative [d],20885.071437606803,million USD,sbp_balance_of_trade,monthly
2025-11-30,Imports (BOP) Cumulative [d],25615.096078943767,million USD,sbp_balance_of_trade,monthly
2025-12-31,Imports (BOP) Cumulative [d],31380.097255203935,million USD,sbp_balance_of_trade,monthly
2026-01-31,Imports (BOP) Cumulative [d],36719.1151311363,million USD,sbp_balance_of_trade,monthly
2026-02-28,Imports (BOP) Cumulative [d],41833.08093107475,million USD,sbp_balance_of_trade,monthly
2026-03-31,Imports (BOP) Cumulative [d],46690.073275966286,million USD,sbp_balance_of_trade,monthly
2026-04-30,Imports (BOP) Cumulative [d],52679.08003188753,million USD,sbp_balance_of_trade,monthly
2026-05-31,Imports (BOP) Cumulative [d],58318.85369896387,million USD,sbp_balance_of_trade,monthly
2026-06-30,Imports (BOP) Cumulative [d],64465.8896667332,million USD,sbp_balance_of_trade,monthly
1970-08-31,Imports (BOP) Growth Rate [Monthly],13.373860182370805,%,sbp_balance_of_trade,monthly
1970-09-30,Imports (BOP) Growth Rate [Monthly],-15.013404825737254,%,sbp_balance_of_trade,monthly
1970-10-31,Imports (BOP) Growth Rate [Monthly],14.11934016857576,%,sbp_balance_of_trade,monthly
1970-11-30,Imports (BOP) Growth Rate [Monthly],-20.257234726688097,%,sbp_balance_of_trade,monthly
1970-12-31,Imports (BOP) Growth Rate [Monthly],18.14516129032259,%,sbp_balance_of_trade,monthly
1971-01-31,Imports (BOP) Growth Rate [Monthly],16.685023880739763,%,sbp_balance_of_trade,monthly
1971-02-28,Imports (BOP) Growth Rate [Monthly],-34.17366946778711,%,sbp_balance_of_trade,monthly
1971-03-31,Imports (BOP) Growth Rate [Monthly],18.297872340425542,%,sbp_balance_of_trade,monthly
1971-04-30,Imports (BOP) Growth Rate [Monthly],-4.586642912136213,%,sbp_balance_of_trade,monthly
1971-05-31,Imports (BOP) Growth Rate [Monthly],7.420494699646667,%,sbp_balance_of_trade,monthly
1971-06-30,Imports (BOP) Growth Rate [Monthly],-9.539473684210549,%,sbp_balance_of_trade,monthly
1971-07-31,Imports (BOP) Growth Rate [Monthly],-3.6246300488730583,%,sbp_balance_of_trade,monthly
1971-08-31,Imports (BOP) Growth Rate [Monthly],11.570247933884303,%,sbp_balance_of_trade,monthly
1971-09-30,Imports (BOP) Growth Rate [Monthly],-6.666666666666671,%,sbp_balance_of_trade,monthly
1971-10-31,Imports (BOP) Growth Rate [Monthly],-5.558132994846645,%,sbp_balance_of_trade,monthly
1971-11-30,Imports (BOP) Growth Rate [Monthly],0.39682539682539186,%,sbp_balance_of_trade,monthly
1971-12-31,Imports (BOP) Growth Rate [Monthly],-9.881422924901202,%,sbp_balance_of_trade,monthly
1972-01-31,Imports (BOP) Growth Rate [Monthly],-18.267537933543707,%,sbp_balance_of_trade,monthly
1972-02-29,Imports (BOP) Growth Rate [Monthly],-5.7777777777777715,%,sbp_balance_of_trade,monthly
1972-03-31,Imports (BOP) Growth Rate [Monthly],55.660377358490564,%,sbp_balance_of_trade,monthly
1972-04-30,Imports (BOP) Growth Rate [Monthly],2.378160429750565,%,sbp_balance_of_trade,monthly
1972-05-31,Imports (BOP) Growth Rate [Monthly],-24.24318573989379,%,sbp_balance_of_trade,monthly
1972-06-30,Imports (BOP) Growth Rate [Monthly],3.3071770334928203,%,sbp_balance_of_trade,monthly
1972-07-31,Imports (BOP) Growth Rate [Monthly],-11.011439521619366,%,sbp_balance_of_trade,monthly
1972-08-31,Imports (BOP) Growth Rate [Monthly],22.419928825622776,%,sbp_balance_of_trade,monthly
1972-09-30,Imports (BOP) Growth Rate [Monthly],-0.7267441860465169,%,sbp_balance_of_trade,monthly
1972-10-31,Imports (BOP) Growth Rate [Monthly],-15.905114415044096,%,sbp_balance_of_trade,monthly
1972-11-30,Imports (BOP) Growth Rate [Monthly],-7.164634146341427,%,sbp_balance_of_trade,monthly
1972-12-31,Imports (BOP) Growth Rate [Monthly],21.839080459770102,%,sbp_balance_of_trade,monthly
1973-01-31,Imports (BOP) Growth Rate [Monthly],-7.527949426869242,%,sbp_balance_of_trade,monthly
1973-02-28,Imports (BOP) Growth Rate [Monthly],-14.283827511061219,%,sbp_balance_of_trade,monthly
1973-03-31,Imports (BOP) Growth Rate [Monthly],51.25834617360039,%,sbp_balance_of_trade,monthly
1973-04-30,Imports (BOP) Growth Rate [Monthly],-20.108241427287098,%,sbp_balance_of_trade,monthly
1973-05-31,Imports (BOP) Growth Rate [Monthly],34.228187919463096,%,sbp_balance_of_trade,monthly
1973-06-30,Imports (BOP) Growth Rate [Monthly],-14.125000000000014,%,sbp_balance_of_trade,monthly
1973-07-31,Imports (BOP) Growth Rate [Monthly],-5.116727941697633,%,sbp_balance_of_trade,monthly
1973-08-31,Imports (BOP) Growth Rate [Monthly],28.31978319783198,%,sbp_balance_of_trade,monthly
1973-09-30,Imports (BOP) Growth Rate [Monthly],2.7455121436113785,%,sbp_balance_of_trade,monthly
1973-10-31,Imports (BOP) Growth Rate [Monthly],-19.367682748302727,%,sbp_balance_of_trade,monthly
1973-11-30,Imports (BOP) Growth Rate [Monthly],15.53133514986375,%,sbp_balance_of_trade,monthly
1973-12-31,Imports (BOP) Growth Rate [Monthly],17.80660377358491,%,sbp_balance_of_trade,monthly
1974-01-31,Imports (BOP) Growth Rate [Monthly],45.2188591033854,%,sbp_balance_of_trade,monthly
1974-02-28,Imports (BOP) Growth Rate [Monthly],-12.230215827338128,%,sbp_balance_of_trade,monthly
1974-03-31,Imports (BOP) Growth Rate [Monthly],-2.276867030965363,%,sbp_balance_of_trade,monthly
1974-04-30,Imports (BOP) Growth Rate [Monthly],-16.611057314038717,%,sbp_balance_of_trade,monthly
1974-05-31,Imports (BOP) Growth Rate [Monthly],34.979079497907975,%,sbp_balance_of_trade,monthly
1974-06-30,Imports (BOP) Growth Rate [Monthly],24.67451952882827,%,sbp_balance_of_trade,monthly
1974-07-31,Imports (BOP) Growth Rate [Monthly],-16.766816680541154,%,sbp_balance_of_trade,monthly
1974-08-31,Imports (BOP) Growth Rate [Monthly],12.5,%,sbp_balance_of_trade,monthly
1974-09-30,Imports (BOP) Growth Rate [Monthly],-31.20155038759691,%,sbp_balance_of_trade,monthly
1974-10-31,Imports (BOP) Growth Rate [Monthly],12.358146190101138,%,sbp_balance_of_trade,monthly
1974-11-30,Imports (BOP) Growth Rate [Monthly],24.780058651026394,%,sbp_balance_of_trade,monthly
1974-12-31,Imports (BOP) Growth Rate [Monthly],7.050528789659211,%,sbp_balance_of_trade,monthly
1975-01-31,Imports (BOP) Growth Rate [Monthly],9.223286185749657,%,sbp_balance_of_trade,monthly
1975-02-28,Imports (BOP) Growth Rate [Monthly],-21.977011494252878,%,sbp_balance_of_trade,monthly
1975-03-31,Imports (BOP) Growth Rate [Monthly],9.07483794932233,%,sbp_balance_of_trade,monthly
1975-04-30,Imports (BOP) Growth Rate [Monthly],-0.058020766287853576,%,sbp_balance_of_trade,monthly
1975-05-31,Imports (BOP) Growth Rate [Monthly],0.206611570247901,%,sbp_balance_of_trade,monthly
1975-06-30,Imports (BOP) Growth Rate [Monthly],26.288659793814446,%,sbp_balance_of_trade,monthly
1975-07-31,Imports (BOP) Growth Rate [Monthly],3.8498830497151886,%,sbp_balance_of_trade,monthly
1975-08-31,Imports (BOP) Growth Rate [Monthly],-25.72815533980581,%,sbp_balance_of_trade,monthly
1975-09-30,Imports (BOP) Growth Rate [Monthly],7.480029048656505,%,sbp_balance_of_trade,monthly
1975-10-31,Imports (BOP) Growth Rate [Monthly],-9.162643730133908,%,sbp_balance_of_trade,monthly
1975-11-30,Imports (BOP) Growth Rate [Monthly],-12.468354430379748,%,sbp_balance_of_trade,monthly
1975-12-31,Imports (BOP) Growth Rate [Monthly],18.43817787418658,%,sbp_balance_of_trade,monthly
1976-01-31,Imports (BOP) Growth Rate [Monthly],9.036621341512017,%,sbp_balance_of_trade,monthly
1976-02-29,Imports (BOP) Growth Rate [Monthly],-3.400576368876088,%,sbp_balance_of_trade,monthly
1976-03-31,Imports (BOP) Growth Rate [Monthly],-16.70644391408112,%,sbp_balance_of_trade,monthly
1976-04-30,Imports (BOP) Growth Rate [Monthly],-2.3093423335155876,%,sbp_balance_of_trade,monthly
1976-05-31,Imports (BOP) Growth Rate [Monthly],17.35033259423504,%,sbp_balance_of_trade,monthly
1976-06-30,Imports (BOP) Growth Rate [Monthly],14.548889938592339,%,sbp_balance_of_trade,monthly
1976-07-31,Imports (BOP) Growth Rate [Monthly],-23.03715212229193,%,sbp_balance_of_trade,monthly
1976-08-31,Imports (BOP) Growth Rate [Monthly],7.597535934291599,%,sbp_balance_of_trade,monthly
1976-09-30,Imports (BOP) Growth Rate [Monthly],14.821882951653919,%,sbp_balance_of_trade,monthly
1976-10-31,Imports (BOP) Growth Rate [Monthly],6.945078070340614,%,sbp_balance_of_trade,monthly
1976-11-30,Imports (BOP) Growth Rate [Monthly],6.554712892741051,%,sbp_balance_of_trade,monthly
1976-12-31,Imports (BOP) Growth Rate [Monthly],-9.30350788002032,%,sbp_balance_of_trade,monthly
1977-01-31,Imports (BOP) Growth Rate [Monthly],32.00324561878921,%,sbp_balance_of_trade,monthly
1977-02-28,Imports (BOP) Growth Rate [Monthly],-28.001697072549845,%,sbp_balance_of_trade,monthly
1977-03-31,Imports (BOP) Growth Rate [Monthly],7.896287566293452,%,sbp_balance_of_trade,monthly
1977-04-30,Imports (BOP) Growth Rate [Monthly],-30.958784022726647,%,sbp_balance_of_trade,monthly
1977-05-31,Imports (BOP) Growth Rate [Monthly],61.1670020120724,%,sbp_balance_of_trade,monthly
1977-06-30,Imports (BOP) Growth Rate [Monthly],16.437786100707427,%,sbp_balance_of_trade,monthly
1977-07-31,Imports (BOP) Growth Rate [Monthly],-35.42306229919008,%,sbp_balance_of_trade,monthly
1977-08-31,Imports (BOP) Growth Rate [Monthly],18.55287569573285,%,sbp_balance_of_trade,monthly
1977-09-30,Imports (BOP) Growth Rate [Monthly],-9.285341679707898,%,sbp_balance_of_trade,monthly
1977-10-31,Imports (BOP) Growth Rate [Monthly],19.407068906437686,%,sbp_balance_of_trade,monthly
1977-11-30,Imports (BOP) Growth Rate [Monthly],-0.5620608899297252,%,sbp_balance_of_trade,monthly
1977-12-31,Imports (BOP) Growth Rate [Monthly],-0.6594441827602395,%,sbp_balance_of_trade,monthly
1978-01-31,Imports (BOP) Growth Rate [Monthly],22.932905415902212,%,sbp_balance_of_trade,monthly
1978-02-28,Imports (BOP) Growth Rate [Monthly],8.818493150684944,%,sbp_balance_of_trade,monthly
1978-03-31,Imports (BOP) Growth Rate [Monthly],22.265932336742694,%,sbp_balance_of_trade,monthly
1978-04-30,Imports (BOP) Growth Rate [Monthly],-15.73768537226276,%,sbp_balance_of_trade,monthly
1978-05-31,Imports (BOP) Growth Rate [Monthly],25.054561326931463,%,sbp_balance_of_trade,monthly
1978-06-30,Imports (BOP) Growth Rate [Monthly],5.898778359511354,%,sbp_balance_of_trade,monthly
1978-07-31,Imports (BOP) Growth Rate [Monthly],-45.29922978553906,%,sbp_balance_of_trade,monthly
1978-08-31,Imports (BOP) Growth Rate [Monthly],-12.874531835206,%,sbp_balance_of_trade,monthly
1978-09-30,Imports (BOP) Growth Rate [Monthly],81.6227834497582,%,sbp_balance_of_trade,monthly
1978-10-31,Imports (BOP) Growth Rate [Monthly],6.130597978150206,%,sbp_balance_of_trade,monthly
1978-11-30,Imports (BOP) Growth Rate [Monthly],-14.531878230901782,%,sbp_balance_of_trade,monthly
1978-12-31,Imports (BOP) Growth Rate [Monthly],-15.591397849462368,%,sbp_balance_of_trade,monthly
1979-01-31,Imports (BOP) Growth Rate [Monthly],52.271363353210376,%,sbp_balance_of_trade,monthly
1979-02-28,Imports (BOP) Growth Rate [Monthly],-26.006106022758814,%,sbp_balance_of_trade,monthly
1979-03-31,Imports (BOP) Growth Rate [Monthly],30.75768942235564,%,sbp_balance_of_trade,monthly
1979-04-30,Imports (BOP) Growth Rate [Monthly],-6.93396480615155,%,sbp_balance_of_trade,monthly
1979-05-31,Imports (BOP) Growth Rate [Monthly],2.636152954808807,%,sbp_balance_of_trade,monthly
1979-06-30,Imports (BOP) Growth Rate [Monthly],-7.140841095117139,%,sbp_balance_of_trade,monthly
1979-07-31,Imports (BOP) Growth Rate [Monthly],28.777223192314977,%,sbp_balance_of_trade,monthly
1979-08-31,Imports (BOP) Growth Rate [Monthly],-40.753701211305525,%,sbp_balance_of_trade,monthly
1979-09-30,Imports (BOP) Growth Rate [Monthly],49.88641526578829,%,sbp_balance_of_trade,monthly
1979-10-31,Imports (BOP) Growth Rate [Monthly],5.119871105006496,%,sbp_balance_of_trade,monthly
1979-11-30,Imports (BOP) Growth Rate [Monthly],-26.274602798197748,%,sbp_balance_of_trade,monthly
1979-12-31,Imports (BOP) Growth Rate [Monthly],15.053071727243477,%,sbp_balance_of_trade,monthly
1980-01-31,Imports (BOP) Growth Rate [Monthly],24.325762781460767,%,sbp_balance_of_trade,monthly
1980-02-29,Imports (BOP) Growth Rate [Monthly],-10.129198966408282,%,sbp_balance_of_trade,monthly
1980-03-31,Imports (BOP) Growth Rate [Monthly],9.286946520989076,%,sbp_balance_of_trade,monthly
1980-04-30,Imports (BOP) Growth Rate [Monthly],2.4172295672736084,%,sbp_balance_of_trade,monthly
1980-05-31,Imports (BOP) Growth Rate [Monthly],33.34048027444251,%,sbp_balance_of_trade,monthly
1980-06-30,Imports (BOP) Growth Rate [Monthly],-22.47949831162566,%,sbp_balance_of_trade,monthly
1980-07-31,Imports (BOP) Growth Rate [Monthly],0.7933392015776946,%,sbp_balance_of_trade,monthly
1980-08-31,Imports (BOP) Growth Rate [Monthly],3.3645758231194662,%,sbp_balance_of_trade,monthly
1980-09-30,Imports (BOP) Growth Rate [Monthly],5.533596837944657,%,sbp_balance_of_trade,monthly
1980-10-31,Imports (BOP) Growth Rate [Monthly],-16.131415199415315,%,sbp_balance_of_trade,monthly
1980-11-30,Imports (BOP) Growth Rate [Monthly],0.9241245136186791,%,sbp_balance_of_trade,monthly
1980-12-31,Imports (BOP) Growth Rate [Monthly],16.9156626506024,%,sbp_balance_of_trade,monthly
1981-01-31,Imports (BOP) Growth Rate [Monthly],-6.332790962097519,%,sbp_balance_of_trade,monthly
1981-02-28,Imports (BOP) Growth Rate [Monthly],0.21285653469560373,%,sbp_balance_of_trade,monthly
1981-03-31,Imports (BOP) Growth Rate [Monthly],-9.579439252336442,%,sbp_balance_of_trade,monthly
1981-04-30,Imports (BOP) Growth Rate [Monthly],21.201721568986827,%,sbp_balance_of_trade,monthly
1981-05-31,Imports (BOP) Growth Rate [Monthly],-3.98848684210526,%,sbp_balance_of_trade,monthly
1981-06-30,Imports (BOP) Growth Rate [Monthly],5.567451820128454,%,sbp_balance_of_trade,monthly
1981-07-31,Imports (BOP) Growth Rate [Monthly],-21.589091205743998,%,sbp_balance_of_trade,monthly
1981-08-31,Imports (BOP) Growth Rate [Monthly],2.241813602015114,%,sbp_balance_of_trade,monthly
1981-09-30,Imports (BOP) Growth Rate [Monthly],28.06109879280612,%,sbp_balance_of_trade,monthly
1981-10-31,Imports (BOP) Growth Rate [Monthly],-4.315046050430155,%,sbp_balance_of_trade,monthly
1981-11-30,Imports (BOP) Growth Rate [Monthly],-6.022845275181737,%,sbp_balance_of_trade,monthly
1981-12-31,Imports (BOP) Growth Rate [Monthly],11.624760401398106,%,sbp_balance_of_trade,monthly
1982-01-31,Imports (BOP) Growth Rate [Monthly],-16.39863181405515,%,sbp_balance_of_trade,monthly
1982-02-28,Imports (BOP) Growth Rate [Monthly],-3.4153169438298647,%,sbp_balance_of_trade,monthly
1982-03-31,Imports (BOP) Growth Rate [Monthly],17.828111776508806,%,sbp_balance_of_trade,monthly
1982-04-30,Imports (BOP) Growth Rate [Monthly],6.541490213718788,%,sbp_balance_of_trade,monthly
1982-05-31,Imports (BOP) Growth Rate [Monthly],-0.8771239892663658,%,sbp_balance_of_trade,monthly
1982-06-30,Imports (BOP) Growth Rate [Monthly],-1.532522715962486,%,sbp_balance_of_trade,monthly
1982-07-31,Imports (BOP) Growth Rate [Monthly],-17.83517781842552,%,sbp_balance_of_trade,monthly
1982-08-31,Imports (BOP) Growth Rate [Monthly],19.225240630981276,%,sbp_balance_of_trade,monthly
1982-09-30,Imports (BOP) Growth Rate [Monthly],-23.65369507212918,%,sbp_balance_of_trade,monthly
1982-10-31,Imports (BOP) Growth Rate [Monthly],26.427747035411798,%,sbp_balance_of_trade,monthly
1982-11-30,Imports (BOP) Growth Rate [Monthly],4.36787838790012,%,sbp_balance_of_trade,monthly
1982-12-31,Imports (BOP) Growth Rate [Monthly],-8.757154423403918,%,sbp_balance_of_trade,monthly
1983-01-31,Imports (BOP) Growth Rate [Monthly],10.799777822584616,%,sbp_balance_of_trade,monthly
1983-02-28,Imports (BOP) Growth Rate [Monthly],-22.919882161218055,%,sbp_balance_of_trade,monthly
1983-03-31,Imports (BOP) Growth Rate [Monthly],11.325062123840254,%,sbp_balance_of_trade,monthly
1983-04-30,Imports (BOP) Growth Rate [Monthly],2.8214212880119334,%,sbp_balance_of_trade,monthly
1983-05-31,Imports (BOP) Growth Rate [Monthly],6.48544531162743,%,sbp_balance_of_trade,monthly
1983-06-30,Imports (BOP) Growth Rate [Monthly],5.324482586900032,%,sbp_balance_of_trade,monthly
1983-07-31,Imports (BOP) Growth Rate [Monthly],-19.321482200559174,%,sbp_balance_of_trade,monthly
1983-08-31,Imports (BOP) Growth Rate [Monthly],28.742999564504743,%,sbp_balance_of_trade,monthly
1983-09-30,Imports (BOP) Growth Rate [Monthly],-28.90768818607731,%,sbp_balance_of_trade,monthly
1983-10-31,Imports (BOP) Growth Rate [Monthly],29.98604245291054,%,sbp_balance_of_trade,monthly
1983-11-30,Imports (BOP) Growth Rate [Monthly],8.06524940899007,%,sbp_balance_of_trade,monthly
1983-12-31,Imports (BOP) Growth Rate [Monthly],-21.641089417916618,%,sbp_balance_of_trade,monthly
1984-01-31,Imports (BOP) Growth Rate [Monthly],30.785509096912506,%,sbp_balance_of_trade,monthly
1984-02-29,Imports (BOP) Growth Rate [Monthly],-8.43110030550524,%,sbp_balance_of_trade,monthly
1984-03-31,Imports (BOP) Growth Rate [Monthly],7.606657630442683,%,sbp_balance_of_trade,monthly
1984-04-30,Imports (BOP) Growth Rate [Monthly],1.6856937234043983,%,sbp_balance_of_trade,monthly
1984-05-31,Imports (BOP) Growth Rate [Monthly],-4.466211249511105,%,sbp_balance_of_trade,monthly
1984-06-30,Imports (BOP) Growth Rate [Monthly],9.648196368151957,%,sbp_balance_of_trade,monthly
1984-07-31,Imports (BOP) Growth Rate [Monthly],5.200671570095778,%,sbp_balance_of_trade,monthly
1984-08-31,Imports (BOP) Growth Rate [Monthly],-16.030420488656063,%,sbp_balance_of_trade,monthly
1984-09-30,Imports (BOP) Growth Rate [Monthly],-8.247232799258668,%,sbp_balance_of_trade,monthly
1984-10-31,Imports (BOP) Growth Rate [Monthly],6.070121152256917,%,sbp_balance_of_trade,monthly
1984-11-30,Imports (BOP) Growth Rate [Monthly],-0.1908925996277162,%,sbp_balance_of_trade,monthly
1984-12-31,Imports (BOP) Growth Rate [Monthly],-7.524072617045803,%,sbp_balance_of_trade,monthly
1985-01-31,Imports (BOP) Growth Rate [Monthly],27.120858390043168,%,sbp_balance_of_trade,monthly
1985-02-28,Imports (BOP) Growth Rate [Monthly],-26.806706192349964,%,sbp_balance_of_trade,monthly
1985-03-31,Imports (BOP) Growth Rate [Monthly],8.965345814851801,%,sbp_balance_of_trade,monthly
1985-04-30,Imports (BOP) Growth Rate [Monthly],-3.1769097036878406,%,sbp_balance_of_trade,monthly
1985-05-31,Imports (BOP) Growth Rate [Monthly],9.917862085785174,%,sbp_balance_of_trade,monthly
1985-06-30,Imports (BOP) Growth Rate [Monthly],24.712866359079683,%,sbp_balance_of_trade,monthly
1985-07-31,Imports (BOP) Growth Rate [Monthly],-16.988690992635952,%,sbp_balance_of_trade,monthly
1985-08-31,Imports (BOP) Growth Rate [Monthly],-5.94957372957073,%,sbp_balance_of_trade,monthly
1985-09-30,Imports (BOP) Growth Rate [Monthly],-2.3356070850122137,%,sbp_balance_of_trade,monthly
1985-10-31,Imports (BOP) Growth Rate [Monthly],-4.684385845446741,%,sbp_balance_of_trade,monthly
1985-11-30,Imports (BOP) Growth Rate [Monthly],0.4495295096493095,%,sbp_balance_of_trade,monthly
1985-12-31,Imports (BOP) Growth Rate [Monthly],18.49381686813949,%,sbp_balance_of_trade,monthly
1986-01-31,Imports (BOP) Growth Rate [Monthly],2.9498825738720598,%,sbp_balance_of_trade,monthly
1986-02-28,Imports (BOP) Growth Rate [Monthly],-16.86717705675052,%,sbp_balance_of_trade,monthly
1986-03-31,Imports (BOP) Growth Rate [Monthly],11.694196754860386,%,sbp_balance_of_trade,monthly
1986-04-30,Imports (BOP) Growth Rate [Monthly],17.225663603126762,%,sbp_balance_of_trade,monthly
1986-05-31,Imports (BOP) Growth Rate [Monthly],-12.482617879639903,%,sbp_balance_of_trade,monthly
1986-06-30,Imports (BOP) Growth Rate [Monthly],-0.22934868129176778,%,sbp_balance_of_trade,monthly
1986-07-31,Imports (BOP) Growth Rate [Monthly],0.7478507411771602,%,sbp_balance_of_trade,monthly
1986-08-31,Imports (BOP) Growth Rate [Monthly],-17.770041070997635,%,sbp_balance_of_trade,monthly
1986-09-30,Imports (BOP) Growth Rate [Monthly],1.0136325911272053,%,sbp_balance_of_trade,monthly
1986-10-31,Imports (BOP) Growth Rate [Monthly],18.90448770635578,%,sbp_balance_of_trade,monthly
1986-11-30,Imports (BOP) Growth Rate [Monthly],-2.104035399512483,%,sbp_balance_of_trade,monthly
1986-12-31,Imports (BOP) Growth Rate [Monthly],-13.156880380316096,%,sbp_balance_of_trade,monthly
1987-01-31,Imports (BOP) Growth Rate [Monthly],10.861824065863246,%,sbp_balance_of_trade,monthly
1987-02-28,Imports (BOP) Growth Rate [Monthly],-6.064673581452084,%,sbp_balance_of_trade,monthly
1987-03-31,Imports (BOP) Growth Rate [Monthly],1.4113084257165127,%,sbp_balance_of_trade,monthly
1987-04-30,Imports (BOP) Growth Rate [Monthly],1.4920377353661962,%,sbp_balance_of_trade,monthly
1987-05-31,Imports (BOP) Growth Rate [Monthly],-0.6398289461893398,%,sbp_balance_of_trade,monthly
1987-06-30,Imports (BOP) Growth Rate [Monthly],32.10399996904033,%,sbp_balance_of_trade,monthly
1987-07-31,Imports (BOP) Growth Rate [Monthly],-17.607613061698828,%,sbp_balance_of_trade,monthly
1987-08-31,Imports (BOP) Growth Rate [Monthly],0.8520387816825661,%,sbp_balance_of_trade,monthly
1987-09-30,Imports (BOP) Growth Rate [Monthly],15.58006799137172,%,sbp_balance_of_trade,monthly
1987-10-31,Imports (BOP) Growth Rate [Monthly],-2.471842090559818,%,sbp_balance_of_trade,monthly
1987-11-30,Imports (BOP) Growth Rate [Monthly],-5.403544136503228,%,sbp_balance_of_trade,monthly
1987-12-31,Imports (BOP) Growth Rate [Monthly],1.7016015673476659,%,sbp_balance_of_trade,monthly
1988-01-31,Imports (BOP) Growth Rate [Monthly],6.820334790769934,%,sbp_balance_of_trade,monthly
1988-02-29,Imports (BOP) Growth Rate [Monthly],-7.730109368256876,%,sbp_balance_of_trade,monthly
1988-03-31,Imports (BOP) Growth Rate [Monthly],15.428378489820943,%,sbp_balance_of_trade,monthly
1988-04-30,Imports (BOP) Growth Rate [Monthly],-6.650168435591553,%,sbp_balance_of_trade,monthly
1988-05-31,Imports (BOP) Growth Rate [Monthly],-9.184161499184256,%,sbp_balance_of_trade,monthly
1988-06-30,Imports (BOP) Growth Rate [Monthly],37.29211496344976,%,sbp_balance_of_trade,monthly
1988-07-31,Imports (BOP) Growth Rate [Monthly],-33.687570388535576,%,sbp_balance_of_trade,monthly
1988-08-31,Imports (BOP) Growth Rate [Monthly],6.727116664622031,%,sbp_balance_of_trade,monthly
1988-09-30,Imports (BOP) Growth Rate [Monthly],17.078847919255807,%,sbp_balance_of_trade,monthly
1988-10-31,Imports (BOP) Growth Rate [Monthly],-5.704815771582332,%,sbp_balance_of_trade,monthly
1988-11-30,Imports (BOP) Growth Rate [Monthly],5.39991612871151,%,sbp_balance_of_trade,monthly
1988-12-31,Imports (BOP) Growth Rate [Monthly],7.773390673426391,%,sbp_balance_of_trade,monthly
1989-01-31,Imports (BOP) Growth Rate [Monthly],3.8621472430963735,%,sbp_balance_of_trade,monthly
1989-02-28,Imports (BOP) Growth Rate [Monthly],2.285631435193764,%,sbp_balance_of_trade,monthly
1989-03-31,Imports (BOP) Growth Rate [Monthly],-0.8162214063925433,%,sbp_balance_of_trade,monthly
1989-04-30,Imports (BOP) Growth Rate [Monthly],-25.038417595138952,%,sbp_balance_of_trade,monthly
1989-05-31,Imports (BOP) Growth Rate [Monthly],10.023128389004114,%,sbp_balance_of_trade,monthly
1989-06-30,Imports (BOP) Growth Rate [Monthly],8.568356066675562,%,sbp_balance_of_trade,monthly
1989-07-31,Imports (BOP) Growth Rate [Monthly],-15.589833992170725,%,sbp_balance_of_trade,monthly
1989-08-31,Imports (BOP) Growth Rate [Monthly],20.189138991823157,%,sbp_balance_of_trade,monthly
1989-09-30,Imports (BOP) Growth Rate [Monthly],3.6620092782612375,%,sbp_balance_of_trade,monthly
1989-10-31,Imports (BOP) Growth Rate [Monthly],-1.0251248253581906,%,sbp_balance_of_trade,monthly
1989-11-30,Imports (BOP) Growth Rate [Monthly],-8.136528778105628,%,sbp_balance_of_trade,monthly
1989-12-31,Imports (BOP) Growth Rate [Monthly],-3.1859710875088894,%,sbp_balance_of_trade,monthly
1990-01-31,Imports (BOP) Growth Rate [Monthly],22.871994083010122,%,sbp_balance_of_trade,monthly
1990-02-28,Imports (BOP) Growth Rate [Monthly],-7.0581709769118675,%,sbp_balance_of_trade,monthly
1990-03-31,Imports (BOP) Growth Rate [Monthly],-11.670101103546529,%,sbp_balance_of_trade,monthly
1990-04-30,Imports (BOP) Growth Rate [Monthly],0.7943980083712461,%,sbp_balance_of_trade,monthly
1990-05-31,Imports (BOP) Growth Rate [Monthly],-3.1841482033645576,%,sbp_balance_of_trade,monthly
1990-06-30,Imports (BOP) Growth Rate [Monthly],35.690183386948604,%,sbp_balance_of_trade,monthly
1990-07-31,Imports (BOP) Growth Rate [Monthly],-22.79545110199078,%,sbp_balance_of_trade,monthly
1990-08-31,Imports (BOP) Growth Rate [Monthly],-1.3139278461411266,%,sbp_balance_of_trade,monthly
1990-09-30,Imports (BOP) Growth Rate [Monthly],28.318210129186127,%,sbp_balance_of_trade,monthly
1990-10-31,Imports (BOP) Growth Rate [Monthly],1.347228181938064,%,sbp_balance_of_trade,monthly
1990-11-30,Imports (BOP) Growth Rate [Monthly],19.333226129981384,%,sbp_balance_of_trade,monthly
1990-12-31,Imports (BOP) Growth Rate [Monthly],-23.839821854926385,%,sbp_balance_of_trade,monthly
1991-01-31,Imports (BOP) Growth Rate [Monthly],0.15470692897881122,%,sbp_balance_of_trade,monthly
1991-02-28,Imports (BOP) Growth Rate [Monthly],-1.0057950522840855,%,sbp_balance_of_trade,monthly
1991-03-31,Imports (BOP) Growth Rate [Monthly],12.113109366406348,%,sbp_balance_of_trade,monthly
1991-04-30,Imports (BOP) Growth Rate [Monthly],-13.928295657208196,%,sbp_balance_of_trade,monthly
1991-05-31,Imports (BOP) Growth Rate [Monthly],12.525889539583204,%,sbp_balance_of_trade,monthly
1991-06-30,Imports (BOP) Growth Rate [Monthly],-16.130973247161847,%,sbp_balance_of_trade,monthly
1991-07-31,Imports (BOP) Growth Rate [Monthly],37.723510172493036,%,sbp_balance_of_trade,monthly
1991-08-31,Imports (BOP) Growth Rate [Monthly],-11.85378943942385,%,sbp_balance_of_trade,monthly
1991-09-30,Imports (BOP) Growth Rate [Monthly],-16.788435159162887,%,sbp_balance_of_trade,monthly
1991-10-31,Imports (BOP) Growth Rate [Monthly],12.056435623029245,%,sbp_balance_of_trade,monthly
1991-11-30,Imports (BOP) Growth Rate [Monthly],5.3155533816426725,%,sbp_balance_of_trade,monthly
1991-12-31,Imports (BOP) Growth Rate [Monthly],10.843688663219226,%,sbp_balance_of_trade,monthly
1992-01-31,Imports (BOP) Growth Rate [Monthly],3.489584288182087,%,sbp_balance_of_trade,monthly
1992-02-29,Imports (BOP) Growth Rate [Monthly],-6.488992551253034,%,sbp_balance_of_trade,monthly
1992-03-31,Imports (BOP) Growth Rate [Monthly],-5.01652934891456,%,sbp_balance_of_trade,monthly
1992-04-30,Imports (BOP) Growth Rate [Monthly],-10.172437941421734,%,sbp_balance_of_trade,monthly
1992-05-31,Imports (BOP) Growth Rate [Monthly],10.131533918075021,%,sbp_balance_of_trade,monthly
1992-06-30,Imports (BOP) Growth Rate [Monthly],-4.3723525805111905,%,sbp_balance_of_trade,monthly
1992-07-31,Imports (BOP) Growth Rate [Monthly],4.1848438716596945,%,sbp_balance_of_trade,monthly
1992-08-31,Imports (BOP) Growth Rate [Monthly],10.74155939294306,%,sbp_balance_of_trade,monthly
1992-09-30,Imports (BOP) Growth Rate [Monthly],4.632520591537116,%,sbp_balance_of_trade,monthly
1992-10-31,Imports (BOP) Growth Rate [Monthly],6.076437540176883,%,sbp_balance_of_trade,monthly
1992-11-30,Imports (BOP) Growth Rate [Monthly],0.7942660967328834,%,sbp_balance_of_trade,monthly
1992-12-31,Imports (BOP) Growth Rate [Monthly],-3.676775961102379,%,sbp_balance_of_trade,monthly
1993-01-31,Imports (BOP) Growth Rate [Monthly],3.137658497906145,%,sbp_balance_of_trade,monthly
1993-02-28,Imports (BOP) Growth Rate [Monthly],-12.124342684685686,%,sbp_balance_of_trade,monthly
1993-03-31,Imports (BOP) Growth Rate [Monthly],-2.89354902430172,%,sbp_balance_of_trade,monthly
1993-04-30,Imports (BOP) Growth Rate [Monthly],0.22043029581200813,%,sbp_balance_of_trade,monthly
1993-05-31,Imports (BOP) Growth Rate [Monthly],12.758404906208341,%,sbp_balance_of_trade,monthly
1993-06-30,Imports (BOP) Growth Rate [Monthly],-12.319080670975268,%,sbp_balance_of_trade,monthly
1993-07-31,Imports (BOP) Growth Rate [Monthly],14.264602705439415,%,sbp_balance_of_trade,monthly
1993-08-31,Imports (BOP) Growth Rate [Monthly],-19.786751058093856,%,sbp_balance_of_trade,monthly
1993-09-30,Imports (BOP) Growth Rate [Monthly],3.0810649117560445,%,sbp_balance_of_trade,monthly
1993-10-31,Imports (BOP) Growth Rate [Monthly],-3.697680106107555,%,sbp_balance_of_trade,monthly
1993-11-30,Imports (BOP) Growth Rate [Monthly],1.9596248062447899,%,sbp_balance_of_trade,monthly
1993-12-31,Imports (BOP) Growth Rate [Monthly],-6.724630286516202,%,sbp_balance_of_trade,monthly
1994-01-31,Imports (BOP) Growth Rate [Monthly],15.087835051204095,%,sbp_balance_of_trade,monthly
1994-02-28,Imports (BOP) Growth Rate [Monthly],-9.886328883710021,%,sbp_balance_of_trade,monthly
1994-03-31,Imports (BOP) Growth Rate [Monthly],-1.1825175302135733,%,sbp_balance_of_trade,monthly
1994-04-30,Imports (BOP) Growth Rate [Monthly],6.891776323519565,%,sbp_balance_of_trade,monthly
1994-05-31,Imports (BOP) Growth Rate [Monthly],-4.786347578570599,%,sbp_balance_of_trade,monthly
1994-06-30,Imports (BOP) Growth Rate [Monthly],4.220076995720419,%,sbp_balance_of_trade,monthly
1994-07-31,Imports (BOP) Growth Rate [Monthly],3.0311523600267947,%,sbp_balance_of_trade,monthly
1994-08-31,Imports (BOP) Growth Rate [Monthly],11.445951093886947,%,sbp_balance_of_trade,monthly
1994-09-30,Imports (BOP) Growth Rate [Monthly],-3.829706495011692,%,sbp_balance_of_trade,monthly
1994-10-31,Imports (BOP) Growth Rate [Monthly],2.7559793987676358,%,sbp_balance_of_trade,monthly
1994-11-30,Imports (BOP) Growth Rate [Monthly],-2.919650595653067,%,sbp_balance_of_trade,monthly
1994-12-31,Imports (BOP) Growth Rate [Monthly],24.553168125321207,%,sbp_balance_of_trade,monthly
1995-01-31,Imports (BOP) Growth Rate [Monthly],-12.847345293107665,%,sbp_balance_of_trade,monthly
1995-02-28,Imports (BOP) Growth Rate [Monthly],-12.42458825422871,%,sbp_balance_of_trade,monthly
1995-03-31,Imports (BOP) Growth Rate [Monthly],11.898198320269586,%,sbp_balance_of_trade,monthly
1995-04-30,Imports (BOP) Growth Rate [Monthly],1.1496003142965634,%,sbp_balance_of_trade,monthly
1995-05-31,Imports (BOP) Growth Rate [Monthly],4.255286355919182,%,sbp_balance_of_trade,monthly
1995-06-30,Imports (BOP) Growth Rate [Monthly],19.82194319711536,%,sbp_balance_of_trade,monthly
1995-07-31,Imports (BOP) Growth Rate [Monthly],-7.012162242227717,%,sbp_balance_of_trade,monthly
1995-08-31,Imports (BOP) Growth Rate [Monthly],-9.919839679358716,%,sbp_balance_of_trade,monthly
1995-09-30,Imports (BOP) Growth Rate [Monthly],0.889877641824242,%,sbp_balance_of_trade,monthly
1995-10-31,Imports (BOP) Growth Rate [Monthly],19.073869900771783,%,sbp_balance_of_trade,monthly
1995-11-30,Imports (BOP) Growth Rate [Monthly],-12.129629629629633,%,sbp_balance_of_trade,monthly
1995-12-31,Imports (BOP) Growth Rate [Monthly],9.167544783983146,%,sbp_balance_of_trade,monthly
1996-01-31,Imports (BOP) Growth Rate [Monthly],1.0617760617760723,%,sbp_balance_of_trade,monthly
1996-02-29,Imports (BOP) Growth Rate [Monthly],-12.129894937917868,%,sbp_balance_of_trade,monthly
1996-03-31,Imports (BOP) Growth Rate [Monthly],5.760869565217391,%,sbp_balance_of_trade,monthly
1996-04-30,Imports (BOP) Growth Rate [Monthly],2.5693730729702082,%,sbp_balance_of_trade,monthly
1996-05-31,Imports (BOP) Growth Rate [Monthly],8.61723446893788,%,sbp_balance_of_trade,monthly
1996-06-30,Imports (BOP) Growth Rate [Monthly],3.6900369003689946,%,sbp_balance_of_trade,monthly
1996-07-31,Imports (BOP) Growth Rate [Monthly],-19.217081850533816,%,sbp_balance_of_trade,monthly
1996-08-31,Imports (BOP) Growth Rate [Monthly],0.11013215859030367,%,sbp_balance_of_trade,monthly
1996-09-30,Imports (BOP) Growth Rate [Monthly],-3.5203520352035156,%,sbp_balance_of_trade,monthly
1996-10-31,Imports (BOP) Growth Rate [Monthly],26.909920182440146,%,sbp_balance_of_trade,monthly
1996-11-30,Imports (BOP) Growth Rate [Monthly],-12.758310871518418,%,sbp_balance_of_trade,monthly
1996-12-31,Imports (BOP) Growth Rate [Monthly],18.125643666323384,%,sbp_balance_of_trade,monthly
1997-01-31,Imports (BOP) Growth Rate [Monthly],-16.82650392327811,%,sbp_balance_of_trade,monthly
1997-02-28,Imports (BOP) Growth Rate [Monthly],-12.78825995807128,%,sbp_balance_of_trade,monthly
1997-03-31,Imports (BOP) Growth Rate [Monthly],-2.0432692307692264,%,sbp_balance_of_trade,monthly
1997-04-30,Imports (BOP) Growth Rate [Monthly],13.619631901840506,%,sbp_balance_of_trade,monthly
1997-05-31,Imports (BOP) Growth Rate [Monthly],0.7559395248380127,%,sbp_balance_of_trade,monthly
1997-06-30,Imports (BOP) Growth Rate [Monthly],-8.78885316184352,%,sbp_balance_of_trade,monthly
1997-07-31,Imports (BOP) Growth Rate [Monthly],0.47003525264395307,%,sbp_balance_of_trade,monthly
1997-08-31,Imports (BOP) Growth Rate [Monthly],1.9883040935672511,%,sbp_balance_of_trade,monthly
1997-09-30,Imports (BOP) Growth Rate [Monthly],-14.449541284403665,%,sbp_balance_of_trade,monthly
1997-10-31,Imports (BOP) Growth Rate [Monthly],38.87399463806972,%,sbp_balance_of_trade,monthly
1997-11-30,Imports (BOP) Growth Rate [Monthly],-16.21621621621621,%,sbp_balance_of_trade,monthly
1997-12-31,Imports (BOP) Growth Rate [Monthly],12.67281105990783,%,sbp_balance_of_trade,monthly
1998-01-31,Imports (BOP) Growth Rate [Monthly],-22.699386503067487,%,sbp_balance_of_trade,monthly
1998-02-28,Imports (BOP) Growth Rate [Monthly],3.0423280423280517,%,sbp_balance_of_trade,monthly
1998-03-31,Imports (BOP) Growth Rate [Monthly],3.8510911424903753,%,sbp_balance_of_trade,monthly
1998-04-30,Imports (BOP) Growth Rate [Monthly],9.394313967861564,%,sbp_balance_of_trade,monthly
1998-05-31,Imports (BOP) Growth Rate [Monthly],-22.824858757062145,%,sbp_balance_of_trade,monthly
1998-06-30,Imports (BOP) Growth Rate [Monthly],51.39092240117131,%,sbp_balance_of_trade,monthly
1998-07-31,Imports (BOP) Growth Rate [Monthly],-29.59381044487428,%,sbp_balance_of_trade,monthly
1998-08-31,Imports (BOP) Growth Rate [Monthly],-11.401098901098905,%,sbp_balance_of_trade,monthly
1998-09-30,Imports (BOP) Growth Rate [Monthly],22.79069767441861,%,sbp_balance_of_trade,monthly
1998-10-31,Imports (BOP) Growth Rate [Monthly],8.080808080808083,%,sbp_balance_of_trade,monthly
1998-11-30,Imports (BOP) Growth Rate [Monthly],4.205607476635521,%,sbp_balance_of_trade,monthly
1998-12-31,Imports (BOP) Growth Rate [Monthly],9.304932735426007,%,sbp_balance_of_trade,monthly
1999-01-31,Imports (BOP) Growth Rate [Monthly],-21.743589743589737,%,sbp_balance_of_trade,monthly
1999-02-28,Imports (BOP) Growth Rate [Monthly],-1.5727391874180796,%,sbp_balance_of_trade,monthly
1999-03-31,Imports (BOP) Growth Rate [Monthly],-7.589880159786958,%,sbp_balance_of_trade,monthly
1999-04-30,Imports (BOP) Growth Rate [Monthly],12.391930835734868,%,sbp_balance_of_trade,monthly
1999-05-31,Imports (BOP) Growth Rate [Monthly],0.3846153846153868,%,sbp_balance_of_trade,monthly
1999-06-30,Imports (BOP) Growth Rate [Monthly],21.839080459770116,%,sbp_balance_of_trade,monthly
1999-07-31,Imports (BOP) Growth Rate [Monthly],-27.67295597484278,%,sbp_balance_of_trade,monthly
1999-08-31,Imports (BOP) Growth Rate [Monthly],6.956521739130437,%,sbp_balance_of_trade,monthly
1999-09-30,Imports (BOP) Growth Rate [Monthly],13.27913279132791,%,sbp_balance_of_trade,monthly
1999-10-31,Imports (BOP) Growth Rate [Monthly],-6.818181818181827,%,sbp_balance_of_trade,monthly
1999-11-30,Imports (BOP) Growth Rate [Monthly],6.033376123234916,%,sbp_balance_of_trade,monthly
1999-12-31,Imports (BOP) Growth Rate [Monthly],12.106537530266337,%,sbp_balance_of_trade,monthly
2000-01-31,Imports (BOP) Growth Rate [Monthly],1.5118790496760255,%,sbp_balance_of_trade,monthly
2000-02-29,Imports (BOP) Growth Rate [Monthly],-12.7659574468085,%,sbp_balance_of_trade,monthly
2000-03-31,Imports (BOP) Growth Rate [Monthly],-17.682926829268297,%,sbp_balance_of_trade,monthly
2000-04-30,Imports (BOP) Growth Rate [Monthly],7.111111111111114,%,sbp_balance_of_trade,monthly
2000-05-31,Imports (BOP) Growth Rate [Monthly],12.863070539419084,%,sbp_balance_of_trade,monthly
2000-06-30,Imports (BOP) Growth Rate [Monthly],2.0833333333333286,%,sbp_balance_of_trade,monthly
2000-07-31,Imports (BOP) Growth Rate [Monthly],4.081632653061234,%,sbp_balance_of_trade,monthly
2000-08-31,Imports (BOP) Growth Rate [Monthly],5.882352941176478,%,sbp_balance_of_trade,monthly
2000-09-30,Imports (BOP) Growth Rate [Monthly],0.0,%,sbp_balance_of_trade,monthly
2000-10-31,Imports (BOP) Growth Rate [Monthly],-11.111111111111114,%,sbp_balance_of_trade,monthly
2000-11-30,Imports (BOP) Growth Rate [Monthly],10.416666666666671,%,sbp_balance_of_trade,monthly
2000-12-31,Imports (BOP) Growth Rate [Monthly],-25.749167591564927,%,sbp_balance_of_trade,monthly
2001-01-31,Imports (BOP) Growth Rate [Monthly],51.71898355754857,%,sbp_balance_of_trade,monthly
2001-02-28,Imports (BOP) Growth Rate [Monthly],-24.13793103448276,%,sbp_balance_of_trade,monthly
2001-03-31,Imports (BOP) Growth Rate [Monthly],14.93506493506493,%,sbp_balance_of_trade,monthly
2001-04-30,Imports (BOP) Growth Rate [Monthly],-12.655367231638408,%,sbp_balance_of_trade,monthly
2001-05-31,Imports (BOP) Growth Rate [Monthly],4.010349288486424,%,sbp_balance_of_trade,monthly
2001-06-30,Imports (BOP) Growth Rate [Monthly],7.711442786069654,%,sbp_balance_of_trade,monthly
2001-07-31,Imports (BOP) Growth Rate [Monthly],-10.16166281755197,%,sbp_balance_of_trade,monthly
2001-08-31,Imports (BOP) Growth Rate [Monthly],9.254498714652954,%,sbp_balance_of_trade,monthly
2001-09-30,Imports (BOP) Growth Rate [Monthly],-7.764705882352942,%,sbp_balance_of_trade,monthly
2001-10-31,Imports (BOP) Growth Rate [Monthly],-3.4438775510204067,%,sbp_balance_of_trade,monthly
2001-11-30,Imports (BOP) Growth Rate [Monthly],-2.9062087186261607,%,sbp_balance_of_trade,monthly
2001-12-31,Imports (BOP) Growth Rate [Monthly],-1.496598639455783,%,sbp_balance_of_trade,monthly
2002-01-31,Imports (BOP) Growth Rate [Monthly],9.944751381215468,%,sbp_balance_of_trade,monthly
2002-02-28,Imports (BOP) Growth Rate [Monthly],-9.422110552763812,%,sbp_balance_of_trade,monthly
2002-03-31,Imports (BOP) Growth Rate [Monthly],-0.6934812760055422,%,sbp_balance_of_trade,monthly
2002-04-30,Imports (BOP) Growth Rate [Monthly],9.77653631284916,%,sbp_balance_of_trade,monthly
2002-05-31,Imports (BOP) Growth Rate [Monthly],6.10687022900764,%,sbp_balance_of_trade,monthly
2002-06-30,Imports (BOP) Growth Rate [Monthly],14.268585131894483,%,sbp_balance_of_trade,monthly
2002-07-31,Imports (BOP) Growth Rate [Monthly],-1.0493179433368311,%,sbp_balance_of_trade,monthly
2002-08-31,Imports (BOP) Growth Rate [Monthly],3.2873806998939585,%,sbp_balance_of_trade,monthly
2002-09-30,Imports (BOP) Growth Rate [Monthly],-12.525667351129371,%,sbp_balance_of_trade,monthly
2002-10-31,Imports (BOP) Growth Rate [Monthly],5.516431924882625,%,sbp_balance_of_trade,monthly
2002-11-30,Imports (BOP) Growth Rate [Monthly],2.335928809788655,%,sbp_balance_of_trade,monthly
2002-12-31,Imports (BOP) Growth Rate [Monthly],12.391304347826093,%,sbp_balance_of_trade,monthly
2003-01-31,Imports (BOP) Growth Rate [Monthly],-10.63829787234043,%,sbp_balance_of_trade,monthly
2003-02-28,Imports (BOP) Growth Rate [Monthly],-10.497835497835496,%,sbp_balance_of_trade,monthly
2003-03-31,Imports (BOP) Growth Rate [Monthly],20.07255139056832,%,sbp_balance_of_trade,monthly
2003-04-30,Imports (BOP) Growth Rate [Monthly],-1.409869083585093,%,sbp_balance_of_trade,monthly
2003-05-31,Imports (BOP) Growth Rate [Monthly],-2.04290091930541,%,sbp_balance_of_trade,monthly
2003-06-30,Imports (BOP) Growth Rate [Monthly],7.299270072992698,%,sbp_balance_of_trade,monthly
2003-07-31,Imports (BOP) Growth Rate [Monthly],-0.8746774538386717,%,sbp_balance_of_trade,monthly
2003-08-31,Imports (BOP) Growth Rate [Monthly],-8.823481410706364,%,sbp_balance_of_trade,monthly
2003-09-30,Imports (BOP) Growth Rate [Monthly],14.408590261885834,%,sbp_balance_of_trade,monthly
2003-10-31,Imports (BOP) Growth Rate [Monthly],-0.6578947368420955,%,sbp_balance_of_trade,monthly
2003-11-30,Imports (BOP) Growth Rate [Monthly],-17.12393566698202,%,sbp_balance_of_trade,monthly
2003-12-31,Imports (BOP) Growth Rate [Monthly],45.09132420091325,%,sbp_balance_of_trade,monthly
2004-01-31,Imports (BOP) Growth Rate [Monthly],-8.103855232100713,%,sbp_balance_of_trade,monthly
2004-02-29,Imports (BOP) Growth Rate [Monthly],3.7671232876712395,%,sbp_balance_of_trade,monthly
2004-03-31,Imports (BOP) Growth Rate [Monthly],0.8250825082508157,%,sbp_balance_of_trade,monthly
2004-04-30,Imports (BOP) Growth Rate [Monthly],0.6546644844517289,%,sbp_balance_of_trade,monthly
2004-05-31,Imports (BOP) Growth Rate [Monthly],-5.203252032520325,%,sbp_balance_of_trade,monthly
2004-06-30,Imports (BOP) Growth Rate [Monthly],19.039451114922826,%,sbp_balance_of_trade,monthly
2004-07-31,Imports (BOP) Growth Rate [Monthly],3.7531469740634122,%,sbp_balance_of_trade,monthly
2004-08-31,Imports (BOP) Growth Rate [Monthly],-8.96425571425327,%,sbp_balance_of_trade,monthly
2004-09-30,Imports (BOP) Growth Rate [Monthly],8.619374523264696,%,sbp_balance_of_trade,monthly
2004-10-31,Imports (BOP) Growth Rate [Monthly],13.483146067415746,%,sbp_balance_of_trade,monthly
2004-11-30,Imports (BOP) Growth Rate [Monthly],7.9826732673267315,%,sbp_balance_of_trade,monthly
2004-12-31,Imports (BOP) Growth Rate [Monthly],-3.3810888252148885,%,sbp_balance_of_trade,monthly
2005-01-31,Imports (BOP) Growth Rate [Monthly],-15.361803084223013,%,sbp_balance_of_trade,monthly
2005-02-28,Imports (BOP) Growth Rate [Monthly],11.492641906096708,%,sbp_balance_of_trade,monthly
2005-03-31,Imports (BOP) Growth Rate [Monthly],12.067881835323703,%,sbp_balance_of_trade,monthly
2005-04-30,Imports (BOP) Growth Rate [Monthly],-15.423443634324173,%,sbp_balance_of_trade,monthly
2005-05-31,Imports (BOP) Growth Rate [Monthly],15.450928381962868,%,sbp_balance_of_trade,monthly
2005-06-30,Imports (BOP) Growth Rate [Monthly],-0.9764503159103981,%,sbp_balance_of_trade,monthly
2005-07-31,Imports (BOP) Growth Rate [Monthly],2.5005638051043917,%,sbp_balance_of_trade,monthly
2005-08-31,Imports (BOP) Growth Rate [Monthly],17.36747619723353,%,sbp_balance_of_trade,monthly
2005-09-30,Imports (BOP) Growth Rate [Monthly],-0.7648750049710458,%,sbp_balance_of_trade,monthly
2005-10-31,Imports (BOP) Growth Rate [Monthly],-0.6476500665297067,%,sbp_balance_of_trade,monthly
2005-11-30,Imports (BOP) Growth Rate [Monthly],0.19123062869998364,%,sbp_balance_of_trade,monthly
2005-12-31,Imports (BOP) Growth Rate [Monthly],-4.7641103568006855,%,sbp_balance_of_trade,monthly
2006-01-31,Imports (BOP) Growth Rate [Monthly],5.713487991556548,%,sbp_balance_of_trade,monthly
2006-02-28,Imports (BOP) Growth Rate [Monthly],-8.893049112509686,%,sbp_balance_of_trade,monthly
2006-03-31,Imports (BOP) Growth Rate [Monthly],22.23598476633242,%,sbp_balance_of_trade,monthly
2006-04-30,Imports (BOP) Growth Rate [Monthly],-27.121941092319886,%,sbp_balance_of_trade,monthly
2006-05-31,Imports (BOP) Growth Rate [Monthly],40.51212397127827,%,sbp_balance_of_trade,monthly
2006-06-30,Imports (BOP) Growth Rate [Monthly],14.099594417813478,%,sbp_balance_of_trade,monthly
2006-07-31,Imports (BOP) Growth Rate [Monthly],-10.28286073081523,%,sbp_balance_of_trade,monthly
2006-08-31,Imports (BOP) Growth Rate [Monthly],-4.403352428185073,%,sbp_balance_of_trade,monthly
2006-09-30,Imports (BOP) Growth Rate [Monthly],-4.593420334036608,%,sbp_balance_of_trade,monthly
2006-10-31,Imports (BOP) Growth Rate [Monthly],0.061480984107362247,%,sbp_balance_of_trade,monthly
2006-11-30,Imports (BOP) Growth Rate [Monthly],-1.9865860675454883,%,sbp_balance_of_trade,monthly
2006-12-31,Imports (BOP) Growth Rate [Monthly],11.008139002633513,%,sbp_balance_of_trade,monthly
2007-01-31,Imports (BOP) Growth Rate [Monthly],-12.206302474733874,%,sbp_balance_of_trade,monthly
2007-02-28,Imports (BOP) Growth Rate [Monthly],5.672037527087184,%,sbp_balance_of_trade,monthly
2007-03-31,Imports (BOP) Growth Rate [Monthly],-5.195981634001441,%,sbp_balance_of_trade,monthly
2007-04-30,Imports (BOP) Growth Rate [Monthly],3.4288187497494107,%,sbp_balance_of_trade,monthly
2007-05-31,Imports (BOP) Growth Rate [Monthly],1.3295244980802323,%,sbp_balance_of_trade,monthly
2007-06-30,Imports (BOP) Growth Rate [Monthly],10.094502165903833,%,sbp_balance_of_trade,monthly
2007-07-31,Imports (BOP) Growth Rate [Monthly],-1.1311792817502067,%,sbp_balance_of_trade,monthly
2007-08-31,Imports (BOP) Growth Rate [Monthly],-5.969069615117689,%,sbp_balance_of_trade,monthly
2007-09-30,Imports (BOP) Growth Rate [Monthly],-0.15223303742473604,%,sbp_balance_of_trade,monthly
2007-10-31,Imports (BOP) Growth Rate [Monthly],15.144161388000015,%,sbp_balance_of_trade,monthly
2007-11-30,Imports (BOP) Growth Rate [Monthly],13.684161696900006,%,sbp_balance_of_trade,monthly
2007-12-31,Imports (BOP) Growth Rate [Monthly],0.59335973153145,%,sbp_balance_of_trade,monthly
2008-01-31,Imports (BOP) Growth Rate [Monthly],11.866168324150948,%,sbp_balance_of_trade,monthly
2008-02-29,Imports (BOP) Growth Rate [Monthly],-12.28690919274365,%,sbp_balance_of_trade,monthly
2008-03-31,Imports (BOP) Growth Rate [Monthly],20.959001432612695,%,sbp_balance_of_trade,monthly
2008-04-30,Imports (BOP) Growth Rate [Monthly],-3.8678809171292414,%,sbp_balance_of_trade,monthly
2008-05-31,Imports (BOP) Growth Rate [Monthly],-4.329001187255656,%,sbp_balance_of_trade,monthly
2008-06-30,Imports (BOP) Growth Rate [Monthly],8.095672128390348,%,sbp_balance_of_trade,monthly
2008-07-31,Imports (BOP) Growth Rate [Monthly],-3.8010468647518962,%,sbp_balance_of_trade,monthly
2008-08-31,Imports (BOP) Growth Rate [Monthly],-6.1856265914236985,%,sbp_balance_of_trade,monthly
2008-09-30,Imports (BOP) Growth Rate [Monthly],16.97016418570618,%,sbp_balance_of_trade,monthly
2008-10-31,Imports (BOP) Growth Rate [Monthly],-12.634299585275855,%,sbp_balance_of_trade,monthly
2008-11-30,Imports (BOP) Growth Rate [Monthly],-31.06023271952121,%,sbp_balance_of_trade,monthly
2008-12-31,Imports (BOP) Growth Rate [Monthly],16.579569176424187,%,sbp_balance_of_trade,monthly
2009-01-31,Imports (BOP) Growth Rate [Monthly],-17.5627098992601,%,sbp_balance_of_trade,monthly
2009-02-28,Imports (BOP) Growth Rate [Monthly],-12.302757061512352,%,sbp_balance_of_trade,monthly
2009-03-31,Imports (BOP) Growth Rate [Monthly],19.93132904076505,%,sbp_balance_of_trade,monthly
2009-04-30,Imports (BOP) Growth Rate [Monthly],4.888881873336544,%,sbp_balance_of_trade,monthly
2009-05-31,Imports (BOP) Growth Rate [Monthly],-15.45379826209259,%,sbp_balance_of_trade,monthly
2009-06-30,Imports (BOP) Growth Rate [Monthly],39.71074636649175,%,sbp_balance_of_trade,monthly
2009-07-31,Imports (BOP) Growth Rate [Monthly],1.0242002471879914,%,sbp_balance_of_trade,monthly
2009-08-31,Imports (BOP) Growth Rate [Monthly],-22.446036827196167,%,sbp_balance_of_trade,monthly
2009-09-30,Imports (BOP) Growth Rate [Monthly],13.136853893625016,%,sbp_balance_of_trade,monthly
2009-10-31,Imports (BOP) Growth Rate [Monthly],11.231729356990726,%,sbp_balance_of_trade,monthly
2009-11-30,Imports (BOP) Growth Rate [Monthly],-20.493925044762634,%,sbp_balance_of_trade,monthly
2009-12-31,Imports (BOP) Growth Rate [Monthly],25.281906119101365,%,sbp_balance_of_trade,monthly
2010-01-31,Imports (BOP) Growth Rate [Monthly],-7.446265970329478,%,sbp_balance_of_trade,monthly
2010-02-28,Imports (BOP) Growth Rate [Monthly],-7.557960301003348,%,sbp_balance_of_trade,monthly
2010-03-31,Imports (BOP) Growth Rate [Monthly],5.678834838125326,%,sbp_balance_of_trade,monthly
2010-04-30,Imports (BOP) Growth Rate [Monthly],17.7855617719015,%,sbp_balance_of_trade,monthly
2010-05-31,Imports (BOP) Growth Rate [Monthly],-9.658664396532473,%,sbp_balance_of_trade,monthly
2010-06-30,Imports (BOP) Growth Rate [Monthly],17.811153668025725,%,sbp_balance_of_trade,monthly
2010-07-31,Imports (BOP) Growth Rate [Monthly],-5.857241752833346,%,sbp_balance_of_trade,monthly
2010-08-31,Imports (BOP) Growth Rate [Monthly],0.16372403262650437,%,sbp_balance_of_trade,monthly
2010-09-30,Imports (BOP) Growth Rate [Monthly],-18.21969384046183,%,sbp_balance_of_trade,monthly
2010-10-31,Imports (BOP) Growth Rate [Monthly],9.2370580411189,%,sbp_balance_of_trade,monthly
2010-11-30,Imports (BOP) Growth Rate [Monthly],7.3536315488052395,%,sbp_balance_of_trade,monthly
2010-12-31,Imports (BOP) Growth Rate [Monthly],13.760477496920373,%,sbp_balance_of_trade,monthly
2011-01-31,Imports (BOP) Growth Rate [Monthly],-12.539497507402373,%,sbp_balance_of_trade,monthly
2011-02-28,Imports (BOP) Growth Rate [Monthly],10.129048919437196,%,sbp_balance_of_trade,monthly
2011-03-31,Imports (BOP) Growth Rate [Monthly],6.97543939471754,%,sbp_balance_of_trade,monthly
2011-04-30,Imports (BOP) Growth Rate [Monthly],-11.6858867099686,%,sbp_balance_of_trade,monthly
2011-05-31,Imports (BOP) Growth Rate [Monthly],15.382348229732614,%,sbp_balance_of_trade,monthly
2011-06-30,Imports (BOP) Growth Rate [Monthly],5.758239472184414,%,sbp_balance_of_trade,monthly
2011-07-31,Imports (BOP) Growth Rate [Monthly],-10.478696456102767,%,sbp_balance_of_trade,monthly
2011-08-31,Imports (BOP) Growth Rate [Monthly],15.794392853665215,%,sbp_balance_of_trade,monthly
2011-09-30,Imports (BOP) Growth Rate [Monthly],-4.125037226188979,%,sbp_balance_of_trade,monthly
2011-10-31,Imports (BOP) Growth Rate [Monthly],-8.290180691503323,%,sbp_balance_of_trade,monthly
2011-11-30,Imports (BOP) Growth Rate [Monthly],-1.78235224297552,%,sbp_balance_of_trade,monthly
2011-12-31,Imports (BOP) Growth Rate [Monthly],3.274655462120691,%,sbp_balance_of_trade,monthly
2012-01-31,Imports (BOP) Growth Rate [Monthly],2.7533486921034753,%,sbp_balance_of_trade,monthly
2012-02-29,Imports (BOP) Growth Rate [Monthly],10.269385520002276,%,sbp_balance_of_trade,monthly
2012-03-31,Imports (BOP) Growth Rate [Monthly],-19.605257736259585,%,sbp_balance_of_trade,monthly
2012-04-30,Imports (BOP) Growth Rate [Monthly],5.838071771471464,%,sbp_balance_of_trade,monthly
2012-05-31,Imports (BOP) Growth Rate [Monthly],9.301095375232926,%,sbp_balance_of_trade,monthly
2012-06-30,Imports (BOP) Growth Rate [Monthly],5.82405997246199,%,sbp_balance_of_trade,monthly
2012-07-31,Imports (BOP) Growth Rate [Monthly],-5.674891634214831,%,sbp_balance_of_trade,monthly
2012-08-31,Imports (BOP) Growth Rate [Monthly],-6.200445090943137,%,sbp_balance_of_trade,monthly
2012-09-30,Imports (BOP) Growth Rate [Monthly],-4.15424901389368,%,sbp_balance_of_trade,monthly
2012-10-31,Imports (BOP) Growth Rate [Monthly],20.80346116171798,%,sbp_balance_of_trade,monthly
2012-11-30,Imports (BOP) Growth Rate [Monthly],-8.484661695300858,%,sbp_balance_of_trade,monthly
2012-12-31,Imports (BOP) Growth Rate [Monthly],-8.985241085778279,%,sbp_balance_of_trade,monthly
2013-01-31,Imports (BOP) Growth Rate [Monthly],9.143666358639571,%,sbp_balance_of_trade,monthly
2013-02-28,Imports (BOP) Growth Rate [Monthly],-9.556642496332783,%,sbp_balance_of_trade,monthly
2013-03-31,Imports (BOP) Growth Rate [Monthly],10.250033742248227,%,sbp_balance_of_trade,monthly
2013-04-30,Imports (BOP) Growth Rate [Monthly],1.4343823907571338,%,sbp_balance_of_trade,monthly
2013-05-31,Imports (BOP) Growth Rate [Monthly],0.7793470235319417,%,sbp_balance_of_trade,monthly
2013-06-30,Imports (BOP) Growth Rate [Monthly],-4.358059419666245,%,sbp_balance_of_trade,monthly
2013-07-31,Imports (BOP) Growth Rate [Monthly],4.264887698360226,%,sbp_balance_of_trade,monthly
2013-08-31,Imports (BOP) Growth Rate [Monthly],0.28300557058629877,%,sbp_balance_of_trade,monthly
2013-09-30,Imports (BOP) Growth Rate [Monthly],7.125029562910715,%,sbp_balance_of_trade,monthly
2013-10-31,Imports (BOP) Growth Rate [Monthly],-2.641253638843186,%,sbp_balance_of_trade,monthly
2013-11-30,Imports (BOP) Growth Rate [Monthly],-9.731673196979733,%,sbp_balance_of_trade,monthly
2013-12-31,Imports (BOP) Growth Rate [Monthly],10.07555136800908,%,sbp_balance_of_trade,monthly
2014-01-31,Imports (BOP) Growth Rate [Monthly],0.06278106519998834,%,sbp_balance_of_trade,monthly
2014-02-28,Imports (BOP) Growth Rate [Monthly],-12.154766231845123,%,sbp_balance_of_trade,monthly
2014-03-31,Imports (BOP) Growth Rate [Monthly],6.17009282747411,%,sbp_balance_of_trade,monthly
2014-04-30,Imports (BOP) Growth Rate [Monthly],-0.7417824722119046,%,sbp_balance_of_trade,monthly
2014-05-31,Imports (BOP) Growth Rate [Monthly],6.06465412506444,%,sbp_balance_of_trade,monthly
2014-06-30,Imports (BOP) Growth Rate [Monthly],1.449892325551866,%,sbp_balance_of_trade,monthly
2014-07-31,Imports (BOP) Growth Rate [Monthly],12.250680131961104,%,sbp_balance_of_trade,monthly
2014-08-31,Imports (BOP) Growth Rate [Monthly],-2.213393219463891,%,sbp_balance_of_trade,monthly
2014-09-30,Imports (BOP) Growth Rate [Monthly],4.06918649353697,%,sbp_balance_of_trade,monthly
2014-10-31,Imports (BOP) Growth Rate [Monthly],-12.756696663891553,%,sbp_balance_of_trade,monthly
2014-11-30,Imports (BOP) Growth Rate [Monthly],-13.165247426863717,%,sbp_balance_of_trade,monthly
2014-12-31,Imports (BOP) Growth Rate [Monthly],9.967844381832721,%,sbp_balance_of_trade,monthly
2015-01-31,Imports (BOP) Growth Rate [Monthly],-11.557612007780602,%,sbp_balance_of_trade,monthly
2015-02-28,Imports (BOP) Growth Rate [Monthly],-7.164212935251474,%,sbp_balance_of_trade,monthly
2015-03-31,Imports (BOP) Growth Rate [Monthly],17.684888243888214,%,sbp_balance_of_trade,monthly
2015-04-30,Imports (BOP) Growth Rate [Monthly],-7.559198996559931,%,sbp_balance_of_trade,monthly
2015-05-31,Imports (BOP) Growth Rate [Monthly],13.957305021137268,%,sbp_balance_of_trade,monthly
2015-06-30,Imports (BOP) Growth Rate [Monthly],4.034583423484936,%,sbp_balance_of_trade,monthly
2015-07-31,Imports (BOP) Growth Rate [Monthly],-0.3878117640380252,%,sbp_balance_of_trade,monthly
2015-08-31,Imports (BOP) Growth Rate [Monthly],-10.400444938820911,%,sbp_balance_of_trade,monthly
2015-09-30,Imports (BOP) Growth Rate [Monthly],1.0862818125387959,%,sbp_balance_of_trade,monthly
2015-10-31,Imports (BOP) Growth Rate [Monthly],-0.092109303039607,%,sbp_balance_of_trade,monthly
2015-11-30,Imports (BOP) Growth Rate [Monthly],-3.1346035648432697,%,sbp_balance_of_trade,monthly
2015-12-31,Imports (BOP) Growth Rate [Monthly],30.10786802030457,%,sbp_balance_of_trade,monthly
2016-01-31,Imports (BOP) Growth Rate [Monthly],-18.141916605705926,%,sbp_balance_of_trade,monthly
2016-02-29,Imports (BOP) Growth Rate [Monthly],-8.072683943997617,%,sbp_balance_of_trade,monthly
2016-03-31,Imports (BOP) Growth Rate [Monthly],7.6150356448476995,%,sbp_balance_of_trade,monthly
2016-04-30,Imports (BOP) Growth Rate [Monthly],-4.607046070460704,%,sbp_balance_of_trade,monthly
2016-05-31,Imports (BOP) Growth Rate [Monthly],12.910353535353536,%,sbp_balance_of_trade,monthly
2016-06-30,Imports (BOP) Growth Rate [Monthly],12.580374615599666,%,sbp_balance_of_trade,monthly
2016-07-31,Imports (BOP) Growth Rate [Monthly],-22.547802334243855,%,sbp_balance_of_trade,monthly
2016-08-31,Imports (BOP) Growth Rate [Monthly],25.55306187880731,%,sbp_balance_of_trade,monthly
2016-09-30,Imports (BOP) Growth Rate [Monthly],-20.199182839632275,%,sbp_balance_of_trade,monthly
2016-10-31,Imports (BOP) Growth Rate [Monthly],11.424,%,sbp_balance_of_trade,monthly
2016-11-30,Imports (BOP) Growth Rate [Monthly],13.152525166811083,%,sbp_balance_of_trade,monthly
2016-12-31,Imports (BOP) Growth Rate [Monthly],3.6048254250625966,%,sbp_balance_of_trade,monthly
2017-01-31,Imports (BOP) Growth Rate [Monthly],6.001959823615874,%,sbp_balance_of_trade,monthly
2017-02-28,Imports (BOP) Growth Rate [Monthly],-7.071874277790617,%,sbp_balance_of_trade,monthly
2017-03-31,Imports (BOP) Growth Rate [Monthly],8.132305396667496,%,sbp_balance_of_trade,monthly
2017-04-30,Imports (BOP) Growth Rate [Monthly],-6.347746090156384,%,sbp_balance_of_trade,monthly
2017-05-31,Imports (BOP) Growth Rate [Monthly],12.54911591355598,%,sbp_balance_of_trade,monthly
2017-06-30,Imports (BOP) Growth Rate [Monthly],8.793366790312023,%,sbp_balance_of_trade,monthly
2017-07-31,Imports (BOP) Growth Rate [Monthly],-3.7505014039310067,%,sbp_balance_of_trade,monthly
2017-08-31,Imports (BOP) Growth Rate [Monthly],-5.605334444675973,%,sbp_balance_of_trade,monthly
2017-09-30,Imports (BOP) Growth Rate [Monthly],-14.260485651214127,%,sbp_balance_of_trade,monthly
2017-10-31,Imports (BOP) Growth Rate [Monthly],13.15653964984552,%,sbp_balance_of_trade,monthly
2017-11-30,Imports (BOP) Growth Rate [Monthly],2.7303754266211606,%,sbp_balance_of_trade,monthly
2017-12-31,Imports (BOP) Growth Rate [Monthly],-4.828349944629014,%,sbp_balance_of_trade,monthly
2018-01-31,Imports (BOP) Growth Rate [Monthly],14.73120781940889,%,sbp_balance_of_trade,monthly
2018-02-28,Imports (BOP) Growth Rate [Monthly],-13.590263691683571,%,sbp_balance_of_trade,monthly
2018-03-31,Imports (BOP) Growth Rate [Monthly],18.92018779342723,%,sbp_balance_of_trade,monthly
2018-04-30,Imports (BOP) Growth Rate [Monthly],-4.342676667982629,%,sbp_balance_of_trade,monthly
2018-05-31,Imports (BOP) Growth Rate [Monthly],4.725546842756913,%,sbp_balance_of_trade,monthly
2018-06-30,Imports (BOP) Growth Rate [Monthly],-0.020409542390660344,%,sbp_balance_of_trade,monthly
2018-07-31,Imports (BOP) Growth Rate [Monthly],4.258022238694091,%,sbp_balance_of_trade,monthly
2018-08-31,Imports (BOP) Growth Rate [Monthly],-12.929376879330556,%,sbp_balance_of_trade,monthly
2018-09-30,Imports (BOP) Growth Rate [Monthly],-12.983114267055818,%,sbp_balance_of_trade,monthly
2018-10-31,Imports (BOP) Growth Rate [Monthly],16.765847710992137,%,sbp_balance_of_trade,monthly
2018-11-30,Imports (BOP) Growth Rate [Monthly],-11.496181159596144,%,sbp_balance_of_trade,monthly
2018-12-31,Imports (BOP) Growth Rate [Monthly],15.305868608019818,%,sbp_balance_of_trade,monthly
2019-01-31,Imports (BOP) Growth Rate [Monthly],-10.280184477923148,%,sbp_balance_of_trade,monthly
2019-02-28,Imports (BOP) Growth Rate [Monthly],-20.490961853351873,%,sbp_balance_of_trade,monthly
2019-03-31,Imports (BOP) Growth Rate [Monthly],20.87065175878437,%,sbp_balance_of_trade,monthly
2019-04-30,Imports (BOP) Growth Rate [Monthly],0.4117467653332571,%,sbp_balance_of_trade,monthly
2019-05-31,Imports (BOP) Growth Rate [Monthly],6.023477711441981,%,sbp_balance_of_trade,monthly
2019-06-30,Imports (BOP) Growth Rate [Monthly],-7.893392215660875,%,sbp_balance_of_trade,monthly
2019-07-31,Imports (BOP) Growth Rate [Monthly],4.558066166602346,%,sbp_balance_of_trade,monthly
2019-08-31,Imports (BOP) Growth Rate [Monthly],-15.77472795525145,%,sbp_balance_of_trade,monthly
2019-09-30,Imports (BOP) Growth Rate [Monthly],-1.659659503551596,%,sbp_balance_of_trade,monthly
2019-10-31,Imports (BOP) Growth Rate [Monthly],4.317385273190815,%,sbp_balance_of_trade,monthly
2019-11-30,Imports (BOP) Growth Rate [Monthly],3.1259584598163714,%,sbp_balance_of_trade,monthly
2019-12-31,Imports (BOP) Growth Rate [Monthly],23.044794378046653,%,sbp_balance_of_trade,monthly
2020-01-31,Imports (BOP) Growth Rate [Monthly],-15.07807949305259,%,sbp_balance_of_trade,monthly
2020-02-29,Imports (BOP) Growth Rate [Monthly],-8.90273977134197,%,sbp_balance_of_trade,monthly
2020-03-31,Imports (BOP) Growth Rate [Monthly],-7.569450201081421,%,sbp_balance_of_trade,monthly
2020-04-30,Imports (BOP) Growth Rate [Monthly],-5.013414999325945,%,sbp_balance_of_trade,monthly
2020-05-31,Imports (BOP) Growth Rate [Monthly],-10.78332931242815,%,sbp_balance_of_trade,monthly
2020-06-30,Imports (BOP) Growth Rate [Monthly],26.916797349363907,%,sbp_balance_of_trade,monthly
2020-07-31,Imports (BOP) Growth Rate [Monthly],-0.7295429959301807,%,sbp_balance_of_trade,monthly
2020-08-31,Imports (BOP) Growth Rate [Monthly],-5.407036942768092,%,sbp_balance_of_trade,monthly
2020-09-30,Imports (BOP) Growth Rate [Monthly],14.299927538477311,%,sbp_balance_of_trade,monthly
2020-10-31,Imports (BOP) Growth Rate [Monthly],-6.910015370268114,%,sbp_balance_of_trade,monthly
2020-11-30,Imports (BOP) Growth Rate [Monthly],18.781460954117737,%,sbp_balance_of_trade,monthly
2020-12-31,Imports (BOP) Growth Rate [Monthly],25.49064292504926,%,sbp_balance_of_trade,monthly
2021-01-31,Imports (BOP) Growth Rate [Monthly],-16.786151730246026,%,sbp_balance_of_trade,monthly
2021-02-28,Imports (BOP) Growth Rate [Monthly],1.4515008543380095,%,sbp_balance_of_trade,monthly
2021-03-31,Imports (BOP) Growth Rate [Monthly],20.462845429955024,%,sbp_balance_of_trade,monthly
2021-04-30,Imports (BOP) Growth Rate [Monthly],-7.733766653016544,%,sbp_balance_of_trade,monthly
2021-05-31,Imports (BOP) Growth Rate [Monthly],-0.8238446852510619,%,sbp_balance_of_trade,monthly
2021-06-30,Imports (BOP) Growth Rate [Monthly],27.72634885293348,%,sbp_balance_of_trade,monthly
2021-07-31,Imports (BOP) Growth Rate [Monthly],-16.24882963073424,%,sbp_balance_of_trade,monthly
2021-08-31,Imports (BOP) Growth Rate [Monthly],11.198012399378555,%,sbp_balance_of_trade,monthly
2021-09-30,Imports (BOP) Growth Rate [Monthly],1.397150532141281,%,sbp_balance_of_trade,monthly
2021-10-31,Imports (BOP) Growth Rate [Monthly],-2.9418149200082784,%,sbp_balance_of_trade,monthly
2021-11-30,Imports (BOP) Growth Rate [Monthly],8.241962007351571,%,sbp_balance_of_trade,monthly
2021-12-31,Imports (BOP) Growth Rate [Monthly],0.9274936187538613,%,sbp_balance_of_trade,monthly
2022-01-31,Imports (BOP) Growth Rate [Monthly],-2.8523043958387695,%,sbp_balance_of_trade,monthly
2022-02-28,Imports (BOP) Growth Rate [Monthly],-17.35759508214776,%,sbp_balance_of_trade,monthly
2022-03-31,Imports (BOP) Growth Rate [Monthly],20.688227630018673,%,sbp_balance_of_trade,monthly
2022-04-30,Imports (BOP) Growth Rate [Monthly],-2.536289851261471,%,sbp_balance_of_trade,monthly
2022-05-31,Imports (BOP) Growth Rate [Monthly],-5.453776836075674,%,sbp_balance_of_trade,monthly
2022-06-30,Imports (BOP) Growth Rate [Monthly],27.866376562467167,%,sbp_balance_of_trade,monthly
2022-07-31,Imports (BOP) Growth Rate [Monthly],-22.792750968930243,%,sbp_balance_of_trade,monthly
2022-08-31,Imports (BOP) Growth Rate [Monthly],8.001329919480963,%,sbp_balance_of_trade,monthly
2022-09-30,Imports (BOP) Growth Rate [Monthly],-17.580492080359427,%,sbp_balance_of_trade,monthly
2022-10-31,Imports (BOP) Growth Rate [Monthly],-5.937988627523582,%,sbp_balance_of_trade,monthly
2022-11-30,Imports (BOP) Growth Rate [Monthly],-6.8068970980041135,%,sbp_balance_of_trade,monthly
2022-12-31,Imports (BOP) Growth Rate [Monthly],-1.934152840172103,%,sbp_balance_of_trade,monthly
2023-01-31,Imports (BOP) Growth Rate [Monthly],-3.4538921492393593,%,sbp_balance_of_trade,monthly
2023-02-28,Imports (BOP) Growth Rate [Monthly],-0.12204139332995323,%,sbp_balance_of_trade,monthly
2023-03-31,Imports (BOP) Growth Rate [Monthly],1.314119883363037,%,sbp_balance_of_trade,monthly
2023-04-30,Imports (BOP) Growth Rate [Monthly],-12.88869635660145,%,sbp_balance_of_trade,monthly
2023-05-31,Imports (BOP) Growth Rate [Monthly],3.587480572063425,%,sbp_balance_of_trade,monthly
2023-06-30,Imports (BOP) Growth Rate [Monthly],-15.32387207278066,%,sbp_balance_of_trade,monthly
2023-07-31,Imports (BOP) Growth Rate [Monthly],30.591878281798312,%,sbp_balance_of_trade,monthly
2023-08-31,Imports (BOP) Growth Rate [Monthly],1.6646625951897167,%,sbp_balance_of_trade,monthly
2023-09-30,Imports (BOP) Growth Rate [Monthly],-6.851459246685744,%,sbp_balance_of_trade,monthly
2023-10-31,Imports (BOP) Growth Rate [Monthly],11.528735169186785,%,sbp_balance_of_trade,monthly
2023-11-30,Imports (BOP) Growth Rate [Monthly],3.537040723080006,%,sbp_balance_of_trade,monthly
2023-12-31,Imports (BOP) Growth Rate [Monthly],-7.428133011299547,%,sbp_balance_of_trade,monthly
2024-01-31,Imports (BOP) Growth Rate [Monthly],11.57098909780049,%,sbp_balance_of_trade,monthly
2024-02-29,Imports (BOP) Growth Rate [Monthly],-6.465072746219916,%,sbp_balance_of_trade,monthly
2024-03-31,Imports (BOP) Growth Rate [Monthly],4.334226485990313,%,sbp_balance_of_trade,monthly
2024-04-30,Imports (BOP) Growth Rate [Monthly],-2.7332545030838475,%,sbp_balance_of_trade,monthly
2024-05-31,Imports (BOP) Growth Rate [Monthly],12.725348975366805,%,sbp_balance_of_trade,monthly
2024-06-30,Imports (BOP) Growth Rate [Monthly],-7.499574367897542,%,sbp_balance_of_trade,monthly
2024-07-31,Imports (BOP) Growth Rate [Monthly],4.570673522999941,%,sbp_balance_of_trade,monthly
2024-08-31,Imports (BOP) Growth Rate [Monthly],-2.9270602207728977,%,sbp_balance_of_trade,monthly
2024-09-30,Imports (BOP) Growth Rate [Monthly],-0.3607791365583383,%,sbp_balance_of_trade,monthly
2024-10-31,Imports (BOP) Growth Rate [Monthly],-0.9382660198766926,%,sbp_balance_of_trade,monthly
2024-11-30,Imports (BOP) Growth Rate [Monthly],-11.361540777444972,%,sbp_balance_of_trade,monthly
2024-12-31,Imports (BOP) Growth Rate [Monthly],18.81392159072785,%,sbp_balance_of_trade,monthly
2025-01-31,Imports (BOP) Growth Rate [Monthly],11.994948826019671,%,sbp_balance_of_trade,monthly
2025-02-28,Imports (BOP) Growth Rate [Monthly],-7.845253447224603,%,sbp_balance_of_trade,monthly
2025-03-31,Imports (BOP) Growth Rate [Monthly],-2.2372147661559416,%,sbp_balance_of_trade,monthly
2025-04-30,Imports (BOP) Growth Rate [Monthly],6.236211814277197,%,sbp_balance_of_trade,monthly
2025-05-31,Imports (BOP) Growth Rate [Monthly],4.86260967615355,%,sbp_balance_of_trade,monthly
2025-06-30,Imports (BOP) Growth Rate [Monthly],-8.743704347519966,%,sbp_balance_of_trade,monthly
2025-07-31,Imports (BOP) Growth Rate [Monthly],8.147124488360495,%,sbp_balance_of_trade,monthly
2025-08-31,Imports (BOP) Growth Rate [Monthly],-7.533392607725969,%,sbp_balance_of_trade,monthly
2025-09-30,Imports (BOP) Growth Rate [Monthly],0.3976663502204345,%,sbp_balance_of_trade,monthly
2025-10-31,Imports (BOP) Growth Rate [Monthly],7.063029059878824,%,sbp_balance_of_trade,monthly
2025-11-30,Imports (BOP) Growth Rate [Monthly],-12.341769674674094,%,sbp_balance_of_trade,monthly
2025-12-31,Imports (BOP) Growth Rate [Monthly],21.880996683997502,%,sbp_balance_of_trade,monthly
2026-01-31,Imports (BOP) Growth Rate [Monthly],-7.3891277261481525,%,sbp_balance_of_trade,monthly
2026-02-28,Imports (BOP) Growth Rate [Monthly],-4.215233610818486,%,sbp_balance_of_trade,monthly
2026-03-31,Imports (BOP) Growth Rate [Monthly],-5.024934954590573,%,sbp_balance_of_trade,monthly
2026-04-30,Imports (BOP) Growth Rate [Monthly],23.306901280590484,%,sbp_balance_of_trade,monthly
2026-05-31,Imports (BOP) Growth Rate [Monthly],-5.83123551329493,%,sbp_balance_of_trade,monthly
2026-06-30,Imports (BOP) Growth Rate [Monthly],8.994373367397364,%,sbp_balance_of_trade,monthly
1971-07-31,Imports (BOP) Growth Rate [Period to Period],-15.890889547055522,%,sbp_balance_of_trade,monthly
1971-08-31,Imports (BOP) Growth Rate [Period to Period],-16.601849276108453,%,sbp_balance_of_trade,monthly
1971-09-30,Imports (BOP) Growth Rate [Period to Period],-14.268041237113394,%,sbp_balance_of_trade,monthly
1971-10-31,Imports (BOP) Growth Rate [Period to Period],-17.02050011546359,%,sbp_balance_of_trade,monthly
1971-11-30,Imports (BOP) Growth Rate [Period to Period],-14.99312856140223,%,sbp_balance_of_trade,monthly
1971-12-31,Imports (BOP) Growth Rate [Period to Period],-17.157301451750655,%,sbp_balance_of_trade,monthly
1972-01-31,Imports (BOP) Growth Rate [Period to Period],-22.482322259113047,%,sbp_balance_of_trade,monthly
1972-02-29,Imports (BOP) Growth Rate [Period to Period],-22.98104215398186,%,sbp_balance_of_trade,monthly
1972-03-31,Imports (BOP) Growth Rate [Period to Period],-21.07988015671816,%,sbp_balance_of_trade,monthly
1972-04-30,Imports (BOP) Growth Rate [Period to Period],-18.97338586872536,%,sbp_balance_of_trade,monthly
1972-05-31,Imports (BOP) Growth Rate [Period to Period],-19.76026868041079,%,sbp_balance_of_trade,monthly
1972-06-30,Imports (BOP) Growth Rate [Period to Period],-19.603062985494446,%,sbp_balance_of_trade,monthly
1972-07-31,Imports (BOP) Growth Rate [Period to Period],-23.94920661940111,%,sbp_balance_of_trade,monthly
1972-08-31,Imports (BOP) Growth Rate [Period to Period],-20.04919304092816,%,sbp_balance_of_trade,monthly
1972-09-30,Imports (BOP) Growth Rate [Period to Period],-17.14450906370098,%,sbp_balance_of_trade,monthly
1972-10-31,Imports (BOP) Growth Rate [Period to Period],-18.05244810887794,%,sbp_balance_of_trade,monthly
1972-11-30,Imports (BOP) Growth Rate [Period to Period],-19.75977626494128,%,sbp_balance_of_trade,monthly
1972-12-31,Imports (BOP) Growth Rate [Period to Period],-17.014898742082252,%,sbp_balance_of_trade,monthly
1973-01-31,Imports (BOP) Growth Rate [Period to Period],-13.909469269765964,%,sbp_balance_of_trade,monthly
1973-02-28,Imports (BOP) Growth Rate [Period to Period],-12.470388915542273,%,sbp_balance_of_trade,monthly
1973-03-31,Imports (BOP) Growth Rate [Period to Period],-11.053192475210807,%,sbp_balance_of_trade,monthly
1973-04-30,Imports (BOP) Growth Rate [Period to Period],-12.40071244362764,%,sbp_balance_of_trade,monthly
1973-05-31,Imports (BOP) Growth Rate [Period to Period],-8.506317733980978,%,sbp_balance_of_trade,monthly
1973-06-30,Imports (BOP) Growth Rate [Period to Period],-6.831744687790447,%,sbp_balance_of_trade,monthly
1973-07-31,Imports (BOP) Growth Rate [Period to Period],21.1012860511987,%,sbp_balance_of_trade,monthly
1973-08-31,Imports (BOP) Growth Rate [Period to Period],24.31358791534271,%,sbp_balance_of_trade,monthly
1973-09-30,Imports (BOP) Growth Rate [Period to Period],26.809512081657203,%,sbp_balance_of_trade,monthly
1973-10-31,Imports (BOP) Growth Rate [Period to Period],26.61675632913702,%,sbp_balance_of_trade,monthly
1973-11-30,Imports (BOP) Growth Rate [Period to Period],31.90359847522626,%,sbp_balance_of_trade,monthly
1973-12-31,Imports (BOP) Growth Rate [Period to Period],35.36687045040267,%,sbp_balance_of_trade,monthly
1974-01-31,Imports (BOP) Growth Rate [Period to Period],49.74095863335211,%,sbp_balance_of_trade,monthly
1974-02-28,Imports (BOP) Growth Rate [Period to Period],59.81262033746887,%,sbp_balance_of_trade,monthly
1974-03-31,Imports (BOP) Growth Rate [Period to Period],59.48614370201639,%,sbp_balance_of_trade,monthly
1974-04-30,Imports (BOP) Growth Rate [Period to Period],59.97524910056984,%,sbp_balance_of_trade,monthly
1974-05-31,Imports (BOP) Growth Rate [Period to Period],60.604944576224455,%,sbp_balance_of_trade,monthly
1974-06-30,Imports (BOP) Growth Rate [Period to Period],67.9405617863276,%,sbp_balance_of_trade,monthly
1974-07-31,Imports (BOP) Growth Rate [Period to Period],110.49879688204572,%,sbp_balance_of_trade,monthly
1974-08-31,Imports (BOP) Growth Rate [Period to Period],95.91379122271107,%,sbp_balance_of_trade,monthly
1974-09-30,Imports (BOP) Growth Rate [Period to Period],69.4324557617609,%,sbp_balance_of_trade,monthly
1974-10-31,Imports (BOP) Growth Rate [Period to Period],70.06196315838329,%,sbp_balance_of_trade,monthly
1974-11-30,Imports (BOP) Growth Rate [Period to Period],73.3794806998788,%,sbp_balance_of_trade,monthly
1974-12-31,Imports (BOP) Growth Rate [Period to Period],72.51597190356853,%,sbp_balance_of_trade,monthly
1975-01-31,Imports (BOP) Growth Rate [Period to Period],62.41030873316677,%,sbp_balance_of_trade,monthly
1975-02-28,Imports (BOP) Growth Rate [Period to Period],54.33479234943462,%,sbp_balance_of_trade,monthly
1975-03-31,Imports (BOP) Growth Rate [Period to Period],50.449362578193075,%,sbp_balance_of_trade,monthly
1975-04-30,Imports (BOP) Growth Rate [Period to Period],50.521982084188494,%,sbp_balance_of_trade,monthly
1975-05-31,Imports (BOP) Growth Rate [Period to Period],45.84615219957914,%,sbp_balance_of_trade,monthly
1975-06-30,Imports (BOP) Growth Rate [Period to Period],41.596027520515236,%,sbp_balance_of_trade,monthly
1975-07-31,Imports (BOP) Growth Rate [Period to Period],41.82305191261071,%,sbp_balance_of_trade,monthly
1975-08-31,Imports (BOP) Growth Rate [Period to Period],16.30948175129012,%,sbp_balance_of_trade,monthly
1975-09-30,Imports (BOP) Growth Rate [Period to Period],24.30957991042051,%,sbp_balance_of_trade,monthly
1975-10-31,Imports (BOP) Growth Rate [Period to Period],22.912951793256497,%,sbp_balance_of_trade,monthly
1975-11-30,Imports (BOP) Growth Rate [Period to Period],13.979954485796853,%,sbp_balance_of_trade,monthly
1975-12-31,Imports (BOP) Growth Rate [Period to Period],9.692995468077044,%,sbp_balance_of_trade,monthly
1976-01-31,Imports (BOP) Growth Rate [Period to Period],6.545619295447906,%,sbp_balance_of_trade,monthly
1976-02-29,Imports (BOP) Growth Rate [Period to Period],7.370272701235649,%,sbp_balance_of_trade,monthly
1976-03-31,Imports (BOP) Growth Rate [Period to Period],4.975592426415403,%,sbp_balance_of_trade,monthly
1976-04-30,Imports (BOP) Growth Rate [Period to Period],2.8757091560480035,%,sbp_balance_of_trade,monthly
1976-05-31,Imports (BOP) Growth Rate [Period to Period],2.5268080338426273,%,sbp_balance_of_trade,monthly
1976-06-30,Imports (BOP) Growth Rate [Period to Period],1.1925294907382948,%,sbp_balance_of_trade,monthly
1976-07-31,Imports (BOP) Growth Rate [Period to Period],-33.34373424938475,%,sbp_balance_of_trade,monthly
1976-08-31,Imports (BOP) Growth Rate [Period to Period],-20.59717648946345,%,sbp_balance_of_trade,monthly
1976-09-30,Imports (BOP) Growth Rate [Period to Period],-13.133313980294034,%,sbp_balance_of_trade,monthly
1976-10-31,Imports (BOP) Growth Rate [Period to Period],-5.454354250084123,%,sbp_balance_of_trade,monthly
1976-11-30,Imports (BOP) Growth Rate [Period to Period],3.2188941617701943,%,sbp_balance_of_trade,monthly
1976-12-31,Imports (BOP) Growth Rate [Period to Period],4.834648312909181,%,sbp_balance_of_trade,monthly
1977-01-31,Imports (BOP) Growth Rate [Period to Period],9.662579667883946,%,sbp_balance_of_trade,monthly
1977-02-28,Imports (BOP) Growth Rate [Period to Period],8.714151359836535,%,sbp_balance_of_trade,monthly
1977-03-31,Imports (BOP) Growth Rate [Period to Period],10.964183874909892,%,sbp_balance_of_trade,monthly
1977-04-30,Imports (BOP) Growth Rate [Period to Period],9.479521006962074,%,sbp_balance_of_trade,monthly
1977-05-31,Imports (BOP) Growth Rate [Period to Period],11.202287519349156,%,sbp_balance_of_trade,monthly
1977-06-30,Imports (BOP) Growth Rate [Period to Period],13.02697368731674,%,sbp_balance_of_trade,monthly
1977-07-31,Imports (BOP) Growth Rate [Period to Period],9.551987692737356,%,sbp_balance_of_trade,monthly
1977-08-31,Imports (BOP) Growth Rate [Period to Period],15.333266556736262,%,sbp_balance_of_trade,monthly
1977-09-30,Imports (BOP) Growth Rate [Period to Period],7.8828386082170425,%,sbp_balance_of_trade,monthly
1977-10-31,Imports (BOP) Growth Rate [Period to Period],7.481627412952264,%,sbp_balance_of_trade,monthly
1977-11-30,Imports (BOP) Growth Rate [Period to Period],5.589794067563886,%,sbp_balance_of_trade,monthly
1977-12-31,Imports (BOP) Growth Rate [Period to Period],6.156035939863003,%,sbp_balance_of_trade,monthly
1978-01-31,Imports (BOP) Growth Rate [Period to Period],5.25745132162254,%,sbp_balance_of_trade,monthly
1978-02-28,Imports (BOP) Growth Rate [Period to Period],10.95108463740766,%,sbp_balance_of_trade,monthly
1978-03-31,Imports (BOP) Growth Rate [Period to Period],18.067321811815233,%,sbp_balance_of_trade,monthly
1978-04-30,Imports (BOP) Growth Rate [Period to Period],24.888964526550012,%,sbp_balance_of_trade,monthly
1978-05-31,Imports (BOP) Growth Rate [Period to Period],29.0334247322601,%,sbp_balance_of_trade,monthly
1978-06-30,Imports (BOP) Growth Rate [Period to Period],31.26279293203561,%,sbp_balance_of_trade,monthly
1978-07-31,Imports (BOP) Growth Rate [Period to Period],26.646132338089345,%,sbp_balance_of_trade,monthly
1978-08-31,Imports (BOP) Growth Rate [Period to Period],8.434705924522092,%,sbp_balance_of_trade,monthly
1978-09-30,Imports (BOP) Growth Rate [Period to Period],34.12900874635565,%,sbp_balance_of_trade,monthly
1978-10-31,Imports (BOP) Growth Rate [Period to Period],43.02800296599861,%,sbp_balance_of_trade,monthly
1978-11-30,Imports (BOP) Growth Rate [Period to Period],42.880949399888266,%,sbp_balance_of_trade,monthly
1978-12-31,Imports (BOP) Growth Rate [Period to Period],38.959188804156526,%,sbp_balance_of_trade,monthly
1979-01-31,Imports (BOP) Growth Rate [Period to Period],40.91847741000606,%,sbp_balance_of_trade,monthly
1979-02-28,Imports (BOP) Growth Rate [Period to Period],34.51580272088492,%,sbp_balance_of_trade,monthly
1979-03-31,Imports (BOP) Growth Rate [Period to Period],30.24635254723748,%,sbp_balance_of_trade,monthly
1979-04-30,Imports (BOP) Growth Rate [Period to Period],29.023904617857056,%,sbp_balance_of_trade,monthly
1979-05-31,Imports (BOP) Growth Rate [Period to Period],24.979348890647742,%,sbp_balance_of_trade,monthly
1979-06-30,Imports (BOP) Growth Rate [Period to Period],20.220857333800055,%,sbp_balance_of_trade,monthly
1979-07-31,Imports (BOP) Growth Rate [Period to Period],103.88424525217678,%,sbp_balance_of_trade,monthly
1979-08-31,Imports (BOP) Growth Rate [Period to Period],73.50824426070369,%,sbp_balance_of_trade,monthly
1979-09-30,Imports (BOP) Growth Rate [Period to Period],46.43390843635373,%,sbp_balance_of_trade,monthly
1979-10-31,Imports (BOP) Growth Rate [Period to Period],35.602379402792366,%,sbp_balance_of_trade,monthly
1979-11-30,Imports (BOP) Growth Rate [Period to Period],27.332298870791078,%,sbp_balance_of_trade,monthly
1979-12-31,Imports (BOP) Growth Rate [Period to Period],28.25352792184296,%,sbp_balance_of_trade,monthly
1980-01-31,Imports (BOP) Growth Rate [Period to Period],24.523494267837307,%,sbp_balance_of_trade,monthly
1980-02-29,Imports (BOP) Growth Rate [Period to Period],25.46924740050717,%,sbp_balance_of_trade,monthly
1980-03-31,Imports (BOP) Growth Rate [Period to Period],23.369325694138382,%,sbp_balance_of_trade,monthly
1980-04-30,Imports (BOP) Growth Rate [Period to Period],23.158488160120612,%,sbp_balance_of_trade,monthly
1980-05-31,Imports (BOP) Growth Rate [Period to Period],26.827790612775516,%,sbp_balance_of_trade,monthly
1980-06-30,Imports (BOP) Growth Rate [Period to Period],27.273208566058685,%,sbp_balance_of_trade,monthly
1980-07-31,Imports (BOP) Growth Rate [Period to Period],3.170406122561303,%,sbp_balance_of_trade,monthly
1980-08-31,Imports (BOP) Growth Rate [Period to Period],31.753177550793936,%,sbp_balance_of_trade,monthly
1980-09-30,Imports (BOP) Growth Rate [Period to Period],29.956396697281804,%,sbp_balance_of_trade,monthly
1980-10-31,Imports (BOP) Growth Rate [Period to Period],22.06980831157219,%,sbp_balance_of_trade,monthly
1980-11-30,Imports (BOP) Growth Rate [Period to Period],24.812190096356645,%,sbp_balance_of_trade,monthly
1980-12-31,Imports (BOP) Growth Rate [Period to Period],27.375746461654245,%,sbp_balance_of_trade,monthly
1981-01-31,Imports (BOP) Growth Rate [Period to Period],23.79122276055044,%,sbp_balance_of_trade,monthly
1981-02-28,Imports (BOP) Growth Rate [Period to Period],23.055353537461485,%,sbp_balance_of_trade,monthly
1981-03-31,Imports (BOP) Growth Rate [Period to Period],19.892233038611536,%,sbp_balance_of_trade,monthly
1981-04-30,Imports (BOP) Growth Rate [Period to Period],19.415979529256376,%,sbp_balance_of_trade,monthly
1981-05-31,Imports (BOP) Growth Rate [Period to Period],14.6676225130999,%,sbp_balance_of_trade,monthly
1981-06-30,Imports (BOP) Growth Rate [Period to Period],14.554908485856942,%,sbp_balance_of_trade,monthly
1981-07-31,Imports (BOP) Growth Rate [Period to Period],-11.743578413853157,%,sbp_balance_of_trade,monthly
1981-08-31,Imports (BOP) Growth Rate [Period to Period],-12.230836214410175,%,sbp_balance_of_trade,monthly
1981-09-30,Imports (BOP) Growth Rate [Period to Period],-5.8894917190177125,%,sbp_balance_of_trade,monthly
1981-10-31,Imports (BOP) Growth Rate [Period to Period],0.16845243444203106,%,sbp_balance_of_trade,monthly
1981-11-30,Imports (BOP) Growth Rate [Period to Period],2.4699570671869537,%,sbp_balance_of_trade,monthly
1981-12-31,Imports (BOP) Growth Rate [Period to Period],3.3589387357799723,%,sbp_balance_of_trade,monthly
1982-01-31,Imports (BOP) Growth Rate [Period to Period],2.2895259387494917,%,sbp_balance_of_trade,monthly
1982-02-28,Imports (BOP) Growth Rate [Period to Period],1.0506544667784823,%,sbp_balance_of_trade,monthly
1982-03-31,Imports (BOP) Growth Rate [Period to Period],3.0286275813861323,%,sbp_balance_of_trade,monthly
1982-04-30,Imports (BOP) Growth Rate [Period to Period],3.3417370484472855,%,sbp_balance_of_trade,monthly
1982-05-31,Imports (BOP) Growth Rate [Period to Period],3.911522204578361,%,sbp_balance_of_trade,monthly
1982-06-30,Imports (BOP) Growth Rate [Period to Period],3.7321855265522146,%,sbp_balance_of_trade,monthly
1982-07-31,Imports (BOP) Growth Rate [Period to Period],6.835160583519141,%,sbp_balance_of_trade,monthly
1982-08-31,Imports (BOP) Growth Rate [Period to Period],15.806733383338994,%,sbp_balance_of_trade,monthly
1982-09-30,Imports (BOP) Growth Rate [Period to Period],-0.515784498322077,%,sbp_balance_of_trade,monthly
1982-10-31,Imports (BOP) Growth Rate [Period to Period],-0.884516007480741,%,sbp_balance_of_trade,monthly
1982-11-30,Imports (BOP) Growth Rate [Period to Period],1.1322412886126045,%,sbp_balance_of_trade,monthly
1982-12-31,Imports (BOP) Growth Rate [Period to Period],-1.1051907920647608,%,sbp_balance_of_trade,monthly
1983-01-31,Imports (BOP) Growth Rate [Period to Period],1.4717007496194157,%,sbp_balance_of_trade,monthly
1983-02-28,Imports (BOP) Growth Rate [Period to Period],0.6390734729899208,%,sbp_balance_of_trade,monthly
1983-03-31,Imports (BOP) Growth Rate [Period to Period],-0.7458150823981669,%,sbp_balance_of_trade,monthly
1983-04-30,Imports (BOP) Growth Rate [Period to Period],-2.2492577920353227,%,sbp_balance_of_trade,monthly
1983-05-31,Imports (BOP) Growth Rate [Period to Period],-2.797287969212263,%,sbp_balance_of_trade,monthly
1983-06-30,Imports (BOP) Growth Rate [Period to Period],-2.6601973534747003,%,sbp_balance_of_trade,monthly
1983-07-31,Imports (BOP) Growth Rate [Period to Period],-3.060760073815615,%,sbp_balance_of_trade,monthly
1983-08-31,Imports (BOP) Growth Rate [Period to Period],1.1478990849602297,%,sbp_balance_of_trade,monthly
1983-09-30,Imports (BOP) Growth Rate [Period to Period],0.0700696888312109,%,sbp_balance_of_trade,monthly
1983-10-31,Imports (BOP) Growth Rate [Period to Period],0.10998423607688324,%,sbp_balance_of_trade,monthly
1983-11-30,Imports (BOP) Growth Rate [Period to Period],0.9154739649971191,%,sbp_balance_of_trade,monthly
1983-12-31,Imports (BOP) Growth Rate [Period to Period],-1.0587313599133665,%,sbp_balance_of_trade,monthly
1984-01-31,Imports (BOP) Growth Rate [Period to Period],-0.08156921189900856,%,sbp_balance_of_trade,monthly
1984-02-29,Imports (BOP) Growth Rate [Period to Period],2.612494788444252,%,sbp_balance_of_trade,monthly
1984-03-31,Imports (BOP) Growth Rate [Period to Period],4.556385728393536,%,sbp_balance_of_trade,monthly
1984-04-30,Imports (BOP) Growth Rate [Period to Period],6.032339738301928,%,sbp_balance_of_trade,monthly
1984-05-31,Imports (BOP) Growth Rate [Period to Period],6.1407897954401705,%,sbp_balance_of_trade,monthly
1984-06-30,Imports (BOP) Growth Rate [Period to Period],6.636480115621239,%,sbp_balance_of_trade,monthly
1984-07-31,Imports (BOP) Growth Rate [Period to Period],45.479251666689834,%,sbp_balance_of_trade,monthly
1984-08-31,Imports (BOP) Growth Rate [Period to Period],17.003610198783917,%,sbp_balance_of_trade,monthly
1984-09-30,Imports (BOP) Growth Rate [Period to Period],18.563070120991725,%,sbp_balance_of_trade,monthly
1984-10-31,Imports (BOP) Growth Rate [Period to Period],13.515946656251401,%,sbp_balance_of_trade,monthly
1984-11-30,Imports (BOP) Growth Rate [Period to Period],8.71087147698006,%,sbp_balance_of_trade,monthly
1984-12-31,Imports (BOP) Growth Rate [Period to Period],8.742727920964228,%,sbp_balance_of_trade,monthly
1985-01-31,Imports (BOP) Growth Rate [Period to Period],8.26981915478531,%,sbp_balance_of_trade,monthly
1985-02-28,Imports (BOP) Growth Rate [Period to Period],5.172212929768591,%,sbp_balance_of_trade,monthly
1985-03-31,Imports (BOP) Growth Rate [Period to Period],2.7655422216371335,%,sbp_balance_of_trade,monthly
1985-04-30,Imports (BOP) Growth Rate [Period to Period],0.4026887903493872,%,sbp_balance_of_trade,monthly
1985-05-31,Imports (BOP) Growth Rate [Period to Period],-0.22571818939357513,%,sbp_balance_of_trade,monthly
1985-06-30,Imports (BOP) Growth Rate [Period to Period],0.44363228756185435,%,sbp_balance_of_trade,monthly
1985-07-31,Imports (BOP) Growth Rate [Period to Period],-15.74312896458973,%,sbp_balance_of_trade,monthly
1985-08-31,Imports (BOP) Growth Rate [Period to Period],-11.126166706133219,%,sbp_balance_of_trade,monthly
1985-09-30,Imports (BOP) Growth Rate [Period to Period],-7.7084203760957735,%,sbp_balance_of_trade,monthly
1985-10-31,Imports (BOP) Growth Rate [Period to Period],-8.190999816963696,%,sbp_balance_of_trade,monthly
1985-11-30,Imports (BOP) Growth Rate [Period to Period],-8.375956259504207,%,sbp_balance_of_trade,monthly
1985-12-31,Imports (BOP) Growth Rate [Period to Period],-4.6353498321911815,%,sbp_balance_of_trade,monthly
1986-01-31,Imports (BOP) Growth Rate [Period to Period],-4.811137230368757,%,sbp_balance_of_trade,monthly
1986-02-28,Imports (BOP) Growth Rate [Period to Period],-3.5582448485107108,%,sbp_balance_of_trade,monthly
1986-03-31,Imports (BOP) Growth Rate [Period to Period],-2.186495063032609,%,sbp_balance_of_trade,monthly
1986-04-30,Imports (BOP) Growth Rate [Period to Period],0.994597666951762,%,sbp_balance_of_trade,monthly
1986-05-31,Imports (BOP) Growth Rate [Period to Period],1.4305649264795761,%,sbp_balance_of_trade,monthly
1986-06-30,Imports (BOP) Growth Rate [Period to Period],-0.27475233494288887,%,sbp_balance_of_trade,monthly
1986-07-31,Imports (BOP) Growth Rate [Period to Period],2.7281053025698156,%,sbp_balance_of_trade,monthly
1986-08-31,Imports (BOP) Growth Rate [Period to Period],-3.529516683188902,%,sbp_balance_of_trade,monthly
1986-09-30,Imports (BOP) Growth Rate [Period to Period],-4.677543157345099,%,sbp_balance_of_trade,monthly
1986-10-31,Imports (BOP) Growth Rate [Period to Period],0.14361896746461866,%,sbp_balance_of_trade,monthly
1986-11-30,Imports (BOP) Growth Rate [Period to Period],2.5829363979013493,%,sbp_balance_of_trade,monthly
1986-12-31,Imports (BOP) Growth Rate [Period to Period],-1.0667305095711583,%,sbp_balance_of_trade,monthly
1987-01-31,Imports (BOP) Growth Rate [Period to Period],-2.6288907374443653,%,sbp_balance_of_trade,monthly
1987-02-28,Imports (BOP) Growth Rate [Period to Period],-2.2372363351293245,%,sbp_balance_of_trade,monthly
1987-03-31,Imports (BOP) Growth Rate [Period to Period],-2.9675694702942366,%,sbp_balance_of_trade,monthly
1987-04-30,Imports (BOP) Growth Rate [Period to Period],-5.099158177323133,%,sbp_balance_of_trade,monthly
1987-05-31,Imports (BOP) Growth Rate [Period to Period],-5.573479510647161,%,sbp_balance_of_trade,monthly
1987-06-30,Imports (BOP) Growth Rate [Period to Period],-3.4534866695474875,%,sbp_balance_of_trade,monthly
1987-07-31,Imports (BOP) Growth Rate [Period to Period],-2.668542937506274,%,sbp_balance_of_trade,monthly
1987-08-31,Imports (BOP) Growth Rate [Period to Period],7.277758846502991,%,sbp_balance_of_trade,monthly
1987-09-30,Imports (BOP) Growth Rate [Period to Period],16.45463310621244,%,sbp_balance_of_trade,monthly
1987-10-31,Imports (BOP) Growth Rate [Period to Period],15.254844742570512,%,sbp_balance_of_trade,monthly
1987-11-30,Imports (BOP) Growth Rate [Period to Period],13.786168849877384,%,sbp_balance_of_trade,monthly
1987-12-31,Imports (BOP) Growth Rate [Period to Period],15.788891058723692,%,sbp_balance_of_trade,monthly
1988-01-31,Imports (BOP) Growth Rate [Period to Period],16.718259134398266,%,sbp_balance_of_trade,monthly
1988-02-29,Imports (BOP) Growth Rate [Period to Period],17.112827200597437,%,sbp_balance_of_trade,monthly
1988-03-31,Imports (BOP) Growth Rate [Period to Period],19.233318596681002,%,sbp_balance_of_trade,monthly
1988-04-30,Imports (BOP) Growth Rate [Period to Period],19.869123863951458,%,sbp_balance_of_trade,monthly
1988-05-31,Imports (BOP) Growth Rate [Period to Period],19.414291048901404,%,sbp_balance_of_trade,monthly
1988-06-30,Imports (BOP) Growth Rate [Period to Period],19.40489474615748,%,sbp_balance_of_trade,monthly
1988-07-31,Imports (BOP) Growth Rate [Period to Period],-3.962131272712341,%,sbp_balance_of_trade,monthly
1988-08-31,Imports (BOP) Growth Rate [Period to Period],-1.1529491408962684,%,sbp_balance_of_trade,monthly
1988-09-30,Imports (BOP) Growth Rate [Period to Period],0.35392742419368517,%,sbp_balance_of_trade,monthly
1988-10-31,Imports (BOP) Growth Rate [Period to Period],0.13868336902098122,%,sbp_balance_of_trade,monthly
1988-11-30,Imports (BOP) Growth Rate [Period to Period],2.288292255355401,%,sbp_balance_of_trade,monthly
1988-12-31,Imports (BOP) Growth Rate [Period to Period],4.860219733759521,%,sbp_balance_of_trade,monthly
1989-01-31,Imports (BOP) Growth Rate [Period to Period],6.297885643959461,%,sbp_balance_of_trade,monthly
1989-02-28,Imports (BOP) Growth Rate [Period to Period],8.815245840088721,%,sbp_balance_of_trade,monthly
1989-03-31,Imports (BOP) Growth Rate [Period to Period],8.819406519482527,%,sbp_balance_of_trade,monthly
1989-04-30,Imports (BOP) Growth Rate [Period to Period],6.585242724902102,%,sbp_balance_of_trade,monthly
1989-05-31,Imports (BOP) Growth Rate [Period to Period],6.525390784648337,%,sbp_balance_of_trade,monthly
1989-06-30,Imports (BOP) Growth Rate [Period to Period],4.105175694083286,%,sbp_balance_of_trade,monthly
1989-07-31,Imports (BOP) Growth Rate [Period to Period],6.592799997798153,%,sbp_balance_of_trade,monthly
1989-08-31,Imports (BOP) Growth Rate [Period to Period],13.534098636511345,%,sbp_balance_of_trade,monthly
1989-09-30,Imports (BOP) Growth Rate [Period to Period],10.801988386293488,%,sbp_balance_of_trade,monthly
1989-10-31,Imports (BOP) Growth Rate [Period to Period],10.999767787921826,%,sbp_balance_of_trade,monthly
1989-11-30,Imports (BOP) Growth Rate [Period to Period],8.01887639303635,%,sbp_balance_of_trade,monthly
1989-12-31,Imports (BOP) Growth Rate [Period to Period],4.107554241934764,%,sbp_balance_of_trade,monthly
1990-01-31,Imports (BOP) Growth Rate [Period to Period],3.9796170755915625,%,sbp_balance_of_trade,monthly
1990-02-28,Imports (BOP) Growth Rate [Period to Period],2.528557583785229,%,sbp_balance_of_trade,monthly
1990-03-31,Imports (BOP) Growth Rate [Period to Period],0.16757246940346704,%,sbp_balance_of_trade,monthly
1990-04-30,Imports (BOP) Growth Rate [Period to Period],1.2168128841469468,%,sbp_balance_of_trade,monthly
1990-05-31,Imports (BOP) Growth Rate [Period to Period],1.0203552325117755,%,sbp_balance_of_trade,monthly
1990-06-30,Imports (BOP) Growth Rate [Period to Period],2.953588220754071,%,sbp_balance_of_trade,monthly
1990-07-31,Imports (BOP) Growth Rate [Period to Period],13.093330741575102,%,sbp_balance_of_trade,monthly
1990-08-31,Imports (BOP) Growth Rate [Period to Period],2.0489465317145203,%,sbp_balance_of_trade,monthly
1990-09-30,Imports (BOP) Growth Rate [Period to Period],6.70969357630031,%,sbp_balance_of_trade,monthly
1990-10-31,Imports (BOP) Growth Rate [Period to Period],9.605435865189264,%,sbp_balance_of_trade,monthly
1990-11-30,Imports (BOP) Growth Rate [Period to Period],18.04094131099083,%,sbp_balance_of_trade,monthly
1990-12-31,Imports (BOP) Growth Rate [Period to Period],18.396198455666223,%,sbp_balance_of_trade,monthly
1991-01-31,Imports (BOP) Growth Rate [Period to Period],15.074692720141769,%,sbp_balance_of_trade,monthly
1991-02-28,Imports (BOP) Growth Rate [Period to Period],13.672350505180958,%,sbp_balance_of_trade,monthly
1991-03-31,Imports (BOP) Growth Rate [Period to Period],15.63870814248017,%,sbp_balance_of_trade,monthly
1991-04-30,Imports (BOP) Growth Rate [Period to Period],15.405298896477532,%,sbp_balance_of_trade,monthly
1991-05-31,Imports (BOP) Growth Rate [Period to Period],16.765651057646068,%,sbp_balance_of_trade,monthly
1991-06-30,Imports (BOP) Growth Rate [Period to Period],13.127534939472653,%,sbp_balance_of_trade,monthly
1991-07-31,Imports (BOP) Growth Rate [Period to Period],45.04589536215843,%,sbp_balance_of_trade,monthly
1991-08-31,Imports (BOP) Growth Rate [Period to Period],37.35152783443826,%,sbp_balance_of_trade,monthly
1991-09-30,Imports (BOP) Growth Rate [Period to Period],16.58932787462679,%,sbp_balance_of_trade,monthly
1991-10-31,Imports (BOP) Growth Rate [Period to Period],9.885128188947178,%,sbp_balance_of_trade,monthly
1991-11-30,Imports (BOP) Growth Rate [Period to Period],2.842080981381258,%,sbp_balance_of_trade,monthly
1991-12-31,Imports (BOP) Growth Rate [Period to Period],5.49764375583608,%,sbp_balance_of_trade,monthly
1992-01-31,Imports (BOP) Growth Rate [Period to Period],7.970679329423618,%,sbp_balance_of_trade,monthly
1992-02-29,Imports (BOP) Growth Rate [Period to Period],8.99735504304411,%,sbp_balance_of_trade,monthly
1992-03-31,Imports (BOP) Growth Rate [Period to Period],7.763171626383851,%,sbp_balance_of_trade,monthly
1992-04-30,Imports (BOP) Growth Rate [Period to Period],7.316283466885693,%,sbp_balance_of_trade,monthly
1992-05-31,Imports (BOP) Growth Rate [Period to Period],6.6955811321892895,%,sbp_balance_of_trade,monthly
1992-06-30,Imports (BOP) Growth Rate [Period to Period],7.301190228641332,%,sbp_balance_of_trade,monthly
1992-07-31,Imports (BOP) Growth Rate [Period to Period],-13.075069024697555,%,sbp_balance_of_trade,monthly
1992-08-31,Imports (BOP) Growth Rate [Period to Period],-2.6358519298413654,%,sbp_balance_of_trade,monthly
1992-09-30,Imports (BOP) Growth Rate [Period to Period],8.571623455841348,%,sbp_balance_of_trade,monthly
1992-10-31,Imports (BOP) Growth Rate [Period to Period],13.694213958192123,%,sbp_balance_of_trade,monthly
1992-11-30,Imports (BOP) Growth Rate [Period to Period],15.850354292991241,%,sbp_balance_of_trade,monthly
1992-12-31,Imports (BOP) Growth Rate [Period to Period],14.439604127703205,%,sbp_balance_of_trade,monthly
1993-01-31,Imports (BOP) Growth Rate [Period to Period],13.376982524294363,%,sbp_balance_of_trade,monthly
1993-02-28,Imports (BOP) Growth Rate [Period to Period],11.809806344724706,%,sbp_balance_of_trade,monthly
1993-03-31,Imports (BOP) Growth Rate [Period to Period],10.902857378354966,%,sbp_balance_of_trade,monthly
1993-04-30,Imports (BOP) Growth Rate [Period to Period],11.313337106296785,%,sbp_balance_of_trade,monthly
1993-05-31,Imports (BOP) Growth Rate [Period to Period],11.935075953003377,%,sbp_balance_of_trade,monthly
1993-06-30,Imports (BOP) Growth Rate [Period to Period],11.657515787518719,%,sbp_balance_of_trade,monthly
1993-07-31,Imports (BOP) Growth Rate [Period to Period],18.910174690331985,%,sbp_balance_of_trade,monthly
1993-08-31,Imports (BOP) Growth Rate [Period to Period],1.684684192917345,%,sbp_balance_of_trade,monthly
1993-09-30,Imports (BOP) Growth Rate [Period to Period],-4.286681101223152,%,sbp_balance_of_trade,monthly
1993-10-31,Imports (BOP) Growth Rate [Period to Period],-9.394013389635973,%,sbp_balance_of_trade,monthly
1993-11-30,Imports (BOP) Growth Rate [Period to Period],-12.133793284446554,%,sbp_balance_of_trade,monthly
1993-12-31,Imports (BOP) Growth Rate [Period to Period],-14.271019052735653,%,sbp_balance_of_trade,monthly
1994-01-31,Imports (BOP) Growth Rate [Period to Period],-14.501306774858989,%,sbp_balance_of_trade,monthly
1994-02-28,Imports (BOP) Growth Rate [Period to Period],-14.402011853616855,%,sbp_balance_of_trade,monthly
1994-03-31,Imports (BOP) Growth Rate [Period to Period],-14.170278874609266,%,sbp_balance_of_trade,monthly
1994-04-30,Imports (BOP) Growth Rate [Period to Period],-13.438305215261792,%,sbp_balance_of_trade,monthly
1994-05-31,Imports (BOP) Growth Rate [Period to Period],-14.141759509958803,%,sbp_balance_of_trade,monthly
1994-06-30,Imports (BOP) Growth Rate [Period to Period],-13.512583599028261,%,sbp_balance_of_trade,monthly
1994-07-31,Imports (BOP) Growth Rate [Period to Period],-15.184677911828018,%,sbp_balance_of_trade,monthly
1994-08-31,Imports (BOP) Growth Rate [Period to Period],-0.485360806912297,%,sbp_balance_of_trade,monthly
1994-09-30,Imports (BOP) Growth Rate [Period to Period],2.793450754155643,%,sbp_balance_of_trade,monthly
1994-10-31,Imports (BOP) Growth Rate [Period to Period],6.16749485246703,%,sbp_balance_of_trade,monthly
1994-11-30,Imports (BOP) Growth Rate [Period to Period],7.226338302903741,%,sbp_balance_of_trade,monthly
1994-12-31,Imports (BOP) Growth Rate [Period to Period],13.58265510603654,%,sbp_balance_of_trade,monthly
1995-01-31,Imports (BOP) Growth Rate [Period to Period],13.487914715726816,%,sbp_balance_of_trade,monthly
1995-02-28,Imports (BOP) Growth Rate [Period to Period],13.048159955569275,%,sbp_balance_of_trade,monthly
1995-03-31,Imports (BOP) Growth Rate [Period to Period],14.223164133246073,%,sbp_balance_of_trade,monthly
1995-04-30,Imports (BOP) Growth Rate [Period to Period],14.564075298929751,%,sbp_balance_of_trade,monthly
1995-05-31,Imports (BOP) Growth Rate [Period to Period],15.805716896415618,%,sbp_balance_of_trade,monthly
1995-06-30,Imports (BOP) Growth Rate [Period to Period],18.49624128838299,%,sbp_balance_of_trade,monthly
1995-07-31,Imports (BOP) Growth Rate [Period to Period],33.63158366639743,%,sbp_balance_of_trade,monthly
1995-08-31,Imports (BOP) Growth Rate [Period to Period],20.128632001714223,%,sbp_balance_of_trade,monthly
1995-09-30,Imports (BOP) Growth Rate [Period to Period],17.83608448992311,%,sbp_balance_of_trade,monthly
1995-10-31,Imports (BOP) Growth Rate [Period to Period],21.296436460330014,%,sbp_balance_of_trade,monthly
1995-11-30,Imports (BOP) Growth Rate [Period to Period],20.8082507580952,%,sbp_balance_of_trade,monthly
1995-12-31,Imports (BOP) Growth Rate [Period to Period],17.495401109051627,%,sbp_balance_of_trade,monthly
1996-01-31,Imports (BOP) Growth Rate [Period to Period],17.98318256296352,%,sbp_balance_of_trade,monthly
1996-02-29,Imports (BOP) Growth Rate [Period to Period],18.35206298174954,%,sbp_balance_of_trade,monthly
1996-03-31,Imports (BOP) Growth Rate [Period to Period],17.920120807440966,%,sbp_balance_of_trade,monthly
1996-04-30,Imports (BOP) Growth Rate [Period to Period],17.73868122822546,%,sbp_balance_of_trade,monthly
1996-05-31,Imports (BOP) Growth Rate [Period to Period],18.05738929813465,%,sbp_balance_of_trade,monthly
1996-06-30,Imports (BOP) Growth Rate [Period to Period],16.66823497464432,%,sbp_balance_of_trade,monthly
1996-07-31,Imports (BOP) Growth Rate [Period to Period],-9.018036072144284,%,sbp_balance_of_trade,monthly
1996-08-31,Imports (BOP) Growth Rate [Period to Period],-4.217185028993143,%,sbp_balance_of_trade,monthly
1996-09-30,Imports (BOP) Growth Rate [Period to Period],-3.9229671897289506,%,sbp_balance_of_trade,monthly
1996-10-31,Imports (BOP) Growth Rate [Period to Period],-1.9824922760041233,%,sbp_balance_of_trade,monthly
1996-11-30,Imports (BOP) Growth Rate [Period to Period],-1.1380095178977854,%,sbp_balance_of_trade,monthly
1996-12-31,Imports (BOP) Growth Rate [Period to Period],0.9541659567217522,%,sbp_balance_of_trade,monthly
1997-01-31,Imports (BOP) Growth Rate [Period to Period],-0.5349913244650111,%,sbp_balance_of_trade,monthly
1997-02-28,Imports (BOP) Growth Rate [Period to Period],-1.5952016334864823,%,sbp_balance_of_trade,monthly
1997-03-31,Imports (BOP) Growth Rate [Period to Period],-3.2126234532864117,%,sbp_balance_of_trade,monthly
1997-04-30,Imports (BOP) Growth Rate [Period to Period],-3.6198633629040557,%,sbp_balance_of_trade,monthly
1997-05-31,Imports (BOP) Growth Rate [Period to Period],-4.646038013038293,%,sbp_balance_of_trade,monthly
1997-06-30,Imports (BOP) Growth Rate [Period to Period],-6.48356221389929,%,sbp_balance_of_trade,monthly
1997-07-31,Imports (BOP) Growth Rate [Period to Period],-5.837004405286336,%,sbp_balance_of_trade,monthly
1997-08-31,Imports (BOP) Growth Rate [Period to Period],-4.95321959273528,%,sbp_balance_of_trade,monthly
1997-09-30,Imports (BOP) Growth Rate [Period to Period],-8.203414996288046,%,sbp_balance_of_trade,monthly
1997-10-31,Imports (BOP) Growth Rate [Period to Period],-7.827685841870235,%,sbp_balance_of_trade,monthly
1997-11-30,Imports (BOP) Growth Rate [Period to Period],-8.39263290079532,%,sbp_balance_of_trade,monthly
1997-12-31,Imports (BOP) Growth Rate [Period to Period],-9.620253164556956,%,sbp_balance_of_trade,monthly
1998-01-31,Imports (BOP) Growth Rate [Period to Period],-11.164413432184901,%,sbp_balance_of_trade,monthly
1998-02-28,Imports (BOP) Growth Rate [Period to Period],-10.647127480223062,%,sbp_balance_of_trade,monthly
1998-03-31,Imports (BOP) Growth Rate [Period to Period],-9.699741965751812,%,sbp_balance_of_trade,monthly
1998-04-30,Imports (BOP) Growth Rate [Period to Period],-9.18324164198053,%,sbp_balance_of_trade,monthly
1998-05-31,Imports (BOP) Growth Rate [Period to Period],-10.765527202696205,%,sbp_balance_of_trade,monthly
1998-06-30,Imports (BOP) Growth Rate [Period to Period],-8.321466714133138,%,sbp_balance_of_trade,monthly
1998-07-31,Imports (BOP) Growth Rate [Period to Period],-14.85380116959064,%,sbp_balance_of_trade,monthly
1998-08-31,Imports (BOP) Growth Rate [Period to Period],-20.49797336421541,%,sbp_balance_of_trade,monthly
1998-09-30,Imports (BOP) Growth Rate [Period to Period],-12.454508693894056,%,sbp_balance_of_trade,monthly
1998-10-31,Imports (BOP) Growth Rate [Period to Period],-13.907096038757487,%,sbp_balance_of_trade,monthly
1998-11-30,Imports (BOP) Growth Rate [Period to Period],-10.60086817454878,%,sbp_balance_of_trade,monthly
1998-12-31,Imports (BOP) Growth Rate [Period to Period],-8.72082166199813,%,sbp_balance_of_trade,monthly
1999-01-31,Imports (BOP) Growth Rate [Period to Period],-7.527409589265261,%,sbp_balance_of_trade,monthly
1999-02-28,Imports (BOP) Growth Rate [Period to Period],-7.082728592162553,%,sbp_balance_of_trade,monthly
1999-03-31,Imports (BOP) Growth Rate [Period to Period],-7.832185998181586,%,sbp_balance_of_trade,monthly
1999-04-30,Imports (BOP) Growth Rate [Period to Period],-8.247903075489276,%,sbp_balance_of_trade,monthly
1999-05-31,Imports (BOP) Growth Rate [Period to Period],-6.560915074997297,%,sbp_balance_of_trade,monthly
1999-06-30,Imports (BOP) Growth Rate [Period to Period],-6.678963207455595,%,sbp_balance_of_trade,monthly
1999-07-31,Imports (BOP) Growth Rate [Period to Period],-5.219780219780219,%,sbp_balance_of_trade,monthly
1999-08-31,Imports (BOP) Growth Rate [Period to Period],4.005826656955563,%,sbp_balance_of_trade,monthly
1999-09-30,Imports (BOP) Growth Rate [Period to Period],4.572748267898376,%,sbp_balance_of_trade,monthly
1999-10-31,Imports (BOP) Growth Rate [Period to Period],0.7282356835484904,%,sbp_balance_of_trade,monthly
1999-11-30,Imports (BOP) Growth Rate [Period to Period],-1.1244569384104182,%,sbp_balance_of_trade,monthly
1999-12-31,Imports (BOP) Growth Rate [Period to Period],-1.9026186579378077,%,sbp_balance_of_trade,monthly
2000-01-31,Imports (BOP) Growth Rate [Period to Period],1.4864625729959329,%,sbp_balance_of_trade,monthly
2000-02-29,Imports (BOP) Growth Rate [Period to Period],2.3898781630740302,%,sbp_balance_of_trade,monthly
2000-03-31,Imports (BOP) Growth Rate [Period to Period],1.888387824126255,%,sbp_balance_of_trade,monthly
2000-04-30,Imports (BOP) Growth Rate [Period to Period],0.9776536312849231,%,sbp_balance_of_trade,monthly
2000-05-31,Imports (BOP) Growth Rate [Period to Period],1.2703545444046682,%,sbp_balance_of_trade,monthly
2000-06-30,Imports (BOP) Growth Rate [Period to Period],-0.11442837823780394,%,sbp_balance_of_trade,monthly
2000-07-31,Imports (BOP) Growth Rate [Period to Period],25.652173913043484,%,sbp_balance_of_trade,monthly
2000-08-31,Imports (BOP) Growth Rate [Period to Period],25.0,%,sbp_balance_of_trade,monthly
2000-09-30,Imports (BOP) Growth Rate [Period to Period],19.390459363957604,%,sbp_balance_of_trade,monthly
2000-10-31,Imports (BOP) Growth Rate [Period to Period],15.64245810055867,%,sbp_balance_of_trade,monthly
2000-11-30,Imports (BOP) Growth Rate [Period to Period],14.241406048074452,%,sbp_balance_of_trade,monthly
2000-12-31,Imports (BOP) Growth Rate [Period to Period],6.131386861313871,%,sbp_balance_of_trade,monthly
2001-01-31,Imports (BOP) Growth Rate [Period to Period],6.4341761115954625,%,sbp_balance_of_trade,monthly
2001-02-28,Imports (BOP) Growth Rate [Period to Period],4.866514111365362,%,sbp_balance_of_trade,monthly
2001-03-31,Imports (BOP) Growth Rate [Period to Period],7.316735822959885,%,sbp_balance_of_trade,monthly
2001-04-30,Imports (BOP) Growth Rate [Period to Period],7.280271595624299,%,sbp_balance_of_trade,monthly
2001-05-31,Imports (BOP) Growth Rate [Period to Period],6.465959630516593,%,sbp_balance_of_trade,monthly
2001-06-30,Imports (BOP) Growth Rate [Period to Period],6.2486981878775225,%,sbp_balance_of_trade,monthly
2001-07-31,Imports (BOP) Growth Rate [Period to Period],-10.265282583621683,%,sbp_balance_of_trade,monthly
2001-08-31,Imports (BOP) Growth Rate [Period to Period],-8.79551820728291,%,sbp_balance_of_trade,monthly
2001-09-30,Imports (BOP) Growth Rate [Period to Period],-10.765815760266378,%,sbp_balance_of_trade,monthly
2001-10-31,Imports (BOP) Growth Rate [Period to Period],-9.946007388462633,%,sbp_balance_of_trade,monthly
2001-11-30,Imports (BOP) Growth Rate [Period to Period],-11.674208144796381,%,sbp_balance_of_trade,monthly
2001-12-31,Imports (BOP) Growth Rate [Period to Period],-9.058754175673016,%,sbp_balance_of_trade,monthly
2002-01-31,Imports (BOP) Growth Rate [Period to Period],-11.140235910878118,%,sbp_balance_of_trade,monthly
2002-02-28,Imports (BOP) Growth Rate [Period to Period],-10.605178935117834,%,sbp_balance_of_trade,monthly
2002-03-31,Imports (BOP) Growth Rate [Period to Period],-11.573656399020493,%,sbp_balance_of_trade,monthly
2002-04-30,Imports (BOP) Growth Rate [Period to Period],-10.372714486638529,%,sbp_balance_of_trade,monthly
2002-05-31,Imports (BOP) Growth Rate [Period to Period],-9.158097686375328,%,sbp_balance_of_trade,monthly
2002-06-30,Imports (BOP) Growth Rate [Period to Period],-7.5279356988825725,%,sbp_balance_of_trade,monthly
2002-07-31,Imports (BOP) Growth Rate [Period to Period],21.2082262210797,%,sbp_balance_of_trade,monthly
2002-08-31,Imports (BOP) Growth Rate [Period to Period],17.75184275184276,%,sbp_balance_of_trade,monthly
2002-09-30,Imports (BOP) Growth Rate [Period to Period],14.800995024875618,%,sbp_balance_of_trade,monthly
2002-10-31,Imports (BOP) Growth Rate [Period to Period],15.746292205743131,%,sbp_balance_of_trade,monthly
2002-11-30,Imports (BOP) Growth Rate [Period to Period],17.520491803278688,%,sbp_balance_of_trade,monthly
2002-12-31,Imports (BOP) Growth Rate [Period to Period],21.477960242005196,%,sbp_balance_of_trade,monthly
2003-01-31,Imports (BOP) Growth Rate [Period to Period],20.6858407079646,%,sbp_balance_of_trade,monthly
2003-02-28,Imports (BOP) Growth Rate [Period to Period],19.983726606997564,%,sbp_balance_of_trade,monthly
2003-03-31,Imports (BOP) Growth Rate [Period to Period],21.93557790409561,%,sbp_balance_of_trade,monthly
2003-04-30,Imports (BOP) Growth Rate [Period to Period],22.204786190663,%,sbp_balance_of_trade,monthly
2003-05-31,Imports (BOP) Growth Rate [Period to Period],21.495106709114495,%,sbp_balance_of_trade,monthly
2003-06-30,Imports (BOP) Growth Rate [Period to Period],20.12931948272208,%,sbp_balance_of_trade,monthly
2003-07-31,Imports (BOP) Growth Rate [Period to Period],8.165383775185589,%,sbp_balance_of_trade,monthly
2003-08-31,Imports (BOP) Growth Rate [Period to Period],1.7214223077725705,%,sbp_balance_of_trade,monthly
2003-09-30,Imports (BOP) Growth Rate [Period to Period],8.847947477067521,%,sbp_balance_of_trade,monthly
2003-10-31,Imports (BOP) Growth Rate [Period to Period],10.986904733914926,%,sbp_balance_of_trade,monthly
2003-11-30,Imports (BOP) Growth Rate [Period to Period],7.824752956408005,%,sbp_balance_of_trade,monthly
2003-12-31,Imports (BOP) Growth Rate [Period to Period],10.601203586623981,%,sbp_balance_of_trade,monthly
2004-01-31,Imports (BOP) Growth Rate [Period to Period],12.832258870149715,%,sbp_balance_of_trade,monthly
2004-02-29,Imports (BOP) Growth Rate [Period to Period],16.614670631222012,%,sbp_balance_of_trade,monthly
2004-03-31,Imports (BOP) Growth Rate [Period to Period],17.379866909395176,%,sbp_balance_of_trade,monthly
2004-04-30,Imports (BOP) Growth Rate [Period to Period],18.245047251364355,%,sbp_balance_of_trade,monthly
2004-05-31,Imports (BOP) Growth Rate [Period to Period],18.55589737616458,%,sbp_balance_of_trade,monthly
2004-06-30,Imports (BOP) Growth Rate [Period to Period],20.03882172099179,%,sbp_balance_of_trade,monthly
2004-07-31,Imports (BOP) Growth Rate [Period to Period],41.18571455984605,%,sbp_balance_of_trade,monthly
2004-08-31,Imports (BOP) Growth Rate [Period to Period],41.0817513703048,%,sbp_balance_of_trade,monthly
2004-09-30,Imports (BOP) Growth Rate [Period to Period],38.52336241429046,%,sbp_balance_of_trade,monthly
2004-10-31,Imports (BOP) Growth Rate [Period to Period],42.252374247974416,%,sbp_balance_of_trade,monthly
2004-11-30,Imports (BOP) Growth Rate [Period to Period],52.336652301452006,%,sbp_balance_of_trade,monthly
2004-12-31,Imports (BOP) Growth Rate [Period to Period],48.31286870213748,%,sbp_balance_of_trade,monthly
2005-01-31,Imports (BOP) Growth Rate [Period to Period],44.179449797974655,%,sbp_balance_of_trade,monthly
2005-02-28,Imports (BOP) Growth Rate [Period to Period],42.35978315880635,%,sbp_balance_of_trade,monthly
2005-03-31,Imports (BOP) Growth Rate [Period to Period],42.801366165688876,%,sbp_balance_of_trade,monthly
2005-04-30,Imports (BOP) Growth Rate [Period to Period],40.55288823486549,%,sbp_balance_of_trade,monthly
2005-05-31,Imports (BOP) Growth Rate [Period to Period],41.38911388955992,%,sbp_balance_of_trade,monthly
2005-06-30,Imports (BOP) Growth Rate [Period to Period],39.63609340552222,%,sbp_balance_of_trade,monthly
2005-07-31,Imports (BOP) Growth Rate [Period to Period],22.707969942622057,%,sbp_balance_of_trade,monthly
2005-08-31,Imports (BOP) Growth Rate [Period to Period],39.62162858808938,%,sbp_balance_of_trade,monthly
2005-09-30,Imports (BOP) Growth Rate [Period to Period],41.29671648469454,%,sbp_balance_of_trade,monthly
2005-10-31,Imports (BOP) Growth Rate [Period to Period],37.17770077585757,%,sbp_balance_of_trade,monthly
2005-11-30,Imports (BOP) Growth Rate [Period to Period],32.59944454405985,%,sbp_balance_of_trade,monthly
2005-12-31,Imports (BOP) Growth Rate [Period to Period],29.514449261157353,%,sbp_balance_of_trade,monthly
2006-01-31,Imports (BOP) Growth Rate [Period to Period],31.52806295906302,%,sbp_balance_of_trade,monthly
2006-02-28,Imports (BOP) Growth Rate [Period to Period],29.78431027825272,%,sbp_balance_of_trade,monthly
2006-03-31,Imports (BOP) Growth Rate [Period to Period],29.662890763773333,%,sbp_balance_of_trade,monthly
2006-04-30,Imports (BOP) Growth Rate [Period to Period],27.851766843505416,%,sbp_balance_of_trade,monthly
2006-05-31,Imports (BOP) Growth Rate [Period to Period],28.583088138970794,%,sbp_balance_of_trade,monthly
2006-06-30,Imports (BOP) Growth Rate [Period to Period],31.041982732525696,%,sbp_balance_of_trade,monthly
2006-07-31,Imports (BOP) Growth Rate [Period to Period],36.26138166451827,%,sbp_balance_of_trade,monthly
2006-08-31,Imports (BOP) Growth Rate [Period to Period],22.61387910167285,%,sbp_balance_of_trade,monthly
2006-09-30,Imports (BOP) Growth Rate [Period to Period],17.063201247324457,%,sbp_balance_of_trade,monthly
2006-10-31,Imports (BOP) Growth Rate [Period to Period],14.592760184982609,%,sbp_balance_of_trade,monthly
2006-11-30,Imports (BOP) Growth Rate [Period to Period],12.652629863273134,%,sbp_balance_of_trade,monthly
2006-12-31,Imports (BOP) Growth Rate [Period to Period],14.267868158362006,%,sbp_balance_of_trade,monthly
2007-01-31,Imports (BOP) Growth Rate [Period to Period],12.427175125588263,%,sbp_balance_of_trade,monthly
2007-02-28,Imports (BOP) Growth Rate [Period to Period],13.090866728017005,%,sbp_balance_of_trade,monthly
2007-03-31,Imports (BOP) Growth Rate [Period to Period],10.369346683769592,%,sbp_balance_of_trade,monthly
2007-04-30,Imports (BOP) Growth Rate [Period to Period],12.018003935873224,%,sbp_balance_of_trade,monthly
2007-05-31,Imports (BOP) Growth Rate [Period to Period],10.077344795986832,%,sbp_balance_of_trade,monthly
2007-06-30,Imports (BOP) Growth Rate [Period to Period],7.956440044903161,%,sbp_balance_of_trade,monthly
2007-07-31,Imports (BOP) Growth Rate [Period to Period],-0.37209986151682983,%,sbp_balance_of_trade,monthly
2007-08-31,Imports (BOP) Growth Rate [Period to Period],-1.1696038958717878,%,sbp_balance_of_trade,monthly
2007-09-30,Imports (BOP) Growth Rate [Period to Period],0.015770522008779153,%,sbp_balance_of_trade,monthly
2007-10-31,Imports (BOP) Growth Rate [Period to Period],4.361091168027713,%,sbp_balance_of_trade,monthly
2007-11-30,Imports (BOP) Growth Rate [Period to Period],10.584012829409659,%,sbp_balance_of_trade,monthly
2007-12-31,Imports (BOP) Growth Rate [Period to Period],12.941839997245026,%,sbp_balance_of_trade,monthly
2008-01-31,Imports (BOP) Growth Rate [Period to Period],18.95536965234716,%,sbp_balance_of_trade,monthly
2008-02-29,Imports (BOP) Growth Rate [Period to Period],20.46640071458539,%,sbp_balance_of_trade,monthly
2008-03-31,Imports (BOP) Growth Rate [Period to Period],25.383162245087604,%,sbp_balance_of_trade,monthly
2008-04-30,Imports (BOP) Growth Rate [Period to Period],28.335783523244515,%,sbp_balance_of_trade,monthly
2008-05-31,Imports (BOP) Growth Rate [Period to Period],30.008544012136355,%,sbp_balance_of_trade,monthly
2008-06-30,Imports (BOP) Growth Rate [Period to Period],31.292060816212796,%,sbp_balance_of_trade,monthly
2008-07-31,Imports (BOP) Growth Rate [Period to Period],40.329550632584954,%,sbp_balance_of_trade,monthly
2008-08-31,Imports (BOP) Growth Rate [Period to Period],40.172929504648835,%,sbp_balance_of_trade,monthly
2008-09-30,Imports (BOP) Growth Rate [Period to Period],47.94773895780827,%,sbp_balance_of_trade,monthly
2008-10-31,Imports (BOP) Growth Rate [Period to Period],41.53247573661136,%,sbp_balance_of_trade,monthly
2008-11-30,Imports (BOP) Growth Rate [Period to Period],25.885682669768357,%,sbp_balance_of_trade,monthly
2008-12-31,Imports (BOP) Growth Rate [Period to Period],18.492369946310944,%,sbp_balance_of_trade,monthly
2009-01-31,Imports (BOP) Growth Rate [Period to Period],8.921000670946341,%,sbp_balance_of_trade,monthly
2009-02-28,Imports (BOP) Growth Rate [Period to Period],2.939935540169671,%,sbp_balance_of_trade,monthly
2009-03-31,Imports (BOP) Growth Rate [Period to Period],-2.5225232130594577,%,sbp_balance_of_trade,monthly
2009-04-30,Imports (BOP) Growth Rate [Period to Period],-5.813812335634637,%,sbp_balance_of_trade,monthly
2009-05-31,Imports (BOP) Growth Rate [Period to Period],-9.132330424574747,%,sbp_balance_of_trade,monthly
2009-06-30,Imports (BOP) Growth Rate [Period to Period],-10.247508778153332,%,sbp_balance_of_trade,monthly
2009-07-31,Imports (BOP) Growth Rate [Period to Period],-16.382190062962053,%,sbp_balance_of_trade,monthly
2009-08-31,Imports (BOP) Growth Rate [Period to Period],-23.39745868665085,%,sbp_balance_of_trade,monthly
2009-09-30,Imports (BOP) Growth Rate [Period to Period],-26.919665881769276,%,sbp_balance_of_trade,monthly
2009-10-31,Imports (BOP) Growth Rate [Period to Period],-24.02897832650976,%,sbp_balance_of_trade,monthly
2009-11-30,Imports (BOP) Growth Rate [Period to Period],-20.877133917685256,%,sbp_balance_of_trade,monthly
2009-12-31,Imports (BOP) Growth Rate [Period to Period],-17.131451945887108,%,sbp_balance_of_trade,monthly
2010-01-31,Imports (BOP) Growth Rate [Period to Period],-13.402965678889018,%,sbp_balance_of_trade,monthly
2010-02-28,Imports (BOP) Growth Rate [Period to Period],-10.182837870308703,%,sbp_balance_of_trade,monthly
2010-03-31,Imports (BOP) Growth Rate [Period to Period],-8.330754270176826,%,sbp_balance_of_trade,monthly
2010-04-30,Imports (BOP) Growth Rate [Period to Period],-5.534232542651964,%,sbp_balance_of_trade,monthly
2010-05-31,Imports (BOP) Growth Rate [Period to Period],-2.941493320640433,%,sbp_balance_of_trade,monthly
2010-06-30,Imports (BOP) Growth Rate [Period to Period],-1.68676226080116,%,sbp_balance_of_trade,monthly
2010-07-31,Imports (BOP) Growth Rate [Period to Period],3.7358384971403495,%,sbp_balance_of_trade,monthly
2010-08-31,Imports (BOP) Growth Rate [Period to Period],16.94558306775764,%,sbp_balance_of_trade,monthly
2010-09-30,Imports (BOP) Growth Rate [Period to Period],10.29786154632086,%,sbp_balance_of_trade,monthly
2010-10-31,Imports (BOP) Growth Rate [Period to Period],6.21292176047244,%,sbp_balance_of_trade,monthly
2010-11-30,Imports (BOP) Growth Rate [Period to Period],10.125135324338714,%,sbp_balance_of_trade,monthly
2010-12-31,Imports (BOP) Growth Rate [Period to Period],11.29779791601959,%,sbp_balance_of_trade,monthly
2011-01-31,Imports (BOP) Growth Rate [Period to Period],11.139602178631662,%,sbp_balance_of_trade,monthly
2011-02-28,Imports (BOP) Growth Rate [Period to Period],13.49589830765862,%,sbp_balance_of_trade,monthly
2011-03-31,Imports (BOP) Growth Rate [Period to Period],15.62993282549246,%,sbp_balance_of_trade,monthly
2011-04-30,Imports (BOP) Growth Rate [Period to Period],13.794967998281749,%,sbp_balance_of_trade,monthly
2011-05-31,Imports (BOP) Growth Rate [Period to Period],15.059284083791297,%,sbp_balance_of_trade,monthly
2011-06-30,Imports (BOP) Growth Rate [Period to Period],14.977336970343487,%,sbp_balance_of_trade,monthly
2011-07-31,Imports (BOP) Growth Rate [Period to Period],8.628896796366533,%,sbp_balance_of_trade,monthly
2011-08-31,Imports (BOP) Growth Rate [Period to Period],17.11166418303867,%,sbp_balance_of_trade,monthly
2011-09-30,Imports (BOP) Growth Rate [Period to Period],25.856184744642846,%,sbp_balance_of_trade,monthly
2011-10-31,Imports (BOP) Growth Rate [Period to Period],25.31326935001104,%,sbp_balance_of_trade,monthly
2011-11-30,Imports (BOP) Growth Rate [Period to Period],22.80087707912051,%,sbp_balance_of_trade,monthly
2011-12-31,Imports (BOP) Growth Rate [Period to Period],18.985624527656952,%,sbp_balance_of_trade,monthly
2012-01-31,Imports (BOP) Growth Rate [Period to Period],19.216513763276424,%,sbp_balance_of_trade,monthly
2012-02-29,Imports (BOP) Growth Rate [Period to Period],19.425928850445032,%,sbp_balance_of_trade,monthly
2012-03-31,Imports (BOP) Growth Rate [Period to Period],15.800210782247774,%,sbp_balance_of_trade,monthly
2012-04-30,Imports (BOP) Growth Rate [Period to Period],15.09347318533969,%,sbp_balance_of_trade,monthly
2012-05-31,Imports (BOP) Growth Rate [Period to Period],13.840649308765123,%,sbp_balance_of_trade,monthly
2012-06-30,Imports (BOP) Growth Rate [Period to Period],12.777201252484431,%,sbp_balance_of_trade,monthly
2012-07-31,Imports (BOP) Growth Rate [Period to Period],8.629707750508445,%,sbp_balance_of_trade,monthly
2012-08-31,Imports (BOP) Growth Rate [Period to Period],-2.4423724196321785,%,sbp_balance_of_trade,monthly
2012-09-30,Imports (BOP) Growth Rate [Period to Period],-5.699630586641376,%,sbp_balance_of_trade,monthly
2012-10-31,Imports (BOP) Growth Rate [Period to Period],-0.574667812017708,%,sbp_balance_of_trade,monthly
2012-11-30,Imports (BOP) Growth Rate [Period to Period],1.0414495032362368,%,sbp_balance_of_trade,monthly
2012-12-31,Imports (BOP) Growth Rate [Period to Period],0.07882388065787893,%,sbp_balance_of_trade,monthly
2013-01-31,Imports (BOP) Growth Rate [Period to Period],0.2212010766736512,%,sbp_balance_of_trade,monthly
2013-02-28,Imports (BOP) Growth Rate [Period to Period],-2.1496728785657524,%,sbp_balance_of_trade,monthly
2013-03-31,Imports (BOP) Growth Rate [Period to Period],-0.5804823714476157,%,sbp_balance_of_trade,monthly
2013-04-30,Imports (BOP) Growth Rate [Period to Period],0.3245528402602247,%,sbp_balance_of_trade,monthly
2013-05-31,Imports (BOP) Growth Rate [Period to Period],0.3370257236829275,%,sbp_balance_of_trade,monthly
2013-06-30,Imports (BOP) Growth Rate [Period to Period],-0.5267630796977301,%,sbp_balance_of_trade,monthly
2013-07-31,Imports (BOP) Growth Rate [Period to Period],0.3588939981704442,%,sbp_balance_of_trade,monthly
2013-08-31,Imports (BOP) Growth Rate [Period to Period],3.716342047977065,%,sbp_balance_of_trade,monthly
2013-09-30,Imports (BOP) Growth Rate [Period to Period],8.851922107418758,%,sbp_balance_of_trade,monthly
2013-10-31,Imports (BOP) Growth Rate [Period to Period],5.473613546659337,%,sbp_balance_of_trade,monthly
2013-11-30,Imports (BOP) Growth Rate [Period to Period],3.4235625912897945,%,sbp_balance_of_trade,monthly
2013-12-31,Imports (BOP) Growth Rate [Period to Period],5.268493339221308,%,sbp_balance_of_trade,monthly
2014-01-31,Imports (BOP) Growth Rate [Period to Period],5.331617850993894,%,sbp_balance_of_trade,monthly
2014-02-28,Imports (BOP) Growth Rate [Period to Period],5.0227162817909345,%,sbp_balance_of_trade,monthly
2014-03-31,Imports (BOP) Growth Rate [Period to Period],4.325153593453862,%,sbp_balance_of_trade,monthly
2014-04-30,Imports (BOP) Growth Rate [Period to Period],3.5437613864862954,%,sbp_balance_of_trade,monthly
2014-05-31,Imports (BOP) Growth Rate [Period to Period],3.3815675820984694,%,sbp_balance_of_trade,monthly
2014-06-30,Imports (BOP) Growth Rate [Period to Period],3.7633396745916627,%,sbp_balance_of_trade,monthly
2014-07-31,Imports (BOP) Growth Rate [Period to Period],16.276037738258168,%,sbp_balance_of_trade,monthly
2014-08-31,Imports (BOP) Growth Rate [Period to Period],14.826731746995137,%,sbp_balance_of_trade,monthly
2014-09-30,Imports (BOP) Growth Rate [Period to Period],13.193012840888898,%,sbp_balance_of_trade,monthly
2014-10-31,Imports (BOP) Growth Rate [Period to Period],9.517270839604961,%,sbp_balance_of_trade,monthly
2014-11-30,Imports (BOP) Growth Rate [Period to Period],6.802806616830452,%,sbp_balance_of_trade,monthly
2014-12-31,Imports (BOP) Growth Rate [Period to Period],4.769531247019813,%,sbp_balance_of_trade,monthly
2015-01-31,Imports (BOP) Growth Rate [Period to Period],1.723952313958037,%,sbp_balance_of_trade,monthly
2015-02-28,Imports (BOP) Growth Rate [Period to Period],0.2368201209365708,%,sbp_balance_of_trade,monthly
2015-03-31,Imports (BOP) Growth Rate [Period to Period],0.01940099904247461,%,sbp_balance_of_trade,monthly
2015-04-30,Imports (BOP) Growth Rate [Period to Period],-0.8045468357308181,%,sbp_balance_of_trade,monthly
2015-05-31,Imports (BOP) Growth Rate [Period to Period],-0.8900315297072154,%,sbp_balance_of_trade,monthly
2015-06-30,Imports (BOP) Growth Rate [Period to Period],-0.7467055679429677,%,sbp_balance_of_trade,monthly
2015-07-31,Imports (BOP) Growth Rate [Period to Period],-10.569514880594582,%,sbp_balance_of_trade,monthly
2015-08-31,Imports (BOP) Growth Rate [Period to Period],-14.271342920812586,%,sbp_balance_of_trade,monthly
2015-09-30,Imports (BOP) Growth Rate [Period to Period],-16.355333856752054,%,sbp_balance_of_trade,monthly
2015-10-31,Imports (BOP) Growth Rate [Period to Period],-14.63974752620777,%,sbp_balance_of_trade,monthly
2015-11-30,Imports (BOP) Growth Rate [Period to Period],-11.936917027406338,%,sbp_balance_of_trade,monthly
2015-12-31,Imports (BOP) Growth Rate [Period to Period],-6.969778508788664,%,sbp_balance_of_trade,monthly
2016-01-31,Imports (BOP) Growth Rate [Period to Period],-4.773438528079311,%,sbp_balance_of_trade,monthly
2016-02-29,Imports (BOP) Growth Rate [Period to Period],-3.267931282140566,%,sbp_balance_of_trade,monthly
2016-03-31,Imports (BOP) Growth Rate [Period to Period],-2.8368169030798214,%,sbp_balance_of_trade,monthly
2016-04-30,Imports (BOP) Growth Rate [Period to Period],-2.2259668051096355,%,sbp_balance_of_trade,monthly
2016-05-31,Imports (BOP) Growth Rate [Period to Period],-1.7378720882948073,%,sbp_balance_of_trade,monthly
2016-06-30,Imports (BOP) Growth Rate [Period to Period],-0.5778816592708012,%,sbp_balance_of_trade,monthly
2016-07-31,Imports (BOP) Growth Rate [Period to Period],-13.264738598442719,%,sbp_balance_of_trade,monthly
2016-08-31,Imports (BOP) Growth Rate [Period to Period],3.1827515400410675,%,sbp_balance_of_trade,monthly
2016-09-30,Imports (BOP) Growth Rate [Period to Period],0.843672456575689,%,sbp_balance_of_trade,monthly
2016-10-31,Imports (BOP) Growth Rate [Period to Period],2.348263185535288,%,sbp_balance_of_trade,monthly
2016-11-30,Imports (BOP) Growth Rate [Period to Period],6.680243470107158,%,sbp_balance_of_trade,monthly
2016-12-31,Imports (BOP) Growth Rate [Period to Period],5.256879439842393,%,sbp_balance_of_trade,monthly
2017-01-31,Imports (BOP) Growth Rate [Period to Period],8.571665175271988,%,sbp_balance_of_trade,monthly
2017-02-28,Imports (BOP) Growth Rate [Period to Period],11.052621373943978,%,sbp_balance_of_trade,monthly
2017-03-31,Imports (BOP) Growth Rate [Period to Period],13.227347677810457,%,sbp_balance_of_trade,monthly
2017-04-30,Imports (BOP) Growth Rate [Period to Period],14.674377652050978,%,sbp_balance_of_trade,monthly
2017-05-31,Imports (BOP) Growth Rate [Period to Period],15.971451096784577,%,sbp_balance_of_trade,monthly
2017-06-30,Imports (BOP) Growth Rate [Period to Period],16.739556705842617,%,sbp_balance_of_trade,monthly
2017-07-31,Imports (BOP) Growth Rate [Period to Period],53.86341776210324,%,sbp_balance_of_trade,monthly
2017-08-31,Imports (BOP) Growth Rate [Period to Period],32.60838663823736,%,sbp_balance_of_trade,monthly
2017-09-30,Imports (BOP) Growth Rate [Period to Period],30.049212598425186,%,sbp_balance_of_trade,monthly
2017-10-31,Imports (BOP) Growth Rate [Period to Period],29.071983580120218,%,sbp_balance_of_trade,monthly
2017-11-30,Imports (BOP) Growth Rate [Period to Period],25.827758973806397,%,sbp_balance_of_trade,monthly
2017-12-31,Imports (BOP) Growth Rate [Period to Period],21.953634861631016,%,sbp_balance_of_trade,monthly
2018-01-31,Imports (BOP) Growth Rate [Period to Period],20.61881062037267,%,sbp_balance_of_trade,monthly
2018-02-28,Imports (BOP) Growth Rate [Period to Period],18.65265392745144,%,sbp_balance_of_trade,monthly
2018-03-31,Imports (BOP) Growth Rate [Period to Period],18.381939516880237,%,sbp_balance_of_trade,monthly
2018-04-30,Imports (BOP) Growth Rate [Period to Period],18.448257798920736,%,sbp_balance_of_trade,monthly
2018-05-31,Imports (BOP) Growth Rate [Period to Period],17.626488895414766,%,sbp_balance_of_trade,monthly
2018-06-30,Imports (BOP) Growth Rate [Period to Period],15.978829472408734,%,sbp_balance_of_trade,monthly
2018-07-31,Imports (BOP) Growth Rate [Period to Period],10.231605343041636,%,sbp_balance_of_trade,monthly
2018-08-31,Imports (BOP) Growth Rate [Period to Period],6.078502927056036,%,sbp_balance_of_trade,monthly
2018-09-30,Imports (BOP) Growth Rate [Period to Period],5.230483290107998,%,sbp_balance_of_trade,monthly
2018-10-31,Imports (BOP) Growth Rate [Period to Period],5.543650019884609,%,sbp_balance_of_trade,monthly
2018-11-30,Imports (BOP) Growth Rate [Period to Period],2.7262315714112333,%,sbp_balance_of_trade,monthly
2018-12-31,Imports (BOP) Growth Rate [Period to Period],4.09572802964442,%,sbp_balance_of_trade,monthly
2019-01-31,Imports (BOP) Growth Rate [Period to Period],1.394195369216149,%,sbp_balance_of_trade,monthly
2019-02-28,Imports (BOP) Growth Rate [Period to Period],-1.1681165134236835,%,sbp_balance_of_trade,monthly
2019-03-31,Imports (BOP) Growth Rate [Period to Period],-3.353229021077624,%,sbp_balance_of_trade,monthly
2019-04-30,Imports (BOP) Growth Rate [Period to Period],-4.558228598875502,%,sbp_balance_of_trade,monthly
2019-05-31,Imports (BOP) Growth Rate [Period to Period],-5.466659401794502,%,sbp_balance_of_trade,monthly
2019-06-30,Imports (BOP) Growth Rate [Period to Period],-6.829318543852338,%,sbp_balance_of_trade,monthly
2019-07-31,Imports (BOP) Growth Rate [Period to Period],-20.188572114444128,%,sbp_balance_of_trade,monthly
2019-08-31,Imports (BOP) Growth Rate [Period to Period],-21.402506875641052,%,sbp_balance_of_trade,monthly
2019-09-30,Imports (BOP) Growth Rate [Period to Period],-18.908390174989748,%,sbp_balance_of_trade,monthly
2019-10-31,Imports (BOP) Growth Rate [Period to Period],-19.70004677682809,%,sbp_balance_of_trade,monthly
2019-11-30,Imports (BOP) Growth Rate [Period to Period],-17.78157380237907,%,sbp_balance_of_trade,monthly
2019-12-31,Imports (BOP) Growth Rate [Period to Period],-15.228162936516938,%,sbp_balance_of_trade,monthly
2020-01-31,Imports (BOP) Growth Rate [Period to Period],-14.288965766970136,%,sbp_balance_of_trade,monthly
2020-02-29,Imports (BOP) Growth Rate [Period to Period],-12.411077065323866,%,sbp_balance_of_trade,monthly
2020-03-31,Imports (BOP) Growth Rate [Period to Period],-13.166425914650034,%,sbp_balance_of_trade,monthly
2020-04-30,Imports (BOP) Growth Rate [Period to Period],-14.194123481150825,%,sbp_balance_of_trade,monthly
2020-05-31,Imports (BOP) Growth Rate [Period to Period],-16.19440567985403,%,sbp_balance_of_trade,monthly
2020-06-30,Imports (BOP) Growth Rate [Period to Period],-15.855162856720412,%,sbp_balance_of_trade,monthly
2020-07-31,Imports (BOP) Growth Rate [Period to Period],-16.29524353477555,%,sbp_balance_of_trade,monthly
2020-08-31,Imports (BOP) Growth Rate [Period to Period],-11.584570337366344,%,sbp_balance_of_trade,monthly
2020-09-30,Imports (BOP) Growth Rate [Period to Period],-5.118017623400107,%,sbp_balance_of_trade,monthly
2020-10-31,Imports (BOP) Growth Rate [Period to Period],-4.4768037422293645,%,sbp_balance_of_trade,monthly
2020-11-30,Imports (BOP) Growth Rate [Period to Period],-1.097535744512058,%,sbp_balance_of_trade,monthly
2020-12-31,Imports (BOP) Growth Rate [Period to Period],2.0072031941081434,%,sbp_balance_of_trade,monthly
2021-01-31,Imports (BOP) Growth Rate [Period to Period],3.4830282418874816,%,sbp_balance_of_trade,monthly
2021-02-28,Imports (BOP) Growth Rate [Period to Period],5.981793572553798,%,sbp_balance_of_trade,monthly
2021-03-31,Imports (BOP) Growth Rate [Period to Period],11.500868484476428,%,sbp_balance_of_trade,monthly
2021-04-30,Imports (BOP) Growth Rate [Period to Period],15.442222033004754,%,sbp_balance_of_trade,monthly
2021-05-31,Imports (BOP) Growth Rate [Period to Period],19.672777725052356,%,sbp_balance_of_trade,monthly
2021-06-30,Imports (BOP) Growth Rate [Period to Period],24.350547375062234,%,sbp_balance_of_trade,monthly
2021-07-31,Imports (BOP) Growth Rate [Period to Period],49.34696203572247,%,sbp_balance_of_trade,monthly
2021-08-31,Imports (BOP) Growth Rate [Period to Period],62.09106970920243,%,sbp_balance_of_trade,monthly
2021-09-30,Imports (BOP) Growth Rate [Period to Period],59.824482562453625,%,sbp_balance_of_trade,monthly
2021-10-31,Imports (BOP) Growth Rate [Period to Period],60.46317858578533,%,sbp_balance_of_trade,monthly
2021-11-30,Imports (BOP) Growth Rate [Period to Period],57.6082222341808,%,sbp_balance_of_trade,monthly
2021-12-31,Imports (BOP) Growth Rate [Period to Period],49.00338341483891,%,sbp_balance_of_trade,monthly
2022-01-31,Imports (BOP) Growth Rate [Period to Period],47.428508628585774,%,sbp_balance_of_trade,monthly
2022-02-28,Imports (BOP) Growth Rate [Period to Period],42.736219533081936,%,sbp_balance_of_trade,monthly
2022-03-31,Imports (BOP) Growth Rate [Period to Period],38.579218423025,%,sbp_balance_of_trade,monthly
2022-04-30,Imports (BOP) Growth Rate [Period to Period],36.4060039667294,%,sbp_balance_of_trade,monthly
2022-05-31,Imports (BOP) Growth Rate [Period to Period],34.120764163794775,%,sbp_balance_of_trade,monthly
2022-06-30,Imports (BOP) Growth Rate [Period to Period],31.820728618652794,%,sbp_balance_of_trade,monthly
2022-07-31,Imports (BOP) Growth Rate [Period to Period],5.380924960818973,%,sbp_balance_of_trade,monthly
2022-08-31,Imports (BOP) Growth Rate [Period to Period],3.7858845875192912,%,sbp_balance_of_trade,monthly
2022-09-30,Imports (BOP) Growth Rate [Period to Period],-3.3807579908845327,%,sbp_balance_of_trade,monthly
2022-10-31,Imports (BOP) Growth Rate [Period to Period],-7.418991154244608,%,sbp_balance_of_trade,monthly
2022-11-30,Imports (BOP) Growth Rate [Period to Period],-12.39114016176299,%,sbp_balance_of_trade,monthly
2022-12-31,Imports (BOP) Growth Rate [Period to Period],-15.980915788340539,%,sbp_balance_of_trade,monthly
2023-01-31,Imports (BOP) Growth Rate [Period to Period],-18.48618260524772,%,sbp_balance_of_trade,monthly
2023-02-28,Imports (BOP) Growth Rate [Period to Period],-18.54077014359106,%,sbp_balance_of_trade,monthly
2023-03-31,Imports (BOP) Growth Rate [Period to Period],-20.100133466108588,%,sbp_balance_of_trade,monthly
2023-04-30,Imports (BOP) Growth Rate [Period to Period],-22.040628186482863,%,sbp_balance_of_trade,monthly
2023-05-31,Imports (BOP) Growth Rate [Period to Period],-23.035722487637372,%,sbp_balance_of_trade,monthly
2023-06-30,Imports (BOP) Growth Rate [Period to Period],-26.34485408456314,%,sbp_balance_of_trade,monthly
2023-07-31,Imports (BOP) Growth Rate [Period to Period],-25.40524632108597,%,sbp_balance_of_trade,monthly
2023-08-31,Imports (BOP) Growth Rate [Period to Period],-27.67774207091462,%,sbp_balance_of_trade,monthly
2023-09-30,Imports (BOP) Growth Rate [Period to Period],-25.568914827030994,%,sbp_balance_of_trade,monthly
2023-10-31,Imports (BOP) Growth Rate [Period to Period],-21.244612110806273,%,sbp_balance_of_trade,monthly
2023-11-30,Imports (BOP) Growth Rate [Period to Period],-16.859219165554563,%,sbp_balance_of_trade,monthly
2023-12-31,Imports (BOP) Growth Rate [Period to Period],-14.637508332612029,%,sbp_balance_of_trade,monthly
2024-01-31,Imports (BOP) Growth Rate [Period to Period],-11.159636955112504,%,sbp_balance_of_trade,monthly
2024-02-29,Imports (BOP) Growth Rate [Period to Period],-9.219527321239212,%,sbp_balance_of_trade,monthly
2024-03-31,Imports (BOP) Growth Rate [Period to Period],-7.325169948299731,%,sbp_balance_of_trade,monthly
2024-04-30,Imports (BOP) Growth Rate [Period to Period],-4.940758769953803,%,sbp_balance_of_trade,monthly
2024-05-31,Imports (BOP) Growth Rate [Period to Period],-2.017810190980157,%,sbp_balance_of_trade,monthly
2024-06-30,Imports (BOP) Growth Rate [Period to Period],0.876270621611198,%,sbp_balance_of_trade,monthly
2024-07-31,Imports (BOP) Growth Rate [Period to Period],16.895860741877385,%,sbp_balance_of_trade,monthly
2024-08-31,Imports (BOP) Growth Rate [Period to Period],14.234247229858582,%,sbp_balance_of_trade,monthly
2024-09-30,Imports (BOP) Growth Rate [Period to Period],15.882895319984584,%,sbp_balance_of_trade,monthly
2024-10-31,Imports (BOP) Growth Rate [Period to Period],13.298751571023232,%,sbp_balance_of_trade,monthly
2024-11-30,Imports (BOP) Growth Rate [Period to Period],8.484597951770212,%,sbp_balance_of_trade,monthly
2024-12-31,Imports (BOP) Growth Rate [Period to Period],9.813160547169517,%,sbp_balance_of_trade,monthly
2025-01-31,Imports (BOP) Growth Rate [Period to Period],10.926801938574272,%,sbp_balance_of_trade,monthly
2025-02-28,Imports (BOP) Growth Rate [Period to Period],11.475131548739157,%,sbp_balance_of_trade,monthly
2025-03-31,Imports (BOP) Growth Rate [Period to Period],11.066194324262213,%,sbp_balance_of_trade,monthly
2025-04-30,Imports (BOP) Growth Rate [Period to Period],11.768988590596564,%,sbp_balance_of_trade,monthly
2025-05-31,Imports (BOP) Growth Rate [Period to Period],11.556584186030605,%,sbp_balance_of_trade,monthly
2025-06-30,Imports (BOP) Growth Rate [Period to Period],11.267032942759727,%,sbp_balance_of_trade,monthly
2025-07-31,Imports (BOP) Growth Rate [Period to Period],11.939849821902243,%,sbp_balance_of_trade,monthly
2025-08-31,Imports (BOP) Growth Rate [Period to Period],9.323396461014994,%,sbp_balance_of_trade,monthly
2025-09-30,Imports (BOP) Growth Rate [Period to Period],8.703247848290147,%,sbp_balance_of_trade,monthly
2025-10-31,Imports (BOP) Growth Rate [Period to Period],10.526645460176724,%,sbp_balance_of_trade,monthly
2025-11-30,Imports (BOP) Growth Rate [Period to Period],11.297461688871294,%,sbp_balance_of_trade,monthly
2025-12-31,Imports (BOP) Growth Rate [Period to Period],12.437344967019229,%,sbp_balance_of_trade,monthly
2026-01-31,Imports (BOP) Growth Rate [Period to Period],9.97049567835721,%,sbp_balance_of_trade,monthly
2026-02-28,Imports (BOP) Growth Rate [Period to Period],8.82418695674609,%,sbp_balance_of_trade,monthly
2026-03-31,Imports (BOP) Growth Rate [Period to Period],7.632936795609439,%,sbp_balance_of_trade,monthly
2026-04-30,Imports (BOP) Growth Rate [Period to Period],8.337588674213194,%,sbp_balance_of_trade,monthly
2026-05-31,Imports (BOP) Growth Rate [Period to Period],7.7465217723921,%,sbp_balance_of_trade,monthly
2026-06-30,Imports (BOP) Growth Rate [Period to Period],8.994469621192565,%,sbp_balance_of_trade,monthly
1970-07-31,Imports (BOP) Value [c],100.66486751717369,million USD,sbp_balance_of_trade,monthly
1970-08-31,Imports (BOP) Value [c],114.12764615168932,million USD,sbp_balance_of_trade,monthly
1970-09-30,Imports (BOP) Value [c],96.99320061685125,million USD,sbp_balance_of_trade,monthly
1970-10-31,Imports (BOP) Value [c],110.6880005523336,million USD,sbp_balance_of_trade,monthly
1970-11-30,Imports (BOP) Value [c],88.26567246616956,million USD,sbp_balance_of_trade,monthly
1970-12-31,Imports (BOP) Value [c],104.28162109914389,million USD,sbp_balance_of_trade,monthly
1971-01-31,Imports (BOP) Value [c],121.6810344827586,million USD,sbp_balance_of_trade,monthly
1971-02-28,Imports (BOP) Value [c],80.09815995363662,million USD,sbp_balance_of_trade,monthly
1971-03-31,Imports (BOP) Value [c],94.75441900898291,million USD,sbp_balance_of_trade,monthly
1971-04-30,Imports (BOP) Value [c],90.40837216557155,million USD,sbp_balance_of_trade,monthly
1971-05-31,Imports (BOP) Value [c],97.11712063015463,million USD,sbp_balance_of_trade,monthly
1971-06-30,Imports (BOP) Value [c],87.85265846477802,million USD,sbp_balance_of_trade,monthly
1971-07-31,Imports (BOP) Value [c],84.66832460732985,million USD,sbp_balance_of_trade,monthly
1971-08-31,Imports (BOP) Value [c],94.46465968586388,million USD,sbp_balance_of_trade,monthly
1971-09-30,Imports (BOP) Value [c],88.16701570680628,million USD,sbp_balance_of_trade,monthly
1971-10-31,Imports (BOP) Value [c],83.26657571623466,million USD,sbp_balance_of_trade,monthly
1971-11-30,Imports (BOP) Value [c],83.59699863574352,million USD,sbp_balance_of_trade,monthly
1971-12-31,Imports (BOP) Value [c],75.33642564802182,million USD,sbp_balance_of_trade,monthly
1972-01-31,Imports (BOP) Value [c],61.57431551499348,million USD,sbp_balance_of_trade,monthly
1972-02-29,Imports (BOP) Value [c],58.016688396349416,million USD,sbp_balance_of_trade,monthly
1972-03-31,Imports (BOP) Value [c],90.30899608865711,million USD,sbp_balance_of_trade,monthly
1972-04-30,Imports (BOP) Value [c],92.45668889814253,million USD,sbp_balance_of_trade,monthly
1972-05-31,Imports (BOP) Value [c],70.04224207961008,million USD,sbp_balance_of_trade,monthly
1972-06-30,Imports (BOP) Value [c],72.35866302341039,million USD,sbp_balance_of_trade,monthly
1972-07-31,Imports (BOP) Value [c],64.39093260593519,million USD,sbp_balance_of_trade,monthly
1972-08-31,Imports (BOP) Value [c],78.8273338663406,million USD,sbp_balance_of_trade,monthly
1972-09-30,Imports (BOP) Value [c],78.25446080045148,million USD,sbp_balance_of_trade,monthly
1972-10-31,Imports (BOP) Value [c],65.80799927526384,million USD,sbp_balance_of_trade,monthly
1972-11-30,Imports (BOP) Value [c],61.09309688816416,million USD,sbp_balance_of_trade,monthly
1972-12-31,Imports (BOP) Value [c],74.43526747293564,million USD,sbp_balance_of_trade,monthly
1973-01-31,Imports (BOP) Value [c],68.83181818181819,million USD,sbp_balance_of_trade,monthly
1973-02-28,Imports (BOP) Value [c],59.00000000000001,million USD,sbp_balance_of_trade,monthly
1973-03-31,Imports (BOP) Value [c],89.24242424242424,million USD,sbp_balance_of_trade,monthly
1973-04-30,Imports (BOP) Value [c],71.29734212019378,million USD,sbp_balance_of_trade,monthly
1973-05-31,Imports (BOP) Value [c],95.70113036267621,million USD,sbp_balance_of_trade,monthly
1973-06-30,Imports (BOP) Value [c],82.18334569894819,million USD,sbp_balance_of_trade,monthly
1973-07-31,Imports (BOP) Value [c],77.97824748614815,million USD,sbp_balance_of_trade,monthly
1973-08-31,Imports (BOP) Value [c],100.06151811569418,million USD,sbp_balance_of_trade,monthly
1973-09-30,Imports (BOP) Value [c],102.80871924664248,million USD,sbp_balance_of_trade,monthly
1973-10-31,Imports (BOP) Value [c],82.89705266535952,million USD,sbp_balance_of_trade,monthly
1973-11-30,Imports (BOP) Value [c],95.77207174417558,million USD,sbp_balance_of_trade,monthly
1973-12-31,Imports (BOP) Value [c],112.8258250854144,million USD,sbp_balance_of_trade,monthly
1974-01-31,Imports (BOP) Value [c],163.84437596302,million USD,sbp_balance_of_trade,monthly
1974-02-28,Imports (BOP) Value [c],143.80585516178735,million USD,sbp_balance_of_trade,monthly
1974-03-31,Imports (BOP) Value [c],140.5315870570108,million USD,sbp_balance_of_trade,monthly
1974-04-30,Imports (BOP) Value [c],117.1878045866425,million USD,sbp_balance_of_trade,monthly
1974-05-31,Imports (BOP) Value [c],158.17901991485724,million USD,sbp_balance_of_trade,monthly
1974-06-30,Imports (BOP) Value [c],197.20893307425783,million USD,sbp_balance_of_trade,monthly
1974-07-31,Imports (BOP) Value [c],164.14327278804592,million USD,sbp_balance_of_trade,monthly
1974-08-31,Imports (BOP) Value [c],184.66118188655165,million USD,sbp_balance_of_trade,monthly
1974-09-30,Imports (BOP) Value [c],127.04403017388726,million USD,sbp_balance_of_trade,monthly
1974-10-31,Imports (BOP) Value [c],142.74431714857246,million USD,sbp_balance_of_trade,monthly
1974-11-30,Imports (BOP) Value [c],178.11644265899585,million USD,sbp_balance_of_trade,monthly
1974-12-31,Imports (BOP) Value [c],190.6745937277852,million USD,sbp_balance_of_trade,monthly
1975-01-31,Imports (BOP) Value [c],208.2610571908143,million USD,sbp_balance_of_trade,monthly
1975-02-28,Imports (BOP) Value [c],162.4915007139365,million USD,sbp_balance_of_trade,monthly
1975-03-31,Imports (BOP) Value [c],177.23734108514816,million USD,sbp_balance_of_trade,monthly
1975-04-30,Imports (BOP) Value [c],177.13450662170234,million USD,sbp_balance_of_trade,monthly
1975-05-31,Imports (BOP) Value [c],177.50048700728433,million USD,sbp_balance_of_trade,monthly
1975-06-30,Imports (BOP) Value [c],224.16298616899311,million USD,sbp_balance_of_trade,monthly
1975-07-31,Imports (BOP) Value [c],232.79299897724857,million USD,sbp_balance_of_trade,monthly
1975-08-31,Imports (BOP) Value [c],172.8996545801895,million USD,sbp_balance_of_trade,monthly
1975-09-30,Imports (BOP) Value [c],185.83259896781442,million USD,sbp_balance_of_trade,monthly
1975-10-31,Imports (BOP) Value [c],168.80541998994508,million USD,sbp_balance_of_trade,monthly
1975-11-30,Imports (BOP) Value [c],147.75816192790762,million USD,sbp_balance_of_trade,monthly
1975-12-31,Imports (BOP) Value [c],175.00207464780385,million USD,sbp_balance_of_trade,monthly
1976-01-31,Imports (BOP) Value [c],190.81634947351608,million USD,sbp_balance_of_trade,monthly
1976-02-29,Imports (BOP) Value [c],184.3274937853677,million USD,sbp_balance_of_trade,monthly
1976-03-31,Imports (BOP) Value [c],153.53292441788386,million USD,sbp_balance_of_trade,monthly
1976-04-30,Imports (BOP) Value [c],149.9873235984172,million USD,sbp_balance_of_trade,monthly
1976-05-31,Imports (BOP) Value [c],176.01062309193415,million USD,sbp_balance_of_trade,monthly
1976-06-30,Imports (BOP) Value [c],201.61821492581024,million USD,sbp_balance_of_trade,monthly
1976-07-31,Imports (BOP) Value [c],155.17112004710185,million USD,sbp_balance_of_trade,monthly
1976-08-31,Imports (BOP) Value [c],166.96030165232315,million USD,sbp_balance_of_trade,monthly
1976-09-30,Imports (BOP) Value [c],191.7069621389588,million USD,sbp_balance_of_trade,monthly
1976-10-31,Imports (BOP) Value [c],205.0211603257878,million USD,sbp_balance_of_trade,monthly
1976-11-30,Imports (BOP) Value [c],218.4597087545095,million USD,sbp_balance_of_trade,monthly
1976-12-31,Imports (BOP) Value [c],198.13529253586427,million USD,sbp_balance_of_trade,monthly
1977-01-31,Imports (BOP) Value [c],261.54501686362346,million USD,sbp_balance_of_trade,monthly
1977-02-28,Imports (BOP) Value [c],188.3079735331222,million USD,sbp_balance_of_trade,monthly
1977-03-31,Imports (BOP) Value [c],203.1773126335573,million USD,sbp_balance_of_trade,monthly
1977-04-30,Imports (BOP) Value [c],140.2760872321542,million USD,sbp_balance_of_trade,monthly
1977-05-31,Imports (BOP) Value [c],226.0787643319024,million USD,sbp_balance_of_trade,monthly
1977-06-30,Imports (BOP) Value [c],263.24110803190297,million USD,sbp_balance_of_trade,monthly
1977-07-31,Imports (BOP) Value [c],169.99304633668373,million USD,sbp_balance_of_trade,monthly
1977-08-31,Imports (BOP) Value [c],201.53164491491822,million USD,sbp_balance_of_trade,monthly
1977-09-30,Imports (BOP) Value [c],182.8187430918324,million USD,sbp_balance_of_trade,monthly
1977-10-31,Imports (BOP) Value [c],218.2985025375476,million USD,sbp_balance_of_trade,monthly
1977-11-30,Imports (BOP) Value [c],217.07153203148178,million USD,sbp_balance_of_trade,monthly
1977-12-31,Imports (BOP) Value [c],215.64006644107164,million USD,sbp_balance_of_trade,monthly
1978-01-31,Imports (BOP) Value [c],265.09259891679125,million USD,sbp_balance_of_trade,monthly
1978-02-28,Imports (BOP) Value [c],288.4697715952412,million USD,sbp_balance_of_trade,monthly
1978-03-31,Imports (BOP) Value [c],352.7002557505938,million USD,sbp_balance_of_trade,monthly
1978-04-30,Imports (BOP) Value [c],297.1933991933992,million USD,sbp_balance_of_trade,monthly
1978-05-31,Imports (BOP) Value [c],371.65390165390164,million USD,sbp_balance_of_trade,monthly
1978-06-30,Imports (BOP) Value [c],393.57694157694164,million USD,sbp_balance_of_trade,monthly
1978-07-31,Imports (BOP) Value [c],215.289618429106,million USD,sbp_balance_of_trade,monthly
1978-08-31,Imports (BOP) Value [c],187.57208796655723,million USD,sbp_balance_of_trade,monthly
1978-09-30,Imports (BOP) Value [c],340.6736471396902,million USD,sbp_balance_of_trade,monthly
1978-10-31,Imports (BOP) Value [c],361.5589788633267,million USD,sbp_balance_of_trade,monthly
1978-11-30,Imports (BOP) Value [c],309.0176683220161,million USD,sbp_balance_of_trade,monthly
1978-12-31,Imports (BOP) Value [c],260.83749422879856,million USD,sbp_balance_of_trade,monthly
1979-01-31,Imports (BOP) Value [c],397.180808598543,million USD,sbp_balance_of_trade,monthly
1979-02-28,Imports (BOP) Value [c],293.8895464123552,million USD,sbp_balance_of_trade,monthly
1979-03-31,Imports (BOP) Value [c],384.2831803426371,million USD,sbp_balance_of_trade,monthly
1979-04-30,Imports (BOP) Value [c],357.63711986171876,million USD,sbp_balance_of_trade,monthly
1979-05-31,Imports (BOP) Value [c],367.0649813644466,million USD,sbp_balance_of_trade,monthly
1979-06-30,Imports (BOP) Value [c],340.85345432939016,million USD,sbp_balance_of_trade,monthly
1979-07-31,Imports (BOP) Value [c],438.94161364047415,million USD,sbp_balance_of_trade,monthly
1979-08-31,Imports (BOP) Value [c],260.0566599253522,million USD,sbp_balance_of_trade,monthly
1979-09-30,Imports (BOP) Value [c],389.7896052220523,million USD,sbp_balance_of_trade,monthly
1979-10-31,Imports (BOP) Value [c],409.74633059013496,million USD,sbp_balance_of_trade,monthly
1979-11-30,Imports (BOP) Value [c],302.08710974738676,million USD,sbp_balance_of_trade,monthly
1979-12-31,Imports (BOP) Value [c],347.56049905641765,million USD,sbp_balance_of_trade,monthly
1980-01-31,Imports (BOP) Value [c],432.10724157894305,million USD,sbp_balance_of_trade,monthly
1980-02-29,Imports (BOP) Value [c],388.33823933115343,million USD,sbp_balance_of_trade,monthly
1980-03-31,Imports (BOP) Value [c],424.4030039383882,million USD,sbp_balance_of_trade,monthly
1980-04-30,Imports (BOP) Value [c],434.66179883398434,million USD,sbp_balance_of_trade,monthly
1980-05-31,Imports (BOP) Value [c],579.5801301347659,million USD,sbp_balance_of_trade,monthly
1980-06-30,Imports (BOP) Value [c],449.29342456660333,million USD,sbp_balance_of_trade,monthly
1980-07-31,Imports (BOP) Value [c],452.8578454338011,million USD,sbp_balance_of_trade,monthly
1980-08-31,Imports (BOP) Value [c],468.0945910143665,million USD,sbp_balance_of_trade,monthly
1980-09-30,Imports (BOP) Value [c],493.9970585013274,million USD,sbp_balance_of_trade,monthly
1980-10-31,Imports (BOP) Value [c],414.3083419215797,million USD,sbp_balance_of_trade,monthly
1980-11-30,Imports (BOP) Value [c],418.1370668712441,million USD,sbp_balance_of_trade,monthly
1980-12-31,Imports (BOP) Value [c],488.86772252030755,million USD,sbp_balance_of_trade,monthly
1981-01-31,Imports (BOP) Value [c],457.90875157192954,million USD,sbp_balance_of_trade,monthly
1981-02-28,Imports (BOP) Value [c],458.8834402725934,million USD,sbp_balance_of_trade,monthly
1981-03-31,Imports (BOP) Value [c],414.92497987264875,million USD,sbp_balance_of_trade,monthly
1981-04-30,Imports (BOP) Value [c],502.8962188254224,million USD,sbp_balance_of_trade,monthly
1981-05-31,Imports (BOP) Value [c],482.8382693081256,million USD,sbp_balance_of_trade,monthly
1981-06-30,Imports (BOP) Value [c],509.72005732099757,million USD,sbp_balance_of_trade,monthly
1981-07-31,Imports (BOP) Value [c],399.67612925199677,million USD,sbp_balance_of_trade,monthly
1981-08-31,Imports (BOP) Value [c],408.6361230815756,million USD,sbp_balance_of_trade,monthly
1981-09-30,Imports (BOP) Value [c],523.3039092825893,million USD,sbp_balance_of_trade,monthly
1981-10-31,Imports (BOP) Value [c],500.72310461334433,million USD,sbp_balance_of_trade,monthly
1981-11-30,Imports (BOP) Value [c],470.56532676539626,million USD,sbp_balance_of_trade,monthly
1981-12-31,Imports (BOP) Value [c],525.2674185339297,million USD,sbp_balance_of_trade,monthly
1982-01-31,Imports (BOP) Value [c],439.13074852935847,million USD,sbp_balance_of_trade,monthly
1982-02-28,Imports (BOP) Value [c],424.1330416692683,million USD,sbp_balance_of_trade,monthly
1982-03-31,Imports (BOP) Value [c],499.7479544191722,million USD,sbp_balance_of_trade,monthly
1982-04-30,Imports (BOP) Value [c],532.4389179507622,million USD,sbp_balance_of_trade,monthly
1982-05-31,Imports (BOP) Value [c],527.7687684732258,million USD,sbp_balance_of_trade,monthly
1982-06-30,Imports (BOP) Value [c],519.6805922086181,million USD,sbp_balance_of_trade,monthly
1982-07-31,Imports (BOP) Value [c],426.99463450036427,million USD,sbp_balance_of_trade,monthly
1982-08-31,Imports (BOP) Value [c],509.0853804644383,million USD,sbp_balance_of_trade,monthly
1982-09-30,Imports (BOP) Value [c],388.6678769125914,million USD,sbp_balance_of_trade,monthly
1982-10-31,Imports (BOP) Value [c],491.3840402309567,million USD,sbp_balance_of_trade,monthly
1982-11-30,Imports (BOP) Value [c],512.8470975257951,million USD,sbp_balance_of_trade,monthly
1982-12-31,Imports (BOP) Value [c],467.9362852395163,million USD,sbp_balance_of_trade,monthly
1983-01-31,Imports (BOP) Value [c],518.4723643966398,million USD,sbp_balance_of_trade,monthly
1983-02-28,Imports (BOP) Value [c],399.6391094384489,million USD,sbp_balance_of_trade,monthly
1983-03-31,Imports (BOP) Value [c],444.8984868535152,million USD,sbp_balance_of_trade,monthly
1983-04-30,Imports (BOP) Value [c],457.45094747164325,million USD,sbp_balance_of_trade,monthly
1983-05-31,Imports (BOP) Value [c],487.11867849743817,million USD,sbp_balance_of_trade,monthly
1983-06-30,Imports (BOP) Value [c],513.0552277115719,million USD,sbp_balance_of_trade,monthly
1983-07-31,Imports (BOP) Value [c],413.9253532102422,million USD,sbp_balance_of_trade,monthly
1983-08-31,Imports (BOP) Value [c],532.8999156808368,million USD,sbp_balance_of_trade,monthly
1983-09-30,Imports (BOP) Value [c],378.8508697119516,million USD,sbp_balance_of_trade,monthly
1983-10-31,Imports (BOP) Value [c],492.4532523369982,million USD,sbp_balance_of_trade,monthly
1983-11-30,Imports (BOP) Value [c],532.1708353606604,million USD,sbp_balance_of_trade,monthly
1983-12-31,Imports (BOP) Value [c],417.00326902418607,million USD,sbp_balance_of_trade,monthly
1984-01-31,Imports (BOP) Value [c],545.3798483440494,million USD,sbp_balance_of_trade,monthly
1984-02-29,Imports (BOP) Value [c],499.39832628415024,million USD,sbp_balance_of_trade,monthly
1984-03-31,Imports (BOP) Value [c],537.3858471767466,million USD,sbp_balance_of_trade,monthly
1984-04-30,Imports (BOP) Value [c],546.4445266730685,million USD,sbp_balance_of_trade,monthly
1984-05-31,Imports (BOP) Value [c],522.0391597504582,million USD,sbp_balance_of_trade,monthly
1984-06-30,Imports (BOP) Value [c],572.4065230018329,million USD,sbp_balance_of_trade,monthly
1984-07-31,Imports (BOP) Value [c],602.175506308963,million USD,sbp_balance_of_trade,monthly
1984-08-31,Imports (BOP) Value [c],505.64424056794263,million USD,sbp_balance_of_trade,monthly
1984-09-30,Imports (BOP) Value [c],463.94258291226083,million USD,sbp_balance_of_trade,monthly
1984-10-31,Imports (BOP) Value [c],492.104459771945,million USD,sbp_balance_of_trade,monthly
1984-11-30,Imports (BOP) Value [c],491.1650687758024,million USD,sbp_balance_of_trade,monthly
1984-12-31,Imports (BOP) Value [c],454.20945233154805,million USD,sbp_balance_of_trade,monthly
1985-01-31,Imports (BOP) Value [c],577.3949546925778,million USD,sbp_balance_of_trade,monthly
1985-02-28,Imports (BOP) Value [c],422.6143856186863,million USD,sbp_balance_of_trade,monthly
1985-03-31,Imports (BOP) Value [c],460.50322675271286,million USD,sbp_balance_of_trade,monthly
1985-04-30,Imports (BOP) Value [c],445.87345505621033,million USD,sbp_balance_of_trade,monthly
1985-05-31,Imports (BOP) Value [c],490.0945694058106,million USD,sbp_balance_of_trade,monthly
1985-06-30,Imports (BOP) Value [c],611.2109853761756,million USD,sbp_balance_of_trade,monthly
1985-07-31,Imports (BOP) Value [c],507.37423975757184,million USD,sbp_balance_of_trade,monthly
1985-08-31,Imports (BOP) Value [c],477.18763527834614,million USD,sbp_balance_of_trade,monthly
1985-09-30,Imports (BOP) Value [c],466.04240705998285,million USD,sbp_balance_of_trade,monthly
1985-10-31,Imports (BOP) Value [c],444.2111825098857,million USD,sbp_balance_of_trade,monthly
1985-11-30,Imports (BOP) Value [c],446.20804286042977,million USD,sbp_balance_of_trade,monthly
1985-12-31,Imports (BOP) Value [c],528.728941157947,million USD,sbp_balance_of_trade,monthly
1986-01-31,Imports (BOP) Value [c],544.3258240561835,million USD,sbp_balance_of_trade,monthly
1986-02-28,Imports (BOP) Value [c],452.51342354701075,million USD,sbp_balance_of_trade,monthly
1986-03-31,Imports (BOP) Value [c],505.4312336387529,million USD,sbp_balance_of_trade,monthly
1986-04-30,Imports (BOP) Value [c],592.4951176904981,million USD,sbp_balance_of_trade,monthly
1986-05-31,Imports (BOP) Value [c],518.5362161936705,million USD,sbp_balance_of_trade,monthly
1986-06-30,Imports (BOP) Value [c],517.3469602198101,million USD,sbp_balance_of_trade,monthly
1986-07-31,Imports (BOP) Value [c],521.2159432962715,million USD,sbp_balance_of_trade,monthly
1986-08-31,Imports (BOP) Value [c],428.5956561039363,million USD,sbp_balance_of_trade,monthly
1986-09-30,Imports (BOP) Value [c],432.94004135836127,million USD,sbp_balance_of_trade,monthly
1986-10-31,Imports (BOP) Value [c],514.7851382528443,million USD,sbp_balance_of_trade,monthly
1986-11-30,Imports (BOP) Value [c],503.95387671257515,million USD,sbp_balance_of_trade,monthly
1986-12-31,Imports (BOP) Value [c],437.649267981536,million USD,sbp_balance_of_trade,monthly
1987-01-31,Imports (BOP) Value [c],485.18596149522887,million USD,sbp_balance_of_trade,monthly
1987-02-28,Imports (BOP) Value [c],455.76101666751345,million USD,sbp_balance_of_trade,monthly
1987-03-31,Imports (BOP) Value [c],462.19321029687325,million USD,sbp_balance_of_trade,monthly
1987-04-30,Imports (BOP) Value [c],469.08930740480304,million USD,sbp_balance_of_trade,monthly
1987-05-31,Imports (BOP) Value [c],466.087938232548,million USD,sbp_balance_of_trade,monthly
1987-06-30,Imports (BOP) Value [c],615.720809778426,million USD,sbp_balance_of_trade,monthly
1987-07-31,Imports (BOP) Value [c],507.3070720522821,million USD,sbp_balance_of_trade,monthly
1987-08-31,Imports (BOP) Value [c],511.6295250483858,million USD,sbp_balance_of_trade,monthly
1987-09-30,Imports (BOP) Value [c],591.3417529148566,million USD,sbp_balance_of_trade,monthly
1987-10-31,Imports (BOP) Value [c],576.7247185672529,million USD,sbp_balance_of_trade,monthly
1987-11-30,Imports (BOP) Value [c],545.5611438533474,million USD,sbp_balance_of_trade,monthly
1987-12-31,Imports (BOP) Value [c],554.8444208279958,million USD,sbp_balance_of_trade,monthly
1988-01-31,Imports (BOP) Value [c],592.6866678963735,million USD,sbp_balance_of_trade,monthly
1988-02-29,Imports (BOP) Value [c],546.8713402569064,million USD,sbp_balance_of_trade,monthly
1988-03-31,Imports (BOP) Value [c],631.2447204840985,million USD,sbp_balance_of_trade,monthly
1988-04-30,Imports (BOP) Value [c],589.2658833311268,million USD,sbp_balance_of_trade,monthly
1988-05-31,Imports (BOP) Value [c],535.1467529464014,million USD,sbp_balance_of_trade,monthly
1988-06-30,Imports (BOP) Value [c],734.7142952783419,million USD,sbp_balance_of_trade,monthly
1988-07-31,Imports (BOP) Value [c],487.2068999018173,million USD,sbp_balance_of_trade,monthly
1988-08-31,Imports (BOP) Value [c],519.9818764563008,million USD,sbp_balance_of_trade,monthly
1988-09-30,Imports (BOP) Value [c],608.788790343965,million USD,sbp_balance_of_trade,monthly
1988-10-31,Imports (BOP) Value [c],574.0585114167973,million USD,sbp_balance_of_trade,monthly
1988-11-30,Imports (BOP) Value [c],605.0571895630342,million USD,sbp_balance_of_trade,monthly
1988-12-31,Imports (BOP) Value [c],652.090648705423,million USD,sbp_balance_of_trade,monthly
1989-01-31,Imports (BOP) Value [c],677.2753497168886,million USD,sbp_balance_of_trade,monthly
1989-02-28,Imports (BOP) Value [c],692.7553680128364,million USD,sbp_balance_of_trade,monthly
1989-03-31,Imports (BOP) Value [c],687.1009504051822,million USD,sbp_balance_of_trade,monthly
1989-04-30,Imports (BOP) Value [c],515.0617451425641,million USD,sbp_balance_of_trade,monthly
1989-05-31,Imports (BOP) Value [c],566.6870451408485,million USD,sbp_balance_of_trade,monthly
1989-06-30,Imports (BOP) Value [c],615.2428089522389,million USD,sbp_balance_of_trade,monthly
1989-07-31,Imports (BOP) Value [c],519.3274763878168,million USD,sbp_balance_of_trade,monthly
1989-08-31,Imports (BOP) Value [c],624.1752224184806,million USD,sbp_balance_of_trade,monthly
1989-09-30,Imports (BOP) Value [c],647.0325769760531,million USD,sbp_balance_of_trade,monthly
1989-10-31,Imports (BOP) Value [c],640.3996854013167,million USD,sbp_balance_of_trade,monthly
1989-11-30,Imports (BOP) Value [c],588.2933807037406,million USD,sbp_balance_of_trade,monthly
1989-12-31,Imports (BOP) Value [c],569.5505236847908,million USD,sbp_balance_of_trade,monthly
1990-01-31,Imports (BOP) Value [c],699.8180857617294,million USD,sbp_balance_of_trade,monthly
1990-02-28,Imports (BOP) Value [c],650.4237287413148,million USD,sbp_balance_of_trade,monthly
1990-03-31,Imports (BOP) Value [c],574.5186219957461,million USD,sbp_balance_of_trade,monthly
1990-04-30,Imports (BOP) Value [c],579.0825864866023,million USD,sbp_balance_of_trade,monthly
1990-05-31,Imports (BOP) Value [c],560.6437387129921,million USD,sbp_balance_of_trade,monthly
1990-06-30,Imports (BOP) Value [c],760.738517207104,million USD,sbp_balance_of_trade,monthly
1990-07-31,Imports (BOP) Value [c],587.324740503149,million USD,sbp_balance_of_trade,monthly
1990-08-31,Imports (BOP) Value [c],579.607717190402,million USD,sbp_balance_of_trade,monthly
1990-09-30,Imports (BOP) Value [c],743.742248469359,million USD,sbp_balance_of_trade,monthly
1990-10-31,Imports (BOP) Value [c],753.762153641718,million USD,sbp_balance_of_trade,monthly
1990-11-30,Imports (BOP) Value [c],899.488695287489,million USD,sbp_balance_of_trade,monthly
1990-12-31,Imports (BOP) Value [c],685.05219272575,million USD,sbp_balance_of_trade,monthly
1991-01-31,Imports (BOP) Value [c],686.112015935018,million USD,sbp_balance_of_trade,monthly
1991-02-28,Imports (BOP) Value [c],679.211135225617,million USD,sbp_balance_of_trade,monthly
1991-03-31,Imports (BOP) Value [c],761.484722864306,million USD,sbp_balance_of_trade,monthly
1991-04-30,Imports (BOP) Value [c],655.422879279293,million USD,sbp_balance_of_trade,monthly
1991-05-31,Imports (BOP) Value [c],737.520425154973,million USD,sbp_balance_of_trade,monthly
1991-06-30,Imports (BOP) Value [c],618.55120268087,million USD,sbp_balance_of_trade,monthly
1991-07-31,Imports (BOP) Value [c],851.890428546266,million USD,sbp_balance_of_trade,monthly
1991-08-31,Imports (BOP) Value [c],750.909130891786,million USD,sbp_balance_of_trade,monthly
1991-09-30,Imports (BOP) Value [c],624.843238347785,million USD,sbp_balance_of_trade,monthly
1991-10-31,Imports (BOP) Value [c],700.177061124037,million USD,sbp_balance_of_trade,monthly
1991-11-30,Imports (BOP) Value [c],737.395346574102,million USD,sbp_balance_of_trade,monthly
1991-12-31,Imports (BOP) Value [c],817.356202173664,million USD,sbp_balance_of_trade,monthly
1992-01-31,Imports (BOP) Value [c],845.878535783198,million USD,sbp_balance_of_trade,monthly
1992-02-29,Imports (BOP) Value [c],790.989540603578,million USD,sbp_balance_of_trade,monthly
1992-03-31,Imports (BOP) Value [c],751.309318152355,million USD,sbp_balance_of_trade,monthly
1992-04-30,Imports (BOP) Value [c],674.882844015188,million USD,sbp_balance_of_trade,monthly
1992-05-31,Imports (BOP) Value [c],743.258828263856,million USD,sbp_balance_of_trade,monthly
1992-06-30,Imports (BOP) Value [c],710.760931706384,million USD,sbp_balance_of_trade,monthly
1992-07-31,Imports (BOP) Value [c],740.50516699905,million USD,sbp_balance_of_trade,monthly
1992-08-31,Imports (BOP) Value [c],820.046969320065,million USD,sbp_balance_of_trade,monthly
1992-09-30,Imports (BOP) Value [c],858.035814034093,million USD,sbp_balance_of_trade,monthly
1992-10-31,Imports (BOP) Value [c],910.173824346223,million USD,sbp_balance_of_trade,monthly
1992-11-30,Imports (BOP) Value [c],917.403026454342,million USD,sbp_balance_of_trade,monthly
1992-12-31,Imports (BOP) Value [c],883.672172511243,million USD,sbp_balance_of_trade,monthly
1993-01-31,Imports (BOP) Value [c],911.398787525674,million USD,sbp_balance_of_trade,monthly
1993-02-28,Imports (BOP) Value [c],800.897675301991,million USD,sbp_balance_of_trade,monthly
1993-03-31,Imports (BOP) Value [c],777.723308432635,million USD,sbp_balance_of_trade,monthly
1993-04-30,Imports (BOP) Value [c],779.437646222012,million USD,sbp_balance_of_trade,monthly
1993-05-31,Imports (BOP) Value [c],878.881457118436,million USD,sbp_balance_of_trade,monthly
1993-06-30,Imports (BOP) Value [c],770.611341413773,million USD,sbp_balance_of_trade,monthly
1993-07-31,Imports (BOP) Value [c],880.535987669505,million USD,sbp_balance_of_trade,monthly
1993-08-31,Imports (BOP) Value [c],706.306523812412,million USD,sbp_balance_of_trade,monthly
1993-09-30,Imports (BOP) Value [c],728.06828628704,million USD,sbp_balance_of_trade,monthly
1993-10-31,Imports (BOP) Value [c],701.146650106126,million USD,sbp_balance_of_trade,monthly
1993-11-30,Imports (BOP) Value [c],714.88649378976,million USD,sbp_balance_of_trade,monthly
1993-12-31,Imports (BOP) Value [c],666.81302011416,million USD,sbp_balance_of_trade,monthly
1994-01-31,Imports (BOP) Value [c],767.420668688937,million USD,sbp_balance_of_trade,monthly
1994-02-28,Imports (BOP) Value [c],691.550937460782,million USD,sbp_balance_of_trade,monthly
1994-03-31,Imports (BOP) Value [c],683.373226394952,million USD,sbp_balance_of_trade,monthly
1994-04-30,Imports (BOP) Value [c],730.469780612911,million USD,sbp_balance_of_trade,monthly
1994-05-31,Imports (BOP) Value [c],695.506957956355,million USD,sbp_balance_of_trade,monthly
1994-06-30,Imports (BOP) Value [c],724.857887092706,million USD,sbp_balance_of_trade,monthly
1994-07-31,Imports (BOP) Value [c],746.829434044157,million USD,sbp_balance_of_trade,monthly
1994-08-31,Imports (BOP) Value [c],832.311165819604,million USD,sbp_balance_of_trade,monthly
1994-09-30,Imports (BOP) Value [c],800.436091043503,million USD,sbp_balance_of_trade,monthly
1994-10-31,Imports (BOP) Value [c],822.495944812963,million USD,sbp_balance_of_trade,monthly
1994-11-30,Imports (BOP) Value [c],798.481937061009,million USD,sbp_balance_of_trade,monthly
1994-12-31,Imports (BOP) Value [c],994.53454951792,million USD,sbp_balance_of_trade,monthly
1995-01-31,Imports (BOP) Value [c],866.7632618821,million USD,sbp_balance_of_trade,monthly
1995-02-28,Imports (BOP) Value [c],759.071495454327,million USD,sbp_balance_of_trade,monthly
1995-03-31,Imports (BOP) Value [c],849.387327376119,million USD,sbp_balance_of_trade,monthly
1995-04-30,Imports (BOP) Value [c],859.15188676123,million USD,sbp_balance_of_trade,monthly
1995-05-31,Imports (BOP) Value [c],895.711259775203,million USD,sbp_balance_of_trade,monthly
1995-06-30,Imports (BOP) Value [c],1073.25863689801,million USD,sbp_balance_of_trade,monthly
1995-07-31,Imports (BOP) Value [c],998.0,million USD,sbp_balance_of_trade,monthly
1995-08-31,Imports (BOP) Value [c],899.0,million USD,sbp_balance_of_trade,monthly
1995-09-30,Imports (BOP) Value [c],907.0,million USD,sbp_balance_of_trade,monthly
1995-10-31,Imports (BOP) Value [c],1080.0,million USD,sbp_balance_of_trade,monthly
1995-11-30,Imports (BOP) Value [c],949.0,million USD,sbp_balance_of_trade,monthly
1995-12-31,Imports (BOP) Value [c],1036.0,million USD,sbp_balance_of_trade,monthly
1996-01-31,Imports (BOP) Value [c],1047.0,million USD,sbp_balance_of_trade,monthly
1996-02-29,Imports (BOP) Value [c],920.0,million USD,sbp_balance_of_trade,monthly
1996-03-31,Imports (BOP) Value [c],973.0,million USD,sbp_balance_of_trade,monthly
1996-04-30,Imports (BOP) Value [c],998.0,million USD,sbp_balance_of_trade,monthly
1996-05-31,Imports (BOP) Value [c],1084.0,million USD,sbp_balance_of_trade,monthly
1996-06-30,Imports (BOP) Value [c],1124.0,million USD,sbp_balance_of_trade,monthly
1996-07-31,Imports (BOP) Value [c],908.0,million USD,sbp_balance_of_trade,monthly
1996-08-31,Imports (BOP) Value [c],909.0,million USD,sbp_balance_of_trade,monthly
1996-09-30,Imports (BOP) Value [c],877.0,million USD,sbp_balance_of_trade,monthly
1996-10-31,Imports (BOP) Value [c],1113.0,million USD,sbp_balance_of_trade,monthly
1996-11-30,Imports (BOP) Value [c],971.0,million USD,sbp_balance_of_trade,monthly
1996-12-31,Imports (BOP) Value [c],1147.0,million USD,sbp_balance_of_trade,monthly
1997-01-31,Imports (BOP) Value [c],954.0,million USD,sbp_balance_of_trade,monthly
1997-02-28,Imports (BOP) Value [c],832.0,million USD,sbp_balance_of_trade,monthly
1997-03-31,Imports (BOP) Value [c],815.0,million USD,sbp_balance_of_trade,monthly
1997-04-30,Imports (BOP) Value [c],926.0,million USD,sbp_balance_of_trade,monthly
1997-05-31,Imports (BOP) Value [c],933.0,million USD,sbp_balance_of_trade,monthly
1997-06-30,Imports (BOP) Value [c],851.0,million USD,sbp_balance_of_trade,monthly
1997-07-31,Imports (BOP) Value [c],855.0,million USD,sbp_balance_of_trade,monthly
1997-08-31,Imports (BOP) Value [c],872.0,million USD,sbp_balance_of_trade,monthly
1997-09-30,Imports (BOP) Value [c],746.0,million USD,sbp_balance_of_trade,monthly
1997-10-31,Imports (BOP) Value [c],1036.0,million USD,sbp_balance_of_trade,monthly
1997-11-30,Imports (BOP) Value [c],868.0,million USD,sbp_balance_of_trade,monthly
1997-12-31,Imports (BOP) Value [c],978.0,million USD,sbp_balance_of_trade,monthly
1998-01-31,Imports (BOP) Value [c],756.0,million USD,sbp_balance_of_trade,monthly
1998-02-28,Imports (BOP) Value [c],779.0,million USD,sbp_balance_of_trade,monthly
1998-03-31,Imports (BOP) Value [c],809.0,million USD,sbp_balance_of_trade,monthly
1998-04-30,Imports (BOP) Value [c],885.0,million USD,sbp_balance_of_trade,monthly
1998-05-31,Imports (BOP) Value [c],683.0,million USD,sbp_balance_of_trade,monthly
1998-06-30,Imports (BOP) Value [c],1034.0,million USD,sbp_balance_of_trade,monthly
1998-07-31,Imports (BOP) Value [c],728.0,million USD,sbp_balance_of_trade,monthly
1998-08-31,Imports (BOP) Value [c],645.0,million USD,sbp_balance_of_trade,monthly
1998-09-30,Imports (BOP) Value [c],792.0,million USD,sbp_balance_of_trade,monthly
1998-10-31,Imports (BOP) Value [c],856.0,million USD,sbp_balance_of_trade,monthly
1998-11-30,Imports (BOP) Value [c],892.0,million USD,sbp_balance_of_trade,monthly
1998-12-31,Imports (BOP) Value [c],975.0,million USD,sbp_balance_of_trade,monthly
1999-01-31,Imports (BOP) Value [c],763.0,million USD,sbp_balance_of_trade,monthly
1999-02-28,Imports (BOP) Value [c],751.0,million USD,sbp_balance_of_trade,monthly
1999-03-31,Imports (BOP) Value [c],694.0,million USD,sbp_balance_of_trade,monthly
1999-04-30,Imports (BOP) Value [c],780.0,million USD,sbp_balance_of_trade,monthly
1999-05-31,Imports (BOP) Value [c],783.0,million USD,sbp_balance_of_trade,monthly
1999-06-30,Imports (BOP) Value [c],954.0,million USD,sbp_balance_of_trade,monthly
1999-07-31,Imports (BOP) Value [c],690.0,million USD,sbp_balance_of_trade,monthly
1999-08-31,Imports (BOP) Value [c],738.0,million USD,sbp_balance_of_trade,monthly
1999-09-30,Imports (BOP) Value [c],836.0,million USD,sbp_balance_of_trade,monthly
1999-10-31,Imports (BOP) Value [c],779.0,million USD,sbp_balance_of_trade,monthly
1999-11-30,Imports (BOP) Value [c],826.0,million USD,sbp_balance_of_trade,monthly
1999-12-31,Imports (BOP) Value [c],926.0,million USD,sbp_balance_of_trade,monthly
2000-01-31,Imports (BOP) Value [c],940.0,million USD,sbp_balance_of_trade,monthly
2000-02-29,Imports (BOP) Value [c],820.0,million USD,sbp_balance_of_trade,monthly
2000-03-31,Imports (BOP) Value [c],675.0,million USD,sbp_balance_of_trade,monthly
2000-04-30,Imports (BOP) Value [c],723.0,million USD,sbp_balance_of_trade,monthly
2000-05-31,Imports (BOP) Value [c],816.0,million USD,sbp_balance_of_trade,monthly
2000-06-30,Imports (BOP) Value [c],833.0,million USD,sbp_balance_of_trade,monthly
2000-07-31,Imports (BOP) Value [c],867.0,million USD,sbp_balance_of_trade,monthly
2000-08-31,Imports (BOP) Value [c],918.0,million USD,sbp_balance_of_trade,monthly
2000-09-30,Imports (BOP) Value [c],918.0,million USD,sbp_balance_of_trade,monthly
2000-10-31,Imports (BOP) Value [c],816.0,million USD,sbp_balance_of_trade,monthly
2000-11-30,Imports (BOP) Value [c],901.0,million USD,sbp_balance_of_trade,monthly
2000-12-31,Imports (BOP) Value [c],669.0,million USD,sbp_balance_of_trade,monthly
2001-01-31,Imports (BOP) Value [c],1015.0,million USD,sbp_balance_of_trade,monthly
2001-02-28,Imports (BOP) Value [c],770.0,million USD,sbp_balance_of_trade,monthly
2001-03-31,Imports (BOP) Value [c],885.0,million USD,sbp_balance_of_trade,monthly
2001-04-30,Imports (BOP) Value [c],773.0,million USD,sbp_balance_of_trade,monthly
2001-05-31,Imports (BOP) Value [c],804.0,million USD,sbp_balance_of_trade,monthly
2001-06-30,Imports (BOP) Value [c],866.0,million USD,sbp_balance_of_trade,monthly
2001-07-31,Imports (BOP) Value [c],778.0,million USD,sbp_balance_of_trade,monthly
2001-08-31,Imports (BOP) Value [c],850.0,million USD,sbp_balance_of_trade,monthly
2001-09-30,Imports (BOP) Value [c],784.0,million USD,sbp_balance_of_trade,monthly
2001-10-31,Imports (BOP) Value [c],757.0,million USD,sbp_balance_of_trade,monthly
2001-11-30,Imports (BOP) Value [c],735.0,million USD,sbp_balance_of_trade,monthly
2001-12-31,Imports (BOP) Value [c],724.0,million USD,sbp_balance_of_trade,monthly
2002-01-31,Imports (BOP) Value [c],796.0,million USD,sbp_balance_of_trade,monthly
2002-02-28,Imports (BOP) Value [c],721.0,million USD,sbp_balance_of_trade,monthly
2002-03-31,Imports (BOP) Value [c],716.0,million USD,sbp_balance_of_trade,monthly
2002-04-30,Imports (BOP) Value [c],786.0,million USD,sbp_balance_of_trade,monthly
2002-05-31,Imports (BOP) Value [c],834.0,million USD,sbp_balance_of_trade,monthly
2002-06-30,Imports (BOP) Value [c],953.0,million USD,sbp_balance_of_trade,monthly
2002-07-31,Imports (BOP) Value [c],943.0,million USD,sbp_balance_of_trade,monthly
2002-08-31,Imports (BOP) Value [c],974.0,million USD,sbp_balance_of_trade,monthly
2002-09-30,Imports (BOP) Value [c],852.0,million USD,sbp_balance_of_trade,monthly
2002-10-31,Imports (BOP) Value [c],899.0,million USD,sbp_balance_of_trade,monthly
2002-11-30,Imports (BOP) Value [c],920.0,million USD,sbp_balance_of_trade,monthly
2002-12-31,Imports (BOP) Value [c],1034.0,million USD,sbp_balance_of_trade,monthly
2003-01-31,Imports (BOP) Value [c],924.0,million USD,sbp_balance_of_trade,monthly
2003-02-28,Imports (BOP) Value [c],827.0,million USD,sbp_balance_of_trade,monthly
2003-03-31,Imports (BOP) Value [c],993.0,million USD,sbp_balance_of_trade,monthly
2003-04-30,Imports (BOP) Value [c],979.0,million USD,sbp_balance_of_trade,monthly
2003-05-31,Imports (BOP) Value [c],959.0,million USD,sbp_balance_of_trade,monthly
2003-06-30,Imports (BOP) Value [c],1029.0,million USD,sbp_balance_of_trade,monthly
2003-07-31,Imports (BOP) Value [c],1019.9995690000001,million USD,sbp_balance_of_trade,monthly
2003-08-31,Imports (BOP) Value [c],930.00009664,million USD,sbp_balance_of_trade,monthly
2003-09-30,Imports (BOP) Value [c],1064.0,million USD,sbp_balance_of_trade,monthly
2003-10-31,Imports (BOP) Value [c],1057.0,million USD,sbp_balance_of_trade,monthly
2003-11-30,Imports (BOP) Value [c],876.0,million USD,sbp_balance_of_trade,monthly
2003-12-31,Imports (BOP) Value [c],1271.0,million USD,sbp_balance_of_trade,monthly
2004-01-31,Imports (BOP) Value [c],1168.0,million USD,sbp_balance_of_trade,monthly
2004-02-29,Imports (BOP) Value [c],1212.0,million USD,sbp_balance_of_trade,monthly
2004-03-31,Imports (BOP) Value [c],1222.0,million USD,sbp_balance_of_trade,monthly
2004-04-30,Imports (BOP) Value [c],1230.0,million USD,sbp_balance_of_trade,monthly
2004-05-31,Imports (BOP) Value [c],1166.0,million USD,sbp_balance_of_trade,monthly
2004-06-30,Imports (BOP) Value [c],1388.0,million USD,sbp_balance_of_trade,monthly
2004-07-31,Imports (BOP) Value [c],1440.0936800000002,million USD,sbp_balance_of_trade,monthly
2004-08-31,Imports (BOP) Value [c],1311.0,million USD,sbp_balance_of_trade,monthly
2004-09-30,Imports (BOP) Value [c],1424.0,million USD,sbp_balance_of_trade,monthly
2004-10-31,Imports (BOP) Value [c],1616.0,million USD,sbp_balance_of_trade,monthly
2004-11-30,Imports (BOP) Value [c],1745.0,million USD,sbp_balance_of_trade,monthly
2004-12-31,Imports (BOP) Value [c],1686.0,million USD,sbp_balance_of_trade,monthly
2005-01-31,Imports (BOP) Value [c],1427.0,million USD,sbp_balance_of_trade,monthly
2005-02-28,Imports (BOP) Value [c],1591.0,million USD,sbp_balance_of_trade,monthly
2005-03-31,Imports (BOP) Value [c],1783.0,million USD,sbp_balance_of_trade,monthly
2005-04-30,Imports (BOP) Value [c],1508.0,million USD,sbp_balance_of_trade,monthly
2005-05-31,Imports (BOP) Value [c],1741.0,million USD,sbp_balance_of_trade,monthly
2005-06-30,Imports (BOP) Value [c],1724.0,million USD,sbp_balance_of_trade,monthly
2005-07-31,Imports (BOP) Value [c],1767.10972,million USD,sbp_balance_of_trade,monthly
2005-08-31,Imports (BOP) Value [c],2074.01208,million USD,sbp_balance_of_trade,monthly
2005-09-30,Imports (BOP) Value [c],2058.14848,million USD,sbp_balance_of_trade,monthly
2005-10-31,Imports (BOP) Value [c],2044.8188799999998,million USD,sbp_balance_of_trade,monthly
2005-11-30,Imports (BOP) Value [c],2048.7291999999998,million USD,sbp_balance_of_trade,monthly
2005-12-31,Imports (BOP) Value [c],1951.12548,million USD,sbp_balance_of_trade,monthly
2006-01-31,Imports (BOP) Value [c],2062.6028,million USD,sbp_balance_of_trade,monthly
2006-02-28,Imports (BOP) Value [c],1879.17452,million USD,sbp_balance_of_trade,monthly
2006-03-31,Imports (BOP) Value [c],2297.02748,million USD,sbp_balance_of_trade,monthly
2006-04-30,Imports (BOP) Value [c],1674.0290400000001,million USD,sbp_balance_of_trade,monthly
2006-05-31,Imports (BOP) Value [c],2352.2137599999996,million USD,sbp_balance_of_trade,monthly
2006-06-30,Imports (BOP) Value [c],2683.86636,million USD,sbp_balance_of_trade,monthly
2006-07-31,Imports (BOP) Value [c],2407.88812,million USD,sbp_balance_of_trade,monthly
2006-08-31,Imports (BOP) Value [c],2301.8603200000002,million USD,sbp_balance_of_trade,monthly
2006-09-30,Imports (BOP) Value [c],2196.1262,million USD,sbp_balance_of_trade,monthly
2006-10-31,Imports (BOP) Value [c],2197.4764,million USD,sbp_balance_of_trade,monthly
2006-11-30,Imports (BOP) Value [c],2153.8216399999997,million USD,sbp_balance_of_trade,monthly
2006-12-31,Imports (BOP) Value [c],2390.9173200000005,million USD,sbp_balance_of_trade,monthly
2007-01-31,Imports (BOP) Value [c],2099.0747199999996,million USD,sbp_balance_of_trade,monthly
2007-02-28,Imports (BOP) Value [c],2218.13502584,million USD,sbp_balance_of_trade,monthly
2007-03-31,Imports (BOP) Value [c],2102.88113728,million USD,sbp_balance_of_trade,monthly
2007-04-30,Imports (BOP) Value [c],2174.9851200000003,million USD,sbp_balance_of_trade,monthly
2007-05-31,Imports (BOP) Value [c],2203.9020800000003,million USD,sbp_balance_of_trade,monthly
2007-06-30,Imports (BOP) Value [c],2426.3750232,million USD,sbp_balance_of_trade,monthly
2007-07-31,Imports (BOP) Value [c],2398.92837164,million USD,sbp_balance_of_trade,monthly
2007-08-31,Imports (BOP) Value [c],2255.7346671199994,million USD,sbp_balance_of_trade,monthly
2007-09-30,Imports (BOP) Value [c],2252.30069372,million USD,sbp_balance_of_trade,monthly
2007-10-31,Imports (BOP) Value [c],2593.39274572,million USD,sbp_balance_of_trade,monthly
2007-11-30,Imports (BOP) Value [c],2948.2768024800002,million USD,sbp_balance_of_trade,monthly
2007-12-31,Imports (BOP) Value [c],2965.7706897999997,million USD,sbp_balance_of_trade,monthly
2008-01-31,Imports (BOP) Value [c],3317.6940319600003,million USD,sbp_balance_of_trade,monthly
2008-02-29,Imports (BOP) Value [c],2910.05197896,million USD,sbp_balance_of_trade,monthly
2008-03-31,Imports (BOP) Value [c],3519.96981492,million USD,sbp_balance_of_trade,monthly
2008-04-30,Imports (BOP) Value [c],3383.8215741599997,million USD,sbp_balance_of_trade,monthly
2008-05-31,Imports (BOP) Value [c],3237.3358980400003,million USD,sbp_balance_of_trade,monthly
2008-06-30,Imports (BOP) Value [c],3499.4199980400003,million USD,sbp_balance_of_trade,monthly
2008-07-31,Imports (BOP) Value [c],3366.40540392,million USD,sbp_balance_of_trade,monthly
2008-08-31,Imports (BOP) Value [c],3158.17213608,million USD,sbp_balance_of_trade,monthly
2008-09-30,Imports (BOP) Value [c],3694.11913284,million USD,sbp_balance_of_trade,monthly
2008-10-31,Imports (BOP) Value [c],3227.39305456,million USD,sbp_balance_of_trade,monthly
2008-11-30,Imports (BOP) Value [c],2224.95726104,million USD,sbp_balance_of_trade,monthly
2008-12-31,Imports (BOP) Value [c],2593.84558928,million USD,sbp_balance_of_trade,monthly
2009-01-31,Imports (BOP) Value [c],2138.2960132,million USD,sbp_balance_of_trade,monthly
2009-02-28,Imports (BOP) Value [c],1875.2266494399998,million USD,sbp_balance_of_trade,monthly
2009-03-31,Imports (BOP) Value [c],2248.9842432,million USD,sbp_balance_of_trade,monthly
2009-04-30,Imports (BOP) Value [c],2358.9344261999995,million USD,sbp_balance_of_trade,monthly
2009-05-31,Imports (BOP) Value [c],1994.38945884,million USD,sbp_balance_of_trade,monthly
2009-06-30,Imports (BOP) Value [c],2786.3763983999997,million USD,sbp_balance_of_trade,monthly
2009-07-31,Imports (BOP) Value [c],2814.91447236,million USD,sbp_balance_of_trade,monthly
2009-08-31,Imports (BOP) Value [c],2183.07773324,million USD,sbp_balance_of_trade,monthly
2009-09-30,Imports (BOP) Value [c],2469.8654654399998,million USD,sbp_balance_of_trade,monthly
2009-10-31,Imports (BOP) Value [c],2747.27407,million USD,sbp_balance_of_trade,monthly
2009-11-30,Imports (BOP) Value [c],2184.2497813200002,million USD,sbp_balance_of_trade,monthly
2009-12-31,Imports (BOP) Value [c],2736.46976044,million USD,sbp_balance_of_trade,monthly
2010-01-31,Imports (BOP) Value [c],2532.7049438799995,million USD,sbp_balance_of_trade,monthly
2010-02-28,Imports (BOP) Value [c],2341.28410968,million USD,sbp_balance_of_trade,monthly
2010-03-31,Imports (BOP) Value [c],2474.24176736,million USD,sbp_balance_of_trade,monthly
2010-04-30,Imports (BOP) Value [c],2914.29956528,million USD,sbp_balance_of_trade,monthly
2010-05-31,Imports (BOP) Value [c],2632.81715076,million USD,sbp_balance_of_trade,monthly
2010-06-30,Imports (BOP) Value [c],3101.75225928,million USD,sbp_balance_of_trade,monthly
2010-07-31,Imports (BOP) Value [c],2920.07513088,million USD,sbp_balance_of_trade,monthly
2010-08-31,Imports (BOP) Value [c],2924.85599564,million USD,sbp_balance_of_trade,monthly
2010-09-30,Imports (BOP) Value [c],2391.9561879600005,million USD,sbp_balance_of_trade,monthly
2010-10-31,Imports (BOP) Value [c],2612.9025693600006,million USD,sbp_balance_of_trade,monthly
2010-11-30,Imports (BOP) Value [c],2805.0457970400003,million USD,sbp_balance_of_trade,monthly
2010-12-31,Imports (BOP) Value [c],3191.03349272,million USD,sbp_balance_of_trade,monthly
2011-01-31,Imports (BOP) Value [c],2790.893927440001,million USD,sbp_balance_of_trade,monthly
2011-02-28,Imports (BOP) Value [c],3073.584938640001,million USD,sbp_balance_of_trade,monthly
2011-03-31,Imports (BOP) Value [c],3287.9809932800003,million USD,sbp_balance_of_trade,monthly
2011-04-30,Imports (BOP) Value [c],2903.7512593599995,million USD,sbp_balance_of_trade,monthly
2011-05-31,Imports (BOP) Value [c],3350.4163898000006,million USD,sbp_balance_of_trade,monthly
2011-06-30,Imports (BOP) Value [c],3543.34138884,million USD,sbp_balance_of_trade,monthly
2011-07-31,Imports (BOP) Value [c],3172.0454003000004,million USD,sbp_balance_of_trade,monthly
2011-08-31,Imports (BOP) Value [c],3673.05071232,million USD,sbp_balance_of_trade,monthly
2011-09-30,Imports (BOP) Value [c],3521.5360031000005,million USD,sbp_balance_of_trade,monthly
2011-10-31,Imports (BOP) Value [c],3229.5943053266665,million USD,sbp_balance_of_trade,monthly
2011-11-30,Imports (BOP) Value [c],3172.031558786667,million USD,sbp_balance_of_trade,monthly
2011-12-31,Imports (BOP) Value [c],3275.904663486667,million USD,sbp_balance_of_trade,monthly
2012-01-31,Imports (BOP) Value [c],3366.1017416933337,million USD,sbp_balance_of_trade,monthly
2012-02-29,Imports (BOP) Value [c],3711.7797065433333,million USD,sbp_balance_of_trade,monthly
2012-03-31,Imports (BOP) Value [c],2984.075728473333,million USD,sbp_balance_of_trade,monthly
2012-04-30,Imports (BOP) Value [c],3158.2882112166662,million USD,sbp_balance_of_trade,monthly
2012-05-31,Imports (BOP) Value [c],3452.0436099666663,million USD,sbp_balance_of_trade,monthly
2012-06-30,Imports (BOP) Value [c],3653.092700086667,million USD,sbp_balance_of_trade,monthly
2012-07-31,Imports (BOP) Value [c],3445.783648059336,million USD,sbp_balance_of_trade,monthly
2012-08-31,Imports (BOP) Value [c],3232.1297250087196,million USD,sbp_balance_of_trade,monthly
2012-09-30,Imports (BOP) Value [c],3097.8590077797803,million USD,sbp_balance_of_trade,monthly
2012-10-31,Imports (BOP) Value [c],3742.320903308029,million USD,sbp_balance_of_trade,monthly
2012-11-30,Imports (BOP) Value [c],3424.7976351098155,million USD,sbp_balance_of_trade,monthly
2012-12-31,Imports (BOP) Value [c],3117.0713108951654,million USD,sbp_balance_of_trade,monthly
2013-01-31,Imports (BOP) Value [c],3402.085911724292,million USD,sbp_balance_of_trade,monthly
2013-02-28,Imports (BOP) Value [c],3076.960723722698,million USD,sbp_balance_of_trade,monthly
2013-03-31,Imports (BOP) Value [c],3392.3502361399997,million USD,sbp_balance_of_trade,monthly
2013-04-30,Imports (BOP) Value [c],3441.00951056,million USD,sbp_balance_of_trade,monthly
2013-05-31,Imports (BOP) Value [c],3467.8269157600002,million USD,sbp_balance_of_trade,monthly
2013-06-30,Imports (BOP) Value [c],3316.6969582,million USD,sbp_balance_of_trade,monthly
2013-07-31,Imports (BOP) Value [c],3458.1503587621596,million USD,sbp_balance_of_trade,monthly
2013-08-31,Imports (BOP) Value [c],3467.9371169167066,million USD,sbp_balance_of_trade,monthly
2013-09-30,Imports (BOP) Value [c],3715.0286617201755,million USD,sbp_balance_of_trade,monthly
2013-10-31,Imports (BOP) Value [c],3616.905332008424,million USD,sbp_balance_of_trade,monthly
2013-11-30,Imports (BOP) Value [c],3264.9199252532294,million USD,sbp_balance_of_trade,monthly
2013-12-31,Imports (BOP) Value [c],3593.878609446482,million USD,sbp_balance_of_trade,monthly
2014-01-31,Imports (BOP) Value [c],3596.134884719487,million USD,sbp_balance_of_trade,monthly
2014-02-28,Imports (BOP) Value [c],3159.0330961000004,million USD,sbp_balance_of_trade,monthly
2014-03-31,Imports (BOP) Value [c],3353.94837058,million USD,sbp_balance_of_trade,monthly
2014-04-30,Imports (BOP) Value [c],3329.0693694400006,million USD,sbp_balance_of_trade,monthly
2014-05-31,Imports (BOP) Value [c],3530.9659122800003,million USD,sbp_balance_of_trade,monthly
2014-06-30,Imports (BOP) Value [c],3582.1611160600005,million USD,sbp_balance_of_trade,monthly
2014-07-31,Imports (BOP) Value [c],4021.000216199999,million USD,sbp_balance_of_trade,monthly
2014-08-31,Imports (BOP) Value [c],3931.99967006,million USD,sbp_balance_of_trade,monthly
2014-09-30,Imports (BOP) Value [c],4092.0000695599997,million USD,sbp_balance_of_trade,monthly
2014-10-31,Imports (BOP) Value [c],3569.996033199999,million USD,sbp_balance_of_trade,monthly
2014-11-30,Imports (BOP) Value [c],3099.9972222999995,million USD,sbp_balance_of_trade,monthly
2014-12-31,Imports (BOP) Value [c],3409.0001212600005,million USD,sbp_balance_of_trade,monthly
2015-01-31,Imports (BOP) Value [c],3015.0011138999994,million USD,sbp_balance_of_trade,monthly
2015-02-28,Imports (BOP) Value [c],2799.0000140999996,million USD,sbp_balance_of_trade,monthly
2015-03-31,Imports (BOP) Value [c],3294.00003854,million USD,sbp_balance_of_trade,monthly
2015-04-30,Imports (BOP) Value [c],3045.0000206800005,million USD,sbp_balance_of_trade,monthly
2015-05-31,Imports (BOP) Value [c],3469.999961460001,million USD,sbp_balance_of_trade,monthly
2015-06-30,Imports (BOP) Value [c],3610.0000047,million USD,sbp_balance_of_trade,monthly
2015-07-31,Imports (BOP) Value [c],3596.0,million USD,sbp_balance_of_trade,monthly
2015-08-31,Imports (BOP) Value [c],3222.0,million USD,sbp_balance_of_trade,monthly
2015-09-30,Imports (BOP) Value [c],3257.0,million USD,sbp_balance_of_trade,monthly
2015-10-31,Imports (BOP) Value [c],3254.0,million USD,sbp_balance_of_trade,monthly
2015-11-30,Imports (BOP) Value [c],3152.0,million USD,sbp_balance_of_trade,monthly
2015-12-31,Imports (BOP) Value [c],4101.0,million USD,sbp_balance_of_trade,monthly
2016-01-31,Imports (BOP) Value [c],3357.0,million USD,sbp_balance_of_trade,monthly
2016-02-29,Imports (BOP) Value [c],3086.0,million USD,sbp_balance_of_trade,monthly
2016-03-31,Imports (BOP) Value [c],3321.0,million USD,sbp_balance_of_trade,monthly
2016-04-30,Imports (BOP) Value [c],3168.0,million USD,sbp_balance_of_trade,monthly
2016-05-31,Imports (BOP) Value [c],3577.0,million USD,sbp_balance_of_trade,monthly
2016-06-30,Imports (BOP) Value [c],4027.0,million USD,sbp_balance_of_trade,monthly
2016-07-31,Imports (BOP) Value [c],3119.0,million USD,sbp_balance_of_trade,monthly
2016-08-31,Imports (BOP) Value [c],3916.0,million USD,sbp_balance_of_trade,monthly
2016-09-30,Imports (BOP) Value [c],3125.0,million USD,sbp_balance_of_trade,monthly
2016-10-31,Imports (BOP) Value [c],3482.0,million USD,sbp_balance_of_trade,monthly
2016-11-30,Imports (BOP) Value [c],3939.970926308362,million USD,sbp_balance_of_trade,monthly
2016-12-31,Imports (BOP) Value [c],4082.0,million USD,sbp_balance_of_trade,monthly
2017-01-31,Imports (BOP) Value [c],4327.0,million USD,sbp_balance_of_trade,monthly
2017-02-28,Imports (BOP) Value [c],4021.0,million USD,sbp_balance_of_trade,monthly
2017-03-31,Imports (BOP) Value [c],4348.0,million USD,sbp_balance_of_trade,monthly
2017-04-30,Imports (BOP) Value [c],4072.0000000000005,million USD,sbp_balance_of_trade,monthly
2017-05-31,Imports (BOP) Value [c],4583.0,million USD,sbp_balance_of_trade,monthly
2017-06-30,Imports (BOP) Value [c],4986.0,million USD,sbp_balance_of_trade,monthly
2017-07-31,Imports (BOP) Value [c],4799.0,million USD,sbp_balance_of_trade,monthly
2017-08-31,Imports (BOP) Value [c],4530.0,million USD,sbp_balance_of_trade,monthly
2017-09-30,Imports (BOP) Value [c],3884.0,million USD,sbp_balance_of_trade,monthly
2017-10-31,Imports (BOP) Value [c],4395.0,million USD,sbp_balance_of_trade,monthly
2017-11-30,Imports (BOP) Value [c],4515.0,million USD,sbp_balance_of_trade,monthly
2017-12-31,Imports (BOP) Value [c],4297.0,million USD,sbp_balance_of_trade,monthly
2018-01-31,Imports (BOP) Value [c],4930.0,million USD,sbp_balance_of_trade,monthly
2018-02-28,Imports (BOP) Value [c],4260.0,million USD,sbp_balance_of_trade,monthly
2018-03-31,Imports (BOP) Value [c],5066.0,million USD,sbp_balance_of_trade,monthly
2018-04-30,Imports (BOP) Value [c],4846.0,million USD,sbp_balance_of_trade,monthly
2018-05-31,Imports (BOP) Value [c],5075.0,million USD,sbp_balance_of_trade,monthly
2018-06-30,Imports (BOP) Value [c],5073.964215723674,million USD,sbp_balance_of_trade,monthly
2018-07-31,Imports (BOP) Value [c],5290.014740412568,million USD,sbp_balance_of_trade,monthly
2018-08-31,Imports (BOP) Value [c],4606.048797652487,million USD,sbp_balance_of_trade,monthly
2018-09-30,Imports (BOP) Value [c],4008.0402190569143,million USD,sbp_balance_of_trade,monthly
2018-10-31,Imports (BOP) Value [c],4680.022138379312,million USD,sbp_balance_of_trade,monthly
2018-11-30,Imports (BOP) Value [c],4141.998315042021,million USD,sbp_balance_of_trade,monthly
2018-12-31,Imports (BOP) Value [c],4775.967134888748,million USD,sbp_balance_of_trade,monthly
2019-01-31,Imports (BOP) Value [c],4284.988902817204,million USD,sbp_balance_of_trade,monthly
2019-02-28,Imports (BOP) Value [c],3406.9534613205697,million USD,sbp_balance_of_trade,monthly
2019-03-31,Imports (BOP) Value [c],4118.006853816636,million USD,sbp_balance_of_trade,monthly
2019-04-30,Imports (BOP) Value [c],4134.962613833428,million USD,sbp_balance_of_trade,monthly
2019-05-31,Imports (BOP) Value [c],4384.031165254143,million USD,sbp_balance_of_trade,monthly
2019-06-30,Imports (BOP) Value [c],4037.982390523826,million USD,sbp_balance_of_trade,monthly
2019-07-31,Imports (BOP) Value [c],4222.036299679653,million USD,sbp_balance_of_trade,monthly
2019-08-31,Imports (BOP) Value [c],3556.021559233223,million USD,sbp_balance_of_trade,monthly
2019-09-30,Imports (BOP) Value [c],3497.003709477065,million USD,sbp_balance_of_trade,monthly
2019-10-31,Imports (BOP) Value [c],3647.9828326329643,million USD,sbp_balance_of_trade,monthly
2019-11-30,Imports (BOP) Value [c],3762.0172606023034,million USD,sbp_balance_of_trade,monthly
2019-12-31,Imports (BOP) Value [c],4628.966402774728,million USD,sbp_balance_of_trade,monthly
2020-01-31,Imports (BOP) Value [c],3931.0071688576572,million USD,sbp_balance_of_trade,monthly
2020-02-29,Imports (BOP) Value [c],3581.0398302214626,million USD,sbp_balance_of_trade,monthly
2020-03-31,Imports (BOP) Value [c],3309.9748035919583,million USD,sbp_balance_of_trade,monthly
2020-04-30,Imports (BOP) Value [c],3144.0320303147696,million USD,sbp_balance_of_trade,monthly
2020-05-31,Imports (BOP) Value [c],2805.000702797707,million USD,sbp_balance_of_trade,monthly
2020-06-30,Imports (BOP) Value [c],3560.0170576179994,million USD,sbp_balance_of_trade,monthly
2020-07-31,Imports (BOP) Value [c],3534.0452025202276,million USD,sbp_balance_of_trade,monthly
2020-08-31,Imports (BOP) Value [c],3342.9580728458354,million USD,sbp_balance_of_trade,monthly
2020-09-30,Imports (BOP) Value [c],3820.9986549044675,million USD,sbp_balance_of_trade,monthly
2020-10-31,Imports (BOP) Value [c],3556.967060552831,million USD,sbp_balance_of_trade,monthly
2020-11-30,Imports (BOP) Value [c],4225.01744018139,million USD,sbp_balance_of_trade,monthly
2020-12-31,Imports (BOP) Value [c],5302.001549379085,million USD,sbp_balance_of_trade,monthly
2021-01-31,Imports (BOP) Value [c],4411.999524560317,million USD,sbp_balance_of_trade,monthly
2021-02-28,Imports (BOP) Value [c],4476.039735352699,million USD,sbp_balance_of_trade,monthly
2021-03-31,Imports (BOP) Value [c],5391.964827781289,million USD,sbp_balance_of_trade,monthly
2021-04-30,Imports (BOP) Value [c],4974.962849987959,million USD,sbp_balance_of_trade,monthly
2021-05-31,Imports (BOP) Value [c],4933.9768829551185,million USD,sbp_balance_of_trade,monthly
2021-06-30,Imports (BOP) Value [c],6301.988525846348,million USD,sbp_balance_of_trade,monthly
2021-07-31,Imports (BOP) Value [c],5277.989146933155,million USD,sbp_balance_of_trade,monthly
2021-08-31,Imports (BOP) Value [c],5869.019026044584,million USD,sbp_balance_of_trade,monthly
2021-09-30,Imports (BOP) Value [c],5951.018056598439,million USD,sbp_balance_of_trade,monthly
2021-10-31,Imports (BOP) Value [c],5775.95011951704,million USD,sbp_balance_of_trade,monthly
2021-11-30,Imports (BOP) Value [c],6252.001733931212,million USD,sbp_balance_of_trade,monthly
2021-12-31,Imports (BOP) Value [c],6309.988651057804,million USD,sbp_balance_of_trade,monthly
2022-01-31,Imports (BOP) Value [c],6130.008567386755,million USD,sbp_balance_of_trade,monthly
2022-02-28,Imports (BOP) Value [c],5065.986501758795,million USD,sbp_balance_of_trade,monthly
2022-03-31,Imports (BOP) Value [c],6114.049320948675,million USD,sbp_balance_of_trade,monthly
2022-04-30,Imports (BOP) Value [c],5958.979308520333,million USD,sbp_balance_of_trade,monthly
2022-05-31,Imports (BOP) Value [c],5633.989875325708,million USD,sbp_balance_of_trade,monthly
2022-06-30,Imports (BOP) Value [c],7203.978709475245,million USD,sbp_balance_of_trade,monthly
2022-07-31,Imports (BOP) Value [c],5561.993782369797,million USD,sbp_balance_of_trade,monthly
2022-08-31,Imports (BOP) Value [c],6007.027254998223,million USD,sbp_balance_of_trade,monthly
2022-09-30,Imports (BOP) Value [c],4950.962304168228,million USD,sbp_balance_of_trade,monthly
2022-10-31,Imports (BOP) Value [c],4656.974725593739,million USD,sbp_balance_of_trade,monthly
2022-11-30,Imports (BOP) Value [c],4339.979248142514,million USD,sbp_balance_of_trade,monthly
2022-12-31,Imports (BOP) Value [c],4256.0374162516855,million USD,sbp_balance_of_trade,monthly
2023-01-31,Imports (BOP) Value [c],4109.038474063079,million USD,sbp_balance_of_trade,monthly
2023-02-28,Imports (BOP) Value [c],4104.023746256868,million USD,sbp_balance_of_trade,monthly
2023-03-31,Imports (BOP) Value [c],4157.9555383243705,million USD,sbp_balance_of_trade,monthly
2023-04-30,Imports (BOP) Value [c],3622.049274347249,million USD,sbp_balance_of_trade,monthly
2023-05-31,Imports (BOP) Value [c],3751.989588375021,million USD,sbp_balance_of_trade,monthly
2023-06-30,Imports (BOP) Value [c],3177.039503668383,million USD,sbp_balance_of_trade,monthly
2023-07-31,Imports (BOP) Value [c],4148.955561595264,million USD,sbp_balance_of_trade,monthly
2023-08-31,Imports (BOP) Value [c],4218.021672920184,million USD,sbp_balance_of_trade,monthly
2023-09-30,Imports (BOP) Value [c],3929.025636983685,million USD,sbp_balance_of_trade,monthly
2023-10-31,Imports (BOP) Value [c],4381.992597400988,million USD,sbp_balance_of_trade,monthly
2023-11-30,Imports (BOP) Value [c],4536.985460053413,million USD,sbp_balance_of_trade,monthly
2023-12-31,Imports (BOP) Value [c],4199.9721453773245,million USD,sbp_balance_of_trade,monthly
2024-01-31,Imports (BOP) Value [c],4685.950464429592,million USD,sbp_balance_of_trade,monthly
2024-02-29,Imports (BOP) Value [c],4383.000358052389,million USD,sbp_balance_of_trade,monthly
2024-03-31,Imports (BOP) Value [c],4572.969520452146,million USD,sbp_balance_of_trade,monthly
2024-04-30,Imports (BOP) Value [c],4447.978625109736,million USD,sbp_balance_of_trade,monthly
2024-05-31,Imports (BOP) Value [c],5013.999427504672,million USD,sbp_balance_of_trade,monthly
2024-06-30,Imports (BOP) Value [c],4637.970811633002,million USD,sbp_balance_of_trade,monthly
2024-07-31,Imports (BOP) Value [c],4849.957315524777,million USD,sbp_balance_of_trade,monthly
2024-08-31,Imports (BOP) Value [c],4707.996144217586,million USD,sbp_balance_of_trade,monthly
2024-09-30,Imports (BOP) Value [c],4691.010676379278,million USD,sbp_balance_of_trade,monthly
2024-10-31,Imports (BOP) Value [c],4646.996517214024,million USD,sbp_balance_of_trade,monthly
2024-11-30,Imports (BOP) Value [c],4119.026112984305,million USD,sbp_balance_of_trade,monthly
2024-12-31,Imports (BOP) Value [c],4893.976456182777,million USD,sbp_balance_of_trade,monthly
2025-01-31,Imports (BOP) Value [c],5481.006427659352,million USD,sbp_balance_of_trade,monthly
2025-02-28,Imports (BOP) Value [c],5051.007581950805,million USD,sbp_balance_of_trade,monthly
2025-03-31,Imports (BOP) Value [c],4938.005694487745,million USD,sbp_balance_of_trade,monthly
2025-04-30,Imports (BOP) Value [c],5245.950188997071,million USD,sbp_balance_of_trade,monthly
2025-05-31,Imports (BOP) Value [c],5501.040270493438,million USD,sbp_balance_of_trade,monthly
2025-06-30,Imports (BOP) Value [c],5020.045573203479,million USD,sbp_balance_of_trade,monthly
2025-07-31,Imports (BOP) Value [c],5429.0349354247965,million USD,sbp_balance_of_trade,monthly
2025-08-31,Imports (BOP) Value [c],5020.0444189286445,million USD,sbp_balance_of_trade,monthly
2025-09-30,Imports (BOP) Value [c],5040.007446348843,million USD,sbp_balance_of_trade,monthly
2025-10-31,Imports (BOP) Value [c],5395.984636904518,million USD,sbp_balance_of_trade,monthly
2025-11-30,Imports (BOP) Value [c],4730.024641336963,million USD,sbp_balance_of_trade,monthly
2025-12-31,Imports (BOP) Value [c],5765.001176260169,million USD,sbp_balance_of_trade,monthly
2026-01-31,Imports (BOP) Value [c],5339.017875932362,million USD,sbp_balance_of_trade,monthly
2026-02-28,Imports (BOP) Value [c],5113.9657999384535,million USD,sbp_balance_of_trade,monthly
2026-03-31,Imports (BOP) Value [c],4856.992344891539,million USD,sbp_balance_of_trade,monthly
2026-04-30,Imports (BOP) Value [c],5989.006755921247,million USD,sbp_balance_of_trade,monthly
2026-05-31,Imports (BOP) Value [c],5639.773667076334,million USD,sbp_balance_of_trade,monthly
2026-06-30,Imports (BOP) Value [c],6147.035967769338,million USD,sbp_balance_of_trade,monthly
