date,series,value,unit,source_id,frequency
2015-09-30,1. Crops (i+ii+iii) — level,596142.5856811173,million PKR (constant basic prices),sbp_gdp_quarterly,quarterly
2015-12-31,1. Crops (i+ii+iii) — level,783933.1281896025,million PKR (constant basic prices),sbp_gdp_quarterly,quarterly
2016-03-31,1. Crops (i+ii+iii) — level,563443.2249172295,million PKR (constant basic prices),sbp_gdp_quarterly,quarterly
2016-06-30,1. Crops (i+ii+iii) — level,553634.0612120506,million PKR (constant basic prices),sbp_gdp_quarterly,quarterly
2016-09-30,1. Crops (i+ii+iii) — level,606262.8204445044,million PKR (constant basic prices),sbp_gdp_quarterly,quarterly
2016-12-31,1. Crops (i+ii+iii) — level,766077.8565975544,million PKR (constant basic prices),sbp_gdp_quarterly,quarterly
2017-03-31,1. Crops (i+ii+iii) — level,571836.1743233227,million PKR (constant basic prices),sbp_gdp_quarterly,quarterly
2017-06-30,1. Crops (i+ii+iii) — level,587261.1486346186,million PKR (constant basic prices),sbp_gdp_quarterly,quarterly
2017-09-30,1. Crops (i+ii+iii) — level,648163.9114636938,million PKR (constant basic prices),sbp_gdp_quarterly,quarterly
2017-12-31,1. Crops (i+ii+iii) — level,771162.0447030759,million PKR (constant basic prices),sbp_gdp_quarterly,quarterly
2018-03-31,1. Crops (i+ii+iii) — level,605016.1436043457,million PKR (constant basic prices),sbp_gdp_quarterly,quarterly
2018-06-30,1. Crops (i+ii+iii) — level,623785.9002288844,million PKR (constant basic prices),sbp_gdp_quarterly,quarterly
2018-09-30,1. Crops (i+ii+iii) — level,621431.8003270379,million PKR (constant basic prices),sbp_gdp_quarterly,quarterly
2018-12-31,1. Crops (i+ii+iii) — level,748098.28084152,million PKR (constant basic prices),sbp_gdp_quarterly,quarterly
2019-03-31,1. Crops (i+ii+iii) — level,577617.4507902684,million PKR (constant basic prices),sbp_gdp_quarterly,quarterly
2019-06-30,1. Crops (i+ii+iii) — level,584922.4680411734,million PKR (constant basic prices),sbp_gdp_quarterly,quarterly
2019-09-30,1. Crops (i+ii+iii) — level,654557.8298130083,million PKR (constant basic prices),sbp_gdp_quarterly,quarterly
2019-12-31,1. Crops (i+ii+iii) — level,806790.950926941,million PKR (constant basic prices),sbp_gdp_quarterly,quarterly
2020-03-31,1. Crops (i+ii+iii) — level,626589.7492651938,million PKR (constant basic prices),sbp_gdp_quarterly,quarterly
2020-06-30,1. Crops (i+ii+iii) — level,604182.4699948569,million PKR (constant basic prices),sbp_gdp_quarterly,quarterly
2020-09-30,1. Crops (i+ii+iii) — level,693767.1346062036,million PKR (constant basic prices),sbp_gdp_quarterly,quarterly
2020-12-31,1. Crops (i+ii+iii) — level,860222.6194026842,million PKR (constant basic prices),sbp_gdp_quarterly,quarterly
2021-03-31,1. Crops (i+ii+iii) — level,675697.9751672429,million PKR (constant basic prices),sbp_gdp_quarterly,quarterly
2021-06-30,1. Crops (i+ii+iii) — level,619460.27082387,million PKR (constant basic prices),sbp_gdp_quarterly,quarterly
2021-09-30,1. Crops (i+ii+iii) — level,763065.9222323844,million PKR (constant basic prices),sbp_gdp_quarterly,quarterly
2021-12-31,1. Crops (i+ii+iii) — level,895887.6329226028,million PKR (constant basic prices),sbp_gdp_quarterly,quarterly
2022-03-31,1. Crops (i+ii+iii) — level,740988.5835070167,million PKR (constant basic prices),sbp_gdp_quarterly,quarterly
2022-06-30,1. Crops (i+ii+iii) — level,683496.8613379961,million PKR (constant basic prices),sbp_gdp_quarterly,quarterly
2022-09-30,1. Crops (i+ii+iii) — level,698975.2159415826,million PKR (constant basic prices),sbp_gdp_quarterly,quarterly
2022-12-31,1. Crops (i+ii+iii) — level,930063.9252842097,million PKR (constant basic prices),sbp_gdp_quarterly,quarterly
2023-03-31,1. Crops (i+ii+iii) — level,763936.0395419068,million PKR (constant basic prices),sbp_gdp_quarterly,quarterly
2023-06-30,1. Crops (i+ii+iii) — level,654448.8192323012,million PKR (constant basic prices),sbp_gdp_quarterly,quarterly
2023-09-30,1. Crops (i+ii+iii) — level,815756.5604676845,million PKR (constant basic prices),sbp_gdp_quarterly,quarterly
2023-12-31,1. Crops (i+ii+iii) — level,1030482.163696315,million PKR (constant basic prices),sbp_gdp_quarterly,quarterly
2024-03-31,1. Crops (i+ii+iii) — level,786519.2104995023,million PKR (constant basic prices),sbp_gdp_quarterly,quarterly
2024-06-30,1. Crops (i+ii+iii) — level,745503.0653364982,million PKR (constant basic prices),sbp_gdp_quarterly,quarterly
2024-09-30,1. Crops (i+ii+iii) — level,814119.727114492,million PKR (constant basic prices),sbp_gdp_quarterly,quarterly
2024-12-31,1. Crops (i+ii+iii) — level,1001163.9196823646,million PKR (constant basic prices),sbp_gdp_quarterly,quarterly
2025-03-31,1. Crops (i+ii+iii) — level,800444.0986968451,million PKR (constant basic prices),sbp_gdp_quarterly,quarterly
2025-06-30,1. Crops (i+ii+iii) — level,728569.2545062981,million PKR (constant basic prices),sbp_gdp_quarterly,quarterly
2025-09-30,1. Crops (i+ii+iii) — level,811150.8822615728,million PKR (constant basic prices),sbp_gdp_quarterly,quarterly
2025-12-31,1. Crops (i+ii+iii) — level,1014866.9936926134,million PKR (constant basic prices),sbp_gdp_quarterly,quarterly
2026-03-31,1. Crops (i+ii+iii) — level,815146.6767573752,million PKR (constant basic prices),sbp_gdp_quarterly,quarterly
2015-09-30,1. Mining & Quarrying — level,171720.0,million PKR (constant basic prices),sbp_gdp_quarterly,quarterly
2015-12-31,1. Mining & Quarrying — level,175680.0,million PKR (constant basic prices),sbp_gdp_quarterly,quarterly
2016-03-31,1. Mining & Quarrying — level,172046.0,million PKR (constant basic prices),sbp_gdp_quarterly,quarterly
2016-06-30,1. Mining & Quarrying — level,171813.0,million PKR (constant basic prices),sbp_gdp_quarterly,quarterly
2016-09-30,1. Mining & Quarrying — level,162316.0,million PKR (constant basic prices),sbp_gdp_quarterly,quarterly
2016-12-31,1. Mining & Quarrying — level,175470.0,million PKR (constant basic prices),sbp_gdp_quarterly,quarterly
2017-03-31,1. Mining & Quarrying — level,171708.0,million PKR (constant basic prices),sbp_gdp_quarterly,quarterly
2017-06-30,1. Mining & Quarrying — level,175610.0,million PKR (constant basic prices),sbp_gdp_quarterly,quarterly
2017-09-30,1. Mining & Quarrying — level,174695.0,million PKR (constant basic prices),sbp_gdp_quarterly,quarterly
2017-12-31,1. Mining & Quarrying — level,189422.0,million PKR (constant basic prices),sbp_gdp_quarterly,quarterly
2018-03-31,1. Mining & Quarrying — level,185264.0,million PKR (constant basic prices),sbp_gdp_quarterly,quarterly
2018-06-30,1. Mining & Quarrying — level,185437.0,million PKR (constant basic prices),sbp_gdp_quarterly,quarterly
2018-09-30,1. Mining & Quarrying — level,181628.5019500062,million PKR (constant basic prices),sbp_gdp_quarterly,quarterly
2018-12-31,1. Mining & Quarrying — level,188366.8510890805,million PKR (constant basic prices),sbp_gdp_quarterly,quarterly
2019-03-31,1. Mining & Quarrying — level,185847.46832491623,million PKR (constant basic prices),sbp_gdp_quarterly,quarterly
2019-06-30,1. Mining & Quarrying — level,182948.17863599703,million PKR (constant basic prices),sbp_gdp_quarterly,quarterly
2019-09-30,1. Mining & Quarrying — level,168257.0,million PKR (constant basic prices),sbp_gdp_quarterly,quarterly
2019-12-31,1. Mining & Quarrying — level,179445.0,million PKR (constant basic prices),sbp_gdp_quarterly,quarterly
2020-03-31,1. Mining & Quarrying — level,181547.0,million PKR (constant basic prices),sbp_gdp_quarterly,quarterly
2020-06-30,1. Mining & Quarrying — level,156594.0,million PKR (constant basic prices),sbp_gdp_quarterly,quarterly
2020-09-30,1. Mining & Quarrying — level,173362.0,million PKR (constant basic prices),sbp_gdp_quarterly,quarterly
2020-12-31,1. Mining & Quarrying — level,179612.0,million PKR (constant basic prices),sbp_gdp_quarterly,quarterly
2021-03-31,1. Mining & Quarrying — level,176198.0,million PKR (constant basic prices),sbp_gdp_quarterly,quarterly
2021-06-30,1. Mining & Quarrying — level,168497.0,million PKR (constant basic prices),sbp_gdp_quarterly,quarterly
2021-09-30,1. Mining & Quarrying — level,179790.0,million PKR (constant basic prices),sbp_gdp_quarterly,quarterly
2021-12-31,1. Mining & Quarrying — level,159613.0,million PKR (constant basic prices),sbp_gdp_quarterly,quarterly
2022-03-31,1. Mining & Quarrying — level,151507.0,million PKR (constant basic prices),sbp_gdp_quarterly,quarterly
2022-06-30,1. Mining & Quarrying — level,160298.0,million PKR (constant basic prices),sbp_gdp_quarterly,quarterly
2022-09-30,1. Mining & Quarrying — level,148177.0,million PKR (constant basic prices),sbp_gdp_quarterly,quarterly
2022-12-31,1. Mining & Quarrying — level,157816.0,million PKR (constant basic prices),sbp_gdp_quarterly,quarterly
2023-03-31,1. Mining & Quarrying — level,161898.0,million PKR (constant basic prices),sbp_gdp_quarterly,quarterly
2023-06-30,1. Mining & Quarrying — level,162252.0,million PKR (constant basic prices),sbp_gdp_quarterly,quarterly
2023-09-30,1. Mining & Quarrying — level,159745.0,million PKR (constant basic prices),sbp_gdp_quarterly,quarterly
2023-12-31,1. Mining & Quarrying — level,155560.0,million PKR (constant basic prices),sbp_gdp_quarterly,quarterly
2024-03-31,1. Mining & Quarrying — level,153150.0,million PKR (constant basic prices),sbp_gdp_quarterly,quarterly
2024-06-30,1. Mining & Quarrying — level,146359.0,million PKR (constant basic prices),sbp_gdp_quarterly,quarterly
2024-09-30,1. Mining & Quarrying — level,150440.0,million PKR (constant basic prices),sbp_gdp_quarterly,quarterly
2024-12-31,1. Mining & Quarrying — level,150928.0,million PKR (constant basic prices),sbp_gdp_quarterly,quarterly
2025-03-31,1. Mining & Quarrying — level,147150.0,million PKR (constant basic prices),sbp_gdp_quarterly,quarterly
2025-06-30,1. Mining & Quarrying — level,143387.0,million PKR (constant basic prices),sbp_gdp_quarterly,quarterly
2025-09-30,1. Mining & Quarrying — level,144889.0,million PKR (constant basic prices),sbp_gdp_quarterly,quarterly
2025-12-31,1. Mining & Quarrying — level,147101.0,million PKR (constant basic prices),sbp_gdp_quarterly,quarterly
2026-03-31,1. Mining & Quarrying — level,143405.0,million PKR (constant basic prices),sbp_gdp_quarterly,quarterly
2015-09-30,1. Wholesale & Retail Trade — level,1271742.2610259065,million PKR (constant basic prices),sbp_gdp_quarterly,quarterly
2015-12-31,1. Wholesale & Retail Trade — level,1359541.2519311174,million PKR (constant basic prices),sbp_gdp_quarterly,quarterly
2016-03-31,1. Wholesale & Retail Trade — level,1411017.467963397,million PKR (constant basic prices),sbp_gdp_quarterly,quarterly
2016-06-30,1. Wholesale & Retail Trade — level,1338029.0190795793,million PKR (constant basic prices),sbp_gdp_quarterly,quarterly
2016-09-30,1. Wholesale & Retail Trade — level,1320878.9761362164,million PKR (constant basic prices),sbp_gdp_quarterly,quarterly
2016-12-31,1. Wholesale & Retail Trade — level,1437440.768951676,million PKR (constant basic prices),sbp_gdp_quarterly,quarterly
2017-03-31,1. Wholesale & Retail Trade — level,1529999.0765394724,million PKR (constant basic prices),sbp_gdp_quarterly,quarterly
2017-06-30,1. Wholesale & Retail Trade — level,1438956.1783726355,million PKR (constant basic prices),sbp_gdp_quarterly,quarterly
2017-09-30,1. Wholesale & Retail Trade — level,1467355.5187492664,million PKR (constant basic prices),sbp_gdp_quarterly,quarterly
2017-12-31,1. Wholesale & Retail Trade — level,1512678.9637832842,million PKR (constant basic prices),sbp_gdp_quarterly,quarterly
2018-03-31,1. Wholesale & Retail Trade — level,1620439.621119689,million PKR (constant basic prices),sbp_gdp_quarterly,quarterly
2018-06-30,1. Wholesale & Retail Trade — level,1514186.8963477602,million PKR (constant basic prices),sbp_gdp_quarterly,quarterly
2018-09-30,1. Wholesale & Retail Trade — level,1491404.868191866,million PKR (constant basic prices),sbp_gdp_quarterly,quarterly
2018-12-31,1. Wholesale & Retail Trade — level,1569466.3222672413,million PKR (constant basic prices),sbp_gdp_quarterly,quarterly
2019-03-31,1. Wholesale & Retail Trade — level,1659096.7212791536,million PKR (constant basic prices),sbp_gdp_quarterly,quarterly
2019-06-30,1. Wholesale & Retail Trade — level,1611766.0882617391,million PKR (constant basic prices),sbp_gdp_quarterly,quarterly
2019-09-30,1. Wholesale & Retail Trade — level,1515983.5116407874,million PKR (constant basic prices),sbp_gdp_quarterly,quarterly
2019-12-31,1. Wholesale & Retail Trade — level,1590354.4694690441,million PKR (constant basic prices),sbp_gdp_quarterly,quarterly
2020-03-31,1. Wholesale & Retail Trade — level,1599610.252273843,million PKR (constant basic prices),sbp_gdp_quarterly,quarterly
2020-06-30,1. Wholesale & Retail Trade — level,1292758.7666163258,million PKR (constant basic prices),sbp_gdp_quarterly,quarterly
2020-09-30,1. Wholesale & Retail Trade — level,1539064.6940202895,million PKR (constant basic prices),sbp_gdp_quarterly,quarterly
2020-12-31,1. Wholesale & Retail Trade — level,1700245.228448542,million PKR (constant basic prices),sbp_gdp_quarterly,quarterly
2021-03-31,1. Wholesale & Retail Trade — level,1756788.1329330534,million PKR (constant basic prices),sbp_gdp_quarterly,quarterly
2021-06-30,1. Wholesale & Retail Trade — level,1651100.9445981141,million PKR (constant basic prices),sbp_gdp_quarterly,quarterly
2021-09-30,1. Wholesale & Retail Trade — level,1699970.0267439953,million PKR (constant basic prices),sbp_gdp_quarterly,quarterly
2021-12-31,1. Wholesale & Retail Trade — level,1814749.7257112102,million PKR (constant basic prices),sbp_gdp_quarterly,quarterly
2022-03-31,1. Wholesale & Retail Trade — level,1965327.9385984996,million PKR (constant basic prices),sbp_gdp_quarterly,quarterly
2022-06-30,1. Wholesale & Retail Trade — level,1845834.3089462952,million PKR (constant basic prices),sbp_gdp_quarterly,quarterly
2022-09-30,1. Wholesale & Retail Trade — level,1703406.1635076425,million PKR (constant basic prices),sbp_gdp_quarterly,quarterly
2022-12-31,1. Wholesale & Retail Trade — level,1826835.9116814532,million PKR (constant basic prices),sbp_gdp_quarterly,quarterly
2023-03-31,1. Wholesale & Retail Trade — level,1839171.2432960558,million PKR (constant basic prices),sbp_gdp_quarterly,quarterly
2023-06-30,1. Wholesale & Retail Trade — level,1665143.681514849,million PKR (constant basic prices),sbp_gdp_quarterly,quarterly
2023-09-30,1. Wholesale & Retail Trade — level,1761752.592078623,million PKR (constant basic prices),sbp_gdp_quarterly,quarterly
2023-12-31,1. Wholesale & Retail Trade — level,1874510.9335242982,million PKR (constant basic prices),sbp_gdp_quarterly,quarterly
2024-03-31,1. Wholesale & Retail Trade — level,1889501.2256357807,million PKR (constant basic prices),sbp_gdp_quarterly,quarterly
2024-06-30,1. Wholesale & Retail Trade — level,1744101.2487612984,million PKR (constant basic prices),sbp_gdp_quarterly,quarterly
2024-09-30,1. Wholesale & Retail Trade — level,1772259.6144712684,million PKR (constant basic prices),sbp_gdp_quarterly,quarterly
2024-12-31,1. Wholesale & Retail Trade — level,1857093.3991317726,million PKR (constant basic prices),sbp_gdp_quarterly,quarterly
2025-03-31,1. Wholesale & Retail Trade — level,1885981.6990392709,million PKR (constant basic prices),sbp_gdp_quarterly,quarterly
2025-06-30,1. Wholesale & Retail Trade — level,1789414.2873576882,million PKR (constant basic prices),sbp_gdp_quarterly,quarterly
2025-09-30,1. Wholesale & Retail Trade — level,1827639.7997647673,million PKR (constant basic prices),sbp_gdp_quarterly,quarterly
2025-12-31,1. Wholesale & Retail Trade — level,1943702.6830623264,million PKR (constant basic prices),sbp_gdp_quarterly,quarterly
2026-03-31,1. Wholesale & Retail Trade — level,1963928.7328920423,million PKR (constant basic prices),sbp_gdp_quarterly,quarterly
2015-09-30,10. Other Private Services — level,557921.8848241866,million PKR (constant basic prices),sbp_gdp_quarterly,quarterly
2015-12-31,10. Other Private Services — level,571760.6765146821,million PKR (constant basic prices),sbp_gdp_quarterly,quarterly
2016-03-31,10. Other Private Services — level,579603.4359112146,million PKR (constant basic prices),sbp_gdp_quarterly,quarterly
2016-06-30,10. Other Private Services — level,588468.0027499166,million PKR (constant basic prices),sbp_gdp_quarterly,quarterly
2016-09-30,10. Other Private Services — level,596123.0074215594,million PKR (constant basic prices),sbp_gdp_quarterly,quarterly
2016-12-31,10. Other Private Services — level,609758.1138103304,million PKR (constant basic prices),sbp_gdp_quarterly,quarterly
2017-03-31,10. Other Private Services — level,624998.7311707117,million PKR (constant basic prices),sbp_gdp_quarterly,quarterly
2017-06-30,10. Other Private Services — level,636139.1475973987,million PKR (constant basic prices),sbp_gdp_quarterly,quarterly
2017-09-30,10. Other Private Services — level,645270.0148679676,million PKR (constant basic prices),sbp_gdp_quarterly,quarterly
2017-12-31,10. Other Private Services — level,656537.3056456165,million PKR (constant basic prices),sbp_gdp_quarterly,quarterly
2018-03-31,10. Other Private Services — level,670718.7721591296,million PKR (constant basic prices),sbp_gdp_quarterly,quarterly
2018-06-30,10. Other Private Services — level,682797.907327286,million PKR (constant basic prices),sbp_gdp_quarterly,quarterly
2018-09-30,10. Other Private Services — level,687999.3882530648,million PKR (constant basic prices),sbp_gdp_quarterly,quarterly
2018-12-31,10. Other Private Services — level,700400.8862917116,million PKR (constant basic prices),sbp_gdp_quarterly,quarterly
2019-03-31,10. Other Private Services — level,711084.5667501143,million PKR (constant basic prices),sbp_gdp_quarterly,quarterly
2019-06-30,10. Other Private Services — level,719709.1587051095,million PKR (constant basic prices),sbp_gdp_quarterly,quarterly
2019-09-30,10. Other Private Services — level,729881.5134329807,million PKR (constant basic prices),sbp_gdp_quarterly,quarterly
2019-12-31,10. Other Private Services — level,734127.6955993715,million PKR (constant basic prices),sbp_gdp_quarterly,quarterly
2020-03-31,10. Other Private Services — level,743074.2458127516,million PKR (constant basic prices),sbp_gdp_quarterly,quarterly
2020-06-30,10. Other Private Services — level,753176.5451548959,million PKR (constant basic prices),sbp_gdp_quarterly,quarterly
2020-09-30,10. Other Private Services — level,763888.6885673124,million PKR (constant basic prices),sbp_gdp_quarterly,quarterly
2020-12-31,10. Other Private Services — level,774036.8354966796,million PKR (constant basic prices),sbp_gdp_quarterly,quarterly
2021-03-31,10. Other Private Services — level,780270.1201874532,million PKR (constant basic prices),sbp_gdp_quarterly,quarterly
2021-06-30,10. Other Private Services — level,791835.3557485547,million PKR (constant basic prices),sbp_gdp_quarterly,quarterly
2021-09-30,10. Other Private Services — level,799057.7494728945,million PKR (constant basic prices),sbp_gdp_quarterly,quarterly
2021-12-31,10. Other Private Services — level,808866.8738146042,million PKR (constant basic prices),sbp_gdp_quarterly,quarterly
2022-03-31,10. Other Private Services — level,820391.1920289994,million PKR (constant basic prices),sbp_gdp_quarterly,quarterly
2022-06-30,10. Other Private Services — level,828790.1951027589,million PKR (constant basic prices),sbp_gdp_quarterly,quarterly
2022-09-30,10. Other Private Services — level,835506.8444000144,million PKR (constant basic prices),sbp_gdp_quarterly,quarterly
2022-12-31,10. Other Private Services — level,843561.602255642,million PKR (constant basic prices),sbp_gdp_quarterly,quarterly
2023-03-31,10. Other Private Services — level,854641.2623630569,million PKR (constant basic prices),sbp_gdp_quarterly,quarterly
2023-06-30,10. Other Private Services — level,860943.4705369336,million PKR (constant basic prices),sbp_gdp_quarterly,quarterly
2023-09-30,10. Other Private Services — level,866896.9885279209,million PKR (constant basic prices),sbp_gdp_quarterly,quarterly
2023-12-31,10. Other Private Services — level,874946.2945403921,million PKR (constant basic prices),sbp_gdp_quarterly,quarterly
2024-03-31,10. Other Private Services — level,883326.4981393797,million PKR (constant basic prices),sbp_gdp_quarterly,quarterly
2024-06-30,10. Other Private Services — level,892940.2187923077,million PKR (constant basic prices),sbp_gdp_quarterly,quarterly
2024-09-30,10. Other Private Services — level,901708.3222763964,million PKR (constant basic prices),sbp_gdp_quarterly,quarterly
2024-12-31,10. Other Private Services — level,910556.4001156979,million PKR (constant basic prices),sbp_gdp_quarterly,quarterly
2025-03-31,10. Other Private Services — level,917816.2202489302,million PKR (constant basic prices),sbp_gdp_quarterly,quarterly
2025-06-30,10. Other Private Services — level,923332.0573589753,million PKR (constant basic prices),sbp_gdp_quarterly,quarterly
2025-09-30,10. Other Private Services — level,930171.5375443161,million PKR (constant basic prices),sbp_gdp_quarterly,quarterly
2025-12-31,10. Other Private Services — level,940092.8650154055,million PKR (constant basic prices),sbp_gdp_quarterly,quarterly
2026-03-31,10. Other Private Services — level,948526.971795206,million PKR (constant basic prices),sbp_gdp_quarterly,quarterly
2015-09-30,2. Livestock — level,1216505.3646893497,million PKR (constant basic prices),sbp_gdp_quarterly,quarterly
2015-12-31,2. Livestock — level,970708.8448375,million PKR (constant basic prices),sbp_gdp_quarterly,quarterly
2016-03-31,2. Livestock — level,1143190.7567078322,million PKR (constant basic prices),sbp_gdp_quarterly,quarterly
2016-06-30,2. Livestock — level,1201480.0337653186,million PKR (constant basic prices),sbp_gdp_quarterly,quarterly
2016-09-30,2. Livestock — level,1243831.0,million PKR (constant basic prices),sbp_gdp_quarterly,quarterly
2016-12-31,2. Livestock — level,998509.0830654327,million PKR (constant basic prices),sbp_gdp_quarterly,quarterly
2017-03-31,2. Livestock — level,1185501.2523099594,million PKR (constant basic prices),sbp_gdp_quarterly,quarterly
2017-06-30,2. Livestock — level,1235005.3134374493,million PKR (constant basic prices),sbp_gdp_quarterly,quarterly
2017-09-30,2. Livestock — level,1283672.0,million PKR (constant basic prices),sbp_gdp_quarterly,quarterly
2017-12-31,2. Livestock — level,1050876.0,million PKR (constant basic prices),sbp_gdp_quarterly,quarterly
2018-03-31,2. Livestock — level,1221718.069907069,million PKR (constant basic prices),sbp_gdp_quarterly,quarterly
2018-06-30,2. Livestock — level,1274057.0,million PKR (constant basic prices),sbp_gdp_quarterly,quarterly
2018-09-30,2. Livestock — level,1325053.0,million PKR (constant basic prices),sbp_gdp_quarterly,quarterly
2018-12-31,2. Livestock — level,1092624.0,million PKR (constant basic prices),sbp_gdp_quarterly,quarterly
2019-03-31,2. Livestock — level,1269117.0,million PKR (constant basic prices),sbp_gdp_quarterly,quarterly
2019-06-30,2. Livestock — level,1319937.0,million PKR (constant basic prices),sbp_gdp_quarterly,quarterly
2019-09-30,2. Livestock — level,1360246.0,million PKR (constant basic prices),sbp_gdp_quarterly,quarterly
2019-12-31,2. Livestock — level,1118529.0,million PKR (constant basic prices),sbp_gdp_quarterly,quarterly
2020-03-31,2. Livestock — level,1303767.0,million PKR (constant basic prices),sbp_gdp_quarterly,quarterly
2020-06-30,2. Livestock — level,1364160.0,million PKR (constant basic prices),sbp_gdp_quarterly,quarterly
2020-09-30,2. Livestock — level,1394069.0,million PKR (constant basic prices),sbp_gdp_quarterly,quarterly
2020-12-31,2. Livestock — level,1135901.0,million PKR (constant basic prices),sbp_gdp_quarterly,quarterly
2021-03-31,2. Livestock — level,1340731.0,million PKR (constant basic prices),sbp_gdp_quarterly,quarterly
2021-06-30,2. Livestock — level,1398307.0,million PKR (constant basic prices),sbp_gdp_quarterly,quarterly
2021-09-30,2. Livestock — level,1422472.0,million PKR (constant basic prices),sbp_gdp_quarterly,quarterly
2021-12-31,2. Livestock — level,1179130.0,million PKR (constant basic prices),sbp_gdp_quarterly,quarterly
2022-03-31,2. Livestock — level,1362774.0,million PKR (constant basic prices),sbp_gdp_quarterly,quarterly
2022-06-30,2. Livestock — level,1423235.0,million PKR (constant basic prices),sbp_gdp_quarterly,quarterly
2022-09-30,2. Livestock — level,1481309.0,million PKR (constant basic prices),sbp_gdp_quarterly,quarterly
2022-12-31,2. Livestock — level,1208897.0,million PKR (constant basic prices),sbp_gdp_quarterly,quarterly
2023-03-31,2. Livestock — level,1415955.0,million PKR (constant basic prices),sbp_gdp_quarterly,quarterly
2023-06-30,2. Livestock — level,1480945.0,million PKR (constant basic prices),sbp_gdp_quarterly,quarterly
2023-09-30,2. Livestock — level,1551639.0,million PKR (constant basic prices),sbp_gdp_quarterly,quarterly
2023-12-31,2. Livestock — level,1243638.0,million PKR (constant basic prices),sbp_gdp_quarterly,quarterly
2024-03-31,2. Livestock — level,1485060.0,million PKR (constant basic prices),sbp_gdp_quarterly,quarterly
2024-06-30,2. Livestock — level,1551646.0,million PKR (constant basic prices),sbp_gdp_quarterly,quarterly
2024-09-30,2. Livestock — level,1580271.0,million PKR (constant basic prices),sbp_gdp_quarterly,quarterly
2024-12-31,2. Livestock — level,1309554.0,million PKR (constant basic prices),sbp_gdp_quarterly,quarterly
2025-03-31,2. Livestock — level,1524781.0,million PKR (constant basic prices),sbp_gdp_quarterly,quarterly
2025-06-30,2. Livestock — level,1589406.0,million PKR (constant basic prices),sbp_gdp_quarterly,quarterly
2025-09-30,2. Livestock — level,1654099.0,million PKR (constant basic prices),sbp_gdp_quarterly,quarterly
2025-12-31,2. Livestock — level,1357798.0,million PKR (constant basic prices),sbp_gdp_quarterly,quarterly
2026-03-31,2. Livestock — level,1581164.0,million PKR (constant basic prices),sbp_gdp_quarterly,quarterly
2015-09-30,2. Manufacturing (i+ii+iii) — level,871848.068587288,million PKR (constant basic prices),sbp_gdp_quarterly,quarterly
2015-12-31,2. Manufacturing (i+ii+iii) — level,900503.5901912327,million PKR (constant basic prices),sbp_gdp_quarterly,quarterly
2016-03-31,2. Manufacturing (i+ii+iii) — level,985277.5554168434,million PKR (constant basic prices),sbp_gdp_quarterly,quarterly
2016-06-30,2. Manufacturing (i+ii+iii) — level,911149.7858046357,million PKR (constant basic prices),sbp_gdp_quarterly,quarterly
2016-09-30,2. Manufacturing (i+ii+iii) — level,884436.3127715499,million PKR (constant basic prices),sbp_gdp_quarterly,quarterly
2016-12-31,2. Manufacturing (i+ii+iii) — level,946317.2282332736,million PKR (constant basic prices),sbp_gdp_quarterly,quarterly
2017-03-31,2. Manufacturing (i+ii+iii) — level,1046709.8530498537,million PKR (constant basic prices),sbp_gdp_quarterly,quarterly
2017-06-30,2. Manufacturing (i+ii+iii) — level,969889.605945323,million PKR (constant basic prices),sbp_gdp_quarterly,quarterly
2017-09-30,2. Manufacturing (i+ii+iii) — level,982496.202344997,million PKR (constant basic prices),sbp_gdp_quarterly,quarterly
2017-12-31,2. Manufacturing (i+ii+iii) — level,1000725.2693593143,million PKR (constant basic prices),sbp_gdp_quarterly,quarterly
2018-03-31,2. Manufacturing (i+ii+iii) — level,1114961.3605116897,million PKR (constant basic prices),sbp_gdp_quarterly,quarterly
2018-06-30,2. Manufacturing (i+ii+iii) — level,1021523.1677839989,million PKR (constant basic prices),sbp_gdp_quarterly,quarterly
2018-09-30,2. Manufacturing (i+ii+iii) — level,1007983.6580860668,million PKR (constant basic prices),sbp_gdp_quarterly,quarterly
2018-12-31,2. Manufacturing (i+ii+iii) — level,1048743.298596705,million PKR (constant basic prices),sbp_gdp_quarterly,quarterly
2019-03-31,2. Manufacturing (i+ii+iii) — level,1153756.6111416498,million PKR (constant basic prices),sbp_gdp_quarterly,quarterly
2019-06-30,2. Manufacturing (i+ii+iii) — level,1095493.432175578,million PKR (constant basic prices),sbp_gdp_quarterly,quarterly
2019-09-30,2. Manufacturing (i+ii+iii) — level,1012288.4831222342,million PKR (constant basic prices),sbp_gdp_quarterly,quarterly
2019-12-31,2. Manufacturing (i+ii+iii) — level,1038364.2945966001,million PKR (constant basic prices),sbp_gdp_quarterly,quarterly
2020-03-31,2. Manufacturing (i+ii+iii) — level,1074654.050665076,million PKR (constant basic prices),sbp_gdp_quarterly,quarterly
2020-06-30,2. Manufacturing (i+ii+iii) — level,844938.1716160898,million PKR (constant basic prices),sbp_gdp_quarterly,quarterly
2020-09-30,2. Manufacturing (i+ii+iii) — level,1009173.8296957648,million PKR (constant basic prices),sbp_gdp_quarterly,quarterly
2020-12-31,2. Manufacturing (i+ii+iii) — level,1102058.1524744518,million PKR (constant basic prices),sbp_gdp_quarterly,quarterly
2021-03-31,2. Manufacturing (i+ii+iii) — level,1175117.4016306812,million PKR (constant basic prices),sbp_gdp_quarterly,quarterly
2021-06-30,2. Manufacturing (i+ii+iii) — level,1101674.616199103,million PKR (constant basic prices),sbp_gdp_quarterly,quarterly
2021-09-30,2. Manufacturing (i+ii+iii) — level,1106426.1929309554,million PKR (constant basic prices),sbp_gdp_quarterly,quarterly
2021-12-31,2. Manufacturing (i+ii+iii) — level,1170392.2763304948,million PKR (constant basic prices),sbp_gdp_quarterly,quarterly
2022-03-31,2. Manufacturing (i+ii+iii) — level,1337741.3353805922,million PKR (constant basic prices),sbp_gdp_quarterly,quarterly
2022-06-30,2. Manufacturing (i+ii+iii) — level,1249790.1952623676,million PKR (constant basic prices),sbp_gdp_quarterly,quarterly
2022-09-30,2. Manufacturing (i+ii+iii) — level,1119939.0093845734,million PKR (constant basic prices),sbp_gdp_quarterly,quarterly
2022-12-31,2. Manufacturing (i+ii+iii) — level,1179350.8553303403,million PKR (constant basic prices),sbp_gdp_quarterly,quarterly
2023-03-31,2. Manufacturing (i+ii+iii) — level,1215001.1287648664,million PKR (constant basic prices),sbp_gdp_quarterly,quarterly
2023-06-30,2. Manufacturing (i+ii+iii) — level,1094132.0529673474,million PKR (constant basic prices),sbp_gdp_quarterly,quarterly
2023-09-30,2. Manufacturing (i+ii+iii) — level,1141209.7688226562,million PKR (constant basic prices),sbp_gdp_quarterly,quarterly
2023-12-31,2. Manufacturing (i+ii+iii) — level,1199449.5196737929,million PKR (constant basic prices),sbp_gdp_quarterly,quarterly
2024-03-31,2. Manufacturing (i+ii+iii) — level,1253873.648495067,million PKR (constant basic prices),sbp_gdp_quarterly,quarterly
2024-06-30,2. Manufacturing (i+ii+iii) — level,1153580.485989409,million PKR (constant basic prices),sbp_gdp_quarterly,quarterly
2024-09-30,2. Manufacturing (i+ii+iii) — level,1163173.0075049838,million PKR (constant basic prices),sbp_gdp_quarterly,quarterly
2024-12-31,2. Manufacturing (i+ii+iii) — level,1206647.9699719446,million PKR (constant basic prices),sbp_gdp_quarterly,quarterly
2025-03-31,2. Manufacturing (i+ii+iii) — level,1265669.193899409,million PKR (constant basic prices),sbp_gdp_quarterly,quarterly
2025-06-30,2. Manufacturing (i+ii+iii) — level,1205632.5361172485,million PKR (constant basic prices),sbp_gdp_quarterly,quarterly
2025-09-30,2. Manufacturing (i+ii+iii) — level,1222298.7894140924,million PKR (constant basic prices),sbp_gdp_quarterly,quarterly
2025-12-31,2. Manufacturing (i+ii+iii) — level,1282251.2415322552,million PKR (constant basic prices),sbp_gdp_quarterly,quarterly
2026-03-31,2. Manufacturing (i+ii+iii) — level,1378852.6385031654,million PKR (constant basic prices),sbp_gdp_quarterly,quarterly
2015-09-30,2. Transport& Storage — level,850094.9602626145,million PKR (constant basic prices),sbp_gdp_quarterly,quarterly
2015-12-31,2. Transport& Storage — level,869529.9988207018,million PKR (constant basic prices),sbp_gdp_quarterly,quarterly
2016-03-31,2. Transport& Storage — level,865886.9329424652,million PKR (constant basic prices),sbp_gdp_quarterly,quarterly
2016-06-30,2. Transport& Storage — level,863094.6079742181,million PKR (constant basic prices),sbp_gdp_quarterly,quarterly
2016-09-30,2. Transport& Storage — level,885198.4707769643,million PKR (constant basic prices),sbp_gdp_quarterly,quarterly
2016-12-31,2. Transport& Storage — level,890185.1297611599,million PKR (constant basic prices),sbp_gdp_quarterly,quarterly
2017-03-31,2. Transport& Storage — level,896437.0584358481,million PKR (constant basic prices),sbp_gdp_quarterly,quarterly
2017-06-30,2. Transport& Storage — level,917430.141026028,million PKR (constant basic prices),sbp_gdp_quarterly,quarterly
2017-09-30,2. Transport& Storage — level,927160.9818243458,million PKR (constant basic prices),sbp_gdp_quarterly,quarterly
2017-12-31,2. Transport& Storage — level,939420.2475965413,million PKR (constant basic prices),sbp_gdp_quarterly,quarterly
2018-03-31,2. Transport& Storage — level,921407.2963379222,million PKR (constant basic prices),sbp_gdp_quarterly,quarterly
2018-06-30,2. Transport& Storage — level,919948.9742411908,million PKR (constant basic prices),sbp_gdp_quarterly,quarterly
2018-09-30,2. Transport& Storage — level,923867.8991031952,million PKR (constant basic prices),sbp_gdp_quarterly,quarterly
2018-12-31,2. Transport& Storage — level,968743.5659815212,million PKR (constant basic prices),sbp_gdp_quarterly,quarterly
2019-03-31,2. Transport& Storage — level,1033068.8701805198,million PKR (constant basic prices),sbp_gdp_quarterly,quarterly
2019-06-30,2. Transport& Storage — level,1065092.8647347642,million PKR (constant basic prices),sbp_gdp_quarterly,quarterly
2019-09-30,2. Transport& Storage — level,977871.2094512096,million PKR (constant basic prices),sbp_gdp_quarterly,quarterly
2019-12-31,2. Transport& Storage — level,916789.9444653641,million PKR (constant basic prices),sbp_gdp_quarterly,quarterly
2020-03-31,2. Transport& Storage — level,884418.8477662813,million PKR (constant basic prices),sbp_gdp_quarterly,quarterly
2020-06-30,2. Transport& Storage — level,855072.1983171445,million PKR (constant basic prices),sbp_gdp_quarterly,quarterly
2020-09-30,2. Transport& Storage — level,910908.8164408654,million PKR (constant basic prices),sbp_gdp_quarterly,quarterly
2020-12-31,2. Transport& Storage — level,961573.9880027453,million PKR (constant basic prices),sbp_gdp_quarterly,quarterly
2021-03-31,2. Transport& Storage — level,963506.3750452203,million PKR (constant basic prices),sbp_gdp_quarterly,quarterly
2021-06-30,2. Transport& Storage — level,975200.820511169,million PKR (constant basic prices),sbp_gdp_quarterly,quarterly
2021-09-30,2. Transport& Storage — level,987418.5297952939,million PKR (constant basic prices),sbp_gdp_quarterly,quarterly
2021-12-31,2. Transport& Storage — level,999136.8544954694,million PKR (constant basic prices),sbp_gdp_quarterly,quarterly
2022-03-31,2. Transport& Storage — level,990812.3457290011,million PKR (constant basic prices),sbp_gdp_quarterly,quarterly
2022-06-30,2. Transport& Storage — level,1003568.2699802358,million PKR (constant basic prices),sbp_gdp_quarterly,quarterly
2022-09-30,2. Transport& Storage — level,1023130.5399666355,million PKR (constant basic prices),sbp_gdp_quarterly,quarterly
2022-12-31,2. Transport& Storage — level,1043796.081727478,million PKR (constant basic prices),sbp_gdp_quarterly,quarterly
2023-03-31,2. Transport& Storage — level,1042987.4371172821,million PKR (constant basic prices),sbp_gdp_quarterly,quarterly
2023-06-30,2. Transport& Storage — level,1022149.9411886045,million PKR (constant basic prices),sbp_gdp_quarterly,quarterly
2023-09-30,2. Transport& Storage — level,1059901.9076152644,million PKR (constant basic prices),sbp_gdp_quarterly,quarterly
2023-12-31,2. Transport& Storage — level,1053343.1434870271,million PKR (constant basic prices),sbp_gdp_quarterly,quarterly
2024-03-31,2. Transport& Storage — level,1057348.3818761574,million PKR (constant basic prices),sbp_gdp_quarterly,quarterly
2024-06-30,2. Transport& Storage — level,1029466.5670215514,million PKR (constant basic prices),sbp_gdp_quarterly,quarterly
2024-09-30,2. Transport& Storage — level,1085093.8976099717,million PKR (constant basic prices),sbp_gdp_quarterly,quarterly
2024-12-31,2. Transport& Storage — level,1080910.9011232704,million PKR (constant basic prices),sbp_gdp_quarterly,quarterly
2025-03-31,2. Transport& Storage — level,1075382.9104213142,million PKR (constant basic prices),sbp_gdp_quarterly,quarterly
2025-06-30,2. Transport& Storage — level,1065432.2908454437,million PKR (constant basic prices),sbp_gdp_quarterly,quarterly
2025-09-30,2. Transport& Storage — level,1106449.898347941,million PKR (constant basic prices),sbp_gdp_quarterly,quarterly
2025-12-31,2. Transport& Storage — level,1103483.2263250877,million PKR (constant basic prices),sbp_gdp_quarterly,quarterly
2026-03-31,2. Transport& Storage — level,1097103.4004076587,million PKR (constant basic prices),sbp_gdp_quarterly,quarterly
2015-09-30,3. Accomodation and Food Services Activities (Hotels & Restaurants) — level,105596.92401103265,million PKR (constant basic prices),sbp_gdp_quarterly,quarterly
2015-12-31,3. Accomodation and Food Services Activities (Hotels & Restaurants) — level,105924.7544066196,million PKR (constant basic prices),sbp_gdp_quarterly,quarterly
2016-03-31,3. Accomodation and Food Services Activities (Hotels & Restaurants) — level,106580.41519779347,million PKR (constant basic prices),sbp_gdp_quarterly,quarterly
2016-06-30,3. Accomodation and Food Services Activities (Hotels & Restaurants) — level,107563.90638455423,million PKR (constant basic prices),sbp_gdp_quarterly,quarterly
2016-09-30,3. Accomodation and Food Services Activities (Hotels & Restaurants) — level,108875.22796690196,million PKR (constant basic prices),sbp_gdp_quarterly,quarterly
2016-12-31,3. Accomodation and Food Services Activities (Hotels & Restaurants) — level,110128.56541308024,million PKR (constant basic prices),sbp_gdp_quarterly,quarterly
2017-03-31,3. Accomodation and Food Services Activities (Hotels & Restaurants) — level,111323.91872308917,million PKR (constant basic prices),sbp_gdp_quarterly,quarterly
2017-06-30,3. Accomodation and Food Services Activities (Hotels & Restaurants) — level,112461.28789692867,million PKR (constant basic prices),sbp_gdp_quarterly,quarterly
2017-09-30,3. Accomodation and Food Services Activities (Hotels & Restaurants) — level,113540.67293459877,million PKR (constant basic prices),sbp_gdp_quarterly,quarterly
2017-12-31,3. Accomodation and Food Services Activities (Hotels & Restaurants) — level,114651.35777582735,million PKR (constant basic prices),sbp_gdp_quarterly,quarterly
2018-03-31,3. Accomodation and Food Services Activities (Hotels & Restaurants) — level,115793.34242061425,million PKR (constant basic prices),sbp_gdp_quarterly,quarterly
2018-06-30,3. Accomodation and Food Services Activities (Hotels & Restaurants) — level,116966.62686895966,million PKR (constant basic prices),sbp_gdp_quarterly,quarterly
2018-09-30,3. Accomodation and Food Services Activities (Hotels & Restaurants) — level,118171.21112086352,million PKR (constant basic prices),sbp_gdp_quarterly,quarterly
2018-12-31,3. Accomodation and Food Services Activities (Hotels & Restaurants) — level,119378.16037327962,million PKR (constant basic prices),sbp_gdp_quarterly,quarterly
2019-03-31,3. Accomodation and Food Services Activities (Hotels & Restaurants) — level,120587.47462620807,million PKR (constant basic prices),sbp_gdp_quarterly,quarterly
2019-06-30,3. Accomodation and Food Services Activities (Hotels & Restaurants) — level,121799.15387964882,million PKR (constant basic prices),sbp_gdp_quarterly,quarterly
2019-09-30,3. Accomodation and Food Services Activities (Hotels & Restaurants) — level,123013.19813360191,million PKR (constant basic prices),sbp_gdp_quarterly,quarterly
2019-12-31,3. Accomodation and Food Services Activities (Hotels & Restaurants) — level,124245.73658174241,million PKR (constant basic prices),sbp_gdp_quarterly,quarterly
2020-03-31,3. Accomodation and Food Services Activities (Hotels & Restaurants) — level,125496.7692240702,million PKR (constant basic prices),sbp_gdp_quarterly,quarterly
2020-06-30,3. Accomodation and Food Services Activities (Hotels & Restaurants) — level,126766.29606058537,million PKR (constant basic prices),sbp_gdp_quarterly,quarterly
2020-09-30,3. Accomodation and Food Services Activities (Hotels & Restaurants) — level,128054.31709128788,million PKR (constant basic prices),sbp_gdp_quarterly,quarterly
2020-12-31,3. Accomodation and Food Services Activities (Hotels & Restaurants) — level,129350.19866705376,million PKR (constant basic prices),sbp_gdp_quarterly,quarterly
2021-03-31,3. Accomodation and Food Services Activities (Hotels & Restaurants) — level,130653.94078788291,million PKR (constant basic prices),sbp_gdp_quarterly,quarterly
2021-06-30,3. Accomodation and Food Services Activities (Hotels & Restaurants) — level,131965.54345377558,million PKR (constant basic prices),sbp_gdp_quarterly,quarterly
2021-09-30,3. Accomodation and Food Services Activities (Hotels & Restaurants) — level,133285.00666473157,million PKR (constant basic prices),sbp_gdp_quarterly,quarterly
2021-12-31,3. Accomodation and Food Services Activities (Hotels & Restaurants) — level,134620.98928322134,million PKR (constant basic prices),sbp_gdp_quarterly,quarterly
2022-03-31,3. Accomodation and Food Services Activities (Hotels & Restaurants) — level,135973.49130924488,million PKR (constant basic prices),sbp_gdp_quarterly,quarterly
2022-06-30,3. Accomodation and Food Services Activities (Hotels & Restaurants) — level,137342.51274280212,million PKR (constant basic prices),sbp_gdp_quarterly,quarterly
2022-09-30,3. Accomodation and Food Services Activities (Hotels & Restaurants) — level,138728.05358389323,million PKR (constant basic prices),sbp_gdp_quarterly,quarterly
2022-12-31,3. Accomodation and Food Services Activities (Hotels & Restaurants) — level,140125.84848677233,million PKR (constant basic prices),sbp_gdp_quarterly,quarterly
2023-03-31,3. Accomodation and Food Services Activities (Hotels & Restaurants) — level,141535.89745143955,million PKR (constant basic prices),sbp_gdp_quarterly,quarterly
2023-06-30,3. Accomodation and Food Services Activities (Hotels & Restaurants) — level,142958.2004778949,million PKR (constant basic prices),sbp_gdp_quarterly,quarterly
2023-09-30,3. Accomodation and Food Services Activities (Hotels & Restaurants) — level,144392.7575661382,million PKR (constant basic prices),sbp_gdp_quarterly,quarterly
2023-12-31,3. Accomodation and Food Services Activities (Hotels & Restaurants) — level,145851.30257498022,million PKR (constant basic prices),sbp_gdp_quarterly,quarterly
2024-03-31,3. Accomodation and Food Services Activities (Hotels & Restaurants) — level,147333.83550442103,million PKR (constant basic prices),sbp_gdp_quarterly,quarterly
2024-06-30,3. Accomodation and Food Services Activities (Hotels & Restaurants) — level,148840.35635446061,million PKR (constant basic prices),sbp_gdp_quarterly,quarterly
2024-09-30,3. Accomodation and Food Services Activities (Hotels & Restaurants) — level,150370.86512509896,million PKR (constant basic prices),sbp_gdp_quarterly,quarterly
2024-12-31,3. Accomodation and Food Services Activities (Hotels & Restaurants) — level,151867.2527314747,million PKR (constant basic prices),sbp_gdp_quarterly,quarterly
2025-03-31,3. Accomodation and Food Services Activities (Hotels & Restaurants) — level,153329.51917358782,million PKR (constant basic prices),sbp_gdp_quarterly,quarterly
2025-06-30,3. Accomodation and Food Services Activities (Hotels & Restaurants) — level,154757.66445143844,million PKR (constant basic prices),sbp_gdp_quarterly,quarterly
2025-09-30,3. Accomodation and Food Services Activities (Hotels & Restaurants) — level,156151.68856502644,million PKR (constant basic prices),sbp_gdp_quarterly,quarterly
2025-12-31,3. Accomodation and Food Services Activities (Hotels & Restaurants) — level,157686.12278445114,million PKR (constant basic prices),sbp_gdp_quarterly,quarterly
2026-03-31,3. Accomodation and Food Services Activities (Hotels & Restaurants) — level,159360.9671097123,million PKR (constant basic prices),sbp_gdp_quarterly,quarterly
2015-09-30,"3. Electricity, gas and water supply — level",219067.56177633585,million PKR (constant basic prices),sbp_gdp_quarterly,quarterly
2015-12-31,"3. Electricity, gas and water supply — level",137181.53238148446,million PKR (constant basic prices),sbp_gdp_quarterly,quarterly
2016-03-31,"3. Electricity, gas and water supply — level",147232.47359178163,million PKR (constant basic prices),sbp_gdp_quarterly,quarterly
2016-06-30,"3. Electricity, gas and water supply — level",177548.3854072274,million PKR (constant basic prices),sbp_gdp_quarterly,quarterly
2016-09-30,"3. Electricity, gas and water supply — level",236212.26782782178,million PKR (constant basic prices),sbp_gdp_quarterly,quarterly
2016-12-31,"3. Electricity, gas and water supply — level",147837.02363086585,million PKR (constant basic prices),sbp_gdp_quarterly,quarterly
2017-03-31,"3. Electricity, gas and water supply — level",147106.65281635965,million PKR (constant basic prices),sbp_gdp_quarterly,quarterly
2017-06-30,"3. Electricity, gas and water supply — level",159463.1553843031,million PKR (constant basic prices),sbp_gdp_quarterly,quarterly
2017-09-30,"3. Electricity, gas and water supply — level",229303.53133469628,million PKR (constant basic prices),sbp_gdp_quarterly,quarterly
2017-12-31,"3. Electricity, gas and water supply — level",112651.23527262273,million PKR (constant basic prices),sbp_gdp_quarterly,quarterly
2018-03-31,"3. Electricity, gas and water supply — level",126589.26719808232,million PKR (constant basic prices),sbp_gdp_quarterly,quarterly
2018-06-30,"3. Electricity, gas and water supply — level",277003.6271110752,million PKR (constant basic prices),sbp_gdp_quarterly,quarterly
2018-09-30,"3. Electricity, gas and water supply — level",266808.3150116013,million PKR (constant basic prices),sbp_gdp_quarterly,quarterly
2018-12-31,"3. Electricity, gas and water supply — level",155191.44588634855,million PKR (constant basic prices),sbp_gdp_quarterly,quarterly
2019-03-31,"3. Electricity, gas and water supply — level",151137.01973531695,million PKR (constant basic prices),sbp_gdp_quarterly,quarterly
2019-06-30,"3. Electricity, gas and water supply — level",213771.03655850643,million PKR (constant basic prices),sbp_gdp_quarterly,quarterly
2019-09-30,"3. Electricity, gas and water supply — level",291959.49635591713,million PKR (constant basic prices),sbp_gdp_quarterly,quarterly
2019-12-31,"3. Electricity, gas and water supply — level",154916.4810939888,million PKR (constant basic prices),sbp_gdp_quarterly,quarterly
2020-03-31,"3. Electricity, gas and water supply — level",165596.9907727215,million PKR (constant basic prices),sbp_gdp_quarterly,quarterly
2020-06-30,"3. Electricity, gas and water supply — level",202231.0253921152,million PKR (constant basic prices),sbp_gdp_quarterly,quarterly
2020-09-30,"3. Electricity, gas and water supply — level",290652.5849521699,million PKR (constant basic prices),sbp_gdp_quarterly,quarterly
2020-12-31,"3. Electricity, gas and water supply — level",190202.67479532387,million PKR (constant basic prices),sbp_gdp_quarterly,quarterly
2021-03-31,"3. Electricity, gas and water supply — level",166794.29492157695,million PKR (constant basic prices),sbp_gdp_quarterly,quarterly
2021-06-30,"3. Electricity, gas and water supply — level",240451.4453309293,million PKR (constant basic prices),sbp_gdp_quarterly,quarterly
2021-09-30,"3. Electricity, gas and water supply — level",321997.12602338084,million PKR (constant basic prices),sbp_gdp_quarterly,quarterly
2021-12-31,"3. Electricity, gas and water supply — level",165532.8478910091,million PKR (constant basic prices),sbp_gdp_quarterly,quarterly
2022-03-31,"3. Electricity, gas and water supply — level",165951.61093381414,million PKR (constant basic prices),sbp_gdp_quarterly,quarterly
2022-06-30,"3. Electricity, gas and water supply — level",273322.4151517959,million PKR (constant basic prices),sbp_gdp_quarterly,quarterly
2022-09-30,"3. Electricity, gas and water supply — level",341361.26054495445,million PKR (constant basic prices),sbp_gdp_quarterly,quarterly
2022-12-31,"3. Electricity, gas and water supply — level",203168.0944842361,million PKR (constant basic prices),sbp_gdp_quarterly,quarterly
2023-03-31,"3. Electricity, gas and water supply — level",162950.91696964082,million PKR (constant basic prices),sbp_gdp_quarterly,quarterly
2023-06-30,"3. Electricity, gas and water supply — level",308794.72800116864,million PKR (constant basic prices),sbp_gdp_quarterly,quarterly
2023-09-30,"3. Electricity, gas and water supply — level",233229.52757881957,million PKR (constant basic prices),sbp_gdp_quarterly,quarterly
2023-12-31,"3. Electricity, gas and water supply — level",183269.6363783521,million PKR (constant basic prices),sbp_gdp_quarterly,quarterly
2024-03-31,"3. Electricity, gas and water supply — level",207112.05439976626,million PKR (constant basic prices),sbp_gdp_quarterly,quarterly
2024-06-30,"3. Electricity, gas and water supply — level",209389.7816430621,million PKR (constant basic prices),sbp_gdp_quarterly,quarterly
2024-09-30,"3. Electricity, gas and water supply — level",233919.8181082395,million PKR (constant basic prices),sbp_gdp_quarterly,quarterly
2024-12-31,"3. Electricity, gas and water supply — level",190198.1054510147,million PKR (constant basic prices),sbp_gdp_quarterly,quarterly
2025-03-31,"3. Electricity, gas and water supply — level",184459.64367138757,million PKR (constant basic prices),sbp_gdp_quarterly,quarterly
2025-06-30,"3. Electricity, gas and water supply — level",470997.4327693582,million PKR (constant basic prices),sbp_gdp_quarterly,quarterly
2025-09-30,"3. Electricity, gas and water supply — level",283931.4727449266,million PKR (constant basic prices),sbp_gdp_quarterly,quarterly
2025-12-31,"3. Electricity, gas and water supply — level",222493.69963718328,million PKR (constant basic prices),sbp_gdp_quarterly,quarterly
2026-03-31,"3. Electricity, gas and water supply — level",159507.11344612838,million PKR (constant basic prices),sbp_gdp_quarterly,quarterly
2015-09-30,3. Forestry — level,40731.53945884241,million PKR (constant basic prices),sbp_gdp_quarterly,quarterly
2015-12-31,3. Forestry — level,40612.623675305455,million PKR (constant basic prices),sbp_gdp_quarterly,quarterly
2016-03-31,3. Forestry — level,40374.79210823152,million PKR (constant basic prices),sbp_gdp_quarterly,quarterly
2016-06-30,3. Forestry — level,40018.04475762061,million PKR (constant basic prices),sbp_gdp_quarterly,quarterly
2016-09-30,3. Forestry — level,39542.38162347274,million PKR (constant basic prices),sbp_gdp_quarterly,quarterly
2016-12-31,3. Forestry — level,39237.36372042449,million PKR (constant basic prices),sbp_gdp_quarterly,quarterly
2017-03-31,3. Forestry — level,39102.99104847588,million PKR (constant basic prices),sbp_gdp_quarterly,quarterly
2017-06-30,3. Forestry — level,39139.26360762689,million PKR (constant basic prices),sbp_gdp_quarterly,quarterly
2017-09-30,3. Forestry — level,39346.18139787753,million PKR (constant basic prices),sbp_gdp_quarterly,quarterly
2017-12-31,3. Forestry — level,39744.57595482678,million PKR (constant basic prices),sbp_gdp_quarterly,quarterly
2018-03-31,3. Forestry — level,40334.44727847461,million PKR (constant basic prices),sbp_gdp_quarterly,quarterly
2018-06-30,3. Forestry — level,41115.795368821084,million PKR (constant basic prices),sbp_gdp_quarterly,quarterly
2018-09-30,3. Forestry — level,42088.62022586616,million PKR (constant basic prices),sbp_gdp_quarterly,quarterly
2018-12-31,3. Forestry — level,42855.202078337716,million PKR (constant basic prices),sbp_gdp_quarterly,quarterly
2019-03-31,3. Forestry — level,43415.54092623578,million PKR (constant basic prices),sbp_gdp_quarterly,quarterly
2019-06-30,3. Forestry — level,43769.63676956035,million PKR (constant basic prices),sbp_gdp_quarterly,quarterly
2019-09-30,3. Forestry — level,43917.489608311436,million PKR (constant basic prices),sbp_gdp_quarterly,quarterly
2019-12-31,3. Forestry — level,44201.33490048729,million PKR (constant basic prices),sbp_gdp_quarterly,quarterly
2020-03-31,3. Forestry — level,44621.17264608792,million PKR (constant basic prices),sbp_gdp_quarterly,quarterly
2020-06-30,3. Forestry — level,45177.00284511334,million PKR (constant basic prices),sbp_gdp_quarterly,quarterly
2020-09-30,3. Forestry — level,45868.82549756349,million PKR (constant basic prices),sbp_gdp_quarterly,quarterly
2020-12-31,3. Forestry — level,46185.72435951817,million PKR (constant basic prices),sbp_gdp_quarterly,quarterly
2021-03-31,3. Forestry — level,46127.69943097733,million PKR (constant basic prices),sbp_gdp_quarterly,quarterly
2021-06-30,3. Forestry — level,45694.75071194103,million PKR (constant basic prices),sbp_gdp_quarterly,quarterly
2021-09-30,3. Forestry — level,44886.878202409236,million PKR (constant basic prices),sbp_gdp_quarterly,quarterly
2021-12-31,3. Forestry — level,45125.17791763281,million PKR (constant basic prices),sbp_gdp_quarterly,quarterly
2022-03-31,3. Forestry — level,46409.649857611796,million PKR (constant basic prices),sbp_gdp_quarterly,quarterly
2022-06-30,3. Forestry — level,48740.29402234615,million PKR (constant basic prices),sbp_gdp_quarterly,quarterly
2022-09-30,3. Forestry — level,52117.1104118359,million PKR (constant basic prices),sbp_gdp_quarterly,quarterly
2022-12-31,3. Forestry — level,54358.192802897436,million PKR (constant basic prices),sbp_gdp_quarterly,quarterly
2023-03-31,3. Forestry — level,55463.54119553078,million PKR (constant basic prices),sbp_gdp_quarterly,quarterly
2023-06-30,3. Forestry — level,55433.155589735885,million PKR (constant basic prices),sbp_gdp_quarterly,quarterly
2023-09-30,3. Forestry — level,54267.0359855128,million PKR (constant basic prices),sbp_gdp_quarterly,quarterly
2023-12-31,3. Forestry — level,53591.373749618426,million PKR (constant basic prices),sbp_gdp_quarterly,quarterly
2024-03-31,3. Forestry — level,53406.168882052814,million PKR (constant basic prices),sbp_gdp_quarterly,quarterly
2024-06-30,3. Forestry — level,53711.421382815985,million PKR (constant basic prices),sbp_gdp_quarterly,quarterly
2024-09-30,3. Forestry — level,54507.13125190789,million PKR (constant basic prices),sbp_gdp_quarterly,quarterly
2024-12-31,3. Forestry — level,55138.56269878152,million PKR (constant basic prices),sbp_gdp_quarterly,quarterly
2025-03-31,3. Forestry — level,55605.715723436806,million PKR (constant basic prices),sbp_gdp_quarterly,quarterly
2025-06-30,3. Forestry — level,55908.59032587379,million PKR (constant basic prices),sbp_gdp_quarterly,quarterly
2025-09-30,3. Forestry — level,56047.18650609249,million PKR (constant basic prices),sbp_gdp_quarterly,quarterly
2025-12-31,3. Forestry — level,56246.950375742985,million PKR (constant basic prices),sbp_gdp_quarterly,quarterly
2026-03-31,3. Forestry — level,56507.881934825244,million PKR (constant basic prices),sbp_gdp_quarterly,quarterly
2015-09-30,4. Construction — level,204842.016619346,million PKR (constant basic prices),sbp_gdp_quarterly,quarterly
2015-12-31,4. Construction — level,226252.9260557346,million PKR (constant basic prices),sbp_gdp_quarterly,quarterly
2016-03-31,4. Construction — level,236835.61928473186,million PKR (constant basic prices),sbp_gdp_quarterly,quarterly
2016-06-30,4. Construction — level,230638.43804018747,million PKR (constant basic prices),sbp_gdp_quarterly,quarterly
2016-09-30,4. Construction — level,231450.29538519727,million PKR (constant basic prices),sbp_gdp_quarterly,quarterly
2016-12-31,4. Construction — level,238100.13331010207,million PKR (constant basic prices),sbp_gdp_quarterly,quarterly
2017-03-31,4. Construction — level,268736.66937853256,million PKR (constant basic prices),sbp_gdp_quarterly,quarterly
2017-06-30,4. Construction — level,251932.90192616815,million PKR (constant basic prices),sbp_gdp_quarterly,quarterly
2017-09-30,4. Construction — level,273565.6986019193,million PKR (constant basic prices),sbp_gdp_quarterly,quarterly
2017-12-31,4. Construction — level,337040.71268402215,million PKR (constant basic prices),sbp_gdp_quarterly,quarterly
2018-03-31,4. Construction — level,325927.2600378329,million PKR (constant basic prices),sbp_gdp_quarterly,quarterly
2018-06-30,4. Construction — level,247258.32867622576,million PKR (constant basic prices),sbp_gdp_quarterly,quarterly
2018-09-30,4. Construction — level,300935.5592456778,million PKR (constant basic prices),sbp_gdp_quarterly,quarterly
2018-12-31,4. Construction — level,224371.93461216168,million PKR (constant basic prices),sbp_gdp_quarterly,quarterly
2019-03-31,4. Construction — level,214143.32497595777,million PKR (constant basic prices),sbp_gdp_quarterly,quarterly
2019-06-30,4. Construction — level,229549.1811662029,million PKR (constant basic prices),sbp_gdp_quarterly,quarterly
2019-09-30,4. Construction — level,241141.4125651525,million PKR (constant basic prices),sbp_gdp_quarterly,quarterly
2019-12-31,4. Construction — level,266066.5406127909,million PKR (constant basic prices),sbp_gdp_quarterly,quarterly
2020-03-31,4. Construction — level,273490.1693543861,million PKR (constant basic prices),sbp_gdp_quarterly,quarterly
2020-06-30,4. Construction — level,158475.8774676704,million PKR (constant basic prices),sbp_gdp_quarterly,quarterly
2020-09-30,4. Construction — level,246589.3750925156,million PKR (constant basic prices),sbp_gdp_quarterly,quarterly
2020-12-31,4. Construction — level,254317.5607851998,million PKR (constant basic prices),sbp_gdp_quarterly,quarterly
2021-03-31,4. Construction — level,240877.7929003257,million PKR (constant basic prices),sbp_gdp_quarterly,quarterly
2021-06-30,4. Construction — level,219859.27122195886,million PKR (constant basic prices),sbp_gdp_quarterly,quarterly
2021-09-30,4. Construction — level,223488.74129235581,million PKR (constant basic prices),sbp_gdp_quarterly,quarterly
2021-12-31,4. Construction — level,271606.8709090668,million PKR (constant basic prices),sbp_gdp_quarterly,quarterly
2022-03-31,4. Construction — level,242074.2479810323,million PKR (constant basic prices),sbp_gdp_quarterly,quarterly
2022-06-30,4. Construction — level,242051.13981754513,million PKR (constant basic prices),sbp_gdp_quarterly,quarterly
2022-09-30,4. Construction — level,211608.24625994216,million PKR (constant basic prices),sbp_gdp_quarterly,quarterly
2022-12-31,4. Construction — level,253107.23065291604,million PKR (constant basic prices),sbp_gdp_quarterly,quarterly
2023-03-31,4. Construction — level,225258.78572947596,million PKR (constant basic prices),sbp_gdp_quarterly,quarterly
2023-06-30,4. Construction — level,188891.73735766596,million PKR (constant basic prices),sbp_gdp_quarterly,quarterly
2023-09-30,4. Construction — level,218987.2537721049,million PKR (constant basic prices),sbp_gdp_quarterly,quarterly
2023-12-31,4. Construction — level,238887.2391347745,million PKR (constant basic prices),sbp_gdp_quarterly,quarterly
2024-03-31,4. Construction — level,213487.60376011115,million PKR (constant basic prices),sbp_gdp_quarterly,quarterly
2024-06-30,4. Construction — level,197573.90333300945,million PKR (constant basic prices),sbp_gdp_quarterly,quarterly
2024-09-30,4. Construction — level,211011.44043459737,million PKR (constant basic prices),sbp_gdp_quarterly,quarterly
2024-12-31,4. Construction — level,258097.83684024055,million PKR (constant basic prices),sbp_gdp_quarterly,quarterly
2025-03-31,4. Construction — level,243961.80423414105,million PKR (constant basic prices),sbp_gdp_quarterly,quarterly
2025-06-30,4. Construction — level,232106.91849102106,million PKR (constant basic prices),sbp_gdp_quarterly,quarterly
2025-09-30,4. Construction — level,244627.75542760006,million PKR (constant basic prices),sbp_gdp_quarterly,quarterly
2025-12-31,4. Construction — level,274663.67705853103,million PKR (constant basic prices),sbp_gdp_quarterly,quarterly
2026-03-31,4. Construction — level,245136.05095239176,million PKR (constant basic prices),sbp_gdp_quarterly,quarterly
2015-09-30,4. Fishing — level,24119.363702120812,million PKR (constant basic prices),sbp_gdp_quarterly,quarterly
2015-12-31,4. Fishing — level,38219.80931309232,million PKR (constant basic prices),sbp_gdp_quarterly,quarterly
2016-03-31,4. Fishing — level,17229.405214062943,million PKR (constant basic prices),sbp_gdp_quarterly,quarterly
2016-06-30,4. Fishing — level,36613.421770723944,million PKR (constant basic prices),sbp_gdp_quarterly,quarterly
2016-09-30,4. Fishing — level,24398.26926022033,million PKR (constant basic prices),sbp_gdp_quarterly,quarterly
2016-12-31,4. Fishing — level,38683.07578724489,million PKR (constant basic prices),sbp_gdp_quarterly,quarterly
2017-03-31,4. Fishing — level,17435.855246945415,million PKR (constant basic prices),sbp_gdp_quarterly,quarterly
2017-06-30,4. Fishing — level,37076.79970558937,million PKR (constant basic prices),sbp_gdp_quarterly,quarterly
2017-09-30,4. Fishing — level,24743.612219038154,million PKR (constant basic prices),sbp_gdp_quarterly,quarterly
2017-12-31,4. Fishing — level,39307.54540493145,million PKR (constant basic prices),sbp_gdp_quarterly,quarterly
2018-03-31,4. Fishing — level,17696.901015729298,million PKR (constant basic prices),sbp_gdp_quarterly,quarterly
2018-06-30,4. Fishing — level,37690.941360301105,million PKR (constant basic prices),sbp_gdp_quarterly,quarterly
2018-09-30,4. Fishing — level,24928.655173299976,million PKR (constant basic prices),sbp_gdp_quarterly,quarterly
2018-12-31,4. Fishing — level,39626.694209852096,million PKR (constant basic prices),sbp_gdp_quarterly,quarterly
2019-03-31,4. Fishing — level,17825.243447098783,million PKR (constant basic prices),sbp_gdp_quarterly,quarterly
2019-06-30,4. Fishing — level,37985.40716974915,million PKR (constant basic prices),sbp_gdp_quarterly,quarterly
2019-09-30,4. Fishing — level,25100.404132320367,million PKR (constant basic prices),sbp_gdp_quarterly,quarterly
2019-12-31,4. Fishing — level,39868.09443943791,million PKR (constant basic prices),sbp_gdp_quarterly,quarterly
2020-03-31,4. Fishing — level,17941.085482414892,million PKR (constant basic prices),sbp_gdp_quarterly,quarterly
2020-06-30,4. Fishing — level,38211.41594582686,million PKR (constant basic prices),sbp_gdp_quarterly,quarterly
2020-09-30,4. Fishing — level,25275.86869110293,million PKR (constant basic prices),sbp_gdp_quarterly,quarterly
2020-12-31,4. Fishing — level,40159.531625126765,million PKR (constant basic prices),sbp_gdp_quarterly,quarterly
2021-03-31,4. Fishing — level,18071.973695211927,million PKR (constant basic prices),sbp_gdp_quarterly,quarterly
2021-06-30,4. Fishing — level,38499.62598855837,million PKR (constant basic prices),sbp_gdp_quarterly,quarterly
2021-09-30,4. Fishing — level,25367.78097209875,million PKR (constant basic prices),sbp_gdp_quarterly,quarterly
2021-12-31,4. Fishing — level,40308.67687917432,million PKR (constant basic prices),sbp_gdp_quarterly,quarterly
2022-03-31,4. Fishing — level,18133.649016834017,million PKR (constant basic prices),sbp_gdp_quarterly,quarterly
2022-06-30,4. Fishing — level,38624.8931318929,million PKR (constant basic prices),sbp_gdp_quarterly,quarterly
2022-09-30,4. Fishing — level,25505.256676276727,million PKR (constant basic prices),sbp_gdp_quarterly,quarterly
2022-12-31,4. Fishing — level,40537.61367107047,million PKR (constant basic prices),sbp_gdp_quarterly,quarterly
2023-03-31,4. Fishing — level,18239.24100117186,million PKR (constant basic prices),sbp_gdp_quarterly,quarterly
2023-06-30,4. Fishing — level,38883.88865148094,million PKR (constant basic prices),sbp_gdp_quarterly,quarterly
2023-09-30,4. Fishing — level,25722.825836182583,million PKR (constant basic prices),sbp_gdp_quarterly,quarterly
2023-12-31,4. Fishing — level,40930.5026739488,million PKR (constant basic prices),sbp_gdp_quarterly,quarterly
2024-03-31,4. Fishing — level,18404.162231186376,million PKR (constant basic prices),sbp_gdp_quarterly,quarterly
2024-06-30,4. Fishing — level,39301.509258682236,million PKR (constant basic prices),sbp_gdp_quarterly,quarterly
2024-09-30,4. Fishing — level,25736.814177339023,million PKR (constant basic prices),sbp_gdp_quarterly,quarterly
2024-12-31,4. Fishing — level,41754.17895094845,million PKR (constant basic prices),sbp_gdp_quarterly,quarterly
2025-03-31,4. Fishing — level,18493.084236914794,million PKR (constant basic prices),sbp_gdp_quarterly,quarterly
2025-06-30,4. Fishing — level,40147.92263479772,million PKR (constant basic prices),sbp_gdp_quarterly,quarterly
2025-09-30,4. Fishing — level,26367.960267586208,million PKR (constant basic prices),sbp_gdp_quarterly,quarterly
2025-12-31,4. Fishing — level,42369.321587086226,million PKR (constant basic prices),sbp_gdp_quarterly,quarterly
2026-03-31,4. Fishing — level,18747.115301313523,million PKR (constant basic prices),sbp_gdp_quarterly,quarterly
2015-09-30,4. Information and Communication — level,149524.72227463804,million PKR (constant basic prices),sbp_gdp_quarterly,quarterly
2015-12-31,4. Information and Communication — level,151743.20426643992,million PKR (constant basic prices),sbp_gdp_quarterly,quarterly
2016-03-31,4. Information and Communication — level,153449.82004185152,million PKR (constant basic prices),sbp_gdp_quarterly,quarterly
2016-06-30,4. Information and Communication — level,156234.25341707058,million PKR (constant basic prices),sbp_gdp_quarterly,quarterly
2016-09-30,4. Information and Communication — level,160686.38166283103,million PKR (constant basic prices),sbp_gdp_quarterly,quarterly
2016-12-31,4. Information and Communication — level,163542.60901256168,million PKR (constant basic prices),sbp_gdp_quarterly,quarterly
2017-03-31,4. Information and Communication — level,168477.95077722002,million PKR (constant basic prices),sbp_gdp_quarterly,quarterly
2017-06-30,4. Information and Communication — level,182467.0585473872,million PKR (constant basic prices),sbp_gdp_quarterly,quarterly
2017-09-30,4. Information and Communication — level,179900.2751870146,million PKR (constant basic prices),sbp_gdp_quarterly,quarterly
2017-12-31,4. Information and Communication — level,176611.857985861,million PKR (constant basic prices),sbp_gdp_quarterly,quarterly
2018-03-31,4. Information and Communication — level,172579.1346164672,million PKR (constant basic prices),sbp_gdp_quarterly,quarterly
2018-06-30,4. Information and Communication — level,174351.7322106573,million PKR (constant basic prices),sbp_gdp_quarterly,quarterly
2018-09-30,4. Information and Communication — level,186029.1597815026,million PKR (constant basic prices),sbp_gdp_quarterly,quarterly
2018-12-31,4. Information and Communication — level,181940.51496966436,million PKR (constant basic prices),sbp_gdp_quarterly,quarterly
2019-03-31,4. Information and Communication — level,191519.78450935136,million PKR (constant basic prices),sbp_gdp_quarterly,quarterly
2019-06-30,4. Information and Communication — level,203726.54073948157,million PKR (constant basic prices),sbp_gdp_quarterly,quarterly
2019-09-30,4. Information and Communication — level,197233.17742912358,million PKR (constant basic prices),sbp_gdp_quarterly,quarterly
2019-12-31,4. Information and Communication — level,220052.3204344507,million PKR (constant basic prices),sbp_gdp_quarterly,quarterly
2020-03-31,4. Information and Communication — level,231933.07219991065,million PKR (constant basic prices),sbp_gdp_quarterly,quarterly
2020-06-30,4. Information and Communication — level,219119.42993651505,million PKR (constant basic prices),sbp_gdp_quarterly,quarterly
2020-09-30,4. Information and Communication — level,230106.31649389956,million PKR (constant basic prices),sbp_gdp_quarterly,quarterly
2020-12-31,4. Information and Communication — level,236495.80778433033,million PKR (constant basic prices),sbp_gdp_quarterly,quarterly
2021-03-31,4. Information and Communication — level,238575.14643510568,million PKR (constant basic prices),sbp_gdp_quarterly,quarterly
2021-06-30,4. Information and Communication — level,248640.7292866644,million PKR (constant basic prices),sbp_gdp_quarterly,quarterly
2021-09-30,4. Information and Communication — level,269752.47575826524,million PKR (constant basic prices),sbp_gdp_quarterly,quarterly
2021-12-31,4. Information and Communication — level,284070.65598310035,million PKR (constant basic prices),sbp_gdp_quarterly,quarterly
2022-03-31,4. Information and Communication — level,284003.0089866045,million PKR (constant basic prices),sbp_gdp_quarterly,quarterly
2022-06-30,4. Information and Communication — level,287292.8592720297,million PKR (constant basic prices),sbp_gdp_quarterly,quarterly
2022-09-30,4. Information and Communication — level,281555.31715466396,million PKR (constant basic prices),sbp_gdp_quarterly,quarterly
2022-12-31,4. Information and Communication — level,288738.0051497212,million PKR (constant basic prices),sbp_gdp_quarterly,quarterly
2023-03-31,4. Information and Communication — level,266477.76454060694,million PKR (constant basic prices),sbp_gdp_quarterly,quarterly
2023-06-30,4. Information and Communication — level,281480.913155008,million PKR (constant basic prices),sbp_gdp_quarterly,quarterly
2023-09-30,4. Information and Communication — level,291483.4012289333,million PKR (constant basic prices),sbp_gdp_quarterly,quarterly
2023-12-31,4. Information and Communication — level,301016.8806587988,million PKR (constant basic prices),sbp_gdp_quarterly,quarterly
2024-03-31,4. Information and Communication — level,277896.8681941829,million PKR (constant basic prices),sbp_gdp_quarterly,quarterly
2024-06-30,4. Information and Communication — level,296302.8499180849,million PKR (constant basic prices),sbp_gdp_quarterly,quarterly
2024-09-30,4. Information and Communication — level,289808.432550856,million PKR (constant basic prices),sbp_gdp_quarterly,quarterly
2024-12-31,4. Information and Communication — level,337441.9024887075,million PKR (constant basic prices),sbp_gdp_quarterly,quarterly
2025-03-31,4. Information and Communication — level,306265.9920590889,million PKR (constant basic prices),sbp_gdp_quarterly,quarterly
2025-06-30,4. Information and Communication — level,315204.6729013476,million PKR (constant basic prices),sbp_gdp_quarterly,quarterly
2025-09-30,4. Information and Communication — level,267701.1659893238,million PKR (constant basic prices),sbp_gdp_quarterly,quarterly
2025-12-31,4. Information and Communication — level,333144.35219391726,million PKR (constant basic prices),sbp_gdp_quarterly,quarterly
2026-03-31,4. Information and Communication — level,336205.24674819387,million PKR (constant basic prices),sbp_gdp_quarterly,quarterly
2015-09-30,5. Finance & Insurance Activities — level,124838.74498166062,million PKR (constant basic prices),sbp_gdp_quarterly,quarterly
2015-12-31,5. Finance & Insurance Activities — level,133157.38474278423,million PKR (constant basic prices),sbp_gdp_quarterly,quarterly
2016-03-31,5. Finance & Insurance Activities — level,135512.36490300047,million PKR (constant basic prices),sbp_gdp_quarterly,quarterly
2016-06-30,5. Finance & Insurance Activities — level,136676.99577255468,million PKR (constant basic prices),sbp_gdp_quarterly,quarterly
2016-09-30,5. Finance & Insurance Activities — level,137308.72651982965,million PKR (constant basic prices),sbp_gdp_quarterly,quarterly
2016-12-31,5. Finance & Insurance Activities — level,141709.44835011914,million PKR (constant basic prices),sbp_gdp_quarterly,quarterly
2017-03-31,5. Finance & Insurance Activities — level,146405.04832363498,million PKR (constant basic prices),sbp_gdp_quarterly,quarterly
2017-06-30,5. Finance & Insurance Activities — level,148405.08822047044,million PKR (constant basic prices),sbp_gdp_quarterly,quarterly
2017-09-30,5. Finance & Insurance Activities — level,148278.54794396975,million PKR (constant basic prices),sbp_gdp_quarterly,quarterly
2017-12-31,5. Finance & Insurance Activities — level,157501.89405692767,million PKR (constant basic prices),sbp_gdp_quarterly,quarterly
2018-03-31,5. Finance & Insurance Activities — level,161691.86402616862,million PKR (constant basic prices),sbp_gdp_quarterly,quarterly
2018-06-30,5. Finance & Insurance Activities — level,156606.5532204583,million PKR (constant basic prices),sbp_gdp_quarterly,quarterly
2018-09-30,5. Finance & Insurance Activities — level,157117.88869509217,million PKR (constant basic prices),sbp_gdp_quarterly,quarterly
2018-12-31,5. Finance & Insurance Activities — level,167259.65470585122,million PKR (constant basic prices),sbp_gdp_quarterly,quarterly
2019-03-31,5. Finance & Insurance Activities — level,170324.94476977125,million PKR (constant basic prices),sbp_gdp_quarterly,quarterly
2019-06-30,5. Finance & Insurance Activities — level,167446.72764163974,million PKR (constant basic prices),sbp_gdp_quarterly,quarterly
2019-09-30,5. Finance & Insurance Activities — level,155145.60365282264,million PKR (constant basic prices),sbp_gdp_quarterly,quarterly
2019-12-31,5. Finance & Insurance Activities — level,159753.58095169408,million PKR (constant basic prices),sbp_gdp_quarterly,quarterly
2020-03-31,5. Finance & Insurance Activities — level,165992.36172880436,million PKR (constant basic prices),sbp_gdp_quarterly,quarterly
2020-06-30,5. Finance & Insurance Activities — level,166543.2349095682,million PKR (constant basic prices),sbp_gdp_quarterly,quarterly
2020-09-30,5. Finance & Insurance Activities — level,165668.74919119634,million PKR (constant basic prices),sbp_gdp_quarterly,quarterly
2020-12-31,5. Finance & Insurance Activities — level,168462.3225795916,million PKR (constant basic prices),sbp_gdp_quarterly,quarterly
2021-03-31,5. Finance & Insurance Activities — level,171570.59917232642,million PKR (constant basic prices),sbp_gdp_quarterly,quarterly
2021-06-30,5. Finance & Insurance Activities — level,177286.21055383876,million PKR (constant basic prices),sbp_gdp_quarterly,quarterly
2021-09-30,5. Finance & Insurance Activities — level,177888.44242863217,million PKR (constant basic prices),sbp_gdp_quarterly,quarterly
2021-12-31,5. Finance & Insurance Activities — level,180113.7241545589,million PKR (constant basic prices),sbp_gdp_quarterly,quarterly
2022-03-31,5. Finance & Insurance Activities — level,181526.01420226114,million PKR (constant basic prices),sbp_gdp_quarterly,quarterly
2022-06-30,5. Finance & Insurance Activities — level,190692.3321566511,million PKR (constant basic prices),sbp_gdp_quarterly,quarterly
2022-09-30,5. Finance & Insurance Activities — level,176620.89689516794,million PKR (constant basic prices),sbp_gdp_quarterly,quarterly
2022-12-31,5. Finance & Insurance Activities — level,172455.48101302146,million PKR (constant basic prices),sbp_gdp_quarterly,quarterly
2023-03-31,5. Finance & Insurance Activities — level,156858.9158965098,million PKR (constant basic prices),sbp_gdp_quarterly,quarterly
2023-06-30,5. Finance & Insurance Activities — level,152985.7061953008,million PKR (constant basic prices),sbp_gdp_quarterly,quarterly
2023-09-30,5. Finance & Insurance Activities — level,149154.04430401544,million PKR (constant basic prices),sbp_gdp_quarterly,quarterly
2023-12-31,5. Finance & Insurance Activities — level,137164.8893150997,million PKR (constant basic prices),sbp_gdp_quarterly,quarterly
2024-03-31,5. Finance & Insurance Activities — level,141813.26769822487,million PKR (constant basic prices),sbp_gdp_quarterly,quarterly
2024-06-30,5. Finance & Insurance Activities — level,144214.89868266007,million PKR (constant basic prices),sbp_gdp_quarterly,quarterly
2024-09-30,5. Finance & Insurance Activities — level,148061.13442125358,million PKR (constant basic prices),sbp_gdp_quarterly,quarterly
2024-12-31,5. Finance & Insurance Activities — level,156740.47861245365,million PKR (constant basic prices),sbp_gdp_quarterly,quarterly
2025-03-31,5. Finance & Insurance Activities — level,159385.45037068546,million PKR (constant basic prices),sbp_gdp_quarterly,quarterly
2025-06-30,5. Finance & Insurance Activities — level,160255.9365956073,million PKR (constant basic prices),sbp_gdp_quarterly,quarterly
2025-09-30,5. Finance & Insurance Activities — level,157964.28243335066,million PKR (constant basic prices),sbp_gdp_quarterly,quarterly
2025-12-31,5. Finance & Insurance Activities — level,161344.97432762792,million PKR (constant basic prices),sbp_gdp_quarterly,quarterly
2026-03-31,5. Finance & Insurance Activities — level,164006.87559334005,million PKR (constant basic prices),sbp_gdp_quarterly,quarterly
2015-09-30,6. Real Estate Activities (Ownership of Dwellings) — level,430806.6342495161,million PKR (constant basic prices),sbp_gdp_quarterly,quarterly
2015-12-31,6. Real Estate Activities (Ownership of Dwellings) — level,432029.2805497096,million PKR (constant basic prices),sbp_gdp_quarterly,quarterly
2016-03-31,6. Real Estate Activities (Ownership of Dwellings) — level,434474.5731500968,million PKR (constant basic prices),sbp_gdp_quarterly,quarterly
2016-06-30,6. Real Estate Activities (Ownership of Dwellings) — level,438142.51205067744,million PKR (constant basic prices),sbp_gdp_quarterly,quarterly
2016-09-30,6. Real Estate Activities (Ownership of Dwellings) — level,443033.0972514515,million PKR (constant basic prices),sbp_gdp_quarterly,quarterly
2016-12-31,6. Real Estate Activities (Ownership of Dwellings) — level,447655.49243118055,million PKR (constant basic prices),sbp_gdp_quarterly,quarterly
2017-03-31,6. Real Estate Activities (Ownership of Dwellings) — level,452009.69758986455,million PKR (constant basic prices),sbp_gdp_quarterly,quarterly
2017-06-30,6. Real Estate Activities (Ownership of Dwellings) — level,456095.7127275032,million PKR (constant basic prices),sbp_gdp_quarterly,quarterly
2017-09-30,6. Real Estate Activities (Ownership of Dwellings) — level,459913.53784409666,million PKR (constant basic prices),sbp_gdp_quarterly,quarterly
2017-12-31,6. Real Estate Activities (Ownership of Dwellings) — level,463859.8527530955,million PKR (constant basic prices),sbp_gdp_quarterly,quarterly
2018-03-31,6. Real Estate Activities (Ownership of Dwellings) — level,467934.6574544993,million PKR (constant basic prices),sbp_gdp_quarterly,quarterly
2018-06-30,6. Real Estate Activities (Ownership of Dwellings) — level,472137.9519483084,million PKR (constant basic prices),sbp_gdp_quarterly,quarterly
2018-09-30,6. Real Estate Activities (Ownership of Dwellings) — level,476469.7362345227,million PKR (constant basic prices),sbp_gdp_quarterly,quarterly
2018-12-31,6. Real Estate Activities (Ownership of Dwellings) — level,480899.8554551993,million PKR (constant basic prices),sbp_gdp_quarterly,quarterly
2019-03-31,6. Real Estate Activities (Ownership of Dwellings) — level,485428.3096103383,million PKR (constant basic prices),sbp_gdp_quarterly,quarterly
2019-06-30,6. Real Estate Activities (Ownership of Dwellings) — level,490055.09869993955,million PKR (constant basic prices),sbp_gdp_quarterly,quarterly
2019-09-30,6. Real Estate Activities (Ownership of Dwellings) — level,494780.2227240034,million PKR (constant basic prices),sbp_gdp_quarterly,quarterly
2019-12-31,6. Real Estate Activities (Ownership of Dwellings) — level,499445.4832440276,million PKR (constant basic prices),sbp_gdp_quarterly,quarterly
2020-03-31,6. Real Estate Activities (Ownership of Dwellings) — level,504050.88026001194,million PKR (constant basic prices),sbp_gdp_quarterly,quarterly
2020-06-30,6. Real Estate Activities (Ownership of Dwellings) — level,508596.41377195646,million PKR (constant basic prices),sbp_gdp_quarterly,quarterly
2020-09-30,6. Real Estate Activities (Ownership of Dwellings) — level,513082.08377986116,million PKR (constant basic prices),sbp_gdp_quarterly,quarterly
2020-12-31,6. Real Estate Activities (Ownership of Dwellings) — level,517653.0182710787,million PKR (constant basic prices),sbp_gdp_quarterly,quarterly
2021-03-31,6. Real Estate Activities (Ownership of Dwellings) — level,522309.2172456087,million PKR (constant basic prices),sbp_gdp_quarterly,quarterly
2021-06-30,6. Real Estate Activities (Ownership of Dwellings) — level,527050.6807034519,million PKR (constant basic prices),sbp_gdp_quarterly,quarterly
2021-09-30,6. Real Estate Activities (Ownership of Dwellings) — level,531877.408644608,million PKR (constant basic prices),sbp_gdp_quarterly,quarterly
2021-12-31,6. Real Estate Activities (Ownership of Dwellings) — level,536751.3363632271,million PKR (constant basic prices),sbp_gdp_quarterly,quarterly
2022-03-31,6. Real Estate Activities (Ownership of Dwellings) — level,541672.4638593097,million PKR (constant basic prices),sbp_gdp_quarterly,quarterly
2022-06-30,6. Real Estate Activities (Ownership of Dwellings) — level,546640.7911328551,million PKR (constant basic prices),sbp_gdp_quarterly,quarterly
2022-09-30,6. Real Estate Activities (Ownership of Dwellings) — level,551656.3181838641,million PKR (constant basic prices),sbp_gdp_quarterly,quarterly
2022-12-31,6. Real Estate Activities (Ownership of Dwellings) — level,556714.2017307217,million PKR (constant basic prices),sbp_gdp_quarterly,quarterly
2023-03-31,6. Real Estate Activities (Ownership of Dwellings) — level,561814.441773429,million PKR (constant basic prices),sbp_gdp_quarterly,quarterly
2023-06-30,6. Real Estate Activities (Ownership of Dwellings) — level,566957.0383119851,million PKR (constant basic prices),sbp_gdp_quarterly,quarterly
2023-09-30,6. Real Estate Activities (Ownership of Dwellings) — level,572141.9913463905,million PKR (constant basic prices),sbp_gdp_quarterly,quarterly
2023-12-31,6. Real Estate Activities (Ownership of Dwellings) — level,577429.1760215962,million PKR (constant basic prices),sbp_gdp_quarterly,quarterly
2024-03-31,6. Real Estate Activities (Ownership of Dwellings) — level,582818.592337603,million PKR (constant basic prices),sbp_gdp_quarterly,quarterly
2024-06-30,6. Real Estate Activities (Ownership of Dwellings) — level,588310.2402944106,million PKR (constant basic prices),sbp_gdp_quarterly,quarterly
2024-09-30,6. Real Estate Activities (Ownership of Dwellings) — level,593904.1198920188,million PKR (constant basic prices),sbp_gdp_quarterly,quarterly
2024-12-31,6. Real Estate Activities (Ownership of Dwellings) — level,599365.6237742548,million PKR (constant basic prices),sbp_gdp_quarterly,quarterly
2025-03-31,6. Real Estate Activities (Ownership of Dwellings) — level,604694.7519411177,million PKR (constant basic prices),sbp_gdp_quarterly,quarterly
2025-06-30,6. Real Estate Activities (Ownership of Dwellings) — level,609891.5043926087,million PKR (constant basic prices),sbp_gdp_quarterly,quarterly
2025-09-30,6. Real Estate Activities (Ownership of Dwellings) — level,614955.881128727,million PKR (constant basic prices),sbp_gdp_quarterly,quarterly
2025-12-31,6. Real Estate Activities (Ownership of Dwellings) — level,620524.8793716837,million PKR (constant basic prices),sbp_gdp_quarterly,quarterly
2026-03-31,6. Real Estate Activities (Ownership of Dwellings) — level,626598.4991214783,million PKR (constant basic prices),sbp_gdp_quarterly,quarterly
2015-09-30,7. Public Administration and Social Security (General Government) — level,356075.1230001718,million PKR (constant basic prices),sbp_gdp_quarterly,quarterly
2015-12-31,7. Public Administration and Social Security (General Government) — level,361243.72088772175,million PKR (constant basic prices),sbp_gdp_quarterly,quarterly
2016-03-31,7. Public Administration and Social Security (General Government) — level,373486.3302076043,million PKR (constant basic prices),sbp_gdp_quarterly,quarterly
2016-06-30,7. Public Administration and Social Security (General Government) — level,367659.8259045021,million PKR (constant basic prices),sbp_gdp_quarterly,quarterly
2016-09-30,7. Public Administration and Social Security (General Government) — level,376069.46006105846,million PKR (constant basic prices),sbp_gdp_quarterly,quarterly
2016-12-31,7. Public Administration and Social Security (General Government) — level,382186.85921825044,million PKR (constant basic prices),sbp_gdp_quarterly,quarterly
2017-03-31,7. Public Administration and Social Security (General Government) — level,396318.90224355867,million PKR (constant basic prices),sbp_gdp_quarterly,quarterly
2017-06-30,7. Public Administration and Social Security (General Government) — level,393414.77847713267,million PKR (constant basic prices),sbp_gdp_quarterly,quarterly
2017-09-30,7. Public Administration and Social Security (General Government) — level,430132.3897286946,million PKR (constant basic prices),sbp_gdp_quarterly,quarterly
2017-12-31,7. Public Administration and Social Security (General Government) — level,432054.8907466056,million PKR (constant basic prices),sbp_gdp_quarterly,quarterly
2018-03-31,7. Public Administration and Social Security (General Government) — level,440337.4853076807,million PKR (constant basic prices),sbp_gdp_quarterly,quarterly
2018-06-30,7. Public Administration and Social Security (General Government) — level,414605.23421701917,million PKR (constant basic prices),sbp_gdp_quarterly,quarterly
2018-09-30,7. Public Administration and Social Security (General Government) — level,451573.63684052066,million PKR (constant basic prices),sbp_gdp_quarterly,quarterly
2018-12-31,7. Public Administration and Social Security (General Government) — level,437830.3068619653,million PKR (constant basic prices),sbp_gdp_quarterly,quarterly
2019-03-31,7. Public Administration and Social Security (General Government) — level,446335.7081940121,million PKR (constant basic prices),sbp_gdp_quarterly,quarterly
2019-06-30,7. Public Administration and Social Security (General Government) — level,441035.3481035019,million PKR (constant basic prices),sbp_gdp_quarterly,quarterly
2019-09-30,7. Public Administration and Social Security (General Government) — level,446158.8889240623,million PKR (constant basic prices),sbp_gdp_quarterly,quarterly
2019-12-31,7. Public Administration and Social Security (General Government) — level,452925.1263113364,million PKR (constant basic prices),sbp_gdp_quarterly,quarterly
2020-03-31,7. Public Administration and Social Security (General Government) — level,468770.6918801726,million PKR (constant basic prices),sbp_gdp_quarterly,quarterly
2020-06-30,7. Public Administration and Social Security (General Government) — level,462298.29288442887,million PKR (constant basic prices),sbp_gdp_quarterly,quarterly
2020-09-30,7. Public Administration and Social Security (General Government) — level,457829.3109839483,million PKR (constant basic prices),sbp_gdp_quarterly,quarterly
2020-12-31,7. Public Administration and Social Security (General Government) — level,446712.70983660384,million PKR (constant basic prices),sbp_gdp_quarterly,quarterly
2021-03-31,7. Public Administration and Social Security (General Government) — level,458841.90834732103,million PKR (constant basic prices),sbp_gdp_quarterly,quarterly
2021-06-30,7. Public Administration and Social Security (General Government) — level,456709.0708321268,million PKR (constant basic prices),sbp_gdp_quarterly,quarterly
2021-09-30,7. Public Administration and Social Security (General Government) — level,461185.3353656006,million PKR (constant basic prices),sbp_gdp_quarterly,quarterly
2021-12-31,7. Public Administration and Social Security (General Government) — level,459885.0503907519,million PKR (constant basic prices),sbp_gdp_quarterly,quarterly
2022-03-31,7. Public Administration and Social Security (General Government) — level,476518.27528889594,million PKR (constant basic prices),sbp_gdp_quarterly,quarterly
2022-06-30,7. Public Administration and Social Security (General Government) — level,455533.3389547514,million PKR (constant basic prices),sbp_gdp_quarterly,quarterly
2022-09-30,7. Public Administration and Social Security (General Government) — level,452218.0439107605,million PKR (constant basic prices),sbp_gdp_quarterly,quarterly
2022-12-31,7. Public Administration and Social Security (General Government) — level,441415.88289617456,million PKR (constant basic prices),sbp_gdp_quarterly,quarterly
2023-03-31,7. Public Administration and Social Security (General Government) — level,428930.2897756622,million PKR (constant basic prices),sbp_gdp_quarterly,quarterly
2023-06-30,7. Public Administration and Social Security (General Government) — level,400393.78341740306,million PKR (constant basic prices),sbp_gdp_quarterly,quarterly
2023-09-30,7. Public Administration and Social Security (General Government) — level,408502.83781043696,million PKR (constant basic prices),sbp_gdp_quarterly,quarterly
2023-12-31,7. Public Administration and Social Security (General Government) — level,396334.9434219369,million PKR (constant basic prices),sbp_gdp_quarterly,quarterly
2024-03-31,7. Public Administration and Social Security (General Government) — level,397199.7208336098,million PKR (constant basic prices),sbp_gdp_quarterly,quarterly
2024-06-30,7. Public Administration and Social Security (General Government) — level,400240.49793401646,million PKR (constant basic prices),sbp_gdp_quarterly,quarterly
2024-09-30,7. Public Administration and Social Security (General Government) — level,421296.66812506615,million PKR (constant basic prices),sbp_gdp_quarterly,quarterly
2024-12-31,7. Public Administration and Social Security (General Government) — level,426802.9473500877,million PKR (constant basic prices),sbp_gdp_quarterly,quarterly
2025-03-31,7. Public Administration and Social Security (General Government) — level,445218.7174781744,million PKR (constant basic prices),sbp_gdp_quarterly,quarterly
2025-06-30,7. Public Administration and Social Security (General Government) — level,446771.66704667185,million PKR (constant basic prices),sbp_gdp_quarterly,quarterly
2025-09-30,7. Public Administration and Social Security (General Government) — level,464009.5298184605,million PKR (constant basic prices),sbp_gdp_quarterly,quarterly
2025-12-31,7. Public Administration and Social Security (General Government) — level,470002.629562134,million PKR (constant basic prices),sbp_gdp_quarterly,quarterly
2026-03-31,7. Public Administration and Social Security (General Government) — level,484772.81469981116,million PKR (constant basic prices),sbp_gdp_quarterly,quarterly
2015-09-30,8. Education — level,232546.1163390434,million PKR (constant basic prices),sbp_gdp_quarterly,quarterly
2015-12-31,8. Education — level,236059.64970741665,million PKR (constant basic prices),sbp_gdp_quarterly,quarterly
2016-03-31,8. Education — level,242547.1185325919,million PKR (constant basic prices),sbp_gdp_quarterly,quarterly
2016-06-30,8. Education — level,243403.11542094802,million PKR (constant basic prices),sbp_gdp_quarterly,quarterly
2016-09-30,8. Education — level,227370.72990315908,million PKR (constant basic prices),sbp_gdp_quarterly,quarterly
2016-12-31,8. Education — level,231838.00411117653,million PKR (constant basic prices),sbp_gdp_quarterly,quarterly
2017-03-31,8. Education — level,239141.03138039596,million PKR (constant basic prices),sbp_gdp_quarterly,quarterly
2017-06-30,8. Education — level,241219.23460526846,million PKR (constant basic prices),sbp_gdp_quarterly,quarterly
2017-09-30,8. Education — level,235993.18629040063,million PKR (constant basic prices),sbp_gdp_quarterly,quarterly
2017-12-31,8. Education — level,240860.36229419103,million PKR (constant basic prices),sbp_gdp_quarterly,quarterly
2018-03-31,8. Education — level,247679.1661402081,million PKR (constant basic prices),sbp_gdp_quarterly,quarterly
2018-06-30,8. Education — level,248320.2852752002,million PKR (constant basic prices),sbp_gdp_quarterly,quarterly
2018-09-30,8. Education — level,241007.06399953848,million PKR (constant basic prices),sbp_gdp_quarterly,quarterly
2018-12-31,8. Education — level,244842.02526424092,million PKR (constant basic prices),sbp_gdp_quarterly,quarterly
2019-03-31,8. Education — level,251946.89907192523,million PKR (constant basic prices),sbp_gdp_quarterly,quarterly
2019-06-30,8. Education — level,254103.01166429522,million PKR (constant basic prices),sbp_gdp_quarterly,quarterly
2019-09-30,8. Education — level,250325.40422643797,million PKR (constant basic prices),sbp_gdp_quarterly,quarterly
2019-12-31,8. Education — level,254851.21736734675,million PKR (constant basic prices),sbp_gdp_quarterly,quarterly
2020-03-31,8. Education — level,260545.18143709376,million PKR (constant basic prices),sbp_gdp_quarterly,quarterly
2020-06-30,8. Education — level,259038.19696912146,million PKR (constant basic prices),sbp_gdp_quarterly,quarterly
2020-09-30,8. Education — level,249391.91140905546,million PKR (constant basic prices),sbp_gdp_quarterly,quarterly
2020-12-31,8. Education — level,250723.1551196733,million PKR (constant basic prices),sbp_gdp_quarterly,quarterly
2021-03-31,8. Education — level,255893.16787666664,million PKR (constant basic prices),sbp_gdp_quarterly,quarterly
2021-06-30,8. Education — level,256419.7655946046,million PKR (constant basic prices),sbp_gdp_quarterly,quarterly
2021-09-30,8. Education — level,260340.88919813526,million PKR (constant basic prices),sbp_gdp_quarterly,quarterly
2021-12-31,8. Education — level,265220.1932903578,million PKR (constant basic prices),sbp_gdp_quarterly,quarterly
2022-03-31,8. Education — level,272663.9441865854,million PKR (constant basic prices),sbp_gdp_quarterly,quarterly
2022-06-30,8. Education — level,273419.53805937164,million PKR (constant basic prices),sbp_gdp_quarterly,quarterly
2022-09-30,8. Education — level,275799.3646475145,million PKR (constant basic prices),sbp_gdp_quarterly,quarterly
2022-12-31,8. Education — level,280208.73760640906,million PKR (constant basic prices),sbp_gdp_quarterly,quarterly
2023-03-31,8. Education — level,287976.3471041855,million PKR (constant basic prices),sbp_gdp_quarterly,quarterly
2023-06-30,8. Education — level,289066.55064189096,million PKR (constant basic prices),sbp_gdp_quarterly,quarterly
2023-09-30,8. Education — level,302595.588798356,million PKR (constant basic prices),sbp_gdp_quarterly,quarterly
2023-12-31,8. Education — level,308066.88475132885,million PKR (constant basic prices),sbp_gdp_quarterly,quarterly
2024-03-31,8. Education — level,317581.1676073763,million PKR (constant basic prices),sbp_gdp_quarterly,quarterly
2024-06-30,8. Education — level,318813.358842939,million PKR (constant basic prices),sbp_gdp_quarterly,quarterly
2024-09-30,8. Education — level,314623.6743725317,million PKR (constant basic prices),sbp_gdp_quarterly,quarterly
2024-12-31,8. Education — level,319884.4195067238,million PKR (constant basic prices),sbp_gdp_quarterly,quarterly
2025-03-31,8. Education — level,328603.3999972107,million PKR (constant basic prices),sbp_gdp_quarterly,quarterly
2025-06-30,8. Education — level,328707.5061235337,million PKR (constant basic prices),sbp_gdp_quarterly,quarterly
2025-09-30,8. Education — level,329287.98161812645,million PKR (constant basic prices),sbp_gdp_quarterly,quarterly
2025-12-31,8. Education — level,333937.2714983515,million PKR (constant basic prices),sbp_gdp_quarterly,quarterly
2026-03-31,8. Education — level,342194.4656429057,million PKR (constant basic prices),sbp_gdp_quarterly,quarterly
2015-09-30,9. Human Health and Social Work Activities — level,102551.28855462946,million PKR (constant basic prices),sbp_gdp_quarterly,quarterly
2015-12-31,9. Human Health and Social Work Activities — level,103813.42380516531,million PKR (constant basic prices),sbp_gdp_quarterly,quarterly
2016-03-31,9. Human Health and Social Work Activities — level,106173.47545302854,million PKR (constant basic prices),sbp_gdp_quarterly,quarterly
2016-06-30,9. Human Health and Social Work Activities — level,107106.81218717672,million PKR (constant basic prices),sbp_gdp_quarterly,quarterly
2016-09-30,9. Human Health and Social Work Activities — level,114007.85694319283,million PKR (constant basic prices),sbp_gdp_quarterly,quarterly
2016-12-31,9. Human Health and Social Work Activities — level,116292.02233930284,million PKR (constant basic prices),sbp_gdp_quarterly,quarterly
2017-03-31,9. Human Health and Social Work Activities — level,119484.36519421104,million PKR (constant basic prices),sbp_gdp_quarterly,quarterly
2017-06-30,9. Human Health and Social Work Activities — level,120537.75552329334,million PKR (constant basic prices),sbp_gdp_quarterly,quarterly
2017-09-30,9. Human Health and Social Work Activities — level,120630.9443111734,million PKR (constant basic prices),sbp_gdp_quarterly,quarterly
2017-12-31,9. Human Health and Social Work Activities — level,122911.41535353492,million PKR (constant basic prices),sbp_gdp_quarterly,quarterly
2018-03-31,9. Human Health and Social Work Activities — level,126223.30773837221,million PKR (constant basic prices),sbp_gdp_quarterly,quarterly
2018-06-30,9. Human Health and Social Work Activities — level,127332.33259691938,million PKR (constant basic prices),sbp_gdp_quarterly,quarterly
2018-09-30,9. Human Health and Social Work Activities — level,130133.96225480654,million PKR (constant basic prices),sbp_gdp_quarterly,quarterly
2018-12-31,9. Human Health and Social Work Activities — level,132512.99549113464,million PKR (constant basic prices),sbp_gdp_quarterly,quarterly
2019-03-31,9. Human Health and Social Work Activities — level,135961.94865139073,million PKR (constant basic prices),sbp_gdp_quarterly,quarterly
2019-06-30,9. Human Health and Social Work Activities — level,136932.0936026681,million PKR (constant basic prices),sbp_gdp_quarterly,quarterly
2019-09-30,9. Human Health and Social Work Activities — level,138142.30353581323,million PKR (constant basic prices),sbp_gdp_quarterly,quarterly
2019-12-31,9. Human Health and Social Work Activities — level,140608.98660276542,million PKR (constant basic prices),sbp_gdp_quarterly,quarterly
2020-03-31,9. Human Health and Social Work Activities — level,144351.18757775857,million PKR (constant basic prices),sbp_gdp_quarterly,quarterly
2020-06-30,9. Human Health and Social Work Activities — level,145535.52228366275,million PKR (constant basic prices),sbp_gdp_quarterly,quarterly
2020-09-30,9. Human Health and Social Work Activities — level,142210.34394292417,million PKR (constant basic prices),sbp_gdp_quarterly,quarterly
2020-12-31,9. Human Health and Social Work Activities — level,144810.5984312927,million PKR (constant basic prices),sbp_gdp_quarterly,quarterly
2021-03-31,9. Human Health and Social Work Activities — level,148531.5735877839,million PKR (constant basic prices),sbp_gdp_quarterly,quarterly
2021-06-30,9. Human Health and Social Work Activities — level,149584.48403803183,million PKR (constant basic prices),sbp_gdp_quarterly,quarterly
2021-09-30,9. Human Health and Social Work Activities — level,145129.40027725988,million PKR (constant basic prices),sbp_gdp_quarterly,quarterly
2021-12-31,9. Human Health and Social Work Activities — level,148016.01409601368,million PKR (constant basic prices),sbp_gdp_quarterly,quarterly
2022-03-31,9. Human Health and Social Work Activities — level,152576.0184258604,million PKR (constant basic prices),sbp_gdp_quarterly,quarterly
2022-06-30,9. Human Health and Social Work Activities — level,155113.79457500836,million PKR (constant basic prices),sbp_gdp_quarterly,quarterly
2022-09-30,9. Human Health and Social Work Activities — level,158500.52953650948,million PKR (constant basic prices),sbp_gdp_quarterly,quarterly
2022-12-31,9. Human Health and Social Work Activities — level,162528.22509316634,million PKR (constant basic prices),sbp_gdp_quarterly,quarterly
2023-03-31,9. Human Health and Social Work Activities — level,167273.45974628773,million PKR (constant basic prices),sbp_gdp_quarterly,quarterly
2023-06-30,9. Human Health and Social Work Activities — level,168743.78562403645,million PKR (constant basic prices),sbp_gdp_quarterly,quarterly
2023-09-30,9. Human Health and Social Work Activities — level,165315.02537682385,million PKR (constant basic prices),sbp_gdp_quarterly,quarterly
2023-12-31,9. Human Health and Social Work Activities — level,167346.13415654365,million PKR (constant basic prices),sbp_gdp_quarterly,quarterly
2024-03-31,9. Human Health and Social Work Activities — level,172366.10599035438,million PKR (constant basic prices),sbp_gdp_quarterly,quarterly
2024-06-30,9. Human Health and Social Work Activities — level,173996.734476278,million PKR (constant basic prices),sbp_gdp_quarterly,quarterly
2024-09-30,9. Human Health and Social Work Activities — level,171341.3534858575,million PKR (constant basic prices),sbp_gdp_quarterly,quarterly
2024-12-31,9. Human Health and Social Work Activities — level,174009.27636914724,million PKR (constant basic prices),sbp_gdp_quarterly,quarterly
2025-03-31,9. Human Health and Social Work Activities — level,177575.16419645643,million PKR (constant basic prices),sbp_gdp_quarterly,quarterly
2025-06-30,9. Human Health and Social Work Activities — level,177903.20594853882,million PKR (constant basic prices),sbp_gdp_quarterly,quarterly
2025-09-30,9. Human Health and Social Work Activities — level,178858.5707404045,million PKR (constant basic prices),sbp_gdp_quarterly,quarterly
2025-12-31,9. Human Health and Social Work Activities — level,181141.8829207769,million PKR (constant basic prices),sbp_gdp_quarterly,quarterly
2026-03-31,9. Human Health and Social Work Activities — level,184802.35391436302,million PKR (constant basic prices),sbp_gdp_quarterly,quarterly
2015-09-30,Agriculture Sector (1 to 4) — level,1877498.85353143,million PKR (constant basic prices),sbp_gdp_quarterly,quarterly
2015-12-31,Agriculture Sector (1 to 4) — level,1833474.4060155004,million PKR (constant basic prices),sbp_gdp_quarterly,quarterly
2016-03-31,Agriculture Sector (1 to 4) — level,1764238.178947356,million PKR (constant basic prices),sbp_gdp_quarterly,quarterly
2016-06-30,Agriculture Sector (1 to 4) — level,1831745.5615057137,million PKR (constant basic prices),sbp_gdp_quarterly,quarterly
2016-09-30,Agriculture Sector (1 to 4) — level,1914034.4713281973,million PKR (constant basic prices),sbp_gdp_quarterly,quarterly
2016-12-31,Agriculture Sector (1 to 4) — level,1842507.3791706564,million PKR (constant basic prices),sbp_gdp_quarterly,quarterly
2017-03-31,Agriculture Sector (1 to 4) — level,1813876.2729287036,million PKR (constant basic prices),sbp_gdp_quarterly,quarterly
2017-06-30,Agriculture Sector (1 to 4) — level,1898482.525385284,million PKR (constant basic prices),sbp_gdp_quarterly,quarterly
2017-09-30,Agriculture Sector (1 to 4) — level,1995925.7050806095,million PKR (constant basic prices),sbp_gdp_quarterly,quarterly
2017-12-31,Agriculture Sector (1 to 4) — level,1901090.1660628342,million PKR (constant basic prices),sbp_gdp_quarterly,quarterly
2018-03-31,Agriculture Sector (1 to 4) — level,1884765.561805619,million PKR (constant basic prices),sbp_gdp_quarterly,quarterly
2018-06-30,Agriculture Sector (1 to 4) — level,1976649.6369580068,million PKR (constant basic prices),sbp_gdp_quarterly,quarterly
2018-09-30,Agriculture Sector (1 to 4) — level,2013502.075726204,million PKR (constant basic prices),sbp_gdp_quarterly,quarterly
2018-12-31,Agriculture Sector (1 to 4) — level,1923204.1771297099,million PKR (constant basic prices),sbp_gdp_quarterly,quarterly
2019-03-31,Agriculture Sector (1 to 4) — level,1907975.235163603,million PKR (constant basic prices),sbp_gdp_quarterly,quarterly
2019-06-30,Agriculture Sector (1 to 4) — level,1986614.511980483,million PKR (constant basic prices),sbp_gdp_quarterly,quarterly
2019-09-30,Agriculture Sector (1 to 4) — level,2083821.7235536398,million PKR (constant basic prices),sbp_gdp_quarterly,quarterly
2019-12-31,Agriculture Sector (1 to 4) — level,2009389.380266866,million PKR (constant basic prices),sbp_gdp_quarterly,quarterly
2020-03-31,Agriculture Sector (1 to 4) — level,1992919.0073936966,million PKR (constant basic prices),sbp_gdp_quarterly,quarterly
2020-06-30,Agriculture Sector (1 to 4) — level,2051730.8887857972,million PKR (constant basic prices),sbp_gdp_quarterly,quarterly
2020-09-30,Agriculture Sector (1 to 4) — level,2158980.82879487,million PKR (constant basic prices),sbp_gdp_quarterly,quarterly
2020-12-31,Agriculture Sector (1 to 4) — level,2082468.8753873291,million PKR (constant basic prices),sbp_gdp_quarterly,quarterly
2021-03-31,Agriculture Sector (1 to 4) — level,2080628.6482934318,million PKR (constant basic prices),sbp_gdp_quarterly,quarterly
2021-06-30,Agriculture Sector (1 to 4) — level,2101961.647524369,million PKR (constant basic prices),sbp_gdp_quarterly,quarterly
2021-09-30,Agriculture Sector (1 to 4) — level,2255792.5814068923,million PKR (constant basic prices),sbp_gdp_quarterly,quarterly
2021-12-31,Agriculture Sector (1 to 4) — level,2160451.48771941,million PKR (constant basic prices),sbp_gdp_quarterly,quarterly
2022-03-31,Agriculture Sector (1 to 4) — level,2168305.8823814625,million PKR (constant basic prices),sbp_gdp_quarterly,quarterly
2022-06-30,Agriculture Sector (1 to 4) — level,2194097.048492235,million PKR (constant basic prices),sbp_gdp_quarterly,quarterly
2022-09-30,Agriculture Sector (1 to 4) — level,2257906.5830296953,million PKR (constant basic prices),sbp_gdp_quarterly,quarterly
2022-12-31,Agriculture Sector (1 to 4) — level,2233856.7317581777,million PKR (constant basic prices),sbp_gdp_quarterly,quarterly
2023-03-31,Agriculture Sector (1 to 4) — level,2253593.8217386096,million PKR (constant basic prices),sbp_gdp_quarterly,quarterly
2023-06-30,Agriculture Sector (1 to 4) — level,2229710.8634735183,million PKR (constant basic prices),sbp_gdp_quarterly,quarterly
2023-09-30,Agriculture Sector (1 to 4) — level,2447385.42228938,million PKR (constant basic prices),sbp_gdp_quarterly,quarterly
2023-12-31,Agriculture Sector (1 to 4) — level,2368642.040119882,million PKR (constant basic prices),sbp_gdp_quarterly,quarterly
2024-03-31,Agriculture Sector (1 to 4) — level,2343389.5416127415,million PKR (constant basic prices),sbp_gdp_quarterly,quarterly
2024-06-30,Agriculture Sector (1 to 4) — level,2390161.995977997,million PKR (constant basic prices),sbp_gdp_quarterly,quarterly
2024-09-30,Agriculture Sector (1 to 4) — level,2474634.672543739,million PKR (constant basic prices),sbp_gdp_quarterly,quarterly
2024-12-31,Agriculture Sector (1 to 4) — level,2407610.6613320946,million PKR (constant basic prices),sbp_gdp_quarterly,quarterly
2025-03-31,Agriculture Sector (1 to 4) — level,2399323.8986571967,million PKR (constant basic prices),sbp_gdp_quarterly,quarterly
2025-06-30,Agriculture Sector (1 to 4) — level,2414031.76746697,million PKR (constant basic prices),sbp_gdp_quarterly,quarterly
2025-09-30,Agriculture Sector (1 to 4) — level,2547665.0290352516,million PKR (constant basic prices),sbp_gdp_quarterly,quarterly
2025-12-31,Agriculture Sector (1 to 4) — level,2471281.2656554426,million PKR (constant basic prices),sbp_gdp_quarterly,quarterly
2026-03-31,Agriculture Sector (1 to 4) — level,2471565.673993514,million PKR (constant basic prices),sbp_gdp_quarterly,quarterly
2015-09-30,Commodity Producing Sector (A+B) — level,3344976.5005143997,million PKR (constant basic prices),sbp_gdp_quarterly,quarterly
2015-12-31,Commodity Producing Sector (A+B) — level,3273092.454643952,million PKR (constant basic prices),sbp_gdp_quarterly,quarterly
2016-03-31,Commodity Producing Sector (A+B) — level,3305629.827240713,million PKR (constant basic prices),sbp_gdp_quarterly,quarterly
2016-06-30,Commodity Producing Sector (A+B) — level,3322895.170757764,million PKR (constant basic prices),sbp_gdp_quarterly,quarterly
2016-09-30,Commodity Producing Sector (A+B) — level,3428449.347312766,million PKR (constant basic prices),sbp_gdp_quarterly,quarterly
2016-12-31,Commodity Producing Sector (A+B) — level,3350231.764344898,million PKR (constant basic prices),sbp_gdp_quarterly,quarterly
2017-03-31,Commodity Producing Sector (A+B) — level,3448137.4481734494,million PKR (constant basic prices),sbp_gdp_quarterly,quarterly
2017-06-30,Commodity Producing Sector (A+B) — level,3455378.188641079,million PKR (constant basic prices),sbp_gdp_quarterly,quarterly
2017-09-30,Commodity Producing Sector (A+B) — level,3655986.137362222,million PKR (constant basic prices),sbp_gdp_quarterly,quarterly
2017-12-31,Commodity Producing Sector (A+B) — level,3540929.3833787935,million PKR (constant basic prices),sbp_gdp_quarterly,quarterly
2018-03-31,Commodity Producing Sector (A+B) — level,3637507.449553224,million PKR (constant basic prices),sbp_gdp_quarterly,quarterly
2018-06-30,Commodity Producing Sector (A+B) — level,3707871.7605293067,million PKR (constant basic prices),sbp_gdp_quarterly,quarterly
2018-09-30,Commodity Producing Sector (A+B) — level,3770858.1100195562,million PKR (constant basic prices),sbp_gdp_quarterly,quarterly
2018-12-31,Commodity Producing Sector (A+B) — level,3539877.707314006,million PKR (constant basic prices),sbp_gdp_quarterly,quarterly
2019-03-31,Commodity Producing Sector (A+B) — level,3612859.659341444,million PKR (constant basic prices),sbp_gdp_quarterly,quarterly
2019-06-30,Commodity Producing Sector (A+B) — level,3708376.3405167675,million PKR (constant basic prices),sbp_gdp_quarterly,quarterly
2019-09-30,Commodity Producing Sector (A+B) — level,3797468.1155969435,million PKR (constant basic prices),sbp_gdp_quarterly,quarterly
2019-12-31,Commodity Producing Sector (A+B) — level,3648181.6965702455,million PKR (constant basic prices),sbp_gdp_quarterly,quarterly
2020-03-31,Commodity Producing Sector (A+B) — level,3688207.21818588,million PKR (constant basic prices),sbp_gdp_quarterly,quarterly
2020-06-30,Commodity Producing Sector (A+B) — level,3413969.9632616723,million PKR (constant basic prices),sbp_gdp_quarterly,quarterly
2020-09-30,Commodity Producing Sector (A+B) — level,3878758.6185353207,million PKR (constant basic prices),sbp_gdp_quarterly,quarterly
2020-12-31,Commodity Producing Sector (A+B) — level,3808659.263442305,million PKR (constant basic prices),sbp_gdp_quarterly,quarterly
2021-03-31,Commodity Producing Sector (A+B) — level,3839616.1377460156,million PKR (constant basic prices),sbp_gdp_quarterly,quarterly
2021-06-30,Commodity Producing Sector (A+B) — level,3832443.98027636,million PKR (constant basic prices),sbp_gdp_quarterly,quarterly
2021-09-30,Commodity Producing Sector (A+B) — level,4087494.6416535843,million PKR (constant basic prices),sbp_gdp_quarterly,quarterly
2021-12-31,Commodity Producing Sector (A+B) — level,3927596.4828499807,million PKR (constant basic prices),sbp_gdp_quarterly,quarterly
2022-03-31,Commodity Producing Sector (A+B) — level,4065580.0766769014,million PKR (constant basic prices),sbp_gdp_quarterly,quarterly
2022-06-30,Commodity Producing Sector (A+B) — level,4119558.7987239435,million PKR (constant basic prices),sbp_gdp_quarterly,quarterly
2022-09-30,Commodity Producing Sector (A+B) — level,4078992.0992191653,million PKR (constant basic prices),sbp_gdp_quarterly,quarterly
2022-12-31,Commodity Producing Sector (A+B) — level,4027298.91222567,million PKR (constant basic prices),sbp_gdp_quarterly,quarterly
2023-03-31,Commodity Producing Sector (A+B) — level,4018702.653202593,million PKR (constant basic prices),sbp_gdp_quarterly,quarterly
2023-06-30,Commodity Producing Sector (A+B) — level,3983781.3817997007,million PKR (constant basic prices),sbp_gdp_quarterly,quarterly
2023-09-30,Commodity Producing Sector (A+B) — level,4200556.9724629605,million PKR (constant basic prices),sbp_gdp_quarterly,quarterly
2023-12-31,Commodity Producing Sector (A+B) — level,4145808.4353068015,million PKR (constant basic prices),sbp_gdp_quarterly,quarterly
2024-03-31,Commodity Producing Sector (A+B) — level,4171012.8482676856,million PKR (constant basic prices),sbp_gdp_quarterly,quarterly
2024-06-30,Commodity Producing Sector (A+B) — level,4097065.1669434775,million PKR (constant basic prices),sbp_gdp_quarterly,quarterly
2024-09-30,Commodity Producing Sector (A+B) — level,4233178.938591559,million PKR (constant basic prices),sbp_gdp_quarterly,quarterly
2024-12-31,Commodity Producing Sector (A+B) — level,4213482.573595295,million PKR (constant basic prices),sbp_gdp_quarterly,quarterly
2025-03-31,Commodity Producing Sector (A+B) — level,4240564.540462134,million PKR (constant basic prices),sbp_gdp_quarterly,quarterly
2025-06-30,Commodity Producing Sector (A+B) — level,4466155.654844597,million PKR (constant basic prices),sbp_gdp_quarterly,quarterly
2025-09-30,Commodity Producing Sector (A+B) — level,4443412.04662187,million PKR (constant basic prices),sbp_gdp_quarterly,quarterly
2025-12-31,Commodity Producing Sector (A+B) — level,4397790.883883412,million PKR (constant basic prices),sbp_gdp_quarterly,quarterly
2026-03-31,Commodity Producing Sector (A+B) — level,4398466.476895199,million PKR (constant basic prices),sbp_gdp_quarterly,quarterly
2015-09-30,GDP at mp (GVA+NT — level,7984761.82311866,million PKR (constant basic prices),sbp_gdp_quarterly,quarterly
2015-12-31,GDP at mp (GVA+NT — level,8166028.273360071,million PKR (constant basic prices),sbp_gdp_quarterly,quarterly
2016-03-31,GDP at mp (GVA+NT — level,8184475.885674958,million PKR (constant basic prices),sbp_gdp_quarterly,quarterly
2016-06-30,GDP at mp (GVA+NT — level,8389784.96140314,million PKR (constant basic prices),sbp_gdp_quarterly,quarterly
2016-09-30,GDP at mp (GVA+NT — level,8205803.840206729,million PKR (constant basic prices),sbp_gdp_quarterly,quarterly
2016-12-31,GDP at mp (GVA+NT — level,8490511.623110363,million PKR (constant basic prices),sbp_gdp_quarterly,quarterly
2017-03-31,GDP at mp (GVA+NT — level,8644357.685599916,million PKR (constant basic prices),sbp_gdp_quarterly,quarterly
2017-06-30,GDP at mp (GVA+NT — level,8834955.710969243,million PKR (constant basic prices),sbp_gdp_quarterly,quarterly
2017-09-30,GDP at mp (GVA+NT — level,8841009.878257165,million PKR (constant basic prices),sbp_gdp_quarterly,quarterly
2017-12-31,GDP at mp (GVA+NT — level,8962657.98725605,million PKR (constant basic prices),sbp_gdp_quarterly,quarterly
2018-03-31,GDP at mp (GVA+NT — level,9109613.571062587,million PKR (constant basic prices),sbp_gdp_quarterly,quarterly
2018-06-30,GDP at mp (GVA+NT — level,9364727.653495269,million PKR (constant basic prices),sbp_gdp_quarterly,quarterly
2018-09-30,GDP at mp (GVA+NT — level,9112299.823725786,million PKR (constant basic prices),sbp_gdp_quarterly,quarterly
2018-12-31,GDP at mp (GVA+NT — level,9142033.64093428,million PKR (constant basic prices),sbp_gdp_quarterly,quarterly
2019-03-31,GDP at mp (GVA+NT — level,9331707.15719074,million PKR (constant basic prices),sbp_gdp_quarterly,quarterly
2019-06-30,GDP at mp (GVA+NT — level,9598064.611153325,million PKR (constant basic prices),sbp_gdp_quarterly,quarterly
2019-09-30,GDP at mp (GVA+NT — level,9326034.922635056,million PKR (constant basic prices),sbp_gdp_quarterly,quarterly
2019-12-31,GDP at mp (GVA+NT — level,9320544.694762707,million PKR (constant basic prices),sbp_gdp_quarterly,quarterly
2020-03-31,GDP at mp (GVA+NT — level,9312305.71498715,million PKR (constant basic prices),sbp_gdp_quarterly,quarterly
2020-06-30,GDP at mp (GVA+NT — level,8751460.642472716,million PKR (constant basic prices),sbp_gdp_quarterly,quarterly
2020-09-30,GDP at mp (GVA+NT — level,9527165.979564179,million PKR (constant basic prices),sbp_gdp_quarterly,quarterly
2020-12-31,GDP at mp (GVA+NT — level,9846483.05140291,million PKR (constant basic prices),sbp_gdp_quarterly,quarterly
2021-03-31,GDP at mp (GVA+NT — level,9876199.13166473,million PKR (constant basic prices),sbp_gdp_quarterly,quarterly
2021-06-30,GDP at mp (GVA+NT — level,9851766.718865165,million PKR (constant basic prices),sbp_gdp_quarterly,quarterly
2021-09-30,GDP at mp (GVA+NT — level,10112912.502785118,million PKR (constant basic prices),sbp_gdp_quarterly,quarterly
2021-12-31,GDP at mp (GVA+NT — level,10088401.361868225,million PKR (constant basic prices),sbp_gdp_quarterly,quarterly
2022-03-31,GDP at mp (GVA+NT — level,10376588.962433424,million PKR (constant basic prices),sbp_gdp_quarterly,quarterly
2022-06-30,GDP at mp (GVA+NT — level,10392029.488287594,million PKR (constant basic prices),sbp_gdp_quarterly,quarterly
2022-09-30,GDP at mp (GVA+NT — level,10148275.133267092,million PKR (constant basic prices),sbp_gdp_quarterly,quarterly
2022-12-31,GDP at mp (GVA+NT — level,10332745.210697958,million PKR (constant basic prices),sbp_gdp_quarterly,quarterly
2023-03-31,GDP at mp (GVA+NT — level,10239358.898773422,million PKR (constant basic prices),sbp_gdp_quarterly,quarterly
2023-06-30,GDP at mp (GVA+NT — level,10079550.983264305,million PKR (constant basic prices),sbp_gdp_quarterly,quarterly
2023-09-30,GDP at mp (GVA+NT — level,10430244.543063609,million PKR (constant basic prices),sbp_gdp_quarterly,quarterly
2023-12-31,GDP at mp (GVA+NT — level,10606375.709918655,million PKR (constant basic prices),sbp_gdp_quarterly,quarterly
2024-03-31,GDP at mp (GVA+NT — level,10582054.166990906,million PKR (constant basic prices),sbp_gdp_quarterly,quarterly
2024-06-30,GDP at mp (GVA+NT — level,10441118.907570964,million PKR (constant basic prices),sbp_gdp_quarterly,quarterly
2024-09-30,GDP at mp (GVA+NT — level,10639635.498574281,million PKR (constant basic prices),sbp_gdp_quarterly,quarterly
2024-12-31,GDP at mp (GVA+NT — level,10912614.10201162,million PKR (constant basic prices),sbp_gdp_quarterly,quarterly
2025-03-31,GDP at mp (GVA+NT — level,10896882.332021443,million PKR (constant basic prices),sbp_gdp_quarterly,quarterly
2025-06-30,GDP at mp (GVA+NT — level,11215393.948235437,million PKR (constant basic prices),sbp_gdp_quarterly,quarterly
2025-09-30,GDP at mp (GVA+NT — level,11136814.488282615,million PKR (constant basic prices),sbp_gdp_quarterly,quarterly
2025-12-31,GDP at mp (GVA+NT — level,11470288.482362403,million PKR (constant basic prices),sbp_gdp_quarterly,quarterly
2026-03-31,GDP at mp (GVA+NT — level,11488675.233219532,million PKR (constant basic prices),sbp_gdp_quarterly,quarterly
2015-09-30,Gross National Income — level,8345707.82311866,million PKR (constant basic prices),sbp_gdp_quarterly,quarterly
2015-12-31,Gross National Income — level,8489908.27336007,million PKR (constant basic prices),sbp_gdp_quarterly,quarterly
2016-03-31,Gross National Income — level,8564325.885674957,million PKR (constant basic prices),sbp_gdp_quarterly,quarterly
2016-06-30,Gross National Income — level,8817303.96140314,million PKR (constant basic prices),sbp_gdp_quarterly,quarterly
2016-09-30,Gross National Income — level,8594952.84020673,million PKR (constant basic prices),sbp_gdp_quarterly,quarterly
2016-12-31,Gross National Income — level,8838678.623110363,million PKR (constant basic prices),sbp_gdp_quarterly,quarterly
2017-03-31,Gross National Income — level,9017441.685599916,million PKR (constant basic prices),sbp_gdp_quarterly,quarterly
2017-06-30,Gross National Income — level,9204428.710969243,million PKR (constant basic prices),sbp_gdp_quarterly,quarterly
2017-09-30,Gross National Income — level,9231600.878257165,million PKR (constant basic prices),sbp_gdp_quarterly,quarterly
2017-12-31,Gross National Income — level,9327125.98725605,million PKR (constant basic prices),sbp_gdp_quarterly,quarterly
2018-03-31,Gross National Income — level,9498737.571062587,million PKR (constant basic prices),sbp_gdp_quarterly,quarterly
2018-06-30,Gross National Income — level,9704709.653495269,million PKR (constant basic prices),sbp_gdp_quarterly,quarterly
2018-09-30,Gross National Income — level,9615591.823725786,million PKR (constant basic prices),sbp_gdp_quarterly,quarterly
2018-12-31,Gross National Income — level,9613599.64093428,million PKR (constant basic prices),sbp_gdp_quarterly,quarterly
2019-03-31,Gross National Income — level,9811869.15719074,million PKR (constant basic prices),sbp_gdp_quarterly,quarterly
2019-06-30,Gross National Income — level,10077493.611153325,million PKR (constant basic prices),sbp_gdp_quarterly,quarterly
2019-09-30,Gross National Income — level,9882165.922635056,million PKR (constant basic prices),sbp_gdp_quarterly,quarterly
2019-12-31,Gross National Income — level,9881602.694762707,million PKR (constant basic prices),sbp_gdp_quarterly,quarterly
2020-03-31,Gross National Income — level,9930242.71498715,million PKR (constant basic prices),sbp_gdp_quarterly,quarterly
2020-06-30,Gross National Income — level,9440385.642472716,million PKR (constant basic prices),sbp_gdp_quarterly,quarterly
2020-09-30,Gross National Income — level,10365011.979564179,million PKR (constant basic prices),sbp_gdp_quarterly,quarterly
2020-12-31,Gross National Income — level,10640983.05140291,million PKR (constant basic prices),sbp_gdp_quarterly,quarterly
2021-03-31,Gross National Income — level,10697078.13166473,million PKR (constant basic prices),sbp_gdp_quarterly,quarterly
2021-06-30,Gross National Income — level,10673947.718865165,million PKR (constant basic prices),sbp_gdp_quarterly,quarterly
2021-09-30,Gross National Income — level,10942188.502785118,million PKR (constant basic prices),sbp_gdp_quarterly,quarterly
2021-12-31,Gross National Income — level,10737262.361868225,million PKR (constant basic prices),sbp_gdp_quarterly,quarterly
2022-03-31,Gross National Income — level,11048003.962433424,million PKR (constant basic prices),sbp_gdp_quarterly,quarterly
2022-06-30,Gross National Income — level,11049027.488287594,million PKR (constant basic prices),sbp_gdp_quarterly,quarterly
2022-09-30,Gross National Income — level,11028300.133267092,million PKR (constant basic prices),sbp_gdp_quarterly,quarterly
2022-12-31,Gross National Income — level,10999144.210697958,million PKR (constant basic prices),sbp_gdp_quarterly,quarterly
2023-03-31,Gross National Income — level,11080035.898773422,million PKR (constant basic prices),sbp_gdp_quarterly,quarterly
2023-06-30,Gross National Income — level,10928292.983264305,million PKR (constant basic prices),sbp_gdp_quarterly,quarterly
2023-09-30,Gross National Income — level,11212552.543063609,million PKR (constant basic prices),sbp_gdp_quarterly,quarterly
2023-12-31,Gross National Income — level,11300174.709918655,million PKR (constant basic prices),sbp_gdp_quarterly,quarterly
2024-03-31,Gross National Income — level,11468665.166990906,million PKR (constant basic prices),sbp_gdp_quarterly,quarterly
2024-06-30,Gross National Income — level,11271925.907570964,million PKR (constant basic prices),sbp_gdp_quarterly,quarterly
2024-09-30,Gross National Income — level,11663515.498574281,million PKR (constant basic prices),sbp_gdp_quarterly,quarterly
2024-12-31,Gross National Income — level,11827466.10201162,million PKR (constant basic prices),sbp_gdp_quarterly,quarterly
2025-03-31,Gross National Income — level,12040063.332021443,million PKR (constant basic prices),sbp_gdp_quarterly,quarterly
2025-06-30,Gross National Income — level,12293721.948235437,million PKR (constant basic prices),sbp_gdp_quarterly,quarterly
2025-09-30,Gross National Income — level,12022213.488282615,million PKR (constant basic prices),sbp_gdp_quarterly,quarterly
2025-12-31,Gross National Income — level,12404120.482362403,million PKR (constant basic prices),sbp_gdp_quarterly,quarterly
2026-03-31,Gross National Income — level,12620632.233219532,million PKR (constant basic prices),sbp_gdp_quarterly,quarterly
2015-09-30,Industrial Sector (1 to 4) — level,1467477.6469829697,million PKR (constant basic prices),sbp_gdp_quarterly,quarterly
2015-12-31,Industrial Sector (1 to 4) — level,1439618.0486284518,million PKR (constant basic prices),sbp_gdp_quarterly,quarterly
2016-03-31,Industrial Sector (1 to 4) — level,1541391.6482933569,million PKR (constant basic prices),sbp_gdp_quarterly,quarterly
2016-06-30,Industrial Sector (1 to 4) — level,1491149.6092520505,million PKR (constant basic prices),sbp_gdp_quarterly,quarterly
2016-09-30,Industrial Sector (1 to 4) — level,1514414.875984569,million PKR (constant basic prices),sbp_gdp_quarterly,quarterly
2016-12-31,Industrial Sector (1 to 4) — level,1507724.3851742416,million PKR (constant basic prices),sbp_gdp_quarterly,quarterly
2017-03-31,Industrial Sector (1 to 4) — level,1634261.175244746,million PKR (constant basic prices),sbp_gdp_quarterly,quarterly
2017-06-30,Industrial Sector (1 to 4) — level,1556895.6632557944,million PKR (constant basic prices),sbp_gdp_quarterly,quarterly
2017-09-30,Industrial Sector (1 to 4) — level,1660060.4322816124,million PKR (constant basic prices),sbp_gdp_quarterly,quarterly
2017-12-31,Industrial Sector (1 to 4) — level,1639839.2173159593,million PKR (constant basic prices),sbp_gdp_quarterly,quarterly
2018-03-31,Industrial Sector (1 to 4) — level,1752741.8877476049,million PKR (constant basic prices),sbp_gdp_quarterly,quarterly
2018-06-30,Industrial Sector (1 to 4) — level,1731222.1235713,million PKR (constant basic prices),sbp_gdp_quarterly,quarterly
2018-09-30,Industrial Sector (1 to 4) — level,1757356.0342933522,million PKR (constant basic prices),sbp_gdp_quarterly,quarterly
2018-12-31,Industrial Sector (1 to 4) — level,1616673.530184296,million PKR (constant basic prices),sbp_gdp_quarterly,quarterly
2019-03-31,Industrial Sector (1 to 4) — level,1704884.4241778408,million PKR (constant basic prices),sbp_gdp_quarterly,quarterly
2019-06-30,Industrial Sector (1 to 4) — level,1721761.8285362844,million PKR (constant basic prices),sbp_gdp_quarterly,quarterly
2019-09-30,Industrial Sector (1 to 4) — level,1713646.3920433037,million PKR (constant basic prices),sbp_gdp_quarterly,quarterly
2019-12-31,Industrial Sector (1 to 4) — level,1638792.3163033798,million PKR (constant basic prices),sbp_gdp_quarterly,quarterly
2020-03-31,Industrial Sector (1 to 4) — level,1695288.2107921836,million PKR (constant basic prices),sbp_gdp_quarterly,quarterly
2020-06-30,Industrial Sector (1 to 4) — level,1362239.0744758754,million PKR (constant basic prices),sbp_gdp_quarterly,quarterly
2020-09-30,Industrial Sector (1 to 4) — level,1719777.7897404507,million PKR (constant basic prices),sbp_gdp_quarterly,quarterly
2020-12-31,Industrial Sector (1 to 4) — level,1726190.3880549755,million PKR (constant basic prices),sbp_gdp_quarterly,quarterly
2021-03-31,Industrial Sector (1 to 4) — level,1758987.489452584,million PKR (constant basic prices),sbp_gdp_quarterly,quarterly
2021-06-30,Industrial Sector (1 to 4) — level,1730482.332751991,million PKR (constant basic prices),sbp_gdp_quarterly,quarterly
2021-09-30,Industrial Sector (1 to 4) — level,1831702.060246692,million PKR (constant basic prices),sbp_gdp_quarterly,quarterly
2021-12-31,Industrial Sector (1 to 4) — level,1767144.9951305708,million PKR (constant basic prices),sbp_gdp_quarterly,quarterly
2022-03-31,Industrial Sector (1 to 4) — level,1897274.1942954387,million PKR (constant basic prices),sbp_gdp_quarterly,quarterly
2022-06-30,Industrial Sector (1 to 4) — level,1925461.7502317086,million PKR (constant basic prices),sbp_gdp_quarterly,quarterly
2022-09-30,Industrial Sector (1 to 4) — level,1821085.51618947,million PKR (constant basic prices),sbp_gdp_quarterly,quarterly
2022-12-31,Industrial Sector (1 to 4) — level,1793442.1804674924,million PKR (constant basic prices),sbp_gdp_quarterly,quarterly
2023-03-31,Industrial Sector (1 to 4) — level,1765108.8314639833,million PKR (constant basic prices),sbp_gdp_quarterly,quarterly
2023-06-30,Industrial Sector (1 to 4) — level,1754070.5183261822,million PKR (constant basic prices),sbp_gdp_quarterly,quarterly
2023-09-30,Industrial Sector (1 to 4) — level,1753171.5501735806,million PKR (constant basic prices),sbp_gdp_quarterly,quarterly
2023-12-31,Industrial Sector (1 to 4) — level,1777166.3951869195,million PKR (constant basic prices),sbp_gdp_quarterly,quarterly
2024-03-31,Industrial Sector (1 to 4) — level,1827623.3066549443,million PKR (constant basic prices),sbp_gdp_quarterly,quarterly
2024-06-30,Industrial Sector (1 to 4) — level,1706903.1709654806,million PKR (constant basic prices),sbp_gdp_quarterly,quarterly
2024-09-30,Industrial Sector (1 to 4) — level,1758544.2660478207,million PKR (constant basic prices),sbp_gdp_quarterly,quarterly
2024-12-31,Industrial Sector (1 to 4) — level,1805871.9122632,million PKR (constant basic prices),sbp_gdp_quarterly,quarterly
2025-03-31,Industrial Sector (1 to 4) — level,1841240.6418049375,million PKR (constant basic prices),sbp_gdp_quarterly,quarterly
2025-06-30,Industrial Sector (1 to 4) — level,2052123.8873776277,million PKR (constant basic prices),sbp_gdp_quarterly,quarterly
2025-09-30,Industrial Sector (1 to 4) — level,1895747.0175866191,million PKR (constant basic prices),sbp_gdp_quarterly,quarterly
2025-12-31,Industrial Sector (1 to 4) — level,1926509.6182279694,million PKR (constant basic prices),sbp_gdp_quarterly,quarterly
2026-03-31,Industrial Sector (1 to 4) — level,1926900.8029016855,million PKR (constant basic prices),sbp_gdp_quarterly,quarterly
2015-09-30,Net Primary Income (NPI) — level,360946.0,million PKR (constant basic prices),sbp_gdp_quarterly,quarterly
2015-12-31,Net Primary Income (NPI) — level,323880.0,million PKR (constant basic prices),sbp_gdp_quarterly,quarterly
2016-03-31,Net Primary Income (NPI) — level,379850.0,million PKR (constant basic prices),sbp_gdp_quarterly,quarterly
2016-06-30,Net Primary Income (NPI) — level,427519.0,million PKR (constant basic prices),sbp_gdp_quarterly,quarterly
2016-09-30,Net Primary Income (NPI) — level,389149.0,million PKR (constant basic prices),sbp_gdp_quarterly,quarterly
2016-12-31,Net Primary Income (NPI) — level,348167.0,million PKR (constant basic prices),sbp_gdp_quarterly,quarterly
2017-03-31,Net Primary Income (NPI) — level,373084.0,million PKR (constant basic prices),sbp_gdp_quarterly,quarterly
2017-06-30,Net Primary Income (NPI) — level,369473.0,million PKR (constant basic prices),sbp_gdp_quarterly,quarterly
2017-09-30,Net Primary Income (NPI) — level,390591.0,million PKR (constant basic prices),sbp_gdp_quarterly,quarterly
2017-12-31,Net Primary Income (NPI) — level,364468.0,million PKR (constant basic prices),sbp_gdp_quarterly,quarterly
2018-03-31,Net Primary Income (NPI) — level,389124.0,million PKR (constant basic prices),sbp_gdp_quarterly,quarterly
2018-06-30,Net Primary Income (NPI) — level,339982.0,million PKR (constant basic prices),sbp_gdp_quarterly,quarterly
2018-09-30,Net Primary Income (NPI) — level,503292.0,million PKR (constant basic prices),sbp_gdp_quarterly,quarterly
2018-12-31,Net Primary Income (NPI) — level,471566.0,million PKR (constant basic prices),sbp_gdp_quarterly,quarterly
2019-03-31,Net Primary Income (NPI) — level,480162.0,million PKR (constant basic prices),sbp_gdp_quarterly,quarterly
2019-06-30,Net Primary Income (NPI) — level,479429.0,million PKR (constant basic prices),sbp_gdp_quarterly,quarterly
2019-09-30,Net Primary Income (NPI) — level,556131.0,million PKR (constant basic prices),sbp_gdp_quarterly,quarterly
2019-12-31,Net Primary Income (NPI) — level,561058.0,million PKR (constant basic prices),sbp_gdp_quarterly,quarterly
2020-03-31,Net Primary Income (NPI) — level,617937.0,million PKR (constant basic prices),sbp_gdp_quarterly,quarterly
2020-06-30,Net Primary Income (NPI) — level,688925.0,million PKR (constant basic prices),sbp_gdp_quarterly,quarterly
2020-09-30,Net Primary Income (NPI) — level,837846.0,million PKR (constant basic prices),sbp_gdp_quarterly,quarterly
2020-12-31,Net Primary Income (NPI) — level,794500.0,million PKR (constant basic prices),sbp_gdp_quarterly,quarterly
2021-03-31,Net Primary Income (NPI) — level,820879.0,million PKR (constant basic prices),sbp_gdp_quarterly,quarterly
2021-06-30,Net Primary Income (NPI) — level,822181.0,million PKR (constant basic prices),sbp_gdp_quarterly,quarterly
2021-09-30,Net Primary Income (NPI) — level,829276.0,million PKR (constant basic prices),sbp_gdp_quarterly,quarterly
2021-12-31,Net Primary Income (NPI) — level,648861.0,million PKR (constant basic prices),sbp_gdp_quarterly,quarterly
2022-03-31,Net Primary Income (NPI) — level,671415.0,million PKR (constant basic prices),sbp_gdp_quarterly,quarterly
2022-06-30,Net Primary Income (NPI) — level,656998.0,million PKR (constant basic prices),sbp_gdp_quarterly,quarterly
2022-09-30,Net Primary Income (NPI) — level,880025.0,million PKR (constant basic prices),sbp_gdp_quarterly,quarterly
2022-12-31,Net Primary Income (NPI) — level,666399.0,million PKR (constant basic prices),sbp_gdp_quarterly,quarterly
2023-03-31,Net Primary Income (NPI) — level,840677.0,million PKR (constant basic prices),sbp_gdp_quarterly,quarterly
2023-06-30,Net Primary Income (NPI) — level,848742.0,million PKR (constant basic prices),sbp_gdp_quarterly,quarterly
2023-09-30,Net Primary Income (NPI) — level,782308.0,million PKR (constant basic prices),sbp_gdp_quarterly,quarterly
2023-12-31,Net Primary Income (NPI) — level,693799.0,million PKR (constant basic prices),sbp_gdp_quarterly,quarterly
2024-03-31,Net Primary Income (NPI) — level,886611.0,million PKR (constant basic prices),sbp_gdp_quarterly,quarterly
2024-06-30,Net Primary Income (NPI) — level,830807.0,million PKR (constant basic prices),sbp_gdp_quarterly,quarterly
2024-09-30,Net Primary Income (NPI) — level,1023880.0,million PKR (constant basic prices),sbp_gdp_quarterly,quarterly
2024-12-31,Net Primary Income (NPI) — level,914852.0,million PKR (constant basic prices),sbp_gdp_quarterly,quarterly
2025-03-31,Net Primary Income (NPI) — level,1143181.0,million PKR (constant basic prices),sbp_gdp_quarterly,quarterly
2025-06-30,Net Primary Income (NPI) — level,1078328.0,million PKR (constant basic prices),sbp_gdp_quarterly,quarterly
2025-09-30,Net Primary Income (NPI) — level,885399.0,million PKR (constant basic prices),sbp_gdp_quarterly,quarterly
2025-12-31,Net Primary Income (NPI) — level,933832.0,million PKR (constant basic prices),sbp_gdp_quarterly,quarterly
2026-03-31,Net Primary Income (NPI) — level,1131957.0,million PKR (constant basic prices),sbp_gdp_quarterly,quarterly
2015-09-30,Net Taxes — level,458086.66308086045,million PKR (constant basic prices),sbp_gdp_quarterly,quarterly
2015-12-31,Net Taxes — level,568132.4730837594,million PKR (constant basic prices),sbp_gdp_quarterly,quarterly
2016-03-31,Net Taxes — level,470114.12413120095,million PKR (constant basic prices),sbp_gdp_quarterly,quarterly
2016-06-30,Net Taxes — level,720510.7397041789,million PKR (constant basic prices),sbp_gdp_quarterly,quarterly
2016-09-30,Net Taxes — level,407802.5582507975,million PKR (constant basic prices),sbp_gdp_quarterly,quarterly
2016-12-31,Net Taxes — level,609542.8453666262,million PKR (constant basic prices),sbp_gdp_quarterly,quarterly
2017-03-31,Net Taxes — level,511624.45704845985,million PKR (constant basic prices),sbp_gdp_quarterly,quarterly
2017-06-30,Net Taxes — level,732451.1393341166,million PKR (constant basic prices),sbp_gdp_quarterly,quarterly
2017-09-30,Net Taxes — level,456847.6712134128,million PKR (constant basic prices),sbp_gdp_quarterly,quarterly
2017-12-31,Net Taxes — level,604640.4558857718,million PKR (constant basic prices),sbp_gdp_quarterly,quarterly
2018-03-31,Net Taxes — level,527301.4741886125,million PKR (constant basic prices),sbp_gdp_quarterly,quarterly
2018-06-30,Net Taxes — level,829601.398712203,million PKR (constant basic prices),sbp_gdp_quarterly,quarterly
2018-09-30,Net Taxes — level,477666.8992312561,million PKR (constant basic prices),sbp_gdp_quarterly,quarterly
2018-12-31,Net Taxes — level,598881.6459584634,million PKR (constant basic prices),sbp_gdp_quarterly,quarterly
2019-03-31,Net Taxes — level,513492.27020651184,million PKR (constant basic prices),sbp_gdp_quarterly,quarterly
2019-06-30,Net Taxes — level,678022.1846037688,million PKR (constant basic prices),sbp_gdp_quarterly,quarterly
2019-09-30,Net Taxes — level,500031.7738872686,million PKR (constant basic prices),sbp_gdp_quarterly,quarterly
2019-12-31,Net Taxes — level,579208.4371653202,million PKR (constant basic prices),sbp_gdp_quarterly,quarterly
2020-03-31,Net Taxes — level,495855.0066405723,million PKR (constant basic prices),sbp_gdp_quarterly,quarterly
2020-06-30,Net Taxes — level,548585.782306839,million PKR (constant basic prices),sbp_gdp_quarterly,quarterly
2020-09-30,Net Taxes — level,548202.1291082186,million PKR (constant basic prices),sbp_gdp_quarterly,quarterly
2020-12-31,Net Taxes — level,707759.9253230132,million PKR (constant basic prices),sbp_gdp_quarterly,quarterly
2021-03-31,Net Taxes — level,609642.8123002946,million PKR (constant basic prices),sbp_gdp_quarterly,quarterly
2021-06-30,Net Taxes — level,653529.1332684734,million PKR (constant basic prices),sbp_gdp_quarterly,quarterly
2021-09-30,Net Taxes — level,559512.5967821162,million PKR (constant basic prices),sbp_gdp_quarterly,quarterly
2021-12-31,Net Taxes — level,529373.461435732,million PKR (constant basic prices),sbp_gdp_quarterly,quarterly
2022-03-31,Net Taxes — level,489544.19314126146,million PKR (constant basic prices),sbp_gdp_quarterly,quarterly
2022-06-30,Net Taxes — level,548242.7486408903,million PKR (constant basic prices),sbp_gdp_quarterly,quarterly
2022-09-30,Net Taxes — level,472160.96226126014,million PKR (constant basic prices),sbp_gdp_quarterly,quarterly
2022-12-31,Net Taxes — level,549066.3208317284,million PKR (constant basic prices),sbp_gdp_quarterly,quarterly
2023-03-31,Net Taxes — level,472989.18650631426,million PKR (constant basic prices),sbp_gdp_quarterly,quarterly
2023-06-30,Net Taxes — level,544946.5304006971,million PKR (constant basic prices),sbp_gdp_quarterly,quarterly
2023-09-30,Net Taxes — level,507550.43594774517,million PKR (constant basic prices),sbp_gdp_quarterly,quarterly
2023-12-31,Net Taxes — level,624556.6921598524,million PKR (constant basic prices),sbp_gdp_quarterly,quarterly
2024-03-31,Net Taxes — level,543855.6549061314,million PKR (constant basic prices),sbp_gdp_quarterly,quarterly
2024-06-30,Net Taxes — level,606826.7695494804,million PKR (constant basic prices),sbp_gdp_quarterly,quarterly
2024-09-30,Net Taxes — level,557988.4776524033,million PKR (constant basic prices),sbp_gdp_quarterly,quarterly
2024-12-31,Net Taxes — level,684458.9272127363,million PKR (constant basic prices),sbp_gdp_quarterly,quarterly
2025-03-31,Net Taxes — level,602063.9666334705,million PKR (constant basic prices),sbp_gdp_quarterly,quarterly
2025-06-30,Net Taxes — level,777567.5003689871,million PKR (constant basic prices),sbp_gdp_quarterly,quarterly
2025-09-30,Net Taxes — level,660212.1057102992,million PKR (constant basic prices),sbp_gdp_quarterly,quarterly
2025-12-31,Net Taxes — level,827436.7114172302,million PKR (constant basic prices),sbp_gdp_quarterly,quarterly
2026-03-31,Net Taxes — level,782708.4283996231,million PKR (constant basic prices),sbp_gdp_quarterly,quarterly
2015-09-30,Services Sector (1 to 10) — level,4181698.6595233995,million PKR (constant basic prices),sbp_gdp_quarterly,quarterly
2015-12-31,Services Sector (1 to 10) — level,4324803.345632358,million PKR (constant basic prices),sbp_gdp_quarterly,quarterly
2016-03-31,Services Sector (1 to 10) — level,4408731.934303044,million PKR (constant basic prices),sbp_gdp_quarterly,quarterly
2016-06-30,Services Sector (1 to 10) — level,4346379.050941197,million PKR (constant basic prices),sbp_gdp_quarterly,quarterly
2016-09-30,Services Sector (1 to 10) — level,4369551.934643165,million PKR (constant basic prices),sbp_gdp_quarterly,quarterly
2016-12-31,Services Sector (1 to 10) — level,4530737.013398838,million PKR (constant basic prices),sbp_gdp_quarterly,quarterly
2017-03-31,Services Sector (1 to 10) — level,4684595.780378007,million PKR (constant basic prices),sbp_gdp_quarterly,quarterly
2017-06-30,Services Sector (1 to 10) — level,4647126.382994047,million PKR (constant basic prices),sbp_gdp_quarterly,quarterly
2017-09-30,Services Sector (1 to 10) — level,4728176.069681529,million PKR (constant basic prices),sbp_gdp_quarterly,quarterly
2017-12-31,Services Sector (1 to 10) — level,4817088.147991485,million PKR (constant basic prices),sbp_gdp_quarterly,quarterly
2018-03-31,Services Sector (1 to 10) — level,4944804.647320751,million PKR (constant basic prices),sbp_gdp_quarterly,quarterly
2018-06-30,Services Sector (1 to 10) — level,4827254.494253759,million PKR (constant basic prices),sbp_gdp_quarterly,quarterly
2018-09-30,Services Sector (1 to 10) — level,4863774.814474973,million PKR (constant basic prices),sbp_gdp_quarterly,quarterly
2018-12-31,Services Sector (1 to 10) — level,5003274.2876618095,million PKR (constant basic prices),sbp_gdp_quarterly,quarterly
2019-03-31,Services Sector (1 to 10) — level,5205355.227642786,million PKR (constant basic prices),sbp_gdp_quarterly,quarterly
2019-06-30,Services Sector (1 to 10) — level,5211666.086032788,million PKR (constant basic prices),sbp_gdp_quarterly,quarterly
2019-09-30,Services Sector (1 to 10) — level,5028535.033150842,million PKR (constant basic prices),sbp_gdp_quarterly,quarterly
2019-12-31,Services Sector (1 to 10) — level,5093154.561027142,million PKR (constant basic prices),sbp_gdp_quarterly,quarterly
2020-03-31,Services Sector (1 to 10) — level,5128243.490160697,million PKR (constant basic prices),sbp_gdp_quarterly,quarterly
2020-06-30,Services Sector (1 to 10) — level,4788904.896904205,million PKR (constant basic prices),sbp_gdp_quarterly,quarterly
2020-09-30,Services Sector (1 to 10) — level,5100205.23192064,million PKR (constant basic prices),sbp_gdp_quarterly,quarterly
2020-12-31,Services Sector (1 to 10) — level,5330063.862637592,million PKR (constant basic prices),sbp_gdp_quarterly,quarterly
2021-03-31,Services Sector (1 to 10) — level,5426940.181618421,million PKR (constant basic prices),sbp_gdp_quarterly,quarterly
2021-06-30,Services Sector (1 to 10) — level,5365793.605320331,million PKR (constant basic prices),sbp_gdp_quarterly,quarterly
2021-09-30,Services Sector (1 to 10) — level,5465905.264349417,million PKR (constant basic prices),sbp_gdp_quarterly,quarterly
2021-12-31,Services Sector (1 to 10) — level,5631431.417582514,million PKR (constant basic prices),sbp_gdp_quarterly,quarterly
2022-03-31,Services Sector (1 to 10) — level,5821464.692615261,million PKR (constant basic prices),sbp_gdp_quarterly,quarterly
2022-06-30,Services Sector (1 to 10) — level,5724227.9409227595,million PKR (constant basic prices),sbp_gdp_quarterly,quarterly
2022-09-30,Services Sector (1 to 10) — level,5597122.071786667,million PKR (constant basic prices),sbp_gdp_quarterly,quarterly
2022-12-31,Services Sector (1 to 10) — level,5756379.97764056,million PKR (constant basic prices),sbp_gdp_quarterly,quarterly
2023-03-31,Services Sector (1 to 10) — level,5747667.059064516,million PKR (constant basic prices),sbp_gdp_quarterly,quarterly
2023-06-30,Services Sector (1 to 10) — level,5550823.071063906,million PKR (constant basic prices),sbp_gdp_quarterly,quarterly
2023-09-30,Services Sector (1 to 10) — level,5722137.134652902,million PKR (constant basic prices),sbp_gdp_quarterly,quarterly
2023-12-31,Services Sector (1 to 10) — level,5836010.582452002,million PKR (constant basic prices),sbp_gdp_quarterly,quarterly
2024-03-31,Services Sector (1 to 10) — level,5867185.663817089,million PKR (constant basic prices),sbp_gdp_quarterly,quarterly
2024-06-30,Services Sector (1 to 10) — level,5737226.971078007,million PKR (constant basic prices),sbp_gdp_quarterly,quarterly
2024-09-30,Services Sector (1 to 10) — level,5848468.082330319,million PKR (constant basic prices),sbp_gdp_quarterly,quarterly
2024-12-31,Services Sector (1 to 10) — level,6014672.60120359,million PKR (constant basic prices),sbp_gdp_quarterly,quarterly
2025-03-31,Services Sector (1 to 10) — level,6054253.824925837,million PKR (constant basic prices),sbp_gdp_quarterly,quarterly
2025-06-30,Services Sector (1 to 10) — level,5971670.793021854,million PKR (constant basic prices),sbp_gdp_quarterly,quarterly
2025-09-30,Services Sector (1 to 10) — level,6033190.335950445,million PKR (constant basic prices),sbp_gdp_quarterly,quarterly
2025-12-31,Services Sector (1 to 10) — level,6245060.887061762,million PKR (constant basic prices),sbp_gdp_quarterly,quarterly
2026-03-31,Services Sector (1 to 10) — level,6307500.327924711,million PKR (constant basic prices),sbp_gdp_quarterly,quarterly
2015-09-30,Total of GVA (A+B+C) — level,7526675.160037799,million PKR (constant basic prices),sbp_gdp_quarterly,quarterly
2015-12-31,Total of GVA (A+B+C) — level,7597895.800276311,million PKR (constant basic prices),sbp_gdp_quarterly,quarterly
2016-03-31,Total of GVA (A+B+C) — level,7714361.761543757,million PKR (constant basic prices),sbp_gdp_quarterly,quarterly
2016-06-30,Total of GVA (A+B+C) — level,7669274.221698961,million PKR (constant basic prices),sbp_gdp_quarterly,quarterly
2016-09-30,Total of GVA (A+B+C) — level,7798001.281955931,million PKR (constant basic prices),sbp_gdp_quarterly,quarterly
2016-12-31,Total of GVA (A+B+C) — level,7880968.777743736,million PKR (constant basic prices),sbp_gdp_quarterly,quarterly
2017-03-31,Total of GVA (A+B+C) — level,8132733.228551457,million PKR (constant basic prices),sbp_gdp_quarterly,quarterly
2017-06-30,Total of GVA (A+B+C) — level,8102504.571635126,million PKR (constant basic prices),sbp_gdp_quarterly,quarterly
2017-09-30,Total of GVA (A+B+C) — level,8384162.207043751,million PKR (constant basic prices),sbp_gdp_quarterly,quarterly
2017-12-31,Total of GVA (A+B+C) — level,8358017.531370278,million PKR (constant basic prices),sbp_gdp_quarterly,quarterly
2018-03-31,Total of GVA (A+B+C) — level,8582312.096873974,million PKR (constant basic prices),sbp_gdp_quarterly,quarterly
2018-06-30,Total of GVA (A+B+C) — level,8535126.254783066,million PKR (constant basic prices),sbp_gdp_quarterly,quarterly
2018-09-30,Total of GVA (A+B+C) — level,8634632.92449453,million PKR (constant basic prices),sbp_gdp_quarterly,quarterly
2018-12-31,Total of GVA (A+B+C) — level,8543151.994975816,million PKR (constant basic prices),sbp_gdp_quarterly,quarterly
2019-03-31,Total of GVA (A+B+C) — level,8818214.88698423,million PKR (constant basic prices),sbp_gdp_quarterly,quarterly
2019-06-30,Total of GVA (A+B+C) — level,8920042.426549556,million PKR (constant basic prices),sbp_gdp_quarterly,quarterly
2019-09-30,Total of GVA (A+B+C) — level,8826003.148747787,million PKR (constant basic prices),sbp_gdp_quarterly,quarterly
2019-12-31,Total of GVA (A+B+C) — level,8741336.257597387,million PKR (constant basic prices),sbp_gdp_quarterly,quarterly
2020-03-31,Total of GVA (A+B+C) — level,8816450.708346577,million PKR (constant basic prices),sbp_gdp_quarterly,quarterly
2020-06-30,Total of GVA (A+B+C) — level,8202874.860165877,million PKR (constant basic prices),sbp_gdp_quarterly,quarterly
2020-09-30,Total of GVA (A+B+C) — level,8978963.85045596,million PKR (constant basic prices),sbp_gdp_quarterly,quarterly
2020-12-31,Total of GVA (A+B+C) — level,9138723.126079896,million PKR (constant basic prices),sbp_gdp_quarterly,quarterly
2021-03-31,Total of GVA (A+B+C) — level,9266556.319364436,million PKR (constant basic prices),sbp_gdp_quarterly,quarterly
2021-06-30,Total of GVA (A+B+C) — level,9198237.585596692,million PKR (constant basic prices),sbp_gdp_quarterly,quarterly
2021-09-30,Total of GVA (A+B+C) — level,9553399.906003002,million PKR (constant basic prices),sbp_gdp_quarterly,quarterly
2021-12-31,Total of GVA (A+B+C) — level,9559027.900432494,million PKR (constant basic prices),sbp_gdp_quarterly,quarterly
2022-03-31,Total of GVA (A+B+C) — level,9887044.769292163,million PKR (constant basic prices),sbp_gdp_quarterly,quarterly
2022-06-30,Total of GVA (A+B+C) — level,9843786.739646703,million PKR (constant basic prices),sbp_gdp_quarterly,quarterly
2022-09-30,Total of GVA (A+B+C) — level,9676114.171005832,million PKR (constant basic prices),sbp_gdp_quarterly,quarterly
2022-12-31,Total of GVA (A+B+C) — level,9783678.88986623,million PKR (constant basic prices),sbp_gdp_quarterly,quarterly
2023-03-31,Total of GVA (A+B+C) — level,9766369.712267108,million PKR (constant basic prices),sbp_gdp_quarterly,quarterly
2023-06-30,Total of GVA (A+B+C) — level,9534604.452863608,million PKR (constant basic prices),sbp_gdp_quarterly,quarterly
2023-09-30,Total of GVA (A+B+C) — level,9922694.107115863,million PKR (constant basic prices),sbp_gdp_quarterly,quarterly
2023-12-31,Total of GVA (A+B+C) — level,9981819.017758803,million PKR (constant basic prices),sbp_gdp_quarterly,quarterly
2024-03-31,Total of GVA (A+B+C) — level,10038198.512084775,million PKR (constant basic prices),sbp_gdp_quarterly,quarterly
2024-06-30,Total of GVA (A+B+C) — level,9834292.138021484,million PKR (constant basic prices),sbp_gdp_quarterly,quarterly
2024-09-30,Total of GVA (A+B+C) — level,10081647.020921879,million PKR (constant basic prices),sbp_gdp_quarterly,quarterly
2024-12-31,Total of GVA (A+B+C) — level,10228155.174798883,million PKR (constant basic prices),sbp_gdp_quarterly,quarterly
2025-03-31,Total of GVA (A+B+C) — level,10294818.365387972,million PKR (constant basic prices),sbp_gdp_quarterly,quarterly
2025-06-30,Total of GVA (A+B+C) — level,10437826.447866451,million PKR (constant basic prices),sbp_gdp_quarterly,quarterly
2025-09-30,Total of GVA (A+B+C) — level,10476602.382572316,million PKR (constant basic prices),sbp_gdp_quarterly,quarterly
2025-12-31,Total of GVA (A+B+C) — level,10642851.770945173,million PKR (constant basic prices),sbp_gdp_quarterly,quarterly
2026-03-31,Total of GVA (A+B+C) — level,10705966.80481991,million PKR (constant basic prices),sbp_gdp_quarterly,quarterly
2015-09-30,i. Important Crops — level,340462.3305613085,million PKR (constant basic prices),sbp_gdp_quarterly,quarterly
2015-12-31,i. Important Crops — level,522656.75017196813,million PKR (constant basic prices),sbp_gdp_quarterly,quarterly
2016-03-31,i. Important Crops — level,299406.65365233907,million PKR (constant basic prices),sbp_gdp_quarterly,quarterly
2016-06-30,i. Important Crops — level,299929.2656143841,million PKR (constant basic prices),sbp_gdp_quarterly,quarterly
2016-09-30,i. Important Crops — level,352735.28908343904,million PKR (constant basic prices),sbp_gdp_quarterly,quarterly
2016-12-31,i. Important Crops — level,509071.9953863228,million PKR (constant basic prices),sbp_gdp_quarterly,quarterly
2017-03-31,i. Important Crops — level,309660.0204336851,million PKR (constant basic prices),sbp_gdp_quarterly,quarterly
2017-06-30,i. Important Crops — level,330153.695096553,million PKR (constant basic prices),sbp_gdp_quarterly,quarterly
2017-09-30,i. Important Crops — level,385436.046917709,million PKR (constant basic prices),sbp_gdp_quarterly,quarterly
2017-12-31,i. Important Crops — level,498292.3291119218,million PKR (constant basic prices),sbp_gdp_quarterly,quarterly
2018-03-31,i. Important Crops — level,326356.56828007346,million PKR (constant basic prices),sbp_gdp_quarterly,quarterly
2018-06-30,i. Important Crops — level,355638.05569029565,million PKR (constant basic prices),sbp_gdp_quarterly,quarterly
2018-09-30,i. Important Crops — level,353874.0187373105,million PKR (constant basic prices),sbp_gdp_quarterly,quarterly
2018-12-31,i. Important Crops — level,472432.6995773602,million PKR (constant basic prices),sbp_gdp_quarterly,quarterly
2019-03-31,i. Important Crops — level,295935.6345805947,million PKR (constant basic prices),sbp_gdp_quarterly,quarterly
2019-06-30,i. Important Crops — level,308955.64710473455,million PKR (constant basic prices),sbp_gdp_quarterly,quarterly
2019-09-30,i. Important Crops — level,367253.5556696533,million PKR (constant basic prices),sbp_gdp_quarterly,quarterly
2019-12-31,i. Important Crops — level,507476.25761001324,million PKR (constant basic prices),sbp_gdp_quarterly,quarterly
2020-03-31,i. Important Crops — level,320550.79596779216,million PKR (constant basic prices),sbp_gdp_quarterly,quarterly
2020-06-30,i. Important Crops — level,310982.3907525413,million PKR (constant basic prices),sbp_gdp_quarterly,quarterly
2020-09-30,i. Important Crops — level,384941.5688262266,million PKR (constant basic prices),sbp_gdp_quarterly,quarterly
2020-12-31,i. Important Crops — level,542092.9992609279,million PKR (constant basic prices),sbp_gdp_quarterly,quarterly
2021-03-31,i. Important Crops — level,355953.1476709289,million PKR (constant basic prices),sbp_gdp_quarterly,quarterly
2021-06-30,i. Important Crops — level,310997.2842419169,million PKR (constant basic prices),sbp_gdp_quarterly,quarterly
2021-09-30,i. Important Crops — level,421756.51079457754,million PKR (constant basic prices),sbp_gdp_quarterly,quarterly
2021-12-31,i. Important Crops — level,535504.2345250096,million PKR (constant basic prices),sbp_gdp_quarterly,quarterly
2022-03-31,i. Important Crops — level,382624.02899363986,million PKR (constant basic prices),sbp_gdp_quarterly,quarterly
2022-06-30,i. Important Crops — level,341823.22568677296,million PKR (constant basic prices),sbp_gdp_quarterly,quarterly
2022-09-30,i. Important Crops — level,372106.7852559189,million PKR (constant basic prices),sbp_gdp_quarterly,quarterly
2022-12-31,i. Important Crops — level,584313.1251977028,million PKR (constant basic prices),sbp_gdp_quarterly,quarterly
2023-03-31,i. Important Crops — level,417997.5887776261,million PKR (constant basic prices),sbp_gdp_quarterly,quarterly
2023-06-30,i. Important Crops — level,314886.5007687522,million PKR (constant basic prices),sbp_gdp_quarterly,quarterly
2023-09-30,i. Important Crops — level,485367.7303710398,million PKR (constant basic prices),sbp_gdp_quarterly,quarterly
2023-12-31,i. Important Crops — level,671999.0536419793,million PKR (constant basic prices),sbp_gdp_quarterly,quarterly
2024-03-31,i. Important Crops — level,424324.92561619525,million PKR (constant basic prices),sbp_gdp_quarterly,quarterly
2024-06-30,i. Important Crops — level,396164.29037078546,million PKR (constant basic prices),sbp_gdp_quarterly,quarterly
2024-09-30,i. Important Crops — level,423942.8732434557,million PKR (constant basic prices),sbp_gdp_quarterly,quarterly
2024-12-31,i. Important Crops — level,585609.2962647526,million PKR (constant basic prices),sbp_gdp_quarterly,quarterly
2025-03-31,i. Important Crops — level,383297.9856824183,million PKR (constant basic prices),sbp_gdp_quarterly,quarterly
2025-06-30,i. Important Crops — level,324168.8448093734,million PKR (constant basic prices),sbp_gdp_quarterly,quarterly
2025-09-30,i. Important Crops — level,417260.38064690225,million PKR (constant basic prices),sbp_gdp_quarterly,quarterly
2025-12-31,i. Important Crops — level,590130.1703957798,million PKR (constant basic prices),sbp_gdp_quarterly,quarterly
2026-03-31,i. Important Crops — level,387501.9854895612,million PKR (constant basic prices),sbp_gdp_quarterly,quarterly
2015-09-30,i. Large Scale — level,668096.8562490768,million PKR (constant basic prices),sbp_gdp_quarterly,quarterly
2015-12-31,i. Large Scale — level,695545.8627883061,million PKR (constant basic prices),sbp_gdp_quarterly,quarterly
2016-03-31,i. Large Scale — level,777906.7978844856,million PKR (constant basic prices),sbp_gdp_quarterly,quarterly
2016-06-30,i. Large Scale — level,700159.4830781315,million PKR (constant basic prices),sbp_gdp_quarterly,quarterly
2016-09-30,i. Large Scale — level,668619.9497861834,million PKR (constant basic prices),sbp_gdp_quarterly,quarterly
2016-12-31,i. Large Scale — level,725953.0863385089,million PKR (constant basic prices),sbp_gdp_quarterly,quarterly
2017-03-31,i. Large Scale — level,822076.2135951546,million PKR (constant basic prices),sbp_gdp_quarterly,quarterly
2017-06-30,i. Large Scale — level,741264.7502801534,million PKR (constant basic prices),sbp_gdp_quarterly,quarterly
2017-09-30,i. Large Scale — level,750158.4118188206,million PKR (constant basic prices),sbp_gdp_quarterly,quarterly
2017-12-31,i. Large Scale — level,764124.421099206,million PKR (constant basic prices),sbp_gdp_quarterly,quarterly
2018-03-31,i. Large Scale — level,873547.3316447237,million PKR (constant basic prices),sbp_gdp_quarterly,quarterly
2018-06-30,i. Large Scale — level,774745.8354372496,million PKR (constant basic prices),sbp_gdp_quarterly,quarterly
2018-09-30,i. Large Scale — level,755292.899386609,million PKR (constant basic prices),sbp_gdp_quarterly,quarterly
2018-12-31,i. Large Scale — level,791589.272835947,million PKR (constant basic prices),sbp_gdp_quarterly,quarterly
2019-03-31,i. Large Scale — level,893589.4776109996,million PKR (constant basic prices),sbp_gdp_quarterly,quarterly
2019-06-30,i. Large Scale — level,833763.3501664443,million PKR (constant basic prices),sbp_gdp_quarterly,quarterly
2019-09-30,i. Large Scale — level,750445.6119260249,million PKR (constant basic prices),sbp_gdp_quarterly,quarterly
2019-12-31,i. Large Scale — level,774846.7562040442,million PKR (constant basic prices),sbp_gdp_quarterly,quarterly
2020-03-31,i. Large Scale — level,807899.9670669027,million PKR (constant basic prices),sbp_gdp_quarterly,quarterly
2020-06-30,i. Large Scale — level,573385.6648030283,million PKR (constant basic prices),sbp_gdp_quarterly,quarterly
2020-09-30,i. Large Scale — level,731261.0216585444,million PKR (constant basic prices),sbp_gdp_quarterly,quarterly
2020-12-31,i. Large Scale — level,818043.3471624558,million PKR (constant basic prices),sbp_gdp_quarterly,quarterly
2021-03-31,i. Large Scale — level,885258.9029932935,million PKR (constant basic prices),sbp_gdp_quarterly,quarterly
2021-06-30,i. Large Scale — level,806230.7281857068,million PKR (constant basic prices),sbp_gdp_quarterly,quarterly
2021-09-30,i. Large Scale — level,805655.2194909342,million PKR (constant basic prices),sbp_gdp_quarterly,quarterly
2021-12-31,i. Large Scale — level,864019.7238261561,million PKR (constant basic prices),sbp_gdp_quarterly,quarterly
2022-03-31,i. Large Scale — level,1025492.7101742438,million PKR (constant basic prices),sbp_gdp_quarterly,quarterly
2022-06-30,i. Large Scale — level,931391.0037163168,million PKR (constant basic prices),sbp_gdp_quarterly,quarterly
2022-09-30,i. Large Scale — level,795114.757861128,million PKR (constant basic prices),sbp_gdp_quarterly,quarterly
2022-12-31,i. Large Scale — level,848019.9528015679,million PKR (constant basic prices),sbp_gdp_quarterly,quarterly
2023-03-31,i. Large Scale — level,877081.9842028344,million PKR (constant basic prices),sbp_gdp_quarterly,quarterly
2023-06-30,i. Large Scale — level,749543.075344124,million PKR (constant basic prices),sbp_gdp_quarterly,quarterly
2023-09-30,i. Large Scale — level,789869.3671103087,million PKR (constant basic prices),sbp_gdp_quarterly,quarterly
2023-12-31,i. Large Scale — level,841187.7422797082,million PKR (constant basic prices),sbp_gdp_quarterly,quarterly
2024-03-31,i. Large Scale — level,888520.5438266313,million PKR (constant basic prices),sbp_gdp_quarterly,quarterly
2024-06-30,i. Large Scale — level,780966.102454009,million PKR (constant basic prices),sbp_gdp_quarterly,quarterly
2024-09-30,i. Large Scale — level,783127.3935100058,million PKR (constant basic prices),sbp_gdp_quarterly,quarterly
2024-12-31,i. Large Scale — level,819306.7348448847,million PKR (constant basic prices),sbp_gdp_quarterly,quarterly
2025-03-31,i. Large Scale — level,871167.9469677632,million PKR (constant basic prices),sbp_gdp_quarterly,quarterly
2025-06-30,i. Large Scale — level,804106.8867085128,million PKR (constant basic prices),sbp_gdp_quarterly,quarterly
2025-09-30,i. Large Scale — level,813884.3468557626,million PKR (constant basic prices),sbp_gdp_quarterly,quarterly
2025-12-31,i. Large Scale — level,866125.9587374197,million PKR (constant basic prices),sbp_gdp_quarterly,quarterly
2026-03-31,i. Large Scale — level,954194.4683849125,million PKR (constant basic prices),sbp_gdp_quarterly,quarterly
2015-09-30,ii. Other Crops — level,225279.8848963481,million PKR (constant basic prices),sbp_gdp_quarterly,quarterly
2015-12-31,ii. Other Crops — level,230805.155883558,million PKR (constant basic prices),sbp_gdp_quarterly,quarterly
2016-03-31,ii. Other Crops — level,233423.6453095826,million PKR (constant basic prices),sbp_gdp_quarterly,quarterly
2016-06-30,ii. Other Crops — level,222879.31391051138,million PKR (constant basic prices),sbp_gdp_quarterly,quarterly
2016-09-30,ii. Other Crops — level,222418.64203144712,million PKR (constant basic prices),sbp_gdp_quarterly,quarterly
2016-12-31,ii. Other Crops — level,225355.36455647554,million PKR (constant basic prices),sbp_gdp_quarterly,quarterly
2017-03-31,ii. Other Crops — level,229725.85022706856,million PKR (constant basic prices),sbp_gdp_quarterly,quarterly
2017-06-30,ii. Other Crops — level,223599.1431850089,million PKR (constant basic prices),sbp_gdp_quarterly,quarterly
2017-09-30,ii. Other Crops — level,227903.34781976527,million PKR (constant basic prices),sbp_gdp_quarterly,quarterly
2017-12-31,ii. Other Crops — level,237512.2230061573,million PKR (constant basic prices),sbp_gdp_quarterly,quarterly
2018-03-31,ii. Other Crops — level,243552.33739488365,million PKR (constant basic prices),sbp_gdp_quarterly,quarterly
2018-06-30,ii. Other Crops — level,234074.09177919378,million PKR (constant basic prices),sbp_gdp_quarterly,quarterly
2018-09-30,ii. Other Crops — level,235300.74451471152,million PKR (constant basic prices),sbp_gdp_quarterly,quarterly
2018-12-31,ii. Other Crops — level,244667.4452929019,million PKR (constant basic prices),sbp_gdp_quarterly,quarterly
2019-03-31,ii. Other Crops — level,251384.7667615527,million PKR (constant basic prices),sbp_gdp_quarterly,quarterly
2019-06-30,ii. Other Crops — level,245813.04343083376,million PKR (constant basic prices),sbp_gdp_quarterly,quarterly
2019-09-30,ii. Other Crops — level,256735.95399964476,million PKR (constant basic prices),sbp_gdp_quarterly,quarterly
2019-12-31,ii. Other Crops — level,268939.9841754595,million PKR (constant basic prices),sbp_gdp_quarterly,quarterly
2020-03-31,ii. Other Crops — level,276466.0087985226,million PKR (constant basic prices),sbp_gdp_quarterly,quarterly
2020-06-30,ii. Other Crops — level,265037.0530263731,million PKR (constant basic prices),sbp_gdp_quarterly,quarterly
2020-09-30,ii. Other Crops — level,282680.6114873182,million PKR (constant basic prices),sbp_gdp_quarterly,quarterly
2020-12-31,ii. Other Crops — level,292934.47633547435,million PKR (constant basic prices),sbp_gdp_quarterly,quarterly
2021-03-31,ii. Other Crops — level,294431.23273950245,million PKR (constant basic prices),sbp_gdp_quarterly,quarterly
2021-06-30,ii. Other Crops — level,281962.67943770514,million PKR (constant basic prices),sbp_gdp_quarterly,quarterly
2021-09-30,ii. Other Crops — level,312554.130469216,million PKR (constant basic prices),sbp_gdp_quarterly,quarterly
2021-12-31,ii. Other Crops — level,330962.04028670123,million PKR (constant basic prices),sbp_gdp_quarterly,quarterly
2022-03-31,ii. Other Crops — level,329866.0159422264,million PKR (constant basic prices),sbp_gdp_quarterly,quarterly
2022-06-30,ii. Other Crops — level,315686.81330185645,million PKR (constant basic prices),sbp_gdp_quarterly,quarterly
2022-09-30,ii. Other Crops — level,304982.22124012286,million PKR (constant basic prices),sbp_gdp_quarterly,quarterly
2022-12-31,ii. Other Crops — level,325566.0195807127,million PKR (constant basic prices),sbp_gdp_quarterly,quarterly
2023-03-31,ii. Other Crops — level,325055.91523415403,million PKR (constant basic prices),sbp_gdp_quarterly,quarterly
2023-06-30,ii. Other Crops — level,315582.8439450105,million PKR (constant basic prices),sbp_gdp_quarterly,quarterly
2023-09-30,ii. Other Crops — level,300913.23262561497,million PKR (constant basic prices),sbp_gdp_quarterly,quarterly
2023-12-31,ii. Other Crops — level,325800.30239072134,million PKR (constant basic prices),sbp_gdp_quarterly,quarterly
2024-03-31,ii. Other Crops — level,328593.17978701467,million PKR (constant basic prices),sbp_gdp_quarterly,quarterly
2024-06-30,ii. Other Crops — level,317108.2851966491,million PKR (constant basic prices),sbp_gdp_quarterly,quarterly
2024-09-30,ii. Other Crops — level,361605.89218910795,million PKR (constant basic prices),sbp_gdp_quarterly,quarterly
2024-12-31,ii. Other Crops — level,389507.25764330896,million PKR (constant basic prices),sbp_gdp_quarterly,quarterly
2025-03-31,ii. Other Crops — level,392486.4109682396,million PKR (constant basic prices),sbp_gdp_quarterly,quarterly
2025-06-30,ii. Other Crops — level,379992.4391993433,million PKR (constant basic prices),sbp_gdp_quarterly,quarterly
2025-09-30,ii. Other Crops — level,368598.3304861852,million PKR (constant basic prices),sbp_gdp_quarterly,quarterly
2025-12-31,ii. Other Crops — level,398831.740367381,million PKR (constant basic prices),sbp_gdp_quarterly,quarterly
2026-03-31,ii. Other Crops — level,401397.98536733026,million PKR (constant basic prices),sbp_gdp_quarterly,quarterly
2015-09-30,ii. Small Scale — level,121626.28298290816,million PKR (constant basic prices),sbp_gdp_quarterly,quarterly
2015-12-31,ii. Small Scale — level,122470.6697897449,million PKR (constant basic prices),sbp_gdp_quarterly,quarterly
2016-03-31,ii. Small Scale — level,124159.44340341837,million PKR (constant basic prices),sbp_gdp_quarterly,quarterly
2016-06-30,ii. Small Scale — level,126692.60382392854,million PKR (constant basic prices),sbp_gdp_quarterly,quarterly
2016-09-30,ii. Small Scale — level,130070.15105127548,million PKR (constant basic prices),sbp_gdp_quarterly,quarterly
2016-12-31,ii. Small Scale — level,133233.209521704,million PKR (constant basic prices),sbp_gdp_quarterly,quarterly
2017-03-31,ii. Small Scale — level,136181.7792352143,million PKR (constant basic prices),sbp_gdp_quarterly,quarterly
2017-06-30,ii. Small Scale — level,138915.8601918062,million PKR (constant basic prices),sbp_gdp_quarterly,quarterly
2017-09-30,ii. Small Scale — level,141435.4523914798,million PKR (constant basic prices),sbp_gdp_quarterly,quarterly
2017-12-31,ii. Small Scale — level,144455.80831475725,million PKR (constant basic prices),sbp_gdp_quarterly,quarterly
2018-03-31,ii. Small Scale — level,147976.9279616387,million PKR (constant basic prices),sbp_gdp_quarterly,quarterly
2018-06-30,ii. Small Scale — level,151998.81133212414,million PKR (constant basic prices),sbp_gdp_quarterly,quarterly
2018-09-30,ii. Small Scale — level,156521.4584262136,million PKR (constant basic prices),sbp_gdp_quarterly,quarterly
2018-12-31,ii. Small Scale — level,159584.53389336387,million PKR (constant basic prices),sbp_gdp_quarterly,quarterly
2019-03-31,ii. Small Scale — level,161188.03773357518,million PKR (constant basic prices),sbp_gdp_quarterly,quarterly
2019-06-30,ii. Small Scale — level,161331.96994684744,million PKR (constant basic prices),sbp_gdp_quarterly,quarterly
2019-09-30,ii. Small Scale — level,160016.3305331808,million PKR (constant basic prices),sbp_gdp_quarterly,quarterly
2019-12-31,ii. Small Scale — level,160220.94255444183,million PKR (constant basic prices),sbp_gdp_quarterly,quarterly
2020-03-31,ii. Small Scale — level,161945.80601063048,million PKR (constant basic prices),sbp_gdp_quarterly,quarterly
2020-06-30,ii. Small Scale — level,165190.92090174684,million PKR (constant basic prices),sbp_gdp_quarterly,quarterly
2020-09-30,ii. Small Scale — level,169956.28722779074,million PKR (constant basic prices),sbp_gdp_quarterly,quarterly
2020-12-31,ii. Small Scale — level,174428.41886709208,million PKR (constant basic prices),sbp_gdp_quarterly,quarterly
2021-03-31,ii. Small Scale — level,178607.31581965063,million PKR (constant basic prices),sbp_gdp_quarterly,quarterly
2021-06-30,ii. Small Scale — level,182492.97808546663,million PKR (constant basic prices),sbp_gdp_quarterly,quarterly
2021-09-30,ii. Small Scale — level,186085.40566453998,million PKR (constant basic prices),sbp_gdp_quarterly,quarterly
2021-12-31,ii. Small Scale — level,189913.11447967388,million PKR (constant basic prices),sbp_gdp_quarterly,quarterly
2022-03-31,ii. Small Scale — level,193976.1045308683,million PKR (constant basic prices),sbp_gdp_quarterly,quarterly
2022-06-30,ii. Small Scale — level,198274.3758181233,million PKR (constant basic prices),sbp_gdp_quarterly,quarterly
2022-09-30,ii. Small Scale — level,202807.92834143888,million PKR (constant basic prices),sbp_gdp_quarterly,quarterly
2022-12-31,ii. Small Scale — level,207377.60563793682,million PKR (constant basic prices),sbp_gdp_quarterly,quarterly
2023-03-31,ii. Small Scale — level,211983.40770761744,million PKR (constant basic prices),sbp_gdp_quarterly,quarterly
2023-06-30,ii. Small Scale — level,216625.33455048045,million PKR (constant basic prices),sbp_gdp_quarterly,quarterly
2023-09-30,ii. Small Scale — level,221303.386166526,million PKR (constant basic prices),sbp_gdp_quarterly,quarterly
2023-12-31,ii. Small Scale — level,226122.9190773605,million PKR (constant basic prices),sbp_gdp_quarterly,quarterly
2024-03-31,ii. Small Scale — level,231083.93328298413,million PKR (constant basic prices),sbp_gdp_quarterly,quarterly
2024-06-30,ii. Small Scale — level,236186.4287833969,million PKR (constant basic prices),sbp_gdp_quarterly,quarterly
2024-09-30,ii. Small Scale — level,241430.40557859867,million PKR (constant basic prices),sbp_gdp_quarterly,quarterly
2024-12-31,ii. Small Scale — level,246577.90861148183,million PKR (constant basic prices),sbp_gdp_quarterly,quarterly
2025-03-31,ii. Small Scale — level,251628.93788204642,million PKR (constant basic prices),sbp_gdp_quarterly,quarterly
2025-06-30,ii. Small Scale — level,256583.49339029234,million PKR (constant basic prices),sbp_gdp_quarterly,quarterly
2025-09-30,ii. Small Scale — level,261441.5751362198,million PKR (constant basic prices),sbp_gdp_quarterly,quarterly
2025-12-31,ii. Small Scale — level,266896.8777801029,million PKR (constant basic prices),sbp_gdp_quarterly,quarterly
2026-03-31,ii. Small Scale — level,272949.4013219416,million PKR (constant basic prices),sbp_gdp_quarterly,quarterly
2015-09-30,iii. Cotton Ginning — level,30400.37022346061,million PKR (constant basic prices),sbp_gdp_quarterly,quarterly
2015-12-31,iii. Cotton Ginning — level,30471.22213407637,million PKR (constant basic prices),sbp_gdp_quarterly,quarterly
2016-03-31,iii. Cotton Ginning — level,30612.925955307885,million PKR (constant basic prices),sbp_gdp_quarterly,quarterly
2016-06-30,iii. Cotton Ginning — level,30825.481687155137,million PKR (constant basic prices),sbp_gdp_quarterly,quarterly
2016-09-30,iii. Cotton Ginning — level,31108.889329618145,million PKR (constant basic prices),sbp_gdp_quarterly,quarterly
2016-12-31,iii. Cotton Ginning — level,31650.49665475609,million PKR (constant basic prices),sbp_gdp_quarterly,quarterly
2017-03-31,iii. Cotton Ginning — level,32450.303662568975,million PKR (constant basic prices),sbp_gdp_quarterly,quarterly
2017-06-30,iii. Cotton Ginning — level,33508.31035305678,million PKR (constant basic prices),sbp_gdp_quarterly,quarterly
2017-09-30,iii. Cotton Ginning — level,34824.51672621952,million PKR (constant basic prices),sbp_gdp_quarterly,quarterly
2017-12-31,iii. Cotton Ginning — level,35357.49258499682,million PKR (constant basic prices),sbp_gdp_quarterly,quarterly
2018-03-31,iii. Cotton Ginning — level,35107.23792938863,million PKR (constant basic prices),sbp_gdp_quarterly,quarterly
2018-06-30,iii. Cotton Ginning — level,34073.75275939502,million PKR (constant basic prices),sbp_gdp_quarterly,quarterly
2018-09-30,iii. Cotton Ginning — level,32257.03707501596,million PKR (constant basic prices),sbp_gdp_quarterly,quarterly
2018-12-31,iii. Cotton Ginning — level,30998.13597125795,million PKR (constant basic prices),sbp_gdp_quarterly,quarterly
2019-03-31,iii. Cotton Ginning — level,30297.049448120993,million PKR (constant basic prices),sbp_gdp_quarterly,quarterly
2019-06-30,iii. Cotton Ginning — level,30153.777505605107,million PKR (constant basic prices),sbp_gdp_quarterly,quarterly
2019-09-30,iii. Cotton Ginning — level,30568.32014371028,million PKR (constant basic prices),sbp_gdp_quarterly,quarterly
2019-12-31,iii. Cotton Ginning — level,30374.709141468236,million PKR (constant basic prices),sbp_gdp_quarterly,quarterly
2020-03-31,iii. Cotton Ginning — level,29572.944498878973,million PKR (constant basic prices),sbp_gdp_quarterly,quarterly
2020-06-30,iii. Cotton Ginning — level,28163.0262159425,million PKR (constant basic prices),sbp_gdp_quarterly,quarterly
2020-09-30,iii. Cotton Ginning — level,26144.954292658804,million PKR (constant basic prices),sbp_gdp_quarterly,quarterly
2020-12-31,iii. Cotton Ginning — level,25195.14380628181,million PKR (constant basic prices),sbp_gdp_quarterly,quarterly
2021-03-31,iii. Cotton Ginning — level,25313.594756811497,million PKR (constant basic prices),sbp_gdp_quarterly,quarterly
2021-06-30,iii. Cotton Ginning — level,26500.307144247912,million PKR (constant basic prices),sbp_gdp_quarterly,quarterly
2021-09-30,iii. Cotton Ginning — level,28755.280968591018,million PKR (constant basic prices),sbp_gdp_quarterly,quarterly
2021-12-31,iii. Cotton Ginning — level,29421.358110891848,million PKR (constant basic prices),sbp_gdp_quarterly,quarterly
2022-03-31,iii. Cotton Ginning — level,28498.538571150417,million PKR (constant basic prices),sbp_gdp_quarterly,quarterly
2022-06-30,iii. Cotton Ginning — level,25986.822349366706,million PKR (constant basic prices),sbp_gdp_quarterly,quarterly
2022-09-30,iii. Cotton Ginning — level,21886.20944554074,million PKR (constant basic prices),sbp_gdp_quarterly,quarterly
2022-12-31,iii. Cotton Ginning — level,20184.780505794042,million PKR (constant basic prices),sbp_gdp_quarterly,quarterly
2023-03-31,iii. Cotton Ginning — level,20882.53553012666,million PKR (constant basic prices),sbp_gdp_quarterly,quarterly
2023-06-30,iii. Cotton Ginning — level,23979.474518538562,million PKR (constant basic prices),sbp_gdp_quarterly,quarterly
2023-09-30,iii. Cotton Ginning — level,29475.597471029756,million PKR (constant basic prices),sbp_gdp_quarterly,quarterly
2023-12-31,iii. Cotton Ginning — level,32682.807663614327,million PKR (constant basic prices),sbp_gdp_quarterly,quarterly
2024-03-31,iii. Cotton Ginning — level,33601.10509629228,million PKR (constant basic prices),sbp_gdp_quarterly,quarterly
2024-06-30,iii. Cotton Ginning — level,32230.489769063654,million PKR (constant basic prices),sbp_gdp_quarterly,quarterly
2024-09-30,iii. Cotton Ginning — level,28570.961681928417,million PKR (constant basic prices),sbp_gdp_quarterly,quarterly
2024-12-31,iii. Cotton Ginning — level,26047.365774302958,million PKR (constant basic prices),sbp_gdp_quarterly,quarterly
2025-03-31,iii. Cotton Ginning — level,24659.70204618727,million PKR (constant basic prices),sbp_gdp_quarterly,quarterly
2025-06-30,iii. Cotton Ginning — level,24407.970497581355,million PKR (constant basic prices),sbp_gdp_quarterly,quarterly
2025-09-30,iii. Cotton Ginning — level,25292.171128485224,million PKR (constant basic prices),sbp_gdp_quarterly,quarterly
2025-12-31,iii. Cotton Ginning — level,25905.082929452692,million PKR (constant basic prices),sbp_gdp_quarterly,quarterly
2026-03-31,iii. Cotton Ginning — level,26246.70590048373,million PKR (constant basic prices),sbp_gdp_quarterly,quarterly
2015-09-30,iii. Slaughtering — level,82124.92935530301,million PKR (constant basic prices),sbp_gdp_quarterly,quarterly
2015-12-31,iii. Slaughtering — level,82487.05761318181,million PKR (constant basic prices),sbp_gdp_quarterly,quarterly
2016-03-31,iii. Slaughtering — level,83211.31412893938,million PKR (constant basic prices),sbp_gdp_quarterly,quarterly
2016-06-30,iii. Slaughtering — level,84297.69890257581,million PKR (constant basic prices),sbp_gdp_quarterly,quarterly
2016-09-30,iii. Slaughtering — level,85746.211934091,million PKR (constant basic prices),sbp_gdp_quarterly,quarterly
2016-12-31,iii. Slaughtering — level,87130.93237306068,million PKR (constant basic prices),sbp_gdp_quarterly,quarterly
2017-03-31,iii. Slaughtering — level,88451.86021948482,million PKR (constant basic prices),sbp_gdp_quarterly,quarterly
2017-06-30,iii. Slaughtering — level,89708.99547336345,million PKR (constant basic prices),sbp_gdp_quarterly,quarterly
2017-09-30,iii. Slaughtering — level,90902.33813469655,million PKR (constant basic prices),sbp_gdp_quarterly,quarterly
2017-12-31,iii. Slaughtering — level,92145.03994535118,million PKR (constant basic prices),sbp_gdp_quarterly,quarterly
2018-03-31,iii. Slaughtering — level,93437.1009053273,million PKR (constant basic prices),sbp_gdp_quarterly,quarterly
2018-06-30,iii. Slaughtering — level,94778.52101462505,million PKR (constant basic prices),sbp_gdp_quarterly,quarterly
2018-09-30,iii. Slaughtering — level,96169.3002732443,million PKR (constant basic prices),sbp_gdp_quarterly,quarterly
2018-12-31,iii. Slaughtering — level,97569.49186739427,million PKR (constant basic prices),sbp_gdp_quarterly,quarterly
2019-03-31,iii. Slaughtering — level,98979.09579707499,million PKR (constant basic prices),sbp_gdp_quarterly,quarterly
2019-06-30,iii. Slaughtering — level,100398.11206228643,million PKR (constant basic prices),sbp_gdp_quarterly,quarterly
2019-09-30,iii. Slaughtering — level,101826.54066302865,million PKR (constant basic prices),sbp_gdp_quarterly,quarterly
2019-12-31,iii. Slaughtering — level,103296.59583811405,million PKR (constant basic prices),sbp_gdp_quarterly,quarterly
2020-03-31,iii. Slaughtering — level,104808.27758754272,million PKR (constant basic prices),sbp_gdp_quarterly,quarterly
2020-06-30,iii. Slaughtering — level,106361.58591131454,million PKR (constant basic prices),sbp_gdp_quarterly,quarterly
2020-09-30,iii. Slaughtering — level,107956.52080942961,million PKR (constant basic prices),sbp_gdp_quarterly,quarterly
2020-12-31,iii. Slaughtering — level,109586.38644490382,million PKR (constant basic prices),sbp_gdp_quarterly,quarterly
2021-03-31,iii. Slaughtering — level,111251.18281773706,million PKR (constant basic prices),sbp_gdp_quarterly,quarterly
2021-06-30,iii. Slaughtering — level,112950.90992792956,million PKR (constant basic prices),sbp_gdp_quarterly,quarterly
2021-09-30,iii. Slaughtering — level,114685.56777548122,million PKR (constant basic prices),sbp_gdp_quarterly,quarterly
2021-12-31,iii. Slaughtering — level,116459.4380246647,million PKR (constant basic prices),sbp_gdp_quarterly,quarterly
2022-03-31,iii. Slaughtering — level,118272.52067548012,million PKR (constant basic prices),sbp_gdp_quarterly,quarterly
2022-06-30,iii. Slaughtering — level,120124.81572792745,million PKR (constant basic prices),sbp_gdp_quarterly,quarterly
2022-09-30,iii. Slaughtering — level,122016.3231820067,million PKR (constant basic prices),sbp_gdp_quarterly,quarterly
2022-12-31,iii. Slaughtering — level,123953.2968908357,million PKR (constant basic prices),sbp_gdp_quarterly,quarterly
2023-03-31,iii. Slaughtering — level,125935.73685441451,million PKR (constant basic prices),sbp_gdp_quarterly,quarterly
2023-06-30,iii. Slaughtering — level,127963.64307274307,million PKR (constant basic prices),sbp_gdp_quarterly,quarterly
2023-09-30,iii. Slaughtering — level,130037.01554582141,million PKR (constant basic prices),sbp_gdp_quarterly,quarterly
2023-12-31,iii. Slaughtering — level,132138.85831672416,million PKR (constant basic prices),sbp_gdp_quarterly,quarterly
2024-03-31,iii. Slaughtering — level,134269.17138545137,million PKR (constant basic prices),sbp_gdp_quarterly,quarterly
2024-06-30,iii. Slaughtering — level,136427.95475200308,million PKR (constant basic prices),sbp_gdp_quarterly,quarterly
2024-09-30,iii. Slaughtering — level,138615.20841637926,million PKR (constant basic prices),sbp_gdp_quarterly,quarterly
2024-12-31,iii. Slaughtering — level,140763.32651557805,million PKR (constant basic prices),sbp_gdp_quarterly,quarterly
2025-03-31,iii. Slaughtering — level,142872.30904959937,million PKR (constant basic prices),sbp_gdp_quarterly,quarterly
2025-06-30,iii. Slaughtering — level,144942.15601844335,million PKR (constant basic prices),sbp_gdp_quarterly,quarterly
2025-09-30,iii. Slaughtering — level,146972.86742210996,million PKR (constant basic prices),sbp_gdp_quarterly,quarterly
2025-12-31,iii. Slaughtering — level,149228.40501473265,million PKR (constant basic prices),sbp_gdp_quarterly,quarterly
2026-03-31,iii. Slaughtering — level,151708.76879631137,million PKR (constant basic prices),sbp_gdp_quarterly,quarterly
2016-09-30,1. Crops (i+ii+iii) — growth,1.6976198323131513,% YoY,sbp_gdp_quarterly,quarterly
2016-12-31,1. Crops (i+ii+iii) — growth,-2.2776523851317165,% YoY,sbp_gdp_quarterly,quarterly
2017-03-31,1. Crops (i+ii+iii) — growth,1.4895820971715779,% YoY,sbp_gdp_quarterly,quarterly
2017-06-30,1. Crops (i+ii+iii) — growth,6.073883414786565,% YoY,sbp_gdp_quarterly,quarterly
2017-09-30,1. Crops (i+ii+iii) — growth,6.911374012423877,% YoY,sbp_gdp_quarterly,quarterly
2017-12-31,1. Crops (i+ii+iii) — growth,0.6636646734709615,% YoY,sbp_gdp_quarterly,quarterly
2018-03-31,1. Crops (i+ii+iii) — growth,5.802355774411481,% YoY,sbp_gdp_quarterly,quarterly
2018-06-30,1. Crops (i+ii+iii) — growth,6.219507569875148,% YoY,sbp_gdp_quarterly,quarterly
2018-09-30,1. Crops (i+ii+iii) — growth,-4.124282556288733,% YoY,sbp_gdp_quarterly,quarterly
2018-12-31,1. Crops (i+ii+iii) — growth,-2.9907804747361695,% YoY,sbp_gdp_quarterly,quarterly
2019-03-31,1. Crops (i+ii+iii) — growth,-4.528588716798751,% YoY,sbp_gdp_quarterly,quarterly
2019-06-30,1. Crops (i+ii+iii) — growth,-6.230251785660897,% YoY,sbp_gdp_quarterly,quarterly
2019-09-30,1. Crops (i+ii+iii) — growth,5.330597737118907,% YoY,sbp_gdp_quarterly,quarterly
2019-12-31,1. Crops (i+ii+iii) — growth,7.845582804895471,% YoY,sbp_gdp_quarterly,quarterly
2020-03-31,1. Crops (i+ii+iii) — growth,8.478327378773614,% YoY,sbp_gdp_quarterly,quarterly
2020-06-30,1. Crops (i+ii+iii) — growth,3.292744424433309,% YoY,sbp_gdp_quarterly,quarterly
2020-09-30,1. Crops (i+ii+iii) — growth,5.990197199901573,% YoY,sbp_gdp_quarterly,quarterly
2020-12-31,1. Crops (i+ii+iii) — growth,6.622740180012457,% YoY,sbp_gdp_quarterly,quarterly
2021-03-31,1. Crops (i+ii+iii) — growth,7.837380991252843,% YoY,sbp_gdp_quarterly,quarterly
2021-06-30,1. Crops (i+ii+iii) — growth,2.52867330446432,% YoY,sbp_gdp_quarterly,quarterly
2021-09-30,1. Crops (i+ii+iii) — growth,9.988767724708694,% YoY,sbp_gdp_quarterly,quarterly
2021-12-31,1. Crops (i+ii+iii) — growth,4.146021357202102,% YoY,sbp_gdp_quarterly,quarterly
2022-03-31,1. Crops (i+ii+iii) — growth,9.662691134099305,% YoY,sbp_gdp_quarterly,quarterly
2022-06-30,1. Crops (i+ii+iii) — growth,10.33748143831059,% YoY,sbp_gdp_quarterly,quarterly
2022-09-30,1. Crops (i+ii+iii) — growth,-8.399104772403092,% YoY,sbp_gdp_quarterly,quarterly
2022-12-31,1. Crops (i+ii+iii) — growth,3.814796756387338,% YoY,sbp_gdp_quarterly,quarterly
2023-03-31,1. Crops (i+ii+iii) — growth,3.0968703898624597,% YoY,sbp_gdp_quarterly,quarterly
2023-06-30,1. Crops (i+ii+iii) — growth,-4.249915946772774,% YoY,sbp_gdp_quarterly,quarterly
2023-09-30,1. Crops (i+ii+iii) — growth,16.707508630157506,% YoY,sbp_gdp_quarterly,quarterly
2023-12-31,1. Crops (i+ii+iii) — growth,10.796917898027218,% YoY,sbp_gdp_quarterly,quarterly
2024-03-31,1. Crops (i+ii+iii) — growth,2.9561599124368314,% YoY,sbp_gdp_quarterly,quarterly
2024-06-30,1. Crops (i+ii+iii) — growth,13.913119472200734,% YoY,sbp_gdp_quarterly,quarterly
2024-09-30,1. Crops (i+ii+iii) — growth,-0.20065218381499506,% YoY,sbp_gdp_quarterly,quarterly
2024-12-31,1. Crops (i+ii+iii) — growth,-2.8450996093699104,% YoY,sbp_gdp_quarterly,quarterly
2025-03-31,1. Crops (i+ii+iii) — growth,1.770444766186884,% YoY,sbp_gdp_quarterly,quarterly
2025-06-30,1. Crops (i+ii+iii) — growth,-2.27146092585906,% YoY,sbp_gdp_quarterly,quarterly
2025-09-30,1. Crops (i+ii+iii) — growth,-0.36466931755133203,% YoY,sbp_gdp_quarterly,quarterly
2025-12-31,1. Crops (i+ii+iii) — growth,1.3687143274796085,% YoY,sbp_gdp_quarterly,quarterly
2026-03-31,1. Crops (i+ii+iii) — growth,1.8368026055119344,% YoY,sbp_gdp_quarterly,quarterly
2016-09-30,1. Mining & Quarrying — growth,-5.476356860004657,% YoY,sbp_gdp_quarterly,quarterly
2016-12-31,1. Mining & Quarrying — growth,-0.11953551912567661,% YoY,sbp_gdp_quarterly,quarterly
2017-03-31,1. Mining & Quarrying — growth,-0.19645908652337596,% YoY,sbp_gdp_quarterly,quarterly
2017-06-30,1. Mining & Quarrying — growth,2.209960829506514,% YoY,sbp_gdp_quarterly,quarterly
2017-09-30,1. Mining & Quarrying — growth,7.626481677715063,% YoY,sbp_gdp_quarterly,quarterly
2017-12-31,1. Mining & Quarrying — growth,7.951216732204941,% YoY,sbp_gdp_quarterly,quarterly
2018-03-31,1. Mining & Quarrying — growth,7.89479814568918,% YoY,sbp_gdp_quarterly,quarterly
2018-06-30,1. Mining & Quarrying — growth,5.595922783440585,% YoY,sbp_gdp_quarterly,quarterly
2018-09-30,1. Mining & Quarrying — growth,3.968918372023353,% YoY,sbp_gdp_quarterly,quarterly
2018-12-31,1. Mining & Quarrying — growth,-0.5570360944977324,% YoY,sbp_gdp_quarterly,quarterly
2019-03-31,1. Mining & Quarrying — growth,0.3149388574770171,% YoY,sbp_gdp_quarterly,quarterly
2019-06-30,1. Mining & Quarrying — growth,-1.3421384966338792,% YoY,sbp_gdp_quarterly,quarterly
2019-09-30,1. Mining & Quarrying — growth,-7.3620064067294635,% YoY,sbp_gdp_quarterly,quarterly
2019-12-31,1. Mining & Quarrying — growth,-4.736423121954331,% YoY,sbp_gdp_quarterly,quarterly
2020-03-31,1. Mining & Quarrying — growth,-2.313977351253314,% YoY,sbp_gdp_quarterly,quarterly
2020-06-30,1. Mining & Quarrying — growth,-14.405269750420771,% YoY,sbp_gdp_quarterly,quarterly
2020-09-30,1. Mining & Quarrying — growth,3.0340491034548336,% YoY,sbp_gdp_quarterly,quarterly
2020-12-31,1. Mining & Quarrying — growth,0.09306472735377724,% YoY,sbp_gdp_quarterly,quarterly
2021-03-31,1. Mining & Quarrying — growth,-2.946344472781149,% YoY,sbp_gdp_quarterly,quarterly
2021-06-30,1. Mining & Quarrying — growth,7.601185230596315,% YoY,sbp_gdp_quarterly,quarterly
2021-09-30,1. Mining & Quarrying — growth,3.7078483173936547,% YoY,sbp_gdp_quarterly,quarterly
2021-12-31,1. Mining & Quarrying — growth,-11.134556711132888,% YoY,sbp_gdp_quarterly,quarterly
2022-03-31,1. Mining & Quarrying — growth,-14.013212408767401,% YoY,sbp_gdp_quarterly,quarterly
2022-06-30,1. Mining & Quarrying — growth,-4.865962005258254,% YoY,sbp_gdp_quarterly,quarterly
2022-09-30,1. Mining & Quarrying — growth,-17.583291617998782,% YoY,sbp_gdp_quarterly,quarterly
2022-12-31,1. Mining & Quarrying — growth,-1.1258481452012035,% YoY,sbp_gdp_quarterly,quarterly
2023-03-31,1. Mining & Quarrying — growth,6.8584289834793,% YoY,sbp_gdp_quarterly,quarterly
2023-06-30,1. Mining & Quarrying — growth,1.218979650401124,% YoY,sbp_gdp_quarterly,quarterly
2023-09-30,1. Mining & Quarrying — growth,7.806879610195907,% YoY,sbp_gdp_quarterly,quarterly
2023-12-31,1. Mining & Quarrying — growth,-1.4295128504080594,% YoY,sbp_gdp_quarterly,quarterly
2024-03-31,1. Mining & Quarrying — growth,-5.403402142089462,% YoY,sbp_gdp_quarterly,quarterly
2024-06-30,1. Mining & Quarrying — growth,-9.795256761087686,% YoY,sbp_gdp_quarterly,quarterly
2024-09-30,1. Mining & Quarrying — growth,-5.824908447838737,% YoY,sbp_gdp_quarterly,quarterly
2024-12-31,1. Mining & Quarrying — growth,-2.9776292105939746,% YoY,sbp_gdp_quarterly,quarterly
2025-03-31,1. Mining & Quarrying — growth,-3.917727717923597,% YoY,sbp_gdp_quarterly,quarterly
2025-06-30,1. Mining & Quarrying — growth,-2.030623330304252,% YoY,sbp_gdp_quarterly,quarterly
2025-09-30,1. Mining & Quarrying — growth,-3.6898431268279808,% YoY,sbp_gdp_quarterly,quarterly
2025-12-31,1. Mining & Quarrying — growth,-2.535646135905864,% YoY,sbp_gdp_quarterly,quarterly
2026-03-31,1. Mining & Quarrying — growth,-2.5450220863064885,% YoY,sbp_gdp_quarterly,quarterly
2016-09-30,1. Wholesale & Retail Trade — growth,3.8637321897812456,% YoY,sbp_gdp_quarterly,quarterly
2016-12-31,1. Wholesale & Retail Trade — growth,5.729838422328768,% YoY,sbp_gdp_quarterly,quarterly
2017-03-31,1. Wholesale & Retail Trade — growth,8.432327116956856,% YoY,sbp_gdp_quarterly,quarterly
2017-06-30,1. Wholesale & Retail Trade — growth,7.5429723760762215,% YoY,sbp_gdp_quarterly,quarterly
2017-09-30,1. Wholesale & Retail Trade — growth,11.089323492869681,% YoY,sbp_gdp_quarterly,quarterly
2017-12-31,1. Wholesale & Retail Trade — growth,5.234177049707526,% YoY,sbp_gdp_quarterly,quarterly
2018-03-31,1. Wholesale & Retail Trade — growth,5.911150272376204,% YoY,sbp_gdp_quarterly,quarterly
2018-06-30,1. Wholesale & Retail Trade — growth,5.2281451725795876,% YoY,sbp_gdp_quarterly,quarterly
2018-09-30,1. Wholesale & Retail Trade — growth,1.638958598329225,% YoY,sbp_gdp_quarterly,quarterly
2018-12-31,1. Wholesale & Retail Trade — growth,3.754091902086685,% YoY,sbp_gdp_quarterly,quarterly
2019-03-31,1. Wholesale & Retail Trade — growth,2.3855933695791265,% YoY,sbp_gdp_quarterly,quarterly
2019-06-30,1. Wholesale & Retail Trade — growth,6.444329438416176,% YoY,sbp_gdp_quarterly,quarterly
2019-09-30,1. Wholesale & Retail Trade — growth,1.6480195266306055,% YoY,sbp_gdp_quarterly,quarterly
2019-12-31,1. Wholesale & Retail Trade — growth,1.3309076407340683,% YoY,sbp_gdp_quarterly,quarterly
2020-03-31,1. Wholesale & Retail Trade — growth,-3.5854732422981925,% YoY,sbp_gdp_quarterly,quarterly
2020-06-30,1. Wholesale & Retail Trade — growth,-19.792408090026086,% YoY,sbp_gdp_quarterly,quarterly
2020-09-30,1. Wholesale & Retail Trade — growth,1.5225219932979854,% YoY,sbp_gdp_quarterly,quarterly
2020-12-31,1. Wholesale & Retail Trade — growth,6.909828034512728,% YoY,sbp_gdp_quarterly,quarterly
2021-03-31,1. Wholesale & Retail Trade — growth,9.826011082123443,% YoY,sbp_gdp_quarterly,quarterly
2021-06-30,1. Wholesale & Retail Trade — growth,27.719183751483286,% YoY,sbp_gdp_quarterly,quarterly
2021-09-30,1. Wholesale & Retail Trade — growth,10.454747831515434,% YoY,sbp_gdp_quarterly,quarterly
2021-12-31,1. Wholesale & Retail Trade — growth,6.73458718464704,% YoY,sbp_gdp_quarterly,quarterly
2022-03-31,1. Wholesale & Retail Trade — growth,11.870515388630139,% YoY,sbp_gdp_quarterly,quarterly
2022-06-30,1. Wholesale & Retail Trade — growth,11.794152561373522,% YoY,sbp_gdp_quarterly,quarterly
2022-09-30,1. Wholesale & Retail Trade — growth,0.20212925578626084,% YoY,sbp_gdp_quarterly,quarterly
2022-12-31,1. Wholesale & Retail Trade — growth,0.6659973989254269,% YoY,sbp_gdp_quarterly,quarterly
2023-03-31,1. Wholesale & Retail Trade — growth,-6.419116770527751,% YoY,sbp_gdp_quarterly,quarterly
2023-06-30,1. Wholesale & Retail Trade — growth,-9.789103309852038,% YoY,sbp_gdp_quarterly,quarterly
2023-09-30,1. Wholesale & Retail Trade — growth,3.425279878689281,% YoY,sbp_gdp_quarterly,quarterly
2023-12-31,1. Wholesale & Retail Trade — growth,2.6097046559022488,% YoY,sbp_gdp_quarterly,quarterly
2024-03-31,1. Wholesale & Retail Trade — growth,2.7365577035407824,% YoY,sbp_gdp_quarterly,quarterly
2024-06-30,1. Wholesale & Retail Trade — growth,4.741787037537719,% YoY,sbp_gdp_quarterly,quarterly
2024-09-30,1. Wholesale & Retail Trade — growth,0.5963960229085785,% YoY,sbp_gdp_quarterly,quarterly
2024-12-31,1. Wholesale & Retail Trade — growth,-0.9291775300439866,% YoY,sbp_gdp_quarterly,quarterly
2025-03-31,1. Wholesale & Retail Trade — growth,-0.18626749476310067,% YoY,sbp_gdp_quarterly,quarterly
2025-06-30,1. Wholesale & Retail Trade — growth,2.598073857728849,% YoY,sbp_gdp_quarterly,quarterly
2025-09-30,1. Wholesale & Retail Trade — growth,3.124834806441214,% YoY,sbp_gdp_quarterly,quarterly
2025-12-31,1. Wholesale & Retail Trade — growth,4.663701027155938,% YoY,sbp_gdp_quarterly,quarterly
2026-03-31,1. Wholesale & Retail Trade — growth,4.132968728831159,% YoY,sbp_gdp_quarterly,quarterly
2016-09-30,10. Other Private Services — growth,6.847037844627806,% YoY,sbp_gdp_quarterly,quarterly
2016-12-31,10. Other Private Services — growth,6.645689159190098,% YoY,sbp_gdp_quarterly,quarterly
2017-03-31,10. Other Private Services — growth,7.832130116366471,% YoY,sbp_gdp_quarterly,quarterly
2017-06-30,10. Other Private Services — growth,8.100889874167223,% YoY,sbp_gdp_quarterly,quarterly
2017-09-30,10. Other Private Services — growth,8.24444063298047,% YoY,sbp_gdp_quarterly,quarterly
2017-12-31,10. Other Private Services — growth,7.671762093162911,% YoY,sbp_gdp_quarterly,quarterly
2018-03-31,10. Other Private Services — growth,7.315221408974338,% YoY,sbp_gdp_quarterly,quarterly
2018-06-30,10. Other Private Services — growth,7.334678254924313,% YoY,sbp_gdp_quarterly,quarterly
2018-09-30,10. Other Private Services — growth,6.621936925713243,% YoY,sbp_gdp_quarterly,quarterly
2018-12-31,10. Other Private Services — growth,6.681049236487951,% YoY,sbp_gdp_quarterly,quarterly
2019-03-31,10. Other Private Services — growth,6.0182890753216896,% YoY,sbp_gdp_quarterly,quarterly
2019-06-30,10. Other Private Services — growth,5.405882323557094,% YoY,sbp_gdp_quarterly,quarterly
2019-09-30,10. Other Private Services — growth,6.087523607580664,% YoY,sbp_gdp_quarterly,quarterly
2019-12-31,10. Other Private Services — growth,4.815357885428611,% YoY,sbp_gdp_quarterly,quarterly
2020-03-31,10. Other Private Services — growth,4.498716546309026,% YoY,sbp_gdp_quarterly,quarterly
2020-06-30,10. Other Private Services — growth,4.6501265191623276,% YoY,sbp_gdp_quarterly,quarterly
2020-09-30,10. Other Private Services — growth,4.6592733900574785,% YoY,sbp_gdp_quarterly,quarterly
2020-12-31,10. Other Private Services — growth,5.436266760747216,% YoY,sbp_gdp_quarterly,quarterly
2021-03-31,10. Other Private Services — growth,5.005674006911363,% YoY,sbp_gdp_quarterly,quarterly
2021-06-30,10. Other Private Services — growth,5.13276878340767,% YoY,sbp_gdp_quarterly,quarterly
2021-09-30,10. Other Private Services — growth,4.603950998612419,% YoY,sbp_gdp_quarterly,quarterly
2021-12-31,10. Other Private Services — growth,4.499790800727865,% YoY,sbp_gdp_quarterly,quarterly
2022-03-31,10. Other Private Services — growth,5.141946462323517,% YoY,sbp_gdp_quarterly,quarterly
2022-06-30,10. Other Private Services — growth,4.666985262266962,% YoY,sbp_gdp_quarterly,quarterly
2022-09-30,10. Other Private Services — growth,4.561509471770208,% YoY,sbp_gdp_quarterly,quarterly
2022-12-31,10. Other Private Services — growth,4.289300200590219,% YoY,sbp_gdp_quarterly,quarterly
2023-03-31,10. Other Private Services — growth,4.17484617909534,% YoY,sbp_gdp_quarterly,quarterly
2023-06-30,10. Other Private Services — growth,3.8795434145052923,% YoY,sbp_gdp_quarterly,quarterly
2023-09-30,10. Other Private Services — growth,3.757018190610765,% YoY,sbp_gdp_quarterly,quarterly
2023-12-31,10. Other Private Services — growth,3.720497969659718,% YoY,sbp_gdp_quarterly,quarterly
2024-03-31,10. Other Private Services — growth,3.3564066046856738,% YoY,sbp_gdp_quarterly,quarterly
2024-06-30,10. Other Private Services — growth,3.7164749313237593,% YoY,sbp_gdp_quarterly,quarterly
2024-09-30,10. Other Private Services — growth,4.015625179133295,% YoY,sbp_gdp_quarterly,quarterly
2024-12-31,10. Other Private Services — growth,4.069976157109352,% YoY,sbp_gdp_quarterly,quarterly
2025-03-31,10. Other Private Services — growth,3.9045270556469234,% YoY,sbp_gdp_quarterly,quarterly
2025-06-30,10. Other Private Services — growth,3.4035692342061026,% YoY,sbp_gdp_quarterly,quarterly
2025-09-30,10. Other Private Services — growth,3.15658784162747,% YoY,sbp_gdp_quarterly,quarterly
2025-12-31,10. Other Private Services — growth,3.243782032167857,% YoY,sbp_gdp_quarterly,quarterly
2026-03-31,10. Other Private Services — growth,3.346067640637955,% YoY,sbp_gdp_quarterly,quarterly
2016-09-30,2. Livestock — growth,2.2462404280172024,% YoY,sbp_gdp_quarterly,quarterly
2016-12-31,2. Livestock — growth,2.863911086808585,% YoY,sbp_gdp_quarterly,quarterly
2017-03-31,2. Livestock — growth,3.7010879727520773,% YoY,sbp_gdp_quarterly,quarterly
2017-06-30,2. Livestock — growth,2.7903318182546712,% YoY,sbp_gdp_quarterly,quarterly
2017-09-30,2. Livestock — growth,3.2030878793019184,% YoY,sbp_gdp_quarterly,quarterly
2017-12-31,2. Livestock — growth,5.244510823456935,% YoY,sbp_gdp_quarterly,quarterly
2018-03-31,2. Livestock — growth,3.0549792778827367,% YoY,sbp_gdp_quarterly,quarterly
2018-06-30,2. Livestock — growth,3.162066279201369,% YoY,sbp_gdp_quarterly,quarterly
2018-09-30,2. Livestock — growth,3.22364279971832,% YoY,sbp_gdp_quarterly,quarterly
2018-12-31,2. Livestock — growth,3.972685645118929,% YoY,sbp_gdp_quarterly,quarterly
2019-03-31,2. Livestock — growth,3.8796946088009037,% YoY,sbp_gdp_quarterly,quarterly
2019-06-30,2. Livestock — growth,3.6010947704851617,% YoY,sbp_gdp_quarterly,quarterly
2019-09-30,2. Livestock — growth,2.6559692329287827,% YoY,sbp_gdp_quarterly,quarterly
2019-12-31,2. Livestock — growth,2.3708979484250676,% YoY,sbp_gdp_quarterly,quarterly
2020-03-31,2. Livestock — growth,2.7302447292093746,% YoY,sbp_gdp_quarterly,quarterly
2020-06-30,2. Livestock — growth,3.350387177569843,% YoY,sbp_gdp_quarterly,quarterly
2020-09-30,2. Livestock — growth,2.486535523721443,% YoY,sbp_gdp_quarterly,quarterly
2020-12-31,2. Livestock — growth,1.5531112738248254,% YoY,sbp_gdp_quarterly,quarterly
2021-03-31,2. Livestock — growth,2.8351691674969572,% YoY,sbp_gdp_quarterly,quarterly
2021-06-30,2. Livestock — growth,2.503152122918138,% YoY,sbp_gdp_quarterly,quarterly
2021-09-30,2. Livestock — growth,2.0374170862417884,% YoY,sbp_gdp_quarterly,quarterly
2021-12-31,2. Livestock — growth,3.805701377144672,% YoY,sbp_gdp_quarterly,quarterly
2022-03-31,2. Livestock — growth,1.6441031049479875,% YoY,sbp_gdp_quarterly,quarterly
2022-06-30,2. Livestock — growth,1.782727255173583,% YoY,sbp_gdp_quarterly,quarterly
2022-09-30,2. Livestock — growth,4.136250133570286,% YoY,sbp_gdp_quarterly,quarterly
2022-12-31,2. Livestock — growth,2.5244883939854077,% YoY,sbp_gdp_quarterly,quarterly
2023-03-31,2. Livestock — growth,3.9024078827450523,% YoY,sbp_gdp_quarterly,quarterly
2023-06-30,2. Livestock — growth,4.054846880522206,% YoY,sbp_gdp_quarterly,quarterly
2023-09-30,2. Livestock — growth,4.7478277658476316,% YoY,sbp_gdp_quarterly,quarterly
2023-12-31,2. Livestock — growth,2.8737766741087114,% YoY,sbp_gdp_quarterly,quarterly
2024-03-31,2. Livestock — growth,4.880451709270432,% YoY,sbp_gdp_quarterly,quarterly
2024-06-30,2. Livestock — growth,4.774046301516947,% YoY,sbp_gdp_quarterly,quarterly
2024-09-30,2. Livestock — growth,1.8452745773984702,% YoY,sbp_gdp_quarterly,quarterly
2024-12-31,2. Livestock — growth,5.300256183873444,% YoY,sbp_gdp_quarterly,quarterly
2025-03-31,2. Livestock — growth,2.6747067458553886,% YoY,sbp_gdp_quarterly,quarterly
2025-06-30,2. Livestock — growth,2.4335447647208213,% YoY,sbp_gdp_quarterly,quarterly
2025-09-30,2. Livestock — growth,4.671856915680934,% YoY,sbp_gdp_quarterly,quarterly
2025-12-31,2. Livestock — growth,3.6840023397278827,% YoY,sbp_gdp_quarterly,quarterly
2026-03-31,2. Livestock — growth,3.697776926653745,% YoY,sbp_gdp_quarterly,quarterly
2016-09-30,2. Manufacturing (i+ii+iii) — growth,1.4438575524585957,% YoY,sbp_gdp_quarterly,quarterly
2016-12-31,2. Manufacturing (i+ii+iii) — growth,5.087557511271186,% YoY,sbp_gdp_quarterly,quarterly
2017-03-31,2. Manufacturing (i+ii+iii) — growth,6.235024566962764,% YoY,sbp_gdp_quarterly,quarterly
2017-06-30,2. Manufacturing (i+ii+iii) — growth,6.446779778235268,% YoY,sbp_gdp_quarterly,quarterly
2017-09-30,2. Manufacturing (i+ii+iii) — growth,11.087275381780472,% YoY,sbp_gdp_quarterly,quarterly
2017-12-31,2. Manufacturing (i+ii+iii) — growth,5.749450554505685,% YoY,sbp_gdp_quarterly,quarterly
2018-03-31,2. Manufacturing (i+ii+iii) — growth,6.520575617299102,% YoY,sbp_gdp_quarterly,quarterly
2018-06-30,2. Manufacturing (i+ii+iii) — growth,5.323653488208095,% YoY,sbp_gdp_quarterly,quarterly
2018-09-30,2. Manufacturing (i+ii+iii) — growth,2.5941531051455513,% YoY,sbp_gdp_quarterly,quarterly
2018-12-31,2. Manufacturing (i+ii+iii) — growth,4.798322847201902,% YoY,sbp_gdp_quarterly,quarterly
2019-03-31,2. Manufacturing (i+ii+iii) — growth,3.4795152553229087,% YoY,sbp_gdp_quarterly,quarterly
2019-06-30,2. Manufacturing (i+ii+iii) — growth,7.24117344808181,% YoY,sbp_gdp_quarterly,quarterly
2019-09-30,2. Manufacturing (i+ii+iii) — growth,0.427072899608433,% YoY,sbp_gdp_quarterly,quarterly
2019-12-31,2. Manufacturing (i+ii+iii) — growth,-0.9896610556646976,% YoY,sbp_gdp_quarterly,quarterly
2020-03-31,2. Manufacturing (i+ii+iii) — growth,-6.856087298888923,% YoY,sbp_gdp_quarterly,quarterly
2020-06-30,2. Manufacturing (i+ii+iii) — growth,-22.871452552837496,% YoY,sbp_gdp_quarterly,quarterly
2020-09-30,2. Manufacturing (i+ii+iii) — growth,-0.307684368477922,% YoY,sbp_gdp_quarterly,quarterly
2020-12-31,2. Manufacturing (i+ii+iii) — growth,6.134057017301103,% YoY,sbp_gdp_quarterly,quarterly
2021-03-31,2. Manufacturing (i+ii+iii) — growth,9.34843644830923,% YoY,sbp_gdp_quarterly,quarterly
2021-06-30,2. Manufacturing (i+ii+iii) — growth,30.385234471293984,% YoY,sbp_gdp_quarterly,quarterly
2021-09-30,2. Manufacturing (i+ii+iii) — growth,9.636829689143767,% YoY,sbp_gdp_quarterly,quarterly
2021-12-31,2. Manufacturing (i+ii+iii) — growth,6.200591475378346,% YoY,sbp_gdp_quarterly,quarterly
2022-03-31,2. Manufacturing (i+ii+iii) — growth,13.838952050598664,% YoY,sbp_gdp_quarterly,quarterly
2022-06-30,2. Manufacturing (i+ii+iii) — growth,13.44458489697071,% YoY,sbp_gdp_quarterly,quarterly
2022-09-30,2. Manufacturing (i+ii+iii) — growth,1.2213030150544597,% YoY,sbp_gdp_quarterly,quarterly
2022-12-31,2. Manufacturing (i+ii+iii) — growth,0.7654338789669026,% YoY,sbp_gdp_quarterly,quarterly
2023-03-31,2. Manufacturing (i+ii+iii) — growth,-9.175182329310744,% YoY,sbp_gdp_quarterly,quarterly
2023-06-30,2. Manufacturing (i+ii+iii) — growth,-12.454741834675929,% YoY,sbp_gdp_quarterly,quarterly
2023-09-30,2. Manufacturing (i+ii+iii) — growth,1.899278376754765,% YoY,sbp_gdp_quarterly,quarterly
2023-12-31,2. Manufacturing (i+ii+iii) — growth,1.7042141660059968,% YoY,sbp_gdp_quarterly,quarterly
2024-03-31,2. Manufacturing (i+ii+iii) — growth,3.1993813676302665,% YoY,sbp_gdp_quarterly,quarterly
2024-06-30,2. Manufacturing (i+ii+iii) — growth,5.433387392393271,% YoY,sbp_gdp_quarterly,quarterly
2024-09-30,2. Manufacturing (i+ii+iii) — growth,1.9245575425617147,% YoY,sbp_gdp_quarterly,quarterly
2024-12-31,2. Manufacturing (i+ii+iii) — growth,0.6001461653933831,% YoY,sbp_gdp_quarterly,quarterly
2025-03-31,2. Manufacturing (i+ii+iii) — growth,0.9407283914530922,% YoY,sbp_gdp_quarterly,quarterly
2025-06-30,2. Manufacturing (i+ii+iii) — growth,4.5122165952031565,% YoY,sbp_gdp_quarterly,quarterly
2025-09-30,2. Manufacturing (i+ii+iii) — growth,5.083145974641724,% YoY,sbp_gdp_quarterly,quarterly
2025-12-31,2. Manufacturing (i+ii+iii) — growth,6.265561575682128,% YoY,sbp_gdp_quarterly,quarterly
2026-03-31,2. Manufacturing (i+ii+iii) — growth,8.94257718757055,% YoY,sbp_gdp_quarterly,quarterly
2016-09-30,2. Transport& Storage — growth,4.129363442350666,% YoY,sbp_gdp_quarterly,quarterly
2016-12-31,2. Transport& Storage — growth,2.3754362665430193,% YoY,sbp_gdp_quarterly,quarterly
2017-03-31,2. Transport& Storage — growth,3.528188765889695,% YoY,sbp_gdp_quarterly,quarterly
2017-06-30,2. Transport& Storage — growth,6.295431873840755,% YoY,sbp_gdp_quarterly,quarterly
2017-09-30,2. Transport& Storage — growth,4.740463572033704,% YoY,sbp_gdp_quarterly,quarterly
2017-12-31,2. Transport& Storage — growth,5.530885227052877,% YoY,sbp_gdp_quarterly,quarterly
2018-03-31,2. Transport& Storage — growth,2.785498174924129,% YoY,sbp_gdp_quarterly,quarterly
2018-06-30,2. Transport& Storage — growth,0.2745531351679773,% YoY,sbp_gdp_quarterly,quarterly
2018-09-30,2. Transport& Storage — growth,-0.35517917445909575,% YoY,sbp_gdp_quarterly,quarterly
2018-12-31,2. Transport& Storage — growth,3.1214271206099937,% YoY,sbp_gdp_quarterly,quarterly
2019-03-31,2. Transport& Storage — growth,12.118590148611787,% YoY,sbp_gdp_quarterly,quarterly
2019-06-30,2. Transport& Storage — growth,15.77738489390606,% YoY,sbp_gdp_quarterly,quarterly
2019-09-30,2. Transport& Storage — growth,5.845349795185626,% YoY,sbp_gdp_quarterly,quarterly
2019-12-31,2. Transport& Storage — growth,-5.362990097747712,% YoY,sbp_gdp_quarterly,quarterly
2020-03-31,2. Transport& Storage — growth,-14.389168690008361,% YoY,sbp_gdp_quarterly,quarterly
2020-06-30,2. Transport& Storage — growth,-19.71853097240684,% YoY,sbp_gdp_quarterly,quarterly
2020-09-30,2. Transport& Storage — growth,-6.847772218176274,% YoY,sbp_gdp_quarterly,quarterly
2020-12-31,2. Transport& Storage — growth,4.8848750804632175,% YoY,sbp_gdp_quarterly,quarterly
2021-03-31,2. Transport& Storage — growth,8.942315903679017,% YoY,sbp_gdp_quarterly,quarterly
2021-06-30,2. Transport& Storage — growth,14.048944923065903,% YoY,sbp_gdp_quarterly,quarterly
2021-09-30,2. Transport& Storage — growth,8.39927245993401,% YoY,sbp_gdp_quarterly,quarterly
2021-12-31,2. Transport& Storage — growth,3.9063937836696994,% YoY,sbp_gdp_quarterly,quarterly
2022-03-31,2. Transport& Storage — growth,2.8340207590737805,% YoY,sbp_gdp_quarterly,quarterly
2022-06-30,2. Transport& Storage — growth,2.908882854938284,% YoY,sbp_gdp_quarterly,quarterly
2022-09-30,2. Transport& Storage — growth,3.6167044767475716,% YoY,sbp_gdp_quarterly,quarterly
2022-12-31,2. Transport& Storage — growth,4.469780794399796,% YoY,sbp_gdp_quarterly,quarterly
2023-03-31,2. Transport& Storage — growth,5.265890318503509,% YoY,sbp_gdp_quarterly,quarterly
2023-06-30,2. Transport& Storage — growth,1.851560253966042,% YoY,sbp_gdp_quarterly,quarterly
2023-09-30,2. Transport& Storage — growth,3.5940054775246892,% YoY,sbp_gdp_quarterly,quarterly
2023-12-31,2. Transport& Storage — growth,0.9146481699518176,% YoY,sbp_gdp_quarterly,quarterly
2024-03-31,2. Transport& Storage — growth,1.3769048646038868,% YoY,sbp_gdp_quarterly,quarterly
2024-06-30,2. Transport& Storage — growth,0.7158074894999089,% YoY,sbp_gdp_quarterly,quarterly
2024-09-30,2. Transport& Storage — growth,2.3768227808352833,% YoY,sbp_gdp_quarterly,quarterly
2024-12-31,2. Transport& Storage — growth,2.6171678058283874,% YoY,sbp_gdp_quarterly,quarterly
2025-03-31,2. Transport& Storage — growth,1.7056373144636012,% YoY,sbp_gdp_quarterly,quarterly
2025-06-30,2. Transport& Storage — growth,3.493627182857267,% YoY,sbp_gdp_quarterly,quarterly
2025-09-30,2. Transport& Storage — growth,1.9681246742800909,% YoY,sbp_gdp_quarterly,quarterly
2025-12-31,2. Transport& Storage — growth,2.088268809053602,% YoY,sbp_gdp_quarterly,quarterly
2026-03-31,2. Transport& Storage — growth,2.0197912553617527,% YoY,sbp_gdp_quarterly,quarterly
2016-09-30,3. Accomodation and Food Services Activities (Hotels & Restaurants) — growth,3.104544934970633,% YoY,sbp_gdp_quarterly,quarterly
2016-12-31,3. Accomodation and Food Services Activities (Hotels & Restaurants) — growth,3.968676661097774,% YoY,sbp_gdp_quarterly,quarterly
2017-03-31,3. Accomodation and Food Services Activities (Hotels & Restaurants) — growth,4.450633370579979,% YoY,sbp_gdp_quarterly,quarterly
2017-06-30,3. Accomodation and Food Services Activities (Hotels & Restaurants) — growth,4.5529970758645675,% YoY,sbp_gdp_quarterly,quarterly
2017-09-30,3. Accomodation and Food Services Activities (Hotels & Restaurants) — growth,4.285129918731471,% YoY,sbp_gdp_quarterly,quarterly
2017-12-31,3. Accomodation and Food Services Activities (Hotels & Restaurants) — growth,4.10682945499434,% YoY,sbp_gdp_quarterly,quarterly
2018-03-31,3. Accomodation and Food Services Activities (Hotels & Restaurants) — growth,4.014791923236615,% YoY,sbp_gdp_quarterly,quarterly
2018-06-30,3. Accomodation and Food Services Activities (Hotels & Restaurants) — growth,4.0061242906627115,% YoY,sbp_gdp_quarterly,quarterly
2018-09-30,3. Accomodation and Food Services Activities (Hotels & Restaurants) — growth,4.078307857953263,% YoY,sbp_gdp_quarterly,quarterly
2018-12-31,3. Accomodation and Food Services Activities (Hotels & Restaurants) — growth,4.122761988300553,% YoY,sbp_gdp_quarterly,quarterly
2019-03-31,3. Accomodation and Food Services Activities (Hotels & Restaurants) — growth,4.140248571614194,% YoY,sbp_gdp_quarterly,quarterly
2019-06-30,3. Accomodation and Food Services Activities (Hotels & Restaurants) — growth,4.131543449656917,% YoY,sbp_gdp_quarterly,quarterly
2019-09-30,3. Accomodation and Food Services Activities (Hotels & Restaurants) — growth,4.097433686946033,% YoY,sbp_gdp_quarterly,quarterly
2019-12-31,3. Accomodation and Food Services Activities (Hotels & Restaurants) — growth,4.077442802973778,% YoY,sbp_gdp_quarterly,quarterly
2020-03-31,3. Accomodation and Food Services Activities (Hotels & Restaurants) — growth,4.071148030157985,% YoY,sbp_gdp_quarterly,quarterly
2020-06-30,3. Accomodation and Food Services Activities (Hotels & Restaurants) — growth,4.078141779083836,% YoY,sbp_gdp_quarterly,quarterly
2020-09-30,3. Accomodation and Food Services Activities (Hotels & Restaurants) — growth,4.098030970799499,% YoY,sbp_gdp_quarterly,quarterly
2020-12-31,3. Accomodation and Food Services Activities (Hotels & Restaurants) — growth,4.108359953223072,% YoY,sbp_gdp_quarterly,quarterly
2021-03-31,3. Accomodation and Food Services Activities (Hotels & Restaurants) — growth,4.109405840244975,% YoY,sbp_gdp_quarterly,quarterly
2021-06-30,3. Accomodation and Food Services Activities (Hotels & Restaurants) — growth,4.101443013453149,% YoY,sbp_gdp_quarterly,quarterly
2021-09-30,3. Accomodation and Food Services Activities (Hotels & Restaurants) — growth,4.084742859324919,% YoY,sbp_gdp_quarterly,quarterly
2021-12-31,3. Accomodation and Food Services Activities (Hotels & Restaurants) — growth,4.074822203972445,% YoY,sbp_gdp_quarterly,quarterly
2022-03-31,3. Accomodation and Food Services Activities (Hotels & Restaurants) — growth,4.07148111207627,% YoY,sbp_gdp_quarterly,quarterly
2022-06-30,3. Accomodation and Food Services Activities (Hotels & Restaurants) — growth,4.0745251739973725,% YoY,sbp_gdp_quarterly,quarterly
2022-09-30,3. Accomodation and Food Services Activities (Hotels & Restaurants) — growth,4.083765350181693,% YoY,sbp_gdp_quarterly,quarterly
2022-12-31,3. Accomodation and Food Services Activities (Hotels & Restaurants) — growth,4.089153729192745,% YoY,sbp_gdp_quarterly,quarterly
2023-03-31,3. Accomodation and Food Services Activities (Hotels & Restaurants) — growth,4.090801882511116,% YoY,sbp_gdp_quarterly,quarterly
2023-06-30,3. Accomodation and Food Services Activities (Hotels & Restaurants) — growth,4.088819712807435,% YoY,sbp_gdp_quarterly,quarterly
2023-09-30,3. Accomodation and Food Services Activities (Hotels & Restaurants) — growth,4.083315404421327,% YoY,sbp_gdp_quarterly,quarterly
2023-12-31,3. Accomodation and Food Services Activities (Hotels & Restaurants) — growth,4.085937141532,% YoY,sbp_gdp_quarterly,quarterly
2024-03-31,3. Accomodation and Food Services Activities (Hotels & Restaurants) — growth,4.096443487045917,% YoY,sbp_gdp_quarterly,quarterly
2024-06-30,3. Accomodation and Food Services Activities (Hotels & Restaurants) — growth,4.114598432900166,% YoY,sbp_gdp_quarterly,quarterly
2024-09-30,3. Accomodation and Food Services Activities (Hotels & Restaurants) — growth,4.14017133527112,% YoY,sbp_gdp_quarterly,quarterly
2024-12-31,3. Accomodation and Food Services Activities (Hotels & Restaurants) — growth,4.1247147267689,% YoY,sbp_gdp_quarterly,quarterly
2025-03-31,3. Accomodation and Food Services Activities (Hotels & Restaurants) — growth,4.069454683399499,% YoY,sbp_gdp_quarterly,quarterly
2025-06-30,3. Accomodation and Food Services Activities (Hotels & Restaurants) — growth,3.975607316396008,% YoY,sbp_gdp_quarterly,quarterly
2025-09-30,3. Accomodation and Food Services Activities (Hotels & Restaurants) — growth,3.8443773234384366,% YoY,sbp_gdp_quarterly,quarterly
2025-12-31,3. Accomodation and Food Services Activities (Hotels & Restaurants) — growth,3.831550217916387,% YoY,sbp_gdp_quarterly,quarterly
2026-03-31,3. Accomodation and Food Services Activities (Hotels & Restaurants) — growth,3.9336508512076875,% YoY,sbp_gdp_quarterly,quarterly
2016-09-30,"3. Electricity, gas and water supply — growth",7.826218501938854,% YoY,sbp_gdp_quarterly,quarterly
2016-12-31,"3. Electricity, gas and water supply — growth",7.767438564361441,% YoY,sbp_gdp_quarterly,quarterly
2017-03-31,"3. Electricity, gas and water supply — growth",-0.08545721765894143,% YoY,sbp_gdp_quarterly,quarterly
2017-06-30,"3. Electricity, gas and water supply — growth",-10.186085320597982,% YoY,sbp_gdp_quarterly,quarterly
2017-09-30,"3. Electricity, gas and water supply — growth",-2.9248000354331225,% YoY,sbp_gdp_quarterly,quarterly
2017-12-31,"3. Electricity, gas and water supply — growth",-23.80039011479188,% YoY,sbp_gdp_quarterly,quarterly
2018-03-31,"3. Electricity, gas and water supply — growth",-13.947286016962252,% YoY,sbp_gdp_quarterly,quarterly
2018-06-30,"3. Electricity, gas and water supply — growth",73.71011281164095,% YoY,sbp_gdp_quarterly,quarterly
2018-09-30,"3. Electricity, gas and water supply — growth",16.355955557510484,% YoY,sbp_gdp_quarterly,quarterly
2018-12-31,"3. Electricity, gas and water supply — growth",37.76275556213474,% YoY,sbp_gdp_quarterly,quarterly
2019-03-31,"3. Electricity, gas and water supply — growth",19.39165387443407,% YoY,sbp_gdp_quarterly,quarterly
2019-06-30,"3. Electricity, gas and water supply — growth",-22.827351111620374,% YoY,sbp_gdp_quarterly,quarterly
2019-09-30,"3. Electricity, gas and water supply — growth",9.426685725001562,% YoY,sbp_gdp_quarterly,quarterly
2019-12-31,"3. Electricity, gas and water supply — growth",-0.17717780177207487,% YoY,sbp_gdp_quarterly,quarterly
2020-03-31,"3. Electricity, gas and water supply — growth",9.567458100423039,% YoY,sbp_gdp_quarterly,quarterly
2020-06-30,"3. Electricity, gas and water supply — growth",-5.398304350380442,% YoY,sbp_gdp_quarterly,quarterly
2020-09-30,"3. Electricity, gas and water supply — growth",-0.4476344904205547,% YoY,sbp_gdp_quarterly,quarterly
2020-12-31,"3. Electricity, gas and water supply — growth",22.777559528948174,% YoY,sbp_gdp_quarterly,quarterly
2021-03-31,"3. Electricity, gas and water supply — growth",0.7230228902520963,% YoY,sbp_gdp_quarterly,quarterly
2021-06-30,"3. Electricity, gas and water supply — growth",18.89938493102467,% YoY,sbp_gdp_quarterly,quarterly
2021-09-30,"3. Electricity, gas and water supply — growth",10.784194840850645,% YoY,sbp_gdp_quarterly,quarterly
2021-12-31,"3. Electricity, gas and water supply — growth",-12.970283898931413,% YoY,sbp_gdp_quarterly,quarterly
2022-03-31,"3. Electricity, gas and water supply — growth",-0.5052235078897809,% YoY,sbp_gdp_quarterly,quarterly
2022-06-30,"3. Electricity, gas and water supply — growth",13.670522868193544,% YoY,sbp_gdp_quarterly,quarterly
2022-09-30,"3. Electricity, gas and water supply — growth",6.013760048332713,% YoY,sbp_gdp_quarterly,quarterly
2022-12-31,"3. Electricity, gas and water supply — growth",22.73581773812468,% YoY,sbp_gdp_quarterly,quarterly
2023-03-31,"3. Electricity, gas and water supply — growth",-1.8081740498259222,% YoY,sbp_gdp_quarterly,quarterly
2023-06-30,"3. Electricity, gas and water supply — growth",12.978193841025586,% YoY,sbp_gdp_quarterly,quarterly
2023-09-30,"3. Electricity, gas and water supply — growth",-31.67662692407208,% YoY,sbp_gdp_quarterly,quarterly
2023-12-31,"3. Electricity, gas and water supply — growth",-9.794086102150217,% YoY,sbp_gdp_quarterly,quarterly
2024-03-31,"3. Electricity, gas and water supply — growth",27.100883045876344,% YoY,sbp_gdp_quarterly,quarterly
2024-06-30,"3. Electricity, gas and water supply — growth",-32.19127055748514,% YoY,sbp_gdp_quarterly,quarterly
2024-09-30,"3. Electricity, gas and water supply — growth",0.29597047019984757,% YoY,sbp_gdp_quarterly,quarterly
2024-12-31,"3. Electricity, gas and water supply — growth",3.7804784303489924,% YoY,sbp_gdp_quarterly,quarterly
2025-03-31,"3. Electricity, gas and water supply — growth",-10.937272962709926,% YoY,sbp_gdp_quarterly,quarterly
2025-06-30,"3. Electricity, gas and water supply — growth",124.93811735868161,% YoY,sbp_gdp_quarterly,quarterly
2025-09-30,"3. Electricity, gas and water supply — growth",21.37982794324236,% YoY,sbp_gdp_quarterly,quarterly
2025-12-31,"3. Electricity, gas and water supply — growth",16.979976803442057,% YoY,sbp_gdp_quarterly,quarterly
2026-03-31,"3. Electricity, gas and water supply — growth",-13.527365514004671,% YoY,sbp_gdp_quarterly,quarterly
2016-09-30,3. Forestry — growth,-2.919501327886863,% YoY,sbp_gdp_quarterly,quarterly
2016-12-31,3. Forestry — growth,-3.3862868990589163,% YoY,sbp_gdp_quarterly,quarterly
2017-03-31,3. Forestry — growth,-3.149987884386775,% YoY,sbp_gdp_quarterly,quarterly
2017-06-30,3. Forestry — growth,-2.195962234827519,% YoY,sbp_gdp_quarterly,quarterly
2017-09-30,3. Forestry — growth,-0.4961770574758333,% YoY,sbp_gdp_quarterly,quarterly
2017-12-31,3. Forestry — growth,1.2926766385639326,% YoY,sbp_gdp_quarterly,quarterly
2018-03-31,3. Forestry — growth,3.149263514067499,% YoY,sbp_gdp_quarterly,quarterly
2018-06-30,3. Forestry — growth,5.049997314740068,% YoY,sbp_gdp_quarterly,quarterly
2018-09-30,3. Forestry — growth,6.970025376176807,% YoY,sbp_gdp_quarterly,quarterly
2018-12-31,3. Forestry — growth,7.826542487323124,% YoY,sbp_gdp_quarterly,quarterly
2019-03-31,3. Forestry — growth,7.63886418596212,% YoY,sbp_gdp_quarterly,quarterly
2019-06-30,3. Forestry — growth,6.454554452695135,% YoY,sbp_gdp_quarterly,quarterly
2019-09-30,3. Forestry — growth,4.345282341475581,% YoY,sbp_gdp_quarterly,quarterly
2019-12-31,3. Forestry — growth,3.141118830075513,% YoY,sbp_gdp_quarterly,quarterly
2020-03-31,3. Forestry — growth,2.776958881844976,% YoY,sbp_gdp_quarterly,quarterly
2020-06-30,3. Forestry — growth,3.2153935454445985,% YoY,sbp_gdp_quarterly,quarterly
2020-09-30,3. Forestry — growth,4.443186317468289,% YoY,sbp_gdp_quarterly,quarterly
2020-12-31,3. Forestry — growth,4.489433324804423,% YoY,sbp_gdp_quarterly,quarterly
2021-03-31,3. Forestry — growth,3.376259958110907,% YoY,sbp_gdp_quarterly,quarterly
2021-06-30,3. Forestry — growth,1.146042973684544,% YoY,sbp_gdp_quarterly,quarterly
2021-09-30,3. Forestry — growth,-2.140772702380218,% YoY,sbp_gdp_quarterly,quarterly
2021-12-31,3. Forestry — growth,-2.2962646068509684,% YoY,sbp_gdp_quarterly,quarterly
2022-03-31,3. Forestry — growth,0.6112388653944549,% YoY,sbp_gdp_quarterly,quarterly
2022-06-30,3. Forestry — growth,6.664974122748092,% YoY,sbp_gdp_quarterly,quarterly
2022-09-30,3. Forestry — growth,16.107674445131266,% YoY,sbp_gdp_quarterly,quarterly
2022-12-31,3. Forestry — growth,20.46089414232935,% YoY,sbp_gdp_quarterly,quarterly
2023-03-31,3. Forestry — growth,19.508639616323293,% YoY,sbp_gdp_quarterly,quarterly
2023-06-30,3. Forestry — growth,13.73168074103377,% YoY,sbp_gdp_quarterly,quarterly
2023-09-30,3. Forestry — growth,4.1251818389160775,% YoY,sbp_gdp_quarterly,quarterly
2023-12-31,3. Forestry — growth,-1.4106779746329892,% YoY,sbp_gdp_quarterly,quarterly
2024-03-31,3. Forestry — growth,-3.7094139125104135,% YoY,sbp_gdp_quarterly,quarterly
2024-06-30,3. Forestry — growth,-3.1059646318217204,% YoY,sbp_gdp_quarterly,quarterly
2024-09-30,3. Forestry — growth,0.4424329835504466,% YoY,sbp_gdp_quarterly,quarterly
2024-12-31,3. Forestry — growth,2.8870111753276575,% YoY,sbp_gdp_quarterly,quarterly
2025-03-31,3. Forestry — growth,4.118525794729223,% YoY,sbp_gdp_quarterly,quarterly
2025-06-30,3. Forestry — growth,4.090692233590289,% YoY,sbp_gdp_quarterly,quarterly
2025-09-30,3. Forestry — growth,2.825419754833817,% YoY,sbp_gdp_quarterly,quarterly
2025-12-31,3. Forestry — growth,2.01018601630318,% YoY,sbp_gdp_quarterly,quarterly
2026-03-31,3. Forestry — growth,1.6224343121046871,% YoY,sbp_gdp_quarterly,quarterly
2016-09-30,4. Construction — growth,12.989658667194703,% YoY,sbp_gdp_quarterly,quarterly
2016-12-31,4. Construction — growth,5.236266978244103,% YoY,sbp_gdp_quarterly,quarterly
2017-03-31,4. Construction — growth,13.469701132855434,% YoY,sbp_gdp_quarterly,quarterly
2017-06-30,4. Construction — growth,9.232833896607588,% YoY,sbp_gdp_quarterly,quarterly
2017-09-30,4. Construction — growth,18.196305667543157,% YoY,sbp_gdp_quarterly,quarterly
2017-12-31,4. Construction — growth,41.55418898697536,% YoY,sbp_gdp_quarterly,quarterly
2018-03-31,4. Construction — growth,21.281275380675254,% YoY,sbp_gdp_quarterly,quarterly
2018-06-30,4. Construction — growth,-1.8554834299937255,% YoY,sbp_gdp_quarterly,quarterly
2018-09-30,4. Construction — growth,10.004858351626126,% YoY,sbp_gdp_quarterly,quarterly
2018-12-31,4. Construction — growth,-33.428833322426584,% YoY,sbp_gdp_quarterly,quarterly
2019-03-31,4. Construction — growth,-34.29720332349602,% YoY,sbp_gdp_quarterly,quarterly
2019-06-30,4. Construction — growth,-7.162204648407311,% YoY,sbp_gdp_quarterly,quarterly
2019-09-30,4. Construction — growth,-19.869418831860457,% YoY,sbp_gdp_quarterly,quarterly
2019-12-31,4. Construction — growth,18.58280808279362,% YoY,sbp_gdp_quarterly,quarterly
2020-03-31,4. Construction — growth,27.71360927784758,% YoY,sbp_gdp_quarterly,quarterly
2020-06-30,4. Construction — growth,-30.962124690426393,% YoY,sbp_gdp_quarterly,quarterly
2020-09-30,4. Construction — growth,2.2592397006429508,% YoY,sbp_gdp_quarterly,quarterly
2020-12-31,4. Construction — growth,-4.415805084146044,% YoY,sbp_gdp_quarterly,quarterly
2021-03-31,4. Construction — growth,-11.924515067962673,% YoY,sbp_gdp_quarterly,quarterly
2021-06-30,4. Construction — growth,38.7335881871428,% YoY,sbp_gdp_quarterly,quarterly
2021-09-30,4. Construction — growth,-9.368057237459183,% YoY,sbp_gdp_quarterly,quarterly
2021-12-31,4. Construction — growth,6.79831548811913,% YoY,sbp_gdp_quarterly,quarterly
2022-03-31,4. Construction — growth,0.49670626183531397,% YoY,sbp_gdp_quarterly,quarterly
2022-06-30,4. Construction — growth,10.093669678902245,% YoY,sbp_gdp_quarterly,quarterly
2022-09-30,4. Construction — growth,-5.315925519877638,% YoY,sbp_gdp_quarterly,quarterly
2022-12-31,4. Construction — growth,-6.811182719432892,% YoY,sbp_gdp_quarterly,quarterly
2023-03-31,4. Construction — growth,-6.946406894497059,% YoY,sbp_gdp_quarterly,quarterly
2023-06-30,4. Construction — growth,-21.962054175803516,% YoY,sbp_gdp_quarterly,quarterly
2023-09-30,4. Construction — growth,3.4871077297707274,% YoY,sbp_gdp_quarterly,quarterly
2023-12-31,4. Construction — growth,-5.618168821751794,% YoY,sbp_gdp_quarterly,quarterly
2024-03-31,4. Construction — growth,-5.225626130960947,% YoY,sbp_gdp_quarterly,quarterly
2024-06-30,4. Construction — growth,4.596371496601705,% YoY,sbp_gdp_quarterly,quarterly
2024-09-30,4. Construction — growth,-3.64213587782956,% YoY,sbp_gdp_quarterly,quarterly
2024-12-31,4. Construction — growth,8.041701086690466,% YoY,sbp_gdp_quarterly,quarterly
2025-03-31,4. Construction — growth,14.274459002440594,% YoY,sbp_gdp_quarterly,quarterly
2025-06-30,4. Construction — growth,17.478530603207474,% YoY,sbp_gdp_quarterly,quarterly
2025-09-30,4. Construction — growth,15.931039058245759,% YoY,sbp_gdp_quarterly,quarterly
2025-12-31,4. Construction — growth,6.418434350747603,% YoY,sbp_gdp_quarterly,quarterly
2026-03-31,4. Construction — growth,0.48132400149152943,% YoY,sbp_gdp_quarterly,quarterly
2016-09-30,4. Fishing — growth,1.1563553729860416,% YoY,sbp_gdp_quarterly,quarterly
2016-12-31,4. Fishing — growth,1.2121108987162614,% YoY,sbp_gdp_quarterly,quarterly
2017-03-31,4. Fishing — growth,1.1982423671477846,% YoY,sbp_gdp_quarterly,quarterly
2017-06-30,4. Fishing — growth,1.265595818296191,% YoY,sbp_gdp_quarterly,quarterly
2017-09-30,4. Fishing — growth,1.4154403951139187,% YoY,sbp_gdp_quarterly,quarterly
2017-12-31,4. Fishing — growth,1.614322555737587,% YoY,sbp_gdp_quarterly,quarterly
2018-03-31,4. Fishing — growth,1.4971778848050121,% YoY,sbp_gdp_quarterly,quarterly
2018-06-30,4. Fishing — growth,1.6564041653766282,% YoY,sbp_gdp_quarterly,quarterly
2018-09-30,4. Fishing — growth,0.7478413120273899,% YoY,sbp_gdp_quarterly,quarterly
2018-12-31,4. Fishing — growth,0.8119275870138694,% YoY,sbp_gdp_quarterly,quarterly
2019-03-31,4. Fishing — growth,0.7252254575838606,% YoY,sbp_gdp_quarterly,quarterly
2019-06-30,4. Fishing — growth,0.781264141516516,% YoY,sbp_gdp_quarterly,quarterly
2019-09-30,4. Fishing — growth,0.688961991035697,% YoY,sbp_gdp_quarterly,quarterly
2019-12-31,4. Fishing — growth,0.6091858894598374,% YoY,sbp_gdp_quarterly,quarterly
2020-03-31,4. Fishing — growth,0.6498763153496441,% YoY,sbp_gdp_quarterly,quarterly
2020-06-30,4. Fishing — growth,0.5949884256017697,% YoY,sbp_gdp_quarterly,quarterly
2020-09-30,4. Fishing — growth,0.6990507318431156,% YoY,sbp_gdp_quarterly,quarterly
2020-12-31,4. Fishing — growth,0.731003550048186,% YoY,sbp_gdp_quarterly,quarterly
2021-03-31,4. Fishing — growth,0.7295445580777482,% YoY,sbp_gdp_quarterly,quarterly
2021-06-30,4. Fishing — growth,0.7542511461499117,% YoY,sbp_gdp_quarterly,quarterly
2021-09-30,4. Fishing — growth,0.36363648711379426,% YoY,sbp_gdp_quarterly,quarterly
2021-12-31,4. Fishing — growth,0.3713819559445284,% YoY,sbp_gdp_quarterly,quarterly
2022-03-31,4. Fishing — growth,0.34127607013078887,% YoY,sbp_gdp_quarterly,quarterly
2022-06-30,4. Fishing — growth,0.32537236432312966,% YoY,sbp_gdp_quarterly,quarterly
2022-09-30,4. Fishing — growth,0.5419303498764236,% YoY,sbp_gdp_quarterly,quarterly
2022-12-31,4. Fishing — growth,0.5679590838031885,% YoY,sbp_gdp_quarterly,quarterly
2023-03-31,4. Fishing — growth,0.5822985999112404,% YoY,sbp_gdp_quarterly,quarterly
2023-06-30,4. Fishing — growth,0.6705404172993923,% YoY,sbp_gdp_quarterly,quarterly
2023-09-30,4. Fishing — growth,0.8530365432794156,% YoY,sbp_gdp_quarterly,quarterly
2023-12-31,4. Fishing — growth,0.9691961792973558,% YoY,sbp_gdp_quarterly,quarterly
2024-03-31,4. Fishing — growth,0.9042110359960702,% YoY,sbp_gdp_quarterly,quarterly
2024-06-30,4. Fishing — growth,1.0740196561729078,% YoY,sbp_gdp_quarterly,quarterly
2024-09-30,4. Fishing — growth,0.054381043690639785,% YoY,sbp_gdp_quarterly,quarterly
2024-12-31,4. Fishing — growth,2.0123776235074047,% YoY,sbp_gdp_quarterly,quarterly
2025-03-31,4. Fishing — growth,0.4831624749413379,% YoY,sbp_gdp_quarterly,quarterly
2025-06-30,4. Fishing — growth,2.1536408959370874,% YoY,sbp_gdp_quarterly,quarterly
2025-09-30,4. Fishing — growth,2.4523085332096173,% YoY,sbp_gdp_quarterly,quarterly
2025-12-31,4. Fishing — growth,1.4732480714335878,% YoY,sbp_gdp_quarterly,quarterly
2026-03-31,4. Fishing — growth,1.373654395039452,% YoY,sbp_gdp_quarterly,quarterly
2016-09-30,4. Information and Communication — growth,7.464758481672291,% YoY,sbp_gdp_quarterly,quarterly
2016-12-31,4. Information and Communication — growth,7.775903245988957,% YoY,sbp_gdp_quarterly,quarterly
2017-03-31,4. Information and Communication — growth,9.793514734178089,% YoY,sbp_gdp_quarterly,quarterly
2017-06-30,4. Information and Communication — growth,16.79068741749454,% YoY,sbp_gdp_quarterly,quarterly
2017-09-30,4. Information and Communication — growth,11.957387630085648,% YoY,sbp_gdp_quarterly,quarterly
2017-12-31,4. Information and Communication — growth,7.991341860209332,% YoY,sbp_gdp_quarterly,quarterly
2018-03-31,4. Information and Communication — growth,2.434255533336966,% YoY,sbp_gdp_quarterly,quarterly
2018-06-30,4. Information and Communication — growth,-4.447556946078748,% YoY,sbp_gdp_quarterly,quarterly
2018-09-30,4. Information and Communication — growth,3.4068233570608584,% YoY,sbp_gdp_quarterly,quarterly
2018-12-31,4. Information and Communication — growth,3.0171569704170054,% YoY,sbp_gdp_quarterly,quarterly
2019-03-31,4. Information and Communication — growth,10.975052073923706,% YoY,sbp_gdp_quarterly,quarterly
2019-06-30,4. Information and Communication — growth,16.848016452932455,% YoY,sbp_gdp_quarterly,quarterly
2019-09-30,4. Information and Communication — growth,6.022721201762394,% YoY,sbp_gdp_quarterly,quarterly
2019-12-31,4. Information and Communication — growth,20.947398918344746,% YoY,sbp_gdp_quarterly,quarterly
2020-03-31,4. Information and Communication — growth,21.101364432971167,% YoY,sbp_gdp_quarterly,quarterly
2020-06-30,4. Information and Communication — growth,7.555662183808138,% YoY,sbp_gdp_quarterly,quarterly
2020-09-30,4. Information and Communication — growth,16.6671446930317,% YoY,sbp_gdp_quarterly,quarterly
2020-12-31,4. Information and Communication — growth,7.47253531224537,% YoY,sbp_gdp_quarterly,quarterly
2021-03-31,4. Information and Communication — growth,2.863789183747812,% YoY,sbp_gdp_quarterly,quarterly
2021-06-30,4. Information and Communication — growth,13.472698134849324,% YoY,sbp_gdp_quarterly,quarterly
2021-09-30,4. Information and Communication — growth,17.229496290431797,% YoY,sbp_gdp_quarterly,quarterly
2021-12-31,4. Information and Communication — growth,20.116571470964658,% YoY,sbp_gdp_quarterly,quarterly
2022-03-31,4. Information and Communication — growth,19.041322296266756,% YoY,sbp_gdp_quarterly,quarterly
2022-06-30,4. Information and Communication — growth,15.545373477730706,% YoY,sbp_gdp_quarterly,quarterly
2022-09-30,4. Information and Communication — growth,4.375433946702927,% YoY,sbp_gdp_quarterly,quarterly
2022-12-31,4. Information and Communication — growth,1.6430240393779059,% YoY,sbp_gdp_quarterly,quarterly
2023-03-31,4. Information and Communication — growth,-6.170795340701545,% YoY,sbp_gdp_quarterly,quarterly
2023-06-30,4. Information and Communication — growth,-2.0230040286238165,% YoY,sbp_gdp_quarterly,quarterly
2023-09-30,4. Information and Communication — growth,3.52615755035292,% YoY,sbp_gdp_quarterly,quarterly
2023-12-31,4. Information and Communication — growth,4.252601074358225,% YoY,sbp_gdp_quarterly,quarterly
2024-03-31,4. Information and Communication — growth,4.285199432403644,% YoY,sbp_gdp_quarterly,quarterly
2024-06-30,4. Information and Communication — growth,5.26569869229985,% YoY,sbp_gdp_quarterly,quarterly
2024-09-30,4. Information and Communication — growth,-0.5746360413716189,% YoY,sbp_gdp_quarterly,quarterly
2024-12-31,4. Information and Communication — growth,12.100657527973084,% YoY,sbp_gdp_quarterly,quarterly
2025-03-31,4. Information and Communication — growth,10.208507943703339,% YoY,sbp_gdp_quarterly,quarterly
2025-06-30,4. Information and Communication — growth,6.379224158150436,% YoY,sbp_gdp_quarterly,quarterly
2025-09-30,4. Information and Communication — growth,-7.628234405378393,% YoY,sbp_gdp_quarterly,quarterly
2025-12-31,4. Information and Communication — growth,-1.2735674683834048,% YoY,sbp_gdp_quarterly,quarterly
2026-03-31,4. Information and Communication — growth,9.775572693467296,% YoY,sbp_gdp_quarterly,quarterly
2016-09-30,5. Finance & Insurance Activities — growth,9.988871275500983,% YoY,sbp_gdp_quarterly,quarterly
2016-12-31,5. Finance & Insurance Activities — growth,6.422522959469859,% YoY,sbp_gdp_quarterly,quarterly
2017-03-31,5. Finance & Insurance Activities — growth,8.038147240977949,% YoY,sbp_gdp_quarterly,quarterly
2017-06-30,5. Finance & Insurance Activities — growth,8.580882526444,% YoY,sbp_gdp_quarterly,quarterly
2017-09-30,5. Finance & Insurance Activities — growth,7.989165512037474,% YoY,sbp_gdp_quarterly,quarterly
2017-12-31,5. Finance & Insurance Activities — growth,11.144243302528707,% YoY,sbp_gdp_quarterly,quarterly
2018-03-31,5. Finance & Insurance Activities — growth,10.441453950919396,% YoY,sbp_gdp_quarterly,quarterly
2018-06-30,5. Finance & Insurance Activities — growth,5.526404180834945,% YoY,sbp_gdp_quarterly,quarterly
2018-09-30,5. Finance & Insurance Activities — growth,5.961307872034567,% YoY,sbp_gdp_quarterly,quarterly
2018-12-31,5. Finance & Insurance Activities — growth,6.195329083088154,% YoY,sbp_gdp_quarterly,quarterly
2019-03-31,5. Finance & Insurance Activities — growth,5.339217774250798,% YoY,sbp_gdp_quarterly,quarterly
2019-06-30,5. Finance & Insurance Activities — growth,6.921916227810399,% YoY,sbp_gdp_quarterly,quarterly
2019-09-30,5. Finance & Insurance Activities — growth,-1.255289934615277,% YoY,sbp_gdp_quarterly,quarterly
2019-12-31,5. Finance & Insurance Activities — growth,-4.487677418297679,% YoY,sbp_gdp_quarterly,quarterly
2020-03-31,5. Finance & Insurance Activities — growth,-2.5437160991440493,% YoY,sbp_gdp_quarterly,quarterly
2020-06-30,5. Finance & Insurance Activities — growth,-0.5395702530569366,% YoY,sbp_gdp_quarterly,quarterly
2020-09-30,5. Finance & Insurance Activities — growth,6.782754580607971,% YoY,sbp_gdp_quarterly,quarterly
2020-12-31,5. Finance & Insurance Activities — growth,5.451359259690605,% YoY,sbp_gdp_quarterly,quarterly
2021-03-31,5. Finance & Insurance Activities — growth,3.360538632877393,% YoY,sbp_gdp_quarterly,quarterly
2021-06-30,5. Finance & Insurance Activities — growth,6.450562612227344,% YoY,sbp_gdp_quarterly,quarterly
2021-09-30,5. Finance & Insurance Activities — growth,7.375979656448806,% YoY,sbp_gdp_quarterly,quarterly
2021-12-31,5. Finance & Insurance Activities — growth,6.916324906693887,% YoY,sbp_gdp_quarterly,quarterly
2022-03-31,5. Finance & Insurance Activities — growth,5.802518075917803,% YoY,sbp_gdp_quarterly,quarterly
2022-06-30,5. Finance & Insurance Activities — growth,7.5618524198423955,% YoY,sbp_gdp_quarterly,quarterly
2022-09-30,5. Finance & Insurance Activities — growth,-0.7125508077753722,% YoY,sbp_gdp_quarterly,quarterly
2022-12-31,5. Finance & Insurance Activities — growth,-4.251893173318521,% YoY,sbp_gdp_quarterly,quarterly
2023-03-31,5. Finance & Insurance Activities — growth,-13.588740112073737,% YoY,sbp_gdp_quarterly,quarterly
2023-06-30,5. Finance & Insurance Activities — growth,-19.773540726522157,% YoY,sbp_gdp_quarterly,quarterly
2023-09-30,5. Finance & Insurance Activities — growth,-15.551303992899136,% YoY,sbp_gdp_quarterly,quarterly
2023-12-31,5. Finance & Insurance Activities — growth,-20.463595294635553,% YoY,sbp_gdp_quarterly,quarterly
2024-03-31,5. Finance & Insurance Activities — growth,-9.59183487422007,% YoY,sbp_gdp_quarterly,quarterly
2024-06-30,5. Finance & Insurance Activities — growth,-5.733089535465467,% YoY,sbp_gdp_quarterly,quarterly
2024-09-30,5. Finance & Insurance Activities — growth,-0.7327390201597268,% YoY,sbp_gdp_quarterly,quarterly
2024-12-31,5. Finance & Insurance Activities — growth,14.271574449627764,% YoY,sbp_gdp_quarterly,quarterly
2025-03-31,5. Finance & Insurance Activities — growth,12.39107098910786,% YoY,sbp_gdp_quarterly,quarterly
2025-06-30,5. Finance & Insurance Activities — growth,11.123010215640036,% YoY,sbp_gdp_quarterly,quarterly
2025-09-30,5. Finance & Insurance Activities — growth,6.688553380876655,% YoY,sbp_gdp_quarterly,quarterly
2025-12-31,5. Finance & Insurance Activities — growth,2.937655770822971,% YoY,sbp_gdp_quarterly,quarterly
2026-03-31,5. Finance & Insurance Activities — growth,2.8995276619707084,% YoY,sbp_gdp_quarterly,quarterly
2016-09-30,6. Real Estate Activities (Ownership of Dwellings) — growth,2.838039628436647,% YoY,sbp_gdp_quarterly,quarterly
2016-12-31,6. Real Estate Activities (Ownership of Dwellings) — growth,3.6169335239473384,% YoY,sbp_gdp_quarterly,quarterly
2017-03-31,6. Real Estate Activities (Ownership of Dwellings) — growth,4.035938009589785,% YoY,sbp_gdp_quarterly,quarterly
2017-06-30,6. Real Estate Activities (Ownership of Dwellings) — growth,4.0975710375142,% YoY,sbp_gdp_quarterly,quarterly
2017-09-30,6. Real Estate Activities (Ownership of Dwellings) — growth,3.8101985376194847,% YoY,sbp_gdp_quarterly,quarterly
2017-12-31,6. Real Estate Activities (Ownership of Dwellings) — growth,3.6198283268927156,% YoY,sbp_gdp_quarterly,quarterly
2018-03-31,6. Real Estate Activities (Ownership of Dwellings) — growth,3.52314562044738,% YoY,sbp_gdp_quarterly,quarterly
2018-06-30,6. Real Estate Activities (Ownership of Dwellings) — growth,3.517296649177169,% YoY,sbp_gdp_quarterly,quarterly
2018-09-30,6. Real Estate Activities (Ownership of Dwellings) — growth,3.599850195329182,% YoY,sbp_gdp_quarterly,quarterly
2018-12-31,6. Real Estate Activities (Ownership of Dwellings) — growth,3.673523932060135,% YoY,sbp_gdp_quarterly,quarterly
2019-03-31,6. Real Estate Activities (Ownership of Dwellings) — growth,3.7384818322716598,% YoY,sbp_gdp_quarterly,quarterly
2019-06-30,6. Real Estate Activities (Ownership of Dwellings) — growth,3.7948965292230525,% YoY,sbp_gdp_quarterly,quarterly
2019-09-30,6. Real Estate Activities (Ownership of Dwellings) — growth,3.842948480670799,% YoY,sbp_gdp_quarterly,quarterly
2019-12-31,6. Real Estate Activities (Ownership of Dwellings) — growth,3.8564427870900033,% YoY,sbp_gdp_quarterly,quarterly
2020-03-31,6. Real Estate Activities (Ownership of Dwellings) — growth,3.836317388374468,% YoY,sbp_gdp_quarterly,quarterly
2020-06-30,6. Real Estate Activities (Ownership of Dwellings) — growth,3.783516408910941,% YoY,sbp_gdp_quarterly,quarterly
2020-09-30,6. Real Estate Activities (Ownership of Dwellings) — growth,3.6989879981655633,% YoY,sbp_gdp_quarterly,quarterly
2020-12-31,6. Real Estate Activities (Ownership of Dwellings) — growth,3.6455500425769145,% YoY,sbp_gdp_quarterly,quarterly
2021-03-31,6. Real Estate Activities (Ownership of Dwellings) — growth,3.622320226120479,% YoY,sbp_gdp_quarterly,quarterly
2021-06-30,6. Real Estate Activities (Ownership of Dwellings) — growth,3.628469731949366,% YoY,sbp_gdp_quarterly,quarterly
2021-09-30,6. Real Estate Activities (Ownership of Dwellings) — growth,3.6632198743487834,% YoY,sbp_gdp_quarterly,quarterly
2021-12-31,6. Real Estate Activities (Ownership of Dwellings) — growth,3.689405338721926,% YoY,sbp_gdp_quarterly,quarterly
2022-03-31,6. Real Estate Activities (Ownership of Dwellings) — growth,3.7072381597653674,% YoY,sbp_gdp_quarterly,quarterly
2022-06-30,6. Real Estate Activities (Ownership of Dwellings) — growth,3.716931055521357,% YoY,sbp_gdp_quarterly,quarterly
2022-09-30,6. Real Estate Activities (Ownership of Dwellings) — growth,3.718697056462503,% YoY,sbp_gdp_quarterly,quarterly
2022-12-31,6. Real Estate Activities (Ownership of Dwellings) — growth,3.7192018007357888,% YoY,sbp_gdp_quarterly,quarterly
2023-03-31,6. Real Estate Activities (Ownership of Dwellings) — growth,3.7184792024707747,% YoY,sbp_gdp_quarterly,quarterly
2023-06-30,6. Real Estate Activities (Ownership of Dwellings) — growth,3.716562596257546,% YoY,sbp_gdp_quarterly,quarterly
2023-09-30,6. Real Estate Activities (Ownership of Dwellings) — growth,3.7134847344753013,% YoY,sbp_gdp_quarterly,quarterly
2023-12-31,6. Real Estate Activities (Ownership of Dwellings) — growth,3.7209351273014732,% YoY,sbp_gdp_quarterly,quarterly
2024-03-31,6. Real Estate Activities (Ownership of Dwellings) — growth,3.738627739413758,% YoY,sbp_gdp_quarterly,quarterly
2024-06-30,6. Real Estate Activities (Ownership of Dwellings) — growth,3.766282194150179,% YoY,sbp_gdp_quarterly,quarterly
2024-09-30,6. Real Estate Activities (Ownership of Dwellings) — growth,3.8036237288608703,% YoY,sbp_gdp_quarterly,quarterly
2024-12-31,6. Real Estate Activities (Ownership of Dwellings) — growth,3.798984994800165,% YoY,sbp_gdp_quarterly,quarterly
2025-03-31,6. Real Estate Activities (Ownership of Dwellings) — growth,3.753510936528741,% YoY,sbp_gdp_quarterly,quarterly
2025-06-30,6. Real Estate Activities (Ownership of Dwellings) — growth,3.6683475180370806,% YoY,sbp_gdp_quarterly,quarterly
2025-09-30,6. Real Estate Activities (Ownership of Dwellings) — growth,3.544639703886162,% YoY,sbp_gdp_quarterly,quarterly
2025-12-31,6. Real Estate Activities (Ownership of Dwellings) — growth,3.530275137267182,% YoY,sbp_gdp_quarterly,quarterly
2026-03-31,6. Real Estate Activities (Ownership of Dwellings) — growth,3.6222816735299546,% YoY,sbp_gdp_quarterly,quarterly
2016-09-30,7. Public Administration and Social Security (General Government) — growth,5.615201896841597,% YoY,sbp_gdp_quarterly,quarterly
2016-12-31,7. Public Administration and Social Security (General Government) — growth,5.797509304539034,% YoY,sbp_gdp_quarterly,quarterly
2017-03-31,7. Public Administration and Social Security (General Government) — growth,6.113362173995185,% YoY,sbp_gdp_quarterly,quarterly
2017-06-30,7. Public Administration and Social Security (General Government) — growth,7.005103837295579,% YoY,sbp_gdp_quarterly,quarterly
2017-09-30,7. Public Administration and Social Security (General Government) — growth,14.375783042541784,% YoY,sbp_gdp_quarterly,quarterly
2017-12-31,7. Public Administration and Social Security (General Government) — growth,13.048075915105613,% YoY,sbp_gdp_quarterly,quarterly
2018-03-31,7. Public Administration and Social Security (General Government) — growth,11.10685935365008,% YoY,sbp_gdp_quarterly,quarterly
2018-06-30,7. Public Administration and Social Security (General Government) — growth,5.386288695588036,% YoY,sbp_gdp_quarterly,quarterly
2018-09-30,7. Public Administration and Social Security (General Government) — growth,4.984801801452377,% YoY,sbp_gdp_quarterly,quarterly
2018-12-31,7. Public Administration and Social Security (General Government) — growth,1.3367320308258996,% YoY,sbp_gdp_quarterly,quarterly
2019-03-31,7. Public Administration and Social Security (General Government) — growth,1.3621876597992326,% YoY,sbp_gdp_quarterly,quarterly
2019-06-30,7. Public Administration and Social Security (General Government) — growth,6.374766091990097,% YoY,sbp_gdp_quarterly,quarterly
2019-09-30,7. Public Administration and Social Security (General Government) — growth,-1.1990841525522171,% YoY,sbp_gdp_quarterly,quarterly
2019-12-31,7. Public Administration and Social Security (General Government) — growth,3.447641520651999,% YoY,sbp_gdp_quarterly,quarterly
2020-03-31,7. Public Administration and Social Security (General Government) — growth,5.026481922528262,% YoY,sbp_gdp_quarterly,quarterly
2020-06-30,7. Public Administration and Social Security (General Government) — growth,4.821142992814487,% YoY,sbp_gdp_quarterly,quarterly
2020-09-30,7. Public Administration and Social Security (General Government) — growth,2.6157546895524035,% YoY,sbp_gdp_quarterly,quarterly
2020-12-31,7. Public Administration and Social Security (General Government) — growth,-1.3716210724114717,% YoY,sbp_gdp_quarterly,quarterly
2021-03-31,7. Public Administration and Social Security (General Government) — growth,-2.1180469907426556,% YoY,sbp_gdp_quarterly,quarterly
2021-06-30,7. Public Administration and Social Security (General Government) — growth,-1.2090077204112362,% YoY,sbp_gdp_quarterly,quarterly
2021-09-30,7. Public Administration and Social Security (General Government) — growth,0.7330296032029224,% YoY,sbp_gdp_quarterly,quarterly
2021-12-31,7. Public Administration and Social Security (General Government) — growth,2.9487275074322667,% YoY,sbp_gdp_quarterly,quarterly
2022-03-31,7. Public Administration and Social Security (General Government) — growth,3.8523871991646246,% YoY,sbp_gdp_quarterly,quarterly
2022-06-30,7. Public Administration and Social Security (General Government) — growth,-0.2574356307907806,% YoY,sbp_gdp_quarterly,quarterly
2022-09-30,7. Public Administration and Social Security (General Government) — growth,-1.9444008226608815,% YoY,sbp_gdp_quarterly,quarterly
2022-12-31,7. Public Administration and Social Security (General Government) — growth,-4.0160399819225745,% YoY,sbp_gdp_quarterly,quarterly
2023-03-31,7. Public Administration and Social Security (General Government) — growth,-9.986602399327253,% YoY,sbp_gdp_quarterly,quarterly
2023-06-30,7. Public Administration and Social Security (General Government) — growth,-12.104395182989094,% YoY,sbp_gdp_quarterly,quarterly
2023-09-30,7. Public Administration and Social Security (General Government) — growth,-9.666842508599714,% YoY,sbp_gdp_quarterly,quarterly
2023-12-31,7. Public Administration and Social Security (General Government) — growth,-10.212804119882819,% YoY,sbp_gdp_quarterly,quarterly
2024-03-31,7. Public Administration and Social Security (General Government) — growth,-7.397605088381141,% YoY,sbp_gdp_quarterly,quarterly
2024-06-30,7. Public Administration and Social Security (General Government) — growth,-0.03828368214867339,% YoY,sbp_gdp_quarterly,quarterly
2024-09-30,7. Public Administration and Social Security (General Government) — growth,3.1318828488937243,% YoY,sbp_gdp_quarterly,quarterly
2024-12-31,7. Public Administration and Social Security (General Government) — growth,7.687438222098592,% YoY,sbp_gdp_quarterly,quarterly
2025-03-31,7. Public Administration and Social Security (General Government) — growth,12.089383281485283,% YoY,sbp_gdp_quarterly,quarterly
2025-06-30,7. Public Administration and Social Security (General Government) — growth,11.625802324563011,% YoY,sbp_gdp_quarterly,quarterly
2025-09-30,7. Public Administration and Social Security (General Government) — growth,10.138428552849277,% YoY,sbp_gdp_quarterly,quarterly
2025-12-31,7. Public Administration and Social Security (General Government) — growth,10.121692570368197,% YoY,sbp_gdp_quarterly,quarterly
2026-03-31,7. Public Administration and Social Security (General Government) — growth,8.884194592195186,% YoY,sbp_gdp_quarterly,quarterly
2016-09-30,8. Education — growth,-2.225531226820749,% YoY,sbp_gdp_quarterly,quarterly
2016-12-31,8. Education — growth,-1.7883808611393874,% YoY,sbp_gdp_quarterly,quarterly
2017-03-31,8. Education — growth,-1.404299161665051,% YoY,sbp_gdp_quarterly,quarterly
2017-06-30,8. Education — growth,-0.8972279635380573,% YoY,sbp_gdp_quarterly,quarterly
2017-09-30,8. Education — growth,3.7922455502139627,% YoY,sbp_gdp_quarterly,quarterly
2017-12-31,8. Education — growth,3.8916648793645834,% YoY,sbp_gdp_quarterly,quarterly
2018-03-31,8. Education — growth,3.570334505344988,% YoY,sbp_gdp_quarterly,quarterly
2018-06-30,8. Education — growth,2.9438161022075775,% YoY,sbp_gdp_quarterly,quarterly
2018-09-30,8. Education — growth,2.1245857933237318,% YoY,sbp_gdp_quarterly,quarterly
2018-12-31,8. Education — growth,1.6531001332575386,% YoY,sbp_gdp_quarterly,quarterly
2019-03-31,8. Education — growth,1.723089187607016,% YoY,sbp_gdp_quarterly,quarterly
2019-06-30,8. Education — growth,2.3287370110284513,% YoY,sbp_gdp_quarterly,quarterly
2019-09-30,8. Education — growth,3.8664178851277597,% YoY,sbp_gdp_quarterly,quarterly
2019-12-31,8. Education — growth,4.088020466381792,% YoY,sbp_gdp_quarterly,quarterly
2020-03-31,8. Education — growth,3.4127359363585157,% YoY,sbp_gdp_quarterly,quarterly
2020-06-30,8. Education — growth,1.9421986667935727,% YoY,sbp_gdp_quarterly,quarterly
2020-09-30,8. Education — growth,-0.37291173872951333,% YoY,sbp_gdp_quarterly,quarterly
2020-12-31,8. Education — growth,-1.6197930268165806,% YoY,sbp_gdp_quarterly,quarterly
2021-03-31,8. Education — growth,-1.7854920727253187,% YoY,sbp_gdp_quarterly,quarterly
2021-06-30,8. Education — growth,-1.0108282890916627,% YoY,sbp_gdp_quarterly,quarterly
2021-09-30,8. Education — growth,4.390269807556507,% YoY,sbp_gdp_quarterly,quarterly
2021-12-31,8. Education — growth,5.782089876686868,% YoY,sbp_gdp_quarterly,quarterly
2022-03-31,8. Education — growth,6.553819490015371,% YoY,sbp_gdp_quarterly,quarterly
2022-06-30,8. Education — growth,6.629665394688573,% YoY,sbp_gdp_quarterly,quarterly
2022-09-30,8. Education — growth,5.937782381012909,% YoY,sbp_gdp_quarterly,quarterly
2022-12-31,8. Education — growth,5.651358642832321,% YoY,sbp_gdp_quarterly,quarterly
2023-03-31,8. Education — growth,5.615851763341965,% YoY,sbp_gdp_quarterly,quarterly
2023-06-30,8. Education — growth,5.722711951594931,% YoY,sbp_gdp_quarterly,quarterly
2023-09-30,8. Education — growth,9.715839695674603,% YoY,sbp_gdp_quarterly,quarterly
2023-12-31,8. Education — growth,9.941926644718095,% YoY,sbp_gdp_quarterly,quarterly
2024-03-31,8. Education — growth,10.280295864882348,% YoY,sbp_gdp_quarterly,quarterly
2024-06-30,8. Education — growth,10.29064349887365,% YoY,sbp_gdp_quarterly,quarterly
2024-09-30,8. Education — growth,3.9749705611838806,% YoY,sbp_gdp_quarterly,quarterly
2024-12-31,8. Education — growth,3.8360289081165178,% YoY,sbp_gdp_quarterly,quarterly
2025-03-31,8. Education — growth,3.4706819906465967,% YoY,sbp_gdp_quarterly,quarterly
2025-06-30,8. Education — growth,3.1034293282136076,% YoY,sbp_gdp_quarterly,quarterly
2025-09-30,8. Education — growth,4.660903943366762,% YoY,sbp_gdp_quarterly,quarterly
2025-12-31,8. Education — growth,4.393102988041051,% YoY,sbp_gdp_quarterly,quarterly
2026-03-31,8. Education — growth,4.13600883186551,% YoY,sbp_gdp_quarterly,quarterly
2016-09-30,9. Human Health and Social Work Activities — growth,11.171549914227,% YoY,sbp_gdp_quarterly,quarterly
2016-12-31,9. Human Health and Social Work Activities — growth,12.02021672799954,% YoY,sbp_gdp_quarterly,quarterly
2017-03-31,9. Human Health and Social Work Activities — growth,12.536925709916375,% YoY,sbp_gdp_quarterly,quarterly
2017-06-30,9. Human Health and Social Work Activities — growth,12.539765736510859,% YoY,sbp_gdp_quarterly,quarterly
2017-09-30,9. Human Health and Social Work Activities — growth,5.8093253794610575,% YoY,sbp_gdp_quarterly,quarterly
2017-12-31,9. Human Health and Social Work Activities — growth,5.692043943408962,% YoY,sbp_gdp_quarterly,quarterly
2018-03-31,9. Human Health and Social Work Activities — growth,5.640020376898363,% YoY,sbp_gdp_quarterly,quarterly
2018-06-30,9. Human Health and Social Work Activities — growth,5.636887002025716,% YoY,sbp_gdp_quarterly,quarterly
2018-09-30,9. Human Health and Social Work Activities — growth,7.8777613802969455,% YoY,sbp_gdp_quarterly,quarterly
2018-12-31,9. Human Health and Social Work Activities — growth,7.811788766716504,% YoY,sbp_gdp_quarterly,quarterly
2019-03-31,9. Human Health and Social Work Activities — growth,7.715406201526704,% YoY,sbp_gdp_quarterly,quarterly
2019-06-30,9. Human Health and Social Work Activities — growth,7.539138575382509,% YoY,sbp_gdp_quarterly,quarterly
2019-09-30,9. Human Health and Social Work Activities — growth,6.153921038173024,% YoY,sbp_gdp_quarterly,quarterly
2019-12-31,9. Human Health and Social Work Activities — growth,6.109582748185943,% YoY,sbp_gdp_quarterly,quarterly
2020-03-31,9. Human Health and Social Work Activities — growth,6.170284413823765,% YoY,sbp_gdp_quarterly,quarterly
2020-06-30,9. Human Health and Social Work Activities — growth,6.282989220890016,% YoY,sbp_gdp_quarterly,quarterly
2020-09-30,9. Human Health and Social Work Activities — growth,2.944818714461576,% YoY,sbp_gdp_quarterly,quarterly
2020-12-31,9. Human Health and Social Work Activities — growth,2.988153125942958,% YoY,sbp_gdp_quarterly,quarterly
2021-03-31,9. Human Health and Social Work Activities — growth,2.89598310909183,% YoY,sbp_gdp_quarterly,quarterly
2021-06-30,9. Human Health and Social Work Activities — growth,2.7821123604979903,% YoY,sbp_gdp_quarterly,quarterly
2021-09-30,9. Human Health and Social Work Activities — growth,2.0526329192391586,% YoY,sbp_gdp_quarterly,quarterly
2021-12-31,9. Human Health and Social Work Activities — growth,2.2135228356520145,% YoY,sbp_gdp_quarterly,quarterly
2022-03-31,9. Human Health and Social Work Activities — growth,2.7229529320822934,% YoY,sbp_gdp_quarterly,quarterly
2022-06-30,9. Human Health and Social Work Activities — growth,3.696446575014221,% YoY,sbp_gdp_quarterly,quarterly
2022-09-30,9. Human Health and Social Work Activities — growth,9.213246408863384,% YoY,sbp_gdp_quarterly,quarterly
2022-12-31,9. Human Health and Social Work Activities — growth,9.804487092686486,% YoY,sbp_gdp_quarterly,quarterly
2023-03-31,9. Human Health and Social Work Activities — growth,9.632864634994448,% YoY,sbp_gdp_quarterly,quarterly
2023-06-30,9. Human Health and Social Work Activities — growth,8.787091493939968,% YoY,sbp_gdp_quarterly,quarterly
2023-09-30,9. Human Health and Social Work Activities — growth,4.299352096956042,% YoY,sbp_gdp_quarterly,quarterly
2023-12-31,9. Human Health and Social Work Activities — growth,2.96435222904546,% YoY,sbp_gdp_quarterly,quarterly
2024-03-31,9. Human Health and Social Work Activities — growth,3.044503444713186,% YoY,sbp_gdp_quarterly,quarterly
2024-06-30,9. Human Health and Social Work Activities — growth,3.112973217244999,% YoY,sbp_gdp_quarterly,quarterly
2024-09-30,9. Human Health and Social Work Activities — growth,3.6453601814457244,% YoY,sbp_gdp_quarterly,quarterly
2024-12-31,9. Human Health and Social Work Activities — growth,3.9816529053312735,% YoY,sbp_gdp_quarterly,quarterly
2025-03-31,9. Human Health and Social Work Activities — growth,3.022089624971585,% YoY,sbp_gdp_quarterly,quarterly
2025-06-30,9. Human Health and Social Work Activities — growth,2.2451406826795335,% YoY,sbp_gdp_quarterly,quarterly
2025-09-30,9. Human Health and Social Work Activities — growth,4.387275518497333,% YoY,sbp_gdp_quarterly,quarterly
2025-12-31,9. Human Health and Social Work Activities — growth,4.09898064083572,% YoY,sbp_gdp_quarterly,quarterly
2026-03-31,9. Human Health and Social Work Activities — growth,4.069932724325653,% YoY,sbp_gdp_quarterly,quarterly
2016-09-30,Agriculture Sector (1 to 4) — growth,1.9459728419032984,% YoY,sbp_gdp_quarterly,quarterly
2016-12-31,Agriculture Sector (1 to 4) — growth,0.49266971633305445,% YoY,sbp_gdp_quarterly,quarterly
2017-03-31,Agriculture Sector (1 to 4) — growth,2.813571011764651,% YoY,sbp_gdp_quarterly,quarterly
2017-06-30,Agriculture Sector (1 to 4) — growth,3.643353382808897,% YoY,sbp_gdp_quarterly,quarterly
2017-09-30,Agriculture Sector (1 to 4) — growth,4.2784618030199795,% YoY,sbp_gdp_quarterly,quarterly
2017-12-31,Agriculture Sector (1 to 4) — growth,3.1795143701702386,% YoY,sbp_gdp_quarterly,quarterly
2018-03-31,Agriculture Sector (1 to 4) — growth,3.9081656193923777,% YoY,sbp_gdp_quarterly,quarterly
2018-06-30,Agriculture Sector (1 to 4) — growth,4.117346908782267,% YoY,sbp_gdp_quarterly,quarterly
2018-09-30,Agriculture Sector (1 to 4) — growth,0.880612469735425,% YoY,sbp_gdp_quarterly,quarterly
2018-12-31,Agriculture Sector (1 to 4) — growth,1.1632278921664039,% YoY,sbp_gdp_quarterly,quarterly
2019-03-31,Agriculture Sector (1 to 4) — growth,1.231435560386032,% YoY,sbp_gdp_quarterly,quarterly
2019-06-30,Agriculture Sector (1 to 4) — growth,0.5041295551907723,% YoY,sbp_gdp_quarterly,quarterly
2019-09-30,Agriculture Sector (1 to 4) — growth,3.4924050327623206,% YoY,sbp_gdp_quarterly,quarterly
2019-12-31,Agriculture Sector (1 to 4) — growth,4.481334023815592,% YoY,sbp_gdp_quarterly,quarterly
2020-03-31,Agriculture Sector (1 to 4) — growth,4.452037461734122,% YoY,sbp_gdp_quarterly,quarterly
2020-06-30,Agriculture Sector (1 to 4) — growth,3.277756022249065,% YoY,sbp_gdp_quarterly,quarterly
2020-09-30,Agriculture Sector (1 to 4) — growth,3.6067915211603463,% YoY,sbp_gdp_quarterly,quarterly
2020-12-31,Agriculture Sector (1 to 4) — growth,3.6369006344981045,% YoY,sbp_gdp_quarterly,quarterly
2021-03-31,Agriculture Sector (1 to 4) — growth,4.401063995793805,% YoY,sbp_gdp_quarterly,quarterly
2021-06-30,Agriculture Sector (1 to 4) — growth,2.4482137990474087,% YoY,sbp_gdp_quarterly,quarterly
2021-09-30,Agriculture Sector (1 to 4) — growth,4.48414137452356,% YoY,sbp_gdp_quarterly,quarterly
2021-12-31,Agriculture Sector (1 to 4) — growth,3.7447192250389207,% YoY,sbp_gdp_quarterly,quarterly
2022-03-31,Agriculture Sector (1 to 4) — growth,4.213978028224545,% YoY,sbp_gdp_quarterly,quarterly
2022-06-30,Agriculture Sector (1 to 4) — growth,4.383305522076512,% YoY,sbp_gdp_quarterly,quarterly
2022-09-30,Agriculture Sector (1 to 4) — growth,0.09371436187117865,% YoY,sbp_gdp_quarterly,quarterly
2022-12-31,Agriculture Sector (1 to 4) — growth,3.3976807373839506,% YoY,sbp_gdp_quarterly,quarterly
2023-03-31,Agriculture Sector (1 to 4) — growth,3.933390581566613,% YoY,sbp_gdp_quarterly,quarterly
2023-06-30,Agriculture Sector (1 to 4) — growth,1.623164982868758,% YoY,sbp_gdp_quarterly,quarterly
2023-09-30,Agriculture Sector (1 to 4) — growth,8.391792675737662,% YoY,sbp_gdp_quarterly,quarterly
2023-12-31,Agriculture Sector (1 to 4) — growth,6.0337490066169295,% YoY,sbp_gdp_quarterly,quarterly
2024-03-31,Agriculture Sector (1 to 4) — growth,3.984556534010025,% YoY,sbp_gdp_quarterly,quarterly
2024-06-30,Agriculture Sector (1 to 4) — growth,7.196051072492963,% YoY,sbp_gdp_quarterly,quarterly
2024-09-30,Agriculture Sector (1 to 4) — growth,1.1134024909272,% YoY,sbp_gdp_quarterly,quarterly
2024-12-31,Agriculture Sector (1 to 4) — growth,1.6451882788604024,% YoY,sbp_gdp_quarterly,quarterly
2025-03-31,Agriculture Sector (1 to 4) — growth,2.386899661844552,% YoY,sbp_gdp_quarterly,quarterly
2025-06-30,Agriculture Sector (1 to 4) — growth,0.9986675183162959,% YoY,sbp_gdp_quarterly,quarterly
2025-09-30,Agriculture Sector (1 to 4) — growth,2.951157086005068,% YoY,sbp_gdp_quarterly,quarterly
2025-12-31,Agriculture Sector (1 to 4) — growth,2.6445556728063195,% YoY,sbp_gdp_quarterly,quarterly
2026-03-31,Agriculture Sector (1 to 4) — growth,3.0109221758991396,% YoY,sbp_gdp_quarterly,quarterly
2016-09-30,Commodity Producing Sector (A+B) — growth,2.4954688556266404,% YoY,sbp_gdp_quarterly,quarterly
2016-12-31,Commodity Producing Sector (A+B) — growth,2.35677148659515,% YoY,sbp_gdp_quarterly,quarterly
2017-03-31,Commodity Producing Sector (A+B) — growth,4.31105805490904,% YoY,sbp_gdp_quarterly,quarterly
2017-06-30,Commodity Producing Sector (A+B) — growth,3.98697554618019,% YoY,sbp_gdp_quarterly,quarterly
2017-09-30,Commodity Producing Sector (A+B) — growth,6.636726023903506,% YoY,sbp_gdp_quarterly,quarterly
2017-12-31,Commodity Producing Sector (A+B) — growth,5.69207244296976,% YoY,sbp_gdp_quarterly,quarterly
2018-03-31,Commodity Producing Sector (A+B) — growth,5.4919504870691185,% YoY,sbp_gdp_quarterly,quarterly
2018-06-30,Commodity Producing Sector (A+B) — growth,7.307262999988069,% YoY,sbp_gdp_quarterly,quarterly
2018-09-30,Commodity Producing Sector (A+B) — growth,3.1420242949885306,% YoY,sbp_gdp_quarterly,quarterly
2018-12-31,Commodity Producing Sector (A+B) — growth,-0.029700565894472675,% YoY,sbp_gdp_quarterly,quarterly
2019-03-31,Commodity Producing Sector (A+B) — growth,-0.6776010923306188,% YoY,sbp_gdp_quarterly,quarterly
2019-06-30,Commodity Producing Sector (A+B) — growth,0.013608345165323499,% YoY,sbp_gdp_quarterly,quarterly
2019-09-30,Commodity Producing Sector (A+B) — growth,0.7056750692019449,% YoY,sbp_gdp_quarterly,quarterly
2019-12-31,Commodity Producing Sector (A+B) — growth,3.0595404195027527,% YoY,sbp_gdp_quarterly,quarterly
2020-03-31,Commodity Producing Sector (A+B) — growth,2.085537938060142,% YoY,sbp_gdp_quarterly,quarterly
2020-06-30,Commodity Producing Sector (A+B) — growth,-7.938956303827268,% YoY,sbp_gdp_quarterly,quarterly
2020-09-30,Commodity Producing Sector (A+B) — growth,2.140650045342099,% YoY,sbp_gdp_quarterly,quarterly
2020-12-31,Commodity Producing Sector (A+B) — growth,4.398837015791429,% YoY,sbp_gdp_quarterly,quarterly
2021-03-31,Commodity Producing Sector (A+B) — growth,4.105217266903168,% YoY,sbp_gdp_quarterly,quarterly
2021-06-30,Commodity Producing Sector (A+B) — growth,12.257694751798056,% YoY,sbp_gdp_quarterly,quarterly
2021-09-30,Commodity Producing Sector (A+B) — growth,5.381516192340044,% YoY,sbp_gdp_quarterly,quarterly
2021-12-31,Commodity Producing Sector (A+B) — growth,3.122810710564309,% YoY,sbp_gdp_quarterly,quarterly
2022-03-31,Commodity Producing Sector (A+B) — growth,5.885065871807043,% YoY,sbp_gdp_quarterly,quarterly
2022-06-30,Commodity Producing Sector (A+B) — growth,7.491689896192028,% YoY,sbp_gdp_quarterly,quarterly
2022-09-30,Commodity Producing Sector (A+B) — growth,-0.20801354325395494,% YoY,sbp_gdp_quarterly,quarterly
2022-12-31,Commodity Producing Sector (A+B) — growth,2.538509997425777,% YoY,sbp_gdp_quarterly,quarterly
2023-03-31,Commodity Producing Sector (A+B) — growth,-1.1530316114847068,% YoY,sbp_gdp_quarterly,quarterly
2023-06-30,Commodity Producing Sector (A+B) — growth,-3.2959213245433148,% YoY,sbp_gdp_quarterly,quarterly
2023-09-30,Commodity Producing Sector (A+B) — growth,2.9802674358468693,% YoY,sbp_gdp_quarterly,quarterly
2023-12-31,Commodity Producing Sector (A+B) — growth,2.942655255148125,% YoY,sbp_gdp_quarterly,quarterly
2024-03-31,Commodity Producing Sector (A+B) — growth,3.790033953960574,% YoY,sbp_gdp_quarterly,quarterly
2024-06-30,Commodity Producing Sector (A+B) — growth,2.8436245437895877,% YoY,sbp_gdp_quarterly,quarterly
2024-09-30,Commodity Producing Sector (A+B) — growth,0.7766104910004685,% YoY,sbp_gdp_quarterly,quarterly
2024-12-31,Commodity Producing Sector (A+B) — growth,1.6323508272153333,% YoY,sbp_gdp_quarterly,quarterly
2025-03-31,Commodity Producing Sector (A+B) — growth,1.6675012694658875,% YoY,sbp_gdp_quarterly,quarterly
2025-06-30,Commodity Producing Sector (A+B) — growth,9.00865553418744,% YoY,sbp_gdp_quarterly,quarterly
2025-09-30,Commodity Producing Sector (A+B) — growth,4.966317537719249,% YoY,sbp_gdp_quarterly,quarterly
2025-12-31,Commodity Producing Sector (A+B) — growth,4.374251158486459,% YoY,sbp_gdp_quarterly,quarterly
2026-03-31,Commodity Producing Sector (A+B) — growth,3.723606489806116,% YoY,sbp_gdp_quarterly,quarterly
2016-09-30,Industrial Sector (1 to 4) — growth,3.1984970331983646,% YoY,sbp_gdp_quarterly,quarterly
2016-12-31,Industrial Sector (1 to 4) — growth,4.730861537244266,% YoY,sbp_gdp_quarterly,quarterly
2017-03-31,Industrial Sector (1 to 4) — growth,6.025044125171888,% YoY,sbp_gdp_quarterly,quarterly
2017-06-30,Industrial Sector (1 to 4) — growth,4.409085017077643,% YoY,sbp_gdp_quarterly,quarterly
2017-09-30,Industrial Sector (1 to 4) — growth,9.617282463786864,% YoY,sbp_gdp_quarterly,quarterly
2017-12-31,Industrial Sector (1 to 4) — growth,8.76253202779165,% YoY,sbp_gdp_quarterly,quarterly
2018-03-31,Industrial Sector (1 to 4) — growth,7.2498028037113045,% YoY,sbp_gdp_quarterly,quarterly
2018-06-30,Industrial Sector (1 to 4) — growth,11.197054782139503,% YoY,sbp_gdp_quarterly,quarterly
2018-09-30,Industrial Sector (1 to 4) — growth,5.860967475624676,% YoY,sbp_gdp_quarterly,quarterly
2018-12-31,Industrial Sector (1 to 4) — growth,-1.4126803949462925,% YoY,sbp_gdp_quarterly,quarterly
2019-03-31,Industrial Sector (1 to 4) — growth,-2.7304341788318993,% YoY,sbp_gdp_quarterly,quarterly
2019-06-30,Industrial Sector (1 to 4) — growth,-0.5464518334308224,% YoY,sbp_gdp_quarterly,quarterly
2019-09-30,Industrial Sector (1 to 4) — growth,-2.4872388632178684,% YoY,sbp_gdp_quarterly,quarterly
2019-12-31,Industrial Sector (1 to 4) — growth,1.3681665287463574,% YoY,sbp_gdp_quarterly,quarterly
2020-03-31,Industrial Sector (1 to 4) — growth,-0.5628659192123706,% YoY,sbp_gdp_quarterly,quarterly
2020-06-30,Industrial Sector (1 to 4) — growth,-20.88109679873952,% YoY,sbp_gdp_quarterly,quarterly
2020-09-30,Industrial Sector (1 to 4) — growth,0.35779830224112175,% YoY,sbp_gdp_quarterly,quarterly
2020-12-31,Industrial Sector (1 to 4) — growth,5.333077955157805,% YoY,sbp_gdp_quarterly,quarterly
2021-03-31,Industrial Sector (1 to 4) — growth,3.7574306395155475,% YoY,sbp_gdp_quarterly,quarterly
2021-06-30,Industrial Sector (1 to 4) — growth,27.03220493200125,% YoY,sbp_gdp_quarterly,quarterly
2021-09-30,Industrial Sector (1 to 4) — growth,6.508065819545976,% YoY,sbp_gdp_quarterly,quarterly
2021-12-31,Industrial Sector (1 to 4) — growth,2.3725428758609723,% YoY,sbp_gdp_quarterly,quarterly
2022-03-31,Industrial Sector (1 to 4) — growth,7.86172190945436,% YoY,sbp_gdp_quarterly,quarterly
2022-06-30,Industrial Sector (1 to 4) — growth,11.26734516668779,% YoY,sbp_gdp_quarterly,quarterly
2022-09-30,Industrial Sector (1 to 4) — growth,-0.5795999408218222,% YoY,sbp_gdp_quarterly,quarterly
2022-12-31,Industrial Sector (1 to 4) — growth,1.4881170141320723,% YoY,sbp_gdp_quarterly,quarterly
2023-03-31,Industrial Sector (1 to 4) — growth,-6.966065486414081,% YoY,sbp_gdp_quarterly,quarterly
2023-06-30,Industrial Sector (1 to 4) — growth,-8.901305460100744,% YoY,sbp_gdp_quarterly,quarterly
2023-09-30,Industrial Sector (1 to 4) — growth,-3.729312292703085,% YoY,sbp_gdp_quarterly,quarterly
2023-12-31,Industrial Sector (1 to 4) — growth,-0.9075165878127365,% YoY,sbp_gdp_quarterly,quarterly
2024-03-31,Industrial Sector (1 to 4) — growth,3.5416782283680135,% YoY,sbp_gdp_quarterly,quarterly
2024-06-30,Industrial Sector (1 to 4) — growth,-2.689022298015189,% YoY,sbp_gdp_quarterly,quarterly
2024-09-30,Industrial Sector (1 to 4) — growth,0.306456939351321,% YoY,sbp_gdp_quarterly,quarterly
2024-12-31,Industrial Sector (1 to 4) — growth,1.6152408212322342,% YoY,sbp_gdp_quarterly,quarterly
2025-03-31,Industrial Sector (1 to 4) — growth,0.7450843453576113,% YoY,sbp_gdp_quarterly,quarterly
2025-06-30,Industrial Sector (1 to 4) — growth,20.22497364140925,% YoY,sbp_gdp_quarterly,quarterly
2025-09-30,Industrial Sector (1 to 4) — growth,7.802064138376778,% YoY,sbp_gdp_quarterly,quarterly
2025-12-31,Industrial Sector (1 to 4) — growth,6.680302470266611,% YoY,sbp_gdp_quarterly,quarterly
2026-03-31,Industrial Sector (1 to 4) — growth,4.652306664965678,% YoY,sbp_gdp_quarterly,quarterly
2016-09-30,Services Sector (1 to 10) — growth,4.492271930975917,% YoY,sbp_gdp_quarterly,quarterly
2016-12-31,Services Sector (1 to 10) — growth,4.761688597342896,% YoY,sbp_gdp_quarterly,quarterly
2017-03-31,Services Sector (1 to 10) — growth,6.257215230723091,% YoY,sbp_gdp_quarterly,quarterly
2017-06-30,Services Sector (1 to 10) — growth,6.919491570522922,% YoY,sbp_gdp_quarterly,quarterly
2017-09-30,Services Sector (1 to 10) — growth,8.207343462268526,% YoY,sbp_gdp_quarterly,quarterly
2017-12-31,Services Sector (1 to 10) — growth,6.3201888290098225,% YoY,sbp_gdp_quarterly,quarterly
2018-03-31,Services Sector (1 to 10) — growth,5.554563918463558,% YoY,sbp_gdp_quarterly,quarterly
2018-06-30,Services Sector (1 to 10) — growth,3.8761181946521504,% YoY,sbp_gdp_quarterly,quarterly
2018-09-30,Services Sector (1 to 10) — growth,2.867886956726153,% YoY,sbp_gdp_quarterly,quarterly
2018-12-31,Services Sector (1 to 10) — growth,3.8651179706552767,% YoY,sbp_gdp_quarterly,quarterly
2019-03-31,Services Sector (1 to 10) — growth,5.269178438893633,% YoY,sbp_gdp_quarterly,quarterly
2019-06-30,Services Sector (1 to 10) — growth,7.963358721538768,% YoY,sbp_gdp_quarterly,quarterly
2019-09-30,Services Sector (1 to 10) — growth,3.387496850913621,% YoY,sbp_gdp_quarterly,quarterly
2019-12-31,Services Sector (1 to 10) — growth,1.796429062203913,% YoY,sbp_gdp_quarterly,quarterly
2020-03-31,Services Sector (1 to 10) — growth,-1.4813924143464874,% YoY,sbp_gdp_quarterly,quarterly
2020-06-30,Services Sector (1 to 10) — growth,-8.111824168121188,% YoY,sbp_gdp_quarterly,quarterly
2020-09-30,Services Sector (1 to 10) — growth,1.4252699503395831,% YoY,sbp_gdp_quarterly,quarterly
2020-12-31,Services Sector (1 to 10) — growth,4.651523898828458,% YoY,sbp_gdp_quarterly,quarterly
2021-03-31,Services Sector (1 to 10) — growth,5.824541912466103,% YoY,sbp_gdp_quarterly,quarterly
2021-06-30,Services Sector (1 to 10) — growth,12.046359675863599,% YoY,sbp_gdp_quarterly,quarterly
2021-09-30,Services Sector (1 to 10) — growth,7.170300327131372,% YoY,sbp_gdp_quarterly,quarterly
2021-12-31,Services Sector (1 to 10) — growth,5.654107768903742,% YoY,sbp_gdp_quarterly,quarterly
2022-03-31,Services Sector (1 to 10) — growth,7.269741286869774,% YoY,sbp_gdp_quarterly,quarterly
2022-06-30,Services Sector (1 to 10) — growth,6.679987378698854,% YoY,sbp_gdp_quarterly,quarterly
2022-09-30,Services Sector (1 to 10) — growth,2.4006418167013237,% YoY,sbp_gdp_quarterly,quarterly
2022-12-31,Services Sector (1 to 10) — growth,2.2187708735638836,% YoY,sbp_gdp_quarterly,quarterly
2023-03-31,Services Sector (1 to 10) — growth,-1.2676815448929943,% YoY,sbp_gdp_quarterly,quarterly
2023-06-30,Services Sector (1 to 10) — growth,-3.0293145494639475,% YoY,sbp_gdp_quarterly,quarterly
2023-09-30,Services Sector (1 to 10) — growth,2.233559698409948,% YoY,sbp_gdp_quarterly,quarterly
2023-12-31,Services Sector (1 to 10) — growth,1.3833451773640775,% YoY,sbp_gdp_quarterly,quarterly
2024-03-31,Services Sector (1 to 10) — growth,2.079428114474439,% YoY,sbp_gdp_quarterly,quarterly
2024-06-30,Services Sector (1 to 10) — growth,3.3581308146140003,% YoY,sbp_gdp_quarterly,quarterly
2024-09-30,Services Sector (1 to 10) — growth,2.2077581278568914,% YoY,sbp_gdp_quarterly,quarterly
2024-12-31,Services Sector (1 to 10) — growth,3.0613724260335857,% YoY,sbp_gdp_quarterly,quarterly
2025-03-31,Services Sector (1 to 10) — growth,3.1883797757142247,% YoY,sbp_gdp_quarterly,quarterly
2025-06-30,Services Sector (1 to 10) — growth,4.086361287878361,% YoY,sbp_gdp_quarterly,quarterly
2025-09-30,Services Sector (1 to 10) — growth,3.158472458424086,% YoY,sbp_gdp_quarterly,quarterly
2025-12-31,Services Sector (1 to 10) — growth,3.830437683541902,% YoY,sbp_gdp_quarterly,quarterly
2026-03-31,Services Sector (1 to 10) — growth,4.182951529984379,% YoY,sbp_gdp_quarterly,quarterly
2016-09-30,Total of GVA (A+B+C) — growth,3.6048602623202584,% YoY,sbp_gdp_quarterly,quarterly
2016-12-31,Total of GVA (A+B+C) — growth,3.7256759622464273,% YoY,sbp_gdp_quarterly,quarterly
2017-03-31,Total of GVA (A+B+C) — growth,5.423280369003308,% YoY,sbp_gdp_quarterly,quarterly
2017-06-30,Total of GVA (A+B+C) — growth,5.648909367595834,% YoY,sbp_gdp_quarterly,quarterly
2017-09-30,Total of GVA (A+B+C) — growth,7.516809806689295,% YoY,sbp_gdp_quarterly,quarterly
2017-12-31,Total of GVA (A+B+C) — growth,6.053174007918315,% YoY,sbp_gdp_quarterly,quarterly
2018-03-31,Total of GVA (A+B+C) — growth,5.528016912496142,% YoY,sbp_gdp_quarterly,quarterly
2018-06-30,Total of GVA (A+B+C) — growth,5.339357470558454,% YoY,sbp_gdp_quarterly,quarterly
2018-09-30,Total of GVA (A+B+C) — growth,2.9874269040304426,% YoY,sbp_gdp_quarterly,quarterly
2018-12-31,Total of GVA (A+B+C) — growth,2.215052348366939,% YoY,sbp_gdp_quarterly,quarterly
2019-03-31,Total of GVA (A+B+C) — growth,2.7487090593708388,% YoY,sbp_gdp_quarterly,quarterly
2019-06-30,Total of GVA (A+B+C) — growth,4.509788845253254,% YoY,sbp_gdp_quarterly,quarterly
2019-09-30,Total of GVA (A+B+C) — growth,2.2163098990622103,% YoY,sbp_gdp_quarterly,quarterly
2019-12-31,Total of GVA (A+B+C) — growth,2.3198026060887287,% YoY,sbp_gdp_quarterly,quarterly
2020-03-31,Total of GVA (A+B+C) — growth,-0.020006074474949287,% YoY,sbp_gdp_quarterly,quarterly
2020-06-30,Total of GVA (A+B+C) — growth,-8.039956898064801,% YoY,sbp_gdp_quarterly,quarterly
2020-09-30,Total of GVA (A+B+C) — growth,1.7330687416520476,% YoY,sbp_gdp_quarterly,quarterly
2020-12-31,Total of GVA (A+B+C) — growth,4.546065461526297,% YoY,sbp_gdp_quarterly,quarterly
2021-03-31,Total of GVA (A+B+C) — growth,5.105292661498595,% YoY,sbp_gdp_quarterly,quarterly
2021-06-30,Total of GVA (A+B+C) — growth,12.13431561981291,% YoY,sbp_gdp_quarterly,quarterly
2021-09-30,Total of GVA (A+B+C) — growth,6.397576213850911,% YoY,sbp_gdp_quarterly,quarterly
2021-12-31,Total of GVA (A+B+C) — growth,4.599163018224488,% YoY,sbp_gdp_quarterly,quarterly
2022-03-31,Total of GVA (A+B+C) — growth,6.695998260228393,% YoY,sbp_gdp_quarterly,quarterly
2022-06-30,Total of GVA (A+B+C) — growth,7.018183081733625,% YoY,sbp_gdp_quarterly,quarterly
2022-09-30,Total of GVA (A+B+C) — growth,1.2845088262841529,% YoY,sbp_gdp_quarterly,quarterly
2022-12-31,Total of GVA (A+B+C) — growth,2.3501447194601326,% YoY,sbp_gdp_quarterly,quarterly
2023-03-31,Total of GVA (A+B+C) — growth,-1.22053717608172,% YoY,sbp_gdp_quarterly,quarterly
2023-06-30,Total of GVA (A+B+C) — growth,-3.1408876986113228,% YoY,sbp_gdp_quarterly,quarterly
2023-09-30,Total of GVA (A+B+C) — growth,2.5483363647041273,% YoY,sbp_gdp_quarterly,quarterly
2023-12-31,Total of GVA (A+B+C) — growth,2.0252108651869634,% YoY,sbp_gdp_quarterly,quarterly
2024-03-31,Total of GVA (A+B+C) — growth,2.7833146586313973,% YoY,sbp_gdp_quarterly,quarterly
2024-06-30,Total of GVA (A+B+C) — growth,3.143158026527985,% YoY,sbp_gdp_quarterly,quarterly
2024-09-30,Total of GVA (A+B+C) — growth,1.6019128685225326,% YoY,sbp_gdp_quarterly,quarterly
2024-12-31,Total of GVA (A+B+C) — growth,2.4678483611235436,% YoY,sbp_gdp_quarterly,quarterly
2025-03-31,Total of GVA (A+B+C) — growth,2.556433338056223,% YoY,sbp_gdp_quarterly,quarterly
2025-06-30,Total of GVA (A+B+C) — growth,6.137038653870917,% YoY,sbp_gdp_quarterly,quarterly
2025-09-30,Total of GVA (A+B+C) — growth,3.9175678421472924,% YoY,sbp_gdp_quarterly,quarterly
2025-12-31,Total of GVA (A+B+C) — growth,4.054461328158766,% YoY,sbp_gdp_quarterly,quarterly
2026-03-31,Total of GVA (A+B+C) — growth,3.9937415585130793,% YoY,sbp_gdp_quarterly,quarterly
2016-09-30,i. Important Crops — growth,3.6047919022044397,% YoY,sbp_gdp_quarterly,quarterly
2016-12-31,i. Important Crops — growth,-2.599173316172738,% YoY,sbp_gdp_quarterly,quarterly
2017-03-31,i. Important Crops — growth,3.4245620984935954,% YoY,sbp_gdp_quarterly,quarterly
2017-06-30,i. Important Crops — growth,10.07718583921988,% YoY,sbp_gdp_quarterly,quarterly
2017-09-30,i. Important Crops — growth,9.270622715192701,% YoY,sbp_gdp_quarterly,quarterly
2017-12-31,i. Important Crops — growth,-2.117513116434651,% YoY,sbp_gdp_quarterly,quarterly
2018-03-31,i. Important Crops — growth,5.391896513797462,% YoY,sbp_gdp_quarterly,quarterly
2018-06-30,i. Important Crops — growth,7.718938473879504,% YoY,sbp_gdp_quarterly,quarterly
2018-09-30,i. Important Crops — growth,-8.188655013664842,% YoY,sbp_gdp_quarterly,quarterly
2018-12-31,i. Important Crops — growth,-5.18965033651024,% YoY,sbp_gdp_quarterly,quarterly
2019-03-31,i. Important Crops — growth,-9.321379330527833,% YoY,sbp_gdp_quarterly,quarterly
2019-06-30,i. Important Crops — growth,-13.126381678965785,% YoY,sbp_gdp_quarterly,quarterly
2019-09-30,i. Important Crops — growth,3.7808757421874333,% YoY,sbp_gdp_quarterly,quarterly
2019-12-31,i. Important Crops — growth,7.417682574471058,% YoY,sbp_gdp_quarterly,quarterly
2020-03-31,i. Important Crops — growth,8.317741600156566,% YoY,sbp_gdp_quarterly,quarterly
2020-06-30,i. Important Crops — growth,0.6559982530824868,% YoY,sbp_gdp_quarterly,quarterly
2020-09-30,i. Important Crops — growth,4.816294596337073,% YoY,sbp_gdp_quarterly,quarterly
2020-12-31,i. Important Crops — growth,6.821351961162492,% YoY,sbp_gdp_quarterly,quarterly
2021-03-31,i. Important Crops — growth,11.044225173814226,% YoY,sbp_gdp_quarterly,quarterly
2021-06-30,i. Important Crops — growth,0.004789174505830829,% YoY,sbp_gdp_quarterly,quarterly
2021-09-30,i. Important Crops — growth,9.563774076311901,% YoY,sbp_gdp_quarterly,quarterly
2021-12-31,i. Important Crops — growth,-1.2154307000645872,% YoY,sbp_gdp_quarterly,quarterly
2022-03-31,i. Important Crops — growth,7.492806707069107,% YoY,sbp_gdp_quarterly,quarterly
2022-06-30,i. Important Crops — growth,9.911964832746676,% YoY,sbp_gdp_quarterly,quarterly
2022-09-30,i. Important Crops — growth,-11.77213019073966,% YoY,sbp_gdp_quarterly,quarterly
2022-12-31,i. Important Crops — growth,9.114566706645462,% YoY,sbp_gdp_quarterly,quarterly
2023-03-31,i. Important Crops — growth,9.244991716025822,% YoY,sbp_gdp_quarterly,quarterly
2023-06-30,i. Important Crops — growth,-7.880308561216381,% YoY,sbp_gdp_quarterly,quarterly
2023-09-30,i. Important Crops — growth,30.43775324796212,% YoY,sbp_gdp_quarterly,quarterly
2023-12-31,i. Important Crops — growth,15.006667600459593,% YoY,sbp_gdp_quarterly,quarterly
2024-03-31,i. Important Crops — growth,1.5137256789142128,% YoY,sbp_gdp_quarterly,quarterly
2024-06-30,i. Important Crops — growth,25.811773259128202,% YoY,sbp_gdp_quarterly,quarterly
2024-09-30,i. Important Crops — growth,-12.655323641031487,% YoY,sbp_gdp_quarterly,quarterly
2024-12-31,i. Important Crops — growth,-12.855636761544105,% YoY,sbp_gdp_quarterly,quarterly
2025-03-31,i. Important Crops — growth,-9.668755582575912,% YoY,sbp_gdp_quarterly,quarterly
2025-06-30,i. Important Crops — growth,-18.173128500306973,% YoY,sbp_gdp_quarterly,quarterly
2025-09-30,i. Important Crops — growth,-1.5762719503757125,% YoY,sbp_gdp_quarterly,quarterly
2025-12-31,i. Important Crops — growth,0.7719949392646299,% YoY,sbp_gdp_quarterly,quarterly
2026-03-31,i. Important Crops — growth,1.0967967388761934,% YoY,sbp_gdp_quarterly,quarterly
2016-09-30,i. Large Scale — growth,0.0782960632450056,% YoY,sbp_gdp_quarterly,quarterly
2016-12-31,i. Large Scale — growth,4.371706479326363,% YoY,sbp_gdp_quarterly,quarterly
2017-03-31,i. Large Scale — growth,5.677982996264788,% YoY,sbp_gdp_quarterly,quarterly
2017-06-30,i. Large Scale — growth,5.870843457166302,% YoY,sbp_gdp_quarterly,quarterly
2017-09-30,i. Large Scale — growth,12.19503875986834,% YoY,sbp_gdp_quarterly,quarterly
2017-12-31,i. Large Scale — growth,5.258099383972862,% YoY,sbp_gdp_quarterly,quarterly
2018-03-31,i. Large Scale — growth,6.261112680109363,% YoY,sbp_gdp_quarterly,quarterly
2018-06-30,i. Large Scale — growth,4.51675128817908,% YoY,sbp_gdp_quarterly,quarterly
2018-09-30,i. Large Scale — growth,0.6844537749485937,% YoY,sbp_gdp_quarterly,quarterly
2018-12-31,i. Large Scale — growth,3.594290534155718,% YoY,sbp_gdp_quarterly,quarterly
2019-03-31,i. Large Scale — growth,2.2943400134415555,% YoY,sbp_gdp_quarterly,quarterly
2019-06-30,i. Large Scale — growth,7.6176614354934316,% YoY,sbp_gdp_quarterly,quarterly
2019-09-30,i. Large Scale — growth,-0.6417758547075891,% YoY,sbp_gdp_quarterly,quarterly
2019-12-31,i. Large Scale — growth,-2.115050974847236,% YoY,sbp_gdp_quarterly,quarterly
2020-03-31,i. Large Scale — growth,-9.589359844879425,% YoY,sbp_gdp_quarterly,quarterly
2020-06-30,i. Large Scale — growth,-31.229207341799892,% YoY,sbp_gdp_quarterly,quarterly
2020-09-30,i. Large Scale — growth,-2.556426470166585,% YoY,sbp_gdp_quarterly,quarterly
2020-12-31,i. Large Scale — growth,5.574856010242684,% YoY,sbp_gdp_quarterly,quarterly
2021-03-31,i. Large Scale — growth,9.57531118700797,% YoY,sbp_gdp_quarterly,quarterly
2021-06-30,i. Large Scale — growth,40.608804453223684,% YoY,sbp_gdp_quarterly,quarterly
2021-09-30,i. Large Scale — growth,10.173412178275171,% YoY,sbp_gdp_quarterly,quarterly
2021-12-31,i. Large Scale — growth,5.620286116032645,% YoY,sbp_gdp_quarterly,quarterly
2022-03-31,i. Large Scale — growth,15.84099371458258,% YoY,sbp_gdp_quarterly,quarterly
2022-06-30,i. Large Scale — growth,15.52412617815537,% YoY,sbp_gdp_quarterly,quarterly
2022-09-30,i. Large Scale — growth,-1.3083092338762867,% YoY,sbp_gdp_quarterly,quarterly
2022-12-31,i. Large Scale — growth,-1.8517830766334953,% YoY,sbp_gdp_quarterly,quarterly
2023-03-31,i. Large Scale — growth,-14.472138563149088,% YoY,sbp_gdp_quarterly,quarterly
2023-06-30,i. Large Scale — growth,-19.524338075696093,% YoY,sbp_gdp_quarterly,quarterly
2023-09-30,i. Large Scale — growth,-0.6597023510077236,% YoY,sbp_gdp_quarterly,quarterly
2023-12-31,i. Large Scale — growth,-0.8056662463292668,% YoY,sbp_gdp_quarterly,quarterly
2024-03-31,i. Large Scale — growth,1.3041608230264927,% YoY,sbp_gdp_quarterly,quarterly
2024-06-30,i. Large Scale — growth,4.192291029499316,% YoY,sbp_gdp_quarterly,quarterly
2024-09-30,i. Large Scale — growth,-0.8535555220945099,% YoY,sbp_gdp_quarterly,quarterly
2024-12-31,i. Large Scale — growth,-2.6012037901935656,% YoY,sbp_gdp_quarterly,quarterly
2025-03-31,i. Large Scale — growth,-1.9529764370033433,% YoY,sbp_gdp_quarterly,quarterly
2025-06-30,i. Large Scale — growth,2.9630971410652904,% YoY,sbp_gdp_quarterly,quarterly
2025-09-30,i. Large Scale — growth,3.927452110684456,% YoY,sbp_gdp_quarterly,quarterly
2025-12-31,i. Large Scale — growth,5.714492741402765,% YoY,sbp_gdp_quarterly,quarterly
2026-03-31,i. Large Scale — growth,9.530483956180433,% YoY,sbp_gdp_quarterly,quarterly
2016-09-30,ii. Other Crops — growth,-1.270083596774512,% YoY,sbp_gdp_quarterly,quarterly
2016-12-31,ii. Other Crops — growth,-2.361208659407893,% YoY,sbp_gdp_quarterly,quarterly
2017-03-31,ii. Other Crops — growth,-1.5841561713294965,% YoY,sbp_gdp_quarterly,quarterly
2017-06-30,ii. Other Crops — growth,0.32296818482964795,% YoY,sbp_gdp_quarterly,quarterly
2017-09-30,ii. Other Crops — growth,2.465937988931117,% YoY,sbp_gdp_quarterly,quarterly
2017-12-31,ii. Other Crops — growth,5.394528092822554,% YoY,sbp_gdp_quarterly,quarterly
2018-03-31,ii. Other Crops — growth,6.018690170979241,% YoY,sbp_gdp_quarterly,quarterly
2018-06-30,ii. Other Crops — growth,4.684699791321549,% YoY,sbp_gdp_quarterly,quarterly
2018-09-30,ii. Other Crops — growth,3.2458481921013203,% YoY,sbp_gdp_quarterly,quarterly
2018-12-31,ii. Other Crops — growth,3.0125701305734935,% YoY,sbp_gdp_quarterly,quarterly
2019-03-31,ii. Other Crops — growth,3.2159122143713574,% YoY,sbp_gdp_quarterly,quarterly
2019-06-30,ii. Other Crops — growth,5.015058079436457,% YoY,sbp_gdp_quarterly,quarterly
2019-09-30,ii. Other Crops — growth,9.109707463587327,% YoY,sbp_gdp_quarterly,quarterly
2019-12-31,ii. Other Crops — growth,9.920624647672227,% YoY,sbp_gdp_quarterly,quarterly
2020-03-31,ii. Other Crops — growth,9.977232256384227,% YoY,sbp_gdp_quarterly,quarterly
2020-06-30,ii. Other Crops — growth,7.820581579898359,% YoY,sbp_gdp_quarterly,quarterly
2020-09-30,ii. Other Crops — growth,10.105580104183346,% YoY,sbp_gdp_quarterly,quarterly
2020-12-31,ii. Other Crops — growth,8.921876095731676,% YoY,sbp_gdp_quarterly,quarterly
2021-03-31,ii. Other Crops — growth,6.498167358458957,% YoY,sbp_gdp_quarterly,quarterly
2021-06-30,ii. Other Crops — growth,6.3861359074377475,% YoY,sbp_gdp_quarterly,quarterly
2021-09-30,ii. Other Crops — growth,10.567940554790397,% YoY,sbp_gdp_quarterly,quarterly
2021-12-31,ii. Other Crops — growth,12.9815938454704,% YoY,sbp_gdp_quarterly,quarterly
2022-03-31,ii. Other Crops — growth,12.034994682128314,% YoY,sbp_gdp_quarterly,quarterly
2022-06-30,ii. Other Crops — growth,11.960495598709926,% YoY,sbp_gdp_quarterly,quarterly
2022-09-30,ii. Other Crops — growth,-2.422591318094547,% YoY,sbp_gdp_quarterly,quarterly
2022-12-31,ii. Other Crops — growth,-1.6304047138802247,% YoY,sbp_gdp_quarterly,quarterly
2023-03-31,ii. Other Crops — growth,-1.458198321622433,% YoY,sbp_gdp_quarterly,quarterly
2023-06-30,ii. Other Crops — growth,-0.03293433633115228,% YoY,sbp_gdp_quarterly,quarterly
2023-09-30,ii. Other Crops — growth,-1.3341723979720825,% YoY,sbp_gdp_quarterly,quarterly
2023-12-31,ii. Other Crops — growth,0.07196169007758613,% YoY,sbp_gdp_quarterly,quarterly
2024-03-31,ii. Other Crops — growth,1.0882018714572865,% YoY,sbp_gdp_quarterly,quarterly
2024-06-30,ii. Other Crops — growth,0.4833726803933587,% YoY,sbp_gdp_quarterly,quarterly
2024-09-30,ii. Other Crops — growth,20.16948840498634,% YoY,sbp_gdp_quarterly,quarterly
2024-12-31,ii. Other Crops — growth,19.553988988072206,% YoY,sbp_gdp_quarterly,quarterly
2025-03-31,ii. Other Crops — growth,19.444478799784832,% YoY,sbp_gdp_quarterly,quarterly
2025-06-30,ii. Other Crops — growth,19.830498583062166,% YoY,sbp_gdp_quarterly,quarterly
2025-09-30,ii. Other Crops — growth,1.9337180195671237,% YoY,sbp_gdp_quarterly,quarterly
2025-12-31,ii. Other Crops — growth,2.3939175820469387,% YoY,sbp_gdp_quarterly,quarterly
2026-03-31,ii. Other Crops — growth,2.270543425212196,% YoY,sbp_gdp_quarterly,quarterly
2016-09-30,ii. Small Scale — growth,6.942469885027975,% YoY,sbp_gdp_quarterly,quarterly
2016-12-31,ii. Small Scale — growth,8.787850797612194,% YoY,sbp_gdp_quarterly,quarterly
2017-03-31,ii. Small Scale — growth,9.682981416671637,% YoY,sbp_gdp_quarterly,quarterly
2017-06-30,ii. Small Scale — growth,9.647963652925597,% YoY,sbp_gdp_quarterly,quarterly
2017-09-30,ii. Small Scale — growth,8.737824357353105,% YoY,sbp_gdp_quarterly,quarterly
2017-12-31,ii. Small Scale — growth,8.423274372314097,% YoY,sbp_gdp_quarterly,quarterly
2018-03-31,ii. Small Scale — growth,8.66132664198176,% YoY,sbp_gdp_quarterly,quarterly
2018-06-30,ii. Small Scale — growth,9.41789592797673,% YoY,sbp_gdp_quarterly,quarterly
2018-09-30,ii. Small Scale — growth,10.666354000818103,% YoY,sbp_gdp_quarterly,quarterly
2018-12-31,ii. Small Scale — growth,10.472909158240554,% YoY,sbp_gdp_quarterly,quarterly
2019-03-31,ii. Small Scale — growth,8.927817298221868,% YoY,sbp_gdp_quarterly,quarterly
2019-06-30,ii. Small Scale — growth,6.140283948885596,% YoY,sbp_gdp_quarterly,quarterly
2019-09-30,ii. Small Scale — growth,2.2328389615758226,% YoY,sbp_gdp_quarterly,quarterly
2019-12-31,ii. Small Scale — growth,0.39879093891592277,% YoY,sbp_gdp_quarterly,quarterly
2020-03-31,ii. Small Scale — growth,0.4701144624068121,% YoY,sbp_gdp_quarterly,quarterly
2020-06-30,ii. Small Scale — growth,2.3919319625061064,% YoY,sbp_gdp_quarterly,quarterly
2020-09-30,ii. Small Scale — growth,6.211838917621492,% YoY,sbp_gdp_quarterly,quarterly
2020-12-31,ii. Small Scale — growth,8.867427744548849,% YoY,sbp_gdp_quarterly,quarterly
2021-03-31,ii. Small Scale — growth,10.288324359524609,% YoY,sbp_gdp_quarterly,quarterly
2021-06-30,ii. Small Scale — growth,10.473975863365268,% YoY,sbp_gdp_quarterly,quarterly
2021-09-30,ii. Small Scale — growth,9.490156969086726,% YoY,sbp_gdp_quarterly,quarterly
2021-12-31,ii. Small Scale — growth,8.877392636563755,% YoY,sbp_gdp_quarterly,quarterly
2022-03-31,ii. Small Scale — growth,8.60479238528859,% YoY,sbp_gdp_quarterly,quarterly
2022-06-30,ii. Small Scale — growth,8.647673953386743,% YoY,sbp_gdp_quarterly,quarterly
2022-09-30,ii. Small Scale — growth,8.98647726681206,% YoY,sbp_gdp_quarterly,quarterly
2022-12-31,ii. Small Scale — growth,9.196042730441405,% YoY,sbp_gdp_quarterly,quarterly
2023-03-31,ii. Small Scale — growth,9.283258481914487,% YoY,sbp_gdp_quarterly,quarterly
2023-06-30,ii. Small Scale — growth,9.255335520102932,% YoY,sbp_gdp_quarterly,quarterly
2023-09-30,ii. Small Scale — growth,9.11969170847648,% YoY,sbp_gdp_quarterly,quarterly
2023-12-31,ii. Small Scale — growth,9.039217798739259,% YoY,sbp_gdp_quarterly,quarterly
2024-03-31,ii. Small Scale — growth,9.01038707789408,% YoY,sbp_gdp_quarterly,quarterly
2024-06-30,ii. Small Scale — growth,9.029919918419367,% YoY,sbp_gdp_quarterly,quarterly
2024-09-30,ii. Small Scale — growth,9.09476341989975,% YoY,sbp_gdp_quarterly,quarterly
2024-12-31,ii. Small Scale — growth,9.045960319981234,% YoY,sbp_gdp_quarterly,quarterly
2025-03-31,ii. Small Scale — growth,8.890710966868909,% YoY,sbp_gdp_quarterly,quarterly
2025-06-30,ii. Small Scale — growth,8.636001954880015,% YoY,sbp_gdp_quarterly,quarterly
2025-09-30,ii. Small Scale — growth,8.28858714363814,% YoY,sbp_gdp_quarterly,quarterly
2025-12-31,ii. Small Scale — growth,8.240385070601135,% YoY,sbp_gdp_quarterly,quarterly
2026-03-31,ii. Small Scale — growth,8.472977559476618,% YoY,sbp_gdp_quarterly,quarterly
2016-09-30,iii. Cotton Ginning — growth,2.3306265711552356,% YoY,sbp_gdp_quarterly,quarterly
2016-12-31,iii. Cotton Ginning — growth,3.8701254432486962,% YoY,sbp_gdp_quarterly,quarterly
2017-03-31,iii. Cotton Ginning — growth,6.001966979384775,% YoY,sbp_gdp_quarterly,quarterly
2017-06-30,iii. Cotton Ginning — growth,8.703282216736838,% YoY,sbp_gdp_quarterly,quarterly
2017-09-30,iii. Cotton Ginning — growth,11.943941029947979,% YoY,sbp_gdp_quarterly,quarterly
2017-12-31,iii. Cotton Ginning — growth,11.71228360387731,% YoY,sbp_gdp_quarterly,quarterly
2018-03-31,iii. Cotton Ginning — growth,8.187702323058389,% YoY,sbp_gdp_quarterly,quarterly
2018-06-30,iii. Cotton Ginning — growth,1.6874691692315054,% YoY,sbp_gdp_quarterly,quarterly
2018-09-30,iii. Cotton Ginning — growth,-7.372621051394219,% YoY,sbp_gdp_quarterly,quarterly
2018-12-31,iii. Cotton Ginning — growth,-12.32937149957479,% YoY,sbp_gdp_quarterly,quarterly
2019-03-31,iii. Cotton Ginning — growth,-13.701415334759162,% YoY,sbp_gdp_quarterly,quarterly
2019-06-30,iii. Cotton Ginning — growth,-11.504383686381814,% YoY,sbp_gdp_quarterly,quarterly
2019-09-30,iii. Cotton Ginning — growth,-5.23518923135579,% YoY,sbp_gdp_quarterly,quarterly
2019-12-31,iii. Cotton Ginning — growth,-2.0111752215286884,% YoY,sbp_gdp_quarterly,quarterly
2020-03-31,iii. Cotton Ginning — growth,-2.390018046087093,% YoY,sbp_gdp_quarterly,quarterly
2020-06-30,iii. Cotton Ginning — growth,-6.601996347862411,% YoY,sbp_gdp_quarterly,quarterly
2020-09-30,iii. Cotton Ginning — growth,-14.470425035644709,% YoY,sbp_gdp_quarterly,quarterly
2020-12-31,iii. Cotton Ginning — growth,-17.052230232272976,% YoY,sbp_gdp_quarterly,quarterly
2021-03-31,iii. Cotton Ginning — growth,-14.40285982421851,% YoY,sbp_gdp_quarterly,quarterly
2021-06-30,iii. Cotton Ginning — growth,-5.903907694242591,% YoY,sbp_gdp_quarterly,quarterly
2021-09-30,iii. Cotton Ginning — growth,9.984055228068087,% YoY,sbp_gdp_quarterly,quarterly
2021-12-31,iii. Cotton Ginning — growth,16.773924122458595,% YoY,sbp_gdp_quarterly,quarterly
2022-03-31,iii. Cotton Ginning — growth,12.581949916385952,% YoY,sbp_gdp_quarterly,quarterly
2022-06-30,iii. Cotton Ginning — growth,-1.9376560131404403,% YoY,sbp_gdp_quarterly,quarterly
2022-09-30,iii. Cotton Ginning — growth,-23.88803479455919,% YoY,sbp_gdp_quarterly,quarterly
2022-12-31,iii. Cotton Ginning — growth,-31.394123854800597,% YoY,sbp_gdp_quarterly,quarterly
2023-03-31,iii. Cotton Ginning — growth,-26.724188056202905,% YoY,sbp_gdp_quarterly,quarterly
2023-06-30,iii. Cotton Ginning — growth,-7.724483601116646,% YoY,sbp_gdp_quarterly,quarterly
2023-09-30,iii. Cotton Ginning — growth,34.67657587931626,% YoY,sbp_gdp_quarterly,quarterly
2023-12-31,iii. Cotton Ginning — growth,61.91807314542126,% YoY,sbp_gdp_quarterly,quarterly
2024-03-31,iii. Cotton Ginning — growth,60.90529355411314,% YoY,sbp_gdp_quarterly,quarterly
2024-06-30,iii. Cotton Ginning — growth,34.40865747139796,% YoY,sbp_gdp_quarterly,quarterly
2024-09-30,iii. Cotton Ginning — growth,-3.0691007705287916,% YoY,sbp_gdp_quarterly,quarterly
2024-12-31,iii. Cotton Ginning — growth,-20.30254547775155,% YoY,sbp_gdp_quarterly,quarterly
2025-03-31,iii. Cotton Ginning — growth,-26.610443390124246,% YoY,sbp_gdp_quarterly,quarterly
2025-06-30,iii. Cotton Ginning — growth,-24.27055662986146,% YoY,sbp_gdp_quarterly,quarterly
2025-09-30,iii. Cotton Ginning — growth,-11.475954467143751,% YoY,sbp_gdp_quarterly,quarterly
2025-12-31,iii. Cotton Ginning — growth,-0.5462465804915837,% YoY,sbp_gdp_quarterly,quarterly
2026-03-31,iii. Cotton Ginning — growth,6.435616502275749,% YoY,sbp_gdp_quarterly,quarterly
2016-09-30,iii. Slaughtering — growth,4.409480296927825,% YoY,sbp_gdp_quarterly,quarterly
2016-12-31,iii. Slaughtering — growth,5.629822294857519,% YoY,sbp_gdp_quarterly,quarterly
2017-03-31,iii. Slaughtering — growth,6.297876851728361,% YoY,sbp_gdp_quarterly,quarterly
2017-06-30,iii. Slaughtering — growth,6.419269613802342,% YoY,sbp_gdp_quarterly,quarterly
2017-09-30,iii. Slaughtering — growth,6.013240800151976,% YoY,sbp_gdp_quarterly,quarterly
2017-12-31,iii. Slaughtering — growth,5.754681415346312,% YoY,sbp_gdp_quarterly,quarterly
2018-03-31,iii. Slaughtering — growth,5.636106095984957,% YoY,sbp_gdp_quarterly,quarterly
2018-06-30,iii. Slaughtering — growth,5.651078260893968,% YoY,sbp_gdp_quarterly,quarterly
2018-09-30,iii. Slaughtering — growth,5.794088740317463,% YoY,sbp_gdp_quarterly,quarterly
2018-12-31,iii. Slaughtering — growth,5.886862630110315,% YoY,sbp_gdp_quarterly,quarterly
2019-03-31,iii. Slaughtering — growth,5.931257325035119,% YoY,sbp_gdp_quarterly,quarterly
2019-06-30,iii. Slaughtering — growth,5.929182041988426,% YoY,sbp_gdp_quarterly,quarterly
2019-09-30,iii. Slaughtering — growth,5.882584539671726,% YoY,sbp_gdp_quarterly,quarterly
2019-12-31,iii. Slaughtering — growth,5.869769188204273,% YoY,sbp_gdp_quarterly,quarterly
2020-03-31,iii. Slaughtering — growth,5.889305962562645,% YoY,sbp_gdp_quarterly,quarterly
2020-06-30,iii. Slaughtering — growth,5.939826682526061,% YoY,sbp_gdp_quarterly,quarterly
2020-09-30,iii. Slaughtering — growth,6.02002199670784,% YoY,sbp_gdp_quarterly,quarterly
2020-12-31,iii. Slaughtering — growth,6.089058943091501,% YoY,sbp_gdp_quarterly,quarterly
2021-03-31,iii. Slaughtering — growth,6.1473247900794945,% YoY,sbp_gdp_quarterly,quarterly
2021-06-30,iii. Slaughtering — growth,6.195210385551491,% YoY,sbp_gdp_quarterly,quarterly
2021-09-30,iii. Slaughtering — growth,6.233108399195331,% YoY,sbp_gdp_quarterly,quarterly
2021-12-31,iii. Slaughtering — growth,6.271811492950732,% YoY,sbp_gdp_quarterly,quarterly
2022-03-31,iii. Slaughtering — growth,6.311247826682546,% YoY,sbp_gdp_quarterly,quarterly
2022-06-30,iii. Slaughtering — growth,6.351348390708253,% YoY,sbp_gdp_quarterly,quarterly
2022-09-30,iii. Slaughtering — growth,6.3920470105504705,% YoY,sbp_gdp_quarterly,quarterly
2022-12-31,iii. Slaughtering — growth,6.4347372727179675,% YoY,sbp_gdp_quarterly,quarterly
2023-03-31,iii. Slaughtering — growth,6.4792871033508845,% YoY,sbp_gdp_quarterly,quarterly
2023-06-30,iii. Slaughtering — growth,6.525568673978157,% YoY,sbp_gdp_quarterly,quarterly
2023-09-30,iii. Slaughtering — growth,6.573458496901736,% YoY,sbp_gdp_quarterly,quarterly
2023-12-31,iii. Slaughtering — growth,6.603746436125377,% YoY,sbp_gdp_quarterly,quarterly
2024-03-31,iii. Slaughtering — growth,6.617211872647829,% YoY,sbp_gdp_quarterly,quarterly
2024-06-30,iii. Slaughtering — growth,6.6146223067815555,% YoY,sbp_gdp_quarterly,quarterly
2024-09-30,iii. Slaughtering — growth,6.59673158027465,% YoY,sbp_gdp_quarterly,quarterly
2024-12-31,iii. Slaughtering — growth,6.5268220936054036,% YoY,sbp_gdp_quarterly,quarterly
2025-03-31,iii. Slaughtering — growth,6.407381214449188,% YoY,sbp_gdp_quarterly,quarterly
2025-06-30,iii. Slaughtering — growth,6.240804006713489,% YoY,sbp_gdp_quarterly,quarterly
2025-09-30,iii. Slaughtering — growth,6.029395404164845,% YoY,sbp_gdp_quarterly,quarterly
2025-12-31,iii. Slaughtering — growth,6.013695973729185,% YoY,sbp_gdp_quarterly,quarterly
2026-03-31,iii. Slaughtering — growth,6.184865216705049,% YoY,sbp_gdp_quarterly,quarterly
