catalog,parent,child,frequency,year,title,published,file_name,url,fmt,bytes,archive_file_name,archive_url
main,agriculture-credit-data-district-wise,district-wise-detail,half_yearly,2024,District Wise - Detail July-June 2024,,district-wise-detail-july-june-2024.pdf,https://www.sbp.org.pk/assets/document/district-wise-detail-july-june-2024.pdf,pdf,501207.0,district-wise-detail-july-june-2024.xlsx,https://www.sbp.org.pk/assets/document/district-wise-detail-july-june-2024.xlsx
main,agriculture-credit-data-district-wise,district-wise-detail,half_yearly,2022,District Wise - Detail July-June 2022,,district-wise-detail-july-june-2022.pdf,https://www.sbp.org.pk/assets/document/district-wise-detail-july-june-2022.pdf,pdf,667228.0,district-wise-detail-july-june-2022.xls,https://www.sbp.org.pk/assets/document/district-wise-detail-july-june-2022.xls
main,agriculture-credit-data-district-wise,district-wise-detail,half_yearly,2021,District Wise - Detail July-December 2021,,DWS-Jul-Dec-2021.pdf,https://www.sbp.org.pk/assets/document/DWS-Jul-Dec-2021.pdf,pdf,688681.0,DWS-Jul-Dec-2021.xlsx,https://www.sbp.org.pk/assets/document/DWS-Jul-Dec-2021.xlsx
main,agriculture-credit-data-district-wise,district-wise-detail,half_yearly,2021,District Wise - Detail July-June 2021,,DWS-Jul-Jun-2021.pdf,https://www.sbp.org.pk/assets/document/DWS-Jul-Jun-2021.pdf,pdf,686367.0,DWS-Jul-Jun-2021.xls,https://www.sbp.org.pk/assets/document/DWS-Jul-Jun-2021.xls
main,agriculture-credit-data-district-wise,district-wise-detail,half_yearly,2020,District Wise - Detail July-December 2020,,DWS-Jul-Dec-2020.pdf,https://www.sbp.org.pk/assets/document/DWS-Jul-Dec-2020.pdf,pdf,688527.0,DWS-Jul-Dec-2020.xls,https://www.sbp.org.pk/assets/document/DWS-Jul-Dec-2020.xls
main,agriculture-credit-data-district-wise,province-wise-summary,half_yearly,2024,Province Wise -Summary July-June 2024 (FY24),,province-wise-summary-july-june-2024-fy24.pdf,https://www.sbp.org.pk/assets/document/province-wise-summary-july-june-2024-fy24.pdf,pdf,346573.0,province-wise-summary-july-june-2024-fy24.xlsx,https://www.sbp.org.pk/assets/document/province-wise-summary-july-june-2024-fy24.xlsx
main,agriculture-credit-data-district-wise,province-wise-summary,half_yearly,2022 - 2023,Province Wise -Summary July - December 2022 (FY 2022-23),,province-wise-summary-july-december-2022-fy-2022-23.pdf,https://www.sbp.org.pk/assets/document/province-wise-summary-july-december-2022-fy-2022-23.pdf,pdf,64420.0,province-wise-summary-july-december-2022-fy-2022-23.xlsx,https://www.sbp.org.pk/assets/document/province-wise-summary-july-december-2022-fy-2022-23.xlsx
main,agriculture-credit-data-district-wise,province-wise-summary,half_yearly,2022,Province Wise -Summary July-June 2022,,PWS-Jul-Jun-2022.pdf,https://www.sbp.org.pk/assets/document/PWS-Jul-Jun-2022.pdf,pdf,64440.0,PWS-Jul-Jun-2022.xlsx,https://www.sbp.org.pk/assets/document/PWS-Jul-Jun-2022.xlsx
main,agriculture-credit-data-district-wise,province-wise-summary,half_yearly,2021,Province Wise -Summary July-December 2021,,PWS-Jul-Dec-2021.pdf,https://www.sbp.org.pk/assets/document/PWS-Jul-Dec-2021.pdf,pdf,63672.0,PWS-Jul-Dec-2021.xlsx,https://www.sbp.org.pk/assets/document/PWS-Jul-Dec-2021.xlsx
main,agriculture-credit-data-district-wise,province-wise-summary,half_yearly,2021,Province Wise -Summary July-June 2021,,PWS-Jul-Jun-2021.pdf,https://www.sbp.org.pk/assets/document/PWS-Jul-Jun-2021.pdf,pdf,63785.0,PWS-Jul-Jun-2021.xlsx,https://www.sbp.org.pk/assets/document/PWS-Jul-Jun-2021.xlsx
main,auction-profile-and-results,auction-calendar-of-government-of-pakistan-investment-bonds,monthly,2026,Auction Calendar of Government of Pakistan Investment Bonds,,Auction-Bond.pdf,https://www.sbp.org.pk/assets/document/Auction-Bond.pdf,pdf,577608.0,,
main,auction-profile-and-results,auction-calendar-of-market-treasury-bills,,2026,Auction Calendar of Market Treasury Bills,2026-01-02,auction-treasurybills.pdf,https://www.sbp.org.pk/assets/document/auction-treasurybills.pdf,pdf,590469.0,,
main,auction-profile-and-results,auction-result-latest-of-chinese-yuan-cny-loan-facility,,2013,Auction Result (Latest) of Chinese Yuan (CNY) Loan Facility,2013-12-04,CNY_1.pdf,https://www.sbp.org.pk/assets/document/CNY_1.pdf,pdf,168888.0,,
main,auction-profile-and-results,auction-result-latest-of-market-treasury-bills,,2025,Auction Result (latest) of Market Treasury Bills,2025-12-10,auction-tbills.pdf,https://www.sbp.org.pk/assets/document/auction-tbills.pdf,pdf,384502.0,tb.xlsx,https://www.sbp.org.pk/assets/document/tb.xlsx
main,auction-profile-and-results,auction-tender-for-chinese-yuan-cny-loan-facility,,2026,Auction Tender for Chinese Yuan (CNY) Loan Facility,,Auction-CNY.pdf,https://www.sbp.org.pk/assets/document/Auction-CNY.pdf,pdf,98796.0,,
main,auction-profile-and-results,auction-tender-notice-of-fixed-rate-government-of-pakistan-ijara-sukuk,,2023,Auction Tender Notice of Fixed Rate Government of Pakistan Ijara Sukuk (FRR-GIS),2023-11-28,Auction-Fixed.pdf,https://www.sbp.org.pk/assets/document/Auction-Fixed.pdf,pdf,607109.0,,
main,auction-profile-and-results,call-market-trading-volume,daily,2026,Call Market Trading Volume - 13-Feb-2025,,13-Feb-2025.pdf,https://www.sbp.org.pk/assets/document/13-Feb-2025.pdf,pdf,4700.0,,
main,auction-profile-and-results,call-market-trading-volume,daily,2025,Call Market Trading Volume 02-Jan-2025,2025-01-02,02-Jan-2025.pdf,https://www.sbp.org.pk/assets/document/02-Jan-2025.pdf,pdf,4536.0,,
main,auction-profile-and-results,call-market-trading-volume,daily,2025,Call Market Trading Volume 03-Jan-2025,2025-01-03,03-Jan-2025.pdf,https://www.sbp.org.pk/assets/document/03-Jan-2025.pdf,pdf,4710.0,,
main,auction-profile-and-results,call-market-trading-volume,daily,2025,Call Market Trading Volume 06-Jan-2025,2025-01-06,06-Jan-2025.pdf,https://www.sbp.org.pk/assets/document/06-Jan-2025.pdf,pdf,4618.0,,
main,auction-profile-and-results,call-market-trading-volume,daily,2025,Call Market Trading Volume 07-Jan-2025,2025-01-07,07-Jan-2025.pdf,https://www.sbp.org.pk/assets/document/07-Jan-2025.pdf,pdf,4854.0,,
main,auction-profile-and-results,call-market-trading-volume,daily,2025,Call Market Trading Volume 08-Jan-2025,2025-01-08,08-Jan-2025.pdf,https://www.sbp.org.pk/assets/document/08-Jan-2025.pdf,pdf,4536.0,,
main,auction-profile-and-results,call-market-trading-volume,daily,2025,Call Market Trading Volume 09-Jan-2025,2025-01-09,09-Jan-2025.pdf,https://www.sbp.org.pk/assets/document/09-Jan-2025.pdf,pdf,4547.0,,
main,auction-profile-and-results,call-market-trading-volume,daily,2025,Call Market Trading Volume 10-Jan-2025,2025-01-10,10-Jan-2025.pdf,https://www.sbp.org.pk/assets/document/10-Jan-2025.pdf,pdf,4874.0,,
main,auction-profile-and-results,call-market-trading-volume,daily,2025,Call Market Trading Volume 13-Jan-2025,2025-01-13,13-Jan-2025.pdf,https://www.sbp.org.pk/assets/document/13-Jan-2025.pdf,pdf,4833.0,,
main,auction-profile-and-results,call-market-trading-volume,daily,2025,Call Market Trading Volume 14-Jan-2025,2025-01-14,14-Jan-2025.pdf,https://www.sbp.org.pk/assets/document/14-Jan-2025.pdf,pdf,4833.0,,
main,auction-profile-and-results,call-market-trading-volume,daily,2025,Call Market Trading Volume 15-Jan-2025,2025-01-15,15-Jan-2025.pdf,https://www.sbp.org.pk/assets/document/15-Jan-2025.pdf,pdf,4680.0,,
main,auction-profile-and-results,call-market-trading-volume,daily,2025,Call Market Trading Volume 16-Jan-2025,2025-01-16,16-Jan-2025.pdf,https://www.sbp.org.pk/assets/document/16-Jan-2025.pdf,pdf,4342.0,,
main,auction-profile-and-results,call-market-trading-volume,daily,2025,Call Market Trading Volume 17-Jan-2025,2025-01-17,17-Jan-2025.pdf,https://www.sbp.org.pk/assets/document/17-Jan-2025.pdf,pdf,4485.0,,
main,auction-profile-and-results,call-market-trading-volume,daily,2025,Call Market Trading Volume 20-Jan-2025,2025-01-20,20-Jan-2025.pdf,https://www.sbp.org.pk/assets/document/20-Jan-2025.pdf,pdf,4495.0,,
main,auction-profile-and-results,call-market-trading-volume,daily,2025,Call Market Trading Volume 21-Jan-2025,2025-01-21,21-Jan-2025.pdf,https://www.sbp.org.pk/assets/document/21-Jan-2025.pdf,pdf,4700.0,,
main,auction-profile-and-results,call-market-trading-volume,daily,2025,Call Market Trading Volume 22-Jan-2025,2025-01-22,22-Jan-2025.pdf,https://www.sbp.org.pk/assets/document/22-Jan-2025.pdf,pdf,4700.0,,
main,auction-profile-and-results,call-market-trading-volume,daily,2025,Call Market Trading Volume 23-Jan-2025,2025-01-23,23-Jan-2025.pdf,https://www.sbp.org.pk/assets/document/23-Jan-2025.pdf,pdf,4342.0,,
main,auction-profile-and-results,call-market-trading-volume,daily,2025,Call Market Trading Volume 24-Jan-2025,2025-01-24,24-Jan-2025.pdf,https://www.sbp.org.pk/assets/document/24-Jan-2025.pdf,pdf,4547.0,,
main,auction-profile-and-results,call-market-trading-volume,daily,2025,Call Market Trading Volume 27-Jan-2025,2025-01-27,27-Jan-2025.pdf,https://www.sbp.org.pk/assets/document/27-Jan-2025.pdf,pdf,4536.0,,
main,auction-profile-and-results,call-market-trading-volume,daily,2025,Call Market Trading Volume - 28-Jan-2025,2025-01-28,28-Jan-2025.pdf,https://www.sbp.org.pk/assets/document/28-Jan-2025.pdf,pdf,4536.0,,
main,auction-profile-and-results,call-market-trading-volume,daily,2025,Call Market Trading Volume - 29-Jan-2025,2025-01-29,29-Jan-2025.pdf,https://www.sbp.org.pk/assets/document/29-Jan-2025.pdf,pdf,4495.0,,
main,auction-profile-and-results,call-market-trading-volume,daily,2025,Call Market Trading Volume - 30-Jan-2025,2025-01-30,30-Jan-2025_5.pdf,https://www.sbp.org.pk/assets/document/30-Jan-2025_5.pdf,pdf,4628.0,,
main,auction-profile-and-results,call-market-trading-volume,daily,2025,Call Market Trading Volume - 31-Jan-2025,2025-01-31,31-Jan-2025_5.pdf,https://www.sbp.org.pk/assets/document/31-Jan-2025_5.pdf,pdf,4547.0,,
main,auction-profile-and-results,call-market-trading-volume,daily,2025,Call Market Trading Volume - 03-Feb-2025,2025-02-03,03-Feb-2025.pdf,https://www.sbp.org.pk/assets/document/03-Feb-2025.pdf,pdf,4485.0,,
main,auction-profile-and-results,call-market-trading-volume,daily,2025,Call Market Trading Volume - 04-Feb-2025,2025-02-04,04-Feb-2025.pdf,https://www.sbp.org.pk/assets/document/04-Feb-2025.pdf,pdf,4833.0,,
main,auction-profile-and-results,call-market-trading-volume,daily,2025,Call Market Trading Volume - 06-Feb-2025,2025-02-06,06-Feb-2025.pdf,https://www.sbp.org.pk/assets/document/06-Feb-2025.pdf,pdf,4536.0,,
main,auction-profile-and-results,call-market-trading-volume,daily,2025,Call Market Trading Volume - 07-Feb-2025,2025-02-07,07-Feb-2025.pdf,https://www.sbp.org.pk/assets/document/07-Feb-2025.pdf,pdf,4485.0,,
main,auction-profile-and-results,call-market-trading-volume,daily,2025,Call Market Trading Volume - 10-Feb-2025,2025-02-10,10-Feb-2025.pdf,https://www.sbp.org.pk/assets/document/10-Feb-2025.pdf,pdf,4485.0,,
main,auction-profile-and-results,call-market-trading-volume,daily,2025,Call Market Trading Volume - 11-Feb-2025,2025-02-11,11-Feb-2025.pdf,https://www.sbp.org.pk/assets/document/11-Feb-2025.pdf,pdf,4680.0,,
main,auction-profile-and-results,call-market-trading-volume,daily,2025,Call Market Trading Volume - 12-Feb-2025,2025-02-12,12-Feb-2025.pdf,https://www.sbp.org.pk/assets/document/12-Feb-2025.pdf,pdf,4495.0,,
main,auction-profile-and-results,call-market-trading-volume,daily,2025,Call Market Trading Volume - 14-Feb-2025,2025-02-14,14-Feb-2025.pdf,https://www.sbp.org.pk/assets/document/14-Feb-2025.pdf,pdf,4547.0,,
main,auction-profile-and-results,call-market-trading-volume,daily,2025,Call Market Trading Volume - 17-Feb-2025,2025-02-17,17-Feb-2025.pdf,https://www.sbp.org.pk/assets/document/17-Feb-2025.pdf,pdf,4854.0,,
main,auction-profile-and-results,call-market-trading-volume,daily,2025,Call Market Trading Volume - 18-Feb-2025,2025-02-18,18-Feb-2025.pdf,https://www.sbp.org.pk/assets/document/18-Feb-2025.pdf,pdf,4547.0,,
main,auction-profile-and-results,call-market-trading-volume,daily,2025,Call Market Trading Volume - 19-Feb-2025,2025-02-19,19-Feb-2025.pdf,https://www.sbp.org.pk/assets/document/19-Feb-2025.pdf,pdf,4628.0,,
main,auction-profile-and-results,call-market-trading-volume,daily,2025,Call Market Trading Volume - 20-Feb-2025,2025-02-20,20-Feb-2025.pdf,https://www.sbp.org.pk/assets/document/20-Feb-2025.pdf,pdf,4547.0,,
main,auction-profile-and-results,call-market-trading-volume,daily,2025,Call Market Trading Volume - 21-Feb-2025,2025-02-21,21-Feb-2025.pdf,https://www.sbp.org.pk/assets/document/21-Feb-2025.pdf,pdf,4547.0,,
main,auction-profile-and-results,call-market-trading-volume,daily,2025,Call Market Trading Volume - 24-Feb-2025,2025-02-24,24-Feb-2025.pdf,https://www.sbp.org.pk/assets/document/24-Feb-2025.pdf,pdf,4823.0,,
main,auction-profile-and-results,call-market-trading-volume,daily,2025,Call Market Trading Volume - 25-Feb-2025,2025-02-25,25-Feb-2025.pdf,https://www.sbp.org.pk/assets/document/25-Feb-2025.pdf,pdf,4710.0,,
main,auction-profile-and-results,call-market-trading-volume,daily,2025,Call Market Trading Volume - 26-Feb-2025,2025-02-26,26-Feb-2025.pdf,https://www.sbp.org.pk/assets/document/26-Feb-2025.pdf,pdf,4342.0,,
main,auction-profile-and-results,call-market-trading-volume,daily,2025,Call Market Trading Volume - 27-Feb-2025,2025-02-27,27-Feb-2025_5.pdf,https://www.sbp.org.pk/assets/document/27-Feb-2025_5.pdf,pdf,4536.0,,
main,auction-profile-and-results,call-market-trading-volume,daily,2025,Call Market Trading Volume - 04-Mar-2025,2025-03-04,04-Mar-2025.pdf,https://www.sbp.org.pk/assets/document/04-Mar-2025.pdf,pdf,4823.0,,
main,auction-profile-and-results,call-market-trading-volume,daily,2025,Call Market Trading Volume - 05-Mar-2025,2025-03-05,05-Mar-2025.pdf,https://www.sbp.org.pk/assets/document/05-Mar-2025.pdf,pdf,4547.0,,
main,auction-profile-and-results,call-market-trading-volume,daily,2025,Call Market Trading Volume - 06-Mar-2025,2025-03-06,06-Mar-2025.pdf,https://www.sbp.org.pk/assets/document/06-Mar-2025.pdf,pdf,4680.0,,
main,auction-profile-and-results,call-market-trading-volume,daily,2025,Call Market Trading Volume - 07-Mar-2025,2025-03-07,07-Mar-2025.pdf,https://www.sbp.org.pk/assets/document/07-Mar-2025.pdf,pdf,4997.0,,
main,auction-profile-and-results,call-market-trading-volume,daily,2025,Call Market Trading Volume - 10-Mar-2025,2025-03-10,10-Mar-2025.pdf,https://www.sbp.org.pk/assets/document/10-Mar-2025.pdf,pdf,4495.0,,
main,auction-profile-and-results,call-market-trading-volume,daily,2025,Call Market Trading Volume - 11-Mar-2025,2025-03-11,11-Mar-2025.pdf,https://www.sbp.org.pk/assets/document/11-Mar-2025.pdf,pdf,4342.0,,
main,auction-profile-and-results,call-market-trading-volume,daily,2025,Call Market Trading Volume - 12-Mar-2025,2025-03-12,12-Mar-2025.pdf,https://www.sbp.org.pk/assets/document/12-Mar-2025.pdf,pdf,4536.0,,
main,auction-profile-and-results,call-market-trading-volume,daily,2025,Call Market Trading Volume - 13-Mar-2025,2025-03-13,13-Mar-2025.pdf,https://www.sbp.org.pk/assets/document/13-Mar-2025.pdf,pdf,4342.0,,
main,auction-profile-and-results,call-market-trading-volume,daily,2025,Call Market Trading Volume - 14-Mar-2025,2025-03-14,14-Mar-2025.pdf,https://www.sbp.org.pk/assets/document/14-Mar-2025.pdf,pdf,4966.0,,
main,auction-profile-and-results,call-market-trading-volume,daily,2025,Call Market Trading Volume - 17-Mar-2025,2025-03-17,17-Mar-2025.pdf,https://www.sbp.org.pk/assets/document/17-Mar-2025.pdf,pdf,4495.0,,
main,auction-profile-and-results,call-market-trading-volume,daily,2025,Call Market Trading Volume - 18-Mar-2025,2025-03-18,18-Mar-2025.pdf,https://www.sbp.org.pk/assets/document/18-Mar-2025.pdf,pdf,4536.0,,
main,auction-profile-and-results,call-market-trading-volume,daily,2025,Call Market Trading Volume - 19-Mar-2025,2025-03-19,19-Mar-2025.pdf,https://www.sbp.org.pk/assets/document/19-Mar-2025.pdf,pdf,4475.0,,
main,auction-profile-and-results,call-market-trading-volume,daily,2025,Call Market Trading Volume - 20-Mar-2025,2025-03-20,20-Mar-2025.pdf,https://www.sbp.org.pk/assets/document/20-Mar-2025.pdf,pdf,4557.0,,
main,auction-profile-and-results,call-market-trading-volume,daily,2025,Call Market Trading Volume - 21-Mar-2025,2025-03-21,21-Mar-2025.pdf,https://www.sbp.org.pk/assets/document/21-Mar-2025.pdf,pdf,4956.0,,
main,auction-profile-and-results,call-market-trading-volume,daily,2025,Call Market Trading Volume - 24-Mar-2025,2025-03-24,24-Mar-2025.pdf,https://www.sbp.org.pk/assets/document/24-Mar-2025.pdf,pdf,5069.0,,
main,auction-profile-and-results,call-market-trading-volume,daily,2025,Call Market Trading Volume - 25-Mar-2025,2025-03-25,25-Mar-2025_compressed.pdf,https://www.sbp.org.pk/assets/document/25-Mar-2025_compressed.pdf,pdf,3881.0,,
main,auction-profile-and-results,call-market-trading-volume,daily,2025,Call Market Trading Volume - 26-Mar-2025,2025-03-26,26-Mar-2025.pdf,https://www.sbp.org.pk/assets/document/26-Mar-2025.pdf,pdf,4342.0,,
main,auction-profile-and-results,call-market-trading-volume,daily,2025,Call Market Trading Volume - 27-Mar-2025,2025-03-27,27-Mar-2025_5.pdf,https://www.sbp.org.pk/assets/document/27-Mar-2025_5.pdf,pdf,4721.0,,
main,auction-profile-and-results,call-market-trading-volume,daily,2025,Call Market Trading Volume - 28-Mar-2025,2025-03-28,28-Mar-2025_5.pdf,https://www.sbp.org.pk/assets/document/28-Mar-2025_5.pdf,pdf,4547.0,,
main,auction-profile-and-results,call-market-trading-volume,daily,2025,Call Market Trading Volume - 3-Apr-25,2025-04-03,03-Apr-2025.pdf,https://www.sbp.org.pk/assets/document/03-Apr-2025.pdf,pdf,4803.0,,
main,auction-profile-and-results,call-market-trading-volume,daily,2025,Call Market Trading Volume - 4-Apr-25,2025-04-04,04-Apr-2025.pdf,https://www.sbp.org.pk/assets/document/04-Apr-2025.pdf,pdf,4710.0,,
main,auction-profile-and-results,call-market-trading-volume,daily,2025,Call Market Trading Volume - 7-Apr-25,2025-04-07,07-Apr-2025.pdf,https://www.sbp.org.pk/assets/document/07-Apr-2025.pdf,pdf,4690.0,,
main,auction-profile-and-results,call-market-trading-volume,daily,2025,Call Market Trading Volume - 8-Apr-25,2025-04-08,08-Apr-2025.pdf,https://www.sbp.org.pk/assets/document/08-Apr-2025.pdf,pdf,4557.0,,
main,auction-profile-and-results,call-market-trading-volume,daily,2025,Call Market Trading Volume - 9-Apr-25,2025-04-09,09-Apr-2025.pdf,https://www.sbp.org.pk/assets/document/09-Apr-2025.pdf,pdf,4710.0,,
main,auction-profile-and-results,call-market-trading-volume,daily,2025,Call Market Trading Volume - 10-Apr-25,2025-04-10,10-Apr-2025.pdf,https://www.sbp.org.pk/assets/document/10-Apr-2025.pdf,pdf,4547.0,,
main,auction-profile-and-results,call-market-trading-volume,daily,2025,Call Market Trading Volume - 11-Apr-25,2025-04-11,11-Apr-2025.pdf,https://www.sbp.org.pk/assets/document/11-Apr-2025.pdf,pdf,4700.0,,
main,auction-profile-and-results,call-market-trading-volume,daily,2025,Call Market Trading Volume - 14-Apr-25,2025-04-14,14-Apr-2025.pdf,https://www.sbp.org.pk/assets/document/14-Apr-2025.pdf,pdf,4618.0,,
main,auction-profile-and-results,call-market-trading-volume,daily,2025,Call Market Trading Volume - 15-Apr-25,2025-04-15,15-Apr-2025.pdf,https://www.sbp.org.pk/assets/document/15-Apr-2025.pdf,pdf,4342.0,,
main,auction-profile-and-results,call-market-trading-volume,daily,2025,Call Market Trading Volume - 16-Apr-25,2025-04-16,16-Apr-2025.pdf,https://www.sbp.org.pk/assets/document/16-Apr-2025.pdf,pdf,4342.0,,
main,auction-profile-and-results,call-market-trading-volume,daily,2025,Call Market Trading Volume - 17-Apr-25,2025-04-17,17-Apr-2025.pdf,https://www.sbp.org.pk/assets/document/17-Apr-2025.pdf,pdf,4854.0,,
main,auction-profile-and-results,call-market-trading-volume,daily,2025,Call Market Trading Volume - 18-Apr-25,2025-04-18,18-Apr-2025.pdf,https://www.sbp.org.pk/assets/document/18-Apr-2025.pdf,pdf,4536.0,,
main,auction-profile-and-results,call-market-trading-volume,daily,2025,Call Market Trading Volume - 21-Apr-25,2025-04-21,21-Apr-2025.pdf,https://www.sbp.org.pk/assets/document/21-Apr-2025.pdf,pdf,4690.0,,
main,auction-profile-and-results,call-market-trading-volume,daily,2025,Call Market Trading Volume - 22-Apr-25,2025-04-22,22-Apr-2025.pdf,https://www.sbp.org.pk/assets/document/22-Apr-2025.pdf,pdf,4536.0,,
main,auction-profile-and-results,call-market-trading-volume,daily,2025,Call Market Trading Volume - 23-Apr-25,2025-04-23,23-Apr-2025.pdf,https://www.sbp.org.pk/assets/document/23-Apr-2025.pdf,pdf,4536.0,,
main,auction-profile-and-results,call-market-trading-volume,daily,2025,Call Market Trading Volume - 24-Apr-25,2025-04-24,24-Apr-2025.pdf,https://www.sbp.org.pk/assets/document/24-Apr-2025.pdf,pdf,4506.0,,
main,auction-profile-and-results,call-market-trading-volume,daily,2025,Call Market Trading Volume - 25-Apr-2025,2025-04-25,25-Apr-2025.pdf,https://www.sbp.org.pk/assets/document/25-Apr-2025.pdf,pdf,4547.0,,
main,auction-profile-and-results,call-market-trading-volume,daily,2025,Call Market Trading Volume - 28-Apr-2025,2025-04-28,28-Apr-2025.pdf,https://www.sbp.org.pk/assets/document/28-Apr-2025.pdf,pdf,4864.0,,
main,auction-profile-and-results,call-market-trading-volume,daily,2025,Call Market Trading Volume - 29-Apr-2025,2025-04-29,29-Apr-2025_4.pdf,https://www.sbp.org.pk/assets/document/29-Apr-2025_4.pdf,pdf,4342.0,,
main,auction-profile-and-results,call-market-trading-volume,daily,2025,Call Market Trading Volume - 30-Apr-2025,2025-04-30,30-Apr-2025_4.pdf,https://www.sbp.org.pk/assets/document/30-Apr-2025_4.pdf,pdf,4547.0,,
main,auction-profile-and-results,call-market-trading-volume,daily,2025,Call Market Trading Volume - 02-May-2025,2025-05-02,02-May-2025.pdf,https://www.sbp.org.pk/assets/document/02-May-2025.pdf,pdf,4547.0,,
main,auction-profile-and-results,call-market-trading-volume,daily,2025,Call Market Trading Volume - 05-May-2025,2025-05-05,05-May-2025.pdf,https://www.sbp.org.pk/assets/document/05-May-2025.pdf,pdf,4669.0,,
main,auction-profile-and-results,call-market-trading-volume,daily,2025,Call Market Trading Volume - 06-May-2025,2025-05-06,06-May-2025.pdf,https://www.sbp.org.pk/assets/document/06-May-2025.pdf,pdf,4547.0,,
main,auction-profile-and-results,call-market-trading-volume,daily,2025,Call Market Trading Volume - 07-May-2025,2025-05-07,07-May-2025.pdf,https://www.sbp.org.pk/assets/document/07-May-2025.pdf,pdf,4342.0,,
main,auction-profile-and-results,call-market-trading-volume,daily,2025,Call Market Trading Volume - 08-May-2025,2025-05-08,08-May-2025.pdf,https://www.sbp.org.pk/assets/document/08-May-2025.pdf,pdf,4547.0,,
main,auction-profile-and-results,call-market-trading-volume,daily,2025,Call Market Trading Volume - 09-May-2025,2025-05-09,09-May-2025.pdf,https://www.sbp.org.pk/assets/document/09-May-2025.pdf,pdf,4342.0,,
main,auction-profile-and-results,call-market-trading-volume,daily,2025,Call Market Trading Volume - 12-May-2025,2025-05-12,12-May-2025.pdf,https://www.sbp.org.pk/assets/document/12-May-2025.pdf,pdf,4700.0,,
main,auction-profile-and-results,call-market-trading-volume,daily,2025,Call Market Trading Volume - 13-May-2025,2025-05-13,13-May-2025.pdf,https://www.sbp.org.pk/assets/document/13-May-2025.pdf,pdf,4342.0,,
main,auction-profile-and-results,call-market-trading-volume,daily,2025,Call Market Trading Volume - 14-May-2025,2025-05-14,14-May-2025.pdf,https://www.sbp.org.pk/assets/document/14-May-2025.pdf,pdf,4536.0,,
main,auction-profile-and-results,call-market-trading-volume,daily,2025,Call Market Trading Volume - 15-May-2025,2025-05-15,15-May-2025.pdf,https://www.sbp.org.pk/assets/document/15-May-2025.pdf,pdf,4536.0,,
main,auction-profile-and-results,call-market-trading-volume,daily,2025,Call Market Trading Volume - 16-May-2025,2025-05-16,16-May-2025.pdf,https://www.sbp.org.pk/assets/document/16-May-2025.pdf,pdf,4547.0,,
main,auction-profile-and-results,call-market-trading-volume,daily,2025,Call Market Trading Volume - 19-May-2025,2025-05-19,19-May-2025.pdf,https://www.sbp.org.pk/assets/document/19-May-2025.pdf,pdf,4690.0,,
main,auction-profile-and-results,call-market-trading-volume,daily,2025,Call Market Trading Volume - 20-May-2025,2025-05-20,20-May-2025.pdf,https://www.sbp.org.pk/assets/document/20-May-2025.pdf,pdf,4342.0,,
main,auction-profile-and-results,call-market-trading-volume,daily,2025,Call Market Trading Volume - 21-May-2025,2025-05-21,21-May-2025.pdf,https://www.sbp.org.pk/assets/document/21-May-2025.pdf,pdf,4342.0,,
main,auction-profile-and-results,call-market-trading-volume,daily,2025,Call Market Trading Volume - 22-May-2025,2025-05-22,22-May-2025.pdf,https://www.sbp.org.pk/assets/document/22-May-2025.pdf,pdf,4495.0,,
main,auction-profile-and-results,call-market-trading-volume,daily,2025,Call Market Trading Volume - 23-May-2025,2025-05-23,23-May-2025.pdf,https://www.sbp.org.pk/assets/document/23-May-2025.pdf,pdf,4710.0,,
main,auction-profile-and-results,call-market-trading-volume,daily,2025,Call Market Trading Volume - 26-May-2025,2025-05-26,26-May-2025.pdf,https://www.sbp.org.pk/assets/document/26-May-2025.pdf,pdf,4700.0,,
main,auction-profile-and-results,call-market-trading-volume,daily,2025,Call Market Trading Volume - 27-May-2025,2025-05-27,27-May-2025.pdf,https://www.sbp.org.pk/assets/document/27-May-2025.pdf,pdf,4342.0,,
main,auction-profile-and-results,call-market-trading-volume,daily,2025,Call Market Trading Volume - 29-May-2025,2025-05-29,29-May-2025_5.pdf,https://www.sbp.org.pk/assets/document/29-May-2025_5.pdf,pdf,4342.0,,
main,auction-profile-and-results,call-market-trading-volume,daily,2025,Call Market Trading Volume - 30-May-2025,2025-05-30,30-May-2025_5.pdf,https://www.sbp.org.pk/assets/document/30-May-2025_5.pdf,pdf,5181.0,,
main,auction-profile-and-results,call-market-trading-volume,daily,2025,Call Market Trading Volume - 02-Jun-2025,2025-06-02,02-Jun-2025.pdf,https://www.sbp.org.pk/assets/document/02-Jun-2025.pdf,pdf,4844.0,,
main,auction-profile-and-results,call-market-trading-volume,daily,2025,Call Market Trading Volume - 03-Jun-2025,2025-06-03,03-Jun-2025.pdf,https://www.sbp.org.pk/assets/document/03-Jun-2025.pdf,pdf,4751.0,,
main,auction-profile-and-results,call-market-trading-volume,daily,2025,Call Market Trading Volume - 04-Jun-2025,2025-06-04,04-Jun-2025.pdf,https://www.sbp.org.pk/assets/document/04-Jun-2025.pdf,pdf,4342.0,,
main,auction-profile-and-results,call-market-trading-volume,daily,2025,Call Market Trading Volume - 05-Jun-2025,2025-06-05,05-Jun-2025.pdf,https://www.sbp.org.pk/assets/document/05-Jun-2025.pdf,pdf,4690.0,,
main,auction-profile-and-results,call-market-trading-volume,daily,2025,Call Market Trading Volume - 10-Jun-2025,2025-06-10,10-Jun-2025.pdf,https://www.sbp.org.pk/assets/document/10-Jun-2025.pdf,pdf,4618.0,,
main,auction-profile-and-results,call-market-trading-volume,daily,2025,Call Market Trading Volume - 11-Jun-2025,2025-06-11,11-Jun-2025.pdf,https://www.sbp.org.pk/assets/document/11-Jun-2025.pdf,pdf,4495.0,,
main,auction-profile-and-results,call-market-trading-volume,daily,2025,Call Market Trading Volume - 12-Jun-2025,2025-06-12,12-Jun-2025.pdf,https://www.sbp.org.pk/assets/document/12-Jun-2025.pdf,pdf,4547.0,,
main,auction-profile-and-results,call-market-trading-volume,daily,2025,Call Market Trading Volume - 13-Jun-2025,2025-06-13,13-Jun-2025.pdf,https://www.sbp.org.pk/assets/document/13-Jun-2025.pdf,pdf,4536.0,,
main,auction-profile-and-results,call-market-trading-volume,daily,2025,Call Market Trading Volume - 16-Jun-2025,2025-06-16,16-Jun-2025.pdf,https://www.sbp.org.pk/assets/document/16-Jun-2025.pdf,pdf,4628.0,,
main,auction-profile-and-results,call-market-trading-volume,daily,2025,Call Market Trading Volume - 17-Jun-2025,2025-06-17,17-Jun-2025.pdf,https://www.sbp.org.pk/assets/document/17-Jun-2025.pdf,pdf,4844.0,,
main,auction-profile-and-results,call-market-trading-volume,daily,2025,Call Market Trading Volume - 18-Jun-2025,2025-06-18,18-Jun-2025.pdf,https://www.sbp.org.pk/assets/document/18-Jun-2025.pdf,pdf,4833.0,,
main,auction-profile-and-results,call-market-trading-volume,daily,2025,Call Market Trading Volume - 19-Jun-2025,2025-06-19,19-Jun-2025.pdf,https://www.sbp.org.pk/assets/document/19-Jun-2025.pdf,pdf,4557.0,,
main,auction-profile-and-results,call-market-trading-volume,daily,2025,Call Market Trading Volume - 20-Jun-2025,2025-06-20,20-Jun-2025.pdf,https://www.sbp.org.pk/assets/document/20-Jun-2025.pdf,pdf,4547.0,,
main,auction-profile-and-results,call-market-trading-volume,daily,2025,Call Market Trading Volume - 23-Jun-2025,2025-06-23,23-Jun-2025.pdf,https://www.sbp.org.pk/assets/document/23-Jun-2025.pdf,pdf,4485.0,,
main,auction-profile-and-results,call-market-trading-volume,daily,2025,Call Market Trading Volume - 24-Jun-2025,2025-06-24,24-Jun-2025.pdf,https://www.sbp.org.pk/assets/document/24-Jun-2025.pdf,pdf,4342.0,,
main,auction-profile-and-results,call-market-trading-volume,daily,2025,Call Market Trading Volume - 25-Jun-2025,2025-06-25,25-Jun-2025.pdf,https://www.sbp.org.pk/assets/document/25-Jun-2025.pdf,pdf,4342.0,,
main,auction-profile-and-results,call-market-trading-volume,daily,2025,Call Market Trading Volume - 26-Jun-2025,2025-06-26,26-Jun-2025.pdf,https://www.sbp.org.pk/assets/document/26-Jun-2025.pdf,pdf,4475.0,,
main,auction-profile-and-results,call-market-trading-volume,daily,2025,Call Market Trading Volume - 27-Jun-2025,2025-06-27,27-Jun-2025_4.pdf,https://www.sbp.org.pk/assets/document/27-Jun-2025_4.pdf,pdf,4536.0,,
main,auction-profile-and-results,call-market-trading-volume,daily,2025,Call Market Trading Volume - 30-Jun-2025,2025-06-30,30-Jun-2025_5.pdf,https://www.sbp.org.pk/assets/document/30-Jun-2025_5.pdf,pdf,4485.0,,
main,auction-profile-and-results,call-market-trading-volume,daily,2025,Call Market Trading Volume - 02-Jul-2025,2025-07-02,02-Jul-2025.pdf,https://www.sbp.org.pk/assets/document/02-Jul-2025.pdf,pdf,4669.0,,
main,auction-profile-and-results,call-market-trading-volume,daily,2025,Call Market Trading Volume - 03-Jul-2025,2025-07-03,03-Jul-2025.pdf,https://www.sbp.org.pk/assets/document/03-Jul-2025.pdf,pdf,4618.0,,
main,auction-profile-and-results,call-market-trading-volume,daily,2025,Call Market Trading Volume - 04-Jul-2025,2025-07-04,04-Jul-2025.pdf,https://www.sbp.org.pk/assets/document/04-Jul-2025.pdf,pdf,4536.0,,
main,auction-profile-and-results,call-market-trading-volume,daily,2025,Call Market Trading Volume - 07-Jul-2025,2025-07-07,07-Jul-2025.pdf,https://www.sbp.org.pk/assets/document/07-Jul-2025.pdf,pdf,4690.0,,
main,auction-profile-and-results,call-market-trading-volume,daily,2025,Call Market Trading Volume - 08-Jul-2025,2025-07-08,08-Jul-2025.pdf,https://www.sbp.org.pk/assets/document/08-Jul-2025.pdf,pdf,4342.0,,
main,auction-profile-and-results,call-market-trading-volume,daily,2025,Call Market Trading Volume - 09-Jul-2025,2025-07-09,09-Jul-2025.pdf,https://www.sbp.org.pk/assets/document/09-Jul-2025.pdf,pdf,4342.0,,
main,auction-profile-and-results,call-market-trading-volume,daily,2025,Call Market Trading Volume - 10-Jul-2025,2025-07-10,10-Jul-2025.pdf,https://www.sbp.org.pk/assets/document/10-Jul-2025.pdf,pdf,4342.0,,
main,auction-profile-and-results,call-market-trading-volume,daily,2025,Call Market Trading Volume - 11-Jul-2025,2025-07-11,11-Jul-2025.pdf,https://www.sbp.org.pk/assets/document/11-Jul-2025.pdf,pdf,4700.0,,
main,auction-profile-and-results,call-market-trading-volume,daily,2025,Call Market Trading Volume - 14-Jul-2025,2025-07-14,14-Jul-2025.pdf,https://www.sbp.org.pk/assets/document/14-Jul-2025.pdf,pdf,4997.0,,
main,auction-profile-and-results,call-market-trading-volume,daily,2025,Call Market Trading Volume - 15-Jul-2025,2025-07-15,15-Jul-2025.pdf,https://www.sbp.org.pk/assets/document/15-Jul-2025.pdf,pdf,4536.0,,
main,auction-profile-and-results,call-market-trading-volume,daily,2025,Call Market Trading Volume - 16-Jul-2025,2025-07-16,16-Jul-2025.pdf,https://www.sbp.org.pk/assets/document/16-Jul-2025.pdf,pdf,4700.0,,
main,auction-profile-and-results,call-market-trading-volume,daily,2025,Call Market Trading Volume - 17-Jul-2025,2025-07-17,17-Jul-2025.pdf,https://www.sbp.org.pk/assets/document/17-Jul-2025.pdf,pdf,4823.0,,
main,auction-profile-and-results,call-market-trading-volume,daily,2025,Call Market Trading Volume - 18-Jul-2025,2025-07-18,18-Jul-2025.pdf,https://www.sbp.org.pk/assets/document/18-Jul-2025.pdf,pdf,4803.0,,
main,auction-profile-and-results,call-market-trading-volume,daily,2025,Call Market Trading Volume - 21-Jul-2025,2025-07-21,21-Jul-2025.pdf,https://www.sbp.org.pk/assets/document/21-Jul-2025.pdf,pdf,4966.0,,
main,auction-profile-and-results,call-market-trading-volume,daily,2025,Call Market Trading Volume - 22-Jul-2025,2025-07-22,22-Jul-2025.pdf,https://www.sbp.org.pk/assets/document/22-Jul-2025.pdf,pdf,4342.0,,
main,auction-profile-and-results,call-market-trading-volume,daily,2025,Call Market Trading Volume - 23-Jul-2025,2025-07-23,23-Jul-2025.pdf,https://www.sbp.org.pk/assets/document/23-Jul-2025.pdf,pdf,4342.0,,
main,auction-profile-and-results,call-market-trading-volume,daily,2025,Call Market Trading Volume - 24-Jul-2025,2025-07-24,24-Jul-2025.pdf,https://www.sbp.org.pk/assets/document/24-Jul-2025.pdf,pdf,4700.0,,
main,auction-profile-and-results,call-market-trading-volume,daily,2025,Call Market Trading Volume - 25-Jul-2025,2025-07-25,25-Jul-2025.pdf,https://www.sbp.org.pk/assets/document/25-Jul-2025.pdf,pdf,4977.0,,
main,auction-profile-and-results,call-market-trading-volume,daily,2025,Call Market Trading Volume - 28-Jul-2025,2025-07-28,28-Jul-2025.pdf,https://www.sbp.org.pk/assets/document/28-Jul-2025.pdf,pdf,4977.0,,
main,auction-profile-and-results,call-market-trading-volume,daily,2025,Call Market Trading Volume - 29-Jul-2025,2025-07-29,29-Jul-2025.pdf,https://www.sbp.org.pk/assets/document/29-Jul-2025.pdf,pdf,4342.0,,
main,auction-profile-and-results,call-market-trading-volume,daily,2025,Call Market Trading Volume - 30-Jul-2025,2025-07-30,30-Jul-2025_5.pdf,https://www.sbp.org.pk/assets/document/30-Jul-2025_5.pdf,pdf,4833.0,,
main,auction-profile-and-results,call-market-trading-volume,daily,2025,Call Market Trading Volume - 31-Jul-2025,2025-07-31,31-Jul-2025_5.pdf,https://www.sbp.org.pk/assets/document/31-Jul-2025_5.pdf,pdf,4342.0,,
main,auction-profile-and-results,call-market-trading-volume,daily,2025,Call Market Trading Volume - 02-Aug-2025,2025-08-02,02-Aug-2025.pdf,https://www.sbp.org.pk/assets/document/02-Aug-2025.pdf,pdf,4710.0,,
main,auction-profile-and-results,call-market-trading-volume,daily,2025,Call Market Trading Volume - 04-Aug-2025,2025-08-04,04-Aug-2025.pdf,https://www.sbp.org.pk/assets/document/04-Aug-2025.pdf,pdf,4690.0,,
main,auction-profile-and-results,call-market-trading-volume,daily,2025,Call Market Trading Volume - 05-Aug-2025,2025-08-05,05-Aug-2025.pdf,https://www.sbp.org.pk/assets/document/05-Aug-2025.pdf,pdf,4690.0,,
main,auction-profile-and-results,call-market-trading-volume,daily,2025,Call Market Trading Volume - 06-Aug-2025,2025-08-06,06-Aug-2025.pdf,https://www.sbp.org.pk/assets/document/06-Aug-2025.pdf,pdf,4557.0,,
main,auction-profile-and-results,call-market-trading-volume,daily,2025,Call Market Trading Volume - 07-Aug-2025,2025-08-07,07-Aug-2025.pdf,https://www.sbp.org.pk/assets/document/07-Aug-2025.pdf,pdf,4547.0,,
main,auction-profile-and-results,call-market-trading-volume,daily,2025,Call Market Trading Volume - 08-Aug-2025,2025-08-08,08-Aug-2025.pdf,https://www.sbp.org.pk/assets/document/08-Aug-2025.pdf,pdf,4997.0,,
main,auction-profile-and-results,call-market-trading-volume,daily,2025,Call Market Trading Volume - 11-Aug-2025,2025-08-11,11-Aug-2025.pdf,https://www.sbp.org.pk/assets/document/11-Aug-2025.pdf,pdf,4639.0,,
main,auction-profile-and-results,call-market-trading-volume,daily,2025,Call Market Trading Volume - 12-Aug-2025,2025-08-12,12-Aug-2025.pdf,https://www.sbp.org.pk/assets/document/12-Aug-2025.pdf,pdf,4506.0,,
main,auction-profile-and-results,call-market-trading-volume,daily,2025,Call Market Trading Volume - 13-Aug-2025,2025-08-13,13-Aug-2025.pdf,https://www.sbp.org.pk/assets/document/13-Aug-2025.pdf,pdf,4864.0,,
main,auction-profile-and-results,call-market-trading-volume,daily,2025,Call Market Trading Volume - 15-Aug-2025,2025-08-15,15-Aug-2025.pdf,https://www.sbp.org.pk/assets/document/15-Aug-2025.pdf,pdf,4700.0,,
main,auction-profile-and-results,call-market-trading-volume,daily,2025,Call Market Trading Volume - 18-Aug-2025,2025-08-18,18-Aug-2025.pdf,https://www.sbp.org.pk/assets/document/18-Aug-2025.pdf,pdf,4772.0,,
main,auction-profile-and-results,call-market-trading-volume,daily,2025,Call Market Trading Volume - 19-Aug-2025,2025-08-19,19-Aug-2025.pdf,https://www.sbp.org.pk/assets/document/19-Aug-2025.pdf,pdf,4762.0,,
main,auction-profile-and-results,call-market-trading-volume,daily,2025,Call Market Trading Volume - 20-Aug-2025,2025-08-20,20-Aug-2025.pdf,https://www.sbp.org.pk/assets/document/20-Aug-2025.pdf,pdf,4628.0,,
main,auction-profile-and-results,call-market-trading-volume,daily,2025,Call Market Trading Volume - 21-Aug-2025,2025-08-21,21-Aug-2025.pdf,https://www.sbp.org.pk/assets/document/21-Aug-2025.pdf,pdf,4547.0,,
main,auction-profile-and-results,call-market-trading-volume,daily,2025,Call Market Trading Volume - 22-Aug-2025,2025-08-22,22-Aug-2025.pdf,https://www.sbp.org.pk/assets/document/22-Aug-2025.pdf,pdf,4874.0,,
main,auction-profile-and-results,call-market-trading-volume,daily,2025,Call Market Trading Volume - 25-Aug-2025,2025-08-25,25-Aug-2025.pdf,https://www.sbp.org.pk/assets/document/25-Aug-2025.pdf,pdf,4495.0,,
main,auction-profile-and-results,call-market-trading-volume,daily,2025,Call Market Trading Volume - 26-Aug-2025,2025-08-26,26-Aug-2025.pdf,https://www.sbp.org.pk/assets/document/26-Aug-2025.pdf,pdf,4854.0,,
main,auction-profile-and-results,call-market-trading-volume,daily,2025,Call Market Trading Volume - 27-Aug-2025,2025-08-27,27-Aug-2025.pdf,https://www.sbp.org.pk/assets/document/27-Aug-2025.pdf,pdf,4680.0,,
main,auction-profile-and-results,call-market-trading-volume,daily,2025,Call Market Trading Volume - 28-Aug-2025,2025-08-28,28-Aug-2025_5.pdf,https://www.sbp.org.pk/assets/document/28-Aug-2025_5.pdf,pdf,4823.0,,
main,auction-profile-and-results,call-market-trading-volume,daily,2025,Call Market Trading Volume - 29-Aug-2025,2025-08-29,29-Aug-2025_5.pdf,https://www.sbp.org.pk/assets/document/29-Aug-2025_5.pdf,pdf,4547.0,,
main,auction-profile-and-results,call-market-trading-volume,daily,2025,Call Market Trading Volume - 01-Sep-2025,2025-09-01,01-Sep-2025_1.pdf,https://www.sbp.org.pk/assets/document/01-Sep-2025_1.pdf,pdf,4485.0,,
main,auction-profile-and-results,call-market-trading-volume,daily,2025,Call Market Trading Volume - 02-Sep-2025,2025-09-02,02-Sep-2025_1.pdf,https://www.sbp.org.pk/assets/document/02-Sep-2025_1.pdf,pdf,4710.0,,
main,auction-profile-and-results,call-market-trading-volume,daily,2025,Call Market Trading Volume - 03-Sep-2025,2025-09-03,03-Sep-2025_1.pdf,https://www.sbp.org.pk/assets/document/03-Sep-2025_1.pdf,pdf,4628.0,,
main,auction-profile-and-results,call-market-trading-volume,daily,2025,Call Market Trading Volume - 04-Sep-2025,2025-09-04,04-Sep-2025_1.pdf,https://www.sbp.org.pk/assets/document/04-Sep-2025_1.pdf,pdf,4342.0,,
main,auction-profile-and-results,call-market-trading-volume,daily,2025,Call Market Trading Volume - 05-Sep-2025,2025-09-05,05-Sep-2025_1.pdf,https://www.sbp.org.pk/assets/document/05-Sep-2025_1.pdf,pdf,4997.0,,
main,auction-profile-and-results,call-market-trading-volume,daily,2025,Call Market Trading Volume - 08-Sep-2025,2025-09-08,08-Sep-2025_1.pdf,https://www.sbp.org.pk/assets/document/08-Sep-2025_1.pdf,pdf,4854.0,,
main,auction-profile-and-results,call-market-trading-volume,daily,2025,Call Market Trading Volume - 09-Sep-2025,2025-09-09,09-Sep-2025_1.pdf,https://www.sbp.org.pk/assets/document/09-Sep-2025_1.pdf,pdf,4506.0,,
main,auction-profile-and-results,call-market-trading-volume,daily,2025,Call Market Trading Volume - 10-Sep-2025,2025-09-10,10-Sep-2025_1.pdf,https://www.sbp.org.pk/assets/document/10-Sep-2025_1.pdf,pdf,4506.0,,
main,auction-profile-and-results,call-market-trading-volume,daily,2025,Call Market Trading Volume - 11-Sep-2025,2025-09-11,11-Sep-2025_1.pdf,https://www.sbp.org.pk/assets/document/11-Sep-2025_1.pdf,pdf,4547.0,,
main,auction-profile-and-results,call-market-trading-volume,daily,2025,Call Market Trading Volume - 12-Sep-2025,2025-09-12,12-Sep-2025_1.pdf,https://www.sbp.org.pk/assets/document/12-Sep-2025_1.pdf,pdf,4710.0,,
main,auction-profile-and-results,call-market-trading-volume,daily,2025,Call Market Trading Volume - 15-Sep-2025,2025-09-15,15-Sep-2025_1.pdf,https://www.sbp.org.pk/assets/document/15-Sep-2025_1.pdf,pdf,4639.0,,
main,auction-profile-and-results,call-market-trading-volume,daily,2025,Call Market Trading Volume - 16-Sep-2025,2025-09-16,16-Sep-2025_1.pdf,https://www.sbp.org.pk/assets/document/16-Sep-2025_1.pdf,pdf,4557.0,,
main,auction-profile-and-results,call-market-trading-volume,daily,2025,Call Market Trading Volume - 17-Sep-2025,2025-09-17,17-Sep-2025_1.pdf,https://www.sbp.org.pk/assets/document/17-Sep-2025_1.pdf,pdf,4874.0,,
main,auction-profile-and-results,call-market-trading-volume,daily,2025,Call Market Trading Volume - 18-Sep-2025,2025-09-18,18-Sep-2025_1.pdf,https://www.sbp.org.pk/assets/document/18-Sep-2025_1.pdf,pdf,4649.0,,
main,auction-profile-and-results,call-market-trading-volume,daily,2025,Call Market Trading Volume - 19-Sep-2025,2025-09-19,19-Sep-2025_1.pdf,https://www.sbp.org.pk/assets/document/19-Sep-2025_1.pdf,pdf,4864.0,,
main,auction-profile-and-results,call-market-trading-volume,daily,2025,Call Market Trading Volume - 22-Sep-2025,2025-09-22,22-Sep-2025_1.pdf,https://www.sbp.org.pk/assets/document/22-Sep-2025_1.pdf,pdf,4639.0,,
main,auction-profile-and-results,call-market-trading-volume,daily,2025,Call Market Trading Volume - 23-Sep-2025,2025-09-23,23-Sep-2025_1.pdf,https://www.sbp.org.pk/assets/document/23-Sep-2025_1.pdf,pdf,4342.0,,
main,auction-profile-and-results,call-market-trading-volume,daily,2025,Call Market Trading Volume - 24-Sep-2025,2025-09-24,24-Sep-2025_2.pdf,https://www.sbp.org.pk/assets/document/24-Sep-2025_2.pdf,pdf,4547.0,,
main,auction-profile-and-results,call-market-trading-volume,daily,2025,Call Market Trading Volume - 25-Sep-2025,2025-09-25,25-Sep-2025_1.pdf,https://www.sbp.org.pk/assets/document/25-Sep-2025_1.pdf,pdf,4342.0,,
main,auction-profile-and-results,call-market-trading-volume,daily,2025,Call Market Trading Volume - 26-Sep-2025,2025-09-26,26-Sep-2025_1.pdf,https://www.sbp.org.pk/assets/document/26-Sep-2025_1.pdf,pdf,4547.0,,
main,auction-profile-and-results,call-market-trading-volume,daily,2025,Call Market Trading Volume - 29-Sep-2025,2025-09-29,29-Sep-2025_5.pdf,https://www.sbp.org.pk/assets/document/29-Sep-2025_5.pdf,pdf,4772.0,,
main,auction-profile-and-results,call-market-trading-volume,daily,2025,Call Market Trading Volume - 30-Sep-2025,2025-09-30,30-Sep-2025_5.pdf,https://www.sbp.org.pk/assets/document/30-Sep-2025_5.pdf,pdf,4352.0,,
main,auction-profile-and-results,call-market-trading-volume,daily,2025,Call Market Trading Volume - 01-Oct-2025,2025-10-01,01-Oct-2025.pdf,https://www.sbp.org.pk/assets/document/01-Oct-2025.pdf,pdf,4710.0,,
main,auction-profile-and-results,call-market-trading-volume,daily,2025,Call Market Trading Volume - 02-Oct-2025,2025-10-02,02-Oct-2025.pdf,https://www.sbp.org.pk/assets/document/02-Oct-2025.pdf,pdf,4342.0,,
main,auction-profile-and-results,call-market-trading-volume,daily,2025,Call Market Trading Volume - 03-Oct-2025,2025-10-03,03-Oct-2025.pdf,https://www.sbp.org.pk/assets/document/03-Oct-2025.pdf,pdf,4557.0,,
main,auction-profile-and-results,call-market-trading-volume,daily,2025,Call Market Trading Volume - 06-Oct-2025,2025-10-06,06-Oct-2025.pdf,https://www.sbp.org.pk/assets/document/06-Oct-2025.pdf,pdf,4710.0,,
main,auction-profile-and-results,call-market-trading-volume,daily,2025,Call Market Trading Volume - 07-Oct-2025,2025-10-07,07-Oct-2025.pdf,https://www.sbp.org.pk/assets/document/07-Oct-2025.pdf,pdf,4547.0,,
main,auction-profile-and-results,call-market-trading-volume,daily,2025,Call Market Trading Volume - 08-Oct-2025,2025-10-08,08-Oct-2025.pdf,https://www.sbp.org.pk/assets/document/08-Oct-2025.pdf,pdf,4342.0,,
main,auction-profile-and-results,call-market-trading-volume,daily,2025,Call Market Trading Volume - 09-Oct-2025,2025-10-09,09-Oct-2025.pdf,https://www.sbp.org.pk/assets/document/09-Oct-2025.pdf,pdf,4342.0,,
main,auction-profile-and-results,call-market-trading-volume,daily,2025,Call Market Trading Volume - 10-Oct-2025,2025-10-10,10-Oct-2025.pdf,https://www.sbp.org.pk/assets/document/10-Oct-2025.pdf,pdf,4547.0,,
main,auction-profile-and-results,call-market-trading-volume,daily,2025,Call Market Trading Volume - 13-Oct-2025,2025-10-13,13-Oct-2025.pdf,https://www.sbp.org.pk/assets/document/13-Oct-2025.pdf,pdf,4628.0,,
main,auction-profile-and-results,call-market-trading-volume,daily,2025,Call Market Trading Volume - 14-Oct-2025,2025-10-14,14-Oct-2025.pdf,https://www.sbp.org.pk/assets/document/14-Oct-2025.pdf,pdf,4352.0,,
main,auction-profile-and-results,call-market-trading-volume,daily,2025,Call Market Trading Volume - 15-Oct-2025,2025-10-15,15-Oct-2025_1.pdf,https://www.sbp.org.pk/assets/document/15-Oct-2025_1.pdf,pdf,4680.0,,
main,auction-profile-and-results,call-market-trading-volume,daily,2025,Call Market Trading Volume - 16-Oct-2025,2025-10-16,16-Oct-2025_1.pdf,https://www.sbp.org.pk/assets/document/16-Oct-2025_1.pdf,pdf,4721.0,,
main,auction-profile-and-results,call-market-trading-volume,daily,2025,Call Market Trading Volume - 17-Oct-2025,2025-10-17,17-Oct-2025_1.pdf,https://www.sbp.org.pk/assets/document/17-Oct-2025_1.pdf,pdf,4639.0,,
main,auction-profile-and-results,call-market-trading-volume,daily,2025,Call Market Trading Volume - 20-Oct-2025,2025-10-20,20-Oct-2025_1.pdf,https://www.sbp.org.pk/assets/document/20-Oct-2025_1.pdf,pdf,4772.0,,
main,auction-profile-and-results,call-market-trading-volume,daily,2025,Call Market Trading Volume - 21-Oct-2025,2025-10-21,21-Oct-2025_1.pdf,https://www.sbp.org.pk/assets/document/21-Oct-2025_1.pdf,pdf,4977.0,,
main,auction-profile-and-results,call-market-trading-volume,daily,2025,Call Market Trading Volume - 22-Oct-2025,2025-10-22,22-Oct-2025_1.pdf,https://www.sbp.org.pk/assets/document/22-Oct-2025_1.pdf,pdf,4547.0,,
main,auction-profile-and-results,call-market-trading-volume,daily,2025,Call Market Trading Volume - 23-Oct-2025,2025-10-23,23-Oct-2025_1.pdf,https://www.sbp.org.pk/assets/document/23-Oct-2025_1.pdf,pdf,4475.0,,
main,auction-profile-and-results,call-market-trading-volume,daily,2025,Call Market Trading Volume - 24-Oct-2025,2025-10-24,24-Oct-2025_1.pdf,https://www.sbp.org.pk/assets/document/24-Oct-2025_1.pdf,pdf,4536.0,,
main,auction-profile-and-results,call-market-trading-volume,daily,2025,Call Market Trading Volume - 27-Oct-2025,2025-10-27,27-Oct-2025_1.pdf,https://www.sbp.org.pk/assets/document/27-Oct-2025_1.pdf,pdf,4690.0,,
main,auction-profile-and-results,call-market-trading-volume,daily,2025,Call Market Trading Volume - 28-Oct-2025,2025-10-28,28-Oct-2025_1.pdf,https://www.sbp.org.pk/assets/document/28-Oct-2025_1.pdf,pdf,4495.0,,
main,auction-profile-and-results,call-market-trading-volume,daily,2025,Call Market Trading Volume - 29-Oct-2025,2025-10-29,29-Oct-2025_1.pdf,https://www.sbp.org.pk/assets/document/29-Oct-2025_1.pdf,pdf,4700.0,,
main,auction-profile-and-results,call-market-trading-volume,daily,2025,Call Market Trading Volume - 30-Oct-2025,2025-10-30,30-Oct-2025_5.pdf,https://www.sbp.org.pk/assets/document/30-Oct-2025_5.pdf,pdf,4352.0,,
main,auction-profile-and-results,call-market-trading-volume,daily,2025,Call Market Trading Volume - 31-Oct-2025,2025-10-31,31-Oct-2025_5.pdf,https://www.sbp.org.pk/assets/document/31-Oct-2025_5.pdf,pdf,4884.0,,
main,auction-profile-and-results,call-market-trading-volume,daily,2025,Call Market Trading Volume - 03-Nov-2025,2025-11-03,03-Nov-2025.pdf,https://www.sbp.org.pk/assets/document/03-Nov-2025.pdf,pdf,4854.0,,
main,auction-profile-and-results,call-market-trading-volume,daily,2025,Call Market Trading Volume - 04-Nov-2025,2025-11-04,04-Nov-2025.pdf,https://www.sbp.org.pk/assets/document/04-Nov-2025.pdf,pdf,4690.0,,
main,auction-profile-and-results,call-market-trading-volume,daily,2025,Call Market Trading Volume - 05-Nov-2025,2025-11-05,05-Nov-2025.pdf,https://www.sbp.org.pk/assets/document/05-Nov-2025.pdf,pdf,4710.0,,
main,auction-profile-and-results,call-market-trading-volume,daily,2025,Call Market Trading Volume - 06-Nov-2025,2025-11-06,06-Nov-2025.pdf,https://www.sbp.org.pk/assets/document/06-Nov-2025.pdf,pdf,4547.0,,
main,auction-profile-and-results,call-market-trading-volume,daily,2025,Call Market Trading Volume - 07-Nov-2025,2025-11-07,07-Nov-2025.pdf,https://www.sbp.org.pk/assets/document/07-Nov-2025.pdf,pdf,4844.0,,
main,auction-profile-and-results,call-market-trading-volume,daily,2025,Call Market Trading Volume - 10-Nov-2025,2025-11-10,10-Nov-2025.pdf,https://www.sbp.org.pk/assets/document/10-Nov-2025.pdf,pdf,4864.0,,
main,auction-profile-and-results,call-market-trading-volume,daily,2025,Call Market Trading Volume - 11-Nov-2025,2025-11-11,11-Nov-2025.pdf,https://www.sbp.org.pk/assets/document/11-Nov-2025.pdf,pdf,4833.0,,
main,auction-profile-and-results,call-market-trading-volume,daily,2025,Call Market Trading Volume - 12-Nov-2025,2025-11-12,12-Nov-2025_1.pdf,https://www.sbp.org.pk/assets/document/12-Nov-2025_1.pdf,pdf,4710.0,,
main,auction-profile-and-results,call-market-trading-volume,daily,2025,Call Market Trading Volume - 13-Nov-2025,2025-11-13,13-Nov-2025_1.pdf,https://www.sbp.org.pk/assets/document/13-Nov-2025_1.pdf,pdf,4547.0,,
main,auction-profile-and-results,call-market-trading-volume,daily,2025,Call Market Trading Volume - 14-Nov-2025,2025-11-14,14-Nov-2025.pdf,https://www.sbp.org.pk/assets/document/14-Nov-2025.pdf,pdf,5212.0,,
main,auction-profile-and-results,call-market-trading-volume,daily,2025,Call Market Trading Volume - 17-Nov-2025,2025-11-17,17-Nov-2025.pdf,https://www.sbp.org.pk/assets/document/17-Nov-2025.pdf,pdf,5007.0,,
main,auction-profile-and-results,call-market-trading-volume,daily,2025,Call Market Trading Volume - 18-Nov-2025,2025-11-18,18-Nov-2025.pdf,https://www.sbp.org.pk/assets/document/18-Nov-2025.pdf,pdf,4710.0,,
main,auction-profile-and-results,call-market-trading-volume,daily,2025,Call Market Trading Volume - 19-Nov-2025,2025-11-19,19-Nov-2025.pdf,https://www.sbp.org.pk/assets/document/19-Nov-2025.pdf,pdf,4680.0,,
main,auction-profile-and-results,call-market-trading-volume,daily,2025,Call Market Trading Volume - 20-Nov-2025,2025-11-20,20-Nov-2025.pdf,https://www.sbp.org.pk/assets/document/20-Nov-2025.pdf,pdf,4700.0,,
main,auction-profile-and-results,call-market-trading-volume,daily,2025,Call Market Trading Volume - 21-Nov-2025,2025-11-21,21-Nov-2025.pdf,https://www.sbp.org.pk/assets/document/21-Nov-2025.pdf,pdf,4557.0,,
main,auction-profile-and-results,call-market-trading-volume,daily,2025,Call Market Trading Volume - 24-Nov-2025,2025-11-24,24-Nov-2025.pdf,https://www.sbp.org.pk/assets/document/24-Nov-2025.pdf,pdf,5028.0,,
main,auction-profile-and-results,call-market-trading-volume,daily,2025,Call Market Trading Volume - 25-Nov-2025,2025-11-25,25-Nov-2025.pdf,https://www.sbp.org.pk/assets/document/25-Nov-2025.pdf,pdf,4547.0,,
main,auction-profile-and-results,call-market-trading-volume,daily,2025,Call Market Trading Volume - 26-Nov-2025,2025-11-26,26-Nov-2025.pdf,https://www.sbp.org.pk/assets/document/26-Nov-2025.pdf,pdf,4547.0,,
main,auction-profile-and-results,call-market-trading-volume,daily,2025,Call Market Trading Volume - 27-Nov-2025,2025-11-27,27-Nov-2025_5.pdf,https://www.sbp.org.pk/assets/document/27-Nov-2025_5.pdf,pdf,4721.0,,
main,auction-profile-and-results,call-market-trading-volume,daily,2025,Call Market Trading Volume - 28-Nov-2025,2025-11-28,28-Nov-2025_5.pdf,https://www.sbp.org.pk/assets/document/28-Nov-2025_5.pdf,pdf,4557.0,,
main,auction-profile-and-results,call-market-trading-volume,daily,2025,Call Market Trading Volume - 01-Dec-2025,2025-12-01,01-Dec-2025.pdf,https://www.sbp.org.pk/assets/document/01-Dec-2025.pdf,pdf,4864.0,,
main,auction-profile-and-results,call-market-trading-volume,daily,2025,Call Market Trading Volume - 02-Dec-2025,2025-12-02,02-Dec-2025.pdf,https://www.sbp.org.pk/assets/document/02-Dec-2025.pdf,pdf,4669.0,,
main,auction-profile-and-results,call-market-trading-volume,daily,2025,Call Market Trading Volume - 03-Dec-2025,2025-12-03,03-Dec-2025.pdf,https://www.sbp.org.pk/assets/document/03-Dec-2025.pdf,pdf,4987.0,,
main,auction-profile-and-results,call-market-trading-volume,daily,2025,Call Market Trading Volume - 04-Dec-2025,2025-12-04,04-Dec-2025.pdf,https://www.sbp.org.pk/assets/document/04-Dec-2025.pdf,pdf,4547.0,,
main,auction-profile-and-results,call-market-trading-volume,daily,2025,Call Market Trading Volume - 05-Dec-2025,2025-12-05,05-Dec-2025.pdf,https://www.sbp.org.pk/assets/document/05-Dec-2025.pdf,pdf,5028.0,,
main,auction-profile-and-results,call-market-trading-volume,daily,2025,Call Market Trading Volume - 08-Dec-2025,2025-12-08,08-Dec-2025.pdf,https://www.sbp.org.pk/assets/document/08-Dec-2025.pdf,pdf,4700.0,,
main,auction-profile-and-results,call-market-trading-volume,daily,2025,Call Market Trading Volume - 09-Dec-2025,2025-12-09,09-Dec-2025.pdf,https://www.sbp.org.pk/assets/document/09-Dec-2025.pdf,pdf,4854.0,,
main,auction-profile-and-results,call-market-trading-volume,daily,2025,Call Market Trading Volume - 10-Dec-2025,2025-12-10,10-Dec-2025.pdf,https://www.sbp.org.pk/assets/document/10-Dec-2025.pdf,pdf,4557.0,,
main,auction-profile-and-results,call-market-trading-volume,daily,2025,Call Market Trading Volume - 11-Dec-2025,2025-12-11,11-Dec-2025.pdf,https://www.sbp.org.pk/assets/document/11-Dec-2025.pdf,pdf,4557.0,,
main,auction-profile-and-results,call-market-trading-volume,daily,2025,Call Market Trading Volume - 12-Dec-2025,2025-12-12,12-Dec-2025.pdf,https://www.sbp.org.pk/assets/document/12-Dec-2025.pdf,pdf,4721.0,,
main,auction-profile-and-results,call-market-trading-volume,daily,2025,Call Market Trading Volume - 15-Dec-2025,2025-12-15,15-Dec-2025.pdf,https://www.sbp.org.pk/assets/document/15-Dec-2025.pdf,pdf,4864.0,,
main,auction-profile-and-results,call-market-trading-volume,daily,2025,Call Market Trading Volume - 16-Dec-2025,2025-12-16,16-Dec-2025.pdf,https://www.sbp.org.pk/assets/document/16-Dec-2025.pdf,pdf,4669.0,,
main,auction-profile-and-results,call-market-trading-volume,daily,2025,Call Market Trading Volume - 17-Dec-2025,2025-12-17,17-Dec-2025.pdf,https://www.sbp.org.pk/assets/document/17-Dec-2025.pdf,pdf,4680.0,,
main,auction-profile-and-results,call-market-trading-volume,daily,2025,Call Market Trading Volume - 18-Dec-2025,2025-12-18,18-Dec-2025.pdf,https://www.sbp.org.pk/assets/document/18-Dec-2025.pdf,pdf,4874.0,,
main,auction-profile-and-results,call-market-trading-volume,daily,2025,Call Market Trading Volume - 19-Dec-2025,2025-12-19,19-Dec-2025.pdf,https://www.sbp.org.pk/assets/document/19-Dec-2025.pdf,pdf,4731.0,,
main,auction-profile-and-results,call-market-trading-volume,daily,2025,Call Market Trading Volume - 22-Dec-2025,2025-12-22,22-Dec-2025.pdf,https://www.sbp.org.pk/assets/document/22-Dec-2025.pdf,pdf,4864.0,,
main,auction-profile-and-results,call-market-trading-volume,daily,2025,Call Market Trading Volume - 23-Dec-2025,2025-12-23,23-Dec-2025.pdf,https://www.sbp.org.pk/assets/document/23-Dec-2025.pdf,pdf,4567.0,,
main,auction-profile-and-results,call-market-trading-volume,daily,2025,Call Market Trading Volume - 24-Dec-2025,2025-12-24,24-Dec-2025.pdf,https://www.sbp.org.pk/assets/document/24-Dec-2025.pdf,pdf,4731.0,,
main,auction-profile-and-results,call-market-trading-volume,daily,2025,Call Market Trading Volume - 26-Dec-2025,2025-12-26,26-Dec-2025.pdf,https://www.sbp.org.pk/assets/document/26-Dec-2025.pdf,pdf,4557.0,,
main,auction-profile-and-results,call-market-trading-volume,daily,2025,Call Market Trading Volume - 29-Dec-2025,2025-12-29,29-Dec-2025.pdf,https://www.sbp.org.pk/assets/document/29-Dec-2025.pdf,pdf,4721.0,,
main,auction-profile-and-results,call-market-trading-volume,daily,2025,Call Market Trading Volume - 30-Dec-2025,2025-12-30,30-Dec-2025_5.pdf,https://www.sbp.org.pk/assets/document/30-Dec-2025_5.pdf,pdf,4700.0,,
main,auction-profile-and-results,call-market-trading-volume,daily,2025,Call Market Trading Volume - 31-Dec-2025,2025-12-31,31-Dec-2025_4.pdf,https://www.sbp.org.pk/assets/document/31-Dec-2025_4.pdf,pdf,4833.0,,
main,auction-profile-and-results,call-market-trading-volume,daily,2026,Call Market Trading Volume - 02-Jan-2026,2026-01-02,02-Jan-2026_5.pdf,https://www.sbp.org.pk/assets/document/02-Jan-2026_5.pdf,pdf,4547.0,,
main,auction-profile-and-results,call-market-trading-volume,daily,2026,Call Market Trading Volume - 05-Jan-2026,2026-01-05,05-Jan-2026.pdf,https://www.sbp.org.pk/assets/document/05-Jan-2026.pdf,pdf,4864.0,,
main,auction-profile-and-results,call-market-trading-volume,daily,2026,Call Market Trading Volume - 06-Jan-2026,2026-01-06,06-Jan-2026.pdf,https://www.sbp.org.pk/assets/document/06-Jan-2026.pdf,pdf,4977.0,,
main,auction-profile-and-results,call-market-trading-volume,daily,2026,Call Market Trading Volume - 07-Jan-2026,2026-01-07,07-Jan-2026.pdf,https://www.sbp.org.pk/assets/document/07-Jan-2026.pdf,pdf,5263.0,,
main,auction-profile-and-results,call-market-trading-volume,daily,2026,Call Market Trading Volume - 08-Jan-2026,2026-01-08,08-Jan-2026.pdf,https://www.sbp.org.pk/assets/document/08-Jan-2026.pdf,pdf,4536.0,,
main,auction-profile-and-results,call-market-trading-volume,daily,2026,Call Market Trading Volume - 09-Jan-2026,2026-01-09,09-Jan-2026.pdf,https://www.sbp.org.pk/assets/document/09-Jan-2026.pdf,pdf,4854.0,,
main,auction-profile-and-results,call-market-trading-volume,daily,2026,Call Market Trading Volume - 12-Jan-2026,2026-01-12,12-Jan-2026.pdf,https://www.sbp.org.pk/assets/document/12-Jan-2026.pdf,pdf,4874.0,,
main,auction-profile-and-results,call-market-trading-volume,daily,2026,Call Market Trading Volume - 13-Jan-2026,2026-01-13,13-Jan-2026.pdf,https://www.sbp.org.pk/assets/document/13-Jan-2026.pdf,pdf,4977.0,,
main,auction-profile-and-results,call-market-trading-volume,daily,2026,Call Market Trading Volume - 14-Jan-2026,2026-01-14,14-Jan-2026.pdf,https://www.sbp.org.pk/assets/document/14-Jan-2026.pdf,pdf,4669.0,,
main,auction-profile-and-results,call-market-trading-volume,daily,2026,Call Market Trading Volume - 15-Jan-2026,2026-01-15,15-Jan-2026.pdf,https://www.sbp.org.pk/assets/document/15-Jan-2026.pdf,pdf,4721.0,,
main,auction-profile-and-results,call-market-trading-volume,daily,2026,Call Market Trading Volume - 16-Jan-2026,2026-01-16,16-Jan-2026.pdf,https://www.sbp.org.pk/assets/document/16-Jan-2026.pdf,pdf,5007.0,,
main,auction-profile-and-results,call-market-trading-volume,daily,2026,Call Market Trading Volume - 19-Jan-2026,2026-01-19,19-Jan-2026.pdf,https://www.sbp.org.pk/assets/document/19-Jan-2026.pdf,pdf,5202.0,,
main,auction-profile-and-results,call-market-trading-volume,daily,2026,Call Market Trading Volume - 20-Jan-2026,2026-01-20,20-Jan-2026.pdf,https://www.sbp.org.pk/assets/document/20-Jan-2026.pdf,pdf,4721.0,20-Jan-2026.pdf,https://www.sbp.org.pk/assets/document/20-Jan-2026.pdf
main,auction-profile-and-results,call-market-trading-volume,daily,2026,Call Market Trading Volume - 21-Jan-2026,2026-01-21,21-Jan-2026.pdf,https://www.sbp.org.pk/assets/document/21-Jan-2026.pdf,pdf,4844.0,,
main,auction-profile-and-results,call-market-trading-volume,daily,2026,Call Market Trading Volume - 22-Jan-2026,2026-01-22,22-Jan-2026.pdf,https://www.sbp.org.pk/assets/document/22-Jan-2026.pdf,pdf,4710.0,,
main,auction-profile-and-results,call-market-trading-volume,daily,2026,Call Market Trading Volume - 23-Jan-2026,2026-01-23,23-Jan-2026.pdf,https://www.sbp.org.pk/assets/document/23-Jan-2026.pdf,pdf,4977.0,,
main,auction-profile-and-results,call-market-trading-volume,daily,2026,Call Market Trading Volume - 26-Jan-2026,2026-01-26,26-Jan-2026.pdf,https://www.sbp.org.pk/assets/document/26-Jan-2026.pdf,pdf,5335.0,,
main,auction-profile-and-results,call-market-trading-volume,daily,2026,Call Market Trading Volume - 27-Jan-2026,2026-01-27,27-Jan-2026.pdf,https://www.sbp.org.pk/assets/document/27-Jan-2026.pdf,pdf,4680.0,,
main,auction-profile-and-results,call-market-trading-volume,daily,2026,Call Market Trading Volume - 28-Jan-2026,2026-01-28,28-Jan-2026.pdf,https://www.sbp.org.pk/assets/document/28-Jan-2026.pdf,pdf,4669.0,,
main,auction-profile-and-results,call-market-trading-volume,daily,2026,Call Market Trading Volume - 29-Jan-2026,2026-01-29,29-Jan-2026_2.pdf,https://www.sbp.org.pk/assets/document/29-Jan-2026_2.pdf,pdf,4710.0,,
main,auction-profile-and-results,call-market-trading-volume,daily,2026,Call Market Trading Volume - 30-Jan-2026,2026-01-30,30-Jan-2026_1.pdf,https://www.sbp.org.pk/assets/document/30-Jan-2026_1.pdf,pdf,4997.0,,
main,auction-profile-and-results,call-market-trading-volume,daily,2026,Call Market Trading Volume - 02-Feb-2026,2026-02-02,02-Feb-2026.pdf,https://www.sbp.org.pk/assets/document/02-Feb-2026.pdf,pdf,4854.0,,
main,auction-profile-and-results,call-market-trading-volume,daily,2026,Call Market Trading Volume - 03-Feb-2026,2026-02-03,03-Feb-2026.pdf,https://www.sbp.org.pk/assets/document/03-Feb-2026.pdf,pdf,4977.0,,
main,auction-profile-and-results,call-market-trading-volume,daily,2026,Call Market Trading Volume - 04-Feb-2026,2026-02-04,04-Feb-2026.pdf,https://www.sbp.org.pk/assets/document/04-Feb-2026.pdf,pdf,4997.0,,
main,auction-profile-and-results,call-market-trading-volume,daily,2026,Call Market Trading Volume - 06-Feb-2026,2026-02-06,06-Feb-2026.pdf,https://www.sbp.org.pk/assets/document/06-Feb-2026.pdf,pdf,4680.0,,
main,auction-profile-and-results,call-market-trading-volume,daily,2026,Call Market Trading Volume - 09-Feb-2026,2026-02-09,09-Feb-2026.pdf,https://www.sbp.org.pk/assets/document/09-Feb-2026.pdf,pdf,4680.0,,
main,auction-profile-and-results,call-market-trading-volume,daily,2026,Call Market Trading Volume 10-Feb-2026,2026-02-10,Call-Market-Trading-10-Feb-2026.pdf,https://www.sbp.org.pk/assets/document/Call-Market-Trading-10-Feb-2026.pdf,pdf,4669.0,,
main,auction-profile-and-results,call-market-trading-volume,daily,2026,Call Market Trading Volume 11-Feb-2026,2026-02-11,Call-Market-Trading-11-Feb-2026.pdf,https://www.sbp.org.pk/assets/document/Call-Market-Trading-11-Feb-2026.pdf,pdf,4803.0,,
main,auction-profile-and-results,call-market-trading-volume,daily,2026,Call Market Trading Volume  12-Feb-2026,2026-02-12,12-Feb-2026.pdf,https://www.sbp.org.pk/assets/document/12-Feb-2026.pdf,pdf,4833.0,,
main,auction-profile-and-results,call-market-trading-volume,daily,2026,Call Market Trading Volume  13-Feb-2026,2026-02-13,13-Feb-2026.pdf,https://www.sbp.org.pk/assets/document/13-Feb-2026.pdf,pdf,4547.0,,
main,auction-profile-and-results,ijara-sukuk-auction-tender-notice-of-government-of-pakistan,,2023,Ijara Sukuk - Auction Tender Notice of Government of Pakistan,2023-11-28,Auction-Sukuk.pdf,https://www.sbp.org.pk/assets/document/Auction-Sukuk.pdf,pdf,593582.0,,
main,auction-profile-and-results,ijara-sukuk-gop-auction-result-latest,,2025,Ijara Sukuk GOP - Auction Result (Latest),2025-12-21,Auction-Ijara-VRR.pdf,https://www.sbp.org.pk/assets/document/Auction-Ijara-VRR.pdf,pdf,115405.0,,
main,auction-profile-and-results,interest-rate-corridor-activity-bank-wise-on-quarterly-basis,,2026,Interest Rate Corridor Activity Bank-Wise on Quarterly Basis,,Bank-IRC-Activity.pdf,https://www.sbp.org.pk/assets/document/Bank-IRC-Activity.pdf,pdf,120105.0,,
main,auction-profile-and-results,interests-rate-corridor-of-sbp-history,daily,2026,Interests Rate Corridor of SBP- History,2026-05-15,,,,,IR-Corridor-Hist.xls,https://www.sbp.org.pk/assets/document/IR-Corridor-Hist.xls
main,auction-profile-and-results,market-treasury-bills-auction-bid-report,daily,2025,MTB Auction Bid Reports - 14-May-25,,MTB_14-May-25.pdf,https://www.sbp.org.pk/assets/document/MTB_14-May-25.pdf,pdf,504228.0,,
main,auction-profile-and-results,market-treasury-bills-auction-bid-report,daily,2024,MTB Auction Bid Reports -  30-Oct-24,2024-10-30,MTB_30-Oct-24.pdf,https://www.sbp.org.pk/assets/document/MTB_30-Oct-24.pdf,pdf,904049.0,,
main,auction-profile-and-results,market-treasury-bills-auction-bid-report,daily,2024,MTB Auction Bid Reports - 11-Dec-24,2024-12-11,MTB_11-Dec-24.pdf,https://www.sbp.org.pk/assets/document/MTB_11-Dec-24.pdf,pdf,944865.0,,
main,auction-profile-and-results,market-treasury-bills-auction-bid-report,daily,2024,MTB Auction Bid Reports - 13-Nov-24,2024-12-13,MTB_13-Nov-24.pdf,https://www.sbp.org.pk/assets/document/MTB_13-Nov-24.pdf,pdf,844841.0,,
main,auction-profile-and-results,market-treasury-bills-auction-bid-report,daily,2024,MTB Auction Bid Reports - 24-Dec-24,2024-12-24,MTB_24-Dec-24.pdf,https://www.sbp.org.pk/assets/document/MTB_24-Dec-24.pdf,pdf,925460.0,,
main,auction-profile-and-results,market-treasury-bills-auction-bid-report,daily,2024,MTB Auction Bid Reports - 27-Nov-24,2024-12-27,MTB_27-Nov-24.pdf,https://www.sbp.org.pk/assets/document/MTB_27-Nov-24.pdf,pdf,1032940.0,,
main,auction-profile-and-results,market-treasury-bills-auction-bid-report,daily,2025,MTB Auction Bid Reports - 08-Jan-25,2025-01-08,MTB_08-Jan-25.pdf,https://www.sbp.org.pk/assets/document/MTB_08-Jan-25.pdf,pdf,140329.0,,
main,auction-profile-and-results,market-treasury-bills-auction-bid-report,daily,2025,MTB Auction Bid Reports - 22-Jan-25,2025-01-22,MTB_22-Jan-25.pdf,https://www.sbp.org.pk/assets/document/MTB_22-Jan-25.pdf,pdf,492257.0,,
main,auction-profile-and-results,market-treasury-bills-auction-bid-report,daily,2025,MTB Auction Bid Reports - 19-Feb-25,2025-02-19,MTB_19-Feb-25.pdf,https://www.sbp.org.pk/assets/document/MTB_19-Feb-25.pdf,pdf,485827.0,,
main,auction-profile-and-results,market-treasury-bills-auction-bid-report,daily,2025,MTB Auction Bid Reports - 05-Mar-25,2025-03-05,MTB_05-Mar-25.pdf,https://www.sbp.org.pk/assets/document/MTB_05-Mar-25.pdf,pdf,482427.0,,
main,auction-profile-and-results,market-treasury-bills-auction-bid-report,daily,2025,MTB Auction Bid Reports - 19-Mar-25,2025-03-19,MTB_19-Mar-25.pdf,https://www.sbp.org.pk/assets/document/MTB_19-Mar-25.pdf,pdf,481997.0,,
main,auction-profile-and-results,market-treasury-bills-auction-bid-report,daily,2025,MTB Auction Bid Reports - 26-Mar-25,2025-03-26,MTB_26-Mar-25.pdf,https://www.sbp.org.pk/assets/document/MTB_26-Mar-25.pdf,pdf,468572.0,,
main,auction-profile-and-results,market-treasury-bills-auction-bid-report,daily,2025,MTB Auction Bid Reports - 16-Apr-25,2025-04-16,MTB_16-Apr-25.pdf,https://www.sbp.org.pk/assets/document/MTB_16-Apr-25.pdf,pdf,490813.0,,
main,auction-profile-and-results,market-treasury-bills-auction-bid-report,daily,2025,MTB Auction Bid Reports - 30-Apr-25,2025-04-30,MTB_30-Apr-25.pdf,https://www.sbp.org.pk/assets/document/MTB_30-Apr-25.pdf,pdf,495483.0,,
main,auction-profile-and-results,market-treasury-bills-auction-bid-report,daily,2025,MTB Auction Bid Reports - 27-May-25,2025-05-27,MTB_27-May-25.pdf,https://www.sbp.org.pk/assets/document/MTB_27-May-25.pdf,pdf,506644.0,,
main,auction-profile-and-results,market-treasury-bills-auction-bid-report,daily,2025,MTB Auction Bid Reports - 18-Jun-25,2025-06-18,MTB_18-Jun-25.pdf,https://www.sbp.org.pk/assets/document/MTB_18-Jun-25.pdf,pdf,448840.0,,
main,auction-profile-and-results,market-treasury-bills-auction-bid-report,daily,2025,MTB Auction Bid Reports - 25-Jun-25,2025-06-25,MTB_25-Jun-25.pdf,https://www.sbp.org.pk/assets/document/MTB_25-Jun-25.pdf,pdf,489923.0,,
main,auction-profile-and-results,market-treasury-bills-auction-bid-report,daily,2025,MTB Auction Bid Reports - 09-Jul-25,2025-07-09,MTB_09-Jul-25.pdf,https://www.sbp.org.pk/assets/document/MTB_09-Jul-25.pdf,pdf,505129.0,,
main,auction-profile-and-results,market-treasury-bills-auction-bid-report,daily,2025,MTB Auction Bid Reports - 23-Jul-25,2025-07-23,MTB_23-Jul-25.pdf,https://www.sbp.org.pk/assets/document/MTB_23-Jul-25.pdf,pdf,492851.0,,
main,auction-profile-and-results,market-treasury-bills-auction-bid-report,daily,2025,MTB Auction Bid Reports - 06-Aug-25,2025-08-06,MTB_06-Aug-25.pdf,https://www.sbp.org.pk/assets/document/MTB_06-Aug-25.pdf,pdf,501914.0,,
main,auction-profile-and-results,market-treasury-bills-auction-bid-report,daily,2025,MTB Auction Bid Reports - 20-Aug-25,2025-08-20,MTB_20-Aug-25.pdf,https://www.sbp.org.pk/assets/document/MTB_20-Aug-25.pdf,pdf,489923.0,,
main,auction-profile-and-results,market-treasury-bills-auction-bid-report,daily,2025,MTB Auction Bid Reports - 03-Sep-25,2025-09-03,MTB_03-Sep-25.pdf,https://www.sbp.org.pk/assets/document/MTB_03-Sep-25.pdf,pdf,493517.0,,
main,auction-profile-and-results,market-treasury-bills-auction-bid-report,daily,2025,MTB Auction Bid Reports - 17-Sep-25,2025-09-17,MTB_17-Sep-25.pdf,https://www.sbp.org.pk/assets/document/MTB_17-Sep-25.pdf,pdf,472218.0,,
main,auction-profile-and-results,market-treasury-bills-auction-bid-report,daily,2025,MTB Auction Bid Reports - 01-Oct-25,2025-10-01,MTB_01-Oct-25.pdf,https://www.sbp.org.pk/assets/document/MTB_01-Oct-25.pdf,pdf,80814.0,,
main,auction-profile-and-results,market-treasury-bills-auction-bid-report,daily,2025,MTB Auction Bid Reports - 15-Oct-25,2025-10-15,MTB_15-Oct-25.pdf,https://www.sbp.org.pk/assets/document/MTB_15-Oct-25.pdf,pdf,76646.0,,
main,auction-profile-and-results,market-treasury-bills-auction-bid-report,daily,2025,MTB Auction Bid Reports - 29-Oct-25,2025-10-29,MTB_29-Oct-25.pdf,https://www.sbp.org.pk/assets/document/MTB_29-Oct-25.pdf,pdf,80712.0,,
main,auction-profile-and-results,market-treasury-bills-auction-bid-report,daily,2025,MTB Auction Bid Reports - 12-Nov-25,2025-11-12,MTB_12-Nov-25.pdf,https://www.sbp.org.pk/assets/document/MTB_12-Nov-25.pdf,pdf,477379.0,,
main,auction-profile-and-results,market-treasury-bills-auction-bid-report,daily,2025,MTB Auction Bid Reports - 26-Nov-25,2025-11-26,MTB_26-Nov-25.pdf,https://www.sbp.org.pk/assets/document/MTB_26-Nov-25.pdf,pdf,476457.0,,
main,auction-profile-and-results,market-treasury-bills-auction-bid-report,daily,2025,MTB Auction Bid Reports - 10-Dec-25,2025-12-10,MTB_10-Dec-25.pdf,https://www.sbp.org.pk/assets/document/MTB_10-Dec-25.pdf,pdf,682189.0,,
main,auction-profile-and-results,market-treasury-bills-auction-bid-report,daily,2025,MTB Auction Bid Reports - 24-Dec-25,2025-12-24,MTB_24-Dec-25.pdf,https://www.sbp.org.pk/assets/document/MTB_24-Dec-25.pdf,pdf,471562.0,,
main,auction-profile-and-results,market-treasury-bills-auction-bid-report,daily,2026,MTB Auction Bid Reports - 07-Jan-26,2026-01-07,MTB_07-Jan-26.pdf,https://www.sbp.org.pk/assets/document/MTB_07-Jan-26.pdf,pdf,507003.0,,
main,auction-profile-and-results,market-treasury-bills-auction-bid-report,daily,2026,MTB Auction Bid Reports - 21-Jan-26,2026-01-21,MTB_21-Jan-26.pdf,https://www.sbp.org.pk/assets/document/MTB_21-Jan-26.pdf,pdf,497388.0,,
main,auction-profile-and-results,market-treasury-bills-auction-bid-report,daily,2026,MTB Auction Bid Reports - 04-Feb-26,2026-02-04,MTB_04-Feb-26.pdf,https://www.sbp.org.pk/assets/document/MTB_04-Feb-26.pdf,pdf,496374.0,,
main,auction-profile-and-results,market-treasury-bills-auction-bid-report,daily,2026,MTB Auction Bid Reports - 18-Feb-26,2026-02-18,MTB_18-Feb-26.pdf,https://www.sbp.org.pk/assets/document/MTB_18-Feb-26.pdf,pdf,476365.0,,
main,auction-profile-and-results,market-treasury-bills-auction-bid-report,daily,2026,MTB Auction Bid Reports - 04-Mar-26,2026-03-04,MTB_04-Mar-26.pdf,https://www.sbp.org.pk/assets/document/MTB_04-Mar-26.pdf,pdf,470661.0,,
main,auction-profile-and-results,market-treasury-bills-auction-bid-report,daily,2026,MTB Auction Bid Reports - 16-Mar-26,2026-03-16,MTB_16-Mar-26.pdf,https://www.sbp.org.pk/assets/document/MTB_16-Mar-26.pdf,pdf,443924.0,,
main,auction-profile-and-results,market-treasury-bills-auction-bid-report,daily,2026,MTB Auction Bid Reports - 01-Apr-26,2026-04-01,MTB_01-Apr-26.pdf,https://www.sbp.org.pk/assets/document/MTB_01-Apr-26.pdf,pdf,767437.0,,
main,auction-profile-and-results,open-market-operation-history-injection,weekly,2026,Open Market Operation History (Injection),,,,,,OMO-Inject-Hist.xlsx,https://www.sbp.org.pk/assets/document/OMO-Inject-Hist.xlsx
main,auction-profile-and-results,open-market-operation-history-mop-up,,2025,Open Market Operation History (Mop-Up),2025-11-18,,,,,OMO-MopUp-Hist.xlsx,https://www.sbp.org.pk/assets/document/OMO-MopUp-Hist.xlsx
main,auction-profile-and-results,open-market-operations-omo-results-of-sbp,daily,2026,Open Market Operations (OMO) Results of SBP,2026-01-23,Result-OMO.pdf,https://www.sbp.org.pk/assets/document/Result-OMO.pdf,pdf,517427.0,,
main,auction-profile-and-results,overnight-repo-rates,daily,2026,Overnight Repo Rates,2026-01-29,overnightsreporates2.pdf,https://www.sbp.org.pk/assets/document/overnightsreporates2.pdf,pdf,3092.0,OvernightsRepoRates_Arch2.pdf,https://www.sbp.org.pk/assets/document/OvernightsRepoRates_Arch2.pdf
main,auction-profile-and-results,pakistan-investment-bonds-auction-results,monthly,2026,Pakistan Investment Bonds Auction Results,,Auction-Investment.pdf,https://www.sbp.org.pk/assets/document/Auction-Investment.pdf,pdf,589814.0,Pakinvestbonds.xlsx,https://www.sbp.org.pk/assets/document/Pakinvestbonds.xlsx
main,auction-profile-and-results,pib-auction-bid-report,monthly,2026,PIB Auction Bid Report,,pib-bid.pdf,https://www.sbp.org.pk/assets/document/pib-bid.pdf,pdf,476631.0,,
main,auction-profile-and-results,pib-auction-bid-report,monthly,2026,PIB Auction (Fixed Rate) Bid Reports - 06-Feb-26,,Bid_Report_06-Feb-26.pdf,https://www.sbp.org.pk/assets/document/Bid_Report_06-Feb-26.pdf,pdf,488950.0,,
external,balance-of-payment,balance-of-payment-on-calendar-year-basis,quarterly,2026,Balance of Payment on Calendar Year Basis,,BPM6_c.pdf,https://www.sbp.org.pk/assets/document/BPM6_c.pdf,pdf,357100.0,BPM6_c.xls,https://www.sbp.org.pk/assets/document/BPM6_c.xls
external,balance-of-payment,balance-of-payments-as-per-bpm6-seasonally-adjusted,monthly,2026,Secondary Income Debit,,secondary-income-debit.pdf,https://www.sbp.org.pk/assets/document/secondary-income-debit.pdf,pdf,244244.0,secondary-income-debit.xlsx,https://www.sbp.org.pk/assets/document/secondary-income-debit.xlsx
external,balance-of-payment,balance-of-payments-as-per-bpm6-seasonally-adjusted,monthly,2026,Secondary Income Credit,,secondary-income-credit.pdf,https://www.sbp.org.pk/assets/document/secondary-income-credit.pdf,pdf,270950.0,secondary-income-credit.xlsx,https://www.sbp.org.pk/assets/document/secondary-income-credit.xlsx
external,balance-of-payment,balance-of-payments-as-per-bpm6-seasonally-adjusted,monthly,2026,Primary Income Debit,,primary-income-debit.pdf,https://www.sbp.org.pk/assets/document/primary-income-debit.pdf,pdf,269537.0,primary-income-debit.xlsx,https://www.sbp.org.pk/assets/document/primary-income-debit.xlsx
external,balance-of-payment,balance-of-payments-as-per-bpm6-seasonally-adjusted,monthly,2026,Primary Income Credit,,IncomeCredit.pdf,https://www.sbp.org.pk/assets/document/IncomeCredit.pdf,pdf,268554.0,IncomeCredit.xlsx,https://www.sbp.org.pk/assets/document/IncomeCredit.xlsx
external,balance-of-payment,balance-of-payments-as-per-bpm6-seasonally-adjusted,monthly,2026,Import of Services,,importServices26.pdf,https://www.sbp.org.pk/assets/document/importServices26.pdf,pdf,270643.0,importServices26.xlsx,https://www.sbp.org.pk/assets/document/importServices26.xlsx
external,balance-of-payment,balance-of-payments-as-per-bpm6-seasonally-adjusted,monthly,2026,Exports of Services,,ServiceExport26.pdf,https://www.sbp.org.pk/assets/document/ServiceExport26.pdf,pdf,271503.0,ServiceExport26.xlsx,https://www.sbp.org.pk/assets/document/ServiceExport26.xlsx
external,balance-of-payment,balance-of-payments-as-per-bpm6-seasonally-adjusted,monthly,2026,Imports of Goods,,goodsImport26.pdf,https://www.sbp.org.pk/assets/document/goodsImport26.pdf,pdf,270674.0,goodsImport26.xlsx,https://www.sbp.org.pk/assets/document/goodsImport26.xlsx
external,balance-of-payment,balance-of-payments-as-per-bpm6-seasonally-adjusted,monthly,2026,Exports of Goods,,goodsExport26.pdf,https://www.sbp.org.pk/assets/document/goodsExport26.pdf,pdf,269742.0,goodsExport26.xlsx,https://www.sbp.org.pk/assets/document/goodsExport26.xlsx
external,balance-of-payment,balance-of-payments-as-per-bpm6-seasonally-adjusted,monthly,2026,Current Account Debit,,currentDebit.pdf,https://www.sbp.org.pk/assets/document/currentDebit.pdf,pdf,271442.0,currentDebit.xlsx,https://www.sbp.org.pk/assets/document/currentDebit.xlsx
external,balance-of-payment,balance-of-payments-as-per-bpm6-seasonally-adjusted,monthly,2026,Current Account Credit,,currentCredit.pdf,https://www.sbp.org.pk/assets/document/currentCredit.pdf,pdf,272343.0,currentCredit.xlsx,https://www.sbp.org.pk/assets/document/currentCredit.xlsx
external,balance-of-payment,balance-of-payments-as-per-bpm6-seasonally-adjusted,monthly,2026,Summary Balance of Payment,,bop.pdf,https://www.sbp.org.pk/assets/document/bop.pdf,pdf,1020856.0,bop.xlsx,https://www.sbp.org.pk/assets/document/bop.xlsx
external,balance-of-payment,banks-foreign-currency-deposits-and-borrowings-from-abroad,monthly,2025,Bank's Foreign Currency Deposits and Borrowings from Abroad,,FX-Liabilities.pdf,https://www.sbp.org.pk/assets/document/FX-Liabilities.pdf,pdf,550533.0,FX-Liabilities.xlsx,https://www.sbp.org.pk/assets/document/FX-Liabilities.xlsx
external,balance-of-payment,country-wise-workers-remittances,monthly,2026,Country-wise Workers' Remittances,,,,,,Homeremit_Arch.xlsx,https://www.sbp.org.pk/assets/document/Homeremit_Arch.xlsx
external,balance-of-payment,foreign-currency-deposits,monthly,2025,Foreign Currency Deposits,,fe25.pdf,https://www.sbp.org.pk/assets/document/fe25.pdf,pdf,309371.0,fe25.xls,https://www.sbp.org.pk/assets/document/fe25.xls
external,balance-of-payment,foreign-exchange-reserves,weekly,2026,Foreign Exchange Reserves,,forex.pdf,https://www.sbp.org.pk/assets/document/forex.pdf,pdf,215634.0,Forex_Arch.xlsx,https://www.sbp.org.pk/assets/document/Forex_Arch.xlsx
external,balance-of-payment,international-reserves-and-foreign-currency-liquidity,monthly,2026,International Reserves and Foreign Currency Liquidity,,Liquidity.pdf,https://www.sbp.org.pk/assets/document/Liquidity.pdf,pdf,385321.0,Liquidity.xlsx,https://www.sbp.org.pk/assets/document/Liquidity.xlsx
external,balance-of-payment,official-reserve-assets,monthly,2026,Official Reserve Assets,,ORA.pdf,https://www.sbp.org.pk/assets/document/ORA.pdf,pdf,390748.0,ORA_Arch.xlsx,https://www.sbp.org.pk/assets/document/ORA_Arch.xlsx
external,balance-of-payment,summary-of-balance-of-payments-archive,monthly,2026,Summary Balance Of Payments (Archive),,Balancepayment_BPM6.pdf,https://www.sbp.org.pk/assets/document/Balancepayment_BPM6.pdf,pdf,671396.0,Balancepayment_BPM6.xls,https://www.sbp.org.pk/assets/document/Balancepayment_BPM6.xls
external,balance-of-payment,summary-of-balance-of-payments-as-per-bpm6,monthly,2026,Summary of Balance of Payments as per BPM6,,summary-of-balance-of-payments-as-per-bpm6.pdf,https://www.sbp.org.pk/assets/document/summary-of-balance-of-payments-as-per-bpm6.pdf,pdf,377682.0,summary-of-balance-of-payments-as-per-bpm6.xls,https://www.sbp.org.pk/assets/document/summary-of-balance-of-payments-as-per-bpm6.xls
external,balance-of-payment,workers-remittances-seasonally-adjusted,monthly,2025,Workers' Remittances - Seasonally Adjusted,,Remittance.pdf,https://www.sbp.org.pk/assets/document/Remittance.pdf,pdf,438006.0,,
external,balance-of-payments-as-per-bpm6-seasonally-adjusted,summary-balance-of-payment,quarterly,2026,Summary Balance of Payment,,bop_(1).pdf,https://www.sbp.org.pk/assets/document/bop_%281%29.pdf,pdf,839311.0,,
main,banking-statistics,advances-classified-by-securities-borrowers,monthly,Jan 2026,Advances Classified By Securities/ Borrowers,,AdvaClasi-SecBor.pdf,https://www.sbp.org.pk/assets/document/AdvaClasi-SecBor.pdf,pdf,213484.0,AdvaClasi-SecBor.xlsx,https://www.sbp.org.pk/assets/document/AdvaClasi-SecBor.xlsx
main,banking-statistics,credit-loans-classified-by-borrowers,monthly,2026,Credit / Loans Classified by Borrowers,,CreditLoans.pdf,https://www.sbp.org.pk/assets/document/CreditLoans.pdf,pdf,387666.0,CreditLoans.xls,https://www.sbp.org.pk/assets/document/CreditLoans.xls
main,banking-statistics,deposits-distributed-by-category-of-deposit-holders,monthly,2026,Deposits Distributed by Category of Deposit Holders,,DDholders.pdf,https://www.sbp.org.pk/assets/document/DDholders.pdf,pdf,446095.0,DDholders.xls,https://www.sbp.org.pk/assets/document/DDholders.xls
main,banking-statistics,excess-cash-reserve-held-by-banks-over-and-above-the-required-crr,,2026,Excess Cash Reserve Held by Banks Over and Above the required CRR,2026-01-29,ECR.pdf,https://www.sbp.org.pk/assets/document/ECR.pdf,pdf,204411.0,,
main,banking-statistics,excess-cash-reserve-held-by-banks-over-and-above-the-required-crr,,2026,"Excess Cash Reserve Held by Banks Over and Above the required CRR - 27 Mar - 09 Apr, 2026",2026-04-09,ECR-27-march-09-apr.pdf,https://www.sbp.org.pk/assets/document/ECR-27-march-09-apr.pdf,pdf,241000.0,,
main,banking-statistics,excess-cash-reserves-banks-wise,weekly,"Sep 14, 2016",Excess Cash Reserves - Banks Wise,,BWECR_1.pdf,https://www.sbp.org.pk/assets/document/BWECR_1.pdf,pdf,324516.0,,
main,banking-statistics,excess-cash-reserves-banks-wise,weekly,2016,Excess Cash Reserves - Banks Wise,,BWECR_1.pdf,https://www.sbp.org.pk/assets/document/BWECR_1.pdf,pdf,324516.0,,
main,banking-statistics,financial-statements-of-all-banks,annualy,2024,United Bank Ltd. - Financial Statements of all Banks - 2024,,,,,,,
main,banking-statistics,financial-statements-of-all-banks,annualy,2024,Standard Chartered Bank (Pakistan) Ltd. - Financial Statements of all Banks - 2024,,,,,,,
main,banking-statistics,fsi-and-quarterly-compendium-of-the-banking-system,quarterly,2025,Quarterly Compendium December 2025,,QC-_Dec-25.pdf,https://www.sbp.org.pk/assets/document/QC-_Dec-25.pdf,pdf,1067991.0,QC-_Dec-25.xlsx,https://www.sbp.org.pk/assets/document/QC-_Dec-25.xlsx
main,banking-statistics,fsi-and-quarterly-compendium-of-the-banking-system,quarterly,2025,Quarterly Compendium of the Banking System March 2025,,QC-_Mar-25.pdf,https://www.sbp.org.pk/assets/document/QC-_Mar-25.pdf,pdf,2162207.0,QC-_Mar.-25__1.xlsx,https://www.sbp.org.pk/assets/document/QC-_Mar.-25__1.xlsx
main,banking-statistics,fsi-and-quarterly-compendium-of-the-banking-system,quarterly,2025,Quarterly Compendium of the Banking System September 2025,,QC_Sep_2025.pdf,https://www.sbp.org.pk/assets/document/QC_Sep_2025.pdf,pdf,1653299.0,QC-_Sep-25.xlsx,https://www.sbp.org.pk/assets/document/QC-_Sep-25.xlsx
main,banking-statistics,fsi-and-quarterly-compendium-of-the-banking-system,quarterly,2025,Quarterly Compendium of the Banking System June 2025,,QC_June_2025_1.pdf,https://www.sbp.org.pk/assets/document/QC_June_2025_1.pdf,pdf,729897.0,QC-_Jun.-25__1.xlsx,https://www.sbp.org.pk/assets/document/QC-_Jun.-25__1.xlsx
main,banking-statistics,fsi-and-quarterly-compendium-of-the-banking-system,quarterly,2025,Non-Performing Loans (December 2025 quarter),,Dec_25.pdf,https://www.sbp.org.pk/assets/document/Dec_25.pdf,pdf,129966.0,,
main,banking-statistics,fsi-and-quarterly-compendium-of-the-banking-system,quarterly,2024,Quarterly Compendium December 2024,,Dec.pdf,https://www.sbp.org.pk/assets/document/Dec.pdf,pdf,1904732.0,Dec.xlsx,https://www.sbp.org.pk/assets/document/Dec.xlsx
main,banking-statistics,fsi-and-quarterly-compendium-of-the-banking-system,quarterly,2024,Quarterly Compendium September 2024,,Sep_1.pdf,https://www.sbp.org.pk/assets/document/Sep_1.pdf,pdf,2474875.0,sep.xlsx,https://www.sbp.org.pk/assets/document/sep.xlsx
main,banking-statistics,fsi-and-quarterly-compendium-of-the-banking-system,quarterly,2024,Quarterly Compendium June 2024,,Jun.pdf,https://www.sbp.org.pk/assets/document/Jun.pdf,pdf,1575424.0,Jun.xlsx,https://www.sbp.org.pk/assets/document/Jun.xlsx
main,banking-statistics,fsi-and-quarterly-compendium-of-the-banking-system,quarterly,2024,Quarterly Compendium March 2024,,Mar.pdf,https://www.sbp.org.pk/assets/document/Mar.pdf,pdf,1574369.0,Mar.xlsx,https://www.sbp.org.pk/assets/document/Mar.xlsx
main,banking-statistics,fsi-and-quarterly-compendium-of-the-banking-system,quarterly,2023,Quarterly Compendium December 2023,,Dec_23.pdf,https://www.sbp.org.pk/assets/document/Dec_23.pdf,pdf,1573304.0,Dec_23.xlsx,https://www.sbp.org.pk/assets/document/Dec_23.xlsx
main,banking-statistics,fsi-and-quarterly-compendium-of-the-banking-system,quarterly,2023,Quarterly Compendium September 2023,,Sep_23.pdf,https://www.sbp.org.pk/assets/document/Sep_23.pdf,pdf,1464269.0,Sep_23.xlsx,https://www.sbp.org.pk/assets/document/Sep_23.xlsx
main,banking-statistics,fsi-and-quarterly-compendium-of-the-banking-system,quarterly,2023,Quarterly Compendium June 2023,,Jun_23.pdf,https://www.sbp.org.pk/assets/document/Jun_23.pdf,pdf,1462999.0,Jun_23.xlsx,https://www.sbp.org.pk/assets/document/Jun_23.xlsx
main,banking-statistics,fsi-and-quarterly-compendium-of-the-banking-system,quarterly,2023,Quarterly Compendium March 2023,,Mar_23.pdf,https://www.sbp.org.pk/assets/document/Mar_23.pdf,pdf,1465098.0,Mar_23.xlsx,https://www.sbp.org.pk/assets/document/Mar_23.xlsx
main,banking-statistics,fsi-and-quarterly-compendium-of-the-banking-system,quarterly,2022,Quarterly Compendium December 2022,,Dec_22.pdf,https://www.sbp.org.pk/assets/document/Dec_22.pdf,pdf,1460582.0,Dec_22.xlsx,https://www.sbp.org.pk/assets/document/Dec_22.xlsx
main,banking-statistics,fsi-and-quarterly-compendium-of-the-banking-system,quarterly,2022,Quarterly Compendium September 2022,,Sep_22.pdf,https://www.sbp.org.pk/assets/document/Sep_22.pdf,pdf,1484872.0,Sep_22.xlsx,https://www.sbp.org.pk/assets/document/Sep_22.xlsx
main,banking-statistics,fsi-and-quarterly-compendium-of-the-banking-system,quarterly,2022,Quarterly Compendium June 2022,,Jun_22.pdf,https://www.sbp.org.pk/assets/document/Jun_22.pdf,pdf,1677148.0,Jun_22.xlsx,https://www.sbp.org.pk/assets/document/Jun_22.xlsx
main,banking-statistics,fsi-and-quarterly-compendium-of-the-banking-system,quarterly,2022,Quarterly Compendium March 2022,,Mar_22.pdf,https://www.sbp.org.pk/assets/document/Mar_22.pdf,pdf,1669693.0,Mar_22.xlsx,https://www.sbp.org.pk/assets/document/Mar_22.xlsx
main,banking-statistics,fsi-and-quarterly-compendium-of-the-banking-system,quarterly,2021,Quarterly Compendium December 2021,,Dec_21.pdf,https://www.sbp.org.pk/assets/document/Dec_21.pdf,pdf,1653576.0,Dec_21.xlsx,https://www.sbp.org.pk/assets/document/Dec_21.xlsx
main,banking-statistics,fsi-and-quarterly-compendium-of-the-banking-system,quarterly,2021,Quarterly Compendium September 2021,,Sep_21.pdf,https://www.sbp.org.pk/assets/document/Sep_21.pdf,pdf,1665761.0,Sep_21.xlsx,https://www.sbp.org.pk/assets/document/Sep_21.xlsx
main,banking-statistics,fsi-and-quarterly-compendium-of-the-banking-system,quarterly,2021,Quarterly Compendium June 2021,,June_21.pdf,https://www.sbp.org.pk/assets/document/June_21.pdf,pdf,1645373.0,June_21.xlsx,https://www.sbp.org.pk/assets/document/June_21.xlsx
main,banking-statistics,fsi-and-quarterly-compendium-of-the-banking-system,quarterly,2021,Quarterly Compendium March 2021,,March_21.pdf,https://www.sbp.org.pk/assets/document/March_21.pdf,pdf,1731738.0,March_21.xlsx,https://www.sbp.org.pk/assets/document/March_21.xlsx
main,banking-statistics,fsi-and-quarterly-compendium-of-the-banking-system,quarterly,2020,Quarterly Compendium Dec 2020,,Dec_20.pdf,https://www.sbp.org.pk/assets/document/Dec_20.pdf,pdf,1661133.0,Dec_20.xlsx,https://www.sbp.org.pk/assets/document/Dec_20.xlsx
main,banking-statistics,fsi-and-quarterly-compendium-of-the-banking-system,quarterly,2020,Quarterly Compendium Sep 2020,,Sep_20.pdf,https://www.sbp.org.pk/assets/document/Sep_20.pdf,pdf,1669274.0,Sep_20.xlsx,https://www.sbp.org.pk/assets/document/Sep_20.xlsx
main,banking-statistics,fsi-and-quarterly-compendium-of-the-banking-system,quarterly,2020,Quarterly Compendium Jun 2020,,Jun_20.pdf,https://www.sbp.org.pk/assets/document/Jun_20.pdf,pdf,2087393.0,Jun_20.xlsx,https://www.sbp.org.pk/assets/document/Jun_20.xlsx
main,banking-statistics,fsi-and-quarterly-compendium-of-the-banking-system,quarterly,2020,Quarterly Compendium Mar 2020,,Mar_20.pdf,https://www.sbp.org.pk/assets/document/Mar_20.pdf,pdf,1658614.0,Mar_20.xlsx,https://www.sbp.org.pk/assets/document/Mar_20.xlsx
main,banking-statistics,fsi-and-quarterly-compendium-of-the-banking-system,quarterly,2019,Quarterly Compendium Sep 2019,,QC-Sep_19.pdf,https://www.sbp.org.pk/assets/document/QC-Sep_19.pdf,pdf,1488148.0,QC-Sep-19.xlsx,https://www.sbp.org.pk/assets/document/QC-Sep-19.xlsx
main,banking-statistics,fsi-and-quarterly-compendium-of-the-banking-system,quarterly,2019,Quarterly Compendium Dec 2019,,Dec_19.pdf,https://www.sbp.org.pk/assets/document/Dec_19.pdf,pdf,1481882.0,Dec_19.xlsx,https://www.sbp.org.pk/assets/document/Dec_19.xlsx
main,banking-statistics,fsi-and-quarterly-compendium-of-the-banking-system,quarterly,2019,Quarterly Compendium Jun 2019,,Jun_19.pdf,https://www.sbp.org.pk/assets/document/Jun_19.pdf,pdf,1269361.0,Jun_19.xlsx,https://www.sbp.org.pk/assets/document/Jun_19.xlsx
main,banking-statistics,fsi-and-quarterly-compendium-of-the-banking-system,quarterly,2019,Quarterly Compendium Mar 2019,,Mar_19.pdf,https://www.sbp.org.pk/assets/document/Mar_19.pdf,pdf,1281638.0,Mar_19.xlsx,https://www.sbp.org.pk/assets/document/Mar_19.xlsx
main,banking-statistics,fsi-and-quarterly-compendium-of-the-banking-system,quarterly,2018,Quarterly Compendium Dec 2018,,Dec_18.pdf,https://www.sbp.org.pk/assets/document/Dec_18.pdf,pdf,1270938.0,Dec_18.xlsx,https://www.sbp.org.pk/assets/document/Dec_18.xlsx
main,banking-statistics,fsi-and-quarterly-compendium-of-the-banking-system,quarterly,2018,Quarterly Compendium Sep 2018,,Sep_18.pdf,https://www.sbp.org.pk/assets/document/Sep_18.pdf,pdf,1269555.0,Sep_18.xlsx,https://www.sbp.org.pk/assets/document/Sep_18.xlsx
main,banking-statistics,fsi-and-quarterly-compendium-of-the-banking-system,quarterly,2018,Quarterly Compendium Jun 2018,,Jun_18.pdf,https://www.sbp.org.pk/assets/document/Jun_18.pdf,pdf,1277798.0,Jun_18.xlsx,https://www.sbp.org.pk/assets/document/Jun_18.xlsx
main,banking-statistics,fsi-and-quarterly-compendium-of-the-banking-system,quarterly,2018,Quarterly Compendium Mar 2018,,Mar_18.pdf,https://www.sbp.org.pk/assets/document/Mar_18.pdf,pdf,1270333.0,Mar_18.xlsx,https://www.sbp.org.pk/assets/document/Mar_18.xlsx
main,banking-statistics,fsi-and-quarterly-compendium-of-the-banking-system,quarterly,2017,Quarterly Compendium Dec 2017,,Dec_17.pdf,https://www.sbp.org.pk/assets/document/Dec_17.pdf,pdf,1584599.0,Dec_17.xlsx,https://www.sbp.org.pk/assets/document/Dec_17.xlsx
main,banking-statistics,fsi-and-quarterly-compendium-of-the-banking-system,quarterly,2017,Quarterly Compendium Sep 2017,,Sep_17.pdf,https://www.sbp.org.pk/assets/document/Sep_17.pdf,pdf,1602181.0,Sep_17.xlsx,https://www.sbp.org.pk/assets/document/Sep_17.xlsx
main,banking-statistics,fsi-and-quarterly-compendium-of-the-banking-system,quarterly,2017,Quarterly Compendium Jun 2017,,Jun_17.pdf,https://www.sbp.org.pk/assets/document/Jun_17.pdf,pdf,1367060.0,Jun_17.xlsx,https://www.sbp.org.pk/assets/document/Jun_17.xlsx
main,banking-statistics,fsi-and-quarterly-compendium-of-the-banking-system,quarterly,2017,Quarterly Compendium Mar 2017,,Mar_17.pdf,https://www.sbp.org.pk/assets/document/Mar_17.pdf,pdf,1738373.0,Mar_17.xlsx,https://www.sbp.org.pk/assets/document/Mar_17.xlsx
main,banking-statistics,fsi-and-quarterly-compendium-of-the-banking-system,quarterly,2016,Quarterly Compendium Dec 2016,,Dec_16.pdf,https://www.sbp.org.pk/assets/document/Dec_16.pdf,pdf,1531372.0,Dec_16.xlsx,https://www.sbp.org.pk/assets/document/Dec_16.xlsx
main,banking-statistics,fsi-and-quarterly-compendium-of-the-banking-system,quarterly,2016,Quarterly Compendium Sep 2016,,Sep_16.pdf,https://www.sbp.org.pk/assets/document/Sep_16.pdf,pdf,1704131.0,Sep_16.xlsx,https://www.sbp.org.pk/assets/document/Sep_16.xlsx
main,banking-statistics,fsi-and-quarterly-compendium-of-the-banking-system,quarterly,2016,Quarterly Compendium June 2016,,Jun_16.pdf,https://www.sbp.org.pk/assets/document/Jun_16.pdf,pdf,1522657.0,Jun_16.xlsx,https://www.sbp.org.pk/assets/document/Jun_16.xlsx
main,banking-statistics,fsi-and-quarterly-compendium-of-the-banking-system,quarterly,2016,Quarterly Compendium March 2016,,Mar_16.pdf,https://www.sbp.org.pk/assets/document/Mar_16.pdf,pdf,1389302.0,Mar_16.xlsx,https://www.sbp.org.pk/assets/document/Mar_16.xlsx
main,banking-statistics,fsi-and-quarterly-compendium-of-the-banking-system,quarterly,2015,Quarterly Compendium December 2015,,Dec_15.pdf,https://www.sbp.org.pk/assets/document/Dec_15.pdf,pdf,1519524.0,Dec_15.xlsx,https://www.sbp.org.pk/assets/document/Dec_15.xlsx
main,banking-statistics,fsi-and-quarterly-compendium-of-the-banking-system,quarterly,2015,Quarterly Compendium September 2015,,Sep_15.pdf,https://www.sbp.org.pk/assets/document/Sep_15.pdf,pdf,1427220.0,Sep_15.xlsx,https://www.sbp.org.pk/assets/document/Sep_15.xlsx
main,banking-statistics,fsi-and-quarterly-compendium-of-the-banking-system,quarterly,2015,Quarterly Compendium June 2015,,Jun_15.pdf,https://www.sbp.org.pk/assets/document/Jun_15.pdf,pdf,1430661.0,Jun_15.xlsx,https://www.sbp.org.pk/assets/document/Jun_15.xlsx
main,banking-statistics,fsi-and-quarterly-compendium-of-the-banking-system,quarterly,2015,Quarterly Compendium March 2015,,Mar_15.pdf,https://www.sbp.org.pk/assets/document/Mar_15.pdf,pdf,1305631.0,Mar_15.xlsx,https://www.sbp.org.pk/assets/document/Mar_15.xlsx
main,banking-statistics,fsi-and-quarterly-compendium-of-the-banking-system,quarterly,2014,Quarterly Compendium December 2014,,Dec_14.pdf,https://www.sbp.org.pk/assets/document/Dec_14.pdf,pdf,1309286.0,Dec_14.xlsx,https://www.sbp.org.pk/assets/document/Dec_14.xlsx
main,banking-statistics,fsi-and-quarterly-compendium-of-the-banking-system,quarterly,2014,Quarterly Compendium September 2014,,Sep_14.pdf,https://www.sbp.org.pk/assets/document/Sep_14.pdf,pdf,1325046.0,Sept_14.xlsx,https://www.sbp.org.pk/assets/document/Sept_14.xlsx
main,banking-statistics,fsi-and-quarterly-compendium-of-the-banking-system,quarterly,2014,Quarterly Compendium June 2014,,Jun_14.pdf,https://www.sbp.org.pk/assets/document/Jun_14.pdf,pdf,1316874.0,Jun_14.xlsx,https://www.sbp.org.pk/assets/document/Jun_14.xlsx
main,banking-statistics,fsi-and-quarterly-compendium-of-the-banking-system,quarterly,2014,Quarterly Compendium March 2014,,Mar_14.pdf,https://www.sbp.org.pk/assets/document/Mar_14.pdf,pdf,1317386.0,Mar_14.xlsx,https://www.sbp.org.pk/assets/document/Mar_14.xlsx
main,banking-statistics,fsi-and-quarterly-compendium-of-the-banking-system,quarterly,2013,Quarterly Compendium December 2013,,Dec_13.pdf,https://www.sbp.org.pk/assets/document/Dec_13.pdf,pdf,1323172.0,Dec_13.xlsx,https://www.sbp.org.pk/assets/document/Dec_13.xlsx
main,banking-statistics,fsi-and-quarterly-compendium-of-the-banking-system,quarterly,2013,Quarterly Compendium September 2013,,Sep_13.pdf,https://www.sbp.org.pk/assets/document/Sep_13.pdf,pdf,1292380.0,Sep_13.xlsx,https://www.sbp.org.pk/assets/document/Sep_13.xlsx
main,banking-statistics,fsi-and-quarterly-compendium-of-the-banking-system,quarterly,2013,Quarterly Compendium June 2013,,June_13.pdf,https://www.sbp.org.pk/assets/document/June_13.pdf,pdf,824515.0,June_13.xlsx,https://www.sbp.org.pk/assets/document/June_13.xlsx
main,banking-statistics,fsi-and-quarterly-compendium-of-the-banking-system,quarterly,2013,Quarterly Compendium March 2013,,Mar_13.pdf,https://www.sbp.org.pk/assets/document/Mar_13.pdf,pdf,830188.0,Mar_13.xlsx,https://www.sbp.org.pk/assets/document/Mar_13.xlsx
main,banking-statistics,fsi-and-quarterly-compendium-of-the-banking-system,quarterly,2012,Quarterly Compendium December 2012,,Dec_12.pdf,https://www.sbp.org.pk/assets/document/Dec_12.pdf,pdf,830730.0,Dec_12.xlsx,https://www.sbp.org.pk/assets/document/Dec_12.xlsx
main,banking-statistics,fsi-and-quarterly-compendium-of-the-banking-system,quarterly,2012,Quarterly Compendium September 2012,,Sep_12.pdf,https://www.sbp.org.pk/assets/document/Sep_12.pdf,pdf,818698.0,Sep_12.xlsx,https://www.sbp.org.pk/assets/document/Sep_12.xlsx
main,banking-statistics,fsi-and-quarterly-compendium-of-the-banking-system,quarterly,2012,Quarterly Compendium June 2012,,Jun_12.pdf,https://www.sbp.org.pk/assets/document/Jun_12.pdf,pdf,759153.0,Jun_12.xlsx,https://www.sbp.org.pk/assets/document/Jun_12.xlsx
main,banking-statistics,fsi-and-quarterly-compendium-of-the-banking-system,quarterly,2012,Quarterly Compendium March 2012,,Mar_12.pdf,https://www.sbp.org.pk/assets/document/Mar_12.pdf,pdf,1087334.0,Mar_12.xlsx,https://www.sbp.org.pk/assets/document/Mar_12.xlsx
main,banking-statistics,fsi-and-quarterly-compendium-of-the-banking-system,quarterly,2011,Quarterly Compendium December 2011,,Dec_11.pdf,https://www.sbp.org.pk/assets/document/Dec_11.pdf,pdf,1081928.0,Dec_11.xlsx,https://www.sbp.org.pk/assets/document/Dec_11.xlsx
main,banking-statistics,fsi-and-quarterly-compendium-of-the-banking-system,quarterly,2011,Quarterly Compendium September 2011,,Sep_11.pdf,https://www.sbp.org.pk/assets/document/Sep_11.pdf,pdf,701563.0,Sep_11.xlsx,https://www.sbp.org.pk/assets/document/Sep_11.xlsx
main,banking-statistics,fsi-and-quarterly-compendium-of-the-banking-system,quarterly,2011,Quarterly Compendium June 2011,,June_11.pdf,https://www.sbp.org.pk/assets/document/June_11.pdf,pdf,454574.0,June_11.xlsx,https://www.sbp.org.pk/assets/document/June_11.xlsx
main,banking-statistics,fsi-and-quarterly-compendium-of-the-banking-system,quarterly,2011,Quarterly Compendium: Statistics of the Banking System - Mar 11,,Mar_11.pdf,https://www.sbp.org.pk/assets/document/Mar_11.pdf,pdf,821852.0,,
main,banking-statistics,fsi-and-quarterly-compendium-of-the-banking-system,quarterly,2010,Financial Soundness Indicators - September 10,,Sep_10.pdf,https://www.sbp.org.pk/assets/document/Sep_10.pdf,pdf,178780.0,,
main,banking-statistics,fsi-and-quarterly-compendium-of-the-banking-system,quarterly,2010,Financial Soundness Indicators - June 10,,June_10.pdf,https://www.sbp.org.pk/assets/document/June_10.pdf,pdf,180890.0,,
main,banking-statistics,fsi-and-quarterly-compendium-of-the-banking-system,quarterly,2010,Financial Soundness Indicators - March 10,,Mar_10.pdf,https://www.sbp.org.pk/assets/document/Mar_10.pdf,pdf,173670.0,,
main,banking-statistics,fsi-and-quarterly-compendium-of-the-banking-system,quarterly,2009,Financial Soundness Indicators - December 09,,Dec_09.pdf,https://www.sbp.org.pk/assets/document/Dec_09.pdf,pdf,174377.0,,
main,banking-statistics,fsi-and-quarterly-compendium-of-the-banking-system,quarterly,2009,Financial Soundness Indicators - September 09,,Sep_09.pdf,https://www.sbp.org.pk/assets/document/Sep_09.pdf,pdf,176845.0,,
main,banking-statistics,loan-to-textile-sector-and-readymade-garments-sector,half_yearly,2025,Loan to Textile Sector and Readymade Garments Sector,,LTS.pdf,https://www.sbp.org.pk/assets/document/LTS.pdf,pdf,547809.0,LTS.xlsx,https://www.sbp.org.pk/assets/document/LTS.xlsx
main,banking-statistics,loans-to-private-sector-business-by-type-of-finance,monthly,2026,Loans to private sector business by type of finance,,By-type-of-finance.pdf,https://www.sbp.org.pk/assets/document/By-type-of-finance.pdf,pdf,883241.0,By-type-of-finance.xls,https://www.sbp.org.pk/assets/document/By-type-of-finance.xls
main,banking-statistics,non-performing-loans,quarterly,Quarterly - 2025,Non Performing Loans - December 2025,,NPL-Dec-2025.pdf,https://www.sbp.org.pk/assets/document/NPL-Dec-2025.pdf,pdf,129966.0,,
main,banking-statistics,non-performing-loans,quarterly,2026,Non Performing Loans - March 2026,,NPLs_Mar-26.pdf,https://www.sbp.org.pk/assets/document/NPLs_Mar-26.pdf,pdf,211773.0,,
main,banking-statistics,non-performing-loans,quarterly,2025,Non Performing Loans - March 2025,,31-Mar.pdf,https://www.sbp.org.pk/assets/document/31-Mar.pdf,pdf,71363.0,,
main,banking-statistics,non-performing-loans,quarterly,2025,Non Performing Loans - June 2025,,30-Jun.pdf,https://www.sbp.org.pk/assets/document/30-Jun.pdf,pdf,78008.0,,
main,banking-statistics,non-performing-loans,quarterly,2025,Non Performing Loans - September 2025,,30-Sep.pdf,https://www.sbp.org.pk/assets/document/30-Sep.pdf,pdf,77158.0,,
main,banking-statistics,non-performing-loans,quarterly,2025,Non-Performing Loans - December 2025,,Dec_25.pdf,https://www.sbp.org.pk/assets/document/Dec_25.pdf,pdf,129966.0,,
main,banking-statistics,non-performing-loans,quarterly,2024,Non-Performing Loans - Mar 2024,,Mar_24.pdf,https://www.sbp.org.pk/assets/document/Mar_24.pdf,pdf,295721.0,,
main,banking-statistics,non-performing-loans,quarterly,2024,Non-Performing Loans - June 2024,,Jun_24.pdf,https://www.sbp.org.pk/assets/document/Jun_24.pdf,pdf,71455.0,,
main,banking-statistics,non-performing-loans,quarterly,2024,Non-Performing Loans - September 2024,,Sep_2024.pdf,https://www.sbp.org.pk/assets/document/Sep_2024.pdf,pdf,77978.0,,
main,banking-statistics,non-performing-loans,quarterly,2024,Non-Performing Loans - December 2024,,Dec_24.pdf,https://www.sbp.org.pk/assets/document/Dec_24.pdf,pdf,71373.0,,
main,banking-statistics,non-performing-loans,quarterly,2023,Non-Performing Loans - March 2023,,Mar_loan_23.pdf,https://www.sbp.org.pk/assets/document/Mar_loan_23.pdf,pdf,295946.0,,
main,banking-statistics,non-performing-loans,quarterly,2023,Non-Performing Loans - June 2023,,Jun_loan_23.pdf,https://www.sbp.org.pk/assets/document/Jun_loan_23.pdf,pdf,293642.0,,
main,banking-statistics,non-performing-loans,quarterly,2023,Non-Performing Loans - Sep 2023,,Sep_loans_23.pdf,https://www.sbp.org.pk/assets/document/Sep_loans_23.pdf,pdf,293202.0,,
main,banking-statistics,non-performing-loans,quarterly,2023,Non-Performing Loans - Dec 2023,,Dec_loans_23.pdf,https://www.sbp.org.pk/assets/document/Dec_loans_23.pdf,pdf,292751.0,,
main,banking-statistics,non-performing-loans,quarterly,2022,Non-Performing Loans - March 2022,,Mar_loan_2022.pdf,https://www.sbp.org.pk/assets/document/Mar_loan_2022.pdf,pdf,291963.0,,
main,banking-statistics,non-performing-loans,quarterly,2022,Non-Performing Loans - June 2022,,Jun_loan_22.pdf,https://www.sbp.org.pk/assets/document/Jun_loan_22.pdf,pdf,292864.0,,
main,banking-statistics,non-performing-loans,quarterly,2022,Non-Performing Loans - September 2022,,Sep_loan_22.pdf,https://www.sbp.org.pk/assets/document/Sep_loan_22.pdf,pdf,294134.0,,
main,banking-statistics,non-performing-loans,quarterly,2022,Non-Performing Loans - December 2022,,Dec_loan_22.pdf,https://www.sbp.org.pk/assets/document/Dec_loan_22.pdf,pdf,292700.0,,
main,banking-statistics,non-performing-loans,quarterly,2021,Non-Performing Loans - March 2021,,March_loan_21.pdf,https://www.sbp.org.pk/assets/document/March_loan_21.pdf,pdf,292239.0,,
main,banking-statistics,non-performing-loans,quarterly,2021,Non-Performing Loans - June 2021,,June_loan_21.pdf,https://www.sbp.org.pk/assets/document/June_loan_21.pdf,pdf,294154.0,,
main,banking-statistics,non-performing-loans,quarterly,2021,Non-Performing Loans - September 2021,,sep_loan_21.pdf,https://www.sbp.org.pk/assets/document/sep_loan_21.pdf,pdf,293673.0,,
main,banking-statistics,non-performing-loans,quarterly,2021,Non-Performing Loans - December 2021,,Dec_loan_21.pdf,https://www.sbp.org.pk/assets/document/Dec_loan_21.pdf,pdf,293120.0,,
main,banking-statistics,non-performing-loans,quarterly,2020,Non-Performing Loans - March 2020,,NPL-Mar-2020.pdf,https://www.sbp.org.pk/assets/document/NPL-Mar-2020.pdf,pdf,294236.0,,
main,banking-statistics,non-performing-loans,quarterly,2020,Non-Performing Loans - June 2020,,NPL-Jun-2020.pdf,https://www.sbp.org.pk/assets/document/NPL-Jun-2020.pdf,pdf,298138.0,,
main,banking-statistics,non-performing-loans,quarterly,2020,Non-Performing Loans - September 2020,,NPL-Sep-2020.pdf,https://www.sbp.org.pk/assets/document/NPL-Sep-2020.pdf,pdf,298578.0,,
main,banking-statistics,non-performing-loans,quarterly,2020,Non-Performing Loans - December 2020,,NPL-Dec-2020.pdf,https://www.sbp.org.pk/assets/document/NPL-Dec-2020.pdf,pdf,293816.0,,
main,banking-statistics,non-performing-loans,quarterly,2019,Non-Performing Loans - March 2019,,NPL-May-2019.pdf,https://www.sbp.org.pk/assets/document/NPL-May-2019.pdf,pdf,296704.0,,
main,banking-statistics,non-performing-loans,quarterly,2019,Non-Performing Loans - June 2019,,NPL-Jun-2019.pdf,https://www.sbp.org.pk/assets/document/NPL-Jun-2019.pdf,pdf,39506.0,,
main,banking-statistics,non-performing-loans,quarterly,2019,Non-Performing Loans - September 2019,,NPL-Sep-2019.pdf,https://www.sbp.org.pk/assets/document/NPL-Sep-2019.pdf,pdf,302213.0,,
main,banking-statistics,non-performing-loans,quarterly,2019,Non-Performing Loans - December 2019,,NPL-Dec-2019.pdf,https://www.sbp.org.pk/assets/document/NPL-Dec-2019.pdf,pdf,293212.0,,
main,banking-statistics,non-performing-loans,quarterly,2018,Non-Performing Loans - March 2018,,NPL-Mar-18.pdf,https://www.sbp.org.pk/assets/document/NPL-Mar-18.pdf,pdf,39772.0,,
main,banking-statistics,non-performing-loans,quarterly,2018,Non-Performing Loans - June 2018,,NPL-Jun-18.pdf,https://www.sbp.org.pk/assets/document/NPL-Jun-18.pdf,pdf,297226.0,,
main,banking-statistics,non-performing-loans,quarterly,2018,Non-Performing Loans - September 2018,,NPL-Sep-18.pdf,https://www.sbp.org.pk/assets/document/NPL-Sep-18.pdf,pdf,297523.0,,
main,banking-statistics,non-performing-loans,quarterly,2018,Non-Performing Loans - December 2018,,NPL-Dec-2018.pdf,https://www.sbp.org.pk/assets/document/NPL-Dec-2018.pdf,pdf,296264.0,,
main,banking-statistics,non-performing-loans,quarterly,2017,Non-Performing Loans - March 2017,,NPL-Mar-17.pdf,https://www.sbp.org.pk/assets/document/NPL-Mar-17.pdf,pdf,294124.0,,
main,banking-statistics,non-performing-loans,quarterly,2017,Non-Performing Loans - June 2017,,NPL-Jun-17.pdf,https://www.sbp.org.pk/assets/document/NPL-Jun-17.pdf,pdf,297779.0,,
main,banking-statistics,non-performing-loans,quarterly,2017,Non-Performing Loans - September 2017,,NPL-Sep-17.pdf,https://www.sbp.org.pk/assets/document/NPL-Sep-17.pdf,pdf,298066.0,,
main,banking-statistics,non-performing-loans,quarterly,2017,Non-Performing Loans - December 2017,,NPL-Dec-17.pdf,https://www.sbp.org.pk/assets/document/NPL-Dec-17.pdf,pdf,39793.0,,
main,banking-statistics,non-performing-loans,quarterly,2016,Non-Performing Loans - March 2016,,NPL-Mar-2016.pdf,https://www.sbp.org.pk/assets/document/NPL-Mar-2016.pdf,pdf,39465.0,,
main,banking-statistics,non-performing-loans,quarterly,2016,Non-Performing Loans - June 2016,,NPL-Jun-2016.pdf,https://www.sbp.org.pk/assets/document/NPL-Jun-2016.pdf,pdf,298291.0,,
main,banking-statistics,non-performing-loans,quarterly,2016,Non-Performing Loans - September 2016,,NPL-Sep-2016.pdf,https://www.sbp.org.pk/assets/document/NPL-Sep-2016.pdf,pdf,298394.0,,
main,banking-statistics,non-performing-loans,quarterly,2016,Non-Performing Loans - December 2016,,NPL-Dec-16.pdf,https://www.sbp.org.pk/assets/document/NPL-Dec-16.pdf,pdf,297206.0,,
main,banking-statistics,non-performing-loans,quarterly,2015,Non Performing Loans - Feb 2015,,NPL-23-Feb-2015.pdf,https://www.sbp.org.pk/assets/document/NPL-23-Feb-2015.pdf,pdf,39404.0,,
main,banking-statistics,non-performing-loans,quarterly,2015,Non Performing Loans - March 2015,,NPL-31-Mar-2015.pdf,https://www.sbp.org.pk/assets/document/NPL-31-Mar-2015.pdf,pdf,39311.0,,
main,banking-statistics,non-performing-loans,quarterly,2015,Non-Performing Loans - August 2015,,NPL-28-Aug-2015.pdf,https://www.sbp.org.pk/assets/document/NPL-28-Aug-2015.pdf,pdf,39383.0,,
main,banking-statistics,non-performing-loans,quarterly,2015,Non-Performing Loans - December 2015,,NPL-31-Dec-2015.pdf,https://www.sbp.org.pk/assets/document/NPL-31-Dec-2015.pdf,pdf,39311.0,,
main,banking-statistics,non-performing-loans,quarterly,2014,Non Performing Loans - November 2014,,NPL-21-Nov-2014.pdf,https://www.sbp.org.pk/assets/document/NPL-21-Nov-2014.pdf,pdf,39260.0,,
main,banking-statistics,payment-systems-including-ebanking,,2017,Payment Systems including eBanking,2017-08-30,FiscalYear-2017-18_1.pdf,https://www.sbp.org.pk/assets/document/FiscalYear-2017-18_1.pdf,pdf,458742.0,PS-Statistics.xlsx,https://www.sbp.org.pk/assets/document/PS-Statistics.xlsx
main,banking-statistics,performance-overview-agricultural-credit-expansion-plans-aceps,monthly,2026,ACEPs Performance Overview for July - Jan 2026 (FY26),,Agri._Credit_Data_(Jul-Jan_FY26)_.pdf,https://www.sbp.org.pk/assets/document/Agri._Credit_Data_%28Jul-Jan_FY26%29_.pdf,pdf,500163.0,,
main,banking-statistics,performance-overview-agricultural-credit-expansion-plans-aceps,monthly,2025,ACEPs Performance Overview for July - Dec 2025 (FY26),,ACEPs_Performance_Overview_for_July_-_Dec_2025_(FY26).pdf,https://www.sbp.org.pk/assets/document/ACEPs_Performance_Overview_for_July_-_Dec_2025_%28FY26%29.pdf,pdf,582533.0,,
main,banking-statistics,performance-overview-agricultural-credit-expansion-plans-aceps,monthly,2025,Indicative Credit Targets and Monthly Analysis table for July - Nov 2025 (FY26),,Agri._Credit_Data_Jul-Nov_FY26_.pdf,https://www.sbp.org.pk/assets/document/Agri._Credit_Data_Jul-Nov_FY26_.pdf,pdf,498432.0,,
main,banking-statistics,performance-overview-agricultural-credit-expansion-plans-aceps,monthly,2025,Indicative Credit Targets and Monthly Analysis table for July - Oct 2025 (FY25),,Agri-Credit-Jul-Oct-FY25.pdf,https://www.sbp.org.pk/assets/document/Agri-Credit-Jul-Oct-FY25.pdf,pdf,500736.0,,
main,banking-statistics,performance-overview-agricultural-credit-expansion-plans-aceps,monthly,2025,Indicative Credit Targets and Monthly Analysis table for July - Sep 2025 (FY25),,Agri-Credit-Jul-Sep-FY25.pdf,https://www.sbp.org.pk/assets/document/Agri-Credit-Jul-Sep-FY25.pdf,pdf,502057.0,,
main,banking-statistics,performance-overview-agricultural-credit-expansion-plans-aceps,monthly,2025,Indicative Credit Targets and Monthly Analysis table for July - Aug 2025 (FY25),,Agri-Credit-Jul-Aug-FY25.pdf,https://www.sbp.org.pk/assets/document/Agri-Credit-Jul-Aug-FY25.pdf,pdf,501197.0,,
main,banking-statistics,performance-overview-agricultural-credit-expansion-plans-aceps,monthly,2025,Indicative Credit Targets and Monthly Analysis table for July - Jul 2025 (FY25),,Agri-Credit-Jul-Jul-FY25.pdf,https://www.sbp.org.pk/assets/document/Agri-Credit-Jul-Jul-FY25.pdf,pdf,502282.0,,
main,banking-statistics,performance-overview-agricultural-credit-expansion-plans-aceps,monthly,2025,Indicative Credit Targets and Monthly Analysis table for July - Jun 2025 (FY25),,Agri._Credit_Data_Jul-Jun_FY25_.pdf,https://www.sbp.org.pk/assets/document/Agri._Credit_Data_Jul-Jun_FY25_.pdf,pdf,502282.0,,
main,banking-statistics,province-region-wise-disbursement-and-utilization,half_yearly,2023,Province/Region-wise Disbursement and Utilization,,province-region-wise-disbursement-and-utilization.pdf,https://www.sbp.org.pk/assets/document/province-region-wise-disbursement-and-utilization.pdf,pdf,228280.0,Pro-Reg-Advances.xls,https://www.sbp.org.pk/assets/document/Pro-Reg-Advances.xls
main,banking-statistics,province-wise-advances-and-deposits-by-category-of-borrowers-depositors,half_yearly,2024,Province-wise Advances and Deposits by Category of Borrowers/Depositors,,,,,,RAD.xls,https://www.sbp.org.pk/assets/document/RAD.xls
main,banking-statistics,total-advances-of-scheduled-banks-stock,half_yearly,2026,Total Advances of Scheduled Banks - (Stock),,advances.pdf,https://www.sbp.org.pk/assets/document/advances.pdf,pdf,513372.0,,
main,banking-statistics,total-deposits-of-scheduled-banks-stock,half_yearly,2025,Total Deposits of Scheduled Banks - (Stock),,deposits.pdf,https://www.sbp.org.pk/assets/document/deposits.pdf,pdf,536566.0,,
main,banking-statistics,total-investments-of-scheduled-banks-stock,half_yearly,2025,Total Investments of Scheduled Banks - (Stock),,investments.pdf,https://www.sbp.org.pk/assets/document/investments.pdf,pdf,542515.0,,
external,exchange-rates,bank-floating-average-exchange-rates,monthly,2026,Bank Floating Average Exchange Rates,,IBF_Rates.pdf,https://www.sbp.org.pk/assets/document/IBF_Rates.pdf,pdf,194540.0,IBF_Rates.xls,https://www.sbp.org.pk/assets/document/IBF_Rates.xls
external,exchange-rates,bank-floating-daily-average-exchange-rate,monthly,2026,Bank Floating Daily Average Exchange Rate,,BFER_Daily.pdf,https://www.sbp.org.pk/assets/document/BFER_Daily.pdf,pdf,204104.0,BFER_Daily.xlsx,https://www.sbp.org.pk/assets/document/BFER_Daily.xlsx
external,exchange-rates,mark-to-market-revaluation-exchange-rate,daily,2026,Mark-to-Market Revaluation Exchange Rate - 2025 - 2026,,,,,,M2M_Rates_July_2025_June_2026.xlsx,https://www.sbp.org.pk/assets/document/M2M_Rates_July_2025_June_2026.xlsx
external,exchange-rates,mark-to-market-revaluation-exchange-rate,daily,2026,Mark-to-Market Revaluation Exchange Rate - 2024 - 2025,,,,,,M2M_Rates_July_2024_June_2025.xlsx,https://www.sbp.org.pk/assets/document/M2M_Rates_July_2024_June_2025.xlsx
external,exchange-rates,mark-to-market-revaluation-exchange-rate,daily,2026,Mark-to-Market Revaluation Exchange Rate - 2023 - 2024,,,,,,M2M_Rates_July_2023_June_2024.xlsx,https://www.sbp.org.pk/assets/document/M2M_Rates_July_2023_June_2024.xlsx
external,exchange-rates,mark-to-market-revaluation-exchange-rate,daily,2026,Mark-to-Market Revaluation Exchange Rate - 2022 - 2023,,,,,,M2M_Rates_July_2022_June__2023.xlsx,https://www.sbp.org.pk/assets/document/M2M_Rates_July_2022_June__2023.xlsx
external,exchange-rates,mark-to-market-revaluation-exchange-rate,daily,2026,Mark-to-Market Revaluation Exchange Rate - 2021 - 2022,,,,,,M2M_Rates_July_2021_June__2022.xlsx,https://www.sbp.org.pk/assets/document/M2M_Rates_July_2021_June__2022.xlsx
external,exchange-rates,mark-to-market-revaluation-exchange-rate,daily,2026,Mark-to-Market Revaluation Exchange Rate - 2020 - 2021,,,,,,M2MRates-July-2020-June-2021.xlsx,https://www.sbp.org.pk/assets/document/M2MRates-July-2020-June-2021.xlsx
external,exchange-rates,mark-to-market-revaluation-exchange-rate,daily,2026,Mark-to-Market Revaluation Exchange Rate - 02-Mar-2026,2026-03-02,m2m-02-Mar-26.pdf,https://www.sbp.org.pk/assets/document/m2m-02-Mar-26.pdf,pdf,253891.0,,
external,exchange-rates,mark-to-market-revaluation-exchange-rate,daily,2026,Mark-to-Market Revaluation Exchange Rate - 03-Mar-2026,2026-03-03,m2m-03-Mar-26.pdf,https://www.sbp.org.pk/assets/document/m2m-03-Mar-26.pdf,pdf,254228.0,,
external,exchange-rates,mark-to-market-revaluation-exchange-rate,daily,2026,Mark-to-Market Revaluation Exchange Rate - 04-Mar-2026,2026-03-04,m2m-04-Mar-26.pdf,https://www.sbp.org.pk/assets/document/m2m-04-Mar-26.pdf,pdf,254249.0,,
external,exchange-rates,mark-to-market-revaluation-exchange-rate,daily,2026,Mark-to-Market Revaluation Exchange Rate - 05-Mar-2026,2026-03-05,m2m-05-Mar-26.pdf,https://www.sbp.org.pk/assets/document/m2m-05-Mar-26.pdf,pdf,254239.0,,
external,exchange-rates,mark-to-market-revaluation-exchange-rate,daily,2026,Mark-to-Market Revaluation Exchange Rate - 06-Mar-2026,2026-03-06,m2m-06-Mar-26.pdf,https://www.sbp.org.pk/assets/document/m2m-06-Mar-26.pdf,pdf,254249.0,,
external,exchange-rates,mark-to-market-revaluation-exchange-rate,daily,2026,Mark-to-Market Revaluation Exchange Rate - 09-Mar-2026,2026-03-09,m2m-09-Mar-26.pdf,https://www.sbp.org.pk/assets/document/m2m-09-Mar-26.pdf,pdf,242493.0,,
external,exchange-rates,mark-to-market-revaluation-exchange-rate,daily,2026,Mark-to-Market Revaluation Exchange Rate - 10-Mar-2026,2026-03-10,m2m-10-Mar-26.pdf,https://www.sbp.org.pk/assets/document/m2m-10-Mar-26.pdf,pdf,242545.0,,
external,exchange-rates,mark-to-market-revaluation-exchange-rate,daily,2026,Mark-to-Market Revaluation Exchange Rate - 11-Mar-2026,2026-03-11,m2m-11-Mar-26.pdf,https://www.sbp.org.pk/assets/document/m2m-11-Mar-26.pdf,pdf,242504.0,,
external,exchange-rates,mark-to-market-revaluation-exchange-rate,daily,2026,Mark-to-Market Revaluation Exchange Rate - 12-Mar-2026,2026-03-12,m2m-12-Mar-26.pdf,https://www.sbp.org.pk/assets/document/m2m-12-Mar-26.pdf,pdf,242514.0,,
external,exchange-rates,mark-to-market-revaluation-exchange-rate,daily,2026,Mark-to-Market Revaluation Exchange Rate - 13-Mar-2026,2026-03-13,m2m-13-Mar-26.pdf,https://www.sbp.org.pk/assets/document/m2m-13-Mar-26.pdf,pdf,242473.0,,
external,exchange-rates,mark-to-market-revaluation-exchange-rate,daily,2026,Mark-to-Market Revaluation Exchange Rate - 16-Mar-2026,2026-03-16,m2m-16-Mar-26.pdf,https://www.sbp.org.pk/assets/document/m2m-16-Mar-26.pdf,pdf,254269.0,,
external,exchange-rates,mark-to-market-revaluation-exchange-rate,daily,2026,Mark-to-Market Revaluation Exchange Rate - 17-Mar-2026,2026-03-17,m2m-17-Mar-26.pdf,https://www.sbp.org.pk/assets/document/m2m-17-Mar-26.pdf,pdf,227082.0,,
external,exchange-rates,mark-to-market-revaluation-exchange-rate,daily,2026,Mark-to-Market Revaluation Exchange Rate - 18-Mar-2026,2026-03-18,m2m-18-Mar-26.pdf,https://www.sbp.org.pk/assets/document/m2m-18-Mar-26.pdf,pdf,254239.0,,
external,exchange-rates,nominal-real-effective-exchange-rates-indices-of-pak-rupees,monthly,2026,Nominal/Real Effective Exchange Rates Indices of Pak Rupees,,NEER-REER.pdf,https://www.sbp.org.pk/assets/document/NEER-REER.pdf,pdf,407767.0,neer-reer.xls,https://www.sbp.org.pk/assets/document/neer-reer.xls
external,exchange-rates,open-market-closing-exchange-rates,daily,2025,Open Market Closing Exchange Rates-30-Jan-25,2025-01-30,30-Jan-25_2.pdf,https://www.sbp.org.pk/assets/document/30-Jan-25_2.pdf,pdf,431411.0,,
external,exchange-rates,open-market-closing-exchange-rates,daily,2025,Open Market Closing Exchange Rates-31-Jan-25,2025-01-31,31-Jan-25_2_1.pdf,https://www.sbp.org.pk/assets/document/31-Jan-25_2_1.pdf,pdf,431442.0,,
external,exchange-rates,open-market-closing-exchange-rates,daily,2025,Open Market Closing Exchange Rates-27-Feb-25,2025-02-27,27-Feb-25_1.pdf,https://www.sbp.org.pk/assets/document/27-Feb-25_1.pdf,pdf,427837.0,,
external,exchange-rates,open-market-closing-exchange-rates,daily,2025,Open Market Closing Exchange Rates-28-Feb-25,2025-02-28,28-Feb-25_2.pdf,https://www.sbp.org.pk/assets/document/28-Feb-25_2.pdf,pdf,428698.0,,
external,exchange-rates,open-market-closing-exchange-rates,daily,2025,Open Market Closing Exchange Rates-27-Mar-25,2025-03-27,27-Mar-25_1.pdf,https://www.sbp.org.pk/assets/document/27-Mar-25_1.pdf,pdf,426650.0,,
external,exchange-rates,open-market-closing-exchange-rates,daily,2025,Open Market Closing Exchange Rates-28-Mar-25,2025-03-28,28-Mar-25_1.pdf,https://www.sbp.org.pk/assets/document/28-Mar-25_1.pdf,pdf,430541.0,,
external,exchange-rates,open-market-closing-exchange-rates,daily,2025,Open Market Closing Exchange Rates-29-Apr-25,2025-04-29,29-Apr-25_1.pdf,https://www.sbp.org.pk/assets/document/29-Apr-25_1.pdf,pdf,427561.0,,
external,exchange-rates,open-market-closing-exchange-rates,daily,2025,Open Market Closing Exchange Rates-30-Apr-25,2025-04-30,30-Apr-25_1.pdf,https://www.sbp.org.pk/assets/document/30-Apr-25_1.pdf,pdf,427776.0,,
external,exchange-rates,open-market-closing-exchange-rates,daily,2025,Open Market Closing Exchange Rates-29-May-25,2025-05-29,29-May-25_1.pdf,https://www.sbp.org.pk/assets/document/29-May-25_1.pdf,pdf,427571.0,,
external,exchange-rates,open-market-closing-exchange-rates,daily,2025,Open Market Closing Exchange Rates-30-May-25,2025-05-30,30-May-25_1.pdf,https://www.sbp.org.pk/assets/document/30-May-25_1.pdf,pdf,427786.0,,
external,exchange-rates,open-market-closing-exchange-rates,daily,2025,Open Market Closing Exchange Rates-27-Jun-25,2025-06-27,27-Jun-25_1.pdf,https://www.sbp.org.pk/assets/document/27-Jun-25_1.pdf,pdf,427151.0,,
external,exchange-rates,open-market-closing-exchange-rates,daily,2025,Open Market Closing Exchange Rates-30-Jun-25,2025-06-30,30-Jun-25_1.pdf,https://www.sbp.org.pk/assets/document/30-Jun-25_1.pdf,pdf,428370.0,,
external,exchange-rates,open-market-closing-exchange-rates,daily,2025,Open Market Closing Exchange Rates-30-Jul-25,2025-07-30,30-Jul-25_1.pdf,https://www.sbp.org.pk/assets/document/30-Jul-25_1.pdf,pdf,428370.0,,
external,exchange-rates,open-market-closing-exchange-rates,daily,2025,Open Market Closing Exchange Rates-31-Jul-25,2025-07-31,31-Jul-25_1.pdf,https://www.sbp.org.pk/assets/document/31-Jul-25_1.pdf,pdf,428360.0,,
external,exchange-rates,open-market-closing-exchange-rates,daily,2025,Open Market Closing Exchange Rates-28-Aug-25,2025-08-28,28-Aug-25_1.pdf,https://www.sbp.org.pk/assets/document/28-Aug-25_1.pdf,pdf,427510.0,,
external,exchange-rates,open-market-closing-exchange-rates,daily,2025,Open Market Closing Exchange Rates-29-Aug-25,2025-08-29,29-Aug-25_1.pdf,https://www.sbp.org.pk/assets/document/29-Aug-25_1.pdf,pdf,427592.0,,
external,exchange-rates,open-market-closing-exchange-rates,daily,2025,Open Market Closing Exchange Rates-29-Sep-25,2025-09-29,29-Sep-25.pdf,https://www.sbp.org.pk/assets/document/29-Sep-25.pdf,pdf,427571.0,,
external,exchange-rates,open-market-closing-exchange-rates,daily,2025,Open Market Closing Exchange Rates-30-Sep-25,2025-09-30,30-Sep-25.pdf,https://www.sbp.org.pk/assets/document/30-Sep-25.pdf,pdf,427796.0,,
external,exchange-rates,open-market-closing-exchange-rates,daily,2025,Open Market Closing Exchange Rates-30-Oct-25,2025-10-30,30-Oct-25.pdf,https://www.sbp.org.pk/assets/document/30-Oct-25.pdf,pdf,430868.0,,
external,exchange-rates,open-market-closing-exchange-rates,daily,2025,Open Market Closing Exchange Rates-31-Oct-25,2025-10-31,31-Oct-25.pdf,https://www.sbp.org.pk/assets/document/31-Oct-25.pdf,pdf,427786.0,,
external,exchange-rates,open-market-closing-exchange-rates,daily,2025,Open Market Closing Exchange Rates-26-Nov-25,2025-11-26,26-Nov-25_1.pdf,https://www.sbp.org.pk/assets/document/26-Nov-25_1.pdf,pdf,431124.0,,
external,exchange-rates,open-market-closing-exchange-rates,daily,2025,Open Market Closing Exchange Rates-28-Nov-25,2025-11-28,28-Nov-25_1.pdf,https://www.sbp.org.pk/assets/document/28-Nov-25_1.pdf,pdf,431278.0,,
external,exchange-rates,open-market-closing-exchange-rates,daily,2025,Open Market Closing Exchange Rates-30-Dec-25,2025-12-30,30-Dec-25.pdf,https://www.sbp.org.pk/assets/document/30-Dec-25.pdf,pdf,431206.0,,
external,exchange-rates,open-market-closing-exchange-rates,daily,2025,Open Market Closing Exchange Rates-31-Dec-25,2025-12-31,31-Dec-25.pdf,https://www.sbp.org.pk/assets/document/31-Dec-25.pdf,pdf,431217.0,,
external,exchange-rates,open-market-closing-exchange-rates,daily,2026,Open Market Closing Exchange Rates-29-Jan-26,2026-01-29,29-Jan-26_2.pdf,https://www.sbp.org.pk/assets/document/29-Jan-26_2.pdf,pdf,431022.0,,
external,exchange-rates,open-market-closing-exchange-rates,daily,2026,Open Market Closing Exchange Rates-30-Jan-26,2026-01-30,30-Jan-26_2.pdf,https://www.sbp.org.pk/assets/document/30-Jan-26_2.pdf,pdf,431350.0,,
external,exchange-rates,open-market-closing-exchange-rates,daily,2026,Open Market Closing Exchange Rates-02-Feb-26,2026-02-02,02-Feb-26_2.pdf,https://www.sbp.org.pk/assets/document/02-Feb-26_2.pdf,pdf,429466.0,,
external,exchange-rates,weighted-average-customer-exchange-rates,daily,2025,Weighted Average Customer Exchange Rates-30-Jan-25,2025-01-30,30-Jan-25_1.pdf,https://www.sbp.org.pk/assets/document/30-Jan-25_1.pdf,pdf,105431.0,,
external,exchange-rates,weighted-average-customer-exchange-rates,daily,2025,Weighted Average Customer Exchange Rates-31-Jan-25,2025-01-31,31-Jan-25_4.pdf,https://www.sbp.org.pk/assets/document/31-Jan-25_4.pdf,pdf,105441.0,,
external,exchange-rates,weighted-average-customer-exchange-rates,daily,2025,Weighted Average Customer Exchange Rates-28-Feb-25,2025-02-28,28-Feb-25_1.pdf,https://www.sbp.org.pk/assets/document/28-Feb-25_1.pdf,pdf,105441.0,,
external,exchange-rates,weighted-average-customer-exchange-rates,daily,2026,Weighted Average Customer Exchange Rates-29-Jan-26,2026-01-29,29-Jan-26.pdf,https://www.sbp.org.pk/assets/document/29-Jan-26.pdf,pdf,105554.0,,
external,exchange-rates,weighted-average-customer-exchange-rates,daily,2026,Weighted Average Customer Exchange Rates-30-Jan-26,2026-01-30,30-Jan-26.pdf,https://www.sbp.org.pk/assets/document/30-Jan-26.pdf,pdf,105554.0,,
external,exchange-rates,weighted-average-customer-exchange-rates,daily,2026,Weighted Average Customer Exchange Rates-02-Feb-26,2026-02-02,02-Feb-26.pdf,https://www.sbp.org.pk/assets/document/02-Feb-26.pdf,pdf,105554.0,,
external,exchange-rates,weighted-average-customer-exchange-rates,daily,2026,Weighted Average Customer Exchange Rates-03-Feb-26,2026-02-03,03-Feb-26_2.pdf,https://www.sbp.org.pk/assets/document/03-Feb-26_2.pdf,pdf,105564.0,,
external,exchange-rates,weighted-average-customer-exchange-rates,daily,2026,Weighted Average Customer Exchange Rates -05-Mar-26,2026-03-05,war-05-Mar-26.pdf,https://www.sbp.org.pk/assets/document/war-05-Mar-26.pdf,pdf,113777.0,,
external,exchange-rates,weighted-average-customer-exchange-rates,daily,2026,Weighted Average Customer Exchange Rates -06-Mar-26,2026-03-06,war-06-Mar-26.pdf,https://www.sbp.org.pk/assets/document/war-06-Mar-26.pdf,pdf,105564.0,,
external,exchange-rates,weighted-average-customer-exchange-rates,daily,2026,Weighted Average Customer Exchange Rates -09-Mar-26,2026-03-09,war-09-Mar-26.pdf,https://www.sbp.org.pk/assets/document/war-09-Mar-26.pdf,pdf,113777.0,,
external,exchange-rates,weighted-average-customer-exchange-rates,daily,2026,Weighted Average Customer Exchange Rates -10-Mar-26,2026-03-10,war-10-Mar-26.pdf,https://www.sbp.org.pk/assets/document/war-10-Mar-26.pdf,pdf,113777.0,,
external,exchange-rates,weighted-average-customer-exchange-rates,daily,2026,Weighted Average Customer Exchange Rates -11-Mar-26,2026-03-11,,,,,,
external,exchange-rates,weighted-average-customer-exchange-rates,daily,2026,Weighted Average Customer Exchange Rates -12-Mar-26,2026-03-12,war-12-Mar-26.pdf,https://www.sbp.org.pk/assets/document/war-12-Mar-26.pdf,pdf,113777.0,,
external,exchange-rates,weighted-average-customer-exchange-rates,daily,2026,Weighted Average Customer Exchange Rates -13-Mar-26,2026-03-13,war-13-Mar-26.pdf,https://www.sbp.org.pk/assets/document/war-13-Mar-26.pdf,pdf,113766.0,,
external,exchange-rates,weighted-average-customer-exchange-rates,daily,2026,Weighted Average Customer Exchange Rates -16-Mar-26,2026-03-16,war-16-Mar-26.pdf,https://www.sbp.org.pk/assets/document/war-16-Mar-26.pdf,pdf,113777.0,,
external,exchange-rates,weighted-average-customer-exchange-rates,daily,2026,Weighted Average Customer Exchange Rates -17-Mar-26,2026-03-17,war-17-Mar-26.pdf,https://www.sbp.org.pk/assets/document/war-17-Mar-26.pdf,pdf,113766.0,,
external,exchange-rates,weighted-average-customer-exchange-rates,daily,2026,Weighted Average Customer Exchange Rates -18-Mar-26,2026-03-18,war-18-Mar-26.pdf,https://www.sbp.org.pk/assets/document/war-18-Mar-26.pdf,pdf,113777.0,,
external,foreign-exchange-market,conversion-rates,daily,2020,Conversion Rates,,CR-FY2025-2026.xlsx ,https://www.sbp.org.pk/assets/document/CR-FY2025-2026.xlsx,xlsx ,128000.0,,
external,foreign-exchange-market,sbps-fx-interventions-in-interbank-fx-market,quarterly,2020,SBP's FX interventions in Interbank Fx Market,,FXIM.pdf ,https://www.sbp.org.pk/assets/document/FXIM.pdf,pdf ,128000.0,,
external,foreign-investment,core-set-of-inward-direct-investment-positions,annually,2025,Core Set of Inward Direct Investment Positions,,CDIS-Sdds-Invest-Position.pdf,https://www.sbp.org.pk/assets/document/CDIS-Sdds-Invest-Position.pdf,pdf,130232.0,CDIS-Sdds-Invest-Position.xls,https://www.sbp.org.pk/assets/document/CDIS-Sdds-Invest-Position.xls
external,foreign-investment,core-set-of-portfolio-investment-assets-data,half_yearly,2026,Core Set of Portfolio Investment Assets data,,CPIS-Sdds-Assets-Data.pdf,https://www.sbp.org.pk/assets/document/CPIS-Sdds-Assets-Data.pdf,pdf,240374.0,CPIS-Sdds-Assets-Data.xlsx,https://www.sbp.org.pk/assets/document/CPIS-Sdds-Assets-Data.xlsx
external,foreign-investment,foreign-direct-investment-in-pakistan-by-sector-on-isic-iv-broad-structure,monthly,2026,Foreign Direct Investment in Pakistan by Sector on ISIC-IV Broad Structure,,Foreign_Dir.pdf,https://www.sbp.org.pk/assets/document/Foreign_Dir.pdf,pdf,348324.0,Foreign_Dir.xls,https://www.sbp.org.pk/assets/document/Foreign_Dir.xls
external,foreign-investment,foreign-direct-investment-in-pakistan-by-sector-on-isic-iv-broad-structure,monthly,2025,Foreign Direct Investment in Pakistan by Sector on ISIC-IV Broad Structure,,Foreign_Dir.pdf,https://www.sbp.org.pk/assets/document/Foreign_Dir.pdf,pdf,348324.0,Foreign_Dir.xls,https://www.sbp.org.pk/assets/document/Foreign_Dir.xls
external,foreign-investment,foreign-investment-in-pakistan-by-countries-and-sectors,monthly,2025,Foreign Investment in Pakistan by Countries and Sectors,,Netinflow.pdf,https://www.sbp.org.pk/assets/document/Netinflow.pdf,pdf,479908.0,Netinflow.xls,https://www.sbp.org.pk/assets/document/Netinflow.xls
external,foreign-investment,international-investment-position-of-pakistan-bpm5-summary,quarterly,2024,International Investment Position of Pakistan (BPM5) - Summary,,Invest-BPM5.pdf,https://www.sbp.org.pk/assets/document/Invest-BPM5.pdf,pdf,126259.0,Invest-BPM5.xls,https://www.sbp.org.pk/assets/document/Invest-BPM5.xls
external,foreign-investment,international-investment-position-of-pakistan-bpm6-summary,quarterly,2026,International Investment Position of Pakistan (BPM6) - Summary,,Invest-BPM6.pdf,https://www.sbp.org.pk/assets/document/Invest-BPM6.pdf,pdf,142223.0,Invest-BPM6.xls,https://www.sbp.org.pk/assets/document/Invest-BPM6.xls
external,foreign-investment,international-investment-position-of-pakistan-bpm6-summary,quarterly,2025,International Investment Position of Pakistan (BPM6) - Summary,,Invest-BPM6.pdf,https://www.sbp.org.pk/assets/document/Invest-BPM6.pdf,pdf,28180.0,Invest-BPM6.xls,https://www.sbp.org.pk/assets/document/Invest-BPM6.xls
external,foreign-investment,repatriation-of-profit-dividend-by-country-on-foreign-investment,monthly,2026,Repatriation of profit-Dividend by Country on Foreign Investment,,RepatriationprofitDividendCountry.pdf,https://www.sbp.org.pk/assets/document/RepatriationprofitDividendCountry.pdf,pdf,390799.0,RepatriationprofitDividendCountry.xls,https://www.sbp.org.pk/assets/document/RepatriationprofitDividendCountry.xls
external,foreign-investment,repatriation-of-profit-dividend-on-foreign-investment-by-sector,monthly,2026,Repatriation of Profit/Dividend on Foreign Investment-By Sector,,Repatriation_PD.pdf,https://www.sbp.org.pk/assets/document/Repatriation_PD.pdf,pdf,250266.0,Repatriation_PD.xls,https://www.sbp.org.pk/assets/document/Repatriation_PD.xls
external,foreign-investment,rop-and-dividend-on-foreign-investment-isic-iv-broad-structure,monthly,2026,Repatriation of Profit and Dividend on Foreign Investment - ISIC-IV Broad Structure,,RPDFI-ISIC.pdf,https://www.sbp.org.pk/assets/document/RPDFI-ISIC.pdf,pdf,301998.0,RPDFI-ISIC.xls,https://www.sbp.org.pk/assets/document/RPDFI-ISIC.xls
external,foreign-investment,special-convertible-rupee-accounts-scra-daily-position-by-country,daily,2026,Special Convertible Rupee Accounts (SCRA) Daily Position by Country,2026-05-14,SCRA.pdf,https://www.sbp.org.pk/assets/document/SCRA.pdf,pdf,377098.0,SCRA.xls,https://www.sbp.org.pk/assets/document/SCRA.xls
external,foreign-investment,special-convertible-rupee-accounts-scra-weekly-position,weekly,2026,Special Convertible Rupee Accounts (SCRA) Weekly Position,,BS_SCRA.pdf,https://www.sbp.org.pk/assets/document/BS_SCRA.pdf,pdf,156242.0,BS_SCRA.xls,https://www.sbp.org.pk/assets/document/BS_SCRA.xls
external,foreign-investment,summary-of-foreign-investment-in-pakistan,monthly,2025,Summary of Foreign Investment in Pakistan,,NetinflowSummary.pdf,https://www.sbp.org.pk/assets/document/NetinflowSummary.pdf,pdf,130212.0,NetinflowSummary.xls,https://www.sbp.org.pk/assets/document/NetinflowSummary.xls
main,interest-rates,access-to-sbp-overnight-repo-and-reverse-repo-facilities,,2025,Access To SBP Overnight Repo and Reverse Repo Facilitiesss,2025-11-21,Access-Facilities.pdf,https://www.sbp.org.pk/assets/document/Access-Facilities.pdf,pdf,604252.0,OVR-Repo-History.pdf,https://www.sbp.org.pk/assets/document/OVR-Repo-History.pdf
main,interest-rates,kibor-rates,daily,2026,Daily Kibor Rates 30-Sep-25,,Kibor-30-Sep-25.pdf,https://www.sbp.org.pk/assets/document/Kibor-30-Sep-25.pdf,pdf,418243.0,,
main,interest-rates,kibor-rates,daily,2025,Daily Kibor Rates 30-Jan-25,2025-01-30,Kibor-30-Jan-25.pdf,https://www.sbp.org.pk/assets/document/Kibor-30-Jan-25.pdf,pdf,419594.0,,
main,interest-rates,kibor-rates,daily,2025,Daily Kibor Rates 31-Jan-25,2025-01-31,Kibor-31-Jan-25.pdf,https://www.sbp.org.pk/assets/document/Kibor-31-Jan-25.pdf,pdf,420035.0,,
main,interest-rates,kibor-rates,daily,2025,Daily Kibor Rates 27-Feb-25,2025-02-27,Kibor-27-Feb-25_1.pdf,https://www.sbp.org.pk/assets/document/Kibor-27-Feb-25_1.pdf,pdf,419543.0,,
main,interest-rates,kibor-rates,daily,2025,Daily Kibor Rates 28-Feb-25,2025-02-28,Kibor-28-Feb-25_1.pdf,https://www.sbp.org.pk/assets/document/Kibor-28-Feb-25_1.pdf,pdf,420454.0,,
main,interest-rates,kibor-rates,daily,2025,Daily Kibor Rates 27-Mar-25,2025-03-27,Kibor-27-Mar-25.pdf,https://www.sbp.org.pk/assets/document/Kibor-27-Mar-25.pdf,pdf,417997.0,,
main,interest-rates,kibor-rates,daily,2025,Daily Kibor Rates 28-Mar-25,2025-03-28,Kibor-28-Mar-25.pdf,https://www.sbp.org.pk/assets/document/Kibor-28-Mar-25.pdf,pdf,416512.0,,
main,interest-rates,kibor-rates,daily,2025,Daily Kibor Rates 29-Apr-25,2025-04-29,Kibor-29-Apr-25.pdf,https://www.sbp.org.pk/assets/document/Kibor-29-Apr-25.pdf,pdf,423588.0,,
main,interest-rates,kibor-rates,daily,2025,Daily Kibor Rates 30-Apr-25,2025-04-30,Kibor-30-Apr-25.pdf,https://www.sbp.org.pk/assets/document/Kibor-30-Apr-25.pdf,pdf,423813.0,,
main,interest-rates,kibor-rates,daily,2025,Daily Kibor Rates 29-May-25,2025-05-29,Kibor-29-May-25.pdf,https://www.sbp.org.pk/assets/document/Kibor-29-May-25.pdf,pdf,418089.0,,
main,interest-rates,kibor-rates,daily,2025,Daily Kibor Rates 30-May-25,2025-05-30,Kibor-30-May-25.pdf,https://www.sbp.org.pk/assets/document/Kibor-30-May-25.pdf,pdf,419871.0,,
main,interest-rates,kibor-rates,daily,2025,Daily Kibor Rates 27-Jun-25,2025-06-27,Kibor-27-Jun-25.pdf,https://www.sbp.org.pk/assets/document/Kibor-27-Jun-25.pdf,pdf,420301.0,,
main,interest-rates,kibor-rates,daily,2025,Daily Kibor Rates 30-Jun-25,2025-06-30,Kibor-30-Jun-25.pdf,https://www.sbp.org.pk/assets/document/Kibor-30-Jun-25.pdf,pdf,418867.0,,
main,interest-rates,kibor-rates,daily,2025,Daily Kibor Rates 30-Jul-25,2025-07-30,Kibor-30-Jul-25.pdf,https://www.sbp.org.pk/assets/document/Kibor-30-Jul-25.pdf,pdf,422380.0,,
main,interest-rates,kibor-rates,daily,2025,Daily Kibor Rates 31-Jul-25,2025-07-31,Kibor-31-Jul-25.pdf,https://www.sbp.org.pk/assets/document/Kibor-31-Jul-25.pdf,pdf,421437.0,,
main,interest-rates,kibor-rates,daily,2025,Daily Kibor Rates 28-Aug-25,2025-08-29,Kibor-28-Aug-25.pdf,https://www.sbp.org.pk/assets/document/Kibor-28-Aug-25.pdf,pdf,424253.0,,
main,interest-rates,kibor-rates,daily,2025,Daily Kibor Rates 29-Aug-25,2025-08-29,Kibor-29-Aug-25.pdf,https://www.sbp.org.pk/assets/document/Kibor-29-Aug-25.pdf,pdf,422738.0,,
main,interest-rates,kibor-rates,daily,2025,Daily Kibor Rates 29-Sep-25,2025-09-29,Kibor-29-Sep-25.pdf,https://www.sbp.org.pk/assets/document/Kibor-29-Sep-25.pdf,pdf,421274.0,,
main,interest-rates,kibor-rates,daily,2025,Daily Kibor Rates 30-Oct-25,2025-10-30,Kibor-30-Oct-25.pdf,https://www.sbp.org.pk/assets/document/Kibor-30-Oct-25.pdf,pdf,422441.0,,
main,interest-rates,kibor-rates,daily,2025,Daily Kibor Rates 31-Oct-25,2025-10-31,Kibor-31-Oct-25.pdf,https://www.sbp.org.pk/assets/document/Kibor-31-Oct-25.pdf,pdf,422318.0,,
main,interest-rates,kibor-rates,daily,2025,Daily Kibor Rates 27-Nov-25,2025-11-27,Kibor-27-Nov-25.pdf,https://www.sbp.org.pk/assets/document/Kibor-27-Nov-25.pdf,pdf,421612.0,,
main,interest-rates,kibor-rates,daily,2025,Daily Kibor Rates 28-Nov-25,2025-11-28,Kibor-28-Nov-25.pdf,https://www.sbp.org.pk/assets/document/Kibor-28-Nov-25.pdf,pdf,420628.0,,
main,interest-rates,kibor-rates,daily,2025,Daily Kibor Rates 30-Dec-25,2025-12-30,Kibor-30-Dec-25.pdf,https://www.sbp.org.pk/assets/document/Kibor-30-Dec-25.pdf,pdf,421396.0,,
main,interest-rates,kibor-rates,daily,2025,Daily Kibor Rates 31-Dec-25,2025-12-31,Kibor-31-Dec-25.pdf,https://www.sbp.org.pk/assets/document/Kibor-31-Dec-25.pdf,pdf,422851.0,,
main,interest-rates,kibor-rates,daily,2026,Daily Kibor Rates 29-Jan-26,2026-01-29,Kibor-29-Jan-26.pdf,https://www.sbp.org.pk/assets/document/Kibor-29-Jan-26.pdf,pdf,418908.0,,
main,interest-rates,kibor-rates,daily,2026,Daily Kibor Rates 30-Jan-26,2026-01-30,Kibor-30-Jan-26.pdf,https://www.sbp.org.pk/assets/document/Kibor-30-Jan-26.pdf,pdf,128461.0,,
main,interest-rates,structure-of-interest-rate,fortnightly,2026,Structure of Interest Rate,,sir.pdf,https://www.sbp.org.pk/assets/document/sir.pdf,pdf,735529.0,,
main,interest-rates,weighted-average-lending-and-deposit-rates,monthly,2026,Weighted Average Lending and Deposit Rates,,Lendingdepositrates.pdf,https://www.sbp.org.pk/assets/document/Lendingdepositrates.pdf,pdf,729016.0,Lendingdepositrates.xls,https://www.sbp.org.pk/assets/document/Lendingdepositrates.xls
main,investment-guidelines-for-gop-securities,investors-guidelines-for-gop-ijara-sukuk,half_yearly,2024,Investor's Guidelines for GOP Ijara Sukuk,,IGGS-Sukuk.pdf,https://www.sbp.org.pk/assets/document/IGGS-Sukuk.pdf,pdf,501207.0,,
main,investment-guidelines-for-gop-securities,investors-guidelines-for-market-treasury-bills,occasionally,2019,Investor's Guidelines for Market Treasury Bills,,IGGS-MTB.pdf ,https://www.sbp.org.pk/assets/document/IGGS-MTB.pdf,pdf ,128000.0,,
main,investment-guidelines-for-gop-securities,investors-guidelines-for-pakistan-investment-bonds,occasionally,2019,Investor's Guidelines for Pakistan Investment Bonds,,IGGS-PIB.pdf ,https://www.sbp.org.pk/assets/document/IGGS-PIB.pdf,pdf ,128000.0,,
main,monetary-and-financial-statistics-gdds-of-imf-format,central-bank-survey,monthly,2026,Central Bank Survey,,MFSM_Ana_Acc_Sbp.pdf,https://www.sbp.org.pk/assets/document/MFSM_Ana_Acc_Sbp.pdf,pdf,707113.0,MFSM_Ana_Acc_Sbp.xls,https://www.sbp.org.pk/assets/document/MFSM_Ana_Acc_Sbp.xls
main,monetary-and-financial-statistics-gdds-of-imf-format,depository-corporations-survey,monthly,2026,Depository Corporations Survey,,MFSM_Dep_CS.pdf,https://www.sbp.org.pk/assets/document/MFSM_Dep_CS.pdf,pdf,374118.0,MFSM_Dep_CS.xls,https://www.sbp.org.pk/assets/document/MFSM_Dep_CS.xls
main,monetary-and-financial-statistics-gdds-of-imf-format,financial-corporation-survey,quarterly,2025,Financial Corporation Survey,,FCS.pdf,https://www.sbp.org.pk/assets/document/FCS.pdf,pdf,230728.0,FCS.xlsx,https://www.sbp.org.pk/assets/document/FCS.xlsx
main,monetary-and-financial-statistics-gdds-of-imf-format,flow-of-fund-summary,annually,2025,Flow of Fund Summary,,2024-25.pdf,https://www.sbp.org.pk/assets/document/2024-25.pdf,pdf,334060.0,,
main,monetary-and-financial-statistics-gdds-of-imf-format,other-depository-corporations-survey,monthly,2026,Other depository corporations survey,,MFSM_Other_Depository.pdf,https://www.sbp.org.pk/assets/document/MFSM_Other_Depository.pdf,pdf,359916.0,MFSM_Other_Depository.xls,https://www.sbp.org.pk/assets/document/MFSM_Other_Depository.xls
main,monetary-and-financial-statistics-gdds-of-imf-format,other-financial-corporation-survey,quarterly,2025,Other Financial Corporation Survey,,OFC.pdf,https://www.sbp.org.pk/assets/document/OFC.pdf,pdf,367862.0,OFC.xlsx,https://www.sbp.org.pk/assets/document/OFC.xlsx
main,monetary-management-activities,access-to-shariah-compliant-standing-ceiling-facility-mudarabah-based-financing-facility-mff-historical-data,quarterly,2026,Access to Shariah Compliant Standing Ceiling Facility- Mudarabah Based Financing Facility (MFF) Historical data,,,,,,Access_Mud_Fin_Hist.xls ,https://www.sbp.org.pk/assets/document/Access_Mud_Fin_Hist.xls
main,monetary-management-activities,open-market-operation-history-omo-inject-hist,occasionally,2018,Open Market Operation History OMO-Inject-Hist,,OMO-Outright.pdf ,https://www.sbp.org.pk/assets/document/OMO-Outright.pdf,pdf ,128000.0,,
main,monetary-management-activities,open-market-operations-history-outright-ijara-sukuk,occasionally,2019,Open Market Operations History (Outright Ijara Sukuk),,OMO-O-IjaraSukuk.pdf ,https://www.sbp.org.pk/assets/document/OMO-O-IjaraSukuk.pdf,pdf ,128000.0,,
main,monetary-management-activities,open-market-operations-history-outright-on-bai-muajjal-basis,occasionally,2020,Open Market Operations History (Outright on Bai-Muajjal Basis),,OMO-OB-MujjalBasis.pdf ,https://www.sbp.org.pk/assets/document/OMO-OB-MujjalBasis.pdf,pdf ,128000.0,,
main,monetary-management-activities,result-of-sbp-omos-outright-purchase-of-gis-on-bai-muajjal-basis,occasionally,2020,Result of SBP OMO's-Outright Purchase of GIS on Bai-Muajjal Basis,,Bai-Mujjal.pdf ,https://www.sbp.org.pk/assets/document/Bai-Mujjal.pdf,pdf ,128000.0,,
main,monetary-management-activities,result-of-shariah-compliant-mudarabah-based-omo-injection,quarterly,2026,Result of Shariah Compliant Mudarabah based OMO-Injection,,Shariah-Compliant-OMO-Injection.pdf ,https://www.sbp.org.pk/assets/document/Shariah-Compliant-OMO-Injection.pdf,pdf ,128000.0,,
main,monetary-management-activities,result-of-shariah-compliant-mudarabah-based-omo-injection-historical-data,monthly,2026,Result of Shariah Compliant Mudarabah based OMO-Injection Historical Data,,Shariah-OMO-Summary-Hist.xlsx ,https://www.sbp.org.pk/assets/document/Shariah-OMO-Summary-Hist.xlsx,xlsx ,128000.0,,
main,monetary-statistics,broad-money-m2,weekly,2026,Broad Money (M2),,BroadMoney_M2.pdf,https://www.sbp.org.pk/assets/document/BroadMoney_M2.pdf,pdf,263854.0,BroadMoney_M2_Arch.xls,https://www.sbp.org.pk/assets/document/BroadMoney_M2_Arch.xls
main,monetary-statistics,monetary-aggregates-m3-monthly-profile,monthly,2026,Monetary Aggregates (M3) - Monthly Profile,,M3.pdf,https://www.sbp.org.pk/assets/document/M3.pdf,pdf,554568.0,,
main,monetary-statistics,monetary-policy-instruments-changes,,2026,Monetary Policy Instruments Changes,2026-01-30,CMPI.pdf,https://www.sbp.org.pk/assets/document/CMPI.pdf,pdf,683776.0,,
main,monetary-statistics,reserve-money-rm,weekly,2026,Reserve Money (RM),,ReserveMoney.pdf,https://www.sbp.org.pk/assets/document/ReserveMoney.pdf,pdf,239421.0,ReserveMoney_Arch.xls,https://www.sbp.org.pk/assets/document/ReserveMoney_Arch.xls
main,money-and-secondary-markets,cash-reserve-and-liquidity-requirements-in-pakistan,occasionally,2020,Cash Reserve and Liquidity Requirements in Pakistan,,CMPI.pdf ,https://www.sbp.org.pk/assets/document/CMPI.pdf,pdf ,128000.0,,
main,money-and-secondary-markets,daily-lending-volume-in-call-money-market,occasionally,2020,Daily Lending Volume in Call Money Market,,DailyVolume-Arc-Nov.pdf ,https://www.sbp.org.pk/assets/document/DailyVolume-Arc-Nov.pdf,pdf ,128000.0,,
main,money-and-secondary-markets,secondary-markets-transactions-in-government-securities-among-banks-and-pds,occasionally,2020,Secondary Markets Transactions in Government Securities among Banks/PDs,,SecMarBankArc-Dec-03.pdf ,https://www.sbp.org.pk/assets/document/SecMarBankArc-Dec-03.pdf,pdf ,128000.0,,
main,money-and-secondary-markets,secondary-markets-transactions-in-government-securities-among-banks-pds-with-non-banks,occasionally,2020,Secondary Markets Transactions in Government Securities among Banks/PDs with Non-Banks,,SecMarNonBankArc-Dec-03.pdf ,https://www.sbp.org.pk/assets/document/SecMarNonBankArc-Dec-03.pdf,pdf ,128000.0,,
external,net-inflow-of-foreign-private-investment-archive,net-inflow-of-foreign-direct-investment-by-economic-groups,,2026,Net Inflow of Foreign Direct Investment by Economic Groups,2026-02-17,,,,,NetInflow-EcoGroup.xls,https://www.sbp.org.pk/assets/document/NetInflow-EcoGroup.xls
external,net-inflow-of-foreign-private-investment-archive,net-inflow-of-foreign-investment-sector-wise-old-format,,2012,Net inflow of foreign investment- Sector wise (Old Format),2012-06-04,,,,,Sectorwise-Old-net-inflow-of-foreign-investment-sector-wise-old-format.xls,https://www.sbp.org.pk/assets/document/Sectorwise-Old-net-inflow-of-foreign-investment-sector-wise-old-format.xls
external,net-inflow-of-foreign-private-investment-archive,net-inflow-of-foreign-private-investment-country-wise-new-format,,2026,Net Inflow Of Foreign Private Investment- Country-wise (New Format),2026-02-17,,,,,NetInflow-NewFormat.xls,https://www.sbp.org.pk/assets/document/NetInflow-NewFormat.xls
external,net-inflow-of-foreign-private-investment-archive,net-inflow-of-foreign-private-investment-country-wise-old-format,,2012,Net Inflow Of Foreign Private Investment- Country-wise (Old Format),2012-06-04,,,,,net-inflow-of-foreign-private-investment-country-wise-old-format-old.xls,https://www.sbp.org.pk/assets/document/net-inflow-of-foreign-private-investment-country-wise-old-format-old.xls
external,pakistans-debt-profile,banks-and-non-banks-holdings-of-gop-securities,,2024,"Bank & Non-Bank Holding of GoP Securities September 30, 2024",2024-09-30,bank-non-bank-holding-of-gop-securities-30-Sep-2024.pdf,https://www.sbp.org.pk/assets/document/bank-non-bank-holding-of-gop-securities-30-Sep-2024.pdf,pdf,732160.0,,
external,pakistans-debt-profile,banks-and-non-banks-holdings-of-gop-securities,,2025,"Bank & Non-Bank Holding of GoP Securities Feb 28, 2025",2025-02-28,bank-non-bank-holding-of-gop-securities-feb-28-2025.pdf,https://www.sbp.org.pk/assets/document/bank-non-bank-holding-of-gop-securities-feb-28-2025.pdf,pdf,733379.0,,
external,pakistans-debt-profile,banks-and-non-banks-holdings-of-gop-securities,,2025,"Bank & Non-Bank Holding of GoP Securities April 10, 2025",2025-04-10,bank-non-bank-holding-of-gop-securities-april-10-2025.pdf,https://www.sbp.org.pk/assets/document/bank-non-bank-holding-of-gop-securities-april-10-2025.pdf,pdf,732826.0,,
external,pakistans-debt-profile,banks-and-non-banks-holdings-of-gop-securities,,2025,"Bank & Non-Bank Holding of GoP Securities April 25, 2025",2025-04-30,bank-non-bank-holding-of-gop-securities-april-25-2025.pdf,https://www.sbp.org.pk/assets/document/bank-non-bank-holding-of-gop-securities-april-25-2025.pdf,pdf,264151.0,,
external,pakistans-debt-profile,banks-and-non-banks-holdings-of-gop-securities,,2025,"Bank & Non-Bank Holding of GoP Securities July 10, 2025",2025-07-31,bank-non-bank-holding-of-gop-securities-july-10-2025.pdf,https://www.sbp.org.pk/assets/document/bank-non-bank-holding-of-gop-securities-july-10-2025.pdf,pdf,746168.0,,
external,pakistans-debt-profile,banks-and-non-banks-holdings-of-gop-securities,,2025,"Bank & Non-Bank Holding of GoP Securities October 27,2025",2025-10-31,bank-non-bank-holding-of-gop-securities-may-25-2025.pdf,https://www.sbp.org.pk/assets/document/bank-non-bank-holding-of-gop-securities-may-25-2025.pdf,pdf,580772.0,,
external,pakistans-debt-profile,central-government-debt,monthly,2026,Central Government Debt,,cengovdebt.pdf,https://www.sbp.org.pk/assets/document/cengovdebt.pdf,pdf,319601.0,cengovdebt.xls,https://www.sbp.org.pk/assets/document/cengovdebt.xls
external,pakistans-debt-profile,government-domestic-debt-and-liabilities,monthly,2026,Government Domestic Debt and Liabilities,,D-Debt-Liabilities.pdf,https://www.sbp.org.pk/assets/document/D-Debt-Liabilities.pdf,pdf,312269.0,D-Debt-Liabilities.xls,https://www.sbp.org.pk/assets/document/D-Debt-Liabilities.xls
external,pakistans-debt-profile,gross-external-debt-position-by-sector,quarterly,2026,Gross External Debt Position by Sector,,sdds.pdf,https://www.sbp.org.pk/assets/document/sdds.pdf,pdf,245012.0,sdds.xls,https://www.sbp.org.pk/assets/document/sdds.xls
external,pakistans-debt-profile,gross-external-debt-position-by-sector,quarterly,2025,Gross External Debt Position by Sector,,sdds.pdf,https://www.sbp.org.pk/assets/document/sdds.pdf,pdf,470426.0,sdds.xls,https://www.sbp.org.pk/assets/document/sdds.xls
external,pakistans-debt-profile,outstanding-domestic-debt-of-public-sector-enterprises-pses,quarterly,2026,Outstanding Domestic Debt of Public Sector Enterprises (PSEs),,PSEs.pdf,https://www.sbp.org.pk/assets/document/PSEs.pdf,pdf,293212.0,PSEs.xls,https://www.sbp.org.pk/assets/document/PSEs.xls
external,pakistans-debt-profile,outstanding-domestic-debt-of-public-sector-enterprises-pses,quarterly,2025,Outstanding Domestic Debt of Public Sector Enterprises (PSEs),,PSEs.pdf,https://www.sbp.org.pk/assets/document/PSEs.pdf,pdf,843223.0,PSEs.xls,https://www.sbp.org.pk/assets/document/PSEs.xls
external,pakistans-debt-profile,pakistan-debt-and-liabilities-profile,quarterly,2026,Pakistan Debt and Liabilities Profile,,Profile.pdf,https://www.sbp.org.pk/assets/document/Profile.pdf,pdf,290877.0,Profile.xls,https://www.sbp.org.pk/assets/document/Profile.xls
external,pakistans-debt-profile,pakistan-debt-and-liabilities-profile,quarterly,2025,Pakistan Debt and Liabilities Profile,,Profile.pdf,https://www.sbp.org.pk/assets/document/Profile.pdf,pdf,769300.0,Profile.xls,https://www.sbp.org.pk/assets/document/Profile.xls
external,pakistans-debt-profile,pakistan-debt-and-liabilities-summary,quarterly,2026,Pakistan Debt and Liabilities Summary,,Summary.pdf,https://www.sbp.org.pk/assets/document/Summary.pdf,pdf,363899.0,Summary.xls,https://www.sbp.org.pk/assets/document/Summary.xls
external,pakistans-debt-profile,pakistan-debt-and-liabilities-summary,quarterly,2025,Pakistan Debt and Liabilities Summary,,Summary.pdf,https://www.sbp.org.pk/assets/document/Summary.pdf,pdf,1130967.0,Summary.xls,https://www.sbp.org.pk/assets/document/Summary.xls
external,pakistans-debt-profile,pakistan-external-debt-liabilities-servicing,quarterly,2026,Pakistan External Debt/Liabilities Servicing,,pakdebtsvr.pdf,https://www.sbp.org.pk/assets/document/pakdebtsvr.pdf,pdf,282931.0,pakdebtsvr.xls,https://www.sbp.org.pk/assets/document/pakdebtsvr.xls
external,pakistans-debt-profile,pakistan-external-debt-liabilities-servicing,quarterly,2025,Pakistan External Debt/Liabilities Servicing,,pakdebtsvr.pdf,https://www.sbp.org.pk/assets/document/pakdebtsvr.pdf,pdf,577219.0,pakdebtsvr.xls,https://www.sbp.org.pk/assets/document/pakdebtsvr.xls
external,pakistans-debt-profile,pakistans-external-debt-and-liabilities-outstanding,quarterly,2026,Pakistan's External Debt and Liabilities - Outstanding,,pakdebt.pdf,https://www.sbp.org.pk/assets/document/pakdebt.pdf,pdf,346665.0,pakdebt.xls,https://www.sbp.org.pk/assets/document/pakdebt.xls
external,pakistans-debt-profile,pakistans-external-debt-and-liabilities-outstanding,quarterly,2025,Pakistan's External Debt and Liabilities - Outstanding,,pakdebt.pdf,https://www.sbp.org.pk/assets/document/pakdebt.pdf,pdf,610673.0,pakdebt.xls,https://www.sbp.org.pk/assets/document/pakdebt.xls
external,pakistans-debt-profile,savings-mobilized-by-national-saving-schemes,monthly,2026,Savings Mobilized by National Saving Schemes,,savings.pdf,https://www.sbp.org.pk/assets/document/savings.pdf,pdf,345661.0,savings.xls,https://www.sbp.org.pk/assets/document/savings.xls
external,pakistans-debt-profile,special-us-bonds,,2011,Special US$ Bonds,2011-04-20,us.pdf,https://www.sbp.org.pk/assets/document/us.pdf,pdf,5499.0,,
external,pakistans-debt-profile,summary-of-pakistan-external-debt-servicing-principalinterest,quarterly,2026,Summary of Pakistan External Debt Servicing (Principal+Interest),,pakdebtsvr_summary.pdf,https://www.sbp.org.pk/assets/document/pakdebtsvr_summary.pdf,pdf,285624.0,pakdebtsvr_summary.xls,https://www.sbp.org.pk/assets/document/pakdebtsvr_summary.xls
external,pakistans-debt-profile,summary-of-pakistan-external-debt-servicing-principalinterest,quarterly,2025,Summary of Pakistan External Debt Servicing (Principal+Interest),,pakdebtsvr_summary.pdf,https://www.sbp.org.pk/assets/document/pakdebtsvr_summary.pdf,pdf,664300.0,pakdebtsvr_summary.xls,https://www.sbp.org.pk/assets/document/pakdebtsvr_summary.xls
main,primary-market-activities,auction-bid-report-bai-muajjal-outright-purchases-of-gis-by-gop,occasionally,2018,Auction Bid Report ( Bai Muajjal-Outright Purchases of GIS by GOP),,AucRpt-GISGoP.pdf ,https://www.sbp.org.pk/assets/document/AucRpt-GISGoP.pdf,pdf ,128000.0,,
main,primary-market-activities,auction-bid-report-of-gop-ijara-sukuk-frr,occasionally,2023,Auction Bid Report of GoP Ijara Sukuk (FRR),,Sukuk-Bid-Report-FRR.pdf ,https://www.sbp.org.pk/assets/document/Sukuk-Bid-Report-FRR.pdf,pdf ,128000.0,,
main,primary-market-activities,auction-bid-report-of-gop-ijara-sukuk-vrr,occasionally,2023,Auction Bid Report of GoP Ijara Sukuk (VRR),,Sukuk-Bid-Report.pdf ,https://www.sbp.org.pk/assets/document/Sukuk-Bid-Report.pdf,pdf ,128000.0,,
main,primary-market-activities,auction-result-bai-muajjal-outright-purchase-of-gis-by-gop,yearly,2025,Auction Result (Bai Muajjal-Outright Purchase of GIS by GOP),,BaiMuajjal-Purchase-GISGoP.pdf ,https://www.sbp.org.pk/assets/document/BaiMuajjal-Purchase-GISGoP.pdf,pdf ,128000.0,,
main,primary-market-activities,auction-result-latest-of-buyback-auction,quarterly,2025,Auction Result (Latest) of Buyback Auction,,Auction_Result_(Latest)_of_Buyback_Auction.pdf ,https://www.sbp.org.pk/assets/document/Auction_Result_(Latest)_of_Buyback_Auction.pdf,pdf ,128000.0,,
main,primary-market-activities,auction-result-latest-of-gop-ijara-sukuk-frr,occasionally,2023,Auction Result (latest) of GoP Ijara Sukuk (FRR),,Auction-Ijara-FRR.pdf ,https://www.sbp.org.pk/assets/document/Auction-Ijara-FRR.pdf,pdf ,128000.0,,
main,primary-market-activities,auction-summary-and-coupon-rates-pfl-quarterly-coupon,occasionally,2026,Auction Summary and Coupon Rates - PFL Quarterly Coupon,,,,,,PIB-Float-Arch-Q.xlsx ,https://www.sbp.org.pk/assets/document/PIB-Float-Arch-Q.xlsx
main,primary-market-activities,auction-summary-and-coupon-rates-pfl-semi-annual-coupon,quarterly,2026,Auction Summary and Coupon Rates - PFL Semi-Annual Coupon,,,,,,PIB-Float-Arch-SA.xlsx ,https://www.sbp.org.pk/assets/document/PIB-Float-Arch-SA.xlsx
main,primary-market-activities,auction-tender-notice-for-purchase-of-gis-by-gop-bai-muajjal,yearly,2025,Auction Tender Notice for Purchase of GIS by GOP (Bai Muajjal),,GISGoP.pdf ,https://www.sbp.org.pk/assets/document/GISGoP.pdf,pdf ,128000.0,,
main,primary-market-activities,buyback-auction-bid-report,half_yearly,2025,Buyback Auction Bid Report,,BABR-2026.pdf ,https://www.sbp.org.pk/assets/document/BABR-2026.pdf,pdf ,128000.0,,
main,primary-market-activities,buyback-auction-summary,quarterly,2025,BuyBack Auction Summary,,,,,,BuyBack-Auction-Summary.xlsx ,https://www.sbp.org.pk/assets/document/BuyBack-Auction-Summary.xlsx
main,primary-market-activities,buyback-auction-targets,half_yearly,2025,Buyback Auction Targets,,BAT_2.pdf ,https://www.sbp.org.pk/assets/document/BAT_2.pdf,pdf ,128000.0,,
main,primary-market-activities,gop-ijara-sukuk-auction-summary,occasionally,2024,GoP Ijara Sukuk Auction Summary,,gop-ijara-summary.pdf ,https://www.sbp.org.pk/assets/document/gop-ijara-summary.pdf,pdf ,128000.0,,
main,primary-market-activities,pfl-quarterly-coupon-auction-bid-report,occasionally,2024,PFL - Quarterly Coupon  Auction Bid Report,,PIB-QRB.pdf ,https://www.sbp.org.pk/assets/document/PIB-QRB.pdf,pdf ,128000.0,,
main,primary-market-activities,pfl-quarterly-coupon-auction-result,occasionally,2024,PFL - Quarterly Coupon Auction Result,,PIB-QCA.pdf ,https://www.sbp.org.pk/assets/document/PIB-QCA.pdf,pdf ,128000.0,,
main,primary-market-activities,pfl-semi-annual-coupon-auction-bid-report,occasionally,2026,PFL - Semi Annual Coupon  Auction Bid Report,,PIB-FRB.pdf ,https://www.sbp.org.pk/assets/document/PIB-FRB.pdf,pdf ,128000.0,,
main,primary-market-activities,pfl-semi-annual-coupon-auction-result,quarterly,2026,PFL - Semi Annual Coupon  Auction Result,,PIB-FRB--.pdf ,https://www.sbp.org.pk/assets/document/PIB-FRB--.pdf,pdf ,128000.0,,
main,primary-market-activities,rescheduling-gop-market-treasury-bills-auction,occasionally,2019,Rescheduling GoP Market Treasury Bills Auction,,RGMTBA-press.pdf ,https://www.sbp.org.pk/assets/document/RGMTBA-press.pdf,pdf ,128000.0,,
real,real-sector,gross-domestic-product-of-pakistan,annually,2026,Gross Domestic Product of Pakistan,,GDP_table.pdf,https://www.sbp.org.pk/assets/document/GDP_table.pdf,pdf,284119.0,GDP_table.xlsx,https://www.sbp.org.pk/assets/document/GDP_table.xlsx
real,real-sector,gross-domestic-product-of-pakistan,annually,2025,Gross Domestic Product of Pakistan,,GDP_table.pdf,https://www.sbp.org.pk/assets/document/GDP_table.pdf,pdf,284119.0,GDP_table.xlsx,https://www.sbp.org.pk/assets/document/GDP_table.xlsx
real,real-sector,inflation-snapshot,monthly,2022,Inflation Snapshot Old Base: 2007-08,,MPM-Old.pdf,https://www.sbp.org.pk/assets/document/MPM-Old.pdf,pdf,57713.0,,
real,real-sector,inflation-snapshot,monthly,2022,Inflation Snapshot New Base: 2015-16,,MPM-New.pdf,https://www.sbp.org.pk/assets/document/MPM-New.pdf,pdf,389724.0,,
real,real-sector,price-of-domestic-commodity,weekly,2019,Price of Domestic Commodity,,WCP.pdf,https://www.sbp.org.pk/assets/document/WCP.pdf,pdf,631470.0,,
real,real-sector,production-of-selected-large-scale-manufacturing,monthly,2026,Production of Selected Large-scale Manufacturing,,Productselect.pdf,https://www.sbp.org.pk/assets/document/Productselect.pdf,pdf,241541.0,Productselect.xlsx,https://www.sbp.org.pk/assets/document/Productselect.xlsx
real,real-sector,quarterly-gdp-of-pakistan,quarterly,2026,Quarterly GDP of Pakistan,,QGDP.pdf,https://www.sbp.org.pk/assets/document/QGDP.pdf,pdf,127836.0,QGDP.xlsx,https://www.sbp.org.pk/assets/document/QGDP.xlsx
real,real-sector,quarterly-gdp-of-pakistan,quarterly,2025,Quarterly GDP of Pakistan,,QGDP.pdf,https://www.sbp.org.pk/assets/document/QGDP.pdf,pdf,936509.0,QGDP.xlsx,https://www.sbp.org.pk/assets/document/QGDP.xlsx
real,real-sector,spi-inflation,weekly,2019,SPI-Inflation,,WPM.pdf,https://www.sbp.org.pk/assets/document/WPM.pdf,pdf,472228.0,,
external,summary-of-balance-of-payments-archive,summary-balance-of-payments-bpm4-quarterly,quarterly,2014,Summary Balance Of Payments BPM4 – Quarterly,,,,,,Balancepayment_BPM4-Arch.xls,https://www.sbp.org.pk/assets/document/Balancepayment_BPM4-Arch.xls
external,summary-of-balance-of-payments-archive,summary-balance-of-payments-bpm5-quarterly,quarterly,2015,Summary Balance Of Payments BPM5 – Quarterly,,,,,,Balancepayment_BPM5-Arch.xls,https://www.sbp.org.pk/assets/document/Balancepayment_BPM5-Arch.xls
external,summary-of-balance-of-payments-archive,summary-balance-of-payments-bpm6-monthly,monthly,2026,Summary Balance Of Payments BPM6 – Monthly,,,,,,BPM6_Ach_M.xlsx,https://www.sbp.org.pk/assets/document/BPM6_Ach_M.xlsx
external,summary-of-balance-of-payments-archive,summary-balance-of-payments-bpm6-quarterly,quarterly,2026,Summary Balance Of Payments BPM6 – Quarterly,,,,,,Balancepayment_BPM6-Arch.xlsx,https://www.sbp.org.pk/assets/document/Balancepayment_BPM6-Arch.xlsx
external,trade-in-goods-and-services-bop,balance-of-trade,monthly,2026,Balance of Trade,,exp_import_BOP.pdf,https://www.sbp.org.pk/assets/document/exp_import_BOP.pdf,pdf,282552.0,exp_import_BOP_Arch.xls,https://www.sbp.org.pk/assets/document/exp_import_BOP_Arch.xls
external,trade-in-goods-and-services-bop,export-and-import-of-goods-and-services,monthly,2026,Export and Import of Goods and Services,,ExportsImports-Goods.pdf,https://www.sbp.org.pk/assets/document/ExportsImports-Goods.pdf,pdf,297779.0,ExportsImports-Goods-Arch.xls,https://www.sbp.org.pk/assets/document/ExportsImports-Goods-Arch.xls
external,trade-in-goods-and-services-bop,export-receipts-by-all-commodities,monthly,2026,Export Receipts by all Commodities,,Export_Receipts_by_All_Commodities.pdf,https://www.sbp.org.pk/assets/document/Export_Receipts_by_All_Commodities.pdf,pdf,202465.0,Exports_Receipts_By_All_Commodities_Arch.xls,https://www.sbp.org.pk/assets/document/Exports_Receipts_By_All_Commodities_Arch.xls
external,trade-in-goods-and-services-bop,export-receipts-by-all-countries,monthly,2026,Export Receipts by all Countries,,Export_Receipts_by_all_Countries.pdf,https://www.sbp.org.pk/assets/document/Export_Receipts_by_all_Countries.pdf,pdf,339118.0,Export_Receipts_by_all_Countries_Arch.xls,https://www.sbp.org.pk/assets/document/Export_Receipts_by_all_Countries_Arch.xls
external,trade-in-goods-and-services-bop,export-receipts-by-commodities-and-groups,monthly,2026,Export Receipts by Commodities and Groups,,Export_Receipts_by_Commodities_and_Groups.pdf,https://www.sbp.org.pk/assets/document/Export_Receipts_by_Commodities_and_Groups.pdf,pdf,161178.0,Export_Receipts_by_Commodities_and_Groups_Arch.xls,https://www.sbp.org.pk/assets/document/Export_Receipts_by_Commodities_and_Groups_Arch.xls
external,trade-in-goods-and-services-bop,export-receipts-by-selected-countries-regions,monthly,2026,Export Receipts by Selected Countries/Regions,,Export_Receipts_by_Selected_Countries_or_Regions.pdf,https://www.sbp.org.pk/assets/document/Export_Receipts_by_Selected_Countries_or_Regions.pdf,pdf,265871.0,Export_Receipts_by_Selected_Countries_or_Regions.xlsx,https://www.sbp.org.pk/assets/document/Export_Receipts_by_Selected_Countries_or_Regions.xlsx
external,trade-in-goods-and-services-bop,import-payments-by-all-commodities,monthly,2026,Import Payments by all Commodities,,Import_Payments_by_all_Commodities.pdf,https://www.sbp.org.pk/assets/document/Import_Payments_by_all_Commodities.pdf,pdf,231086.0,Import_Payments_by_all_Commodities_Arch.xls,https://www.sbp.org.pk/assets/document/Import_Payments_by_all_Commodities_Arch.xls
external,trade-in-goods-and-services-bop,import-payments-by-all-countries,monthly,2026,Import Payments by all countries,,Import_Payments_by_All_Countries.pdf,https://www.sbp.org.pk/assets/document/Import_Payments_by_All_Countries.pdf,pdf,426035.0,Import_Payments_by_all_Countries_Arch.xls,https://www.sbp.org.pk/assets/document/Import_Payments_by_all_Countries_Arch.xls
external,trade-in-goods-and-services-bop,import-payments-by-commodities-and-groups,monthly,2026,Import Payments by Commodities and Groups,,Import_Payments_by_Commodities_and_Groups.pdf,https://www.sbp.org.pk/assets/document/Import_Payments_by_Commodities_and_Groups.pdf,pdf,223212.0,Import_Payments_by_Commodities_and_Groups_Arch.xls,https://www.sbp.org.pk/assets/document/Import_Payments_by_Commodities_and_Groups_Arch.xls
external,trade-in-goods-and-services-bop,import-payments-by-selected-countries-regions,monthly,2026,Import Payments by Selected Countries/Regions,,Import_Payments_by_Selected_Countries___Regions.pdf,https://www.sbp.org.pk/assets/document/Import_Payments_by_Selected_Countries___Regions.pdf,pdf,219269.0,Import_Payments_by_Selected_Countries___Regions.xls,https://www.sbp.org.pk/assets/document/Import_Payments_by_Selected_Countries___Regions.xls
external,trade-in-goods-and-services-bop,trade-in-services-detailed,monthly,2026,Trade in Services - Detailed,,dt.pdf,https://www.sbp.org.pk/assets/document/dt.pdf,pdf,668867.0,TradeInServicesArch.xls,https://www.sbp.org.pk/assets/document/TradeInServicesArch.xls
external,trade-in-goods-and-services-bop,trade-of-services-seasonally-adjusted,monthly,2026,Trade of Services - Seasonally Adjusted (Import of Services),,importServices.pdf,https://www.sbp.org.pk/assets/document/importServices.pdf,pdf,274954.0,importServices.xlsx,https://www.sbp.org.pk/assets/document/importServices.xlsx
external,trade-in-goods-and-services-bop,trade-of-services-seasonally-adjusted,monthly,2024,Trade of Services - Seasonally Adjusted (Import of Services),,importServices.pdf,https://www.sbp.org.pk/assets/document/importServices.pdf,pdf,470927.0,importServices.xlsx,https://www.sbp.org.pk/assets/document/importServices.xlsx
external,trade-in-goods-and-services-bop,trade-of-services-seasonally-adjusted,monthly,2024,Trade of Services - Seasonally Adjusted (Exports of Services),,ServiceExport.pdf,https://www.sbp.org.pk/assets/document/ServiceExport.pdf,pdf,275497.0,ServiceExport.xlsx,https://www.sbp.org.pk/assets/document/ServiceExport.xlsx
main,trade-in-securities,islamic-transactions-trading-volumes,daily,2025,Islamic Transactions Trading Volume - 30-Oct-2025,2025-10-30,30-Oct-2025_6.pdf,https://www.sbp.org.pk/assets/document/30-Oct-2025_6.pdf,pdf,8325.0,,
main,trade-in-securities,islamic-transactions-trading-volumes,daily,2025,Islamic Transactions Trading Volume - 27-Nov-2025,2025-11-27,27-Nov-2025_6.pdf,https://www.sbp.org.pk/assets/document/27-Nov-2025_6.pdf,pdf,8366.0,,
main,trade-in-securities,islamic-transactions-trading-volumes,daily,2025,Islamic Transactions Trading Volume - 28-Nov-2025,2025-11-28,28-Nov-2025_6.pdf,https://www.sbp.org.pk/assets/document/28-Nov-2025_6.pdf,pdf,8540.0,,
main,trade-in-securities,islamic-transactions-trading-volumes,daily,2025,Islamic Transactions Trading Volume - 30-Dec-2025,2025-12-30,30-Dec-2025_6.pdf,https://www.sbp.org.pk/assets/document/30-Dec-2025_6.pdf,pdf,7373.0,,
main,trade-in-securities,islamic-transactions-trading-volumes,daily,2025,Islamic Transactions Trading Volume - 31-Dec-2025,2025-12-31,31-Dec-2025_5.pdf,https://www.sbp.org.pk/assets/document/31-Dec-2025_5.pdf,pdf,8192.0,,
main,trade-in-securities,islamic-transactions-trading-volumes,daily,2026,Islamic Transactions Trading Volume - 29-Jan-2026,2026-01-29,29-Jan-2026_1.pdf,https://www.sbp.org.pk/assets/document/29-Jan-2026_1.pdf,pdf,8264.0,,
main,trade-in-securities,islamic-transactions-trading-volumes,daily,2026,Islamic Transactions Trading Volume - 30-Jan-2026,2026-01-30,Islamic-ITTV-30-Jan-2026.pdf,https://www.sbp.org.pk/assets/document/Islamic-ITTV-30-Jan-2026.pdf,pdf,7322.0,,
main,trade-in-securities,islamic-transactions-trading-volumes,daily,2026,Islamic Transactions Trading Volume - 26-Feb-2026,2026-02-26,Islamic-ITTV-26-Feb-2026.pdf,https://www.sbp.org.pk/assets/document/Islamic-ITTV-26-Feb-2026.pdf,pdf,7352.0,,
main,trade-in-securities,islamic-transactions-trading-volumes,daily,2026,Islamic Transactions Trading Volume - 27-Feb-2026,2026-02-27,Islamic-ITTV-27-Feb-2026.pdf,https://www.sbp.org.pk/assets/document/Islamic-ITTV-27-Feb-2026.pdf,pdf,8131.0,,
main,trade-in-securities,islamic-transactions-trading-volumes,daily,2026,Islamic Transactions Trading Volume - 17-Mar-2026,2026-03-17,Islamic-ITTV-17-Mar-2026.pdf,https://www.sbp.org.pk/assets/document/Islamic-ITTV-17-Mar-2026.pdf,pdf,8059.0,,
main,trade-in-securities,islamic-transactions-trading-volumes,daily,2026,Islamic Transactions Trading Volume - 18-Mar-2026,2026-03-18,Islamic-ITTV-18-Mar-2026.pdf,https://www.sbp.org.pk/assets/document/Islamic-ITTV-18-Mar-2026.pdf,pdf,7240.0,,
main,trade-in-securities,islamic-transactions-trading-volumes,daily,2026,Islamic Transactions Trading Volume - 14-April-2026,2026-04-14,islamic-transactions-trading-volumes-14-Apr-2026.pdf,https://www.sbp.org.pk/assets/document/islamic-transactions-trading-volumes-14-Apr-2026.pdf,pdf,8366.0,,
main,trade-in-securities,outright-secondary-market-trading-volume,daily,2020,Outright Secondary Market Trading Volume - 04-December-2020,2020-12-04,outright-secondary-market-trading-volume-04-dec.pdf,https://www.sbp.org.pk/assets/document/outright-secondary-market-trading-volume-04-dec.pdf,pdf,7107.0,,
main,trade-in-securities,outright-secondary-market-trading-volume,daily,2020,Outright Secondary Market Trading Volume - 07-December-2020,2020-12-07,outright-secondary-market-trading-volume-07-dec.pdf,https://www.sbp.org.pk/assets/document/outright-secondary-market-trading-volume-07-dec.pdf,pdf,6963.0,,
main,trade-in-securities,outright-secondary-market-trading-volume,daily,2020,Outright Secondary Market Trading Volume - 08-December-2020,2020-12-08,outright-secondary-market-trading-volume-08-dec.pdf,https://www.sbp.org.pk/assets/document/outright-secondary-market-trading-volume-08-dec.pdf,pdf,6902.0,,
main,trade-in-securities,outright-secondary-market-trading-volume,daily,2020,Outright Secondary Market Trading Volume - 09-December-2020,2020-12-09,outright-secondary-market-trading-volume-09-dec.pdf,https://www.sbp.org.pk/assets/document/outright-secondary-market-trading-volume-09-dec.pdf,pdf,7188.0,,
main,trade-in-securities,outright-secondary-market-trading-volume,daily,2020,Outright Secondary Market Trading Volume - 10-December-2020,2020-12-10,outright-secondary-market-trading-volume-10-dec.pdf,https://www.sbp.org.pk/assets/document/outright-secondary-market-trading-volume-10-dec.pdf,pdf,6922.0,,
main,trade-in-securities,outright-secondary-market-trading-volume,daily,2020,Outright Secondary Market Trading Volume - 11-December-2020,2020-12-11,outright-secondary-market-trading-volume-11-dec.pdf,https://www.sbp.org.pk/assets/document/outright-secondary-market-trading-volume-11-dec.pdf,pdf,6810.0,,
main,trade-in-securities,outright-secondary-market-trading-volume,daily,2020,Outright Secondary Market Trading Volume - 14-December-2020,2020-12-14,outright-secondary-market-trading-volume-14-dec.pdf,https://www.sbp.org.pk/assets/document/outright-secondary-market-trading-volume-14-dec.pdf,pdf,7117.0,,
main,trade-in-securities,outright-secondary-market-trading-volume,daily,2020,Outright Secondary Market Trading Volume - 15-December-2020,2020-12-15,outright-secondary-market-trading-volume-15-dec.pdf,https://www.sbp.org.pk/assets/document/outright-secondary-market-trading-volume-15-dec.pdf,pdf,6963.0,,
main,trade-in-securities,outright-secondary-market-trading-volume,daily,2020,Outright Secondary Market Trading Volume - 16-December-2020,2020-12-16,outright-secondary-market-trading-volume-16-dec.pdf,https://www.sbp.org.pk/assets/document/outright-secondary-market-trading-volume-16-dec.pdf,pdf,7158.0,,
main,trade-in-securities,outright-secondary-market-trading-volume,daily,2020,Outright Secondary Market Trading Volume - 17-December-2020,2020-12-17,outright-secondary-market-trading-volume-17-dec.pdf,https://www.sbp.org.pk/assets/document/outright-secondary-market-trading-volume-17-dec.pdf,pdf,6892.0,,
main,trade-in-securities,outright-secondary-market-trading-volume,daily,2020,Outright Secondary Market Trading Volume - 18-December-2020,2020-12-18,outright-secondary-market-trading-volume-18-dec.pdf,https://www.sbp.org.pk/assets/document/outright-secondary-market-trading-volume-18-dec.pdf,pdf,7291.0,,
main,trade-in-securities,outright-secondary-market-trading-volume,daily,2020,Outright Secondary Market Trading Volume - 21-December-2020,2020-12-21,outright-secondary-market-trading-volume-21-dec.pdf,https://www.sbp.org.pk/assets/document/outright-secondary-market-trading-volume-21-dec.pdf,pdf,7127.0,,
main,trade-in-securities,outright-secondary-market-trading-volume,daily,2020,Outright Secondary Market Trading Volume - 22-December-2020,2020-12-22,outright-secondary-market-trading-volume-22-dec.pdf,https://www.sbp.org.pk/assets/document/outright-secondary-market-trading-volume-22-dec.pdf,pdf,7035.0,,
main,trade-in-securities,outright-secondary-market-trading-volume,daily,2020,Outright Secondary Market Trading Volume - 23-December-2020,2020-12-23,outright-secondary-market-trading-volume-23-dec.pdf,https://www.sbp.org.pk/assets/document/outright-secondary-market-trading-volume-23-dec.pdf,pdf,7086.0,,
main,trade-in-securities,outright-secondary-market-trading-volume,daily,2020,Outright Secondary Market Trading Volume - 24-December-2020,2020-12-24,outright-secondary-market-trading-volume-24-dec.pdf,https://www.sbp.org.pk/assets/document/outright-secondary-market-trading-volume-24-dec.pdf,pdf,7137.0,,
main,trade-in-securities,outright-secondary-market-trading-volume,daily,2020,Outright Secondary Market Trading Volume - 28-December-2020,2020-12-28,outright-secondary-market-trading-volume-28-dec.pdf,https://www.sbp.org.pk/assets/document/outright-secondary-market-trading-volume-28-dec.pdf,pdf,6912.0,,
main,trade-in-securities,outright-secondary-market-trading-volume,daily,2020,Outright Secondary Market Trading Volume - 29-December-2020,2020-12-29,outright-secondary-market-trading-volume-29-dec.pdf,https://www.sbp.org.pk/assets/document/outright-secondary-market-trading-volume-29-dec.pdf,pdf,6932.0,,
main,trade-in-securities,outright-secondary-market-trading-volume,daily,2020,Outright Secondary Market Trading Volume - 30-December-2020,2020-12-30,outright-secondary-market-trading-volume-30-dec.pdf,https://www.sbp.org.pk/assets/document/outright-secondary-market-trading-volume-30-dec.pdf,pdf,7117.0,,
main,trade-in-securities,outright-secondary-market-trading-volume,daily,2020,Outright Secondary Market Trading Volume - 31-December-2020,2020-12-31,outright-secondary-market-trading-volume-31-dec.pdf,https://www.sbp.org.pk/assets/document/outright-secondary-market-trading-volume-31-dec.pdf,pdf,7014.0,,
main,trade-in-securities,outright-secondary-market-trading-volume,daily,2025,Outright Secondary Market Trading Volume - 30-Jan-2025,2025-01-30,30-Jan-2025_(2).pdf,https://www.sbp.org.pk/assets/document/30-Jan-2025_%282%29.pdf,pdf,10609.0,,
main,trade-in-securities,outright-secondary-market-trading-volume,daily,2025,Outright Secondary Market Trading Volume - 31-Jan-2025,2025-01-31,31-Jan-2025_(2).pdf,https://www.sbp.org.pk/assets/document/31-Jan-2025_%282%29.pdf,pdf,10230.0,,
main,trade-in-securities,outright-secondary-market-trading-volume,daily,2025,Outright Secondary Market Trading Volume - 27-Feb-2025,2025-02-27,27-Feb-2025_(2).pdf,https://www.sbp.org.pk/assets/document/27-Feb-2025_%282%29.pdf,pdf,10936.0,,
main,trade-in-securities,outright-secondary-market-trading-volume,daily,2025,Outright Secondary Market Trading Volume - 28-Feb-2025,2025-02-28,28-Feb-2025_(2).pdf,https://www.sbp.org.pk/assets/document/28-Feb-2025_%282%29.pdf,pdf,10916.0,,
main,trade-in-securities,outright-secondary-market-trading-volume,daily,2025,Outright Secondary Market Trading Volume - 27-Mar-2025,2025-03-27,27-Mar-2025_(2).pdf,https://www.sbp.org.pk/assets/document/27-Mar-2025_%282%29.pdf,pdf,11090.0,,
main,trade-in-securities,outright-secondary-market-trading-volume,daily,2025,Outright Secondary Market Trading Volume - 28-Mar-2025,2025-03-28,28-Mar-2025_(2).pdf,https://www.sbp.org.pk/assets/document/28-Mar-2025_%282%29.pdf,pdf,11151.0,,
main,trade-in-securities,outright-secondary-market-trading-volume,daily,2025,Outright Secondary Market Trading Volume - 29-Apr-2025,2025-04-29,29-Apr-2025_(2).pdf,https://www.sbp.org.pk/assets/document/29-Apr-2025_%282%29.pdf,pdf,11325.0,,
main,trade-in-securities,outright-secondary-market-trading-volume,daily,2025,Outright Secondary Market Trading Volume - 30-Apr-2025,2025-04-30,30-Apr-2025_(2).pdf,https://www.sbp.org.pk/assets/document/30-Apr-2025_%282%29.pdf,pdf,10824.0,,
main,trade-in-securities,outright-secondary-market-trading-volume,daily,2025,Outright Secondary Market Trading Volume - 29-May-2025,2025-05-29,29-May-2025_(2).pdf,https://www.sbp.org.pk/assets/document/29-May-2025_%282%29.pdf,pdf,11090.0,,
main,trade-in-securities,outright-secondary-market-trading-volume,daily,2025,Outright Secondary Market Trading Volume - 30-May-2025,2025-05-30,30-May-2025_(2).pdf,https://www.sbp.org.pk/assets/document/30-May-2025_%282%29.pdf,pdf,11950.0,,
main,trade-in-securities,outright-secondary-market-trading-volume,daily,2025,Outright Secondary Market Trading Volume - 27-Jun-2025,2025-06-27,27-Jun-2025_(2).pdf,https://www.sbp.org.pk/assets/document/27-Jun-2025_%282%29.pdf,pdf,11899.0,,
main,trade-in-securities,outright-secondary-market-trading-volume,daily,2025,Outright Secondary Market Trading Volume - 30-Jun-2025,2025-06-30,30-Jun-2025_(2).pdf,https://www.sbp.org.pk/assets/document/30-Jun-2025_%282%29.pdf,pdf,11622.0,,
main,trade-in-securities,outright-secondary-market-trading-volume,daily,2025,Outright Secondary Market Trading Volume - 30-Jul-2025,2025-07-30,30-Jul-2025_(2).pdf,https://www.sbp.org.pk/assets/document/30-Jul-2025_%282%29.pdf,pdf,10916.0,,
main,trade-in-securities,outright-secondary-market-trading-volume,daily,2025,Outright Secondary Market Trading Volume - 31-Jul-2025,2025-07-31,31-Jul-2025_(2).pdf,https://www.sbp.org.pk/assets/document/31-Jul-2025_%282%29.pdf,pdf,10639.0,,
main,trade-in-securities,outright-secondary-market-trading-volume,daily,2025,Outright Secondary Market Trading Volume - 28-Aug-2025,2025-08-28,28-Aug-2025_(2).pdf,https://www.sbp.org.pk/assets/document/28-Aug-2025_%282%29.pdf,pdf,9728.0,,
main,trade-in-securities,outright-secondary-market-trading-volume,daily,2025,Outright Secondary Market Trading Volume - 29-Aug-2025,2025-08-29,29-Aug-2025_(2).pdf,https://www.sbp.org.pk/assets/document/29-Aug-2025_%282%29.pdf,pdf,10220.0,,
main,trade-in-securities,outright-secondary-market-trading-volume,daily,2025,Outright Secondary Market Trading Volume - 29-Sep-2025,2025-09-29,29-Sep-2025_(2).pdf,https://www.sbp.org.pk/assets/document/29-Sep-2025_%282%29.pdf,pdf,11643.0,,
main,trade-in-securities,outright-secondary-market-trading-volume,daily,2025,Outright Secondary Market Trading Volume - 30-Sep-2025,2025-09-30,30-Sep-2025_(2).pdf,https://www.sbp.org.pk/assets/document/30-Sep-2025_%282%29.pdf,pdf,10363.0,,
main,trade-in-securities,outright-secondary-market-trading-volume,daily,2025,Outright Secondary Market Trading Volume - 30-Oct-2025,2025-10-30,30-Oct-2025_(2).pdf,https://www.sbp.org.pk/assets/document/30-Oct-2025_%282%29.pdf,pdf,8684.0,,
main,trade-in-securities,outright-secondary-market-trading-volume,daily,2025,Outright Secondary Market Trading Volume - 31-Oct-2025,2025-10-31,31-Oct-2025_(2).pdf,https://www.sbp.org.pk/assets/document/31-Oct-2025_%282%29.pdf,pdf,9912.0,,
main,trade-in-securities,outright-secondary-market-trading-volume,daily,2025,Outright Secondary Market Trading Volume - 27-Nov-2025,2025-11-27,27-Nov-2025_(2).pdf,https://www.sbp.org.pk/assets/document/27-Nov-2025_%282%29.pdf,pdf,9800.0,,
main,trade-in-securities,outright-secondary-market-trading-volume,daily,2025,Outright Secondary Market Trading Volume - 28-Nov-2025,2025-11-28,28-Nov-2025_(2).pdf,https://www.sbp.org.pk/assets/document/28-Nov-2025_%282%29.pdf,pdf,10998.0,,
main,trade-in-securities,outright-secondary-market-trading-volume,daily,2025,Outright Secondary Market Trading Volume - 30-Dec-2025,2025-12-30,30-Dec-2025_(2).pdf,https://www.sbp.org.pk/assets/document/30-Dec-2025_%282%29.pdf,pdf,10670.0,,
main,trade-in-securities,outright-secondary-market-trading-volume,daily,2025,Outright Secondary Market Trading Volume - 31-Dec-2025,2025-12-31,31-Dec-2025_(2).pdf,https://www.sbp.org.pk/assets/document/31-Dec-2025_%282%29.pdf,pdf,10476.0,,
main,trade-in-securities,outright-secondary-market-trading-volume,daily,2026,Outright Secondary Market Trading Volume - 02-Jan-2026,2026-01-02,02-Jan-out-2026.pdf,https://www.sbp.org.pk/assets/document/02-Jan-out-2026.pdf,pdf,11059.0,,
main,trade-in-securities,outright-secondary-market-trading-volume,daily,2026,Outright Secondary Market Trading Volume - 05-Jan-2026,2026-01-05,05-Jan-out-2026.pdf,https://www.sbp.org.pk/assets/document/05-Jan-out-2026.pdf,pdf,10639.0,,
main,trade-in-securities,outright-secondary-market-trading-volume,daily,2026,Outright Secondary Market Trading Volume - 06-Jan-2026,2026-01-06,06-Jan-out-2026.pdf,https://www.sbp.org.pk/assets/document/06-Jan-out-2026.pdf,pdf,11080.0,,
main,trade-in-securities,outright-secondary-market-trading-volume,daily,2026,Outright Secondary Market Trading Volume - 07-Jan-2026,2026-01-07,07-Jan-out-2026.pdf,https://www.sbp.org.pk/assets/document/07-Jan-out-2026.pdf,pdf,10127.0,,
main,trade-in-securities,outright-secondary-market-trading-volume,daily,2026,Outright Secondary Market Trading Volume - 08-Jan-2026,2026-01-08,08-Jan-out-2026.pdf,https://www.sbp.org.pk/assets/document/08-Jan-out-2026.pdf,pdf,10301.0,,
main,trade-in-securities,outright-secondary-market-trading-volume,daily,2026,Outright Secondary Market Trading Volume - 09-Jan-2026,2026-01-09,09-Jan-out-2026.pdf,https://www.sbp.org.pk/assets/document/09-Jan-out-2026.pdf,pdf,10885.0,,
main,trade-in-securities,outright-secondary-market-trading-volume,daily,2026,Outright Secondary Market Trading Volume - 12-Jan-2026,2026-01-12,12-Jan-out-2026.pdf,https://www.sbp.org.pk/assets/document/12-Jan-out-2026.pdf,pdf,11377.0,,
main,trade-in-securities,outright-secondary-market-trading-volume,daily,2026,Outright Secondary Market Trading Volume - 13-Jan-2026,2026-01-13,13-Jan-out-2026.pdf,https://www.sbp.org.pk/assets/document/13-Jan-out-2026.pdf,pdf,11223.0,,
main,trade-in-securities,outright-secondary-market-trading-volume,daily,2026,Outright Secondary Market Trading Volume - 14-Jan-2026,2026-01-14,14-Jan-out-2026.pdf,https://www.sbp.org.pk/assets/document/14-Jan-out-2026.pdf,pdf,10455.0,,
main,trade-in-securities,outright-secondary-market-trading-volume,daily,2026,Outright Secondary Market Trading Volume - 15-Jan-2026,2026-01-15,15-Jan-out-2026.pdf,https://www.sbp.org.pk/assets/document/15-Jan-out-2026.pdf,pdf,10680.0,,
main,trade-in-securities,outright-secondary-market-trading-volume,daily,2026,Outright Secondary Market Trading Volume - 16-Jan-2026,2026-01-16,16-Jan-out-2026.pdf,https://www.sbp.org.pk/assets/document/16-Jan-out-2026.pdf,pdf,11356.0,,
main,trade-in-securities,outright-secondary-market-trading-volume,daily,2026,Outright Secondary Market Trading Volume - 19-Jan-2026,2026-01-19,19-Jan-out-2026.pdf,https://www.sbp.org.pk/assets/document/19-Jan-out-2026.pdf,pdf,11940.0,,
main,trade-in-securities,outright-secondary-market-trading-volume,daily,2026,Outright Secondary Market Trading Volume - 20-Jan-2026,2026-01-20,20-Jan-out-2026.pdf,https://www.sbp.org.pk/assets/document/20-Jan-out-2026.pdf,pdf,11909.0,,
main,trade-in-securities,outright-secondary-market-trading-volume,daily,2026,Outright Secondary Market Trading Volume - 21-Jan-2026,2026-01-21,21-Jan-out-2026.pdf,https://www.sbp.org.pk/assets/document/21-Jan-out-2026.pdf,pdf,10772.0,,
main,trade-in-securities,outright-secondary-market-trading-volume,daily,2026,Outright Secondary Market Trading Volume - 22-Jan-2026,2026-01-22,22-Jan-out-2026.pdf,https://www.sbp.org.pk/assets/document/22-Jan-out-2026.pdf,pdf,10189.0,,
main,trade-in-securities,outright-secondary-market-trading-volume,daily,2026,Outright Secondary Market Trading Volume - 23-Jan-2026,2026-01-23,23-Jan-out-2026.pdf,https://www.sbp.org.pk/assets/document/23-Jan-out-2026.pdf,pdf,11213.0,,
main,trade-in-securities,outright-secondary-market-trading-volume,daily,2026,Outright Secondary Market Trading Volume - 26-Jan-2026,2026-01-26,26-Jan-out-2026.pdf,https://www.sbp.org.pk/assets/document/26-Jan-out-2026.pdf,pdf,10363.0,,
main,trade-in-securities,outright-secondary-market-trading-volume,daily,2026,Outright Secondary Market Trading Volume - 27-Jan-2026,2026-01-27,27-Jan-out-2026.pdf,https://www.sbp.org.pk/assets/document/27-Jan-out-2026.pdf,pdf,10957.0,,
main,trade-in-securities,outright-secondary-market-trading-volume,daily,2026,Outright Secondary Market Trading Volume - 28-Jan-2026,2026-01-28,28-Jan-out-2026.pdf,https://www.sbp.org.pk/assets/document/28-Jan-out-2026.pdf,pdf,11244.0,,
main,trade-in-securities,outright-secondary-market-trading-volume,daily,2026,Outright Secondary Market Trading Volume - 29-Jan-2026,2026-01-29,29-Jan-2026_(2).pdf,https://www.sbp.org.pk/assets/document/29-Jan-2026_%282%29.pdf,pdf,11520.0,,
main,trade-in-securities,outright-secondary-market-trading-volume,daily,2026,Outright Secondary Market Trading Volume - 30-Jan-2026,2026-01-30,30-Jan-out-2026.pdf,https://www.sbp.org.pk/assets/document/30-Jan-out-2026.pdf,pdf,11756.0,,
main,trade-in-securities,outright-secondary-market-trading-volume,daily,2026,Outright Secondary Market Trading Volume - 02-Feb-2026,2026-02-02,outright-secondary-market-trading-volume-02-Feb-2026.pdf,https://www.sbp.org.pk/assets/document/outright-secondary-market-trading-volume-02-Feb-2026.pdf,pdf,11213.0,,
main,trade-in-securities,outright-secondary-market-trading-volume,daily,2026,Outright Secondary Market Trading Volume - 03-Feb-2026,2026-02-03,outright-secondary-market-trading-volume-03-Feb-2026.pdf,https://www.sbp.org.pk/assets/document/outright-secondary-market-trading-volume-03-Feb-2026.pdf,pdf,9964.0,,
main,trade-in-securities,outright-secondary-market-trading-volume,daily,2026,Outright Secondary Market Trading Volume - 04-Feb-2026,2026-02-04,outright-secondary-market-trading-volume-04-Feb-2026.pdf,https://www.sbp.org.pk/assets/document/outright-secondary-market-trading-volume-04-Feb-2026.pdf,pdf,9748.0,,
main,trade-in-securities,outright-secondary-market-trading-volume,daily,2026,Outright Secondary Market Trading Volume - 06-Feb-2026,2026-02-06,outright-secondary-market-trading-volume-06-Feb-2026.pdf,https://www.sbp.org.pk/assets/document/outright-secondary-market-trading-volume-06-Feb-2026.pdf,pdf,9841.0,,
main,trade-in-securities,outright-secondary-market-trading-volume,daily,2026,Outright Secondary Market Trading Volume - 09-Feb-2026,2026-02-09,outright-secondary-market-trading-volume-09-Feb-2026.pdf,https://www.sbp.org.pk/assets/document/outright-secondary-market-trading-volume-09-Feb-2026.pdf,pdf,10588.0,,
main,trade-in-securities,outright-secondary-market-trading-volume,daily,2026,Outright Secondary Market Trading Volume - 10-Feb-2026,2026-02-10,outright-secondary-market-trading-volume-10-Feb-2026.pdf,https://www.sbp.org.pk/assets/document/outright-secondary-market-trading-volume-10-Feb-2026.pdf,pdf,11489.0,,
main,trade-in-securities,outright-secondary-market-trading-volume,daily,2026,Outright Secondary Market Trading Volume - 11-Feb-2026,2026-02-11,outright-secondary-market-trading-volume-11-feb-2026.pdf,https://www.sbp.org.pk/assets/document/outright-secondary-market-trading-volume-11-feb-2026.pdf,pdf,10854.0,,
main,trade-in-securities,outright-secondary-market-trading-volume,daily,2026,Outright Secondary Market Trading Volume - 12-Feb-2026,2026-02-12,money-and-secondary-markets-12-feb-2026.pdf,https://www.sbp.org.pk/assets/document/money-and-secondary-markets-12-feb-2026.pdf,pdf,10220.0,,
main,trade-in-securities,outright-secondary-market-trading-volume,daily,2026,Outright Secondary Market Trading Volume - 13-Feb-2026,2026-02-13,outright-secondary-market-trading-volume-13-Feb-2026.pdf,https://www.sbp.org.pk/assets/document/outright-secondary-market-trading-volume-13-Feb-2026.pdf,pdf,10209.0,,
main,trade-in-securities,outright-secondary-market-trading-volume,daily,2026,Outright Secondary Market Trading Volume - 16-Feb-2026,2026-02-16,outright-secondary-market-trading-volume-16-Feb-2026.pdf,https://www.sbp.org.pk/assets/document/outright-secondary-market-trading-volume-16-Feb-2026.pdf,pdf,10220.0,,
main,trade-in-securities,outright-secondary-market-trading-volume,daily,2026,Outright Secondary Market Trading Volume - 17-Feb-2026,2026-02-17,outright-secondary-market-trading-volume-17-Feb-2026.pdf,https://www.sbp.org.pk/assets/document/outright-secondary-market-trading-volume-17-Feb-2026.pdf,pdf,9892.0,,
main,trade-in-securities,outright-secondary-market-trading-volume,daily,2026,Outright Secondary Market Trading Volume - 18-Feb-2026,2026-02-18,outright-secondary-market-trading-volume-18-Feb-2026.pdf,https://www.sbp.org.pk/assets/document/outright-secondary-market-trading-volume-18-Feb-2026.pdf,pdf,10260.0,,
main,trade-in-securities,outright-secondary-market-trading-volume,daily,2026,Outright Secondary Market Trading Volume - 20-Feb-2026,2026-02-20,outright-secondary-market-trading-volume-20-Feb-2026.pdf,https://www.sbp.org.pk/assets/document/outright-secondary-market-trading-volume-20-Feb-2026.pdf,pdf,9605.0,,
main,trade-in-securities,outright-secondary-market-trading-volume,daily,2026,Outright Secondary Market Trading Volume - 23-Feb-2026,2026-02-23,outright-secondary-market-trading-volume-23-Feb-2026.pdf,https://www.sbp.org.pk/assets/document/outright-secondary-market-trading-volume-23-Feb-2026.pdf,pdf,9974.0,,
main,trade-in-securities,outright-secondary-market-trading-volume,daily,2026,Outright Secondary Market Trading Volume - 24-Feb-2026,2026-02-24,outright-secondary-market-trading-volume-24-Feb-2026.pdf,https://www.sbp.org.pk/assets/document/outright-secondary-market-trading-volume-24-Feb-2026.pdf,pdf,10762.0,,
main,trade-in-securities,outright-secondary-market-trading-volume,daily,2026,Outright Secondary Market Trading Volume - 25-Feb-2026,2026-02-25,outright-secondary-market-trading-volume-25-Feb-2026.pdf,https://www.sbp.org.pk/assets/document/outright-secondary-market-trading-volume-25-Feb-2026.pdf,pdf,10312.0,,
main,trade-in-securities,outright-secondary-market-trading-volume,daily,2026,Outright Secondary Market Trading Volume - 26-Feb-2026,2026-02-26,outright-secondary-market-trading-volume-26-Feb-2026.pdf,https://www.sbp.org.pk/assets/document/outright-secondary-market-trading-volume-26-Feb-2026.pdf,pdf,11141.0,,
main,trade-in-securities,outright-secondary-market-trading-volume,daily,2026,Outright Secondary Market Trading Volume - 27-Feb-2026,2026-02-27,outright-secondary-market-trading-volume-27-Feb-2026.pdf,https://www.sbp.org.pk/assets/document/outright-secondary-market-trading-volume-27-Feb-2026.pdf,pdf,10977.0,,
main,trade-in-securities,outright-secondary-market-trading-volume,daily,2026,Outright Secondary Market Trading Volume - 03-March-2026,2026-03-03,outright-secondary-market-trading-volume-03-Mar-2026.pdf,https://www.sbp.org.pk/assets/document/outright-secondary-market-trading-volume-03-Mar-2026.pdf,pdf,10363.0,,
main,trade-in-securities,outright-secondary-market-trading-volume,daily,2026,Outright Secondary Market Trading Volume - 04-March-2026,2026-03-04,outright-secondary-market-trading-volume-04-Mar-2026.pdf,https://www.sbp.org.pk/assets/document/outright-secondary-market-trading-volume-04-Mar-2026.pdf,pdf,9882.0,,
main,trade-in-securities,outright-secondary-market-trading-volume,daily,2026,Outright Secondary Market Trading Volume - 05-March-2026,2026-03-05,outright-secondary-market-trading-volume-05-Mar-2026.pdf,https://www.sbp.org.pk/assets/document/outright-secondary-market-trading-volume-05-Mar-2026.pdf,pdf,10588.0,,
main,trade-in-securities,outright-secondary-market-trading-volume,daily,2026,Outright Secondary Market Trading Volume - 06-March-2026,2026-03-06,outright-secondary-market-trading-volume-06-Mar-2026.pdf,https://www.sbp.org.pk/assets/document/outright-secondary-market-trading-volume-06-Mar-2026.pdf,pdf,10752.0,,
main,trade-in-securities,outright-secondary-market-trading-volume,daily,2026,Outright Secondary Market Trading Volume - 09-March-2026,2026-03-09,outright-secondary-market-trading-volume-09-Mar-2026.pdf,https://www.sbp.org.pk/assets/document/outright-secondary-market-trading-volume-09-Mar-2026.pdf,pdf,10486.0,,
main,trade-in-securities,outright-secondary-market-trading-volume,daily,2026,Outright Secondary Market Trading Volume - 10-March-2026,2026-03-10,outright-secondary-market-trading-volume-10-Mar-2026.pdf,https://www.sbp.org.pk/assets/document/outright-secondary-market-trading-volume-10-Mar-2026.pdf,pdf,10947.0,,
main,trade-in-securities,outright-secondary-market-trading-volume,daily,2026,Outright Secondary Market Trading Volume - 11-March-2026,2026-03-11,outright-secondary-market-trading-volume-11-Mar-2026.pdf,https://www.sbp.org.pk/assets/document/outright-secondary-market-trading-volume-11-Mar-2026.pdf,pdf,10291.0,,
main,trade-in-securities,outright-secondary-market-trading-volume,daily,2026,Outright Secondary Market Trading Volume - 12-March-2026,2026-03-12,outright-secondary-market-trading-volume-12-Mar-2026.pdf,https://www.sbp.org.pk/assets/document/outright-secondary-market-trading-volume-12-Mar-2026.pdf,pdf,11366.0,,
main,trade-in-securities,outright-secondary-market-trading-volume,daily,2026,Outright Secondary Market Trading Volume - 13-March-2026,2026-03-13,outright-secondary-market-trading-volume-13-Mar-2026.pdf,https://www.sbp.org.pk/assets/document/outright-secondary-market-trading-volume-13-Mar-2026.pdf,pdf,11182.0,,
main,trade-in-securities,outright-secondary-market-trading-volume,daily,2026,Outright Secondary Market Trading Volume - 16-March-2026,2026-03-16,outright-secondary-market-trading-volume-16-Mar-2026.pdf,https://www.sbp.org.pk/assets/document/outright-secondary-market-trading-volume-16-Mar-2026.pdf,pdf,11100.0,,
main,trade-in-securities,outright-secondary-market-trading-volume,daily,2026,Outright Secondary Market Trading Volume - 17-March-2026,2026-03-17,outright-secondary-market-trading-volume-17-17-Mar-2026.pdf,https://www.sbp.org.pk/assets/document/outright-secondary-market-trading-volume-17-17-Mar-2026.pdf,pdf,11162.0,,
main,trade-in-securities,outright-secondary-market-trading-volume,daily,2026,Outright Secondary Market Trading Volume - 18-March-2026,2026-03-18,outright-secondary-market-trading-volume-18-Mar-2026.pdf,https://www.sbp.org.pk/assets/document/outright-secondary-market-trading-volume-18-Mar-2026.pdf,pdf,11049.0,,
main,trade-in-securities,outright-secondary-market-trading-volume,daily,2026,Outright Secondary Market Trading Volume - 24-March-2026,2026-03-24,outright-secondary-market-trading-volume-24-Mar-2026.pdf,https://www.sbp.org.pk/assets/document/outright-secondary-market-trading-volume-24-Mar-2026.pdf,pdf,10199.0,,
main,trade-in-securities,outright-secondary-market-trading-volume,daily,2026,Outright Secondary Market Trading Volume - 25-March-2026,2026-03-25,outright-secondary-market-trading-volume-25-Mar-2026.pdf,https://www.sbp.org.pk/assets/document/outright-secondary-market-trading-volume-25-Mar-2026.pdf,pdf,9974.0,,
main,trade-in-securities,outright-secondary-market-trading-volume,daily,2026,Outright Secondary Market Trading Volume - 26-March-2026,2026-03-26,outright-secondary-market-trading-volume-26-Mar-2026.pdf,https://www.sbp.org.pk/assets/document/outright-secondary-market-trading-volume-26-Mar-2026.pdf,pdf,9554.0,,
main,trade-in-securities,outright-secondary-market-trading-volume,daily,2026,Outright Secondary Market Trading Volume - 27-March-2026,2026-03-27,outright-secondary-market-trading-volume-27-Mar-2026.pdf,https://www.sbp.org.pk/assets/document/outright-secondary-market-trading-volume-27-Mar-2026.pdf,pdf,10383.0,,
main,trade-in-securities,outright-secondary-market-trading-volume,daily,2026,Outright Secondary Market Trading Volume - 30-March-2026,2026-03-30,outright-secondary-market-trading-volume-30-Mar-2026.pdf,https://www.sbp.org.pk/assets/document/outright-secondary-market-trading-volume-30-Mar-2026.pdf,pdf,11377.0,,
main,trade-in-securities,outright-secondary-market-trading-volume,daily,2026,Outright Secondary Market Trading Volume - 31-March-2026,2026-03-31,outright-secondary-market-trading-volume-31-Mar-2026.pdf,https://www.sbp.org.pk/assets/document/outright-secondary-market-trading-volume-31-Mar-2026.pdf,pdf,10660.0,,
main,trade-in-securities,outright-secondary-market-trading-volume,daily,2026,Outright Secondary Market Trading Volume - 01-April-2026,2026-04-01,outright-secondary-market-trading-volume-01-Apr-2026.pdf,https://www.sbp.org.pk/assets/document/outright-secondary-market-trading-volume-01-Apr-2026.pdf,pdf,12042.0,,
main,trade-in-securities,outright-secondary-market-trading-volume,daily,2026,Outright Secondary Market Trading Volume - 02-April-2026,2026-04-02,outright-secondary-market-trading-volume-02-Apr-2026.pdf,https://www.sbp.org.pk/assets/document/outright-secondary-market-trading-volume-02-Apr-2026.pdf,pdf,10752.0,,
main,trade-in-securities,outright-secondary-market-trading-volume,daily,2026,Outright Secondary Market Trading Volume - 03-April-2026,2026-04-03,outright-secondary-market-trading-volume-03-Apr-2026.pdf,https://www.sbp.org.pk/assets/document/outright-secondary-market-trading-volume-03-Apr-2026.pdf,pdf,10998.0,,
main,trade-in-securities,repo-secondary-market-trading-volume,daily,2025,Repo Secondary Market Trading Volume - 30-Jan-2025,2025-01-30,30-Jan-2025_(1).pdf,https://www.sbp.org.pk/assets/document/30-Jan-2025_%281%29.pdf,pdf,5437.0,,
main,trade-in-securities,repo-secondary-market-trading-volume,daily,2025,Repo Secondary Market Trading Volume - 31-Jan-2025,2025-01-31,31-Jan-2025_(1).pdf,https://www.sbp.org.pk/assets/document/31-Jan-2025_%281%29.pdf,pdf,4905.0,,
main,trade-in-securities,repo-secondary-market-trading-volume,daily,2025,Repo Secondary Market Trading Volume - 27-Feb-2025,2025-02-28,27-Feb-2025_(1).pdf,https://www.sbp.org.pk/assets/document/27-Feb-2025_%281%29.pdf,pdf,4925.0,,
main,trade-in-securities,repo-secondary-market-trading-volume,daily,2025,Repo Secondary Market Trading Volume - 28-Feb-2025,2025-02-28,28-Feb-2025_(1).pdf,https://www.sbp.org.pk/assets/document/28-Feb-2025_%281%29.pdf,pdf,5089.0,,
main,trade-in-securities,repo-secondary-market-trading-volume,daily,2025,Repo Secondary Market Trading Volume - 27-Mar-2025,2025-03-27,27-Mar-2025_(1).pdf,https://www.sbp.org.pk/assets/document/27-Mar-2025_%281%29.pdf,pdf,5304.0,,
main,trade-in-securities,repo-secondary-market-trading-volume,daily,2025,Repo Secondary Market Trading Volume - 28-Mar-2025,2025-03-28,28-Mar-2025_(1).pdf,https://www.sbp.org.pk/assets/document/28-Mar-2025_%281%29.pdf,pdf,5079.0,,
main,trade-in-securities,repo-secondary-market-trading-volume,daily,2025,Repo Secondary Market Trading Volume - 29-Apr-2025,2025-04-29,29-Apr-2025_(1).pdf,https://www.sbp.org.pk/assets/document/29-Apr-2025_%281%29.pdf,pdf,4813.0,,
main,trade-in-securities,repo-secondary-market-trading-volume,daily,2025,Repo Secondary Market Trading Volume - 30-Apr-2025,2025-04-30,30-Apr-2025_(1).pdf,https://www.sbp.org.pk/assets/document/30-Apr-2025_%281%29.pdf,pdf,4823.0,,
main,trade-in-securities,repo-secondary-market-trading-volume,daily,2025,Repo Secondary Market Trading Volume - 29-May-2025,2025-05-29,29-May-2025_(1).pdf,https://www.sbp.org.pk/assets/document/29-May-2025_%281%29.pdf,pdf,4997.0,,
main,trade-in-securities,repo-secondary-market-trading-volume,daily,2025,Repo Secondary Market Trading Volume - 30-May-2025,2025-05-30,30-May-2025_(1).pdf,https://www.sbp.org.pk/assets/document/30-May-2025_%281%29.pdf,pdf,4813.0,,
main,trade-in-securities,repo-secondary-market-trading-volume,daily,2025,Repo Secondary Market Trading Volume - 27-Jun-2025,2025-06-27,27-Jun-2025_(1).pdf,https://www.sbp.org.pk/assets/document/27-Jun-2025_%281%29.pdf,pdf,4997.0,,
main,trade-in-securities,repo-secondary-market-trading-volume,daily,2025,Repo Secondary Market Trading Volume - 30-Jul-2025,2025-06-30,30-Jul-2025_(1).pdf,https://www.sbp.org.pk/assets/document/30-Jul-2025_%281%29.pdf,pdf,4803.0,,
main,trade-in-securities,repo-secondary-market-trading-volume,daily,2025,Repo Secondary Market Trading Volume - 30-Jun-2025,2025-06-30,30-Jun-2025_(1).pdf,https://www.sbp.org.pk/assets/document/30-Jun-2025_%281%29.pdf,pdf,5294.0,,
main,trade-in-securities,repo-secondary-market-trading-volume,daily,2025,Repo Secondary Market Trading Volume - 31-Jul-2025,2025-07-31,31-Jul-2025_(1).pdf,https://www.sbp.org.pk/assets/document/31-Jul-2025_%281%29.pdf,pdf,4649.0,,
main,trade-in-securities,repo-secondary-market-trading-volume,daily,2025,Repo Secondary Market Trading Volume - 28-Aug-2025,2025-08-28,28-Aug-2025_(1).pdf,https://www.sbp.org.pk/assets/document/28-Aug-2025_%281%29.pdf,pdf,4813.0,,
main,trade-in-securities,repo-secondary-market-trading-volume,daily,2025,Repo Secondary Market Trading Volume - 29-Aug-2025,2025-08-29,29-Aug-2025_(1).pdf,https://www.sbp.org.pk/assets/document/29-Aug-2025_%281%29.pdf,pdf,4823.0,,
main,trade-in-securities,repo-secondary-market-trading-volume,daily,2025,Repo Secondary Market Trading Volume - 29-Sep-2025,2025-09-29,29-Sep-2025_(1).pdf,https://www.sbp.org.pk/assets/document/29-Sep-2025_%281%29.pdf,pdf,5868.0,,
main,trade-in-securities,repo-secondary-market-trading-volume,daily,2025,Repo Secondary Market Trading Volume - 30-Sep-2025,2025-09-30,30-Sep-2025_(1).pdf,https://www.sbp.org.pk/assets/document/30-Sep-2025_%281%29.pdf,pdf,4813.0,,
main,trade-in-securities,repo-secondary-market-trading-volume,daily,2025,Repo Secondary Market Trading Volume - 30-Oct-2025,2025-10-30,30-Oct-2025_(1).pdf,https://www.sbp.org.pk/assets/document/30-Oct-2025_%281%29.pdf,pdf,4772.0,,
main,trade-in-securities,repo-secondary-market-trading-volume,daily,2025,Repo Secondary Market Trading Volume - 31-Oct-2025,2025-10-31,31-Oct-2025_(1).pdf,https://www.sbp.org.pk/assets/document/31-Oct-2025_%281%29.pdf,pdf,4987.0,,
main,trade-in-securities,repo-secondary-market-trading-volume,daily,2025,Repo Secondary Market Trading Volume - 27-Nov-2025,2025-11-27,27-Nov-2025_(1).pdf,https://www.sbp.org.pk/assets/document/27-Nov-2025_%281%29.pdf,pdf,5069.0,,
main,trade-in-securities,repo-secondary-market-trading-volume,daily,2025,Repo Secondary Market Trading Volume - 28-Nov-2025,2025-11-28,28-Nov-2025_(1).pdf,https://www.sbp.org.pk/assets/document/28-Nov-2025_%281%29.pdf,pdf,4956.0,,
main,trade-in-securities,repo-secondary-market-trading-volume,daily,2025,Repo Secondary Market Trading Volume - 30-Dec-2025,2025-12-30,30-Dec-2025_(1).pdf,https://www.sbp.org.pk/assets/document/30-Dec-2025_%281%29.pdf,pdf,4987.0,,
main,trade-in-securities,repo-secondary-market-trading-volume,daily,2025,Repo Secondary Market Trading Volume - 31-Dec-2025,2025-12-31,31-Dec-2025_(1).pdf,https://www.sbp.org.pk/assets/document/31-Dec-2025_%281%29.pdf,pdf,5140.0,,
main,trade-in-securities,repo-secondary-market-trading-volume,daily,2026,Repo Secondary Market Trading Volume - 02-Jan-2026,2026-01-02,repo-secondary-market-trading-volume-02-jan-2026.pdf,https://www.sbp.org.pk/assets/document/repo-secondary-market-trading-volume-02-jan-2026.pdf,pdf,4823.0,,
main,trade-in-securities,repo-secondary-market-trading-volume,daily,2026,Repo Secondary Market Trading Volume - 05-Jan-2026,2026-01-05,repo-secondary-market-trading-volume-05-jan-2026.pdf,https://www.sbp.org.pk/assets/document/repo-secondary-market-trading-volume-05-jan-2026.pdf,pdf,5509.0,,
main,trade-in-securities,repo-secondary-market-trading-volume,daily,2026,Repo Secondary Market Trading Volume - 06-Jan-2026,2026-01-06,repo-secondary-market-trading-volume-06-jan-2026.pdf,https://www.sbp.org.pk/assets/document/repo-secondary-market-trading-volume-06-jan-2026.pdf,pdf,5130.0,,
main,trade-in-securities,repo-secondary-market-trading-volume,daily,2026,Repo Secondary Market Trading Volume - 07-Jan-2026,2026-01-07,repo-secondary-market-trading-volume-07-jan-2026.pdf,https://www.sbp.org.pk/assets/document/repo-secondary-market-trading-volume-07-jan-2026.pdf,pdf,5161.0,,
main,trade-in-securities,repo-secondary-market-trading-volume,daily,2026,Repo Secondary Market Trading Volume - 08-Jan-2026,2026-01-08,repo-secondary-market-trading-volume-08-jan-2026.pdf,https://www.sbp.org.pk/assets/document/repo-secondary-market-trading-volume-08-jan-2026.pdf,pdf,4721.0,,
main,trade-in-securities,repo-secondary-market-trading-volume,daily,2026,Repo Secondary Market Trading Volume - 09-Jan-2026,2026-01-09,repo-secondary-market-trading-volume-09-jan-2026.pdf,https://www.sbp.org.pk/assets/document/repo-secondary-market-trading-volume-09-jan-2026.pdf,pdf,5151.0,,
main,trade-in-securities,repo-secondary-market-trading-volume,daily,2026,Repo Secondary Market Trading Volume - 12-Jan-2026,2026-01-12,Repo_Secondary_Market_Trading_Volume_-_12-Jan-2026.pdf,https://www.sbp.org.pk/assets/document/Repo_Secondary_Market_Trading_Volume_-_12-Jan-2026.pdf,pdf,5519.0,,
main,trade-in-securities,repo-secondary-market-trading-volume,daily,2026,Repo Secondary Market Trading Volume - 13-Jan-2026,2026-01-13,repo-secondary-market-trading-volume-13-jan-2026.pdf,https://www.sbp.org.pk/assets/document/repo-secondary-market-trading-volume-13-jan-2026.pdf,pdf,4833.0,,
main,trade-in-securities,repo-secondary-market-trading-volume,daily,2026,Repo Secondary Market Trading Volume - 14-Jan-2026,2026-01-14,repo-secondary-market-trading-volume-14-jan-2026.pdf,https://www.sbp.org.pk/assets/document/repo-secondary-market-trading-volume-14-jan-2026.pdf,pdf,4669.0,,
main,trade-in-securities,repo-secondary-market-trading-volume,daily,2026,Repo Secondary Market Trading Volume - 15-Jan-2026,2026-01-15,repo-secondary-market-trading-volume-15-jan-2026.pdf,https://www.sbp.org.pk/assets/document/repo-secondary-market-trading-volume-15-jan-2026.pdf,pdf,4823.0,,
main,trade-in-securities,repo-secondary-market-trading-volume,daily,2026,Repo Secondary Market Trading Volume - 16-Jan-2026,2026-01-16,Repo_Secondary_Market_Trading_Volume-16-Jan-2026.pdf,https://www.sbp.org.pk/assets/document/Repo_Secondary_Market_Trading_Volume-16-Jan-2026.pdf,pdf,5110.0,,
main,trade-in-securities,repo-secondary-market-trading-volume,daily,2026,Repo Secondary Market Trading Volume - 19-Jan-2026,2026-01-19,Repo_Secondary_Market_Trading_Volume_-_19-Jan-2026.pdf,https://www.sbp.org.pk/assets/document/Repo_Secondary_Market_Trading_Volume_-_19-Jan-2026.pdf,pdf,5304.0,,
main,trade-in-securities,repo-secondary-market-trading-volume,daily,2026,Repo Secondary Market Trading Volume - 20-Jan-2026,2026-01-20,Repo_Secondary_Market_Trading_Volume-20-Jan-2026.pdf,https://www.sbp.org.pk/assets/document/Repo_Secondary_Market_Trading_Volume-20-Jan-2026.pdf,pdf,4997.0,,
main,trade-in-securities,repo-secondary-market-trading-volume,daily,2026,Repo Secondary Market Trading Volume - 21-Jan-2026,2026-01-21,Repo_Secondary_Market_Trading_Volume-21-Jan-2026.pdf,https://www.sbp.org.pk/assets/document/Repo_Secondary_Market_Trading_Volume-21-Jan-2026.pdf,pdf,4987.0,,
main,trade-in-securities,repo-secondary-market-trading-volume,daily,2026,Repo Secondary Market Trading Volume - 22-Jan-2026,2026-01-22,Repo_Secondary_Market_Trading_Volume-22-Jan-2026_compressed_(1).pdf,https://www.sbp.org.pk/assets/document/Repo_Secondary_Market_Trading_Volume-22-Jan-2026_compressed_%281%29.pdf,pdf,4035.0,,
main,trade-in-securities,repo-secondary-market-trading-volume,daily,2026,Repo Secondary Market Trading Volume - 23-Jan-2026,2026-01-23,Repo_Secondary_Market_Trading_Volume-23-Jan-2026.pdf,https://www.sbp.org.pk/assets/document/Repo_Secondary_Market_Trading_Volume-23-Jan-2026.pdf,pdf,5222.0,,
main,trade-in-securities,repo-secondary-market-trading-volume,daily,2026,Repo Secondary Market Trading Volume - 26-Jan-2026,2026-01-26,Repo_Secondary_Market_Trading_Volume-26-Jan-2026.pdf,https://www.sbp.org.pk/assets/document/Repo_Secondary_Market_Trading_Volume-26-Jan-2026.pdf,pdf,5304.0,,
main,trade-in-securities,repo-secondary-market-trading-volume,daily,2026,Repo Secondary Market Trading Volume - 27-Jan-2026,2026-01-27,Repo_Secondary_Market_Trading_Volume-27-Jan-2026.pdf,https://www.sbp.org.pk/assets/document/Repo_Secondary_Market_Trading_Volume-27-Jan-2026.pdf,pdf,5315.0,,
main,trade-in-securities,repo-secondary-market-trading-volume,daily,2026,Repo Secondary Market Trading Volume - 28-Jan-2026,2026-01-28,Repo_Secondary_Market_Trading_Volume-28-Jan-2026.pdf,https://www.sbp.org.pk/assets/document/Repo_Secondary_Market_Trading_Volume-28-Jan-2026.pdf,pdf,5745.0,,
main,trade-in-securities,repo-secondary-market-trading-volume,daily,2026,Repo Secondary Market Trading Volume - 29-Jan-2026,2026-01-29,29-Jan-2026_(1).pdf,https://www.sbp.org.pk/assets/document/29-Jan-2026_%281%29.pdf,pdf,5007.0,,
main,trade-in-securities,repo-secondary-market-trading-volume,daily,2026,Repo Secondary Market Trading volume,2026-01-30,Repo-SMTV.pdf,https://www.sbp.org.pk/assets/document/Repo-SMTV.pdf,pdf,5304.0,30-Jan-2026.pdf,https://www.sbp.org.pk/assets/document/30-Jan-2026.pdf
main,trade-in-securities,repo-secondary-market-trading-volume,daily,2026,Repo Secondary Market Trading Volume - 30-Jan-2026,2026-01-30,Repo_Secondary_Market_Trading_Volume-30-Jan-2026.pdf,https://www.sbp.org.pk/assets/document/Repo_Secondary_Market_Trading_Volume-30-Jan-2026.pdf,pdf,4833.0,,
main,trade-in-securities,repo-secondary-market-trading-volume,daily,2026,Repo Secondary Market Trading Volume - 02-Feb-2026,2026-02-02,repo-secondary-market-trading-volume-02-feb-2026.pdf,https://www.sbp.org.pk/assets/document/repo-secondary-market-trading-volume-02-feb-2026.pdf,pdf,5509.0,,
main,trade-in-securities,repo-secondary-market-trading-volume,daily,2026,Repo Secondary Market Trading Volume - 03-Feb-2026,2026-02-03,repo-secondary-market-trading-volume-03-feb-2026.pdf,https://www.sbp.org.pk/assets/document/repo-secondary-market-trading-volume-03-feb-2026.pdf,pdf,5161.0,,
main,trade-in-securities,repo-secondary-market-trading-volume,daily,2026,Repo Secondary Market Trading Volume - 04-Feb-2026,2026-02-04,repo-secondary-market-trading-volume-04-feb-2026.pdf,https://www.sbp.org.pk/assets/document/repo-secondary-market-trading-volume-04-feb-2026.pdf,pdf,5151.0,,
main,trade-in-securities,repo-secondary-market-trading-volume,daily,2026,Repo Secondary Market Trading Volume - 06-Feb-2026,2026-02-06,repo-secondary-market-trading-volume-06-feb-2026.pdf,https://www.sbp.org.pk/assets/document/repo-secondary-market-trading-volume-06-feb-2026.pdf,pdf,4925.0,,
main,trade-in-securities,repo-secondary-market-trading-volume,daily,2026,Repo Secondary Market Trading Volume - 09-Feb-2026,2026-02-09,repo-secondary-market-trading-volume-09-feb-2026.pdf,https://www.sbp.org.pk/assets/document/repo-secondary-market-trading-volume-09-feb-2026.pdf,pdf,5560.0,,
main,trade-in-securities,repo-secondary-market-trading-volume,daily,2026,Repo Secondary Market Trading Volume - 10-Feb-2026,2026-02-10,repo-secondary-market-trading-volume-10-feb-2026.pdf,https://www.sbp.org.pk/assets/document/repo-secondary-market-trading-volume-10-feb-2026.pdf,pdf,5069.0,,
main,trade-in-securities,repo-secondary-market-trading-volume,daily,2026,Repo Secondary Market Trading Volume - 11-Feb-2026,2026-02-11,repo-secondary-market-trading-volume-11-feb-2026.pdf,https://www.sbp.org.pk/assets/document/repo-secondary-market-trading-volume-11-feb-2026.pdf,pdf,5089.0,,
main,trade-in-securities,repo-secondary-market-trading-volume,daily,2026,Repo Secondary Market Trading Volume - 12-Feb-2026,2026-02-12,repo-secondary-market-trading-volume-12-feb-2026.pdf,https://www.sbp.org.pk/assets/document/repo-secondary-market-trading-volume-12-feb-2026.pdf,pdf,5007.0,,
main,trade-in-securities,repo-secondary-market-trading-volume,daily,2026,Repo Secondary Market Trading Volume - 13-Feb-2026,2026-02-13,13-Feb-2026.pdf,https://www.sbp.org.pk/assets/document/13-Feb-2026.pdf,pdf,4547.0,,
main,trade-in-securities,repo-secondary-market-trading-volume,daily,2026,Repo Secondary Market Trading Volume - 16-Feb-2026,2026-02-16,16-Feb-2026.pdf,https://www.sbp.org.pk/assets/document/16-Feb-2026.pdf,pdf,5376.0,,
main,trade-in-securities,repo-secondary-market-trading-volume,daily,2026,Repo Secondary Market Trading Volume - 17-Feb-2026,2026-02-17,17-Feb-2026.pdf,https://www.sbp.org.pk/assets/document/17-Feb-2026.pdf,pdf,4956.0,,
main,trade-in-securities,repo-secondary-market-trading-volume,daily,2026,Repo Secondary Market Trading Volume - 18-Feb-2026,2026-02-18,18-Feb-2026.pdf,https://www.sbp.org.pk/assets/document/18-Feb-2026.pdf,pdf,5274.0,,
main,trade-in-securities,repo-secondary-market-trading-volume,daily,2026,Repo Secondary Market Trading Volume - 20-Feb-2026,2026-02-20,20-Feb-2026.pdf,https://www.sbp.org.pk/assets/document/20-Feb-2026.pdf,pdf,4987.0,,
main,trade-in-securities,repo-secondary-market-trading-volume,daily,2026,Repo Secondary Market Trading Volume - 23-Feb-2026,2026-02-23,23-Feb-2026.pdf,https://www.sbp.org.pk/assets/document/23-Feb-2026.pdf,pdf,5274.0,,
main,trade-in-securities,repo-secondary-market-trading-volume,daily,2026,Repo Secondary Market Trading Volume - 24-Feb-2026,2026-02-24,24-Feb-2026.pdf,https://www.sbp.org.pk/assets/document/24-Feb-2026.pdf,pdf,5417.0,,
main,trade-in-securities,repo-secondary-market-trading-volume,daily,2026,Repo Secondary Market Trading Volume - 25-Feb-2026,2026-02-25,25-Feb-2026.pdf,https://www.sbp.org.pk/assets/document/25-Feb-2026.pdf,pdf,5007.0,,
main,trade-in-securities,repo-secondary-market-trading-volume,daily,2026,Repo Secondary Market Trading Volume - 26-Feb-2026,2026-02-26,26-Feb-2026.pdf,https://www.sbp.org.pk/assets/document/26-Feb-2026.pdf,pdf,5007.0,,
main,trade-in-securities,repo-secondary-market-trading-volume,daily,2026,Repo Secondary Market Trading Volume - 27-Feb-2026,2026-02-27,27-Feb-2026.pdf,https://www.sbp.org.pk/assets/document/27-Feb-2026.pdf,pdf,4792.0,,
main,trade-in-securities,repo-secondary-market-trading-volume,daily,2026,Repo Secondary Market Trading Volume - 03-Mar-2026,2026-03-03,03-Mar-2026.pdf,https://www.sbp.org.pk/assets/document/03-Mar-2026.pdf,pdf,5417.0,,
main,trade-in-securities,repo-secondary-market-trading-volume,daily,2026,Repo Secondary Market Trading Volume - 04-Mar-2026,2026-03-04,04-Mar-2026.pdf,https://www.sbp.org.pk/assets/document/04-Mar-2026.pdf,pdf,4669.0,,
main,trade-in-securities,repo-secondary-market-trading-volume,daily,2026,Repo Secondary Market Trading Volume - 05-Mar-2026,2026-03-05,05-Mar-2026.pdf,https://www.sbp.org.pk/assets/document/05-Mar-2026.pdf,pdf,4997.0,,
main,trade-in-securities,repo-secondary-market-trading-volume,daily,2026,Repo Secondary Market Trading Volume - 06-Mar-2026,2026-03-06,06-Mar-2026.pdf,https://www.sbp.org.pk/assets/document/06-Mar-2026.pdf,pdf,4741.0,,
main,trade-in-securities,repo-secondary-market-trading-volume,daily,2026,Repo Secondary Market Trading Volume - 09-Mar-2026,2026-03-09,09-Mar-2026.pdf,https://www.sbp.org.pk/assets/document/09-Mar-2026.pdf,pdf,5212.0,,
main,trade-in-securities,repo-secondary-market-trading-volume,daily,2026,Repo Secondary Market Trading Volume - 10-Mar-2026,2026-03-10,10-Mar-2026.pdf,https://www.sbp.org.pk/assets/document/10-Mar-2026.pdf,pdf,5151.0,,
main,trade-in-securities,repo-secondary-market-trading-volume,daily,2026,Repo Secondary Market Trading Volume - 11-Mar-2026,2026-03-11,11-Mar-2026.pdf,https://www.sbp.org.pk/assets/document/11-Mar-2026.pdf,pdf,5171.0,,
main,trade-in-securities,repo-secondary-market-trading-volume,daily,2026,Repo Secondary Market Trading Volume - 12-Mar-2026,2026-03-12,12-Mar-2026.pdf,https://www.sbp.org.pk/assets/document/12-Mar-2026.pdf,pdf,4823.0,,
main,trade-in-securities,repo-secondary-market-trading-volume,daily,2026,Repo Secondary Market Trading Volume - 13-Mar-2026,2026-03-13,13-Mar-2026.pdf,https://www.sbp.org.pk/assets/document/13-Mar-2026.pdf,pdf,4669.0,,
main,trade-in-securities,repo-secondary-market-trading-volume,daily,2026,Repo Secondary Market Trading Volume - 16-Mar-2026,2026-03-16,16-Mar-2026.pdf,https://www.sbp.org.pk/assets/document/16-Mar-2026.pdf,pdf,5386.0,,
main,trade-in-securities,sec-market-trans-in-govt-securities-among-banks-and-primary-dealers,,2020,Sec Market Trans in Govt Securities among Banks and Primary Dealers,2020-12-04,maturitywise_banks.pdf,https://www.sbp.org.pk/assets/document/maturitywise_banks.pdf,pdf,3717.0,,
main,trade-in-securities,sec-markettrans-in-govt-securities-of-the-banks-pds-with-non-banks,,2020,Sec MarketTrans in Govt Securities of the Banks/PDs with Non-Banks,2020-12-04,maturitywise_nb.pdf,https://www.sbp.org.pk/assets/document/maturitywise_nb.pdf,pdf,4086.0,,
main,trade-in-securities,trading-volumes-of-government-securities-cumulative,monthly,2026,Trading Volumes of Government Securities-Cumulative -Feb-2026,,CTV-Feb-2026.pdf,https://www.sbp.org.pk/assets/document/CTV-Feb-2026.pdf,pdf,24003.0,,
main,trade-in-securities,trading-volumes-of-government-securities-cumulative,monthly,2026,Trading Volumes of Government Securities-Cumulative - Jan-2026,,CTV-Jan-2026.pdf,https://www.sbp.org.pk/assets/document/CTV-Jan-2026.pdf,pdf,26644.0,,
main,trade-in-securities,trading-volumes-of-government-securities-cumulative,monthly,2026,Trading Volumes of Government Securities-Cumulative -Mar-2026,,CTV-Mar-2026.pdf,https://www.sbp.org.pk/assets/document/CTV-Mar-2026.pdf,pdf,25723.0,,
main,trade-in-securities,trading-volumes-of-government-securities-cumulative,monthly,2026,Trading Volumes of Government Securities-Cumulative -April-2026,,CTV-Apr-2026.pdf,https://www.sbp.org.pk/assets/document/CTV-Apr-2026.pdf,pdf,25620.0,,
main,trade-in-securities,trading-volumes-of-government-securities-cumulative,monthly,2025,Trading Volumes of Government Securities-Cumulative - Dec-2025,,CTV-DEC-2025.pdf,https://www.sbp.org.pk/assets/document/CTV-DEC-2025.pdf,pdf,21780.0,,
main,trade-in-securities,trading-volumes-of-government-securities-cumulative,monthly,2025,Trading Volumes of Government Securities-Cumulative - Nov - 2026,,CTV-NOV-2025.pdf,https://www.sbp.org.pk/assets/document/CTV-NOV-2025.pdf,pdf,19374.0,,
main,trade-in-securities,trading-volumes-of-government-securities-cumulative,monthly,2025,Trading Volumes of Government Securities-Cumulative - Oct - 2025,,CTV-OCT-2025.pdf,https://www.sbp.org.pk/assets/document/CTV-OCT-2025.pdf,pdf,22221.0,,
main,trade-in-securities,trading-volumes-of-government-securities-cumulative,daily,2026,Trading Volumes of Government Securities-Cumulative,2026-05-18,Cumulative-TVGS.pdf,https://www.sbp.org.pk/assets/document/Cumulative-TVGS.pdf,pdf,17951.0,,
main,trade-in-securities,trading-volumes-of-government-securities-ebnd-daily,daily,2023,Trading Volumes of Government Securities - EBND (Daily),2023-12-21,EBND.pdf,https://www.sbp.org.pk/assets/document/EBND.pdf,pdf,77701.0,,
