source_id,dataset,publisher,theme,series,unit,frequency,start,end,n_obs,page
pbs_energy_sdmx,"Oil and energy indicators (PBS, SDMX)",pbs,energy,"Economic Activity, Oil Production, Crude, Barrels [AOMPC_BBL]",thousand barrels,monthly,2022-01-31,2026-04-30,50,https://www.pbs.gov.pk/
pbs_energy_sdmx,"Oil and energy indicators (PBS, SDMX)",pbs,energy,"Pakistan Definition, Industrial Production, Production of Crude Oil, Natural Gas and Electricity, Alternate Energy, Gigawatt Hours [PAK_ORSI_AE_GWH]",GWh,monthly,2022-01-31,2026-04-30,50,https://www.pbs.gov.pk/
pbs_energy_sdmx,"Oil and energy indicators (PBS, SDMX)",pbs,energy,"Pakistan Definition, Industrial Production, Production of Crude Oil, Natural Gas and Electricity, Hydel, Gigawatt Hours [PAK_ORSI_H_GWH]",GWh,monthly,2022-01-31,2026-04-30,50,https://www.pbs.gov.pk/
pbs_energy_sdmx,"Oil and energy indicators (PBS, SDMX)",pbs,energy,"Pakistan Definition, Industrial Production, Production of Crude Oil, Natural Gas and Electricity, Natural Gas (MCFT), Thousand Cubic Feet [PAK_ORSI_NG_1000FC]",thousand units,monthly,2022-01-31,2026-04-30,50,https://www.pbs.gov.pk/
pbs_energy_sdmx,"Oil and energy indicators (PBS, SDMX)",pbs,energy,"Pakistan Definition, Industrial Production, Production of Crude Oil, Natural Gas and Electricity, Nuclear, Gigawatt Hours [PAK_ORSI_N_GWH]",GWh,monthly,2022-01-31,2026-04-30,50,https://www.pbs.gov.pk/
pbs_energy_sdmx,"Oil and energy indicators (PBS, SDMX)",pbs,energy,"Pakistan Definition, Industrial Production, Production of Crude Oil, Natural Gas and Electricity, Thermal, Gigawatt Hours [PAK_ORSI_T_GWH]",GWh,monthly,2022-01-31,2026-04-30,50,https://www.pbs.gov.pk/
pbs_energy_sdmx,"Oil and energy indicators (PBS, SDMX)",pbs,energy,"Pakistan Definition, Industrial Production, Production of Crude Oil, Natural Gas and Electricity, Total ( Elec. Gen. in (GWH)), Gigawatt Hours [PAK_ORSI_EG_GWH]",GWh,monthly,2022-01-31,2026-04-30,50,https://www.pbs.gov.pk/
pbs_merchandise_trade_sdmx,"Merchandise trade, monthly (PBS, SDMX)",pbs,external,"External Trade, Exports, Goods, Value, By Central Product Classification (CPC) Version 2.1, Agriculture, forestry and fishery products, Fish and other fishing products, Free on Board, National Currency [TXG_CPC21_04_FOB_XDC]",million PKR,monthly,2008-01-31,2026-05-31,221,https://www.pbs.gov.pk/external-trade-statistics/
pbs_merchandise_trade_sdmx,"Merchandise trade, monthly (PBS, SDMX)",pbs,external,"External Trade, Exports, Goods, Value, By Central Product Classification (CPC) Version 2.1, Agriculture, forestry and fishery products, Free on Board, National Currency [TXG_CPC21_0_FOB_XDC]",million PKR,monthly,2008-01-31,2026-05-31,221,https://www.pbs.gov.pk/external-trade-statistics/
pbs_merchandise_trade_sdmx,"Merchandise trade, monthly (PBS, SDMX)",pbs,external,"External Trade, Exports, Goods, Value, By Central Product Classification (CPC) Version 2.1, Food products, beverages and tobacco; textiles, apparel and leather products, Free on Board, National Currency [TXG_CPC21_2_FOB_XDC]",million PKR,monthly,2008-01-31,2026-05-31,221,https://www.pbs.gov.pk/external-trade-statistics/
pbs_merchandise_trade_sdmx,"Merchandise trade, monthly (PBS, SDMX)",pbs,external,"External Trade, Exports, Goods, Value, By Central Product Classification (CPC) Version 2.1, Food products, beverages and tobacco; textiles, apparel and leather products, Yarn and thread; woven and tufted textile fabrics, Natural textile fibres prepared for spinning, Cotton, carded or combed, Free on Board, National Currency [TXG_CPC21_2616_FOB_XDC]",million PKR,monthly,2008-01-31,2026-05-31,221,https://www.pbs.gov.pk/external-trade-statistics/
pbs_merchandise_trade_sdmx,"Merchandise trade, monthly (PBS, SDMX)",pbs,external,"External Trade, Exports, Goods, Value, Free on Board, National Currency [TXG_FOB_XDC]",million PKR,monthly,2008-01-31,2026-05-31,221,https://www.pbs.gov.pk/external-trade-statistics/
pbs_merchandise_trade_sdmx,"Merchandise trade, monthly (PBS, SDMX)",pbs,external,"External Trade, Imports, Goods, Value, By Central Product Classification (CPC) Version 2.1, Metal products, machinery and equipment, Transport equipment, Cost Insurance Freight (CIF) adjustment, National Currency [TMG_CPC21_49_CIF_XDC]",million PKR,monthly,2008-01-31,2026-05-31,221,https://www.pbs.gov.pk/external-trade-statistics/
pbs_merchandise_trade_sdmx,"Merchandise trade, monthly (PBS, SDMX)",pbs,external,"External Trade, Imports, Goods, Value, Cost, Insurance, Freight, National Currency [TMG_CIF_XDC]",million PKR,monthly,2008-01-31,2026-05-31,221,https://www.pbs.gov.pk/external-trade-statistics/
pbs_merchandise_trade_sdmx,"Merchandise trade, monthly (PBS, SDMX)",pbs,external,MET,million units,monthly,2022-04-30,2022-04-30,1,https://www.pbs.gov.pk/external-trade-statistics/
pbs_merchandise_trade_sdmx,"Merchandise trade, monthly (PBS, SDMX)",pbs,external,"Merchandise Trade,  Total imports, Miscellaneous Group, Paper & paper products, National Currency [TMG_CPC21_32_CIF_XDC]",million PKR,monthly,2008-01-31,2026-05-31,221,https://www.pbs.gov.pk/external-trade-statistics/
pbs_merchandise_trade_sdmx,"Merchandise trade, monthly (PBS, SDMX)",pbs,external,"Merchandise Trade,  Total imports, Miscellaneous Group, Tyres & tubes, National Currency [TMG_CPC21_361_CIF_XDC]",million PKR,monthly,2008-01-31,2026-05-31,221,https://www.pbs.gov.pk/external-trade-statistics/
pbs_merchandise_trade_sdmx,"Merchandise trade, monthly (PBS, SDMX)",pbs,external,"Merchandise Trade, Total Exports, by Group/Commodities, Other Manufactures, Carpets, carpeting, rugs & mats, National Currency [TXG_CPC21_272_FOB_XDC]",million PKR,monthly,2008-01-31,2026-05-31,221,https://www.pbs.gov.pk/external-trade-statistics/
pbs_merchandise_trade_sdmx,"Merchandise trade, monthly (PBS, SDMX)",pbs,external,"Merchandise Trade, Total Exports, by Group/Commodities, Other Manufactures, Footwear, National Currency [TXG_CPC21_29_FOB_XDC]",million PKR,monthly,2008-01-31,2026-05-31,221,https://www.pbs.gov.pk/external-trade-statistics/
pbs_merchandise_trade_sdmx,"Merchandise trade, monthly (PBS, SDMX)",pbs,external,"Merchandise Trade, Total Exports, by Group/Commodities, Other Manufactures, Leather, National Currency [TXG_CPC21_2824_FOB_XDC]",million PKR,monthly,2008-01-31,2026-05-31,221,https://www.pbs.gov.pk/external-trade-statistics/
pbs_merchandise_trade_sdmx,"Merchandise trade, monthly (PBS, SDMX)",pbs,external,"Merchandise Trade, Total Exports, by Group/Commodities, Other Manufactures, Petroleum products, National Currency [TXG_CPC21_33_FOB_XDC]",million PKR,monthly,2008-01-31,2026-05-31,221,https://www.pbs.gov.pk/external-trade-statistics/
pbs_merchandise_trade_sdmx,"Merchandise trade, monthly (PBS, SDMX)",pbs,external,"Merchandise Trade, Total Exports, by Group/Commodities, Other Manufactures, Sports goods (excl. toys), National Currency [TXG_CPC21_384_FOB_XDC]",million PKR,monthly,2008-01-31,2026-05-31,221,https://www.pbs.gov.pk/external-trade-statistics/
pbs_merchandise_trade_sdmx,"Merchandise trade, monthly (PBS, SDMX)",pbs,external,"Merchandise Trade, Total Exports, by Group/Commodities, Other Manufactures, Surgical instruments, National Currency [TXG_CPC21_35290_FOB_XDC]",million PKR,monthly,2008-01-31,2026-05-31,221,https://www.pbs.gov.pk/external-trade-statistics/
pbs_merchandise_trade_sdmx,"Merchandise trade, monthly (PBS, SDMX)",pbs,external,"Merchandise Trade, Total Exports, by Group/Commodities, Primary Commodities  Fruits,vegetables & preparation thereof, National Currency [TXG_CPC21_012T001990_FOB_XDC]",million PKR,monthly,2008-01-31,2026-05-31,221,https://www.pbs.gov.pk/external-trade-statistics/
pbs_merchandise_trade_sdmx,"Merchandise trade, monthly (PBS, SDMX)",pbs,external,"Merchandise Trade, Total Exports, by Group/Commodities, Primary Commodities  Raw wool, National Currency [TXG_CPC21_2613_FOB_XDC]",million PKR,monthly,2008-01-31,2026-05-31,221,https://www.pbs.gov.pk/external-trade-statistics/
pbs_merchandise_trade_sdmx,"Merchandise trade, monthly (PBS, SDMX)",pbs,external,"Merchandise Trade, Total Exports, by Group/Commodities, Primary Commodities  Tobacco un-manufactured, National Currency [TXG_CPC21_2501_FOB_XDC]",million PKR,monthly,2008-01-31,2026-05-31,221,https://www.pbs.gov.pk/external-trade-statistics/
pbs_merchandise_trade_sdmx,"Merchandise trade, monthly (PBS, SDMX)",pbs,external,"Merchandise Trade, Total Exports, by Group/Commodities, Textile Manufactures, Articles of apparel and clothing accessories (excl. knitwear), National Currency [TXG_CPC21_26_FOB_XDC]",million PKR,monthly,2008-01-31,2026-05-31,221,https://www.pbs.gov.pk/external-trade-statistics/
pbs_merchandise_trade_sdmx,"Merchandise trade, monthly (PBS, SDMX)",pbs,external,"Merchandise Trade, Total Exports, by Group/Commodities, Textile Manufactures, Cotton yarn, National Currency [TXG_CPC21_2636_FOB_XDC]",million PKR,monthly,2008-01-31,2026-05-31,221,https://www.pbs.gov.pk/external-trade-statistics/
pbs_merchandise_trade_sdmx,"Merchandise trade, monthly (PBS, SDMX)",pbs,external,"Merchandise Trade, Total Exports, by Group/Commodities, Textile Manufactures, Knitwear, National Currency [TXG_CPC21_281_FOB_XDC]",million PKR,monthly,2008-01-31,2026-05-31,221,https://www.pbs.gov.pk/external-trade-statistics/
pbs_merchandise_trade_sdmx,"Merchandise trade, monthly (PBS, SDMX)",pbs,external,"Merchandise Trade, Total Exports, by Group/Commodities, Textile Manufactures, National Currency [TXG_CPC21_27_FOB_XDC]",million PKR,monthly,2008-01-31,2026-05-31,221,https://www.pbs.gov.pk/external-trade-statistics/
pbs_merchandise_trade_sdmx,"Merchandise trade, monthly (PBS, SDMX)",pbs,external,"Merchandise Trade, Total Exports, by Group/Commodities, Textile Manufactures, Synthetic textile fabrics, National Currency [TXG_CPC21_2621_FOB_XDC]",million PKR,monthly,2008-01-31,2026-05-31,221,https://www.pbs.gov.pk/external-trade-statistics/
pbs_merchandise_trade_sdmx,"Merchandise trade, monthly (PBS, SDMX)",pbs,external,"Merchandise Trade, Total Exports, by Group/Commodities, Textile Manufactures, Synthetic textile fabrics, Tarpaulin &other canvas goods, National Currency [TXG_CPC21_2716_FOB_XDC]",million PKR,monthly,2008-01-31,2026-05-31,221,https://www.pbs.gov.pk/external-trade-statistics/
pbs_merchandise_trade_sdmx,"Merchandise trade, monthly (PBS, SDMX)",pbs,external,"Merchandise Trade, Total Exports, by Group/Commodities, Textile Manufactures, Textile made up (excl. towels & bed wear, National Currency [PAK_MET_TXG_FOB_TM_TMU_XDC]",million PKR,monthly,2008-01-31,2026-05-31,221,https://www.pbs.gov.pk/external-trade-statistics/
pbs_merchandise_trade_sdmx,"Merchandise trade, monthly (PBS, SDMX)",pbs,external,"Merchandise Trade, Total Imports, by Group/Commodities,  Food Group, National Currency [TMG_CPC21_2_CIF_XDC]",million PKR,monthly,2008-01-31,2026-05-31,221,https://www.pbs.gov.pk/external-trade-statistics/
pbs_merchandise_trade_sdmx,"Merchandise trade, monthly (PBS, SDMX)",pbs,external,"Merchandise Trade, Total Imports, by Group/Commodities,  Milk & milk food for infants, National Currency [TMG_CPC21_2221T22229_CIF_XDC]",million PKR,monthly,2008-01-31,2026-05-31,221,https://www.pbs.gov.pk/external-trade-statistics/
pbs_merchandise_trade_sdmx,"Merchandise trade, monthly (PBS, SDMX)",pbs,external,"Merchandise Trade, Total Imports, by Group/Commodities,  Palm oil, National Currency [TMG_CPC21_2165_CIF_XDC]",million PKR,monthly,2008-01-31,2026-05-31,221,https://www.pbs.gov.pk/external-trade-statistics/
pbs_merchandise_trade_sdmx,"Merchandise trade, monthly (PBS, SDMX)",pbs,external,"Merchandise Trade, Total Imports, by Group/Commodities,  Pulses, National Currency [TMG_CPC21_213_CIF_XDC]",million PKR,monthly,2008-01-31,2026-05-31,221,https://www.pbs.gov.pk/external-trade-statistics/
pbs_merchandise_trade_sdmx,"Merchandise trade, monthly (PBS, SDMX)",pbs,external,"Merchandise Trade, Total Imports, by Group/Commodities,  Soyabean oil, National Currency [TMG_CPC21_2161_CIF_XDC]",million PKR,monthly,2008-01-31,2026-05-31,221,https://www.pbs.gov.pk/external-trade-statistics/
pbs_merchandise_trade_sdmx,"Merchandise trade, monthly (PBS, SDMX)",pbs,external,"Merchandise Trade, Total Imports, by Group/Commodities,  Tea, National Currency [TMG_CPC21_0162_CIF_XDC]",million PKR,monthly,2008-01-31,2026-05-31,221,https://www.pbs.gov.pk/external-trade-statistics/
pbs_merchandise_trade_sdmx,"Merchandise trade, monthly (PBS, SDMX)",pbs,external,"Merchandise Trade, Total exports, by Group/Commodities, Primary Commodities, Rice, National Currency [TXG_CPC21_0113_FOB_XDC]",million PKR,monthly,2008-01-31,2026-05-31,221,https://www.pbs.gov.pk/external-trade-statistics/
pbs_merchandise_trade_sdmx,"Merchandise trade, monthly (PBS, SDMX)",pbs,external,"Merchandise Trade, Total imports, Chemical Group, Fertilizer manufactured, National Currency [TMG_CPC21_161_CIF_XDC]",million PKR,monthly,2008-01-31,2026-05-31,221,https://www.pbs.gov.pk/external-trade-statistics/
pbs_merchandise_trade_sdmx,"Merchandise trade, monthly (PBS, SDMX)",pbs,external,"Merchandise Trade, Total imports, Chemical Group, Insecticide, National Currency [TMG_CPC21_3466_CIF_XDC]",million PKR,monthly,2008-01-31,2026-05-31,221,https://www.pbs.gov.pk/external-trade-statistics/
pbs_merchandise_trade_sdmx,"Merchandise trade, monthly (PBS, SDMX)",pbs,external,"Merchandise Trade, Total imports, Chemical Group, Medicinal products, National Currency [TMG_CPC21_352_CIF_XDC]",million PKR,monthly,2008-01-31,2026-05-31,221,https://www.pbs.gov.pk/external-trade-statistics/
pbs_merchandise_trade_sdmx,"Merchandise trade, monthly (PBS, SDMX)",pbs,external,"Merchandise Trade, Total imports, Chemical Group, National Currency [TMG_CPC21_34_CIF_XDC]",million PKR,monthly,2008-01-31,2026-05-31,221,https://www.pbs.gov.pk/external-trade-statistics/
pbs_merchandise_trade_sdmx,"Merchandise trade, monthly (PBS, SDMX)",pbs,external,"Merchandise Trade, Total imports, Machinery & Trans. Group, Machinery, National Currency [TMG_CPC21_43T47_CIF_XDC]",million PKR,monthly,2008-01-31,2026-05-31,221,https://www.pbs.gov.pk/external-trade-statistics/
pbs_merchandise_trade_sdmx,"Merchandise trade, monthly (PBS, SDMX)",pbs,external,"Merchandise Trade, Total imports, Machinery & Trans. Group, National Currency [TMG_CPC21_3_CIF_XDC]",million PKR,monthly,2008-01-31,2026-05-31,221,https://www.pbs.gov.pk/external-trade-statistics/
pbs_merchandise_trade_sdmx,"Merchandise trade, monthly (PBS, SDMX)",pbs,external,"Merchandise Trade, Total imports, Metal Group, Iron & steel scrap, National Currency [TMG_CPC21_3931_CIF_XDC]",million PKR,monthly,2008-01-31,2026-05-31,221,https://www.pbs.gov.pk/external-trade-statistics/
pbs_merchandise_trade_sdmx,"Merchandise trade, monthly (PBS, SDMX)",pbs,external,"Merchandise Trade, Total imports, Metal Group, Iron & steel, National Currency [TMG_CPC21_412_CIF_XDC]",million PKR,monthly,2008-01-31,2026-05-31,221,https://www.pbs.gov.pk/external-trade-statistics/
pbs_merchandise_trade_sdmx,"Merchandise trade, monthly (PBS, SDMX)",pbs,external,"Merchandise Trade, Total imports, Metal Group, National Currency [TMG_CPC21_14_CIF_XDC]",million PKR,monthly,2008-01-31,2026-05-31,221,https://www.pbs.gov.pk/external-trade-statistics/
pbs_merchandise_trade_sdmx,"Merchandise trade, monthly (PBS, SDMX)",pbs,external,"Merchandise Trade, Total imports, Petroleum Group, Petroleum crude, National Currency [TMG_CPC21_1201_CIF_XDC]",million PKR,monthly,2008-01-31,2026-05-31,221,https://www.pbs.gov.pk/external-trade-statistics/
pbs_merchandise_trade_sdmx,"Merchandise trade, monthly (PBS, SDMX)",pbs,external,"Merchandise Trade, Total imports, by Economic Category, Capital Goods, National Currency [TMGK_CIF_XDC]",million PKR,monthly,2008-01-31,2026-05-31,221,https://www.pbs.gov.pk/external-trade-statistics/
pbs_merchandise_trade_sdmx,"Merchandise trade, monthly (PBS, SDMX)",pbs,external,"Merchandise Trade, Total imports, by Economic Category, Consumer Goods, National Currency [TMGC_CIF_XDC]",million PKR,monthly,2008-01-31,2026-05-31,221,https://www.pbs.gov.pk/external-trade-statistics/
pbs_merchandise_trade_sdmx,"Merchandise trade, monthly (PBS, SDMX)",pbs,external,"Merchandise Trade, Total imports,Textile Group, National Currency [TMG_CPC21_26_CIF_XDC]",million PKR,monthly,2008-01-31,2026-05-31,221,https://www.pbs.gov.pk/external-trade-statistics/
pbs_merchandise_trade_sdmx,"Merchandise trade, monthly (PBS, SDMX)",pbs,external,"Merchandise Trade, Total imports,Textile GroupSynthetic fibre, National Currency [TMG_CPC21_2643_CIF_XDC]",million PKR,monthly,2008-01-31,2026-05-31,221,https://www.pbs.gov.pk/external-trade-statistics/
pbs_merchandise_trade_sdmx,"Merchandise trade, monthly (PBS, SDMX)",pbs,external,"Pakistan Definition, Merchandise Trade,  Total Exports, by Economic Category, Manufactured Goods, National Currency [PAK_MET_TXG_FOB_EC_MG_XDC]",million PKR,monthly,2008-01-31,2026-05-31,221,https://www.pbs.gov.pk/external-trade-statistics/
pbs_merchandise_trade_sdmx,"Merchandise trade, monthly (PBS, SDMX)",pbs,external,"Pakistan Definition, Merchandise Trade,  Total Exports, by Economic Category, Primary Commodities, National Currency [PAK_MET_TXG_FOB_EC_PC_XDC]",million PKR,monthly,2008-01-31,2026-05-31,221,https://www.pbs.gov.pk/external-trade-statistics/
pbs_merchandise_trade_sdmx,"Merchandise trade, monthly (PBS, SDMX)",pbs,external,"Pakistan Definition, Merchandise Trade,  Total Exports, by Economic Category, Semi-Manufactures, National Currency [PAK_MET_TXG_FOB_EC_SM_XDC]",million PKR,monthly,2008-01-31,2026-05-31,221,https://www.pbs.gov.pk/external-trade-statistics/
pbs_merchandise_trade_sdmx,"Merchandise trade, monthly (PBS, SDMX)",pbs,external,"Pakistan Definition, Merchandise Trade,  Total Exports, by Group/Commodities, Others, National Currency [PAK_MET_TXG_FOB_O_XDC]",million PKR,monthly,2008-01-31,2026-05-31,221,https://www.pbs.gov.pk/external-trade-statistics/
pbs_merchandise_trade_sdmx,"Merchandise trade, monthly (PBS, SDMX)",pbs,external,"Pakistan Definition, Merchandise Trade, Total Exports, by Group/Commodities, Other Manufactures, National Currency [PAK_MET_TXG_FOB_OM_XDC]",million PKR,monthly,2008-01-31,2026-05-31,221,https://www.pbs.gov.pk/external-trade-statistics/
pbs_merchandise_trade_sdmx,"Merchandise trade, monthly (PBS, SDMX)",pbs,external,"Pakistan Definition, Merchandise Trade, Total Exports, by Group/Commodities, Primary Commodities  Fish & fish preparation, Raw cotton (excl. linters), National Currency [PAK_MET_TXG_FOB_PC_RC_XDC]",million PKR,monthly,2008-01-31,2026-05-31,221,https://www.pbs.gov.pk/external-trade-statistics/
pbs_merchandise_trade_sdmx,"Merchandise trade, monthly (PBS, SDMX)",pbs,external,"Pakistan Definition, Merchandise Trade, Total Exports, by Group/Commodities, Textile Manufactures, Bedwear, National Currency [PAK_MET_TXG_FOB_TM_B_XDC]",million PKR,monthly,2008-01-31,2026-05-31,221,https://www.pbs.gov.pk/external-trade-statistics/
pbs_merchandise_trade_sdmx,"Merchandise trade, monthly (PBS, SDMX)",pbs,external,"Pakistan Definition, Merchandise Trade, Total Exports, by Group/Commodities, Textile Manufactures, Towels, National Currency [PAK_MET_TXG_FOB_TM_T_XDC]",million PKR,monthly,2008-01-31,2026-05-31,221,https://www.pbs.gov.pk/external-trade-statistics/
pbs_merchandise_trade_sdmx,"Merchandise trade, monthly (PBS, SDMX)",pbs,external,"Pakistan Definition, Merchandise Trade, Total imports, Chemical Group, Chemicals (excl. 2, 3 & 4), National Currency [PAK_MET_TMG_CIF_CG_C_XDC]",million PKR,monthly,2008-01-31,2026-05-31,221,https://www.pbs.gov.pk/external-trade-statistics/
pbs_merchandise_trade_sdmx,"Merchandise trade, monthly (PBS, SDMX)",pbs,external,"Pakistan Definition, Merchandise Trade, Total imports, Miscellaneous Group, National Currency [PAK_MET_TMG_CIF_MIG_XDC]",million PKR,monthly,2008-01-31,2026-05-31,221,https://www.pbs.gov.pk/external-trade-statistics/
pbs_merchandise_trade_sdmx,"Merchandise trade, monthly (PBS, SDMX)",pbs,external,"Pakistan Definition, Merchandise Trade, Total imports, Others, National Currency [PAK_MET_TMG_CIF_MIG_O_XDC]",million PKR,monthly,2008-01-31,2026-05-31,221,https://www.pbs.gov.pk/external-trade-statistics/
pbs_merchandise_trade_sdmx,"Merchandise trade, monthly (PBS, SDMX)",pbs,external,"Pakistan Definition, Merchandise Trade, Total imports, Petroleum Group, National Currency [PAK_MET_TMG_CIF_PG_XDC]",million PKR,monthly,2008-01-31,2026-05-31,221,https://www.pbs.gov.pk/external-trade-statistics/
pbs_merchandise_trade_sdmx,"Merchandise trade, monthly (PBS, SDMX)",pbs,external,"Pakistan Definition, Merchandise Trade, Total imports, Petroleum Group, Petroleum products, National Currency [PAK_MET_TMG_CIF_PG_PP_XDC]",million PKR,monthly,2008-01-31,2026-05-31,221,https://www.pbs.gov.pk/external-trade-statistics/
pbs_merchandise_trade_sdmx,"Merchandise trade, monthly (PBS, SDMX)",pbs,external,"Pakistan Definition, Merchandise Trade, Total imports, by Economic Category, Raw Material For Capital Goods, National Currency [PAK_MET_TMG_CIF_EC_RMKG_XDC]",million PKR,monthly,2008-01-31,2026-05-31,221,https://www.pbs.gov.pk/external-trade-statistics/
pbs_merchandise_trade_sdmx,"Merchandise trade, monthly (PBS, SDMX)",pbs,external,"Pakistan Definition, Merchandise Trade, Total imports, by Economic Category, Raw Material For Consumer Goods, National Currency [PAK_MET_TMG_CIF_EC_RMCG_XDC]",million PKR,monthly,2008-01-31,2026-05-31,221,https://www.pbs.gov.pk/external-trade-statistics/
pbs_merchandise_trade_sdmx,"Merchandise trade, monthly (PBS, SDMX)",pbs,external,"Pakistan Definition, Merchandise Trade, Total imports,Textile Group, Synthetic & artificial silk yarn, National Currency [PAK_MET_TMG_CIF_TG_SASY_XDC]",million PKR,monthly,2008-01-31,2026-05-31,221,https://www.pbs.gov.pk/external-trade-statistics/
pbs_trade_services_summary,Monthly summary on trade in services (PBS),pbs,external,Balance of Trade (services),million USD,monthly,2025-03-31,2026-06-30,7,https://www.pbs.gov.pk/external-trade-statistics/
pbs_trade_services_summary,Monthly summary on trade in services (PBS),pbs,external,Balance of Trade (services) (cumulative Jul-to-date),million USD,monthly,2025-03-31,2026-06-30,7,https://www.pbs.gov.pk/external-trade-statistics/
pbs_trade_services_summary,Monthly summary on trade in services (PBS),pbs,external,Exports (services),million USD,monthly,2025-03-31,2026-06-30,7,https://www.pbs.gov.pk/external-trade-statistics/
pbs_trade_services_summary,Monthly summary on trade in services (PBS),pbs,external,Exports (services) (cumulative Jul-to-date),million USD,monthly,2025-03-31,2026-06-30,7,https://www.pbs.gov.pk/external-trade-statistics/
pbs_trade_services_summary,Monthly summary on trade in services (PBS),pbs,external,Imports (services),million USD,monthly,2025-03-31,2026-06-30,7,https://www.pbs.gov.pk/external-trade-statistics/
pbs_trade_services_summary,Monthly summary on trade in services (PBS),pbs,external,Imports (services) (cumulative Jul-to-date),million USD,monthly,2025-03-31,2026-06-30,7,https://www.pbs.gov.pk/external-trade-statistics/
pbs_trade_summary_monthly,Monthly summary on merchandise trade (PBS),pbs,external,Balance of Trade (goods),million USD,monthly,2025-04-30,2026-07-31,8,https://www.pbs.gov.pk/external-trade-statistics/
pbs_trade_summary_monthly,Monthly summary on merchandise trade (PBS),pbs,external,Balance of Trade (goods) (cumulative Jul-to-date),million USD,monthly,2025-04-30,2026-06-30,7,https://www.pbs.gov.pk/external-trade-statistics/
pbs_trade_summary_monthly,Monthly summary on merchandise trade (PBS),pbs,external,Exports (goods),million USD,monthly,2025-04-30,2026-07-31,8,https://www.pbs.gov.pk/external-trade-statistics/
pbs_trade_summary_monthly,Monthly summary on merchandise trade (PBS),pbs,external,Exports (goods) (cumulative Jul-to-date),million USD,monthly,2025-04-30,2026-06-30,7,https://www.pbs.gov.pk/external-trade-statistics/
pbs_trade_summary_monthly,Monthly summary on merchandise trade (PBS),pbs,external,Imports (goods),million USD,monthly,2025-04-30,2026-07-31,8,https://www.pbs.gov.pk/external-trade-statistics/
pbs_trade_summary_monthly,Monthly summary on merchandise trade (PBS),pbs,external,Imports (goods) (cumulative Jul-to-date),million USD,monthly,2025-04-30,2026-06-30,7,https://www.pbs.gov.pk/external-trade-statistics/
sbp_balance_of_trade,"Exports, imports and balance of trade (BOP basis)",sbp,external,Balance of Trade [a-c],million USD,monthly,1970-07-31,2026-06-30,672,https://www.sbp.org.pk/ecodata/index2.asp
sbp_balance_of_trade,"Exports, imports and balance of trade (BOP basis)",sbp,external,Balance of Trade [a-c] (annual),million USD,annual,1971-06-30,2026-06-30,56,https://www.sbp.org.pk/ecodata/index2.asp
sbp_balance_of_trade,"Exports, imports and balance of trade (BOP basis)",sbp,external,Balance of Trade [b-d],million USD,monthly,1970-07-31,2026-06-30,672,https://www.sbp.org.pk/ecodata/index2.asp
sbp_balance_of_trade,"Exports, imports and balance of trade (BOP basis)",sbp,external,Exports (BOP) Cumulative [b],million USD,monthly,1970-07-31,2026-06-30,672,https://www.sbp.org.pk/ecodata/index2.asp
sbp_balance_of_trade,"Exports, imports and balance of trade (BOP basis)",sbp,external,Exports (BOP) Growth Rate [Monthly],%,monthly,1970-08-31,2026-06-30,671,https://www.sbp.org.pk/ecodata/index2.asp
sbp_balance_of_trade,"Exports, imports and balance of trade (BOP basis)",sbp,external,Exports (BOP) Growth Rate [Period to Period],%,monthly,1971-07-31,2026-06-30,660,https://www.sbp.org.pk/ecodata/index2.asp
sbp_balance_of_trade,"Exports, imports and balance of trade (BOP basis)",sbp,external,Exports (BOP) Growth Rate [Period to Period] (annual),%,annual,1972-06-30,2026-06-30,55,https://www.sbp.org.pk/ecodata/index2.asp
sbp_balance_of_trade,"Exports, imports and balance of trade (BOP basis)",sbp,external,Exports (BOP) Value [a],million USD,monthly,1970-07-31,2026-06-30,672,https://www.sbp.org.pk/ecodata/index2.asp
sbp_balance_of_trade,"Exports, imports and balance of trade (BOP basis)",sbp,external,Exports (BOP) Value [a] (annual),million USD,annual,1971-06-30,2026-06-30,56,https://www.sbp.org.pk/ecodata/index2.asp
sbp_balance_of_trade,"Exports, imports and balance of trade (BOP basis)",sbp,external,Imports (BOP) Cumulative [d],million USD,monthly,1970-07-31,2026-06-30,672,https://www.sbp.org.pk/ecodata/index2.asp
sbp_balance_of_trade,"Exports, imports and balance of trade (BOP basis)",sbp,external,Imports (BOP) Growth Rate [Monthly],%,monthly,1970-08-31,2026-06-30,671,https://www.sbp.org.pk/ecodata/index2.asp
sbp_balance_of_trade,"Exports, imports and balance of trade (BOP basis)",sbp,external,Imports (BOP) Growth Rate [Period to Period],%,monthly,1971-07-31,2026-06-30,660,https://www.sbp.org.pk/ecodata/index2.asp
sbp_balance_of_trade,"Exports, imports and balance of trade (BOP basis)",sbp,external,Imports (BOP) Growth Rate [Period to Period] (annual),%,annual,1972-06-30,2026-06-30,55,https://www.sbp.org.pk/ecodata/index2.asp
sbp_balance_of_trade,"Exports, imports and balance of trade (BOP basis)",sbp,external,Imports (BOP) Value [c],million USD,monthly,1970-07-31,2026-06-30,672,https://www.sbp.org.pk/ecodata/index2.asp
sbp_balance_of_trade,"Exports, imports and balance of trade (BOP basis)",sbp,external,Imports (BOP) Value [c] (annual),million USD,annual,1971-06-30,2026-06-30,56,https://www.sbp.org.pk/ecodata/index2.asp
sbp_forex_reserves,Liquid foreign exchange reserves (SBP + banks),sbp,external,Reserves with SBP,million USD,weekly,1999-06-30,2026-07-31,746,https://www.sbp.org.pk/ecodata/index2.asp
sbp_forex_reserves,Liquid foreign exchange reserves (SBP + banks),sbp,external,Reserves with banks,million USD,weekly,1999-06-30,2026-07-31,746,https://www.sbp.org.pk/ecodata/index2.asp
sbp_forex_reserves,Liquid foreign exchange reserves (SBP + banks),sbp,external,Total liquid FX reserves,million USD,weekly,1999-06-30,2026-07-31,746,https://www.sbp.org.pk/ecodata/index2.asp
sbp_reer_neer,Nominal and real effective exchange rate indices (NEER / REER),sbp,external,NEER,index (2010 = 100),monthly,2013-01-31,2023-12-31,132,https://www.sbp.org.pk/economic-data
sbp_reer_neer,Nominal and real effective exchange rate indices (NEER / REER),sbp,external,NEER (fiscal-year average),index (2010 = 100),annual,2013-06-30,2023-06-30,11,https://www.sbp.org.pk/economic-data
sbp_reer_neer,Nominal and real effective exchange rate indices (NEER / REER),sbp,external,NEER — change over previous period,%,monthly,2013-02-28,2023-12-31,131,https://www.sbp.org.pk/economic-data
sbp_reer_neer,Nominal and real effective exchange rate indices (NEER / REER),sbp,external,NEER — change over previous period (fiscal-year average),%,annual,2014-06-30,2023-06-30,10,https://www.sbp.org.pk/economic-data
sbp_reer_neer,Nominal and real effective exchange rate indices (NEER / REER),sbp,external,REER,index (2010 = 100),monthly,2013-01-31,2023-12-31,132,https://www.sbp.org.pk/economic-data
sbp_reer_neer,Nominal and real effective exchange rate indices (NEER / REER),sbp,external,REER (fiscal-year average),index (2010 = 100),annual,2013-06-30,2023-06-30,11,https://www.sbp.org.pk/economic-data
sbp_reer_neer,Nominal and real effective exchange rate indices (NEER / REER),sbp,external,REER — change over previous period,%,monthly,2013-02-28,2023-12-31,131,https://www.sbp.org.pk/economic-data
sbp_reer_neer,Nominal and real effective exchange rate indices (NEER / REER),sbp,external,REER — change over previous period (fiscal-year average),%,annual,2014-06-30,2023-06-30,10,https://www.sbp.org.pk/economic-data
sbp_workers_remittances,Country-wise workers' remittances,sbp,external,Abu Dhabi,million USD,monthly,1972-07-31,2026-06-30,648,https://www.sbp.org.pk/ecodata/index2.asp
sbp_workers_remittances,Country-wise workers' remittances,sbp,external,Australia,million USD,monthly,1972-07-31,2026-06-30,648,https://www.sbp.org.pk/ecodata/index2.asp
sbp_workers_remittances,Country-wise workers' remittances,sbp,external,Bahrain,million USD,monthly,2018-07-31,2026-06-30,96,https://www.sbp.org.pk/ecodata/index2.asp
sbp_workers_remittances,Country-wise workers' remittances,sbp,external,Behrain,million USD,monthly,1972-07-31,2018-06-30,552,https://www.sbp.org.pk/ecodata/index2.asp
sbp_workers_remittances,Country-wise workers' remittances,sbp,external,Belgium,million USD,monthly,1972-07-31,2026-06-30,648,https://www.sbp.org.pk/ecodata/index2.asp
sbp_workers_remittances,Country-wise workers' remittances,sbp,external,Canada,million USD,monthly,1972-07-31,2026-06-30,648,https://www.sbp.org.pk/ecodata/index2.asp
sbp_workers_remittances,Country-wise workers' remittances,sbp,external,Cash Flow,million USD,monthly,1972-07-31,2018-06-30,552,https://www.sbp.org.pk/ecodata/index2.asp
sbp_workers_remittances,Country-wise workers' remittances,sbp,external,Denmark,million USD,monthly,1972-07-31,2026-06-30,648,https://www.sbp.org.pk/ecodata/index2.asp
sbp_workers_remittances,Country-wise workers' remittances,sbp,external,Dubai,million USD,monthly,1972-07-31,2026-06-30,648,https://www.sbp.org.pk/ecodata/index2.asp
sbp_workers_remittances,Country-wise workers' remittances,sbp,external,EU Countries,million USD,monthly,2018-07-31,2026-06-30,96,https://www.sbp.org.pk/ecodata/index2.asp
sbp_workers_remittances,Country-wise workers' remittances,sbp,external,EU Countryies,million USD,monthly,1972-07-31,2018-06-30,552,https://www.sbp.org.pk/ecodata/index2.asp
sbp_workers_remittances,Country-wise workers' remittances,sbp,external,Encashment and Profit in Pak.Rs. of Foreign Exchange Bearer Certificates (FEBCs) & Foreign Currency Bearer Certificates (FCBCs),million USD,monthly,1972-07-31,2018-06-30,530,https://www.sbp.org.pk/ecodata/index2.asp
sbp_workers_remittances,Country-wise workers' remittances,sbp,external,France,million USD,monthly,1972-07-31,2026-06-30,648,https://www.sbp.org.pk/ecodata/index2.asp
sbp_workers_remittances,Country-wise workers' remittances,sbp,external,Germany,million USD,monthly,1972-07-31,2026-06-30,648,https://www.sbp.org.pk/ecodata/index2.asp
sbp_workers_remittances,Country-wise workers' remittances,sbp,external,Greece,million USD,monthly,1972-07-31,2026-06-30,648,https://www.sbp.org.pk/ecodata/index2.asp
sbp_workers_remittances,Country-wise workers' remittances,sbp,external,Ireland,million USD,monthly,1972-07-31,2026-06-30,648,https://www.sbp.org.pk/ecodata/index2.asp
sbp_workers_remittances,Country-wise workers' remittances,sbp,external,Italy,million USD,monthly,1972-07-31,2026-06-30,648,https://www.sbp.org.pk/ecodata/index2.asp
sbp_workers_remittances,Country-wise workers' remittances,sbp,external,Japan,million USD,monthly,1972-07-31,2026-06-30,648,https://www.sbp.org.pk/ecodata/index2.asp
sbp_workers_remittances,Country-wise workers' remittances,sbp,external,Kuwait,million USD,monthly,1972-07-31,2026-06-30,648,https://www.sbp.org.pk/ecodata/index2.asp
sbp_workers_remittances,Country-wise workers' remittances,sbp,external,Malaysia*,million USD,monthly,2018-07-31,2026-06-30,96,https://www.sbp.org.pk/ecodata/index2.asp
sbp_workers_remittances,Country-wise workers' remittances,sbp,external,Netherland,million USD,monthly,1972-07-31,2026-06-30,648,https://www.sbp.org.pk/ecodata/index2.asp
sbp_workers_remittances,Country-wise workers' remittances,sbp,external,Norway,million USD,monthly,1972-07-31,2026-06-30,648,https://www.sbp.org.pk/ecodata/index2.asp
sbp_workers_remittances,Country-wise workers' remittances,sbp,external,Other Countries#,million USD,monthly,2018-07-31,2026-06-30,96,https://www.sbp.org.pk/ecodata/index2.asp
sbp_workers_remittances,Country-wise workers' remittances,sbp,external,Other GCC Countries,million USD,monthly,1972-07-31,2026-06-30,648,https://www.sbp.org.pk/ecodata/index2.asp
sbp_workers_remittances,Country-wise workers' remittances,sbp,external,Others,million USD,monthly,1972-07-31,2026-06-30,648,https://www.sbp.org.pk/ecodata/index2.asp
sbp_workers_remittances,Country-wise workers' remittances,sbp,external,Others Countries,million USD,monthly,1972-07-31,2018-06-30,552,https://www.sbp.org.pk/ecodata/index2.asp
sbp_workers_remittances,Country-wise workers' remittances,sbp,external,Qatar,million USD,monthly,1972-07-31,2026-06-30,648,https://www.sbp.org.pk/ecodata/index2.asp
sbp_workers_remittances,Country-wise workers' remittances,sbp,external,Saudi Arabia,million USD,monthly,1972-07-31,2026-06-30,648,https://www.sbp.org.pk/ecodata/index2.asp
sbp_workers_remittances,Country-wise workers' remittances,sbp,external,Sharjah,million USD,monthly,1972-07-31,2026-06-30,648,https://www.sbp.org.pk/ecodata/index2.asp
sbp_workers_remittances,Country-wise workers' remittances,sbp,external,South Africa*,million USD,monthly,2018-07-31,2026-06-30,96,https://www.sbp.org.pk/ecodata/index2.asp
sbp_workers_remittances,Country-wise workers' remittances,sbp,external,South Korea*,million USD,monthly,2018-07-31,2026-06-30,96,https://www.sbp.org.pk/ecodata/index2.asp
sbp_workers_remittances,Country-wise workers' remittances,sbp,external,Spain,million USD,monthly,1972-07-31,2026-06-30,648,https://www.sbp.org.pk/ecodata/index2.asp
sbp_workers_remittances,Country-wise workers' remittances,sbp,external,Sweden,million USD,monthly,1972-07-31,2026-06-30,648,https://www.sbp.org.pk/ecodata/index2.asp
sbp_workers_remittances,Country-wise workers' remittances,sbp,external,Switzerland,million USD,monthly,1972-07-31,2026-06-30,648,https://www.sbp.org.pk/ecodata/index2.asp
sbp_workers_remittances,Country-wise workers' remittances,sbp,external,Total,million USD,monthly,2018-07-31,2026-06-30,96,https://www.sbp.org.pk/ecodata/index2.asp
sbp_workers_remittances,Country-wise workers' remittances,sbp,external,Total (I+II),million USD,monthly,1972-07-31,2018-06-30,552,https://www.sbp.org.pk/ecodata/index2.asp
sbp_workers_remittances,Country-wise workers' remittances,sbp,external,U.A.E.,million USD,monthly,1972-07-31,2026-06-30,648,https://www.sbp.org.pk/ecodata/index2.asp
sbp_workers_remittances,Country-wise workers' remittances,sbp,external,U.K.,million USD,monthly,1972-07-31,2026-06-30,648,https://www.sbp.org.pk/ecodata/index2.asp
mof_central_govt_operations_sdmx,"Central Government Operations (Ministry of Finance, SDMX)",mof,fiscal,PAK_CGO_NR_GR_TR_S_CL_XDC,million PKR,quarterly,2023-09-30,2025-03-31,7,https://www.finance.gov.pk/fiscal_operations.html
mof_central_govt_operations_sdmx,"Central Government Operations (Ministry of Finance, SDMX)",mof,fiscal,PAK_CGO_NR_GR_TR_S_NAL_XDC,million PKR,quarterly,2023-09-30,2025-03-31,7,https://www.finance.gov.pk/fiscal_operations.html
mof_central_govt_operations_sdmx,"Central Government Operations (Ministry of Finance, SDMX)",mof,fiscal,PAK_CGO_NR_GR_TR_S_OTG_XDC,million PKR,quarterly,2023-09-30,2025-03-31,7,https://www.finance.gov.pk/fiscal_operations.html
mof_central_govt_operations_sdmx,"Central Government Operations (Ministry of Finance, SDMX)",mof,fiscal,PAK_CGO_NR_GR_TR_S_XDC,million PKR,quarterly,2016-09-30,2025-03-31,35,https://www.finance.gov.pk/fiscal_operations.html
mof_central_govt_operations_sdmx,"Central Government Operations (Ministry of Finance, SDMX)",mof,fiscal,"Pakistan Definition,Central Government Operations, Expenditure, Current Expenditure, Defense, National Currency [PAK_CGO_E_CE_D_XDC]",million PKR,quarterly,2016-09-30,2025-03-31,35,https://www.finance.gov.pk/fiscal_operations.html
mof_central_govt_operations_sdmx,"Central Government Operations (Ministry of Finance, SDMX)",mof,fiscal,"Pakistan Definition,Central Government Operations, Expenditure, Current Expenditure, Grants, National Currency [PAK_CGO_E_CE_G_XDC]",million PKR,quarterly,2016-09-30,2025-03-31,35,https://www.finance.gov.pk/fiscal_operations.html
mof_central_govt_operations_sdmx,"Central Government Operations (Ministry of Finance, SDMX)",mof,fiscal,"Pakistan Definition,Central Government Operations, Expenditure, Current Expenditure, Grants, of which: provinces, National Currency [PAK_CGO_E_CE_G_P_XDC]",million PKR,quarterly,2016-09-30,2025-03-31,35,https://www.finance.gov.pk/fiscal_operations.html
mof_central_govt_operations_sdmx,"Central Government Operations (Ministry of Finance, SDMX)",mof,fiscal,"Pakistan Definition,Central Government Operations, Expenditure, Current Expenditure, Interest payments, Domestic, National Currency [PAK_CGO_E_CE_IP_D_XDC]",million PKR,quarterly,2016-09-30,2025-03-31,35,https://www.finance.gov.pk/fiscal_operations.html
mof_central_govt_operations_sdmx,"Central Government Operations (Ministry of Finance, SDMX)",mof,fiscal,"Pakistan Definition,Central Government Operations, Expenditure, Current Expenditure, Interest payments, External, National Currency [PAK_CGO_E_CE_IP_E_XDC]",million PKR,quarterly,2016-09-30,2025-03-31,35,https://www.finance.gov.pk/fiscal_operations.html
mof_central_govt_operations_sdmx,"Central Government Operations (Ministry of Finance, SDMX)",mof,fiscal,"Pakistan Definition,Central Government Operations, Expenditure, Current Expenditure, Interest payments, National Currency [PAK_CGO_E_CE_IP_XDC]",million PKR,quarterly,2016-09-30,2025-03-31,35,https://www.finance.gov.pk/fiscal_operations.html
mof_central_govt_operations_sdmx,"Central Government Operations (Ministry of Finance, SDMX)",mof,fiscal,"Pakistan Definition,Central Government Operations, Expenditure, Current Expenditure, National Currency [PAK_CGO_E_CE_XDC]",million PKR,quarterly,2016-09-30,2025-03-31,35,https://www.finance.gov.pk/fiscal_operations.html
mof_central_govt_operations_sdmx,"Central Government Operations (Ministry of Finance, SDMX)",mof,fiscal,"Pakistan Definition,Central Government Operations, Expenditure, Current Expenditure, Pensions (civil and defense), National Currency [PAK_CGO_E_CE_P_XDC]",million PKR,quarterly,2016-09-30,2025-03-31,35,https://www.finance.gov.pk/fiscal_operations.html
mof_central_govt_operations_sdmx,"Central Government Operations (Ministry of Finance, SDMX)",mof,fiscal,"Pakistan Definition,Central Government Operations, Expenditure, Current Expenditure, Running of civil government, National Currency [PAK_CGO_E_CE_RCG_XDC]",million PKR,quarterly,2016-09-30,2025-03-31,35,https://www.finance.gov.pk/fiscal_operations.html
mof_central_govt_operations_sdmx,"Central Government Operations (Ministry of Finance, SDMX)",mof,fiscal,"Pakistan Definition,Central Government Operations, Expenditure, Current Expenditure, Subsidies, National Currency [PAK_CGO_E_CE_S_XDC]",million PKR,quarterly,2016-09-30,2025-03-31,35,https://www.finance.gov.pk/fiscal_operations.html
mof_central_govt_operations_sdmx,"Central Government Operations (Ministry of Finance, SDMX)",mof,fiscal,"Pakistan Definition,Central Government Operations, Expenditure, Current Expenditure, Unidentified (statistical descrepency), National Currency [PAK_CGO_E_CE_U_XDC]",million PKR,quarterly,2016-09-30,2025-03-31,35,https://www.finance.gov.pk/fiscal_operations.html
mof_central_govt_operations_sdmx,"Central Government Operations (Ministry of Finance, SDMX)",mof,fiscal,"Pakistan Definition,Central Government Operations, Expenditure, National Currency [PAK_CGO_E_XDC]",million PKR,quarterly,2016-09-30,2025-03-31,35,https://www.finance.gov.pk/fiscal_operations.html
mof_central_govt_operations_sdmx,"Central Government Operations (Ministry of Finance, SDMX)",mof,fiscal,"Pakistan Definition,Central Government Operations, Expenditure, Net lending, Investment and loans, National Currency [PAK_CGO_E_NL_IL_XDC]",million PKR,quarterly,2016-09-30,2025-03-31,35,https://www.finance.gov.pk/fiscal_operations.html
mof_central_govt_operations_sdmx,"Central Government Operations (Ministry of Finance, SDMX)",mof,fiscal,"Pakistan Definition,Central Government Operations, Expenditure, Net lending, National Currency [PAK_CGO_E_NL_XDC]",million PKR,quarterly,2016-09-30,2025-03-31,35,https://www.finance.gov.pk/fiscal_operations.html
mof_central_govt_operations_sdmx,"Central Government Operations (Ministry of Finance, SDMX)",mof,fiscal,"Pakistan Definition,Central Government Operations, Expenditure, Net lending, Net to provinces, National Currency [PAK_CGO_E_NL_NP_XDC]",million PKR,quarterly,2016-09-30,2025-03-31,35,https://www.finance.gov.pk/fiscal_operations.html
mof_central_govt_operations_sdmx,"Central Government Operations (Ministry of Finance, SDMX)",mof,fiscal,"Pakistan Definition,Central Government Operations, Expenditure, Net lending, Overall balance (excluding grants), National Currency [PAK_CGO_OBEG_XDC]",million PKR,quarterly,2016-09-30,2025-03-31,35,https://www.finance.gov.pk/fiscal_operations.html
mof_central_govt_operations_sdmx,"Central Government Operations (Ministry of Finance, SDMX)",mof,fiscal,"Pakistan Definition,Central Government Operations, Expenditure, Net lending, Recovery of principal, National Currency [PAK_CGO_E_NL_RP_XDC]",million PKR,quarterly,2016-09-30,2025-03-31,35,https://www.finance.gov.pk/fiscal_operations.html
mof_central_govt_operations_sdmx,"Central Government Operations (Ministry of Finance, SDMX)",mof,fiscal,"Pakistan Definition,Central Government Operations, Expenditure, PSDP, National Currency [PAK_CGO_E_PDSP_XDC]",million PKR,quarterly,2016-09-30,2025-03-31,35,https://www.finance.gov.pk/fiscal_operations.html
mof_central_govt_operations_sdmx,"Central Government Operations (Ministry of Finance, SDMX)",mof,fiscal,"Pakistan Definition,Central Government Operations, Financing, Domestic, Bank, National Currency [PAK_CGO_F_D_B_XDC]",million PKR,quarterly,2016-09-30,2025-03-31,35,https://www.finance.gov.pk/fiscal_operations.html
mof_central_govt_operations_sdmx,"Central Government Operations (Ministry of Finance, SDMX)",mof,fiscal,"Pakistan Definition,Central Government Operations, Financing, Domestic, National Currency [PAK_CGO_F_D_XDC]",million PKR,quarterly,2016-09-30,2025-03-31,35,https://www.finance.gov.pk/fiscal_operations.html
mof_central_govt_operations_sdmx,"Central Government Operations (Ministry of Finance, SDMX)",mof,fiscal,"Pakistan Definition,Central Government Operations, Financing, Domestic, Nonbank, National Currency [PAK_CGO_F_D_NB_XDC]",million PKR,quarterly,2016-09-30,2025-03-31,35,https://www.finance.gov.pk/fiscal_operations.html
mof_central_govt_operations_sdmx,"Central Government Operations (Ministry of Finance, SDMX)",mof,fiscal,"Pakistan Definition,Central Government Operations, Financing, External (incl. privatization), National Currency [PAK_CGO_F_E_XDC]",million PKR,quarterly,2016-09-30,2025-03-31,35,https://www.finance.gov.pk/fiscal_operations.html
mof_central_govt_operations_sdmx,"Central Government Operations (Ministry of Finance, SDMX)",mof,fiscal,"Pakistan Definition,Central Government Operations, Financing, National Currency [PAK_CGO_F_XDC]",million PKR,quarterly,2016-09-30,2025-03-31,35,https://www.finance.gov.pk/fiscal_operations.html
mof_central_govt_operations_sdmx,"Central Government Operations (Ministry of Finance, SDMX)",mof,fiscal,"Pakistan Definition,Central Government Operations, Financing, Privatization, National Currency [PAK_CGO_F_P_XDC]",million PKR,quarterly,2016-09-30,2025-03-31,35,https://www.finance.gov.pk/fiscal_operations.html
mof_central_govt_operations_sdmx,"Central Government Operations (Ministry of Finance, SDMX)",mof,fiscal,"Pakistan Definition,Central Government Operations, Memorandum items: Net external receipts, Gross external receipts, Grants, National Currency [PAK_CGO_MI_NER_GER_G_XDC]",million PKR,quarterly,2016-09-30,2025-03-31,35,https://www.finance.gov.pk/fiscal_operations.html
mof_central_govt_operations_sdmx,"Central Government Operations (Ministry of Finance, SDMX)",mof,fiscal,"Pakistan Definition,Central Government Operations, Memorandum items: Net external receipts, Gross external receipts, Loans, Commodity aid (non-food)/programme loans, National Currency [PAK_CGO_MI_NER_GER_L_CA_XDC]",million PKR,quarterly,2016-09-30,2025-03-31,35,https://www.finance.gov.pk/fiscal_operations.html
mof_central_govt_operations_sdmx,"Central Government Operations (Ministry of Finance, SDMX)",mof,fiscal,"Pakistan Definition,Central Government Operations, Memorandum items: Net external receipts, Gross external receipts, Loans, Other aid, National Currency [PAK_CGO_MI_NER_GER_L_OA_XDC]",million PKR,quarterly,2016-09-30,2025-03-31,35,https://www.finance.gov.pk/fiscal_operations.html
mof_central_govt_operations_sdmx,"Central Government Operations (Ministry of Finance, SDMX)",mof,fiscal,"Pakistan Definition,Central Government Operations, Memorandum items: Net external receipts, Gross external receipts, Loans, Project aid, National Currency [PAK_CGO_MI_NER_GER_L_PA_XDC]",million PKR,quarterly,2016-09-30,2025-03-31,35,https://www.finance.gov.pk/fiscal_operations.html
mof_central_govt_operations_sdmx,"Central Government Operations (Ministry of Finance, SDMX)",mof,fiscal,"Pakistan Definition,Central Government Operations, Memorandum items: Net external receipts, Gross external receipts, National Currency [PAK_CGO_MI_NER_GER_XDC]",million PKR,quarterly,2016-09-30,2025-03-31,35,https://www.finance.gov.pk/fiscal_operations.html
mof_central_govt_operations_sdmx,"Central Government Operations (Ministry of Finance, SDMX)",mof,fiscal,"Pakistan Definition,Central Government Operations, Memorandum items: Net external receipts, Gross external receipts, Others, National Currency [PAK_CGO_MI_NER_GER_O_XDC]",million PKR,quarterly,2016-09-30,2025-03-31,35,https://www.finance.gov.pk/fiscal_operations.html
mof_central_govt_operations_sdmx,"Central Government Operations (Ministry of Finance, SDMX)",mof,fiscal,"Pakistan Definition,Central Government Operations, Memorandum items: Net external receipts, National Currency [PAK_CGO_MI_NER_XDC]",million PKR,quarterly,2016-09-30,2025-03-31,35,https://www.finance.gov.pk/fiscal_operations.html
mof_central_govt_operations_sdmx,"Central Government Operations (Ministry of Finance, SDMX)",mof,fiscal,"Pakistan Definition,Central Government Operations, Memorandum items: Net external receipts, Repayments, National Currency [PAK_CGO_MI_NER_R_XDC]",million PKR,quarterly,2016-09-30,2025-03-31,35,https://www.finance.gov.pk/fiscal_operations.html
mof_central_govt_operations_sdmx,"Central Government Operations (Ministry of Finance, SDMX)",mof,fiscal,"Pakistan Definition,Central Government Operations, Net Revenue, Gross Revenue, National Currency [PAK_CGO_NR_GR_XDC]",million PKR,quarterly,2016-09-30,2025-03-31,35,https://www.finance.gov.pk/fiscal_operations.html
mof_central_govt_operations_sdmx,"Central Government Operations (Ministry of Finance, SDMX)",mof,fiscal,"Pakistan Definition,Central Government Operations, Net Revenue, Gross Revenue, Tax revenue, National Currency [PAK_CGO_NR_GR_TR_XDC]",million PKR,quarterly,2016-09-30,2025-03-31,35,https://www.finance.gov.pk/fiscal_operations.html
mof_central_govt_operations_sdmx,"Central Government Operations (Ministry of Finance, SDMX)",mof,fiscal,"Pakistan Definition,Central Government Operations, Net Revenue, Gross revenue , Nontax Revenue, Civil Administration, Defense receipts, National Currency [PAK_CGO_NR_GR_NTR_CA_DR_XDC]",million PKR,quarterly,2016-09-30,2025-03-31,35,https://www.finance.gov.pk/fiscal_operations.html
mof_central_govt_operations_sdmx,"Central Government Operations (Ministry of Finance, SDMX)",mof,fiscal,"Pakistan Definition,Central Government Operations, Net Revenue, Gross revenue , Nontax Revenue, Civil Administration, National Currency [PAK_CGO_NR_GR_NTR_CA_XDC]",million PKR,quarterly,2016-09-30,2025-03-31,35,https://www.finance.gov.pk/fiscal_operations.html
mof_central_govt_operations_sdmx,"Central Government Operations (Ministry of Finance, SDMX)",mof,fiscal,"Pakistan Definition,Central Government Operations, Net Revenue, Gross revenue , Nontax Revenue, Civil Administration, Others, National Currency [PAK_CGO_NR_GR_NTR_CA_O_XDC]",million PKR,quarterly,2016-09-30,2025-03-31,35,https://www.finance.gov.pk/fiscal_operations.html
mof_central_govt_operations_sdmx,"Central Government Operations (Ministry of Finance, SDMX)",mof,fiscal,"Pakistan Definition,Central Government Operations, Net Revenue, Gross revenue , Nontax Revenue, Civil Administration, Profit of SBP, National Currency [PAK_CGO_NR_GR_NTR_CA_PSBP_XDC]",million PKR,quarterly,2016-09-30,2025-03-31,35,https://www.finance.gov.pk/fiscal_operations.html
mof_central_govt_operations_sdmx,"Central Government Operations (Ministry of Finance, SDMX)",mof,fiscal,"Pakistan Definition,Central Government Operations, Net Revenue, Gross revenue , Nontax Revenue, Miscellaneous receipts, Airport tax, National Currency [PAK_CGO_NR_GR_NTR_MR_AT_XDC]",million PKR,quarterly,2016-09-30,2025-03-31,35,https://www.finance.gov.pk/fiscal_operations.html
mof_central_govt_operations_sdmx,"Central Government Operations (Ministry of Finance, SDMX)",mof,fiscal,"Pakistan Definition,Central Government Operations, Net Revenue, Gross revenue , Nontax Revenue, Miscellaneous receipts, National Currency [PAK_CGO_NR_GR_NTR_MR_XDC]",million PKR,quarterly,2016-09-30,2025-03-31,35,https://www.finance.gov.pk/fiscal_operations.html
mof_central_govt_operations_sdmx,"Central Government Operations (Ministry of Finance, SDMX)",mof,fiscal,"Pakistan Definition,Central Government Operations, Net Revenue, Gross revenue , Nontax Revenue, Miscellaneous receipts, Others, National Currency [PAK_CGO_NR_GR_NTR_MR_O_XDC]",million PKR,quarterly,2016-09-30,2025-03-31,35,https://www.finance.gov.pk/fiscal_operations.html
mof_central_govt_operations_sdmx,"Central Government Operations (Ministry of Finance, SDMX)",mof,fiscal,"Pakistan Definition,Central Government Operations, Net Revenue, Gross revenue , Nontax Revenue, Miscellaneous receipts, Passport fee, National Currency [PAK_CGO_NR_GR_NTR_MR_PF_XDC]",million PKR,quarterly,2016-09-30,2025-03-31,35,https://www.finance.gov.pk/fiscal_operations.html
mof_central_govt_operations_sdmx,"Central Government Operations (Ministry of Finance, SDMX)",mof,fiscal,"Pakistan Definition,Central Government Operations, Net Revenue, Gross revenue , Nontax Revenue, Miscellaneous receipts, Royalty on oil/gas, National Currency [PAK_CGO_NR_GR_NTR_MR_ROG_XDC]",million PKR,quarterly,2016-09-30,2025-03-31,35,https://www.finance.gov.pk/fiscal_operations.html
mof_central_govt_operations_sdmx,"Central Government Operations (Ministry of Finance, SDMX)",mof,fiscal,"Pakistan Definition,Central Government Operations, Net Revenue, Gross revenue , Nontax Revenue, National Currency [PAK_CGO_NR_GR_NTR_XDC]",million PKR,quarterly,2016-09-30,2025-03-31,35,https://www.finance.gov.pk/fiscal_operations.html
mof_central_govt_operations_sdmx,"Central Government Operations (Ministry of Finance, SDMX)",mof,fiscal,"Pakistan Definition,Central Government Operations, Net Revenue, Gross revenue , Nontax Revenue, Property and enterprises, Dividends, National Currency [PAK_CGO_NR_GR_NTR_PE_D_XDC]",million PKR,quarterly,2016-09-30,2025-03-31,35,https://www.finance.gov.pk/fiscal_operations.html
mof_central_govt_operations_sdmx,"Central Government Operations (Ministry of Finance, SDMX)",mof,fiscal,"Pakistan Definition,Central Government Operations, Net Revenue, Gross revenue , Nontax Revenue, Property and enterprises, Interest from PSEs, National Currency [PAK_CGO_NR_GR_NTR_PE_IFPS_XDC]",million PKR,quarterly,2016-09-30,2025-03-31,35,https://www.finance.gov.pk/fiscal_operations.html
mof_central_govt_operations_sdmx,"Central Government Operations (Ministry of Finance, SDMX)",mof,fiscal,"Pakistan Definition,Central Government Operations, Net Revenue, Gross revenue , Nontax Revenue, Property and enterprises, Interest from provinces, National Currency [PAK_CGO_NR_GR_NTR_PE_IFP_XDC]",million PKR,quarterly,2016-09-30,2025-03-31,35,https://www.finance.gov.pk/fiscal_operations.html
mof_central_govt_operations_sdmx,"Central Government Operations (Ministry of Finance, SDMX)",mof,fiscal,"Pakistan Definition,Central Government Operations, Net Revenue, Gross revenue , Nontax Revenue, Property and enterprises, National Currency [PAK_CGO_NR_GR_NTR_PE_XDC]",million PKR,quarterly,2016-09-30,2025-03-31,35,https://www.finance.gov.pk/fiscal_operations.html
mof_central_govt_operations_sdmx,"Central Government Operations (Ministry of Finance, SDMX)",mof,fiscal,"Pakistan Definition,Central Government Operations, Net Revenue, Gross revenue , Nontax Revenue, Property and enterprises, Profits from Post Office/PTA, National Currency [PAK_CGO_NR_GR_NTR_PE_PFPO_XDC]",million PKR,quarterly,2016-09-30,2025-03-31,35,https://www.finance.gov.pk/fiscal_operations.html
mof_central_govt_operations_sdmx,"Central Government Operations (Ministry of Finance, SDMX)",mof,fiscal,"Pakistan Definition,Central Government Operations, Net Revenue, Gross revenue , Tax Revenue, FBR revenue, Direct Taxes, National Currency [PAK_CGO_NR_GR_TR_CBRR_DT_XDC]",million PKR,quarterly,2016-09-30,2025-03-31,35,https://www.finance.gov.pk/fiscal_operations.html
mof_central_govt_operations_sdmx,"Central Government Operations (Ministry of Finance, SDMX)",mof,fiscal,"Pakistan Definition,Central Government Operations, Net Revenue, Gross revenue , Tax Revenue, FBR revenue, Indirect Taxes, Customs duty, National Currency [PAK_CGO_NR_GR_TR_CBRR_IT_CD_XDC]",million PKR,quarterly,2016-09-30,2025-03-31,35,https://www.finance.gov.pk/fiscal_operations.html
mof_central_govt_operations_sdmx,"Central Government Operations (Ministry of Finance, SDMX)",mof,fiscal,"Pakistan Definition,Central Government Operations, Net Revenue, Gross revenue , Tax Revenue, FBR revenue, Indirect Taxes, National Currency [PAK_CGO_NR_GR_TR_CBRR_IT_XDC]",million PKR,quarterly,2016-09-30,2025-03-31,35,https://www.finance.gov.pk/fiscal_operations.html
mof_central_govt_operations_sdmx,"Central Government Operations (Ministry of Finance, SDMX)",mof,fiscal,"Pakistan Definition,Central Government Operations, Net Revenue, Gross revenue , Tax Revenue, FBR revenue, Indirect taxes, Customs duty, Federal excise, National Currency [PAK_CGO_NR_GR_TR_CBRR_IT_FE_XDC]",million PKR,quarterly,2016-09-30,2025-03-31,35,https://www.finance.gov.pk/fiscal_operations.html
mof_central_govt_operations_sdmx,"Central Government Operations (Ministry of Finance, SDMX)",mof,fiscal,"Pakistan Definition,Central Government Operations, Net Revenue, Gross revenue , Tax Revenue, FBR revenue, Indirect taxes, Customs duty, Sales tax, National Currency [PAK_CGO_NR_GR_TR_CBRR_IT_ST_XDC]",million PKR,quarterly,2016-09-30,2025-03-31,35,https://www.finance.gov.pk/fiscal_operations.html
mof_central_govt_operations_sdmx,"Central Government Operations (Ministry of Finance, SDMX)",mof,fiscal,"Pakistan Definition,Central Government Operations, Net Revenue, Gross revenue , Tax Revenue, FBR revenue, National Currency [PAK_CGO_NR_GR_TR_CBRR_XDC]",million PKR,quarterly,2016-09-30,2025-03-31,35,https://www.finance.gov.pk/fiscal_operations.html
mof_central_govt_operations_sdmx,"Central Government Operations (Ministry of Finance, SDMX)",mof,fiscal,"Pakistan Definition,Central Government Operations, Net Revenue, Gross revenue , Tax Revenue, Surcharges, Natural gas, National Currency [PAK_CGO_NR_GR_TR_S_NG_XDC]",million PKR,quarterly,2016-09-30,2025-03-31,35,https://www.finance.gov.pk/fiscal_operations.html
mof_central_govt_operations_sdmx,"Central Government Operations (Ministry of Finance, SDMX)",mof,fiscal,"Pakistan Definition,Central Government Operations, Net Revenue, Gross revenue , Tax Revenue, Surcharges, Petroleum, National Currency [PAK_CGO_NR_GR_TR_S_P_XDC]",million PKR,quarterly,2016-09-30,2025-03-31,35,https://www.finance.gov.pk/fiscal_operations.html
mof_central_govt_operations_sdmx,"Central Government Operations (Ministry of Finance, SDMX)",mof,fiscal,"Pakistan Definition,Central Government Operations, Net Revenue, National Currency [PAK_CGO_NR_XDC]",million PKR,quarterly,2016-09-30,2025-03-31,35,https://www.finance.gov.pk/fiscal_operations.html
mof_central_govt_operations_sdmx,"Central Government Operations (Ministry of Finance, SDMX)",mof,fiscal,"Pakistan Definition,Central Government Operations, Net Revenue, Provincial tax share, National Currency [PAK_CGO_NR_PTS_XDC]",million PKR,quarterly,2016-09-30,2025-03-31,35,https://www.finance.gov.pk/fiscal_operations.html
mof_central_govt_operations_sdmx,"Central Government Operations (Ministry of Finance, SDMX)",mof,fiscal,"Pakistan Definition,General Government Operations, Expenditure, Development expenditure and net lending, Public Sector Development Program (PSDP) 2/ ,Other development expenditure, National Currency [PAK_GGO_E_DENL_PSDP_ODE_XDC]",million PKR,quarterly,2016-09-30,2025-03-31,35,https://www.finance.gov.pk/fiscal_operations.html
mof_general_govt_operations_sdmx,"General Government Operations (Ministry of Finance, SDMX)",mof,fiscal,PAK_GGO_NR_GR_TR_S_CL_XDC,million PKR,quarterly,2024-06-30,2025-03-31,4,https://www.finance.gov.pk/fiscal_operations.html
mof_general_govt_operations_sdmx,"General Government Operations (Ministry of Finance, SDMX)",mof,fiscal,PAK_GGO_NR_GR_TR_S_NAL_XDC,million PKR,quarterly,2024-06-30,2025-03-31,4,https://www.finance.gov.pk/fiscal_operations.html
mof_general_govt_operations_sdmx,"General Government Operations (Ministry of Finance, SDMX)",mof,fiscal,PAK_GGO_NR_GR_TR_S_OTG_XDC,million PKR,quarterly,2023-09-30,2025-03-31,7,https://www.finance.gov.pk/fiscal_operations.html
mof_general_govt_operations_sdmx,"General Government Operations (Ministry of Finance, SDMX)",mof,fiscal,"Pakistan Definition,General Government Operations, Budget balance (excluding grants), National Currency [PAK_GGO_BBEG_XDC]",million PKR,quarterly,2016-09-30,2025-03-31,35,https://www.finance.gov.pk/fiscal_operations.html
mof_general_govt_operations_sdmx,"General Government Operations (Ministry of Finance, SDMX)",mof,fiscal,"Pakistan Definition,General Government Operations, Budget balance (including grants), Accrual budget balance (incl. IDP grants) 4/, National Currency [PAK_GGO_BBIG_XDC]",million PKR,quarterly,2016-09-30,2025-03-31,35,https://www.finance.gov.pk/fiscal_operations.html
mof_general_govt_operations_sdmx,"General Government Operations (Ministry of Finance, SDMX)",mof,fiscal,"Pakistan Definition,General Government Operations, Expenditure, Current expenditure, Federal, Civil government 1/Domestic Currency [PAK_GGO_E_CE_F_CG_XDC]",million PKR,quarterly,2016-09-30,2025-03-31,35,https://www.finance.gov.pk/fiscal_operations.html
mof_general_govt_operations_sdmx,"General Government Operations (Ministry of Finance, SDMX)",mof,fiscal,"Pakistan Definition,General Government Operations, Expenditure, Current expenditure, Federal, Defense 1/Domestic Currency [PAK_GGO_E_CE_F_D_XDC]",million PKR,quarterly,2016-09-30,2025-03-31,35,https://www.finance.gov.pk/fiscal_operations.html
mof_general_govt_operations_sdmx,"General Government Operations (Ministry of Finance, SDMX)",mof,fiscal,"Pakistan Definition,General Government Operations, Expenditure, Current expenditure, Federal, Grants, National Currency [PAK_GGO_E_CE_F_G_XDC]",million PKR,quarterly,2016-09-30,2025-03-31,35,https://www.finance.gov.pk/fiscal_operations.html
mof_general_govt_operations_sdmx,"General Government Operations (Ministry of Finance, SDMX)",mof,fiscal,"Pakistan Definition,General Government Operations, Expenditure, Current expenditure, Federal, Interest payments, Domestic, National Currency [PAK_GGO_E_CE_F_IP_D_XDC]",million PKR,quarterly,2016-09-30,2025-03-31,35,https://www.finance.gov.pk/fiscal_operations.html
mof_general_govt_operations_sdmx,"General Government Operations (Ministry of Finance, SDMX)",mof,fiscal,"Pakistan Definition,General Government Operations, Expenditure, Current expenditure, Federal, Interest payments, Foreign, National Currency [PAK_GGO_E_CE_F_IP_F_XDC]",million PKR,quarterly,2016-09-30,2025-03-31,35,https://www.finance.gov.pk/fiscal_operations.html
mof_general_govt_operations_sdmx,"General Government Operations (Ministry of Finance, SDMX)",mof,fiscal,"Pakistan Definition,General Government Operations, Expenditure, Current expenditure, Federal, Interest payments, National Currency [PAK_GGO_E_CE_F_IP_XDC]",million PKR,quarterly,2016-09-30,2025-03-31,35,https://www.finance.gov.pk/fiscal_operations.html
mof_general_govt_operations_sdmx,"General Government Operations (Ministry of Finance, SDMX)",mof,fiscal,"Pakistan Definition,General Government Operations, Expenditure, Current expenditure, Federal, National Currency [PAK_GGO_E_CE_F_XDC]",million PKR,quarterly,2016-09-30,2025-03-31,35,https://www.finance.gov.pk/fiscal_operations.html
mof_general_govt_operations_sdmx,"General Government Operations (Ministry of Finance, SDMX)",mof,fiscal,"Pakistan Definition,General Government Operations, Expenditure, Current expenditure, Federal, Pension (civil and military), National Currency [PAK_GGO_E_CE_F_P_XDC]",million PKR,quarterly,2016-09-30,2025-03-31,35,https://www.finance.gov.pk/fiscal_operations.html
mof_general_govt_operations_sdmx,"General Government Operations (Ministry of Finance, SDMX)",mof,fiscal,"Pakistan Definition,General Government Operations, Expenditure, Current expenditure, Federal, Subsidies, National Currency [PAK_GGO_E_CE_F_S_XDC]",million PKR,quarterly,2016-09-30,2025-03-31,35,https://www.finance.gov.pk/fiscal_operations.html
mof_general_govt_operations_sdmx,"General Government Operations (Ministry of Finance, SDMX)",mof,fiscal,"Pakistan Definition,General Government Operations, Expenditure, Current expenditure, National Currency [PAK_GGO_E_CE_XDC]",million PKR,quarterly,2016-09-30,2025-03-31,35,https://www.finance.gov.pk/fiscal_operations.html
mof_general_govt_operations_sdmx,"General Government Operations (Ministry of Finance, SDMX)",mof,fiscal,"Pakistan Definition,General Government Operations, Expenditure, Current expenditure, Provincial, National Currency [PAK_GGO_E_CE_P_XDC]",million PKR,quarterly,2016-09-30,2025-03-31,35,https://www.finance.gov.pk/fiscal_operations.html
mof_general_govt_operations_sdmx,"General Government Operations (Ministry of Finance, SDMX)",mof,fiscal,"Pakistan Definition,General Government Operations, Expenditure, Development expenditure and net lending, National Currency [PAK_GGO_E_DENL_XDC]",million PKR,quarterly,2016-09-30,2025-03-31,35,https://www.finance.gov.pk/fiscal_operations.html
mof_general_govt_operations_sdmx,"General Government Operations (Ministry of Finance, SDMX)",mof,fiscal,"Pakistan Definition,General Government Operations, Expenditure, Development expenditure and net lending, Net lending, National Currency [PAK_GGO_E_DENL_NL_XDC]",million PKR,quarterly,2016-09-30,2025-03-31,35,https://www.finance.gov.pk/fiscal_operations.html
mof_general_govt_operations_sdmx,"General Government Operations (Ministry of Finance, SDMX)",mof,fiscal,"Pakistan Definition,General Government Operations, Expenditure, Development expenditure and net lending, Public Sector Development Program (PSDP) 2/ ,Domestic Currency [PAK_GGO_E_DENL_PDSP_XDC]",million PKR,quarterly,2016-09-30,2025-03-31,35,https://www.finance.gov.pk/fiscal_operations.html
mof_general_govt_operations_sdmx,"General Government Operations (Ministry of Finance, SDMX)",mof,fiscal,"Pakistan Definition,General Government Operations, Expenditure, Development expenditure and net lending, Public Sector Development Program (PSDP) 2/ ,Federal 2/ Domestic Currency [PAK_GGO_E_DENL_PSDP_F_XDC]",million PKR,quarterly,2016-09-30,2025-03-31,35,https://www.finance.gov.pk/fiscal_operations.html
mof_general_govt_operations_sdmx,"General Government Operations (Ministry of Finance, SDMX)",mof,fiscal,"Pakistan Definition,General Government Operations, Expenditure, Development expenditure and net lending, Public Sector Development Program (PSDP) 2/ ,Other development expenditure, National Currency [PAK_GGO_E_DENL_PSDP_ODE_XDC]",million PKR,quarterly,2016-09-30,2025-03-31,35,https://www.finance.gov.pk/fiscal_operations.html
mof_general_govt_operations_sdmx,"General Government Operations (Ministry of Finance, SDMX)",mof,fiscal,"Pakistan Definition,General Government Operations, Expenditure, Development expenditure and net lending, Public Sector Development Program (PSDP) 2/ ,Provincial, National Currency [PAK_GGO_E_DENL_PSDP_P_XDC]",million PKR,quarterly,2016-09-30,2025-03-31,35,https://www.finance.gov.pk/fiscal_operations.html
mof_general_govt_operations_sdmx,"General Government Operations (Ministry of Finance, SDMX)",mof,fiscal,"Pakistan Definition,General Government Operations, Expenditure, National Currency [PAK_GGO_E_XDC]",million PKR,quarterly,2016-09-30,2025-03-31,35,https://www.finance.gov.pk/fiscal_operations.html
mof_general_govt_operations_sdmx,"General Government Operations (Ministry of Finance, SDMX)",mof,fiscal,"Pakistan Definition,General Government Operations, Financing, Bank, National Currency [PAK_GGO_F_B_XDC]",million PKR,quarterly,2016-09-30,2025-03-31,35,https://www.finance.gov.pk/fiscal_operations.html
mof_general_govt_operations_sdmx,"General Government Operations (Ministry of Finance, SDMX)",mof,fiscal,"Pakistan Definition,General Government Operations, Financing, Domestic, National Currency [PAK_GGO_F_D_XDC]",million PKR,quarterly,2016-09-30,2025-03-31,35,https://www.finance.gov.pk/fiscal_operations.html
mof_general_govt_operations_sdmx,"General Government Operations (Ministry of Finance, SDMX)",mof,fiscal,"Pakistan Definition,General Government Operations, Financing, External, National Currency [PAK_GGO_F_E_XDC]",million PKR,quarterly,2016-09-30,2025-03-31,35,https://www.finance.gov.pk/fiscal_operations.html
mof_general_govt_operations_sdmx,"General Government Operations (Ministry of Finance, SDMX)",mof,fiscal,"Pakistan Definition,General Government Operations, Financing, National Currency [PAK_GGO_F_XDC]",million PKR,quarterly,2016-09-30,2025-03-31,35,https://www.finance.gov.pk/fiscal_operations.html
mof_general_govt_operations_sdmx,"General Government Operations (Ministry of Finance, SDMX)",mof,fiscal,"Pakistan Definition,General Government Operations, Financing, Nonbank, National Currency [PAK_GGO_F_NB_XDC]",million PKR,quarterly,2016-09-30,2025-03-31,35,https://www.finance.gov.pk/fiscal_operations.html
mof_general_govt_operations_sdmx,"General Government Operations (Ministry of Finance, SDMX)",mof,fiscal,"Pakistan Definition,General Government Operations, Financing, Privatization proceeds, National Currency [PAK_GGO_F_PP_XDC]",million PKR,quarterly,2016-09-30,2025-03-31,35,https://www.finance.gov.pk/fiscal_operations.html
mof_general_govt_operations_sdmx,"General Government Operations (Ministry of Finance, SDMX)",mof,fiscal,"Pakistan Definition,General Government Operations, Memorandum items:, Primary balance (excluding grants), National Currency [PAK_GGO_MI_PBEG_XDC]",million PKR,quarterly,2016-09-30,2025-03-31,35,https://www.finance.gov.pk/fiscal_operations.html
mof_general_govt_operations_sdmx,"General Government Operations (Ministry of Finance, SDMX)",mof,fiscal,"Pakistan Definition,General Government Operations, Memorandum items:, Primary balance (including grants), National Currency [PAK_GGO_MI_PBIG_XDC]",million PKR,quarterly,2016-09-30,2025-03-31,35,https://www.finance.gov.pk/fiscal_operations.html
mof_general_govt_operations_sdmx,"General Government Operations (Ministry of Finance, SDMX)",mof,fiscal,"Pakistan Definition,General Government Operations, Statistical discrepancy, National Currency [PAK_GGO_SD_XDC]",million PKR,quarterly,2016-09-30,2025-03-31,35,https://www.finance.gov.pk/fiscal_operations.html
mof_general_govt_operations_sdmx,"General Government Operations (Ministry of Finance, SDMX)",mof,fiscal,"Pakistan Definition,General Government Operations,Revenue and grants, National Currency [PAK_GGO_RG_XDC]",million PKR,quarterly,2016-09-30,2025-03-31,35,https://www.finance.gov.pk/fiscal_operations.html
mof_general_govt_operations_sdmx,"General Government Operations (Ministry of Finance, SDMX)",mof,fiscal,"Pakistan Definition,General Government Operations,Revenue and grants, Revenue, National Currency [PAK_GGO_RG_R_XDC]",million PKR,quarterly,2016-09-30,2025-03-31,35,https://www.finance.gov.pk/fiscal_operations.html
mof_general_govt_operations_sdmx,"General Government Operations (Ministry of Finance, SDMX)",mof,fiscal,"Pakistan Definition,General Government Operations,Revenue and grants, Revenue, Nontax revenue, Federal, Defense receipts, National Currency [PAK_GGO_RG_R_NTR_F_DR_XDC]",million PKR,quarterly,2016-09-30,2025-03-31,35,https://www.finance.gov.pk/fiscal_operations.html
mof_general_govt_operations_sdmx,"General Government Operations (Ministry of Finance, SDMX)",mof,fiscal,"Pakistan Definition,General Government Operations,Revenue and grants, Revenue, Nontax revenue, Federal, Defense receipts, Other, National Currency [PAK_GGO_RG_R_NTR_F_DR_O_XDC]",million PKR,quarterly,2016-09-30,2025-03-31,35,https://www.finance.gov.pk/fiscal_operations.html
mof_general_govt_operations_sdmx,"General Government Operations (Ministry of Finance, SDMX)",mof,fiscal,"Pakistan Definition,General Government Operations,Revenue and grants, Revenue, Nontax revenue, Federal, National Currency [PAK_GGO_RG_R_NTR_F_XDC]",million PKR,quarterly,2016-09-30,2025-03-31,35,https://www.finance.gov.pk/fiscal_operations.html
mof_general_govt_operations_sdmx,"General Government Operations (Ministry of Finance, SDMX)",mof,fiscal,"Pakistan Definition,General Government Operations,Revenue and grants, Revenue, Nontax revenue, Federal, Oil and gas royalties, National Currency [PAK_GGO_RG_R_NTR_F_OGR_XDC]",million PKR,quarterly,2016-09-30,2025-03-31,35,https://www.finance.gov.pk/fiscal_operations.html
mof_general_govt_operations_sdmx,"General Government Operations (Ministry of Finance, SDMX)",mof,fiscal,"Pakistan Definition,General Government Operations,Revenue and grants, Revenue, Nontax revenue, Federal, Other, Crude and other, National Currency [PAK_GGO_RG_R_NTR_F_O_CO_XDC]",million PKR,quarterly,2016-09-30,2025-03-31,35,https://www.finance.gov.pk/fiscal_operations.html
mof_general_govt_operations_sdmx,"General Government Operations (Ministry of Finance, SDMX)",mof,fiscal,"Pakistan Definition,General Government Operations,Revenue and grants, Revenue, Nontax revenue, Federal, Other, Mark-up  (interest revenue) excluding provinces, National Currency [PAK_GGO_RG_R_NTR_F_O_MUEP_XDC]",million PKR,quarterly,2016-09-30,2025-03-31,35,https://www.finance.gov.pk/fiscal_operations.html
mof_general_govt_operations_sdmx,"General Government Operations (Ministry of Finance, SDMX)",mof,fiscal,"Pakistan Definition,General Government Operations,Revenue and grants, Revenue, Nontax revenue, Federal, Other, PTA, National Currency [PAK_GGO_RG_R_NTR_F_O_PTA_XDC]",million PKR,quarterly,2016-09-30,2025-03-31,35,https://www.finance.gov.pk/fiscal_operations.html
mof_general_govt_operations_sdmx,"General Government Operations (Ministry of Finance, SDMX)",mof,fiscal,"Pakistan Definition,General Government Operations,Revenue and grants, Revenue, Nontax revenue, Federal, Other, passport fees, National Currency [PAK_GGO_RG_R_NTR_F_O_PF_XDC]",million PKR,quarterly,2016-09-30,2025-03-31,35,https://www.finance.gov.pk/fiscal_operations.html
mof_general_govt_operations_sdmx,"General Government Operations (Ministry of Finance, SDMX)",mof,fiscal,"Pakistan Definition,General Government Operations,Revenue and grants, Revenue, Nontax revenue, Federal, SBP profits, National Currency [PAK_GGO_RG_R_NTR_F_SBPP_XDC]",million PKR,quarterly,2016-09-30,2025-03-31,35,https://www.finance.gov.pk/fiscal_operations.html
mof_general_govt_operations_sdmx,"General Government Operations (Ministry of Finance, SDMX)",mof,fiscal,"Pakistan Definition,General Government Operations,Revenue and grants, Revenue, Nontax revenue, Federal, SOE dividends, National Currency [PAK_GGO_RG_R_NTR_F_SOED_XDC]",million PKR,quarterly,2016-09-30,2025-03-31,35,https://www.finance.gov.pk/fiscal_operations.html
mof_general_govt_operations_sdmx,"General Government Operations (Ministry of Finance, SDMX)",mof,fiscal,"Pakistan Definition,General Government Operations,Revenue and grants, Revenue, Nontax revenue, National Currency [PAK_GGO_RG_R_NTR_XDC]",million PKR,quarterly,2016-09-30,2025-03-31,35,https://www.finance.gov.pk/fiscal_operations.html
mof_general_govt_operations_sdmx,"General Government Operations (Ministry of Finance, SDMX)",mof,fiscal,"Pakistan Definition,General Government Operations,Revenue and grants, Revenue, Nontax revenue, Provincial, National Currency [PAK_GGO_RG_R_NTR_P_XDC]",million PKR,quarterly,2016-09-30,2025-03-31,35,https://www.finance.gov.pk/fiscal_operations.html
mof_general_govt_operations_sdmx,"General Government Operations (Ministry of Finance, SDMX)",mof,fiscal,"Pakistan Definition,General Government Operations,Revenue and grants, Revenue, Tax Revenue, Federal, FBR revenue, Customs duties, National Currency [PAK_GGO_RG_R_TR_F_FBR_CD_XDC]",million PKR,quarterly,2016-09-30,2025-03-31,35,https://www.finance.gov.pk/fiscal_operations.html
mof_general_govt_operations_sdmx,"General Government Operations (Ministry of Finance, SDMX)",mof,fiscal,"Pakistan Definition,General Government Operations,Revenue and grants, Revenue, Tax Revenue, Federal, FBR revenue, Direct tax, National Currency [PAK_GGO_RG_R_TR_F_FBR_D_XDC]",million PKR,quarterly,2016-09-30,2025-03-31,35,https://www.finance.gov.pk/fiscal_operations.html
mof_general_govt_operations_sdmx,"General Government Operations (Ministry of Finance, SDMX)",mof,fiscal,"Pakistan Definition,General Government Operations,Revenue and grants, Revenue, Tax Revenue, Federal, FBR revenue, Excise duty, National Currency [PAK_GGO_RG_R_TR_F_FBR_ED_XDC]",million PKR,quarterly,2016-09-30,2025-03-31,35,https://www.finance.gov.pk/fiscal_operations.html
mof_general_govt_operations_sdmx,"General Government Operations (Ministry of Finance, SDMX)",mof,fiscal,"Pakistan Definition,General Government Operations,Revenue and grants, Revenue, Tax Revenue, Federal, FBR revenue, National Currency [PAK_GGO_RG_R_TR_F_FBR_XDC]",million PKR,quarterly,2016-09-30,2025-03-31,35,https://www.finance.gov.pk/fiscal_operations.html
mof_general_govt_operations_sdmx,"General Government Operations (Ministry of Finance, SDMX)",mof,fiscal,"Pakistan Definition,General Government Operations,Revenue and grants, Revenue, Tax Revenue, Federal, FBR revenue, Sales tax, National Currency [PAK_GGO_RG_R_TR_F_FBR_ST_XDC]",million PKR,quarterly,2016-09-30,2025-03-31,35,https://www.finance.gov.pk/fiscal_operations.html
mof_general_govt_operations_sdmx,"General Government Operations (Ministry of Finance, SDMX)",mof,fiscal,"Pakistan Definition,General Government Operations,Revenue and grants, Revenue, Tax Revenue, Federal, GIDC, National Currency [PAK_GGO_RG_R_TR_F_GIDC_XDC]",million PKR,quarterly,2016-09-30,2025-03-31,35,https://www.finance.gov.pk/fiscal_operations.html
mof_general_govt_operations_sdmx,"General Government Operations (Ministry of Finance, SDMX)",mof,fiscal,"Pakistan Definition,General Government Operations,Revenue and grants, Revenue, Tax Revenue, Federal, Gas surcharge, National Currency [PAK_GGO_RG_R_TR_F_GS_XDC]",million PKR,quarterly,2016-09-30,2025-03-31,35,https://www.finance.gov.pk/fiscal_operations.html
mof_general_govt_operations_sdmx,"General Government Operations (Ministry of Finance, SDMX)",mof,fiscal,"Pakistan Definition,General Government Operations,Revenue and grants, Revenue, Tax Revenue, Federal, National Currency [PAK_GGO_RG_R_TR_F_XDC]",million PKR,quarterly,2016-09-30,2025-03-31,35,https://www.finance.gov.pk/fiscal_operations.html
mof_general_govt_operations_sdmx,"General Government Operations (Ministry of Finance, SDMX)",mof,fiscal,"Pakistan Definition,General Government Operations,Revenue and grants, Revenue, Tax Revenue, Federal, Other (ICT), National Currency [PAK_GGO_RG_R_TR_F_O_XDC]",million PKR,quarterly,2016-09-30,2025-03-31,35,https://www.finance.gov.pk/fiscal_operations.html
mof_general_govt_operations_sdmx,"General Government Operations (Ministry of Finance, SDMX)",mof,fiscal,"Pakistan Definition,General Government Operations,Revenue and grants, Revenue, Tax Revenue, Federal, Petroleum levy, National Currency [PAK_GGO_RG_R_TR_F_PL_XDC]",million PKR,quarterly,2016-09-30,2025-03-31,35,https://www.finance.gov.pk/fiscal_operations.html
mof_general_govt_operations_sdmx,"General Government Operations (Ministry of Finance, SDMX)",mof,fiscal,"Pakistan Definition,General Government Operations,Revenue and grants, Revenue, Tax Revenue, National Currency [PAK_GGO_RG_R_TR_XDC]",million PKR,quarterly,2016-09-30,2025-03-31,35,https://www.finance.gov.pk/fiscal_operations.html
mof_general_govt_operations_sdmx,"General Government Operations (Ministry of Finance, SDMX)",mof,fiscal,"Pakistan Definition,General Government Operations,Revenue and grants, Revenue, Tax Revenue, Provincial, National Currency [PAK_GGO_RG_R_TR_P_XDC]",million PKR,quarterly,2016-09-30,2025-03-31,35,https://www.finance.gov.pk/fiscal_operations.html
mof_general_govt_operations_sdmx,"General Government Operations (Ministry of Finance, SDMX)",mof,fiscal,"Pakistan Definition,General Government Operations,Revenue and grants, grants, National Currency [PAK_GGO_RG_G_XDC]",million PKR,quarterly,2016-09-30,2025-03-31,35,https://www.finance.gov.pk/fiscal_operations.html
sbp_domestic_debt,Government domestic debt and liabilities by instrument,sbp,fiscal,1. Market Loans,billion PKR,monthly,2010-06-30,2026-05-31,192,https://www.sbp.org.pk/economic-data
sbp_domestic_debt,Government domestic debt and liabilities by instrument,sbp,fiscal,2. Federal Government Bonds,billion PKR,monthly,2010-06-30,2026-05-31,192,https://www.sbp.org.pk/economic-data
sbp_domestic_debt,Government domestic debt and liabilities by instrument,sbp,fiscal,3. Prize Bonds,billion PKR,monthly,2010-06-30,2011-06-30,13,https://www.sbp.org.pk/economic-data
sbp_domestic_debt,Government domestic debt and liabilities by instrument,sbp,fiscal,3. Prize Bonds1,billion PKR,monthly,2022-07-31,2026-05-31,47,https://www.sbp.org.pk/economic-data
sbp_domestic_debt,Government domestic debt and liabilities by instrument,sbp,fiscal,3. Prize Bonds3,billion PKR,monthly,2011-06-30,2022-06-30,133,https://www.sbp.org.pk/economic-data
sbp_domestic_debt,Government domestic debt and liabilities by instrument,sbp,fiscal,3.00 % 1971 (Permanent),billion PKR,monthly,2010-06-30,2022-06-30,145,https://www.sbp.org.pk/economic-data
sbp_domestic_debt,Government domestic debt and liabilities by instrument,sbp,fiscal,4. SBP’s on-lending to GOP against SDRs allocation7,billion PKR,monthly,2022-07-31,2026-05-31,47,https://www.sbp.org.pk/economic-data
sbp_domestic_debt,Government domestic debt and liabilities by instrument,sbp,fiscal,4. SBP’s on-lending to GOP against SDRs allocation9,billion PKR,monthly,2011-06-30,2022-06-30,122,https://www.sbp.org.pk/economic-data
sbp_domestic_debt,Government domestic debt and liabilities by instrument,sbp,fiscal,5.00 % Income Tax Bonds,billion PKR,monthly,2010-06-30,2022-06-30,145,https://www.sbp.org.pk/economic-data
sbp_domestic_debt,Government domestic debt and liabilities by instrument,sbp,fiscal,Bai Muajjal2,billion PKR,monthly,2022-07-31,2026-05-31,47,https://www.sbp.org.pk/economic-data
sbp_domestic_debt,Government domestic debt and liabilities by instrument,sbp,fiscal,Bai Muajjal4,billion PKR,monthly,2011-06-30,2022-06-30,133,https://www.sbp.org.pk/economic-data
sbp_domestic_debt,Government domestic debt and liabilities by instrument,sbp,fiscal,Bai-Muajjal of Sukuk,billion PKR,monthly,2011-06-30,2026-05-31,180,https://www.sbp.org.pk/economic-data
sbp_domestic_debt,Government domestic debt and liabilities by instrument,sbp,fiscal,Bearer National Fund Bonds2,billion PKR,monthly,2010-06-30,2022-06-30,145,https://www.sbp.org.pk/economic-data
sbp_domestic_debt,Government domestic debt and liabilities by instrument,sbp,fiscal,Compensation Bonds1,billion PKR,monthly,2010-06-30,2022-06-30,145,https://www.sbp.org.pk/economic-data
sbp_domestic_debt,Government domestic debt and liabilities by instrument,sbp,fiscal,Domestic Debt (I+II+III+IV),billion PKR,monthly,2010-06-30,2011-06-30,13,https://www.sbp.org.pk/economic-data
sbp_domestic_debt,Government domestic debt and liabilities by instrument,sbp,fiscal,Domestic Debt (I+II+III+IV+V),billion PKR,monthly,2011-06-30,2022-06-30,133,https://www.sbp.org.pk/economic-data
sbp_domestic_debt,Government domestic debt and liabilities by instrument,sbp,fiscal,FCBC 3 Years,billion PKR,monthly,2010-06-30,2022-06-30,145,https://www.sbp.org.pk/economic-data
sbp_domestic_debt,Government domestic debt and liabilities by instrument,sbp,fiscal,FCBC 5 Years,billion PKR,monthly,2010-06-30,2022-06-30,145,https://www.sbp.org.pk/economic-data
sbp_domestic_debt,Government domestic debt and liabilities by instrument,sbp,fiscal,Federal Government,billion PKR,monthly,2010-06-30,2026-05-31,192,https://www.sbp.org.pk/economic-data
sbp_domestic_debt,Government domestic debt and liabilities by instrument,sbp,fiscal,Federal Investment Bonds,billion PKR,monthly,2010-06-30,2022-06-30,145,https://www.sbp.org.pk/economic-data
sbp_domestic_debt,Government domestic debt and liabilities by instrument,sbp,fiscal,Foreign Exchange Bearer Certificate,billion PKR,monthly,2010-06-30,2022-06-30,145,https://www.sbp.org.pk/economic-data
sbp_domestic_debt,Government domestic debt and liabilities by instrument,sbp,fiscal,GOP Ijara Sukuk,billion PKR,monthly,2022-07-31,2026-05-31,47,https://www.sbp.org.pk/economic-data
sbp_domestic_debt,Government domestic debt and liabilities by instrument,sbp,fiscal,GOP Ijara Sukuk 3 Years,billion PKR,monthly,2010-06-30,2011-06-30,13,https://www.sbp.org.pk/economic-data
sbp_domestic_debt,Government domestic debt and liabilities by instrument,sbp,fiscal,GOP Ijara Sukuk 3 Years and 5 Years,billion PKR,monthly,2011-06-30,2022-06-30,133,https://www.sbp.org.pk/economic-data
sbp_domestic_debt,Government domestic debt and liabilities by instrument,sbp,fiscal,GP Fund,billion PKR,monthly,2010-06-30,2011-06-30,13,https://www.sbp.org.pk/economic-data
sbp_domestic_debt,Government domestic debt and liabilities by instrument,sbp,fiscal,GP Fund*,billion PKR,monthly,2011-06-30,2026-05-31,180,https://www.sbp.org.pk/economic-data
sbp_domestic_debt,Government domestic debt and liabilities by instrument,sbp,fiscal,Government Domestic Debt and Liabilites,billion PKR,monthly,2010-06-30,2022-06-30,145,https://www.sbp.org.pk/economic-data
sbp_domestic_debt,Government domestic debt and liabilities by instrument,sbp,fiscal,Government Domestic Liabilities5,billion PKR,monthly,2010-06-30,2026-05-31,60,https://www.sbp.org.pk/economic-data
sbp_domestic_debt,Government domestic debt and liabilities by instrument,sbp,fiscal,Government Domestic Liabilities7,billion PKR,monthly,2011-06-30,2022-06-30,133,https://www.sbp.org.pk/economic-data
sbp_domestic_debt,Government domestic debt and liabilities by instrument,sbp,fiscal,Govt. Bond issued to HBL for settlement of CBR Refund,billion PKR,monthly,2010-06-30,2022-06-30,145,https://www.sbp.org.pk/economic-data
sbp_domestic_debt,Government domestic debt and liabilities by instrument,sbp,fiscal,Govt. Bonds issued to SLIC (Capitalisation),billion PKR,monthly,2010-06-30,2022-06-30,145,https://www.sbp.org.pk/economic-data
sbp_domestic_debt,Government domestic debt and liabilities by instrument,sbp,fiscal,Gross Government Domestic Debt (I+II+III+IV+V),billion PKR,monthly,2022-07-31,2026-05-31,47,https://www.sbp.org.pk/economic-data
sbp_domestic_debt,Government domestic debt and liabilities by instrument,sbp,fiscal,Gross Government Domestic Debt and Liabilites,billion PKR,monthly,2022-07-31,2026-05-31,47,https://www.sbp.org.pk/economic-data
sbp_domestic_debt,Government domestic debt and liabilities by instrument,sbp,fiscal,Heavy Mechanical Complex,billion PKR,monthly,2010-06-30,2022-06-30,145,https://www.sbp.org.pk/economic-data
sbp_domestic_debt,Government domestic debt and liabilities by instrument,sbp,fiscal,I. Permanent Debt (1+2+3),billion PKR,monthly,2010-06-30,2011-06-30,13,https://www.sbp.org.pk/economic-data
sbp_domestic_debt,Government domestic debt and liabilities by instrument,sbp,fiscal,I. Permanent Debt (1+2+3+4),billion PKR,monthly,2011-06-30,2026-05-31,180,https://www.sbp.org.pk/economic-data
sbp_domestic_debt,Government domestic debt and liabilities by instrument,sbp,fiscal,II. Floating Debt,billion PKR,monthly,2010-06-30,2026-05-31,192,https://www.sbp.org.pk/economic-data
sbp_domestic_debt,Government domestic debt and liabilities by instrument,sbp,fiscal,III. Unfunded Debt,billion PKR,monthly,2010-06-30,2026-05-31,192,https://www.sbp.org.pk/economic-data
sbp_domestic_debt,Government domestic debt and liabilities by instrument,sbp,fiscal,IV. Foreign Currency Loans4,billion PKR,monthly,2010-06-30,2026-05-31,60,https://www.sbp.org.pk/economic-data
sbp_domestic_debt,Government domestic debt and liabilities by instrument,sbp,fiscal,IV. Foreign Currency Loans6,billion PKR,monthly,2011-06-30,2022-06-30,133,https://www.sbp.org.pk/economic-data
sbp_domestic_debt,Government domestic debt and liabilities by instrument,sbp,fiscal,Issued at Low Yield Bonds,billion PKR,monthly,2010-06-30,2022-06-30,145,https://www.sbp.org.pk/economic-data
sbp_domestic_debt,Government domestic debt and liabilities by instrument,sbp,fiscal,Issued to DFIs,billion PKR,monthly,2010-06-30,2022-06-30,145,https://www.sbp.org.pk/economic-data
sbp_domestic_debt,Government domestic debt and liabilities by instrument,sbp,fiscal,Loans matured but not encashed,billion PKR,monthly,2010-06-30,2022-06-30,145,https://www.sbp.org.pk/economic-data
sbp_domestic_debt,Government domestic debt and liabilities by instrument,sbp,fiscal,Long Term (>1 year),billion PKR,monthly,2024-06-30,2026-05-31,24,https://www.sbp.org.pk/economic-data
sbp_domestic_debt,Government domestic debt and liabilities by instrument,sbp,fiscal,MTBs for Replenishment of Cash3,billion PKR,monthly,2010-06-30,2026-05-31,60,https://www.sbp.org.pk/economic-data
sbp_domestic_debt,Government domestic debt and liabilities by instrument,sbp,fiscal,MTBs for Replenishment of Cash5,billion PKR,monthly,2011-06-30,2022-06-30,133,https://www.sbp.org.pk/economic-data
sbp_domestic_debt,Government domestic debt and liabilities by instrument,sbp,fiscal,Market Treasury Bills,billion PKR,monthly,2010-06-30,2026-05-31,192,https://www.sbp.org.pk/economic-data
sbp_domestic_debt,Government domestic debt and liabilities by instrument,sbp,fiscal,Others,billion PKR,monthly,2022-07-31,2026-05-31,47,https://www.sbp.org.pk/economic-data
sbp_domestic_debt,Government domestic debt and liabilities by instrument,sbp,fiscal,Outright Sale of MRTBs to Banks,billion PKR,monthly,2011-06-30,2026-05-31,180,https://www.sbp.org.pk/economic-data
sbp_domestic_debt,Government domestic debt and liabilities by instrument,sbp,fiscal,Pakistan Engineering Company,billion PKR,monthly,2010-06-30,2022-06-30,145,https://www.sbp.org.pk/economic-data
sbp_domestic_debt,Government domestic debt and liabilities by instrument,sbp,fiscal,Pakistan Investment Bonds (PIBs),billion PKR,monthly,2010-06-30,2022-06-30,145,https://www.sbp.org.pk/economic-data
sbp_domestic_debt,Government domestic debt and liabilities by instrument,sbp,fiscal,Pakistan Investment Bonds (PIBs)8,billion PKR,monthly,2022-07-31,2026-05-31,47,https://www.sbp.org.pk/economic-data
sbp_domestic_debt,Government domestic debt and liabilities by instrument,sbp,fiscal,Postal Life Insurance,billion PKR,monthly,2010-06-30,2026-05-31,192,https://www.sbp.org.pk/economic-data
sbp_domestic_debt,Government domestic debt and liabilities by instrument,sbp,fiscal,Provincial Governments,billion PKR,monthly,2010-06-30,2026-05-31,192,https://www.sbp.org.pk/economic-data
sbp_domestic_debt,Government domestic debt and liabilities by instrument,sbp,fiscal,Public Sector,billion PKR,monthly,2010-06-30,2022-06-30,145,https://www.sbp.org.pk/economic-data
sbp_domestic_debt,Government domestic debt and liabilities by instrument,sbp,fiscal,Punjab Government Loans,billion PKR,monthly,2010-06-30,2022-06-30,145,https://www.sbp.org.pk/economic-data
sbp_domestic_debt,Government domestic debt and liabilities by instrument,sbp,fiscal,Saving Schemes (Net of Prize Bonds),billion PKR,monthly,2010-06-30,2026-05-31,192,https://www.sbp.org.pk/economic-data
sbp_domestic_debt,Government domestic debt and liabilities by instrument,sbp,fiscal,Shah Nawaz Bhutto Sugar Mills,billion PKR,monthly,2010-06-30,2022-06-30,145,https://www.sbp.org.pk/economic-data
sbp_domestic_debt,Government domestic debt and liabilities by instrument,sbp,fiscal,Shahdad Kot Textile,billion PKR,monthly,2010-06-30,2022-06-30,145,https://www.sbp.org.pk/economic-data
sbp_domestic_debt,Government domestic debt and liabilities by instrument,sbp,fiscal,Short Term (1 Year),billion PKR,monthly,2024-06-30,2026-05-31,24,https://www.sbp.org.pk/economic-data
sbp_domestic_debt,Government domestic debt and liabilities by instrument,sbp,fiscal,Special Govt. Bonds issued to SLIC (Original),billion PKR,monthly,2010-06-30,2022-06-30,145,https://www.sbp.org.pk/economic-data
sbp_domestic_debt,Government domestic debt and liabilities by instrument,sbp,fiscal,Special National Fund Bonds,billion PKR,monthly,2010-06-30,2022-06-30,145,https://www.sbp.org.pk/economic-data
sbp_domestic_debt,Government domestic debt and liabilities by instrument,sbp,fiscal,Special US Dollar Bonds,billion PKR,monthly,2010-06-30,2022-06-30,145,https://www.sbp.org.pk/economic-data
sbp_domestic_debt,Government domestic debt and liabilities by instrument,sbp,fiscal,Treasury Bills,billion PKR,monthly,2010-06-30,2011-06-30,13,https://www.sbp.org.pk/economic-data
sbp_domestic_debt,Government domestic debt and liabilities by instrument,sbp,fiscal,US Dollar Bearer Certificates,billion PKR,monthly,2010-06-30,2022-06-30,145,https://www.sbp.org.pk/economic-data
sbp_domestic_debt,Government domestic debt and liabilities by instrument,sbp,fiscal,Under E.R.O. 1972,billion PKR,monthly,2010-06-30,2022-06-30,145,https://www.sbp.org.pk/economic-data
sbp_domestic_debt,Government domestic debt and liabilities by instrument,sbp,fiscal,Under Land Reforms 1977,billion PKR,monthly,2010-06-30,2022-06-30,145,https://www.sbp.org.pk/economic-data
sbp_domestic_debt,Government domestic debt and liabilities by instrument,sbp,fiscal,V. Naya Pakistan Certificates6,billion PKR,monthly,2022-07-31,2026-05-31,47,https://www.sbp.org.pk/economic-data
sbp_domestic_debt,Government domestic debt and liabilities by instrument,sbp,fiscal,V. Naya Pakistan Certificates8,billion PKR,monthly,2011-06-30,2022-06-30,133,https://www.sbp.org.pk/economic-data
pbs_quarterly_national_accounts_sdmx,"Quarterly national accounts (PBS, SDMX)",pbs,growth,"National Accounts, Activity, Gross Domestic Product, Production Approach, By Industrial Sector, Industry (Secondary), Services (Tertiary), Nominal, National Currency [NGDPS_XDC] (BASE_PER=2015-16)",million PKR,quarterly,2015-09-30,2026-03-31,43,https://www.pbs.gov.pk/national-accounts
pbs_quarterly_national_accounts_sdmx,"Quarterly national accounts (PBS, SDMX)",pbs,growth,"National Accounts, Activity, Gross Domestic Product, Production Approach, Nominal, National Currency [NGDP_PA_XDC] (BASE_PER=_Z)",million PKR,quarterly,2015-09-30,2026-03-31,43,https://www.pbs.gov.pk/national-accounts
pbs_quarterly_national_accounts_sdmx,"Quarterly national accounts (PBS, SDMX)",pbs,growth,"National Accounts, Activity, Gross Domestic Product, Production Approach, Real, National Currency [NGDP_PA_R_XDC] (BASE_PER=2015-16)",million PKR,quarterly,2015-09-30,2026-03-31,43,https://www.pbs.gov.pk/national-accounts
pbs_quarterly_national_accounts_sdmx,"Quarterly national accounts (PBS, SDMX)",pbs,growth,"National Accounts, Activity, Memorandum Items, Gross Value Added, Industry and Construction, ISIC Rev. 4, National Currency [NGDPVA_ISIC4_BTF_XDC] (BASE_PER=_Z)",million PKR,quarterly,2015-09-30,2026-03-31,43,https://www.pbs.gov.pk/national-accounts
pbs_quarterly_national_accounts_sdmx,"Quarterly national accounts (PBS, SDMX)",pbs,growth,"National Accounts, Activity, Memorandum Items, Gross Value Added, Nominal, By International Standard Industrial Classification of All Economic Activities (ISIC) Rev. 4, Accommodation and food service activities, National Currency [NGDPVA_ISIC4_I_XDC] (BASE_PER=_Z)",million PKR,quarterly,2015-09-30,2026-03-31,43,https://www.pbs.gov.pk/national-accounts
pbs_quarterly_national_accounts_sdmx,"Quarterly national accounts (PBS, SDMX)",pbs,growth,"National Accounts, Activity, Memorandum Items, Gross Value Added, Nominal, By International Standard Industrial Classification of All Economic Activities (ISIC) Rev. 4, Agriculture, National Currency [NGDPVA_ISIC4_A011T013_XDC] (BASE_PER=_Z)",million PKR,quarterly,2015-09-30,2026-03-31,43,https://www.pbs.gov.pk/national-accounts
pbs_quarterly_national_accounts_sdmx,"Quarterly national accounts (PBS, SDMX)",pbs,growth,"National Accounts, Activity, Memorandum Items, Gross Value Added, Nominal, By International Standard Industrial Classification of All Economic Activities (ISIC) Rev. 4, Agriculture, forestry and fishing, Crop and animal production, hunting and hunting and related service activities, Animal Production and Hunting, trapping and related service activities, National Currency [NGDPVA_ISIC4_A014T017_XDC] (BASE_PER=_Z)",million PKR,quarterly,2015-09-30,2026-03-31,43,https://www.pbs.gov.pk/national-accounts
pbs_quarterly_national_accounts_sdmx,"Quarterly national accounts (PBS, SDMX)",pbs,growth,"National Accounts, Activity, Memorandum Items, Gross Value Added, Nominal, By International Standard Industrial Classification of All Economic Activities (ISIC) Rev. 4, Agriculture, forestry and fishing, Fishing and aquaculture, National Currency [NGDPVA_ISIC4_A03_XDC] (BASE_PER=_Z)",million PKR,quarterly,2015-09-30,2026-03-31,43,https://www.pbs.gov.pk/national-accounts
pbs_quarterly_national_accounts_sdmx,"Quarterly national accounts (PBS, SDMX)",pbs,growth,"National Accounts, Activity, Memorandum Items, Gross Value Added, Nominal, By International Standard Industrial Classification of All Economic Activities (ISIC) Rev. 4, Agriculture, forestry and fishing, Forestry and logging, National Currency [NGDPVA_ISIC4_A02_XDC] (BASE_PER=_Z)",million PKR,quarterly,2015-09-30,2026-03-31,43,https://www.pbs.gov.pk/national-accounts
pbs_quarterly_national_accounts_sdmx,"Quarterly national accounts (PBS, SDMX)",pbs,growth,"National Accounts, Activity, Memorandum Items, Gross Value Added, Nominal, By International Standard Industrial Classification of All Economic Activities (ISIC) Rev. 4, Agriculture, forestry and fishing, National Currency [NGDPVA_ISIC4_A_XDC] (BASE_PER=_Z)",million PKR,quarterly,2015-09-30,2026-03-31,43,https://www.pbs.gov.pk/national-accounts
pbs_quarterly_national_accounts_sdmx,"Quarterly national accounts (PBS, SDMX)",pbs,growth,"National Accounts, Activity, Memorandum Items, Gross Value Added, Nominal, By International Standard Industrial Classification of All Economic Activities (ISIC) Rev. 4, Construction, National Currency [NGDPVA_ISIC4_F_XDC] (BASE_PER=_Z)",million PKR,quarterly,2015-09-30,2026-03-31,43,https://www.pbs.gov.pk/national-accounts
pbs_quarterly_national_accounts_sdmx,"Quarterly national accounts (PBS, SDMX)",pbs,growth,"National Accounts, Activity, Memorandum Items, Gross Value Added, Nominal, By International Standard Industrial Classification of All Economic Activities (ISIC) Rev. 4, Education, National Currency [NGDPVA_ISIC4_P_XDC] (BASE_PER=_Z)",million PKR,quarterly,2015-09-30,2026-03-31,43,https://www.pbs.gov.pk/national-accounts
pbs_quarterly_national_accounts_sdmx,"Quarterly national accounts (PBS, SDMX)",pbs,growth,"National Accounts, Activity, Memorandum Items, Gross Value Added, Nominal, By International Standard Industrial Classification of All Economic Activities (ISIC) Rev. 4, Electricity, gas, steam and air conditioning supply, National Currency [NGDPVA_ISIC4_D_XDC] (BASE_PER=_Z)",million PKR,quarterly,2015-09-30,2026-03-31,43,https://www.pbs.gov.pk/national-accounts
pbs_quarterly_national_accounts_sdmx,"Quarterly national accounts (PBS, SDMX)",pbs,growth,"National Accounts, Activity, Memorandum Items, Gross Value Added, Nominal, By International Standard Industrial Classification of All Economic Activities (ISIC) Rev. 4, Financial and insurance activities, National Currency [NGDPVA_ISIC4_K_XDC] (BASE_PER=_Z)",million PKR,quarterly,2015-09-30,2026-03-31,43,https://www.pbs.gov.pk/national-accounts
pbs_quarterly_national_accounts_sdmx,"Quarterly national accounts (PBS, SDMX)",pbs,growth,"National Accounts, Activity, Memorandum Items, Gross Value Added, Nominal, By International Standard Industrial Classification of All Economic Activities (ISIC) Rev. 4, Human health and social work activities, National Currency [NGDPVA_ISIC4_Q_XDC] (BASE_PER=_Z)",million PKR,quarterly,2015-09-30,2026-03-31,43,https://www.pbs.gov.pk/national-accounts
pbs_quarterly_national_accounts_sdmx,"Quarterly national accounts (PBS, SDMX)",pbs,growth,"National Accounts, Activity, Memorandum Items, Gross Value Added, Nominal, By International Standard Industrial Classification of All Economic Activities (ISIC) Rev. 4, Information and communication, National Currency [NGDPVA_ISIC4_J_XDC] (BASE_PER=_Z)",million PKR,quarterly,2015-09-30,2026-03-31,43,https://www.pbs.gov.pk/national-accounts
pbs_quarterly_national_accounts_sdmx,"Quarterly national accounts (PBS, SDMX)",pbs,growth,"National Accounts, Activity, Memorandum Items, Gross Value Added, Nominal, By International Standard Industrial Classification of All Economic Activities (ISIC) Rev. 4, Manufacturing, National Currency [NGDPVA_ISIC4_C_XDC] (BASE_PER=_Z)",million PKR,quarterly,2015-09-30,2026-03-31,43,https://www.pbs.gov.pk/national-accounts
pbs_quarterly_national_accounts_sdmx,"Quarterly national accounts (PBS, SDMX)",pbs,growth,"National Accounts, Activity, Memorandum Items, Gross Value Added, Nominal, By International Standard Industrial Classification of All Economic Activities (ISIC) Rev. 4, Mining and quarrying, National Currency [NGDPVA_ISIC4_B_XDC] (BASE_PER=_Z)",million PKR,quarterly,2015-09-30,2026-03-31,43,https://www.pbs.gov.pk/national-accounts
pbs_quarterly_national_accounts_sdmx,"Quarterly national accounts (PBS, SDMX)",pbs,growth,"National Accounts, Activity, Memorandum Items, Gross Value Added, Nominal, By International Standard Industrial Classification of All Economic Activities (ISIC) Rev. 4, National Currency [NGDPVA_ISIC4_XDC] (BASE_PER=_Z)",million PKR,quarterly,2015-09-30,2026-03-31,43,https://www.pbs.gov.pk/national-accounts
pbs_quarterly_national_accounts_sdmx,"Quarterly national accounts (PBS, SDMX)",pbs,growth,"National Accounts, Activity, Memorandum Items, Gross Value Added, Nominal, By International Standard Industrial Classification of All Economic Activities (ISIC) Rev. 4, Other service activities, National Currency [NGDPVA_ISIC4_S_XDC] (BASE_PER=_Z)",million PKR,quarterly,2015-09-30,2026-03-31,43,https://www.pbs.gov.pk/national-accounts
pbs_quarterly_national_accounts_sdmx,"Quarterly national accounts (PBS, SDMX)",pbs,growth,"National Accounts, Activity, Memorandum Items, Gross Value Added, Nominal, By International Standard Industrial Classification of All Economic Activities (ISIC) Rev. 4, Public administration and defense; compulsory social security, National Currency [NGDPVA_ISIC4_O_XDC] (BASE_PER=_Z)",million PKR,quarterly,2015-09-30,2026-03-31,43,https://www.pbs.gov.pk/national-accounts
pbs_quarterly_national_accounts_sdmx,"Quarterly national accounts (PBS, SDMX)",pbs,growth,"National Accounts, Activity, Memorandum Items, Gross Value Added, Nominal, By International Standard Industrial Classification of All Economic Activities (ISIC) Rev. 4, Real estate activities, National Currency [NGDPVA_ISIC4_L_XDC] (BASE_PER=_Z)",million PKR,quarterly,2015-09-30,2026-03-31,43,https://www.pbs.gov.pk/national-accounts
pbs_quarterly_national_accounts_sdmx,"Quarterly national accounts (PBS, SDMX)",pbs,growth,"National Accounts, Activity, Memorandum Items, Gross Value Added, Nominal, By International Standard Industrial Classification of All Economic Activities (ISIC) Rev. 4, Transportation and storage, National Currency [NGDPVA_ISIC4_H_XDC] (BASE_PER=_Z)",million PKR,quarterly,2015-09-30,2026-03-31,43,https://www.pbs.gov.pk/national-accounts
pbs_quarterly_national_accounts_sdmx,"Quarterly national accounts (PBS, SDMX)",pbs,growth,"National Accounts, Activity, Memorandum Items, Gross Value Added, Nominal, By International Standard Industrial Classification of All Economic Activities (ISIC) Rev. 4, Wholesale and retail trade; repair of motor vehicles and motorcycles, National Currency [NGDPVA_ISIC4_G_XDC] (BASE_PER=_Z)",million PKR,quarterly,2015-09-30,2026-03-31,43,https://www.pbs.gov.pk/national-accounts
pbs_quarterly_national_accounts_sdmx,"Quarterly national accounts (PBS, SDMX)",pbs,growth,"National Accounts, Activity, Memorandum Items, Gross Value Added, Real, By International Standard Industrial Classification of All Economic Activities (ISIC) Rev. 4, Accommodation and food service activities, National Currency [NGDPVA_R_ISIC4_I_XDC] (BASE_PER=2015-16)",million PKR,quarterly,2015-09-30,2026-03-31,43,https://www.pbs.gov.pk/national-accounts
pbs_quarterly_national_accounts_sdmx,"Quarterly national accounts (PBS, SDMX)",pbs,growth,"National Accounts, Activity, Memorandum Items, Gross Value Added, Real, By International Standard Industrial Classification of All Economic Activities (ISIC) Rev. 4, Agriculture, National Currency [NGDPVA_R_ISIC4_A011T013_XDC] (BASE_PER=2015-16)",million PKR,quarterly,2015-09-30,2026-03-31,43,https://www.pbs.gov.pk/national-accounts
pbs_quarterly_national_accounts_sdmx,"Quarterly national accounts (PBS, SDMX)",pbs,growth,"National Accounts, Activity, Memorandum Items, Gross Value Added, Real, By International Standard Industrial Classification of All Economic Activities (ISIC) Rev. 4, Agriculture, forestry and fishing, Crop and animal production, hunting and hunting and related service activities, Animal Production and Hunting, trapping and related service activities, National Currency [NGDPVA_R_ISIC4_A014T017_XDC] (BASE_PER=2015-16)",million PKR,quarterly,2015-09-30,2026-03-31,43,https://www.pbs.gov.pk/national-accounts
pbs_quarterly_national_accounts_sdmx,"Quarterly national accounts (PBS, SDMX)",pbs,growth,"National Accounts, Activity, Memorandum Items, Gross Value Added, Real, By International Standard Industrial Classification of All Economic Activities (ISIC) Rev. 4, Agriculture, forestry and fishing, Fishing and aquaculture, National Currency [NGDPVA_R_ISIC4_A03_XDC] (BASE_PER=2015-16)",million PKR,quarterly,2015-09-30,2026-03-31,43,https://www.pbs.gov.pk/national-accounts
pbs_quarterly_national_accounts_sdmx,"Quarterly national accounts (PBS, SDMX)",pbs,growth,"National Accounts, Activity, Memorandum Items, Gross Value Added, Real, By International Standard Industrial Classification of All Economic Activities (ISIC) Rev. 4, Agriculture, forestry and fishing, Forestry and logging, National Currency [NGDPVA_R_ISIC4_A02_XDC] (BASE_PER=2015-16)",million PKR,quarterly,2015-09-30,2026-03-31,43,https://www.pbs.gov.pk/national-accounts
pbs_quarterly_national_accounts_sdmx,"Quarterly national accounts (PBS, SDMX)",pbs,growth,"National Accounts, Activity, Memorandum Items, Gross Value Added, Real, By International Standard Industrial Classification of All Economic Activities (ISIC) Rev. 4, Agriculture, forestry and fishing, National Currency [NGDPVA_R_ISIC4_A_XDC] (BASE_PER=2015-16)",million PKR,quarterly,2015-09-30,2026-03-31,43,https://www.pbs.gov.pk/national-accounts
pbs_quarterly_national_accounts_sdmx,"Quarterly national accounts (PBS, SDMX)",pbs,growth,"National Accounts, Activity, Memorandum Items, Gross Value Added, Real, By International Standard Industrial Classification of All Economic Activities (ISIC) Rev. 4, Construction, National Currency [NGDPVA_R_ISIC4_F_XDC] (BASE_PER=2015-16)",million PKR,quarterly,2015-09-30,2026-03-31,43,https://www.pbs.gov.pk/national-accounts
pbs_quarterly_national_accounts_sdmx,"Quarterly national accounts (PBS, SDMX)",pbs,growth,"National Accounts, Activity, Memorandum Items, Gross Value Added, Real, By International Standard Industrial Classification of All Economic Activities (ISIC) Rev. 4, Education, National Currency [NGDPVA_R_ISIC4_P_XDC] (BASE_PER=2015-16)",million PKR,quarterly,2015-09-30,2026-03-31,43,https://www.pbs.gov.pk/national-accounts
pbs_quarterly_national_accounts_sdmx,"Quarterly national accounts (PBS, SDMX)",pbs,growth,"National Accounts, Activity, Memorandum Items, Gross Value Added, Real, By International Standard Industrial Classification of All Economic Activities (ISIC) Rev. 4, Electricity, gas, steam and air conditioning supply, National Currency [NGDPVA_R_ISIC4_D_XDC] (BASE_PER=2015-16)",million PKR,quarterly,2015-09-30,2026-03-31,43,https://www.pbs.gov.pk/national-accounts
pbs_quarterly_national_accounts_sdmx,"Quarterly national accounts (PBS, SDMX)",pbs,growth,"National Accounts, Activity, Memorandum Items, Gross Value Added, Real, By International Standard Industrial Classification of All Economic Activities (ISIC) Rev. 4, Financial and insurance activities, National Currency [NGDPVA_R_ISIC4_K_XDC] (BASE_PER=2015-16)",million PKR,quarterly,2015-09-30,2026-03-31,43,https://www.pbs.gov.pk/national-accounts
pbs_quarterly_national_accounts_sdmx,"Quarterly national accounts (PBS, SDMX)",pbs,growth,"National Accounts, Activity, Memorandum Items, Gross Value Added, Real, By International Standard Industrial Classification of All Economic Activities (ISIC) Rev. 4, Human health and social work activities, National Currency [NGDPVA_R_ISIC4_Q_XDC] (BASE_PER=2015-16)",million PKR,quarterly,2015-09-30,2026-03-31,43,https://www.pbs.gov.pk/national-accounts
pbs_quarterly_national_accounts_sdmx,"Quarterly national accounts (PBS, SDMX)",pbs,growth,"National Accounts, Activity, Memorandum Items, Gross Value Added, Real, By International Standard Industrial Classification of All Economic Activities (ISIC) Rev. 4, Information and communication, National Currency [NGDPVA_R_ISIC4_J_XDC] (BASE_PER=2015-16)",million PKR,quarterly,2015-09-30,2026-03-31,43,https://www.pbs.gov.pk/national-accounts
pbs_quarterly_national_accounts_sdmx,"Quarterly national accounts (PBS, SDMX)",pbs,growth,"National Accounts, Activity, Memorandum Items, Gross Value Added, Real, By International Standard Industrial Classification of All Economic Activities (ISIC) Rev. 4, Manufacturing, National Currency [NGDPVA_R_ISIC4_C_XDC] (BASE_PER=2015-16)",million PKR,quarterly,2015-09-30,2026-03-31,43,https://www.pbs.gov.pk/national-accounts
pbs_quarterly_national_accounts_sdmx,"Quarterly national accounts (PBS, SDMX)",pbs,growth,"National Accounts, Activity, Memorandum Items, Gross Value Added, Real, By International Standard Industrial Classification of All Economic Activities (ISIC) Rev. 4, Mining and quarrying, National Currency [NGDPVA_R_ISIC4_B_XDC] (BASE_PER=2015-16)",million PKR,quarterly,2015-09-30,2026-03-31,43,https://www.pbs.gov.pk/national-accounts
pbs_quarterly_national_accounts_sdmx,"Quarterly national accounts (PBS, SDMX)",pbs,growth,"National Accounts, Activity, Memorandum Items, Gross Value Added, Real, By International Standard Industrial Classification of All Economic Activities (ISIC) Rev. 4, Other service activities, National Currency [NGDPVA_R_ISIC4_S_XDC] (BASE_PER=2015-16)",million PKR,quarterly,2015-09-30,2026-03-31,43,https://www.pbs.gov.pk/national-accounts
pbs_quarterly_national_accounts_sdmx,"Quarterly national accounts (PBS, SDMX)",pbs,growth,"National Accounts, Activity, Memorandum Items, Gross Value Added, Real, By International Standard Industrial Classification of All Economic Activities (ISIC) Rev. 4, Public administration and defense; compulsory social security, National Currency [NGDPVA_R_ISIC4_O_XDC] (BASE_PER=2015-16)",million PKR,quarterly,2015-09-30,2026-03-31,43,https://www.pbs.gov.pk/national-accounts
pbs_quarterly_national_accounts_sdmx,"Quarterly national accounts (PBS, SDMX)",pbs,growth,"National Accounts, Activity, Memorandum Items, Gross Value Added, Real, By International Standard Industrial Classification of All Economic Activities (ISIC) Rev. 4, Real estate activities, National Currency [NGDPVA_R_ISIC4_L_XDC] (BASE_PER=2015-16)",million PKR,quarterly,2015-09-30,2026-03-31,43,https://www.pbs.gov.pk/national-accounts
pbs_quarterly_national_accounts_sdmx,"Quarterly national accounts (PBS, SDMX)",pbs,growth,"National Accounts, Activity, Memorandum Items, Gross Value Added, Real, By International Standard Industrial Classification of All Economic Activities (ISIC) Rev. 4, Transportation and storage, National Currency [NGDPVA_R_ISIC4_H_XDC] (BASE_PER=2015-16)",million PKR,quarterly,2015-09-30,2026-03-31,43,https://www.pbs.gov.pk/national-accounts
pbs_quarterly_national_accounts_sdmx,"Quarterly national accounts (PBS, SDMX)",pbs,growth,"National Accounts, Activity, Memorandum Items, Gross Value Added, Real, By International Standard Industrial Classification of All Economic Activities (ISIC) Rev. 4, Wholesale and retail trade; repair of motor vehicles and motorcycles, National Currency [NGDPVA_R_ISIC4_G_XDC] (BASE_PER=2015-16)",million PKR,quarterly,2015-09-30,2026-03-31,43,https://www.pbs.gov.pk/national-accounts
pbs_quarterly_national_accounts_sdmx,"Quarterly national accounts (PBS, SDMX)",pbs,growth,"National Accounts, Activity, Memorandum Items, Gross Value Added, Real, National Currency (base 2015-16) [NGDPVA_R_BY2015-2016_XDC] (BASE_PER=2015-16)",million PKR,quarterly,2015-09-30,2026-03-31,43,https://www.pbs.gov.pk/national-accounts
pbs_quarterly_national_accounts_sdmx,"Quarterly national accounts (PBS, SDMX)",pbs,growth,"National Accounts, Activity, Memorandum Items, Taxes on Products, Nominal, National Currency [NGDPT_XDC] (BASE_PER=_Z)",million PKR,quarterly,2015-09-30,2026-03-31,43,https://www.pbs.gov.pk/national-accounts
pbs_quarterly_national_accounts_sdmx,"Quarterly national accounts (PBS, SDMX)",pbs,growth,"National Accounts, Activity, Memorandum Items, Taxes on Products, Real, National Currency (base 2015-16) [NGDPT_R_BY2015-2016_XDC] (BASE_PER=2015-16)",million PKR,quarterly,2015-09-30,2026-03-31,43,https://www.pbs.gov.pk/national-accounts
pbs_quarterly_national_accounts_sdmx,"Quarterly national accounts (PBS, SDMX)",pbs,growth,"National Accounts, Expenditure, Gross Domestic Product, External Balance of Goods and Services, Exports of Goods and Services, Nominal, Fiscal Year, National Currency [NX_FY_XDC] (BASE_PER=_Z)",million PKR,quarterly,2015-09-30,2026-03-31,43,https://www.pbs.gov.pk/national-accounts
pbs_quarterly_national_accounts_sdmx,"Quarterly national accounts (PBS, SDMX)",pbs,growth,"National Accounts, Expenditure, Gross Domestic Product, External Balance of Goods and Services, Exports of Goods and Services, Real, Fiscal Year, National Currency [NX_R_FY_XDC] (BASE_PER=2015-16)",million PKR,quarterly,2015-09-30,2026-03-31,43,https://www.pbs.gov.pk/national-accounts
pbs_quarterly_national_accounts_sdmx,"Quarterly national accounts (PBS, SDMX)",pbs,growth,"National Accounts, Expenditure, Gross Domestic Product, External Balance of Goods and Services, Imports of Goods and Services, Nominal, Fiscal Year, National Currency [NM_FY_XDC] (BASE_PER=_Z)",million PKR,quarterly,2015-09-30,2026-03-31,43,https://www.pbs.gov.pk/national-accounts
pbs_quarterly_national_accounts_sdmx,"Quarterly national accounts (PBS, SDMX)",pbs,growth,"National Accounts, Expenditure, Gross Domestic Product, External Balance of Goods and Services, Imports of Goods and Services, Real, Fiscal Year, National Currency [NM_R_FY_XDC] (BASE_PER=2015-16)",million PKR,quarterly,2015-09-30,2026-03-31,43,https://www.pbs.gov.pk/national-accounts
pbs_quarterly_national_accounts_sdmx,"Quarterly national accounts (PBS, SDMX)",pbs,growth,"National Accounts, Expenditure, Gross Domestic Product, Final Consumption Expenditure, Private Sector (Households and Non-profit Institutions Serving Households), Households (Individual), Nominal, Fiscal Year, National Currency [NCPHI_FY_XDC] (BASE_PER=_Z)",million PKR,quarterly,2015-09-30,2026-03-31,43,https://www.pbs.gov.pk/national-accounts
pbs_quarterly_national_accounts_sdmx,"Quarterly national accounts (PBS, SDMX)",pbs,growth,"National Accounts, Expenditure, Gross Domestic Product, Final Consumption Expenditure, Private Sector (Households and Non-profit Institutions Serving Households), Households (Individual), Real, Fiscal Year, National Currency [NCPHI_R_FY_XDC] (BASE_PER=2015-16)",million PKR,quarterly,2015-09-30,2026-03-31,43,https://www.pbs.gov.pk/national-accounts
pbs_quarterly_national_accounts_sdmx,"Quarterly national accounts (PBS, SDMX)",pbs,growth,"National Accounts, Expenditure, Gross Domestic Product, Final Consumption Expenditure, Private Sector (Households and Non-profit Institutions Serving Households), Non-profit Institutions Serving Households (NPISHs) (Individual), Nominal, Fiscal Year, National Currency [NCPHN_FY_XDC] (BASE_PER=_Z)",million PKR,quarterly,2015-09-30,2026-03-31,43,https://www.pbs.gov.pk/national-accounts
pbs_quarterly_national_accounts_sdmx,"Quarterly national accounts (PBS, SDMX)",pbs,growth,"National Accounts, Expenditure, Gross Domestic Product, Final Consumption Expenditure, Private Sector (Households and Non-profit Institutions Serving Households), Non-profit Institutions Serving Households (NPISHs) (Individual), Real, Fiscal Year, National Currency [NCPHN_R_FY_XDC] (BASE_PER=2015-16)",million PKR,quarterly,2015-09-30,2026-03-31,43,https://www.pbs.gov.pk/national-accounts
pbs_quarterly_national_accounts_sdmx,"Quarterly national accounts (PBS, SDMX)",pbs,growth,"National Accounts, Expenditure, Gross Domestic Product, Final Consumption Expenditure, Public Sector (General Government and Public Corporations), General Government, Nominal, Fiscal Year, National Currency [NCGG_FY_XDC] (BASE_PER=_Z)",million PKR,quarterly,2015-09-30,2026-03-31,43,https://www.pbs.gov.pk/national-accounts
pbs_quarterly_national_accounts_sdmx,"Quarterly national accounts (PBS, SDMX)",pbs,growth,"National Accounts, Expenditure, Gross Domestic Product, Final Consumption Expenditure, Public Sector (General Government and Public Corporations), General Government, Real, Fiscal Year, National Currency [NCGG_R_FY_XDC] (BASE_PER=2015-16)",million PKR,quarterly,2015-09-30,2026-03-31,43,https://www.pbs.gov.pk/national-accounts
pbs_quarterly_national_accounts_sdmx,"Quarterly national accounts (PBS, SDMX)",pbs,growth,"National Accounts, Expenditure, Gross Domestic Product, Gross Capital Formation, Acquisitions less Disposals of Valuables, Nominal, Fiscal Year, National Currency [NFG_FY_XDC] (BASE_PER=_Z)",million PKR,quarterly,2015-09-30,2026-03-31,43,https://www.pbs.gov.pk/national-accounts
pbs_quarterly_national_accounts_sdmx,"Quarterly national accounts (PBS, SDMX)",pbs,growth,"National Accounts, Expenditure, Gross Domestic Product, Gross Capital Formation, Acquisitions less Disposals of Valuables, Real, Fiscal Year, National Currency [NFG_R_FY_XDC] (BASE_PER=2015-16)",million PKR,quarterly,2015-09-30,2026-03-31,43,https://www.pbs.gov.pk/national-accounts
pbs_quarterly_national_accounts_sdmx,"Quarterly national accounts (PBS, SDMX)",pbs,growth,"National Accounts, Expenditure, Gross Domestic Product, Gross Capital Formation, Changes in Inventories, Nominal, Fiscal Year, National Currency [NINV_FY_XDC] (BASE_PER=_Z)",million PKR,quarterly,2015-09-30,2026-03-31,43,https://www.pbs.gov.pk/national-accounts
pbs_quarterly_national_accounts_sdmx,"Quarterly national accounts (PBS, SDMX)",pbs,growth,"National Accounts, Expenditure, Gross Domestic Product, Gross Capital Formation, Changes in Inventories, Real, Fiscal Year, National Currency [NINV_R_FY_XDC] (BASE_PER=2015-16)",million PKR,quarterly,2015-09-30,2026-03-31,43,https://www.pbs.gov.pk/national-accounts
pbs_quarterly_national_accounts_sdmx,"Quarterly national accounts (PBS, SDMX)",pbs,growth,"National Accounts, Expenditure, Gross Domestic Product, Gross Capital Formation, Nominal, Fiscal Year, National Currency [NI_FY_XDC] (BASE_PER=_Z)",million PKR,quarterly,2015-09-30,2026-03-31,43,https://www.pbs.gov.pk/national-accounts
pbs_quarterly_national_accounts_sdmx,"Quarterly national accounts (PBS, SDMX)",pbs,growth,"National Accounts, Expenditure, Gross Domestic Product, Gross Capital Formation, Real, Fiscal Year, National Currency [NI_R_FY_XDC] (BASE_PER=2015-16)",million PKR,quarterly,2015-09-30,2026-03-31,43,https://www.pbs.gov.pk/national-accounts
pbs_quarterly_national_accounts_sdmx,"Quarterly national accounts (PBS, SDMX)",pbs,growth,"National Accounts, Expenditure, Gross Domestic Product, Nominal, Fiscal Year, National Currency [NGDP_FY_XDC] (BASE_PER=_Z)",million PKR,quarterly,2015-09-30,2026-03-31,43,https://www.pbs.gov.pk/national-accounts
pbs_quarterly_national_accounts_sdmx,"Quarterly national accounts (PBS, SDMX)",pbs,growth,"National Accounts, Expenditure, Gross Domestic Product, Real, Fiscal Year, National Currency [NGDP_R_FY_XDC] (BASE_PER=2015-16)",million PKR,quarterly,2015-09-30,2026-03-31,43,https://www.pbs.gov.pk/national-accounts
pbs_quarterly_national_accounts_sdmx,"Quarterly national accounts (PBS, SDMX)",pbs,growth,"National Accounts, GDP-GNP Relation, Net Primary Income from Abroad, Nominal, National Currency (base 2015-16) [NGDPNPI_BY2015-2016_XDC] (BASE_PER=2015-16)",million PKR,quarterly,2015-09-30,2026-03-31,43,https://www.pbs.gov.pk/national-accounts
pbs_quarterly_national_accounts_sdmx,"Quarterly national accounts (PBS, SDMX)",pbs,growth,"National Accounts, GDP-GNP Relation, Net Primary Income from Abroad, Nominal, National Currency [NGDPNPI_XDC] (BASE_PER=_Z)",million PKR,quarterly,2015-09-30,2026-03-31,43,https://www.pbs.gov.pk/national-accounts
pbs_quarterly_national_accounts_sdmx,"Quarterly national accounts (PBS, SDMX)",pbs,growth,"National Accounts, Income, Savings, and Investment, Gross Domestic Product (Income Generated by Resident Producers), National Income, Gross, Nominal, National Currency (base 2015-16) [NYG_BY2015-2016_XDC] (BASE_PER=2015-16)",million PKR,quarterly,2015-09-30,2026-03-31,43,https://www.pbs.gov.pk/national-accounts
pbs_quarterly_national_accounts_sdmx,"Quarterly national accounts (PBS, SDMX)",pbs,growth,"National Accounts, Income, Savings, and Investment, Gross Domestic Product (Income Generated by Resident Producers), National Income, Gross, Nominal, National Currency [NYG_XDC] (BASE_PER=_Z)",million PKR,quarterly,2015-09-30,2026-03-31,43,https://www.pbs.gov.pk/national-accounts
pbs_quarterly_national_accounts_sdmx,"Quarterly national accounts (PBS, SDMX)",pbs,growth,"Pakistan Definition, National Accounts, Gross Value Added, by Activity, A. Agricultural Sector ( 1 to 4 ), 1. Crops ( i+ii+iii), i) Important Crops, Nominal, National Currency [PAK_NAG_ISIC4_A011T013_IC_XDC] (BASE_PER=_Z)",million PKR,quarterly,2015-09-30,2026-03-31,43,https://www.pbs.gov.pk/national-accounts
pbs_quarterly_national_accounts_sdmx,"Quarterly national accounts (PBS, SDMX)",pbs,growth,"Pakistan Definition, National Accounts, Gross Value Added, by Activity, A. Agricultural Sector ( 1 to 4 ), 1. Crops ( i+ii+iii), i) Important Crops, Real, National Currency [PAK_NAG_R_ISIC4_A011T013_IC_XDC] (BASE_PER=2015-16)",million PKR,quarterly,2015-09-30,2026-03-31,43,https://www.pbs.gov.pk/national-accounts
pbs_quarterly_national_accounts_sdmx,"Quarterly national accounts (PBS, SDMX)",pbs,growth,"Pakistan Definition, National Accounts, Gross Value Added, by Activity, A. Agricultural Sector ( 1 to 4 ), 1. Crops ( i+ii+iii), ii) Other Crops, Nominal, National Currency [PAK_NAG_ISIC4_A011T013_OC_XDC] (BASE_PER=_Z)",million PKR,quarterly,2015-09-30,2026-03-31,43,https://www.pbs.gov.pk/national-accounts
pbs_quarterly_national_accounts_sdmx,"Quarterly national accounts (PBS, SDMX)",pbs,growth,"Pakistan Definition, National Accounts, Gross Value Added, by Activity, A. Agricultural Sector ( 1 to 4 ), 1. Crops ( i+ii+iii), ii) Other Crops, Real, National Currency [PAK_NAG_R_ISIC4_A011T013_OC_XDC] (BASE_PER=2015-16)",million PKR,quarterly,2015-09-30,2026-03-31,43,https://www.pbs.gov.pk/national-accounts
pbs_quarterly_national_accounts_sdmx,"Quarterly national accounts (PBS, SDMX)",pbs,growth,"Pakistan Definition, National Accounts, Gross Value Added, by Activity, A. Agricultural Sector ( 1 to 4 ), 1. Crops ( i+ii+iii), iii) Cotton Ginning, Nominal, National Currency [PAK_NAG_ISIC4_A011T013_CG_XDC] (BASE_PER=_Z)",million PKR,quarterly,2015-09-30,2026-03-31,43,https://www.pbs.gov.pk/national-accounts
pbs_quarterly_national_accounts_sdmx,"Quarterly national accounts (PBS, SDMX)",pbs,growth,"Pakistan Definition, National Accounts, Gross Value Added, by Activity, A. Agricultural Sector ( 1 to 4 ), 1. Crops ( i+ii+iii), iii) Cotton Ginning, Real, National Currency [PAK_NAG_R_ISIC4_A011T013_CG_XDC] (BASE_PER=2015-16)",million PKR,quarterly,2015-09-30,2026-03-31,43,https://www.pbs.gov.pk/national-accounts
pbs_quarterly_national_accounts_sdmx,"Quarterly national accounts (PBS, SDMX)",pbs,growth,"Pakistan Definition, National Accounts, Gross Value Added, by Activity, Commodity Producing Sectors, Nominal, National Currency [PAK_NAG_ISIC4_NGDPIA_XDC] (BASE_PER=_Z)",million PKR,quarterly,2015-09-30,2026-03-31,43,https://www.pbs.gov.pk/national-accounts
pbs_quarterly_national_accounts_sdmx,"Quarterly national accounts (PBS, SDMX)",pbs,growth,"Pakistan Definition, National Accounts, Gross Value Added, by Activity, Commodity Producing Sectors, Real, National Currency [PAK_NAG_R_ISIC4_NGDPIA_XDC] (BASE_PER=2015-16)",million PKR,quarterly,2015-09-30,2026-03-31,43,https://www.pbs.gov.pk/national-accounts
pbs_quarterly_national_accounts_sdmx,"Quarterly national accounts (PBS, SDMX)",pbs,growth,"Pakistan Definition, National Accounts, Gross Value Added, by Activity, Industrical Activities, Real, National Currency [PAK_NAG_R_ISIC4_NGDPI_XDC] (BASE_PER=2015-16)",million PKR,quarterly,2015-09-30,2026-03-31,43,https://www.pbs.gov.pk/national-accounts
pbs_quarterly_national_accounts_sdmx,"Quarterly national accounts (PBS, SDMX)",pbs,growth,"Pakistan Definition, National Accounts, Gross Value Added, by Activity, Manufacturing, Large Scale, Nominal, National Currency [PAK_NGA_NGDPVA_ISIC4_C_LS_XDC] (BASE_PER=_Z)",million PKR,quarterly,2015-09-30,2026-03-31,43,https://www.pbs.gov.pk/national-accounts
pbs_quarterly_national_accounts_sdmx,"Quarterly national accounts (PBS, SDMX)",pbs,growth,"Pakistan Definition, National Accounts, Gross Value Added, by Activity, Manufacturing, Large Scale, Real, National Currency [PAK_NGA_NGDPVA_R_ISIC4_C_LS_XDC] (BASE_PER=2015-16)",million PKR,quarterly,2015-09-30,2026-03-31,43,https://www.pbs.gov.pk/national-accounts
pbs_quarterly_national_accounts_sdmx,"Quarterly national accounts (PBS, SDMX)",pbs,growth,"Pakistan Definition, National Accounts, Gross Value Added, by Activity, Manufacturing, Slaughtering Scale, Nominal, National Currency [PAK_NGA_NGDPVA_ISIC4_C_S_XDC] (BASE_PER=_Z)",million PKR,quarterly,2015-09-30,2026-03-31,43,https://www.pbs.gov.pk/national-accounts
pbs_quarterly_national_accounts_sdmx,"Quarterly national accounts (PBS, SDMX)",pbs,growth,"Pakistan Definition, National Accounts, Gross Value Added, by Activity, Manufacturing, Slaughtering Scale, Real, National Currency [PAK_NGA_NGDPVA_R_ISIC4_C_S_XDC] (BASE_PER=2015-16)",million PKR,quarterly,2015-09-30,2026-03-31,43,https://www.pbs.gov.pk/national-accounts
pbs_quarterly_national_accounts_sdmx,"Quarterly national accounts (PBS, SDMX)",pbs,growth,"Pakistan Definition, National Accounts, Gross Value Added, by Activity, Manufacturing, Smale Scale, Nominal, National Currency [PAK_NGA_NGDPVA_ISIC4_C_SS_XDC] (BASE_PER=_Z)",million PKR,quarterly,2015-09-30,2026-03-31,43,https://www.pbs.gov.pk/national-accounts
pbs_quarterly_national_accounts_sdmx,"Quarterly national accounts (PBS, SDMX)",pbs,growth,"Pakistan Definition, National Accounts, Gross Value Added, by Activity, Manufacturing, Smale Scale, Real, National Currency [PAK_NGA_NGDPVA_R_ISIC4_C_SS_XDC] (BASE_PER=2015-16)",million PKR,quarterly,2015-09-30,2026-03-31,43,https://www.pbs.gov.pk/national-accounts
pbs_quarterly_national_accounts_sdmx,"Quarterly national accounts (PBS, SDMX)",pbs,growth,"Pakistan Definition, National Accounts, Gross Value Added, by Activity, Services, Nominal, National Currency [PAK_NAG_ISIC4_NGDPS_XDC] (BASE_PER=_Z)",million PKR,quarterly,2015-09-30,2026-03-31,43,https://www.pbs.gov.pk/national-accounts
sbp_gdp_annual,"Gross Domestic Product of Pakistan (annual, by sector)",sbp,growth,1. Crops ( i+ii+iii),million PKR (constant 2015-16),annual,2000-06-30,2026-06-30,27,https://www.sbp.org.pk/ecodata/index2.asp
sbp_gdp_annual,"Gross Domestic Product of Pakistan (annual, by sector)",sbp,growth,1. Mining and Quarrying,million PKR (constant 2015-16),annual,2000-06-30,2026-06-30,27,https://www.sbp.org.pk/ecodata/index2.asp
sbp_gdp_annual,"Gross Domestic Product of Pakistan (annual, by sector)",sbp,growth,1. Wholesale & Retail trade,million PKR (constant 2015-16),annual,2000-06-30,2026-06-30,27,https://www.sbp.org.pk/ecodata/index2.asp
sbp_gdp_annual,"Gross Domestic Product of Pakistan (annual, by sector)",sbp,growth,10. Other Private Services,million PKR (constant 2015-16),annual,2000-06-30,2026-06-30,27,https://www.sbp.org.pk/ecodata/index2.asp
sbp_gdp_annual,"Gross Domestic Product of Pakistan (annual, by sector)",sbp,growth,2. Livestock,million PKR (constant 2015-16),annual,2000-06-30,2026-06-30,27,https://www.sbp.org.pk/ecodata/index2.asp
sbp_gdp_annual,"Gross Domestic Product of Pakistan (annual, by sector)",sbp,growth,2. Manufacturing ( i+ii+iii),million PKR (constant 2015-16),annual,2000-06-30,2026-06-30,27,https://www.sbp.org.pk/ecodata/index2.asp
sbp_gdp_annual,"Gross Domestic Product of Pakistan (annual, by sector)",sbp,growth,2. Transportation & Storage,million PKR (constant 2015-16),annual,2000-06-30,2026-06-30,27,https://www.sbp.org.pk/ecodata/index2.asp
sbp_gdp_annual,"Gross Domestic Product of Pakistan (annual, by sector)",sbp,growth,"3 Electricity, Gas and Water supply",million PKR (constant 2015-16),annual,2000-06-30,2026-06-30,27,https://www.sbp.org.pk/ecodata/index2.asp
sbp_gdp_annual,"Gross Domestic Product of Pakistan (annual, by sector)",sbp,growth,3. Accommodation and Food Services Activities (Hotels & Restaurants),million PKR (constant 2015-16),annual,2000-06-30,2026-06-30,27,https://www.sbp.org.pk/ecodata/index2.asp
sbp_gdp_annual,"Gross Domestic Product of Pakistan (annual, by sector)",sbp,growth,3. Forestry,million PKR (constant 2015-16),annual,2000-06-30,2026-06-30,27,https://www.sbp.org.pk/ecodata/index2.asp
sbp_gdp_annual,"Gross Domestic Product of Pakistan (annual, by sector)",sbp,growth,4. Construction,million PKR (constant 2015-16),annual,2000-06-30,2026-06-30,27,https://www.sbp.org.pk/ecodata/index2.asp
sbp_gdp_annual,"Gross Domestic Product of Pakistan (annual, by sector)",sbp,growth,4. Fishing,million PKR (constant 2015-16),annual,2000-06-30,2026-06-30,27,https://www.sbp.org.pk/ecodata/index2.asp
sbp_gdp_annual,"Gross Domestic Product of Pakistan (annual, by sector)",sbp,growth,4. Information and Communication,million PKR (constant 2015-16),annual,2000-06-30,2026-06-30,27,https://www.sbp.org.pk/ecodata/index2.asp
sbp_gdp_annual,"Gross Domestic Product of Pakistan (annual, by sector)",sbp,growth,5. Financial and Insurance Activities,million PKR (constant 2015-16),annual,2000-06-30,2026-06-30,27,https://www.sbp.org.pk/ecodata/index2.asp
sbp_gdp_annual,"Gross Domestic Product of Pakistan (annual, by sector)",sbp,growth,6. Real Estate Activities (OD),million PKR (constant 2015-16),annual,2000-06-30,2026-06-30,27,https://www.sbp.org.pk/ecodata/index2.asp
sbp_gdp_annual,"Gross Domestic Product of Pakistan (annual, by sector)",sbp,growth,7. Public Administration and Social Security (General Government),million PKR (constant 2015-16),annual,2000-06-30,2026-06-30,27,https://www.sbp.org.pk/ecodata/index2.asp
sbp_gdp_annual,"Gross Domestic Product of Pakistan (annual, by sector)",sbp,growth,8. Education,million PKR (constant 2015-16),annual,2000-06-30,2026-06-30,27,https://www.sbp.org.pk/ecodata/index2.asp
sbp_gdp_annual,"Gross Domestic Product of Pakistan (annual, by sector)",sbp,growth,9. Human Health and Social Work Activities,million PKR (constant 2015-16),annual,2000-06-30,2026-06-30,27,https://www.sbp.org.pk/ecodata/index2.asp
sbp_gdp_annual,"Gross Domestic Product of Pakistan (annual, by sector)",sbp,growth,"Agriculture, Forestry and Fishing ( 1 to 4 )",million PKR (constant 2015-16),annual,2000-06-30,2026-06-30,27,https://www.sbp.org.pk/ecodata/index2.asp
sbp_gdp_annual,"Gross Domestic Product of Pakistan (annual, by sector)",sbp,growth,Commodity Producing Activities (A+B),million PKR (constant 2015-16),annual,2000-06-30,2026-06-30,27,https://www.sbp.org.pk/ecodata/index2.asp
sbp_gdp_annual,"Gross Domestic Product of Pakistan (annual, by sector)",sbp,growth,GDP (at Current Market Prices),million PKR (constant 2015-16),annual,2000-06-30,2026-06-30,27,https://www.sbp.org.pk/ecodata/index2.asp
sbp_gdp_annual,"Gross Domestic Product of Pakistan (annual, by sector)",sbp,growth,GDP Growth Rate (%),% YoY,annual,2001-06-30,2026-06-30,26,https://www.sbp.org.pk/ecodata/index2.asp
sbp_gdp_annual,"Gross Domestic Product of Pakistan (annual, by sector)",sbp,growth,GDP at mp (GVA+T-S),million PKR (constant 2015-16),annual,2000-06-30,2026-06-30,27,https://www.sbp.org.pk/ecodata/index2.asp
sbp_gdp_annual,"Gross Domestic Product of Pakistan (annual, by sector)",sbp,growth,GDP {Total of GVA at bp (A+B+C),million PKR (constant 2015-16),annual,2000-06-30,2026-06-30,27,https://www.sbp.org.pk/ecodata/index2.asp
sbp_gdp_annual,"Gross Domestic Product of Pakistan (annual, by sector)",sbp,growth,Gross National Income,million PKR (constant 2015-16),annual,2000-06-30,2026-06-30,27,https://www.sbp.org.pk/ecodata/index2.asp
sbp_gdp_annual,"Gross Domestic Product of Pakistan (annual, by sector)",sbp,growth,Industrial Activities ( 1 to 4 ),million PKR (constant 2015-16),annual,2000-06-30,2026-06-30,27,https://www.sbp.org.pk/ecodata/index2.asp
sbp_gdp_annual,"Gross Domestic Product of Pakistan (annual, by sector)",sbp,growth,Net Primary Income (NPI),million PKR (constant 2015-16),annual,2000-06-30,2026-06-30,27,https://www.sbp.org.pk/ecodata/index2.asp
sbp_gdp_annual,"Gross Domestic Product of Pakistan (annual, by sector)",sbp,growth,Services ( 1 to 10),million PKR (constant 2015-16),annual,2000-06-30,2026-06-30,27,https://www.sbp.org.pk/ecodata/index2.asp
sbp_gdp_annual,"Gross Domestic Product of Pakistan (annual, by sector)",sbp,growth,Subsidies,million PKR (constant 2015-16),annual,2000-06-30,2026-06-30,27,https://www.sbp.org.pk/ecodata/index2.asp
sbp_gdp_annual,"Gross Domestic Product of Pakistan (annual, by sector)",sbp,growth,Taxes,million PKR (constant 2015-16),annual,2000-06-30,2026-06-30,27,https://www.sbp.org.pk/ecodata/index2.asp
sbp_gdp_annual,"Gross Domestic Product of Pakistan (annual, by sector)",sbp,growth,i) Important Crops,million PKR (constant 2015-16),annual,2000-06-30,2026-06-30,27,https://www.sbp.org.pk/ecodata/index2.asp
sbp_gdp_annual,"Gross Domestic Product of Pakistan (annual, by sector)",sbp,growth,i) Large Scale,million PKR (constant 2015-16),annual,2000-06-30,2026-06-30,27,https://www.sbp.org.pk/ecodata/index2.asp
sbp_gdp_annual,"Gross Domestic Product of Pakistan (annual, by sector)",sbp,growth,ii) Other Crops,million PKR (constant 2015-16),annual,2000-06-30,2026-06-30,27,https://www.sbp.org.pk/ecodata/index2.asp
sbp_gdp_annual,"Gross Domestic Product of Pakistan (annual, by sector)",sbp,growth,ii) Small Scale,million PKR (constant 2015-16),annual,2000-06-30,2026-06-30,27,https://www.sbp.org.pk/ecodata/index2.asp
sbp_gdp_annual,"Gross Domestic Product of Pakistan (annual, by sector)",sbp,growth,iii) Cotton Ginning,million PKR (constant 2015-16),annual,2000-06-30,2026-06-30,27,https://www.sbp.org.pk/ecodata/index2.asp
sbp_gdp_annual,"Gross Domestic Product of Pakistan (annual, by sector)",sbp,growth,iii) Slaughtering,million PKR (constant 2015-16),annual,2000-06-30,2026-06-30,27,https://www.sbp.org.pk/ecodata/index2.asp
sbp_gdp_quarterly,Quarterly GDP (constant basic prices) and quarterly growth,sbp,growth,1. Crops (i+ii+iii) — growth,% YoY,quarterly,2016-09-30,2026-03-31,39,https://www.sbp.org.pk/ecodata/index2.asp
sbp_gdp_quarterly,Quarterly GDP (constant basic prices) and quarterly growth,sbp,growth,1. Crops (i+ii+iii) — level,million PKR (constant basic prices),quarterly,2015-09-30,2026-03-31,43,https://www.sbp.org.pk/ecodata/index2.asp
sbp_gdp_quarterly,Quarterly GDP (constant basic prices) and quarterly growth,sbp,growth,1. Mining & Quarrying — growth,% YoY,quarterly,2016-09-30,2026-03-31,39,https://www.sbp.org.pk/ecodata/index2.asp
sbp_gdp_quarterly,Quarterly GDP (constant basic prices) and quarterly growth,sbp,growth,1. Mining & Quarrying — level,million PKR (constant basic prices),quarterly,2015-09-30,2026-03-31,43,https://www.sbp.org.pk/ecodata/index2.asp
sbp_gdp_quarterly,Quarterly GDP (constant basic prices) and quarterly growth,sbp,growth,1. Wholesale & Retail Trade — growth,% YoY,quarterly,2016-09-30,2026-03-31,39,https://www.sbp.org.pk/ecodata/index2.asp
sbp_gdp_quarterly,Quarterly GDP (constant basic prices) and quarterly growth,sbp,growth,1. Wholesale & Retail Trade — level,million PKR (constant basic prices),quarterly,2015-09-30,2026-03-31,43,https://www.sbp.org.pk/ecodata/index2.asp
sbp_gdp_quarterly,Quarterly GDP (constant basic prices) and quarterly growth,sbp,growth,10. Other Private Services — growth,% YoY,quarterly,2016-09-30,2026-03-31,39,https://www.sbp.org.pk/ecodata/index2.asp
sbp_gdp_quarterly,Quarterly GDP (constant basic prices) and quarterly growth,sbp,growth,10. Other Private Services — level,million PKR (constant basic prices),quarterly,2015-09-30,2026-03-31,43,https://www.sbp.org.pk/ecodata/index2.asp
sbp_gdp_quarterly,Quarterly GDP (constant basic prices) and quarterly growth,sbp,growth,2. Livestock — growth,% YoY,quarterly,2016-09-30,2026-03-31,39,https://www.sbp.org.pk/ecodata/index2.asp
sbp_gdp_quarterly,Quarterly GDP (constant basic prices) and quarterly growth,sbp,growth,2. Livestock — level,million PKR (constant basic prices),quarterly,2015-09-30,2026-03-31,43,https://www.sbp.org.pk/ecodata/index2.asp
sbp_gdp_quarterly,Quarterly GDP (constant basic prices) and quarterly growth,sbp,growth,2. Manufacturing (i+ii+iii) — growth,% YoY,quarterly,2016-09-30,2026-03-31,39,https://www.sbp.org.pk/ecodata/index2.asp
sbp_gdp_quarterly,Quarterly GDP (constant basic prices) and quarterly growth,sbp,growth,2. Manufacturing (i+ii+iii) — level,million PKR (constant basic prices),quarterly,2015-09-30,2026-03-31,43,https://www.sbp.org.pk/ecodata/index2.asp
sbp_gdp_quarterly,Quarterly GDP (constant basic prices) and quarterly growth,sbp,growth,2. Transport& Storage — growth,% YoY,quarterly,2016-09-30,2026-03-31,39,https://www.sbp.org.pk/ecodata/index2.asp
sbp_gdp_quarterly,Quarterly GDP (constant basic prices) and quarterly growth,sbp,growth,2. Transport& Storage — level,million PKR (constant basic prices),quarterly,2015-09-30,2026-03-31,43,https://www.sbp.org.pk/ecodata/index2.asp
sbp_gdp_quarterly,Quarterly GDP (constant basic prices) and quarterly growth,sbp,growth,3. Accomodation and Food Services Activities (Hotels & Restaurants) — growth,% YoY,quarterly,2016-09-30,2026-03-31,39,https://www.sbp.org.pk/ecodata/index2.asp
sbp_gdp_quarterly,Quarterly GDP (constant basic prices) and quarterly growth,sbp,growth,3. Accomodation and Food Services Activities (Hotels & Restaurants) — level,million PKR (constant basic prices),quarterly,2015-09-30,2026-03-31,43,https://www.sbp.org.pk/ecodata/index2.asp
sbp_gdp_quarterly,Quarterly GDP (constant basic prices) and quarterly growth,sbp,growth,"3. Electricity, gas and water supply — growth",% YoY,quarterly,2016-09-30,2026-03-31,39,https://www.sbp.org.pk/ecodata/index2.asp
sbp_gdp_quarterly,Quarterly GDP (constant basic prices) and quarterly growth,sbp,growth,"3. Electricity, gas and water supply — level",million PKR (constant basic prices),quarterly,2015-09-30,2026-03-31,43,https://www.sbp.org.pk/ecodata/index2.asp
sbp_gdp_quarterly,Quarterly GDP (constant basic prices) and quarterly growth,sbp,growth,3. Forestry — growth,% YoY,quarterly,2016-09-30,2026-03-31,39,https://www.sbp.org.pk/ecodata/index2.asp
sbp_gdp_quarterly,Quarterly GDP (constant basic prices) and quarterly growth,sbp,growth,3. Forestry — level,million PKR (constant basic prices),quarterly,2015-09-30,2026-03-31,43,https://www.sbp.org.pk/ecodata/index2.asp
sbp_gdp_quarterly,Quarterly GDP (constant basic prices) and quarterly growth,sbp,growth,4. Construction — growth,% YoY,quarterly,2016-09-30,2026-03-31,39,https://www.sbp.org.pk/ecodata/index2.asp
sbp_gdp_quarterly,Quarterly GDP (constant basic prices) and quarterly growth,sbp,growth,4. Construction — level,million PKR (constant basic prices),quarterly,2015-09-30,2026-03-31,43,https://www.sbp.org.pk/ecodata/index2.asp
sbp_gdp_quarterly,Quarterly GDP (constant basic prices) and quarterly growth,sbp,growth,4. Fishing — growth,% YoY,quarterly,2016-09-30,2026-03-31,39,https://www.sbp.org.pk/ecodata/index2.asp
sbp_gdp_quarterly,Quarterly GDP (constant basic prices) and quarterly growth,sbp,growth,4. Fishing — level,million PKR (constant basic prices),quarterly,2015-09-30,2026-03-31,43,https://www.sbp.org.pk/ecodata/index2.asp
sbp_gdp_quarterly,Quarterly GDP (constant basic prices) and quarterly growth,sbp,growth,4. Information and Communication — growth,% YoY,quarterly,2016-09-30,2026-03-31,39,https://www.sbp.org.pk/ecodata/index2.asp
sbp_gdp_quarterly,Quarterly GDP (constant basic prices) and quarterly growth,sbp,growth,4. Information and Communication — level,million PKR (constant basic prices),quarterly,2015-09-30,2026-03-31,43,https://www.sbp.org.pk/ecodata/index2.asp
sbp_gdp_quarterly,Quarterly GDP (constant basic prices) and quarterly growth,sbp,growth,5. Finance & Insurance Activities — growth,% YoY,quarterly,2016-09-30,2026-03-31,39,https://www.sbp.org.pk/ecodata/index2.asp
sbp_gdp_quarterly,Quarterly GDP (constant basic prices) and quarterly growth,sbp,growth,5. Finance & Insurance Activities — level,million PKR (constant basic prices),quarterly,2015-09-30,2026-03-31,43,https://www.sbp.org.pk/ecodata/index2.asp
sbp_gdp_quarterly,Quarterly GDP (constant basic prices) and quarterly growth,sbp,growth,6. Real Estate Activities (Ownership of Dwellings) — growth,% YoY,quarterly,2016-09-30,2026-03-31,39,https://www.sbp.org.pk/ecodata/index2.asp
sbp_gdp_quarterly,Quarterly GDP (constant basic prices) and quarterly growth,sbp,growth,6. Real Estate Activities (Ownership of Dwellings) — level,million PKR (constant basic prices),quarterly,2015-09-30,2026-03-31,43,https://www.sbp.org.pk/ecodata/index2.asp
sbp_gdp_quarterly,Quarterly GDP (constant basic prices) and quarterly growth,sbp,growth,7. Public Administration and Social Security (General Government) — growth,% YoY,quarterly,2016-09-30,2026-03-31,39,https://www.sbp.org.pk/ecodata/index2.asp
sbp_gdp_quarterly,Quarterly GDP (constant basic prices) and quarterly growth,sbp,growth,7. Public Administration and Social Security (General Government) — level,million PKR (constant basic prices),quarterly,2015-09-30,2026-03-31,43,https://www.sbp.org.pk/ecodata/index2.asp
sbp_gdp_quarterly,Quarterly GDP (constant basic prices) and quarterly growth,sbp,growth,8. Education — growth,% YoY,quarterly,2016-09-30,2026-03-31,39,https://www.sbp.org.pk/ecodata/index2.asp
sbp_gdp_quarterly,Quarterly GDP (constant basic prices) and quarterly growth,sbp,growth,8. Education — level,million PKR (constant basic prices),quarterly,2015-09-30,2026-03-31,43,https://www.sbp.org.pk/ecodata/index2.asp
sbp_gdp_quarterly,Quarterly GDP (constant basic prices) and quarterly growth,sbp,growth,9. Human Health and Social Work Activities — growth,% YoY,quarterly,2016-09-30,2026-03-31,39,https://www.sbp.org.pk/ecodata/index2.asp
sbp_gdp_quarterly,Quarterly GDP (constant basic prices) and quarterly growth,sbp,growth,9. Human Health and Social Work Activities — level,million PKR (constant basic prices),quarterly,2015-09-30,2026-03-31,43,https://www.sbp.org.pk/ecodata/index2.asp
sbp_gdp_quarterly,Quarterly GDP (constant basic prices) and quarterly growth,sbp,growth,Agriculture Sector (1 to 4) — growth,% YoY,quarterly,2016-09-30,2026-03-31,39,https://www.sbp.org.pk/ecodata/index2.asp
sbp_gdp_quarterly,Quarterly GDP (constant basic prices) and quarterly growth,sbp,growth,Agriculture Sector (1 to 4) — level,million PKR (constant basic prices),quarterly,2015-09-30,2026-03-31,43,https://www.sbp.org.pk/ecodata/index2.asp
sbp_gdp_quarterly,Quarterly GDP (constant basic prices) and quarterly growth,sbp,growth,Commodity Producing Sector (A+B) — growth,% YoY,quarterly,2016-09-30,2026-03-31,39,https://www.sbp.org.pk/ecodata/index2.asp
sbp_gdp_quarterly,Quarterly GDP (constant basic prices) and quarterly growth,sbp,growth,Commodity Producing Sector (A+B) — level,million PKR (constant basic prices),quarterly,2015-09-30,2026-03-31,43,https://www.sbp.org.pk/ecodata/index2.asp
sbp_gdp_quarterly,Quarterly GDP (constant basic prices) and quarterly growth,sbp,growth,GDP at mp (GVA+NT — level,million PKR (constant basic prices),quarterly,2015-09-30,2026-03-31,43,https://www.sbp.org.pk/ecodata/index2.asp
sbp_gdp_quarterly,Quarterly GDP (constant basic prices) and quarterly growth,sbp,growth,Gross National Income — level,million PKR (constant basic prices),quarterly,2015-09-30,2026-03-31,43,https://www.sbp.org.pk/ecodata/index2.asp
sbp_gdp_quarterly,Quarterly GDP (constant basic prices) and quarterly growth,sbp,growth,Industrial Sector (1 to 4) — growth,% YoY,quarterly,2016-09-30,2026-03-31,39,https://www.sbp.org.pk/ecodata/index2.asp
sbp_gdp_quarterly,Quarterly GDP (constant basic prices) and quarterly growth,sbp,growth,Industrial Sector (1 to 4) — level,million PKR (constant basic prices),quarterly,2015-09-30,2026-03-31,43,https://www.sbp.org.pk/ecodata/index2.asp
sbp_gdp_quarterly,Quarterly GDP (constant basic prices) and quarterly growth,sbp,growth,Net Primary Income (NPI) — level,million PKR (constant basic prices),quarterly,2015-09-30,2026-03-31,43,https://www.sbp.org.pk/ecodata/index2.asp
sbp_gdp_quarterly,Quarterly GDP (constant basic prices) and quarterly growth,sbp,growth,Net Taxes — level,million PKR (constant basic prices),quarterly,2015-09-30,2026-03-31,43,https://www.sbp.org.pk/ecodata/index2.asp
sbp_gdp_quarterly,Quarterly GDP (constant basic prices) and quarterly growth,sbp,growth,Services Sector (1 to 10) — growth,% YoY,quarterly,2016-09-30,2026-03-31,39,https://www.sbp.org.pk/ecodata/index2.asp
sbp_gdp_quarterly,Quarterly GDP (constant basic prices) and quarterly growth,sbp,growth,Services Sector (1 to 10) — level,million PKR (constant basic prices),quarterly,2015-09-30,2026-03-31,43,https://www.sbp.org.pk/ecodata/index2.asp
sbp_gdp_quarterly,Quarterly GDP (constant basic prices) and quarterly growth,sbp,growth,Total of GVA (A+B+C) — growth,% YoY,quarterly,2016-09-30,2026-03-31,39,https://www.sbp.org.pk/ecodata/index2.asp
sbp_gdp_quarterly,Quarterly GDP (constant basic prices) and quarterly growth,sbp,growth,Total of GVA (A+B+C) — level,million PKR (constant basic prices),quarterly,2015-09-30,2026-03-31,43,https://www.sbp.org.pk/ecodata/index2.asp
sbp_gdp_quarterly,Quarterly GDP (constant basic prices) and quarterly growth,sbp,growth,i. Important Crops — growth,% YoY,quarterly,2016-09-30,2026-03-31,39,https://www.sbp.org.pk/ecodata/index2.asp
sbp_gdp_quarterly,Quarterly GDP (constant basic prices) and quarterly growth,sbp,growth,i. Important Crops — level,million PKR (constant basic prices),quarterly,2015-09-30,2026-03-31,43,https://www.sbp.org.pk/ecodata/index2.asp
sbp_gdp_quarterly,Quarterly GDP (constant basic prices) and quarterly growth,sbp,growth,i. Large Scale — growth,% YoY,quarterly,2016-09-30,2026-03-31,39,https://www.sbp.org.pk/ecodata/index2.asp
sbp_gdp_quarterly,Quarterly GDP (constant basic prices) and quarterly growth,sbp,growth,i. Large Scale — level,million PKR (constant basic prices),quarterly,2015-09-30,2026-03-31,43,https://www.sbp.org.pk/ecodata/index2.asp
sbp_gdp_quarterly,Quarterly GDP (constant basic prices) and quarterly growth,sbp,growth,ii. Other Crops — growth,% YoY,quarterly,2016-09-30,2026-03-31,39,https://www.sbp.org.pk/ecodata/index2.asp
sbp_gdp_quarterly,Quarterly GDP (constant basic prices) and quarterly growth,sbp,growth,ii. Other Crops — level,million PKR (constant basic prices),quarterly,2015-09-30,2026-03-31,43,https://www.sbp.org.pk/ecodata/index2.asp
sbp_gdp_quarterly,Quarterly GDP (constant basic prices) and quarterly growth,sbp,growth,ii. Small Scale — growth,% YoY,quarterly,2016-09-30,2026-03-31,39,https://www.sbp.org.pk/ecodata/index2.asp
sbp_gdp_quarterly,Quarterly GDP (constant basic prices) and quarterly growth,sbp,growth,ii. Small Scale — level,million PKR (constant basic prices),quarterly,2015-09-30,2026-03-31,43,https://www.sbp.org.pk/ecodata/index2.asp
sbp_gdp_quarterly,Quarterly GDP (constant basic prices) and quarterly growth,sbp,growth,iii. Cotton Ginning — growth,% YoY,quarterly,2016-09-30,2026-03-31,39,https://www.sbp.org.pk/ecodata/index2.asp
sbp_gdp_quarterly,Quarterly GDP (constant basic prices) and quarterly growth,sbp,growth,iii. Cotton Ginning — level,million PKR (constant basic prices),quarterly,2015-09-30,2026-03-31,43,https://www.sbp.org.pk/ecodata/index2.asp
sbp_gdp_quarterly,Quarterly GDP (constant basic prices) and quarterly growth,sbp,growth,iii. Slaughtering — growth,% YoY,quarterly,2016-09-30,2026-03-31,39,https://www.sbp.org.pk/ecodata/index2.asp
sbp_gdp_quarterly,Quarterly GDP (constant basic prices) and quarterly growth,sbp,growth,iii. Slaughtering — level,million PKR (constant basic prices),quarterly,2015-09-30,2026-03-31,43,https://www.sbp.org.pk/ecodata/index2.asp
pbs_cpi_historical,CPI / RPI / WPI historical indices and inflation rates (base 2015-16),pbs,inflation,CPI Published — index,index (base varies),monthly,2017-07-31,2019-08-31,26,https://www.pbs.gov.pk/price-statistics/
pbs_cpi_historical,CPI / RPI / WPI historical indices and inflation rates (base 2015-16),pbs,inflation,CPI Published — index (FY average),index (base varies),monthly,2017-06-30,2017-06-30,1,https://www.pbs.gov.pk/price-statistics/
pbs_cpi_historical,CPI / RPI / WPI historical indices and inflation rates (base 2015-16),pbs,inflation,CPI Published — inflation,% YoY,monthly,2017-07-31,2019-08-31,26,https://www.pbs.gov.pk/price-statistics/
pbs_cpi_historical,CPI / RPI / WPI historical indices and inflation rates (base 2015-16),pbs,inflation,CPI Published — inflation (FY average),% YoY,monthly,2017-06-30,2017-06-30,1,https://www.pbs.gov.pk/price-statistics/
pbs_cpi_historical,CPI / RPI / WPI historical indices and inflation rates (base 2015-16),pbs,inflation,National — index,index (base varies),monthly,2017-07-31,2026-06-30,108,https://www.pbs.gov.pk/price-statistics/
pbs_cpi_historical,CPI / RPI / WPI historical indices and inflation rates (base 2015-16),pbs,inflation,National — index (FY average),index (base varies),monthly,2017-06-30,2017-06-30,1,https://www.pbs.gov.pk/price-statistics/
pbs_cpi_historical,CPI / RPI / WPI historical indices and inflation rates (base 2015-16),pbs,inflation,National — inflation,% YoY,monthly,2017-07-31,2026-06-30,108,https://www.pbs.gov.pk/price-statistics/
pbs_cpi_historical,CPI / RPI / WPI historical indices and inflation rates (base 2015-16),pbs,inflation,National — inflation (FY average),% YoY,monthly,2017-06-30,2017-06-30,1,https://www.pbs.gov.pk/price-statistics/
pbs_cpi_historical,CPI / RPI / WPI historical indices and inflation rates (base 2015-16),pbs,inflation,RPI — index,index (base varies),monthly,2017-07-31,2026-06-30,108,https://www.pbs.gov.pk/price-statistics/
pbs_cpi_historical,CPI / RPI / WPI historical indices and inflation rates (base 2015-16),pbs,inflation,RPI — index (FY average),index (base varies),monthly,2017-06-30,2017-06-30,1,https://www.pbs.gov.pk/price-statistics/
pbs_cpi_historical,CPI / RPI / WPI historical indices and inflation rates (base 2015-16),pbs,inflation,RPI — inflation,% YoY,monthly,2017-07-31,2026-06-30,108,https://www.pbs.gov.pk/price-statistics/
pbs_cpi_historical,CPI / RPI / WPI historical indices and inflation rates (base 2015-16),pbs,inflation,RPI — inflation (FY average),% YoY,monthly,2017-06-30,2017-06-30,1,https://www.pbs.gov.pk/price-statistics/
pbs_cpi_historical,CPI / RPI / WPI historical indices and inflation rates (base 2015-16),pbs,inflation,UCPI — index,index (base varies),monthly,2017-07-31,2026-06-30,108,https://www.pbs.gov.pk/price-statistics/
pbs_cpi_historical,CPI / RPI / WPI historical indices and inflation rates (base 2015-16),pbs,inflation,UCPI — index (FY average),index (base varies),monthly,2017-06-30,2017-06-30,1,https://www.pbs.gov.pk/price-statistics/
pbs_cpi_historical,CPI / RPI / WPI historical indices and inflation rates (base 2015-16),pbs,inflation,UCPI — inflation,% YoY,monthly,2017-07-31,2026-06-30,108,https://www.pbs.gov.pk/price-statistics/
pbs_cpi_historical,CPI / RPI / WPI historical indices and inflation rates (base 2015-16),pbs,inflation,UCPI — inflation (FY average),% YoY,monthly,2017-06-30,2017-06-30,1,https://www.pbs.gov.pk/price-statistics/
pbs_cpi_historical,CPI / RPI / WPI historical indices and inflation rates (base 2015-16),pbs,inflation,WPI Published — index,index (base varies),monthly,2017-07-31,2019-08-31,26,https://www.pbs.gov.pk/price-statistics/
pbs_cpi_historical,CPI / RPI / WPI historical indices and inflation rates (base 2015-16),pbs,inflation,WPI Published — index (FY average),index (base varies),monthly,2017-06-30,2017-06-30,1,https://www.pbs.gov.pk/price-statistics/
pbs_cpi_historical,CPI / RPI / WPI historical indices and inflation rates (base 2015-16),pbs,inflation,WPI Published — inflation,% YoY,monthly,2017-07-31,2019-08-31,26,https://www.pbs.gov.pk/price-statistics/
pbs_cpi_historical,CPI / RPI / WPI historical indices and inflation rates (base 2015-16),pbs,inflation,WPI Published — inflation (FY average),% YoY,monthly,2017-06-30,2017-06-30,1,https://www.pbs.gov.pk/price-statistics/
pbs_cpi_historical,CPI / RPI / WPI historical indices and inflation rates (base 2015-16),pbs,inflation,WPI — index,index (base varies),monthly,2017-07-31,2026-06-30,108,https://www.pbs.gov.pk/price-statistics/
pbs_cpi_historical,CPI / RPI / WPI historical indices and inflation rates (base 2015-16),pbs,inflation,WPI — index (FY average),index (base varies),monthly,2017-06-30,2017-06-30,1,https://www.pbs.gov.pk/price-statistics/
pbs_cpi_historical,CPI / RPI / WPI historical indices and inflation rates (base 2015-16),pbs,inflation,WPI — inflation,% YoY,monthly,2017-07-31,2026-06-30,108,https://www.pbs.gov.pk/price-statistics/
pbs_cpi_historical,CPI / RPI / WPI historical indices and inflation rates (base 2015-16),pbs,inflation,WPI — inflation (FY average),% YoY,monthly,2017-06-30,2017-06-30,1,https://www.pbs.gov.pk/price-statistics/
pbs_cpi_sdmx,CPI SDMX 2.1 data message (IMF ECOFIN_DSD),pbs,inflation,"Prices, Consumer Price,  All items, Index [PCPI_IX] (BASE_PER=2015/2016)",index,monthly,2022-07-31,2026-07-31,49,https://www.pbs.gov.pk/cpi
pbs_cpi_sdmx,CPI SDMX 2.1 data message (IMF ECOFIN_DSD),pbs,inflation,"Prices, Consumer Prices, All Items, Weight [PCPI_WT] (BASE_PER=_Z)",weight (%),monthly,2022-07-31,2026-07-31,49,https://www.pbs.gov.pk/cpi
pbs_cpi_sdmx,CPI SDMX 2.1 data message (IMF ECOFIN_DSD),pbs,inflation,"Prices, Consumer Prices, By Classification of Individual Consumption According to Purpose (COICOP), Expenditure of Households, Alcoholic beverages, tobacco and narcotics, Index [PCPI_CP_02_IX] (BASE_PER=2015/2016)",index,monthly,2022-07-31,2026-07-31,49,https://www.pbs.gov.pk/cpi
pbs_cpi_sdmx,CPI SDMX 2.1 data message (IMF ECOFIN_DSD),pbs,inflation,"Prices, Consumer Prices, By Classification of Individual Consumption According to Purpose (COICOP), Expenditure of Households, Alcoholic beverages, tobacco and narcotics, Weight [PCPI_CP_02_WT] (BASE_PER=_Z)",weight (%),monthly,2022-07-31,2026-07-31,49,https://www.pbs.gov.pk/cpi
pbs_cpi_sdmx,CPI SDMX 2.1 data message (IMF ECOFIN_DSD),pbs,inflation,"Prices, Consumer Prices, By Classification of Individual Consumption According to Purpose (COICOP), Expenditure of Households, Clothing and footwear, Index [PCPI_CP_03_IX] (BASE_PER=2015/2016)",index,monthly,2022-07-31,2026-07-31,49,https://www.pbs.gov.pk/cpi
pbs_cpi_sdmx,CPI SDMX 2.1 data message (IMF ECOFIN_DSD),pbs,inflation,"Prices, Consumer Prices, By Classification of Individual Consumption According to Purpose (COICOP), Expenditure of Households, Clothing and footwear, Weight [PCPI_CP_03_WT] (BASE_PER=_Z)",weight (%),monthly,2022-07-31,2026-07-31,49,https://www.pbs.gov.pk/cpi
pbs_cpi_sdmx,CPI SDMX 2.1 data message (IMF ECOFIN_DSD),pbs,inflation,"Prices, Consumer Prices, By Classification of Individual Consumption According to Purpose (COICOP), Expenditure of Households, Communication, Index [PCPI_CP_08_IX] (BASE_PER=2015/2016)",index,monthly,2022-07-31,2026-07-31,49,https://www.pbs.gov.pk/cpi
pbs_cpi_sdmx,CPI SDMX 2.1 data message (IMF ECOFIN_DSD),pbs,inflation,"Prices, Consumer Prices, By Classification of Individual Consumption According to Purpose (COICOP), Expenditure of Households, Communication, Weight [PCPI_CP_08_WT] (BASE_PER=_Z)",weight (%),monthly,2022-07-31,2026-07-31,49,https://www.pbs.gov.pk/cpi
pbs_cpi_sdmx,CPI SDMX 2.1 data message (IMF ECOFIN_DSD),pbs,inflation,"Prices, Consumer Prices, By Classification of Individual Consumption According to Purpose (COICOP), Expenditure of Households, Education, Index [PCPI_CP_10_IX] (BASE_PER=2015/2016)",index,monthly,2022-07-31,2026-07-31,49,https://www.pbs.gov.pk/cpi
pbs_cpi_sdmx,CPI SDMX 2.1 data message (IMF ECOFIN_DSD),pbs,inflation,"Prices, Consumer Prices, By Classification of Individual Consumption According to Purpose (COICOP), Expenditure of Households, Education, Weight [PCPI_CP_10_WT] (BASE_PER=_Z)",weight (%),monthly,2022-07-31,2026-07-31,49,https://www.pbs.gov.pk/cpi
pbs_cpi_sdmx,CPI SDMX 2.1 data message (IMF ECOFIN_DSD),pbs,inflation,"Prices, Consumer Prices, By Classification of Individual Consumption According to Purpose (COICOP), Expenditure of Households, Food and non-alcoholic beverages, Index [PCPI_CP_01_IX] (BASE_PER=2015/2016)",index,monthly,2022-07-31,2026-07-31,49,https://www.pbs.gov.pk/cpi
pbs_cpi_sdmx,CPI SDMX 2.1 data message (IMF ECOFIN_DSD),pbs,inflation,"Prices, Consumer Prices, By Classification of Individual Consumption According to Purpose (COICOP), Expenditure of Households, Food and non-alcoholic beverages, Weight [PCPI_CP_01_WT] (BASE_PER=_Z)",weight (%),monthly,2022-07-31,2026-07-31,49,https://www.pbs.gov.pk/cpi
pbs_cpi_sdmx,CPI SDMX 2.1 data message (IMF ECOFIN_DSD),pbs,inflation,"Prices, Consumer Prices, By Classification of Individual Consumption According to Purpose (COICOP), Expenditure of Households, Furnishings, household equipment and routine household maintenance, Index [PCPI_CP_05_IX] (BASE_PER=2015/2016)",index,monthly,2022-07-31,2026-07-31,49,https://www.pbs.gov.pk/cpi
pbs_cpi_sdmx,CPI SDMX 2.1 data message (IMF ECOFIN_DSD),pbs,inflation,"Prices, Consumer Prices, By Classification of Individual Consumption According to Purpose (COICOP), Expenditure of Households, Furnishings, household equipment and routine household maintenance, Weight [PCPI_CP_05_WT] (BASE_PER=_Z)",weight (%),monthly,2022-07-31,2026-07-31,49,https://www.pbs.gov.pk/cpi
pbs_cpi_sdmx,CPI SDMX 2.1 data message (IMF ECOFIN_DSD),pbs,inflation,"Prices, Consumer Prices, By Classification of Individual Consumption According to Purpose (COICOP), Expenditure of Households, Health, Index [PCPI_CP_06_IX] (BASE_PER=2015/2016)",index,monthly,2022-07-31,2026-07-31,49,https://www.pbs.gov.pk/cpi
pbs_cpi_sdmx,CPI SDMX 2.1 data message (IMF ECOFIN_DSD),pbs,inflation,"Prices, Consumer Prices, By Classification of Individual Consumption According to Purpose (COICOP), Expenditure of Households, Health, Weight [PCPI_CP_06_WT] (BASE_PER=_Z)",weight (%),monthly,2022-07-31,2026-07-31,49,https://www.pbs.gov.pk/cpi
pbs_cpi_sdmx,CPI SDMX 2.1 data message (IMF ECOFIN_DSD),pbs,inflation,"Prices, Consumer Prices, By Classification of Individual Consumption According to Purpose (COICOP), Expenditure of Households, Housing, water, electricity, gas and other fuels, Index [PCPI_CP_04_IX] (BASE_PER=2015/2016)",index,monthly,2022-07-31,2026-07-31,49,https://www.pbs.gov.pk/cpi
pbs_cpi_sdmx,CPI SDMX 2.1 data message (IMF ECOFIN_DSD),pbs,inflation,"Prices, Consumer Prices, By Classification of Individual Consumption According to Purpose (COICOP), Expenditure of Households, Housing, water, electricity, gas and other fuels, Weight [PCPI_CP_04_WT] (BASE_PER=_Z)",weight (%),monthly,2022-07-31,2026-07-31,49,https://www.pbs.gov.pk/cpi
pbs_cpi_sdmx,CPI SDMX 2.1 data message (IMF ECOFIN_DSD),pbs,inflation,"Prices, Consumer Prices, By Classification of Individual Consumption According to Purpose (COICOP), Expenditure of Households, Miscellaneous goods and services, Index [PCPI_CP_12_IX] (BASE_PER=2015/2016)",index,monthly,2022-07-31,2026-07-31,49,https://www.pbs.gov.pk/cpi
pbs_cpi_sdmx,CPI SDMX 2.1 data message (IMF ECOFIN_DSD),pbs,inflation,"Prices, Consumer Prices, By Classification of Individual Consumption According to Purpose (COICOP), Expenditure of Households, Miscellaneous goods and services, Weight [PCPI_CP_12_WT] (BASE_PER=_Z)",weight (%),monthly,2022-07-31,2026-07-31,49,https://www.pbs.gov.pk/cpi
pbs_cpi_sdmx,CPI SDMX 2.1 data message (IMF ECOFIN_DSD),pbs,inflation,"Prices, Consumer Prices, By Classification of Individual Consumption According to Purpose (COICOP), Expenditure of Households, Recreation and culture, Index [PCPI_CP_09_IX] (BASE_PER=2015/2016)",index,monthly,2022-07-31,2026-07-31,49,https://www.pbs.gov.pk/cpi
pbs_cpi_sdmx,CPI SDMX 2.1 data message (IMF ECOFIN_DSD),pbs,inflation,"Prices, Consumer Prices, By Classification of Individual Consumption According to Purpose (COICOP), Expenditure of Households, Recreation and culture, Weight [PCPI_CP_09_WT] (BASE_PER=_Z)",weight (%),monthly,2022-07-31,2026-07-31,49,https://www.pbs.gov.pk/cpi
pbs_cpi_sdmx,CPI SDMX 2.1 data message (IMF ECOFIN_DSD),pbs,inflation,"Prices, Consumer Prices, By Classification of Individual Consumption According to Purpose (COICOP), Expenditure of Households, Restaurants and hotels, Index [PCPI_CP_11_IX] (BASE_PER=2015/2016)",index,monthly,2022-07-31,2026-07-31,49,https://www.pbs.gov.pk/cpi
pbs_cpi_sdmx,CPI SDMX 2.1 data message (IMF ECOFIN_DSD),pbs,inflation,"Prices, Consumer Prices, By Classification of Individual Consumption According to Purpose (COICOP), Expenditure of Households, Restaurants and hotels, Weight [PCPI_CP_11_WT] (BASE_PER=_Z)",weight (%),monthly,2022-07-31,2026-07-31,49,https://www.pbs.gov.pk/cpi
pbs_cpi_sdmx,CPI SDMX 2.1 data message (IMF ECOFIN_DSD),pbs,inflation,"Prices, Consumer Prices, By Classification of Individual Consumption According to Purpose (COICOP), Expenditure of Households, Transport, Index [PCPI_CP_07_IX] (BASE_PER=2015/2016)",index,monthly,2022-07-31,2026-07-31,49,https://www.pbs.gov.pk/cpi
pbs_cpi_sdmx,CPI SDMX 2.1 data message (IMF ECOFIN_DSD),pbs,inflation,"Prices, Consumer Prices, By Classification of Individual Consumption According to Purpose (COICOP), Expenditure of Households, Transport, Weight [PCPI_CP_07_WT] (BASE_PER=_Z)",weight (%),monthly,2022-07-31,2026-07-31,49,https://www.pbs.gov.pk/cpi
pbs_producer_prices_sdmx,"Wholesale / producer price index (PBS, SDMX)",pbs,inflation,"Prices, Wholesale Price Index, All Items, Index [PWPI_IX]",index,monthly,2021-04-30,2026-06-30,62,https://www.pbs.gov.pk/price-statistics
pbs_producer_prices_sdmx,"Wholesale / producer price index (PBS, SDMX)",pbs,inflation,"Producer Price Index, Wholesale Prices, By Central Product Classification (CPC) Version 2.1, Agriculture, forestry and fishery products, Index [PWPI_CPC21_0_IX]",index,monthly,2021-04-30,2026-06-30,62,https://www.pbs.gov.pk/price-statistics
pbs_producer_prices_sdmx,"Wholesale / producer price index (PBS, SDMX)",pbs,inflation,"Producer Price Index, Wholesale Prices, By Central Product Classification (CPC) Version 2.1, Food products, beverages and tobacco; textiles, apparel and leather products, Index [PWPI_CPC21_2_IX]",index,monthly,2021-04-30,2026-06-30,62,https://www.pbs.gov.pk/price-statistics
pbs_producer_prices_sdmx,"Wholesale / producer price index (PBS, SDMX)",pbs,inflation,"Producer Price Index, Wholesale Prices, By Central Product Classification (CPC) Version 2.1, Metal products, machinery and equipment, Index [PWPI_CPC21_4_IX]",index,monthly,2021-04-30,2026-06-30,62,https://www.pbs.gov.pk/price-statistics
pbs_producer_prices_sdmx,"Wholesale / producer price index (PBS, SDMX)",pbs,inflation,"Producer Price Index, Wholesale Prices, By Central Product Classification (CPC) Version 2.1, Ores and minerals; electricity, gas and water, Index [PWPI_CPC21_1_IX]",index,monthly,2021-04-30,2026-06-30,62,https://www.pbs.gov.pk/price-statistics
pbs_producer_prices_sdmx,"Wholesale / producer price index (PBS, SDMX)",pbs,inflation,"Producer Price Index, Wholesale Prices, By Central Product Classification (CPC) Version 2.1, Other transportable goods, except metal products, machinery and equipment, Index [PWPI_CPC21_3_IX]",index,monthly,2021-04-30,2026-06-30,62,https://www.pbs.gov.pk/price-statistics
pbs_spi_weekly,Weekly Sensitive Price Indicator (SPI) report,pbs,inflation,SPI Combined — % change WoW,%,weekly,2025-04-30,2026-08-06,47,https://www.pbs.gov.pk/spi
pbs_spi_weekly,Weekly Sensitive Price Indicator (SPI) report,pbs,inflation,SPI Combined — % change YoY,%,weekly,2025-04-30,2026-08-06,47,https://www.pbs.gov.pk/spi
pbs_spi_weekly,Weekly Sensitive Price Indicator (SPI) report,pbs,inflation,SPI Combined — index,index (2015-16 = 100),weekly,2025-04-30,2026-08-06,47,https://www.pbs.gov.pk/spi
pbs_spi_weekly,Weekly Sensitive Price Indicator (SPI) report,pbs,inflation,SPI Combined — index previous week,index (2015-16 = 100),weekly,2025-04-30,2026-08-06,47,https://www.pbs.gov.pk/spi
pbs_spi_weekly,Weekly Sensitive Price Indicator (SPI) report,pbs,inflation,SPI Combined — index year ago,index (2015-16 = 100),weekly,2025-04-30,2026-08-06,47,https://www.pbs.gov.pk/spi
pbs_spi_weekly,Weekly Sensitive Price Indicator (SPI) report,pbs,inflation,"SPI Q1 (Upto Rs. 17,732) — % change WoW",%,weekly,2025-04-30,2026-08-06,47,https://www.pbs.gov.pk/spi
pbs_spi_weekly,Weekly Sensitive Price Indicator (SPI) report,pbs,inflation,"SPI Q1 (Upto Rs. 17,732) — % change YoY",%,weekly,2025-04-30,2026-08-06,47,https://www.pbs.gov.pk/spi
pbs_spi_weekly,Weekly Sensitive Price Indicator (SPI) report,pbs,inflation,"SPI Q1 (Upto Rs. 17,732) — index",index (2015-16 = 100),weekly,2025-04-30,2026-08-06,47,https://www.pbs.gov.pk/spi
pbs_spi_weekly,Weekly Sensitive Price Indicator (SPI) report,pbs,inflation,"SPI Q1 (Upto Rs. 17,732) — index previous week",index (2015-16 = 100),weekly,2025-04-30,2026-08-06,47,https://www.pbs.gov.pk/spi
pbs_spi_weekly,Weekly Sensitive Price Indicator (SPI) report,pbs,inflation,"SPI Q1 (Upto Rs. 17,732) — index year ago",index (2015-16 = 100),weekly,2025-04-30,2026-08-06,47,https://www.pbs.gov.pk/spi
pbs_spi_weekly,Weekly Sensitive Price Indicator (SPI) report,pbs,inflation,"SPI Q2 (Rs. 17,733 - 22,888) — % change WoW",%,weekly,2025-04-30,2026-08-06,47,https://www.pbs.gov.pk/spi
pbs_spi_weekly,Weekly Sensitive Price Indicator (SPI) report,pbs,inflation,"SPI Q2 (Rs. 17,733 - 22,888) — % change YoY",%,weekly,2025-04-30,2026-08-06,47,https://www.pbs.gov.pk/spi
pbs_spi_weekly,Weekly Sensitive Price Indicator (SPI) report,pbs,inflation,"SPI Q2 (Rs. 17,733 - 22,888) — index",index (2015-16 = 100),weekly,2025-04-30,2026-08-06,47,https://www.pbs.gov.pk/spi
pbs_spi_weekly,Weekly Sensitive Price Indicator (SPI) report,pbs,inflation,"SPI Q2 (Rs. 17,733 - 22,888) — index previous week",index (2015-16 = 100),weekly,2025-04-30,2026-08-06,47,https://www.pbs.gov.pk/spi
pbs_spi_weekly,Weekly Sensitive Price Indicator (SPI) report,pbs,inflation,"SPI Q2 (Rs. 17,733 - 22,888) — index year ago",index (2015-16 = 100),weekly,2025-04-30,2026-08-06,47,https://www.pbs.gov.pk/spi
pbs_spi_weekly,Weekly Sensitive Price Indicator (SPI) report,pbs,inflation,"SPI Q3 (Rs. 22,889 - 29,517) — % change WoW",%,weekly,2025-04-30,2026-08-06,47,https://www.pbs.gov.pk/spi
pbs_spi_weekly,Weekly Sensitive Price Indicator (SPI) report,pbs,inflation,"SPI Q3 (Rs. 22,889 - 29,517) — % change YoY",%,weekly,2025-04-30,2026-08-06,47,https://www.pbs.gov.pk/spi
pbs_spi_weekly,Weekly Sensitive Price Indicator (SPI) report,pbs,inflation,"SPI Q3 (Rs. 22,889 - 29,517) — index",index (2015-16 = 100),weekly,2025-04-30,2026-08-06,47,https://www.pbs.gov.pk/spi
pbs_spi_weekly,Weekly Sensitive Price Indicator (SPI) report,pbs,inflation,"SPI Q3 (Rs. 22,889 - 29,517) — index previous week",index (2015-16 = 100),weekly,2025-04-30,2026-08-06,47,https://www.pbs.gov.pk/spi
pbs_spi_weekly,Weekly Sensitive Price Indicator (SPI) report,pbs,inflation,"SPI Q3 (Rs. 22,889 - 29,517) — index year ago",index (2015-16 = 100),weekly,2025-04-30,2026-08-06,47,https://www.pbs.gov.pk/spi
pbs_spi_weekly,Weekly Sensitive Price Indicator (SPI) report,pbs,inflation,"SPI Q4 (Rs. 29,518 - 44,175) — % change WoW",%,weekly,2025-04-30,2026-08-06,47,https://www.pbs.gov.pk/spi
pbs_spi_weekly,Weekly Sensitive Price Indicator (SPI) report,pbs,inflation,"SPI Q4 (Rs. 29,518 - 44,175) — % change YoY",%,weekly,2025-04-30,2026-08-06,47,https://www.pbs.gov.pk/spi
pbs_spi_weekly,Weekly Sensitive Price Indicator (SPI) report,pbs,inflation,"SPI Q4 (Rs. 29,518 - 44,175) — index",index (2015-16 = 100),weekly,2025-04-30,2026-08-06,47,https://www.pbs.gov.pk/spi
pbs_spi_weekly,Weekly Sensitive Price Indicator (SPI) report,pbs,inflation,"SPI Q4 (Rs. 29,518 - 44,175) — index previous week",index (2015-16 = 100),weekly,2025-04-30,2026-08-06,47,https://www.pbs.gov.pk/spi
pbs_spi_weekly,Weekly Sensitive Price Indicator (SPI) report,pbs,inflation,"SPI Q4 (Rs. 29,518 - 44,175) — index year ago",index (2015-16 = 100),weekly,2025-04-30,2026-08-06,47,https://www.pbs.gov.pk/spi
pbs_spi_weekly,Weekly Sensitive Price Indicator (SPI) report,pbs,inflation,"SPI Q5 (Above Rs. 44,175) — % change WoW",%,weekly,2025-04-30,2026-08-06,47,https://www.pbs.gov.pk/spi
pbs_spi_weekly,Weekly Sensitive Price Indicator (SPI) report,pbs,inflation,"SPI Q5 (Above Rs. 44,175) — % change YoY",%,weekly,2025-04-30,2026-08-06,47,https://www.pbs.gov.pk/spi
pbs_spi_weekly,Weekly Sensitive Price Indicator (SPI) report,pbs,inflation,"SPI Q5 (Above Rs. 44,175) — index",index (2015-16 = 100),weekly,2025-04-30,2026-08-06,47,https://www.pbs.gov.pk/spi
pbs_spi_weekly,Weekly Sensitive Price Indicator (SPI) report,pbs,inflation,"SPI Q5 (Above Rs. 44,175) — index previous week",index (2015-16 = 100),weekly,2025-04-30,2026-08-06,47,https://www.pbs.gov.pk/spi
pbs_spi_weekly,Weekly Sensitive Price Indicator (SPI) report,pbs,inflation,"SPI Q5 (Above Rs. 44,175) — index year ago",index (2015-16 = 100),weekly,2025-04-30,2026-08-06,47,https://www.pbs.gov.pk/spi
pbs_labour_sdmx,"Labour force indicators (PBS, SDMX)",pbs,labour,"Labor Markets, Employment, Persons, Number of, Fiscal Year [LE_PE_FY_NUM]",million number,annual,1991-06-30,2021-06-30,30,https://www.pbs.gov.pk/labour-force-statistics
pbs_labour_sdmx,"Labour force indicators (PBS, SDMX)",pbs,labour,"Labor Markets, Labor Force, Persons, Number of, Fiscal Year [LLF_PE_FY_NUM]",million number,annual,1991-06-30,2021-06-30,30,https://www.pbs.gov.pk/labour-force-statistics
pbs_labour_sdmx,"Labour force indicators (PBS, SDMX)",pbs,labour,"Labor Markets, Unemployment, Persons, Number of, Fiscal Year [LU_PE_FY_NUM]",million number,annual,1991-06-30,2021-06-30,30,https://www.pbs.gov.pk/labour-force-statistics
sbp_broad_money_m2,Broad Money (M2) — components and affecting factors,sbp,monetary,(i) Demand Deposits,million PKR,monthly,2012-06-30,2026-07-31,170,https://www.sbp.org.pk/ecodata/index2.asp
sbp_broad_money_m2,Broad Money (M2) — components and affecting factors,sbp,monetary,(i) From SBP,million PKR,monthly,1998-06-30,2026-07-31,338,https://www.sbp.org.pk/ecodata/index2.asp
sbp_broad_money_m2,Broad Money (M2) — components and affecting factors,sbp,monetary,(i) State Bank of Pakistan,million PKR,monthly,1969-06-30,2026-07-31,686,https://www.sbp.org.pk/ecodata/index2.asp
sbp_broad_money_m2,Broad Money (M2) — components and affecting factors,sbp,monetary,(i) State Bank of Pakistan2,million PKR,monthly,2012-06-30,2026-07-31,170,https://www.sbp.org.pk/ecodata/index2.asp
sbp_broad_money_m2,Broad Money (M2) — components and affecting factors,sbp,monetary,(ii) From Scheduled Banks,million PKR,monthly,1998-06-30,2012-06-30,169,https://www.sbp.org.pk/ecodata/index2.asp
sbp_broad_money_m2,Broad Money (M2) — components and affecting factors,sbp,monetary,(ii) From Scheduled banks,million PKR,monthly,2012-06-30,2026-07-31,170,https://www.sbp.org.pk/ecodata/index2.asp
sbp_broad_money_m2,Broad Money (M2) — components and affecting factors,sbp,monetary,(ii) Scheduled Banks,million PKR,monthly,1969-06-30,2026-07-31,686,https://www.sbp.org.pk/ecodata/index2.asp
sbp_broad_money_m2,Broad Money (M2) — components and affecting factors,sbp,monetary,(ii) Time Deposits,million PKR,monthly,2012-06-30,2019-06-30,85,https://www.sbp.org.pk/ecodata/index2.asp
sbp_broad_money_m2,Broad Money (M2) — components and affecting factors,sbp,monetary,(ii) Time Deposits7,million PKR,monthly,2019-06-30,2026-07-31,86,https://www.sbp.org.pk/ecodata/index2.asp
sbp_broad_money_m2,Broad Money (M2) — components and affecting factors,sbp,monetary,(iii) Residents Foreign Currency Deposits (RFCDs),million PKR,monthly,2012-06-30,2026-07-31,170,https://www.sbp.org.pk/ecodata/index2.asp
sbp_broad_money_m2,Broad Money (M2) — components and affecting factors,sbp,monetary,Accrued profit on SBP holdings of MRTBs/MTBs,million PKR,monthly,2012-06-30,2018-06-30,73,https://www.sbp.org.pk/ecodata/index2.asp
sbp_broad_money_m2,Broad Money (M2) — components and affecting factors,sbp,monetary,Accrued profit on SBP holdings of government securities/ Charges/ Revaluation,million PKR,monthly,2018-06-30,2026-07-31,98,https://www.sbp.org.pk/ecodata/index2.asp
sbp_broad_money_m2,Broad Money (M2) — components and affecting factors,sbp,monetary,Balochistan Government,million PKR,monthly,2012-06-30,2026-07-31,170,https://www.sbp.org.pk/ecodata/index2.asp
sbp_broad_money_m2,Broad Money (M2) — components and affecting factors,sbp,monetary,Broad Money (M2) (A+B),million PKR,monthly,1969-06-30,2026-07-31,686,https://www.sbp.org.pk/ecodata/index2.asp
sbp_broad_money_m2,Broad Money (M2) — components and affecting factors,sbp,monetary,Broad Money (M2) (A+B+C),million PKR,monthly,1969-06-30,2026-07-31,686,https://www.sbp.org.pk/ecodata/index2.asp
sbp_broad_money_m2,Broad Money (M2) — components and affecting factors,sbp,monetary,Commercial Banks,million PKR,monthly,1998-06-30,2012-06-30,169,https://www.sbp.org.pk/ecodata/index2.asp
sbp_broad_money_m2,Broad Money (M2) — components and affecting factors,sbp,monetary,Conventional Banking Branches,million PKR,monthly,2012-12-31,2026-07-31,149,https://www.sbp.org.pk/ecodata/index2.asp
sbp_broad_money_m2,Broad Money (M2) — components and affecting factors,sbp,monetary,Credit to Non-Government Sector (a+b+c+d),million PKR,monthly,1969-06-30,2026-07-31,686,https://www.sbp.org.pk/ecodata/index2.asp
sbp_broad_money_m2,Broad Money (M2) — components and affecting factors,sbp,monetary,Currency in Circulation,million PKR,monthly,1969-06-30,2026-07-31,686,https://www.sbp.org.pk/ecodata/index2.asp
sbp_broad_money_m2,Broad Money (M2) — components and affecting factors,sbp,monetary,Demand Deposit,million PKR,monthly,1969-06-30,2012-06-30,517,https://www.sbp.org.pk/ecodata/index2.asp
sbp_broad_money_m2,Broad Money (M2) — components and affecting factors,sbp,monetary,From SBP,million PKR,monthly,2012-06-30,2026-07-31,170,https://www.sbp.org.pk/ecodata/index2.asp
sbp_broad_money_m2,Broad Money (M2) — components and affecting factors,sbp,monetary,From Scheduled Banks,million PKR,monthly,2012-06-30,2026-07-31,170,https://www.sbp.org.pk/ecodata/index2.asp
sbp_broad_money_m2,Broad Money (M2) — components and affecting factors,sbp,monetary,Islamic Banking Branches of Conventional Banks,million PKR,monthly,2012-12-31,2023-06-30,112,https://www.sbp.org.pk/ecodata/index2.asp
sbp_broad_money_m2,Broad Money (M2) — components and affecting factors,sbp,monetary,Islamic Banking Branches of Conventional Banks5,million PKR,monthly,2023-06-30,2026-07-31,38,https://www.sbp.org.pk/ecodata/index2.asp
sbp_broad_money_m2,Broad Money (M2) — components and affecting factors,sbp,monetary,Islamic Banks,million PKR,monthly,2012-12-31,2026-07-31,149,https://www.sbp.org.pk/ecodata/index2.asp
sbp_broad_money_m2,Broad Money (M2) — components and affecting factors,sbp,monetary,Khyber Pakhtunkhwa Government,million PKR,monthly,2012-06-30,2026-07-31,170,https://www.sbp.org.pk/ecodata/index2.asp
sbp_broad_money_m2,Broad Money (M2) — components and affecting factors,sbp,monetary,Net Domestic Assets of the Banking System (1+2+3),million PKR,monthly,2012-06-30,2026-07-31,170,https://www.sbp.org.pk/ecodata/index2.asp
sbp_broad_money_m2,Broad Money (M2) — components and affecting factors,sbp,monetary,Net Domestic Assets of the Banking System (1+2+3)=(i)+(ii),million PKR,monthly,1998-06-30,2012-06-30,169,https://www.sbp.org.pk/ecodata/index2.asp
sbp_broad_money_m2,Broad Money (M2) — components and affecting factors,sbp,monetary,Net Domestic Assets of the Banking System =(i)+(ii),million PKR,monthly,1969-06-30,1998-06-30,349,https://www.sbp.org.pk/ecodata/index2.asp
sbp_broad_money_m2,Broad Money (M2) — components and affecting factors,sbp,monetary,Net Foreign Assets of the Banking System,million PKR,monthly,1969-06-30,2026-07-31,686,https://www.sbp.org.pk/ecodata/index2.asp
sbp_broad_money_m2,Broad Money (M2) — components and affecting factors,sbp,monetary,Net Government Budgetary Borrowings (cash basis),million PKR,monthly,2012-06-30,2026-07-31,170,https://www.sbp.org.pk/ecodata/index2.asp
sbp_broad_money_m2,Broad Money (M2) — components and affecting factors,sbp,monetary,Net Government Sector Borrowings (a+b+c),million PKR,monthly,1969-06-30,2026-07-31,686,https://www.sbp.org.pk/ecodata/index2.asp
sbp_broad_money_m2,Broad Money (M2) — components and affecting factors,sbp,monetary,Other Deposits with SBP,million PKR,monthly,1969-06-30,2026-07-31,686,https://www.sbp.org.pk/ecodata/index2.asp
sbp_broad_money_m2,Broad Money (M2) — components and affecting factors,sbp,monetary,Other Items (net),million PKR,monthly,1977-06-30,2026-07-31,590,https://www.sbp.org.pk/ecodata/index2.asp
sbp_broad_money_m2,Broad Money (M2) — components and affecting factors,sbp,monetary,Outstanding amout of MTBs (realized value in auctuions),million PKR,monthly,2012-06-30,2026-07-31,170,https://www.sbp.org.pk/ecodata/index2.asp
sbp_broad_money_m2,Broad Money (M2) — components and affecting factors,sbp,monetary,Punjab Government,million PKR,monthly,2012-06-30,2026-07-31,170,https://www.sbp.org.pk/ecodata/index2.asp
sbp_broad_money_m2,Broad Money (M2) — components and affecting factors,sbp,monetary,Residents Foreign Currency Deposits (RFCDs),million PKR,monthly,1991-03-31,2012-06-30,256,https://www.sbp.org.pk/ecodata/index2.asp
sbp_broad_money_m2,Broad Money (M2) — components and affecting factors,sbp,monetary,Sindh Government,million PKR,monthly,2012-06-30,2026-07-31,170,https://www.sbp.org.pk/ecodata/index2.asp
sbp_broad_money_m2,Broad Money (M2) — components and affecting factors,sbp,monetary,Specialized Banks,million PKR,monthly,1998-06-30,2012-06-30,169,https://www.sbp.org.pk/ecodata/index2.asp
sbp_broad_money_m2,Broad Money (M2) — components and affecting factors,sbp,monetary,Time Deposits,million PKR,monthly,1969-06-30,2012-06-30,517,https://www.sbp.org.pk/ecodata/index2.asp
sbp_broad_money_m2,Broad Money (M2) — components and affecting factors,sbp,monetary,Total Deposits with Banks,million PKR,monthly,1969-06-30,2012-06-30,517,https://www.sbp.org.pk/ecodata/index2.asp
sbp_broad_money_m2,Broad Money (M2) — components and affecting factors,sbp,monetary,Total Deposits with Banks 1/,million PKR,monthly,2012-06-30,2019-06-30,85,https://www.sbp.org.pk/ecodata/index2.asp
sbp_broad_money_m2,Broad Money (M2) — components and affecting factors,sbp,monetary,Total Deposits with Banks1,million PKR,monthly,2019-06-30,2026-07-31,86,https://www.sbp.org.pk/ecodata/index2.asp
sbp_broad_money_m2,Broad Money (M2) — components and affecting factors,sbp,monetary,a) Federal Government,million PKR,monthly,1998-06-30,2026-07-31,338,https://www.sbp.org.pk/ecodata/index2.asp
sbp_broad_money_m2,Broad Money (M2) — components and affecting factors,sbp,monetary,a. Borrowings for Budgetary Support,million PKR,monthly,1977-06-30,2012-06-30,421,https://www.sbp.org.pk/ecodata/index2.asp
sbp_broad_money_m2,Broad Money (M2) — components and affecting factors,sbp,monetary,a. Borrowings for Budgetary Support3,million PKR,monthly,2012-06-30,2026-07-31,170,https://www.sbp.org.pk/ecodata/index2.asp
sbp_broad_money_m2,Broad Money (M2) — components and affecting factors,sbp,monetary,a. Credit to Private Sector,million PKR,monthly,1969-06-30,2012-06-30,517,https://www.sbp.org.pk/ecodata/index2.asp
sbp_broad_money_m2,Broad Money (M2) — components and affecting factors,sbp,monetary,a. Credit to Private Sector*,million PKR,monthly,2012-06-30,2026-07-31,170,https://www.sbp.org.pk/ecodata/index2.asp
sbp_broad_money_m2,Broad Money (M2) — components and affecting factors,sbp,monetary,b) Provincial Government,million PKR,monthly,2012-06-30,2026-07-31,170,https://www.sbp.org.pk/ecodata/index2.asp
sbp_broad_money_m2,Broad Money (M2) — components and affecting factors,sbp,monetary,b) Provincial Governments,million PKR,monthly,1998-06-30,2012-06-30,169,https://www.sbp.org.pk/ecodata/index2.asp
sbp_broad_money_m2,Broad Money (M2) — components and affecting factors,sbp,monetary,b. Commodity Operations,million PKR,monthly,1977-06-30,2026-07-31,590,https://www.sbp.org.pk/ecodata/index2.asp
sbp_broad_money_m2,Broad Money (M2) — components and affecting factors,sbp,monetary,b. Credit to Public Sectors Enterprises (PSEs),million PKR,monthly,1977-06-30,2026-07-31,590,https://www.sbp.org.pk/ecodata/index2.asp
sbp_broad_money_m2,Broad Money (M2) — components and affecting factors,sbp,monetary,c) AJK Government,million PKR,monthly,2012-06-30,2026-07-31,170,https://www.sbp.org.pk/ecodata/index2.asp
sbp_broad_money_m2,Broad Money (M2) — components and affecting factors,sbp,monetary,c. Others,million PKR,monthly,1977-06-30,2026-07-31,590,https://www.sbp.org.pk/ecodata/index2.asp
sbp_broad_money_m2,Broad Money (M2) — components and affecting factors,sbp,monetary,c. PSEs Special Account-Debt Repayment with SBP,million PKR,monthly,1999-06-30,2026-07-31,326,https://www.sbp.org.pk/ecodata/index2.asp
sbp_broad_money_m2,Broad Money (M2) — components and affecting factors,sbp,monetary,d) Gilgit-Baltistan,million PKR,monthly,2012-06-30,2026-07-31,170,https://www.sbp.org.pk/ecodata/index2.asp
sbp_broad_money_m2,Broad Money (M2) — components and affecting factors,sbp,monetary,d. Credit to NBFIs,million PKR,monthly,1977-06-30,2018-06-30,493,https://www.sbp.org.pk/ecodata/index2.asp
sbp_broad_money_m2,Broad Money (M2) — components and affecting factors,sbp,monetary,d. Credit to NBFIs6,million PKR,monthly,2018-06-30,2026-07-31,98,https://www.sbp.org.pk/ecodata/index2.asp
sbp_broad_money_m2,Broad Money (M2) — components and affecting factors,sbp,monetary,of which deposits with SBP,million PKR,monthly,2012-06-30,2026-07-31,170,https://www.sbp.org.pk/ecodata/index2.asp
sbp_broad_money_m2,Broad Money (M2) — components and affecting factors,sbp,monetary,of which deposits with banks4,million PKR,monthly,2012-06-30,2026-07-31,170,https://www.sbp.org.pk/ecodata/index2.asp
sbp_credit_loans_by_borrower,Credit and loans to the private sector,sbp,monetary,- Carpets and rugs,million PKR,monthly,2006-06-30,2019-06-30,157,https://www.sbp.org.pk/economic-data
sbp_credit_loans_by_borrower,Credit and loans to the private sector,sbp,monetary,- Knit wear,million PKR,monthly,2006-06-30,2019-06-30,157,https://www.sbp.org.pk/economic-data
sbp_credit_loans_by_borrower,Credit and loans to the private sector,sbp,monetary,- Made-up textile articles,million PKR,monthly,2006-06-30,2019-06-30,157,https://www.sbp.org.pk/economic-data
sbp_credit_loans_by_borrower,Credit and loans to the private sector,sbp,monetary,- Other textiles n.e.c.,million PKR,monthly,2006-06-30,2019-06-30,157,https://www.sbp.org.pk/economic-data
sbp_credit_loans_by_borrower,Credit and loans to the private sector,sbp,monetary,"- Spinning, weaving, finishing of textiles",million PKR,monthly,2006-06-30,2019-06-30,157,https://www.sbp.org.pk/economic-data
sbp_credit_loans_by_borrower,Credit and loans to the private sector,sbp,monetary,02 - Forestry and logging (ISIC rev. 4 basis),million PKR,monthly,2019-06-30,2026-06-30,85,https://www.sbp.org.pk/economic-data
sbp_credit_loans_by_borrower,Credit and loans to the private sector,sbp,monetary,03 - Fishing and aquaculture (ISIC rev. 4 basis),million PKR,monthly,2019-06-30,2026-06-30,85,https://www.sbp.org.pk/economic-data
sbp_credit_loans_by_borrower,Credit and loans to the private sector,sbp,monetary,05 - Mining of coal and lignite (ISIC rev. 4 basis),million PKR,monthly,2019-06-30,2026-06-30,85,https://www.sbp.org.pk/economic-data
sbp_credit_loans_by_borrower,Credit and loans to the private sector,sbp,monetary,06 - Extraction of crude petroleum and natural gas (ISIC rev. 4 basis),million PKR,monthly,2019-06-30,2026-06-30,85,https://www.sbp.org.pk/economic-data
sbp_credit_loans_by_borrower,Credit and loans to the private sector,sbp,monetary,07 - Mining of metal ores (ISIC rev. 4 basis),million PKR,monthly,2019-06-30,2026-06-30,85,https://www.sbp.org.pk/economic-data
sbp_credit_loans_by_borrower,Credit and loans to the private sector,sbp,monetary,08-Other mining and quarrying (ISIC rev. 4 basis),million PKR,monthly,2019-06-30,2026-06-30,85,https://www.sbp.org.pk/economic-data
sbp_credit_loans_by_borrower,Credit and loans to the private sector,sbp,monetary,1) For house building (ISIC rev. 4 basis),million PKR,monthly,2019-06-30,2026-06-30,85,https://www.sbp.org.pk/economic-data
sbp_credit_loans_by_borrower,Credit and loans to the private sector,sbp,monetary,1. Cotton (ISIC rev. 4 basis),million PKR,monthly,2019-06-30,2026-06-30,85,https://www.sbp.org.pk/economic-data
sbp_credit_loans_by_borrower,Credit and loans to the private sector,sbp,monetary,1. Credit to Government Sector (A+B),million PKR,monthly,2006-06-30,2019-06-30,157,https://www.sbp.org.pk/economic-data
sbp_credit_loans_by_borrower,Credit and loans to the private sector,sbp,monetary,1. Credit to Government Sector (A+B) (ISIC rev. 4 basis),million PKR,monthly,2019-06-30,2026-06-30,85,https://www.sbp.org.pk/economic-data
sbp_credit_loans_by_borrower,Credit and loans to the private sector,sbp,monetary,"1. Crop and animal production, hunting and related service activities (ISIC rev. 4 basis)",million PKR,monthly,2019-06-30,2026-06-30,85,https://www.sbp.org.pk/economic-data
sbp_credit_loans_by_borrower,Credit and loans to the private sector,sbp,monetary,1. Loans to Private Sector Business,million PKR,monthly,2006-06-30,2019-06-30,157,https://www.sbp.org.pk/economic-data
sbp_credit_loans_by_borrower,Credit and loans to the private sector,sbp,monetary,1. PRIVATE SECTOR (BUSINESS) (ISIC rev. 4 basis),million PKR,monthly,2019-06-30,2026-06-30,85,https://www.sbp.org.pk/economic-data
sbp_credit_loans_by_borrower,Credit and loans to the private sector,sbp,monetary,10 - Manufacture of food products (ISIC rev. 4 basis),million PKR,monthly,2019-06-30,2026-06-30,85,https://www.sbp.org.pk/economic-data
sbp_credit_loans_by_borrower,Credit and loans to the private sector,sbp,monetary,11 - Manufacture of beverages (ISIC rev. 4 basis),million PKR,monthly,2019-06-30,2026-06-30,85,https://www.sbp.org.pk/economic-data
sbp_credit_loans_by_borrower,Credit and loans to the private sector,sbp,monetary,12 - Manufacture of tobacco products (ISIC rev. 4 basis),million PKR,monthly,2019-06-30,2026-06-30,85,https://www.sbp.org.pk/economic-data
sbp_credit_loans_by_borrower,Credit and loans to the private sector,sbp,monetary,13 - Manufacture of textiles (ISIC rev. 4 basis),million PKR,monthly,2019-06-30,2026-06-30,85,https://www.sbp.org.pk/economic-data
sbp_credit_loans_by_borrower,Credit and loans to the private sector,sbp,monetary,14 - Manufacture of wearing apparel (ISIC rev. 4 basis),million PKR,monthly,2019-06-30,2026-06-30,85,https://www.sbp.org.pk/economic-data
sbp_credit_loans_by_borrower,Credit and loans to the private sector,sbp,monetary,15 - Manufacture of leather and related products (ISIC rev. 4 basis),million PKR,monthly,2019-06-30,2026-06-30,85,https://www.sbp.org.pk/economic-data
sbp_credit_loans_by_borrower,Credit and loans to the private sector,sbp,monetary,"16 - Manufacture of wood and of products of wood and cork, except furniture; manufacture of articles of straw and plaiting materials (ISIC rev. 4 basis)",million PKR,monthly,2019-06-30,2026-06-30,85,https://www.sbp.org.pk/economic-data
sbp_credit_loans_by_borrower,Credit and loans to the private sector,sbp,monetary,17 - Manufacture of paper and paper products (ISIC rev. 4 basis),million PKR,monthly,2019-06-30,2026-06-30,85,https://www.sbp.org.pk/economic-data
sbp_credit_loans_by_borrower,Credit and loans to the private sector,sbp,monetary,18 - Printing and reproduction of recorded media (ISIC rev. 4 basis),million PKR,monthly,2019-06-30,2026-06-30,85,https://www.sbp.org.pk/economic-data
sbp_credit_loans_by_borrower,Credit and loans to the private sector,sbp,monetary,19 - Manufacture of coke and refined petroleum products (ISIC rev. 4 basis),million PKR,monthly,2019-06-30,2026-06-30,85,https://www.sbp.org.pk/economic-data
sbp_credit_loans_by_borrower,Credit and loans to the private sector,sbp,monetary,2) For transport i.e. purchase of car etc (ISIC rev. 4 basis),million PKR,monthly,2019-06-30,2026-06-30,85,https://www.sbp.org.pk/economic-data
sbp_credit_loans_by_borrower,Credit and loans to the private sector,sbp,monetary,2) For transport i.e. purchase of car etc. (ISIC rev. 4 basis),million PKR,monthly,2019-06-30,2026-06-30,85,https://www.sbp.org.pk/economic-data
sbp_credit_loans_by_borrower,Credit and loans to the private sector,sbp,monetary,2. Credit to Non Government Sector (A+B) (ISIC rev. 4 basis),million PKR,monthly,2019-06-30,2026-06-30,85,https://www.sbp.org.pk/economic-data
sbp_credit_loans_by_borrower,Credit and loans to the private sector,sbp,monetary,2. Credit to Non Governmnet Sector (A+B),million PKR,monthly,2006-06-30,2019-06-30,157,https://www.sbp.org.pk/economic-data
sbp_credit_loans_by_borrower,Credit and loans to the private sector,sbp,monetary,2. TRUST FUNDS AND NON PROFIT ORGANIZATIONS (ISIC rev. 4 basis),million PKR,monthly,2019-06-30,2026-06-30,85,https://www.sbp.org.pk/economic-data
sbp_credit_loans_by_borrower,Credit and loans to the private sector,sbp,monetary,2. Trust Funds & NPOs,million PKR,monthly,2006-06-30,2019-06-30,157,https://www.sbp.org.pk/economic-data
sbp_credit_loans_by_borrower,Credit and loans to the private sector,sbp,monetary,2. Woolen (ISIC rev. 4 basis),million PKR,monthly,2019-06-30,2026-06-30,85,https://www.sbp.org.pk/economic-data
sbp_credit_loans_by_borrower,Credit and loans to the private sector,sbp,monetary,20 - Manufacture of chemicals and chemical products (ISIC rev. 4 basis),million PKR,monthly,2019-06-30,2026-06-30,85,https://www.sbp.org.pk/economic-data
sbp_credit_loans_by_borrower,Credit and loans to the private sector,sbp,monetary,21 - Manufacture of basic pharmaceutical products and pharmaceutical preparations (ISIC rev. 4 basis),million PKR,monthly,2019-06-30,2026-06-30,85,https://www.sbp.org.pk/economic-data
sbp_credit_loans_by_borrower,Credit and loans to the private sector,sbp,monetary,22 - Manufacture of rubber and plastics products (ISIC rev. 4 basis),million PKR,monthly,2019-06-30,2026-06-30,85,https://www.sbp.org.pk/economic-data
sbp_credit_loans_by_borrower,Credit and loans to the private sector,sbp,monetary,23 - Manufacture of other non-metallic mineral products (ISIC rev. 4 basis),million PKR,monthly,2019-06-30,2026-06-30,85,https://www.sbp.org.pk/economic-data
sbp_credit_loans_by_borrower,Credit and loans to the private sector,sbp,monetary,24 - Manufacture of basic metals (ISIC rev. 4 basis),million PKR,monthly,2019-06-30,2026-06-30,85,https://www.sbp.org.pk/economic-data
sbp_credit_loans_by_borrower,Credit and loans to the private sector,sbp,monetary,"25.Manufacture of fabricated metal products, except machinery and equipment (ISIC rev. 4 basis)",million PKR,monthly,2019-06-30,2026-06-30,85,https://www.sbp.org.pk/economic-data
sbp_credit_loans_by_borrower,Credit and loans to the private sector,sbp,monetary,"26 - Manufacture of computer, electronic and optical products (ISIC rev. 4 basis)",million PKR,monthly,2019-06-30,2026-06-30,85,https://www.sbp.org.pk/economic-data
sbp_credit_loans_by_borrower,Credit and loans to the private sector,sbp,monetary,27 - Manufacture of electrical equipment (ISIC rev. 4 basis),million PKR,monthly,2019-06-30,2026-06-30,85,https://www.sbp.org.pk/economic-data
sbp_credit_loans_by_borrower,Credit and loans to the private sector,sbp,monetary,28 - Manufacture of machinery and equipment (ISIC rev. 4 basis),million PKR,monthly,2019-06-30,2026-06-30,85,https://www.sbp.org.pk/economic-data
sbp_credit_loans_by_borrower,Credit and loans to the private sector,sbp,monetary,"29 - Manufacture of motor vehicles, trailers and semi-trailers (ISIC rev. 4 basis)",million PKR,monthly,2019-06-30,2026-06-30,85,https://www.sbp.org.pk/economic-data
sbp_credit_loans_by_borrower,Credit and loans to the private sector,sbp,monetary,3) Credit cards (ISIC rev. 4 basis),million PKR,monthly,2019-06-30,2026-06-30,85,https://www.sbp.org.pk/economic-data
sbp_credit_loans_by_borrower,Credit and loans to the private sector,sbp,monetary,3) Other purposes (ISIC rev. 4 basis),million PKR,monthly,2019-06-30,2026-06-30,85,https://www.sbp.org.pk/economic-data
sbp_credit_loans_by_borrower,Credit and loans to the private sector,sbp,monetary,3. PERSONAL (ISIC rev. 4 basis),million PKR,monthly,2019-06-30,2026-06-30,85,https://www.sbp.org.pk/economic-data
sbp_credit_loans_by_borrower,Credit and loans to the private sector,sbp,monetary,3. Personal,million PKR,monthly,2006-06-30,2019-06-30,157,https://www.sbp.org.pk/economic-data
sbp_credit_loans_by_borrower,Credit and loans to the private sector,sbp,monetary,3. Synthetic fibre (ISIC rev. 4 basis),million PKR,monthly,2019-06-30,2026-06-30,85,https://www.sbp.org.pk/economic-data
sbp_credit_loans_by_borrower,Credit and loans to the private sector,sbp,monetary,3. Synthetic textile (ISIC rev. 4 basis),million PKR,monthly,2019-06-30,2026-06-30,85,https://www.sbp.org.pk/economic-data
sbp_credit_loans_by_borrower,Credit and loans to the private sector,sbp,monetary,30 - Manufacture of other transport equipment (ISIC rev. 4 basis),million PKR,monthly,2019-06-30,2026-06-30,85,https://www.sbp.org.pk/economic-data
sbp_credit_loans_by_borrower,Credit and loans to the private sector,sbp,monetary,31 - Manufacture of furniture (ISIC rev. 4 basis),million PKR,monthly,2019-06-30,2026-06-30,85,https://www.sbp.org.pk/economic-data
sbp_credit_loans_by_borrower,Credit and loans to the private sector,sbp,monetary,32. Other manufacturing (ISIC rev. 4 basis),million PKR,monthly,2019-06-30,2026-06-30,85,https://www.sbp.org.pk/economic-data
sbp_credit_loans_by_borrower,Credit and loans to the private sector,sbp,monetary,33 - Repair and installation of machinery and equipment (ISIC rev. 4 basis),million PKR,monthly,2019-06-30,2026-06-30,85,https://www.sbp.org.pk/economic-data
sbp_credit_loans_by_borrower,Credit and loans to the private sector,sbp,monetary,"36 - Water collection, treatment and supply (ISIC rev. 4 basis)",million PKR,monthly,2019-06-30,2026-06-30,85,https://www.sbp.org.pk/economic-data
sbp_credit_loans_by_borrower,Credit and loans to the private sector,sbp,monetary,37 - Sewerage (ISIC rev. 4 basis),million PKR,monthly,2019-06-30,2026-06-30,85,https://www.sbp.org.pk/economic-data
sbp_credit_loans_by_borrower,Credit and loans to the private sector,sbp,monetary,"38 - Waste collection, treatment and disposal activities; materials recovery (ISIC rev. 4 basis)",million PKR,monthly,2019-06-30,2026-06-30,85,https://www.sbp.org.pk/economic-data
sbp_credit_loans_by_borrower,Credit and loans to the private sector,sbp,monetary,39 - Remediation activities and other waste management services (ISIC rev. 4 basis),million PKR,monthly,2019-06-30,2026-06-30,85,https://www.sbp.org.pk/economic-data
sbp_credit_loans_by_borrower,Credit and loans to the private sector,sbp,monetary,4) Consumers durable (ISIC rev. 4 basis),million PKR,monthly,2019-06-30,2026-06-30,85,https://www.sbp.org.pk/economic-data
sbp_credit_loans_by_borrower,Credit and loans to the private sector,sbp,monetary,4. OTHER (ISIC rev. 4 basis),million PKR,monthly,2019-06-30,2026-06-30,85,https://www.sbp.org.pk/economic-data
sbp_credit_loans_by_borrower,Credit and loans to the private sector,sbp,monetary,4. Other,million PKR,monthly,2006-06-30,2019-06-30,157,https://www.sbp.org.pk/economic-data
sbp_credit_loans_by_borrower,Credit and loans to the private sector,sbp,monetary,4. Others (ISIC rev. 4 basis),million PKR,monthly,2019-06-30,2026-06-30,85,https://www.sbp.org.pk/economic-data
sbp_credit_loans_by_borrower,Credit and loans to the private sector,sbp,monetary,41 - Construction of buildings (ISIC rev. 4 basis),million PKR,monthly,2019-06-30,2026-06-30,85,https://www.sbp.org.pk/economic-data
sbp_credit_loans_by_borrower,Credit and loans to the private sector,sbp,monetary,42 - Civil engineering (ISIC rev. 4 basis),million PKR,monthly,2019-06-30,2026-06-30,85,https://www.sbp.org.pk/economic-data
sbp_credit_loans_by_borrower,Credit and loans to the private sector,sbp,monetary,43 - Specialized construction activities (ISIC rev. 4 basis),million PKR,monthly,2019-06-30,2026-06-30,85,https://www.sbp.org.pk/economic-data
sbp_credit_loans_by_borrower,Credit and loans to the private sector,sbp,monetary,45 - Wholesale and retail trade and repair of motor vehicles and motorcycles (ISIC rev. 4 basis),million PKR,monthly,2019-06-30,2026-06-30,85,https://www.sbp.org.pk/economic-data
sbp_credit_loans_by_borrower,Credit and loans to the private sector,sbp,monetary,"46 - Wholesale trade, except of motor vehicles and motorcycles (ISIC rev. 4 basis)",million PKR,monthly,2019-06-30,2026-06-30,85,https://www.sbp.org.pk/economic-data
sbp_credit_loans_by_borrower,Credit and loans to the private sector,sbp,monetary,"47 - Retail trade, except of motor vehicles and motorcycles (ISIC rev. 4 basis)",million PKR,monthly,2019-06-30,2026-06-30,85,https://www.sbp.org.pk/economic-data
sbp_credit_loans_by_borrower,Credit and loans to the private sector,sbp,monetary,49 - Land transport and transport via pipelines (ISIC rev. 4 basis),million PKR,monthly,2019-06-30,2026-06-30,85,https://www.sbp.org.pk/economic-data
sbp_credit_loans_by_borrower,Credit and loans to the private sector,sbp,monetary,5) Personal loans (ISIC rev. 4 basis),million PKR,monthly,2019-06-30,2026-06-30,85,https://www.sbp.org.pk/economic-data
sbp_credit_loans_by_borrower,Credit and loans to the private sector,sbp,monetary,50 - Water transport (ISIC rev. 4 basis),million PKR,monthly,2019-06-30,2026-06-30,85,https://www.sbp.org.pk/economic-data
sbp_credit_loans_by_borrower,Credit and loans to the private sector,sbp,monetary,51 - Air transport (ISIC rev. 4 basis),million PKR,monthly,2019-06-30,2026-06-30,85,https://www.sbp.org.pk/economic-data
sbp_credit_loans_by_borrower,Credit and loans to the private sector,sbp,monetary,52 - Warehousing and support activities for transportation (ISIC rev. 4 basis),million PKR,monthly,2019-06-30,2026-06-30,85,https://www.sbp.org.pk/economic-data
sbp_credit_loans_by_borrower,Credit and loans to the private sector,sbp,monetary,53 - Courier activities other than national post activities (ISIC rev. 4 basis),million PKR,monthly,2019-06-30,2026-06-30,85,https://www.sbp.org.pk/economic-data
sbp_credit_loans_by_borrower,Credit and loans to the private sector,sbp,monetary,55 - Accommodation (ISIC rev. 4 basis),million PKR,monthly,2019-06-30,2026-06-30,85,https://www.sbp.org.pk/economic-data
sbp_credit_loans_by_borrower,Credit and loans to the private sector,sbp,monetary,56-Food and beverage service activities (ISIC rev. 4 basis),million PKR,monthly,2019-06-30,2026-06-30,85,https://www.sbp.org.pk/economic-data
sbp_credit_loans_by_borrower,Credit and loans to the private sector,sbp,monetary,58 - Publishing activities (ISIC rev. 4 basis),million PKR,monthly,2019-06-30,2026-06-30,85,https://www.sbp.org.pk/economic-data
sbp_credit_loans_by_borrower,Credit and loans to the private sector,sbp,monetary,"59 - Motion picture, video and television programme production, sound recording and music publishing activities (ISIC rev. 4 basis)",million PKR,monthly,2019-06-30,2026-06-30,85,https://www.sbp.org.pk/economic-data
sbp_credit_loans_by_borrower,Credit and loans to the private sector,sbp,monetary,60 - Programming and broadcasting activities (ISIC rev. 4 basis),million PKR,monthly,2019-06-30,2026-06-30,85,https://www.sbp.org.pk/economic-data
sbp_credit_loans_by_borrower,Credit and loans to the private sector,sbp,monetary,61 - Telecommunications (ISIC rev. 4 basis),million PKR,monthly,2019-06-30,2026-06-30,85,https://www.sbp.org.pk/economic-data
sbp_credit_loans_by_borrower,Credit and loans to the private sector,sbp,monetary,"62 - Computer programming, consultancy and related activities (ISIC rev. 4 basis)",million PKR,monthly,2019-06-30,2026-06-30,85,https://www.sbp.org.pk/economic-data
sbp_credit_loans_by_borrower,Credit and loans to the private sector,sbp,monetary,63 - Information service activities (ISIC rev. 4 basis),million PKR,monthly,2019-06-30,2026-06-30,85,https://www.sbp.org.pk/economic-data
sbp_credit_loans_by_borrower,Credit and loans to the private sector,sbp,monetary,69 - Legal and accounting activities (ISIC rev. 4 basis),million PKR,monthly,2019-06-30,2026-06-30,85,https://www.sbp.org.pk/economic-data
sbp_credit_loans_by_borrower,Credit and loans to the private sector,sbp,monetary,70 - Activities of head offices; management consultancy activities (ISIC rev. 4 basis),million PKR,monthly,2019-06-30,2026-06-30,85,https://www.sbp.org.pk/economic-data
sbp_credit_loans_by_borrower,Credit and loans to the private sector,sbp,monetary,71 - Architectural and engineering activities; technical testing and analysis (ISIC rev. 4 basis),million PKR,monthly,2019-06-30,2026-06-30,85,https://www.sbp.org.pk/economic-data
sbp_credit_loans_by_borrower,Credit and loans to the private sector,sbp,monetary,72 - Scientific research and development (ISIC rev. 4 basis),million PKR,monthly,2019-06-30,2026-06-30,85,https://www.sbp.org.pk/economic-data
sbp_credit_loans_by_borrower,Credit and loans to the private sector,sbp,monetary,73 - Advertising and market research (ISIC rev. 4 basis),million PKR,monthly,2019-06-30,2026-06-30,85,https://www.sbp.org.pk/economic-data
sbp_credit_loans_by_borrower,Credit and loans to the private sector,sbp,monetary,"74 - Other professional, scientific and technical activities (ISIC rev. 4 basis)",million PKR,monthly,2019-06-30,2026-06-30,85,https://www.sbp.org.pk/economic-data
sbp_credit_loans_by_borrower,Credit and loans to the private sector,sbp,monetary,75 - Veterinary activities (ISIC rev. 4 basis),million PKR,monthly,2019-06-30,2026-06-30,85,https://www.sbp.org.pk/economic-data
sbp_credit_loans_by_borrower,Credit and loans to the private sector,sbp,monetary,77 - Rental and leasing activities (ISIC rev. 4 basis),million PKR,monthly,2019-06-30,2026-06-30,85,https://www.sbp.org.pk/economic-data
sbp_credit_loans_by_borrower,Credit and loans to the private sector,sbp,monetary,78 - Employment activities (ISIC rev. 4 basis),million PKR,monthly,2019-06-30,2026-06-30,85,https://www.sbp.org.pk/economic-data
sbp_credit_loans_by_borrower,Credit and loans to the private sector,sbp,monetary,"79 - Travel agency, tour operator, reservation service and related activities (ISIC rev. 4 basis)",million PKR,monthly,2019-06-30,2026-06-30,85,https://www.sbp.org.pk/economic-data
sbp_credit_loans_by_borrower,Credit and loans to the private sector,sbp,monetary,80 - Security and investigation activities (ISIC rev. 4 basis),million PKR,monthly,2019-06-30,2026-06-30,85,https://www.sbp.org.pk/economic-data
sbp_credit_loans_by_borrower,Credit and loans to the private sector,sbp,monetary,81. Services to buildings and landscape activities (ISIC rev. 4 basis),million PKR,monthly,2019-06-30,2026-06-30,85,https://www.sbp.org.pk/economic-data
sbp_credit_loans_by_borrower,Credit and loans to the private sector,sbp,monetary,"82 - Office administrative, office support and other business support activities (ISIC rev. 4 basis)",million PKR,monthly,2019-06-30,2026-06-30,85,https://www.sbp.org.pk/economic-data
sbp_credit_loans_by_borrower,Credit and loans to the private sector,sbp,monetary,86 - Human health activities (ISIC rev. 4 basis),million PKR,monthly,2019-06-30,2026-06-30,85,https://www.sbp.org.pk/economic-data
sbp_credit_loans_by_borrower,Credit and loans to the private sector,sbp,monetary,87 - Residential care activities (ISIC rev. 4 basis),million PKR,monthly,2019-06-30,2026-06-30,85,https://www.sbp.org.pk/economic-data
sbp_credit_loans_by_borrower,Credit and loans to the private sector,sbp,monetary,88. Social work activities with and without accommodation (ISIC rev. 4 basis),million PKR,monthly,2019-06-30,2026-06-30,85,https://www.sbp.org.pk/economic-data
sbp_credit_loans_by_borrower,Credit and loans to the private sector,sbp,monetary,9 - Mining support service activities (ISIC rev. 4 basis),million PKR,monthly,2019-06-30,2026-06-30,85,https://www.sbp.org.pk/economic-data
sbp_credit_loans_by_borrower,Credit and loans to the private sector,sbp,monetary,"90 - Creative, arts and entertainment activities (ISIC rev. 4 basis)",million PKR,monthly,2019-06-30,2026-06-30,85,https://www.sbp.org.pk/economic-data
sbp_credit_loans_by_borrower,Credit and loans to the private sector,sbp,monetary,"91 - Libraries, archives, museums and other cultural activities (ISIC rev. 4 basis)",million PKR,monthly,2019-06-30,2026-06-30,85,https://www.sbp.org.pk/economic-data
sbp_credit_loans_by_borrower,Credit and loans to the private sector,sbp,monetary,92 - Sports activities and amusement and recreation activities (ISIC rev. 4 basis),million PKR,monthly,2019-06-30,2026-06-30,85,https://www.sbp.org.pk/economic-data
sbp_credit_loans_by_borrower,Credit and loans to the private sector,sbp,monetary,93-Activities of membership organizations (ISIC rev. 4 basis),million PKR,monthly,2019-06-30,2026-06-30,85,https://www.sbp.org.pk/economic-data
sbp_credit_loans_by_borrower,Credit and loans to the private sector,sbp,monetary,94-Repair of computers and personal and household goods (ISIC rev. 4 basis),million PKR,monthly,2019-06-30,2026-06-30,85,https://www.sbp.org.pk/economic-data
sbp_credit_loans_by_borrower,Credit and loans to the private sector,sbp,monetary,95-Other personal service activities (ISIC rev. 4 basis),million PKR,monthly,2019-06-30,2026-06-30,85,https://www.sbp.org.pk/economic-data
sbp_credit_loans_by_borrower,Credit and loans to the private sector,sbp,monetary,96-Activities of households as employers of domestic personnel (ISIC rev. 4 basis),million PKR,monthly,2019-06-30,2026-06-30,85,https://www.sbp.org.pk/economic-data
sbp_credit_loans_by_borrower,Credit and loans to the private sector,sbp,monetary,97-Undifferentiated goods- and services-producing activities of private households for own use (ISIC rev. 4 basis),million PKR,monthly,2019-06-30,2026-06-30,85,https://www.sbp.org.pk/economic-data
sbp_credit_loans_by_borrower,Credit and loans to the private sector,sbp,monetary,"A. Agriculture, forestry and fishing (ISIC rev. 4 basis)",million PKR,monthly,2019-06-30,2026-06-30,85,https://www.sbp.org.pk/economic-data
sbp_credit_loans_by_borrower,Credit and loans to the private sector,sbp,monetary,A. Bank Employees (ISIC rev. 4 basis),million PKR,monthly,2019-06-30,2026-06-30,85,https://www.sbp.org.pk/economic-data
sbp_credit_loans_by_borrower,Credit and loans to the private sector,sbp,monetary,A. Government Trusts and Non-profit Organizations (ISIC rev. 4 basis),million PKR,monthly,2019-06-30,2026-06-30,85,https://www.sbp.org.pk/economic-data
sbp_credit_loans_by_borrower,Credit and loans to the private sector,sbp,monetary,A. Investment in Securities & Shares of Private Sector,million PKR,monthly,2001-06-30,2019-06-30,217,https://www.sbp.org.pk/economic-data
sbp_credit_loans_by_borrower,Credit and loans to the private sector,sbp,monetary,A. Investment in Securities & Shares of Private Sector (ISIC rev. 4 basis),million PKR,monthly,2019-06-30,2026-06-30,85,https://www.sbp.org.pk/economic-data
sbp_credit_loans_by_borrower,Credit and loans to the private sector,sbp,monetary,A. SBP Credit to Government Sector (Net),million PKR,monthly,2006-06-30,2019-06-30,157,https://www.sbp.org.pk/economic-data
sbp_credit_loans_by_borrower,Credit and loans to the private sector,sbp,monetary,A. SBP Credit to Government Sector (Net) (ISIC rev. 4 basis),million PKR,monthly,2019-06-30,2026-06-30,85,https://www.sbp.org.pk/economic-data
sbp_credit_loans_by_borrower,Credit and loans to the private sector,sbp,monetary,A. SBP Credit to Non Govt. Sector,million PKR,monthly,2006-06-30,2019-06-30,157,https://www.sbp.org.pk/economic-data
sbp_credit_loans_by_borrower,Credit and loans to the private sector,sbp,monetary,A. SBP Credit to Non Govt. Sector (ISIC rev. 4 basis),million PKR,monthly,2019-06-30,2026-06-30,85,https://www.sbp.org.pk/economic-data
sbp_credit_loans_by_borrower,Credit and loans to the private sector,sbp,monetary,"Accounting, bookkeeping and auditing activities; tax consultancy (ISIC rev. 4 basis)",million PKR,monthly,2019-06-30,2026-06-30,85,https://www.sbp.org.pk/economic-data
sbp_credit_loans_by_borrower,Credit and loans to the private sector,sbp,monetary,Agricultural and animal husbandry services,million PKR,monthly,2006-06-30,2019-06-30,157,https://www.sbp.org.pk/economic-data
sbp_credit_loans_by_borrower,Credit and loans to the private sector,sbp,monetary,Agricultural machinery and equipments,million PKR,monthly,2006-06-30,2019-06-30,157,https://www.sbp.org.pk/economic-data
sbp_credit_loans_by_borrower,Credit and loans to the private sector,sbp,monetary,Agricultural machinery and equipments and related services (ISIC rev. 4 basis),million PKR,monthly,2019-06-30,2026-06-30,85,https://www.sbp.org.pk/economic-data
sbp_credit_loans_by_borrower,Credit and loans to the private sector,sbp,monetary,"Agriculture, hunting and forestry",million PKR,monthly,2006-06-30,2019-06-30,157,https://www.sbp.org.pk/economic-data
sbp_credit_loans_by_borrower,Credit and loans to the private sector,sbp,monetary,B. Consumer Financing (ISIC rev. 4 basis),million PKR,monthly,2019-06-30,2026-06-30,85,https://www.sbp.org.pk/economic-data
sbp_credit_loans_by_borrower,Credit and loans to the private sector,sbp,monetary,B. Loans to Private Sector,million PKR,monthly,2001-06-30,2006-06-30,61,https://www.sbp.org.pk/economic-data
sbp_credit_loans_by_borrower,Credit and loans to the private sector,sbp,monetary,B. Loans to Private Sector (1-4),million PKR,monthly,2006-06-30,2019-06-30,157,https://www.sbp.org.pk/economic-data
sbp_credit_loans_by_borrower,Credit and loans to the private sector,sbp,monetary,B. Loans to Private Sector (1-4) (ISIC rev. 4 basis),million PKR,monthly,2019-06-30,2026-06-30,85,https://www.sbp.org.pk/economic-data
sbp_credit_loans_by_borrower,Credit and loans to the private sector,sbp,monetary,B. Mining and quarrying (ISIC rev. 4 basis),million PKR,monthly,2019-06-30,2026-06-30,85,https://www.sbp.org.pk/economic-data
sbp_credit_loans_by_borrower,Credit and loans to the private sector,sbp,monetary,B. Private Trusts and Non-profit Organizations (ISIC rev. 4 basis),million PKR,monthly,2019-06-30,2026-06-30,85,https://www.sbp.org.pk/economic-data
sbp_credit_loans_by_borrower,Credit and loans to the private sector,sbp,monetary,B. Scheduled Banks Credit to Government Sector (Net),million PKR,monthly,2006-06-30,2019-06-30,157,https://www.sbp.org.pk/economic-data
sbp_credit_loans_by_borrower,Credit and loans to the private sector,sbp,monetary,B. Scheduled Banks Credit to Government Sector (Net) (ISIC rev. 4 basis),million PKR,monthly,2019-06-30,2026-06-30,85,https://www.sbp.org.pk/economic-data
sbp_credit_loans_by_borrower,Credit and loans to the private sector,sbp,monetary,B. Scheduled Banks Credit to Non Govt. Sector (I+II+III) (ISIC rev. 4 basis),million PKR,monthly,2019-06-30,2026-06-30,85,https://www.sbp.org.pk/economic-data
sbp_credit_loans_by_borrower,Credit and loans to the private sector,sbp,monetary,B. Scheduled Banks Credit to Non Govt.Sector (I+II+III),million PKR,monthly,2006-06-30,2019-06-30,157,https://www.sbp.org.pk/economic-data
sbp_credit_loans_by_borrower,Credit and loans to the private sector,sbp,monetary,Bank Employees,million PKR,monthly,2006-06-30,2019-06-30,157,https://www.sbp.org.pk/economic-data
sbp_credit_loans_by_borrower,Credit and loans to the private sector,sbp,monetary,Basic metals,million PKR,monthly,2006-06-30,2019-06-30,157,https://www.sbp.org.pk/economic-data
sbp_credit_loans_by_borrower,Credit and loans to the private sector,sbp,monetary,Book publishing (ISIC rev. 4 basis),million PKR,monthly,2019-06-30,2026-06-30,85,https://www.sbp.org.pk/economic-data
sbp_credit_loans_by_borrower,Credit and loans to the private sector,sbp,monetary,Building,million PKR,monthly,2006-06-30,2019-06-30,157,https://www.sbp.org.pk/economic-data
sbp_credit_loans_by_borrower,Credit and loans to the private sector,sbp,monetary,"Building of ships, floating structures and boats (ISIC rev. 4 basis)",million PKR,monthly,2019-06-30,2026-06-30,85,https://www.sbp.org.pk/economic-data
sbp_credit_loans_by_borrower,Credit and loans to the private sector,sbp,monetary,C) Other (ISIC rev. 4 basis),million PKR,monthly,2019-06-30,2026-06-30,85,https://www.sbp.org.pk/economic-data
sbp_credit_loans_by_borrower,Credit and loans to the private sector,sbp,monetary,C. Manufacturing (ISIC rev. 4 basis),million PKR,monthly,2019-06-30,2026-06-30,85,https://www.sbp.org.pk/economic-data
sbp_credit_loans_by_borrower,Credit and loans to the private sector,sbp,monetary,C. Non-government Organizations (NGOs)/ Community Based Organizations (CBOs) (ISIC rev. 4 basis),million PKR,monthly,2019-06-30,2026-06-30,85,https://www.sbp.org.pk/economic-data
sbp_credit_loans_by_borrower,Credit and loans to the private sector,sbp,monetary,Cargo handling (ISIC rev. 4 basis),million PKR,monthly,2019-06-30,2026-06-30,85,https://www.sbp.org.pk/economic-data
sbp_credit_loans_by_borrower,Credit and loans to the private sector,sbp,monetary,Casting of iron and steel (ISIC rev. 4 basis),million PKR,monthly,2019-06-30,2026-06-30,85,https://www.sbp.org.pk/economic-data
sbp_credit_loans_by_borrower,Credit and loans to the private sector,sbp,monetary,Casting of non-ferrous metals (ISIC rev. 4 basis),million PKR,monthly,2019-06-30,2026-06-30,85,https://www.sbp.org.pk/economic-data
sbp_credit_loans_by_borrower,Credit and loans to the private sector,sbp,monetary,"Chemical, fertilizer, salt etc",million PKR,monthly,2006-06-30,2019-06-30,157,https://www.sbp.org.pk/economic-data
sbp_credit_loans_by_borrower,Credit and loans to the private sector,sbp,monetary,Chemicals and chemical products,million PKR,monthly,2006-06-30,2019-06-30,157,https://www.sbp.org.pk/economic-data
sbp_credit_loans_by_borrower,Credit and loans to the private sector,sbp,monetary,"Coke, refined petroleum products",million PKR,monthly,2006-06-30,2019-06-30,157,https://www.sbp.org.pk/economic-data
sbp_credit_loans_by_borrower,Credit and loans to the private sector,sbp,monetary,Commerce and Trade,million PKR,monthly,2006-06-30,2019-06-30,157,https://www.sbp.org.pk/economic-data
sbp_credit_loans_by_borrower,Credit and loans to the private sector,sbp,monetary,Computer consultancy and computer facilities management activities (ISIC rev. 4 basis),million PKR,monthly,2019-06-30,2026-06-30,85,https://www.sbp.org.pk/economic-data
sbp_credit_loans_by_borrower,Credit and loans to the private sector,sbp,monetary,Computer programming activities (ISIC rev. 4 basis),million PKR,monthly,2019-06-30,2026-06-30,85,https://www.sbp.org.pk/economic-data
sbp_credit_loans_by_borrower,Credit and loans to the private sector,sbp,monetary,Construction,million PKR,monthly,2006-06-30,2019-06-30,157,https://www.sbp.org.pk/economic-data
sbp_credit_loans_by_borrower,Credit and loans to the private sector,sbp,monetary,Construction of other civil engineering projects (ISIC rev. 4 basis),million PKR,monthly,2019-06-30,2026-06-30,85,https://www.sbp.org.pk/economic-data
sbp_credit_loans_by_borrower,Credit and loans to the private sector,sbp,monetary,Construction of roads and railways (ISIC rev. 4 basis),million PKR,monthly,2019-06-30,2026-06-30,85,https://www.sbp.org.pk/economic-data
sbp_credit_loans_by_borrower,Credit and loans to the private sector,sbp,monetary,Construction of utility projects (ISIC rev. 4 basis),million PKR,monthly,2019-06-30,2026-06-30,85,https://www.sbp.org.pk/economic-data
sbp_credit_loans_by_borrower,Credit and loans to the private sector,sbp,monetary,Consumer Financing,million PKR,monthly,2006-06-30,2019-06-30,157,https://www.sbp.org.pk/economic-data
sbp_credit_loans_by_borrower,Credit and loans to the private sector,sbp,monetary,Consumers durable,million PKR,monthly,2006-06-30,2019-06-30,157,https://www.sbp.org.pk/economic-data
sbp_credit_loans_by_borrower,Credit and loans to the private sector,sbp,monetary,Credit cards,million PKR,monthly,2006-06-30,2019-06-30,157,https://www.sbp.org.pk/economic-data
sbp_credit_loans_by_borrower,Credit and loans to the private sector,sbp,monetary,Credit to Private Sector (A+B),million PKR,monthly,2001-06-30,2006-06-30,61,https://www.sbp.org.pk/economic-data
sbp_credit_loans_by_borrower,Credit and loans to the private sector,sbp,monetary,Cultural education (ISIC rev. 4 basis),million PKR,monthly,2019-06-30,2026-06-30,85,https://www.sbp.org.pk/economic-data
sbp_credit_loans_by_borrower,Credit and loans to the private sector,sbp,monetary,"Cutting, shaping and finishing of stone (ISIC rev. 4 basis)",million PKR,monthly,2019-06-30,2026-06-30,85,https://www.sbp.org.pk/economic-data
sbp_credit_loans_by_borrower,Credit and loans to the private sector,sbp,monetary,"D. Electricity, gas, steam and air conditioning supply (ISIC rev. 4 basis)",million PKR,monthly,2019-06-30,2026-06-30,85,https://www.sbp.org.pk/economic-data
sbp_credit_loans_by_borrower,Credit and loans to the private sector,sbp,monetary,"Data processing, hosting and related activities (ISIC rev. 4 basis)",million PKR,monthly,2019-06-30,2026-06-30,85,https://www.sbp.org.pk/economic-data
sbp_credit_loans_by_borrower,Credit and loans to the private sector,sbp,monetary,"E. Water supply; sewerage, waste management and remediation activities (ISIC rev. 4 basis)",million PKR,monthly,2019-06-30,2026-06-30,85,https://www.sbp.org.pk/economic-data
sbp_credit_loans_by_borrower,Credit and loans to the private sector,sbp,monetary,Education,million PKR,monthly,2006-06-30,2019-06-30,157,https://www.sbp.org.pk/economic-data
sbp_credit_loans_by_borrower,Credit and loans to the private sector,sbp,monetary,Educational support activities (ISIC rev. 4 basis),million PKR,monthly,2019-06-30,2026-06-30,85,https://www.sbp.org.pk/economic-data
sbp_credit_loans_by_borrower,Credit and loans to the private sector,sbp,monetary,"Electric power generation, transmission and distribution (ISIC rev. 4 basis)",million PKR,monthly,2019-06-30,2026-06-30,85,https://www.sbp.org.pk/economic-data
sbp_credit_loans_by_borrower,Credit and loans to the private sector,sbp,monetary,Electrical machinery and apparatus,million PKR,monthly,2006-06-30,2019-06-30,157,https://www.sbp.org.pk/economic-data
sbp_credit_loans_by_borrower,Credit and loans to the private sector,sbp,monetary,"Electricity, gas and water supply",million PKR,monthly,2006-06-30,2019-06-30,157,https://www.sbp.org.pk/economic-data
sbp_credit_loans_by_borrower,Credit and loans to the private sector,sbp,monetary,Extraction of crude petroleum & Natural gas,million PKR,monthly,2006-06-30,2019-06-30,157,https://www.sbp.org.pk/economic-data
sbp_credit_loans_by_borrower,Credit and loans to the private sector,sbp,monetary,Extraction of crude petroleum (ISIC rev. 4 basis),million PKR,monthly,2019-06-30,2026-06-30,85,https://www.sbp.org.pk/economic-data
sbp_credit_loans_by_borrower,Credit and loans to the private sector,sbp,monetary,Extraction of natural gas (ISIC rev. 4 basis),million PKR,monthly,2019-06-30,2026-06-30,85,https://www.sbp.org.pk/economic-data
sbp_credit_loans_by_borrower,Credit and loans to the private sector,sbp,monetary,Extraction of peat (ISIC rev. 4 basis),million PKR,monthly,2019-06-30,2026-06-30,85,https://www.sbp.org.pk/economic-data
sbp_credit_loans_by_borrower,Credit and loans to the private sector,sbp,monetary,Extraction of salt (ISIC rev. 4 basis),million PKR,monthly,2019-06-30,2026-06-30,85,https://www.sbp.org.pk/economic-data
sbp_credit_loans_by_borrower,Credit and loans to the private sector,sbp,monetary,F. Construction (ISIC rev. 4 basis),million PKR,monthly,2019-06-30,2026-06-30,85,https://www.sbp.org.pk/economic-data
sbp_credit_loans_by_borrower,Credit and loans to the private sector,sbp,monetary,Fabricated metal products,million PKR,monthly,2006-06-30,2019-06-30,157,https://www.sbp.org.pk/economic-data
sbp_credit_loans_by_borrower,Credit and loans to the private sector,sbp,monetary,Farming of animals (Livestock),million PKR,monthly,2006-06-30,2019-06-30,157,https://www.sbp.org.pk/economic-data
sbp_credit_loans_by_borrower,Credit and loans to the private sector,sbp,monetary,Finishing of textiles (ISIC rev. 4 basis),million PKR,monthly,2019-06-30,2026-06-30,85,https://www.sbp.org.pk/economic-data
sbp_credit_loans_by_borrower,Credit and loans to the private sector,sbp,monetary,"Fishing, fish farming",million PKR,monthly,2006-06-30,2019-06-30,157,https://www.sbp.org.pk/economic-data
sbp_credit_loans_by_borrower,Credit and loans to the private sector,sbp,monetary,Food products and beverages,million PKR,monthly,2006-06-30,2019-06-30,157,https://www.sbp.org.pk/economic-data
sbp_credit_loans_by_borrower,Credit and loans to the private sector,sbp,monetary,Footwear,million PKR,monthly,2006-06-30,2019-06-30,157,https://www.sbp.org.pk/economic-data
sbp_credit_loans_by_borrower,Credit and loans to the private sector,sbp,monetary,For house building,million PKR,monthly,2006-06-30,2019-06-30,157,https://www.sbp.org.pk/economic-data
sbp_credit_loans_by_borrower,Credit and loans to the private sector,sbp,monetary,For transport i.e. purchase of car etc,million PKR,monthly,2006-06-30,2019-06-30,157,https://www.sbp.org.pk/economic-data
sbp_credit_loans_by_borrower,Credit and loans to the private sector,sbp,monetary,"Forging, pressing, stamping and roll-forming of metal; powder metallurgy (ISIC rev. 4 basis)",million PKR,monthly,2019-06-30,2026-06-30,85,https://www.sbp.org.pk/economic-data
sbp_credit_loans_by_borrower,Credit and loans to the private sector,sbp,monetary,Freight air transport (ISIC rev. 4 basis),million PKR,monthly,2019-06-30,2026-06-30,85,https://www.sbp.org.pk/economic-data
sbp_credit_loans_by_borrower,Credit and loans to the private sector,sbp,monetary,Freight rail transport (ISIC rev. 4 basis),million PKR,monthly,2019-06-30,2026-06-30,85,https://www.sbp.org.pk/economic-data
sbp_credit_loans_by_borrower,Credit and loans to the private sector,sbp,monetary,Freight transport by road (ISIC rev. 4 basis),million PKR,monthly,2019-06-30,2026-06-30,85,https://www.sbp.org.pk/economic-data
sbp_credit_loans_by_borrower,Credit and loans to the private sector,sbp,monetary,Freshwater aquaculture (ISIC rev. 4 basis),million PKR,monthly,2019-06-30,2026-06-30,85,https://www.sbp.org.pk/economic-data
sbp_credit_loans_by_borrower,Credit and loans to the private sector,sbp,monetary,Freshwater fishing (ISIC rev. 4 basis),million PKR,monthly,2019-06-30,2026-06-30,85,https://www.sbp.org.pk/economic-data
sbp_credit_loans_by_borrower,Credit and loans to the private sector,sbp,monetary,Furniture and fixture,million PKR,monthly,2006-06-30,2019-06-30,157,https://www.sbp.org.pk/economic-data
sbp_credit_loans_by_borrower,Credit and loans to the private sector,sbp,monetary,G. Wholesale and retail trade; repair of motor vehicles and motorcycles (ISIC rev. 4 basis),million PKR,monthly,2019-06-30,2026-06-30,85,https://www.sbp.org.pk/economic-data
sbp_credit_loans_by_borrower,Credit and loans to the private sector,sbp,monetary,General secondary education (ISIC rev. 4 basis),million PKR,monthly,2019-06-30,2026-06-30,85,https://www.sbp.org.pk/economic-data
sbp_credit_loans_by_borrower,Credit and loans to the private sector,sbp,monetary,Growing of Apples (ISIC rev. 4 basis),million PKR,monthly,2019-06-30,2026-06-30,85,https://www.sbp.org.pk/economic-data
sbp_credit_loans_by_borrower,Credit and loans to the private sector,sbp,monetary,Growing of Cotton (ISIC rev. 4 basis),million PKR,monthly,2019-06-30,2026-06-30,85,https://www.sbp.org.pk/economic-data
sbp_credit_loans_by_borrower,Credit and loans to the private sector,sbp,monetary,Growing of Mangoes (ISIC rev. 4 basis),million PKR,monthly,2019-06-30,2026-06-30,85,https://www.sbp.org.pk/economic-data
sbp_credit_loans_by_borrower,Credit and loans to the private sector,sbp,monetary,Growing of Oranges (ISIC rev. 4 basis),million PKR,monthly,2019-06-30,2026-06-30,85,https://www.sbp.org.pk/economic-data
sbp_credit_loans_by_borrower,Credit and loans to the private sector,sbp,monetary,Growing of Wheat (ISIC rev. 4 basis),million PKR,monthly,2019-06-30,2026-06-30,85,https://www.sbp.org.pk/economic-data
sbp_credit_loans_by_borrower,Credit and loans to the private sector,sbp,monetary,"Growing of cereals , leguminous crops and oil seeds (ISIC rev. 4 basis)",million PKR,monthly,2019-06-30,2026-06-30,85,https://www.sbp.org.pk/economic-data
sbp_credit_loans_by_borrower,Credit and loans to the private sector,sbp,monetary,"Growing of cereals , leguminous crops and oil seeds excluding wheat (ISIC rev. 4 basis)",million PKR,monthly,2019-06-30,2026-06-30,85,https://www.sbp.org.pk/economic-data
sbp_credit_loans_by_borrower,Credit and loans to the private sector,sbp,monetary,Growing of citrus fruits (ISIC rev. 4 basis),million PKR,monthly,2019-06-30,2026-06-30,85,https://www.sbp.org.pk/economic-data
sbp_credit_loans_by_borrower,Credit and loans to the private sector,sbp,monetary,Growing of citrus fruits excluding oranges (ISIC rev. 4 basis),million PKR,monthly,2019-06-30,2026-06-30,85,https://www.sbp.org.pk/economic-data
sbp_credit_loans_by_borrower,Credit and loans to the private sector,sbp,monetary,Growing of crops,million PKR,monthly,2006-06-30,2019-06-30,157,https://www.sbp.org.pk/economic-data
sbp_credit_loans_by_borrower,Credit and loans to the private sector,sbp,monetary,Growing of fibre crops (ISIC rev. 4 basis),million PKR,monthly,2019-06-30,2026-06-30,85,https://www.sbp.org.pk/economic-data
sbp_credit_loans_by_borrower,Credit and loans to the private sector,sbp,monetary,Growing of fibre crops excluding cotton (ISIC rev. 4 basis),million PKR,monthly,2019-06-30,2026-06-30,85,https://www.sbp.org.pk/economic-data
sbp_credit_loans_by_borrower,Credit and loans to the private sector,sbp,monetary,Growing of other crops and plant propagation (ISIC rev. 4 basis),million PKR,monthly,2019-06-30,2026-06-30,85,https://www.sbp.org.pk/economic-data
sbp_credit_loans_by_borrower,Credit and loans to the private sector,sbp,monetary,Growing of other tree and bush fruits and nuts (ISIC rev. 4 basis),million PKR,monthly,2019-06-30,2026-06-30,85,https://www.sbp.org.pk/economic-data
sbp_credit_loans_by_borrower,Credit and loans to the private sector,sbp,monetary,Growing of pome fruits and stone fruits (ISIC rev. 4 basis),million PKR,monthly,2019-06-30,2026-06-30,85,https://www.sbp.org.pk/economic-data
sbp_credit_loans_by_borrower,Credit and loans to the private sector,sbp,monetary,Growing of pome fruits and stone fruits excluding apples (ISIC rev. 4 basis),million PKR,monthly,2019-06-30,2026-06-30,85,https://www.sbp.org.pk/economic-data
sbp_credit_loans_by_borrower,Credit and loans to the private sector,sbp,monetary,Growing of rice (ISIC rev. 4 basis),million PKR,monthly,2019-06-30,2026-06-30,85,https://www.sbp.org.pk/economic-data
sbp_credit_loans_by_borrower,Credit and loans to the private sector,sbp,monetary,"Growing of spices, aromatic, drug and pharmaceutical crops (ISIC rev. 4 basis)",million PKR,monthly,2019-06-30,2026-06-30,85,https://www.sbp.org.pk/economic-data
sbp_credit_loans_by_borrower,Credit and loans to the private sector,sbp,monetary,Growing of sugar cane (ISIC rev. 4 basis),million PKR,monthly,2019-06-30,2026-06-30,85,https://www.sbp.org.pk/economic-data
sbp_credit_loans_by_borrower,Credit and loans to the private sector,sbp,monetary,Growing of tobacco (ISIC rev. 4 basis),million PKR,monthly,2019-06-30,2026-06-30,85,https://www.sbp.org.pk/economic-data
sbp_credit_loans_by_borrower,Credit and loans to the private sector,sbp,monetary,Growing of tropical and subtropical fruits (ISIC rev. 4 basis),million PKR,monthly,2019-06-30,2026-06-30,85,https://www.sbp.org.pk/economic-data
sbp_credit_loans_by_borrower,Credit and loans to the private sector,sbp,monetary,Growing of tropical and subtropical fruits excluding mangoes (ISIC rev. 4 basis),million PKR,monthly,2019-06-30,2026-06-30,85,https://www.sbp.org.pk/economic-data
sbp_credit_loans_by_borrower,Credit and loans to the private sector,sbp,monetary,"Growing of vegetables and melons, roots and tubers (ISIC rev. 4 basis)",million PKR,monthly,2019-06-30,2026-06-30,85,https://www.sbp.org.pk/economic-data
sbp_credit_loans_by_borrower,Credit and loans to the private sector,sbp,monetary,H. Transportation and storage (ISIC rev. 4 basis),million PKR,monthly,2019-06-30,2026-06-30,85,https://www.sbp.org.pk/economic-data
sbp_credit_loans_by_borrower,Credit and loans to the private sector,sbp,monetary,Handicrafts,million PKR,monthly,2006-06-30,2019-06-30,157,https://www.sbp.org.pk/economic-data
sbp_credit_loans_by_borrower,Credit and loans to the private sector,sbp,monetary,Health and social work,million PKR,monthly,2006-06-30,2019-06-30,157,https://www.sbp.org.pk/economic-data
sbp_credit_loans_by_borrower,Credit and loans to the private sector,sbp,monetary,Higher education (ISIC rev. 4 basis),million PKR,monthly,2019-06-30,2026-06-30,85,https://www.sbp.org.pk/economic-data
sbp_credit_loans_by_borrower,Credit and loans to the private sector,sbp,monetary,Hospital activities (ISIC rev. 4 basis),million PKR,monthly,2019-06-30,2026-06-30,85,https://www.sbp.org.pk/economic-data
sbp_credit_loans_by_borrower,Credit and loans to the private sector,sbp,monetary,"Hotels, restaurants and clubs etc",million PKR,monthly,2006-06-30,2019-06-30,157,https://www.sbp.org.pk/economic-data
sbp_credit_loans_by_borrower,Credit and loans to the private sector,sbp,monetary,"Hunting, trapping and related service activities (ISIC rev. 4 basis)",million PKR,monthly,2019-06-30,2026-06-30,85,https://www.sbp.org.pk/economic-data
sbp_credit_loans_by_borrower,Credit and loans to the private sector,sbp,monetary,"Hunting, trapping, forestry & logging",million PKR,monthly,2006-06-30,2019-06-30,157,https://www.sbp.org.pk/economic-data
sbp_credit_loans_by_borrower,Credit and loans to the private sector,sbp,monetary,I. Accommodation and food service activities (ISIC rev. 4 basis),million PKR,monthly,2019-06-30,2026-06-30,85,https://www.sbp.org.pk/economic-data
sbp_credit_loans_by_borrower,Credit and loans to the private sector,sbp,monetary,I. Credit to PSEs,million PKR,monthly,2006-06-30,2019-06-30,157,https://www.sbp.org.pk/economic-data
sbp_credit_loans_by_borrower,Credit and loans to the private sector,sbp,monetary,I. Credit to PSEs (ISIC rev. 4 basis),million PKR,monthly,2019-06-30,2026-06-30,85,https://www.sbp.org.pk/economic-data
sbp_credit_loans_by_borrower,Credit and loans to the private sector,sbp,monetary,II. Credit to NBFCs,million PKR,monthly,2006-06-30,2019-06-30,157,https://www.sbp.org.pk/economic-data
sbp_credit_loans_by_borrower,Credit and loans to the private sector,sbp,monetary,II. Credit to NBFIs (ISIC rev. 4 basis),million PKR,monthly,2019-06-30,2026-06-30,85,https://www.sbp.org.pk/economic-data
sbp_credit_loans_by_borrower,Credit and loans to the private sector,sbp,monetary,III. Credit to Private Sector (A+B),million PKR,monthly,2006-06-30,2019-06-30,157,https://www.sbp.org.pk/economic-data
sbp_credit_loans_by_borrower,Credit and loans to the private sector,sbp,monetary,III. Credit to Private Sector (A+B) (ISIC rev. 4 basis),million PKR,monthly,2019-06-30,2026-06-30,85,https://www.sbp.org.pk/economic-data
sbp_credit_loans_by_borrower,Credit and loans to the private sector,sbp,monetary,Infrastructure,million PKR,monthly,2006-06-30,2019-06-30,157,https://www.sbp.org.pk/economic-data
sbp_credit_loans_by_borrower,Credit and loans to the private sector,sbp,monetary,Inland freight water transport (ISIC rev. 4 basis),million PKR,monthly,2019-06-30,2026-06-30,85,https://www.sbp.org.pk/economic-data
sbp_credit_loans_by_borrower,Credit and loans to the private sector,sbp,monetary,Inland passenger water transport (ISIC rev. 4 basis),million PKR,monthly,2019-06-30,2026-06-30,85,https://www.sbp.org.pk/economic-data
sbp_credit_loans_by_borrower,Credit and loans to the private sector,sbp,monetary,Investment in Govt. Securities,million PKR,monthly,2006-06-30,2019-06-30,157,https://www.sbp.org.pk/economic-data
sbp_credit_loans_by_borrower,Credit and loans to the private sector,sbp,monetary,Investment in Govt. Securities (ISIC rev. 4 basis),million PKR,monthly,2019-06-30,2026-06-30,85,https://www.sbp.org.pk/economic-data
sbp_credit_loans_by_borrower,Credit and loans to the private sector,sbp,monetary,Investment in NBFIs,million PKR,monthly,2006-06-30,2019-06-30,157,https://www.sbp.org.pk/economic-data
sbp_credit_loans_by_borrower,Credit and loans to the private sector,sbp,monetary,Investment in NBFIs (ISIC rev. 4 basis),million PKR,monthly,2019-06-30,2026-06-30,85,https://www.sbp.org.pk/economic-data
sbp_credit_loans_by_borrower,Credit and loans to the private sector,sbp,monetary,Investment in Non-financial PSEs,million PKR,monthly,2006-06-30,2019-06-30,157,https://www.sbp.org.pk/economic-data
sbp_credit_loans_by_borrower,Credit and loans to the private sector,sbp,monetary,Investment in Non-financial PSEs (ISIC rev. 4 basis),million PKR,monthly,2019-06-30,2026-06-30,85,https://www.sbp.org.pk/economic-data
sbp_credit_loans_by_borrower,Credit and loans to the private sector,sbp,monetary,Iron ores & non ferous metals,million PKR,monthly,2006-06-30,2019-06-30,157,https://www.sbp.org.pk/economic-data
sbp_credit_loans_by_borrower,Credit and loans to the private sector,sbp,monetary,J. Information and communication (ISIC rev. 4 basis),million PKR,monthly,2019-06-30,2026-06-30,85,https://www.sbp.org.pk/economic-data
sbp_credit_loans_by_borrower,Credit and loans to the private sector,sbp,monetary,Jewellery and related articles,million PKR,monthly,2006-06-30,2019-06-30,157,https://www.sbp.org.pk/economic-data
sbp_credit_loans_by_borrower,Credit and loans to the private sector,sbp,monetary,K. Real estate activities (ISIC rev. 4 basis),million PKR,monthly,2019-06-30,2026-06-30,85,https://www.sbp.org.pk/economic-data
sbp_credit_loans_by_borrower,Credit and loans to the private sector,sbp,monetary,"L. Professional, scientific and technical activities (ISIC rev. 4 basis)",million PKR,monthly,2019-06-30,2026-06-30,85,https://www.sbp.org.pk/economic-data
sbp_credit_loans_by_borrower,Credit and loans to the private sector,sbp,monetary,Legal activities (ISIC rev. 4 basis),million PKR,monthly,2019-06-30,2026-06-30,85,https://www.sbp.org.pk/economic-data
sbp_credit_loans_by_borrower,Credit and loans to the private sector,sbp,monetary,Less: Govt. Deposits,million PKR,monthly,2006-06-30,2019-06-30,157,https://www.sbp.org.pk/economic-data
sbp_credit_loans_by_borrower,Credit and loans to the private sector,sbp,monetary,Less: Govt. Deposits (ISIC rev. 4 basis),million PKR,monthly,2019-06-30,2026-06-30,85,https://www.sbp.org.pk/economic-data
sbp_credit_loans_by_borrower,Credit and loans to the private sector,sbp,monetary,Loans to Government,million PKR,monthly,2006-06-30,2019-06-30,157,https://www.sbp.org.pk/economic-data
sbp_credit_loans_by_borrower,Credit and loans to the private sector,sbp,monetary,Loans to Government (ISIC rev. 4 basis),million PKR,monthly,2019-06-30,2026-06-30,85,https://www.sbp.org.pk/economic-data
sbp_credit_loans_by_borrower,Credit and loans to the private sector,sbp,monetary,Loans to NBFIs,million PKR,monthly,2006-06-30,2019-06-30,157,https://www.sbp.org.pk/economic-data
sbp_credit_loans_by_borrower,Credit and loans to the private sector,sbp,monetary,Loans to NBFIs (ISIC rev. 4 basis),million PKR,monthly,2019-06-30,2026-06-30,85,https://www.sbp.org.pk/economic-data
sbp_credit_loans_by_borrower,Credit and loans to the private sector,sbp,monetary,Loans to Non-financial PSEs,million PKR,monthly,2006-06-30,2019-06-30,157,https://www.sbp.org.pk/economic-data
sbp_credit_loans_by_borrower,Credit and loans to the private sector,sbp,monetary,Loans to Non-financial PSEs (ISIC rev. 4 basis),million PKR,monthly,2019-06-30,2026-06-30,85,https://www.sbp.org.pk/economic-data
sbp_credit_loans_by_borrower,Credit and loans to the private sector,sbp,monetary,M. Administrative and support service activities (ISIC rev. 4 basis),million PKR,monthly,2019-06-30,2026-06-30,85,https://www.sbp.org.pk/economic-data
sbp_credit_loans_by_borrower,Credit and loans to the private sector,sbp,monetary,Machinery and equipment,million PKR,monthly,2006-06-30,2019-06-30,157,https://www.sbp.org.pk/economic-data
sbp_credit_loans_by_borrower,Credit and loans to the private sector,sbp,monetary,Maintenance and repair of motor vehicles (ISIC rev. 4 basis),million PKR,monthly,2019-06-30,2026-06-30,85,https://www.sbp.org.pk/economic-data
sbp_credit_loans_by_borrower,Credit and loans to the private sector,sbp,monetary,Manufacture of Fans (ISIC rev. 4 basis),million PKR,monthly,2019-06-30,2026-06-30,85,https://www.sbp.org.pk/economic-data
sbp_credit_loans_by_borrower,Credit and loans to the private sector,sbp,monetary,Manufacture of Handicrafts (ISIC rev. 4 basis),million PKR,monthly,2019-06-30,2026-06-30,85,https://www.sbp.org.pk/economic-data
sbp_credit_loans_by_borrower,Credit and loans to the private sector,sbp,monetary,Manufacture of Precious non-metallic mineral products (pearls and Precious) (ISIC rev. 4 basis),million PKR,monthly,2019-06-30,2026-06-30,85,https://www.sbp.org.pk/economic-data
sbp_credit_loans_by_borrower,Credit and loans to the private sector,sbp,monetary,Manufacture of Ready made garments (ISIC rev. 4 basis),million PKR,monthly,2019-06-30,2026-06-30,85,https://www.sbp.org.pk/economic-data
sbp_credit_loans_by_borrower,Credit and loans to the private sector,sbp,monetary,Manufacture of Refrigrators and Freezers (ISIC rev. 4 basis),million PKR,monthly,2019-06-30,2026-06-30,85,https://www.sbp.org.pk/economic-data
sbp_credit_loans_by_borrower,Credit and loans to the private sector,sbp,monetary,Manufacture of Washing and drying Machines (ISIC rev. 4 basis),million PKR,monthly,2019-06-30,2026-06-30,85,https://www.sbp.org.pk/economic-data
sbp_credit_loans_by_borrower,Credit and loans to the private sector,sbp,monetary,Manufacture of agricultural and forestry machinery (ISIC rev. 4 basis),million PKR,monthly,2019-06-30,2026-06-30,85,https://www.sbp.org.pk/economic-data
sbp_credit_loans_by_borrower,Credit and loans to the private sector,sbp,monetary,"Manufacture of articles of concrete, cement and plaster (ISIC rev. 4 basis)",million PKR,monthly,2019-06-30,2026-06-30,85,https://www.sbp.org.pk/economic-data
sbp_credit_loans_by_borrower,Credit and loans to the private sector,sbp,monetary,Manufacture of articles of fur (ISIC rev. 4 basis),million PKR,monthly,2019-06-30,2026-06-30,85,https://www.sbp.org.pk/economic-data
sbp_credit_loans_by_borrower,Credit and loans to the private sector,sbp,monetary,Manufacture of bakery products (ISIC rev. 4 basis),million PKR,monthly,2019-06-30,2026-06-30,85,https://www.sbp.org.pk/economic-data
sbp_credit_loans_by_borrower,Credit and loans to the private sector,sbp,monetary,Manufacture of basic chemicals (ISIC rev. 4 basis),million PKR,monthly,2019-06-30,2026-06-30,85,https://www.sbp.org.pk/economic-data
sbp_credit_loans_by_borrower,Credit and loans to the private sector,sbp,monetary,Manufacture of basic iron and steel (ISIC rev. 4 basis),million PKR,monthly,2019-06-30,2026-06-30,85,https://www.sbp.org.pk/economic-data
sbp_credit_loans_by_borrower,Credit and loans to the private sector,sbp,monetary,Manufacture of basic precious and other non-ferrous metals (ISIC rev. 4 basis),million PKR,monthly,2019-06-30,2026-06-30,85,https://www.sbp.org.pk/economic-data
sbp_credit_loans_by_borrower,Credit and loans to the private sector,sbp,monetary,Manufacture of batteries and accumulators (ISIC rev. 4 basis),million PKR,monthly,2019-06-30,2026-06-30,85,https://www.sbp.org.pk/economic-data
sbp_credit_loans_by_borrower,Credit and loans to the private sector,sbp,monetary,"Manufacture of bearings, gears, gearing and driving elements (ISIC rev. 4 basis)",million PKR,monthly,2019-06-30,2026-06-30,85,https://www.sbp.org.pk/economic-data
sbp_credit_loans_by_borrower,Credit and loans to the private sector,sbp,monetary,Manufacture of bicycles and invalid carriages (ISIC rev. 4 basis),million PKR,monthly,2019-06-30,2026-06-30,85,https://www.sbp.org.pk/economic-data
sbp_credit_loans_by_borrower,Credit and loans to the private sector,sbp,monetary,Manufacture of bodies (coachwork) for motor vehicles; manufacture of trailers and semi-trailers (ISIC rev. 4 basis),million PKR,monthly,2019-06-30,2026-06-30,85,https://www.sbp.org.pk/economic-data
sbp_credit_loans_by_borrower,Credit and loans to the private sector,sbp,monetary,Manufacture of carpets and rugs (ISIC rev. 4 basis),million PKR,monthly,2019-06-30,2026-06-30,85,https://www.sbp.org.pk/economic-data
sbp_credit_loans_by_borrower,Credit and loans to the private sector,sbp,monetary,"Manufacture of cement, lime and plaster (ISIC rev. 4 basis)",million PKR,monthly,2019-06-30,2026-06-30,85,https://www.sbp.org.pk/economic-data
sbp_credit_loans_by_borrower,Credit and loans to the private sector,sbp,monetary,Manufacture of clay building materials (ISIC rev. 4 basis),million PKR,monthly,2019-06-30,2026-06-30,85,https://www.sbp.org.pk/economic-data
sbp_credit_loans_by_borrower,Credit and loans to the private sector,sbp,monetary,"Manufacture of cocoa, chocolate and sugar confectionery (ISIC rev. 4 basis)",million PKR,monthly,2019-06-30,2026-06-30,85,https://www.sbp.org.pk/economic-data
sbp_credit_loans_by_borrower,Credit and loans to the private sector,sbp,monetary,Manufacture of coke oven products (ISIC rev. 4 basis),million PKR,monthly,2019-06-30,2026-06-30,85,https://www.sbp.org.pk/economic-data
sbp_credit_loans_by_borrower,Credit and loans to the private sector,sbp,monetary,Manufacture of communication equipment (ISIC rev. 4 basis),million PKR,monthly,2019-06-30,2026-06-30,85,https://www.sbp.org.pk/economic-data
sbp_credit_loans_by_borrower,Credit and loans to the private sector,sbp,monetary,Manufacture of computers and peripheral equipment (ISIC rev. 4 basis),million PKR,monthly,2019-06-30,2026-06-30,85,https://www.sbp.org.pk/economic-data
sbp_credit_loans_by_borrower,Credit and loans to the private sector,sbp,monetary,Manufacture of consumer electronics (ISIC rev. 4 basis),million PKR,monthly,2019-06-30,2026-06-30,85,https://www.sbp.org.pk/economic-data
sbp_credit_loans_by_borrower,Credit and loans to the private sector,sbp,monetary,Manufacture of cutlery (ISIC rev. 4 basis),million PKR,monthly,2019-06-30,2026-06-30,85,https://www.sbp.org.pk/economic-data
sbp_credit_loans_by_borrower,Credit and loans to the private sector,sbp,monetary,"Manufacture of cutlery, hand tools and general hardware (ISIC rev. 4 basis)",million PKR,monthly,2019-06-30,2026-06-30,85,https://www.sbp.org.pk/economic-data
sbp_credit_loans_by_borrower,Credit and loans to the private sector,sbp,monetary,Manufacture of dairy products (ISIC rev. 4 basis),million PKR,monthly,2019-06-30,2026-06-30,85,https://www.sbp.org.pk/economic-data
sbp_credit_loans_by_borrower,Credit and loans to the private sector,sbp,monetary,Manufacture of domestic appliances (ISIC rev. 4 basis),million PKR,monthly,2019-06-30,2026-06-30,85,https://www.sbp.org.pk/economic-data
sbp_credit_loans_by_borrower,Credit and loans to the private sector,sbp,monetary,Manufacture of electric lighting equipment (ISIC rev. 4 basis),million PKR,monthly,2019-06-30,2026-06-30,85,https://www.sbp.org.pk/economic-data
sbp_credit_loans_by_borrower,Credit and loans to the private sector,sbp,monetary,"Manufacture of electric motors, generators, transformers and electricity distribution and control apparatus (ISIC rev. 4 basis)",million PKR,monthly,2019-06-30,2026-06-30,85,https://www.sbp.org.pk/economic-data
sbp_credit_loans_by_borrower,Credit and loans to the private sector,sbp,monetary,Manufacture of electronic components and boards (ISIC rev. 4 basis),million PKR,monthly,2019-06-30,2026-06-30,85,https://www.sbp.org.pk/economic-data
sbp_credit_loans_by_borrower,Credit and loans to the private sector,sbp,monetary,"Manufacture of engines and turbines, except aircraft, vehicle and cycle engines (ISIC rev. 4 basis)",million PKR,monthly,2019-06-30,2026-06-30,85,https://www.sbp.org.pk/economic-data
sbp_credit_loans_by_borrower,Credit and loans to the private sector,sbp,monetary,Manufacture of fertilizers and nitrogen compounds (ISIC rev. 4 basis),million PKR,monthly,2019-06-30,2026-06-30,85,https://www.sbp.org.pk/economic-data
sbp_credit_loans_by_borrower,Credit and loans to the private sector,sbp,monetary,Manufacture of fibre optic cables (ISIC rev. 4 basis),million PKR,monthly,2019-06-30,2026-06-30,85,https://www.sbp.org.pk/economic-data
sbp_credit_loans_by_borrower,Credit and loans to the private sector,sbp,monetary,Manufacture of footwear (ISIC rev. 4 basis),million PKR,monthly,2019-06-30,2026-06-30,85,https://www.sbp.org.pk/economic-data
sbp_credit_loans_by_borrower,Credit and loans to the private sector,sbp,monetary,Manufacture of games and toys (ISIC rev. 4 basis),million PKR,monthly,2019-06-30,2026-06-30,85,https://www.sbp.org.pk/economic-data
sbp_credit_loans_by_borrower,Credit and loans to the private sector,sbp,monetary,Manufacture of gas; distribution of gaseous fuels through mains (ISIC rev. 4 basis),million PKR,monthly,2019-06-30,2026-06-30,85,https://www.sbp.org.pk/economic-data
sbp_credit_loans_by_borrower,Credit and loans to the private sector,sbp,monetary,Manufacture of glass and glass products (ISIC rev. 4 basis),million PKR,monthly,2019-06-30,2026-06-30,85,https://www.sbp.org.pk/economic-data
sbp_credit_loans_by_borrower,Credit and loans to the private sector,sbp,monetary,Manufacture of grain mill products (ISIC rev. 4 basis),million PKR,monthly,2019-06-30,2026-06-30,85,https://www.sbp.org.pk/economic-data
sbp_credit_loans_by_borrower,Credit and loans to the private sector,sbp,monetary,Manufacture of hand tools & general hardware (ISIC rev. 4 basis),million PKR,monthly,2019-06-30,2026-06-30,85,https://www.sbp.org.pk/economic-data
sbp_credit_loans_by_borrower,Credit and loans to the private sector,sbp,monetary,Manufacture of imitation jewellery and related articles (ISIC rev. 4 basis),million PKR,monthly,2019-06-30,2026-06-30,85,https://www.sbp.org.pk/economic-data
sbp_credit_loans_by_borrower,Credit and loans to the private sector,sbp,monetary,"Manufacture of irradiation, electromedical and electrotherapeutic equipment (ISIC rev. 4 basis)",million PKR,monthly,2019-06-30,2026-06-30,85,https://www.sbp.org.pk/economic-data
sbp_credit_loans_by_borrower,Credit and loans to the private sector,sbp,monetary,Manufacture of jewellery and related articles (ISIC rev. 4 basis),million PKR,monthly,2019-06-30,2026-06-30,85,https://www.sbp.org.pk/economic-data
sbp_credit_loans_by_borrower,Credit and loans to the private sector,sbp,monetary,Manufacture of knitted and crocheted apparel (ISIC rev. 4 basis),million PKR,monthly,2019-06-30,2026-06-30,85,https://www.sbp.org.pk/economic-data
sbp_credit_loans_by_borrower,Credit and loans to the private sector,sbp,monetary,Manufacture of knitted and crocheted fabrics (ISIC rev. 4 basis),million PKR,monthly,2019-06-30,2026-06-30,85,https://www.sbp.org.pk/economic-data
sbp_credit_loans_by_borrower,Credit and loans to the private sector,sbp,monetary,"Manufacture of luggage, handbags and the like, saddlery and harness (ISIC rev. 4 basis)",million PKR,monthly,2019-06-30,2026-06-30,85,https://www.sbp.org.pk/economic-data
sbp_credit_loans_by_borrower,Credit and loans to the private sector,sbp,monetary,"Manufacture of macaroni, noodles, couscous and similar farinaceous products (ISIC rev. 4 basis)",million PKR,monthly,2019-06-30,2026-06-30,85,https://www.sbp.org.pk/economic-data
sbp_credit_loans_by_borrower,Credit and loans to the private sector,sbp,monetary,"Manufacture of machinery for food, beverage and tobacco processing (ISIC rev. 4 basis)",million PKR,monthly,2019-06-30,2026-06-30,85,https://www.sbp.org.pk/economic-data
sbp_credit_loans_by_borrower,Credit and loans to the private sector,sbp,monetary,"Manufacture of machinery for mining, quarrying and construction (ISIC rev. 4 basis)",million PKR,monthly,2019-06-30,2026-06-30,85,https://www.sbp.org.pk/economic-data
sbp_credit_loans_by_borrower,Credit and loans to the private sector,sbp,monetary,"Manufacture of machinery for textile, apparel and leather production (ISIC rev. 4 basis)",million PKR,monthly,2019-06-30,2026-06-30,85,https://www.sbp.org.pk/economic-data
sbp_credit_loans_by_borrower,Credit and loans to the private sector,sbp,monetary,"Manufacture of made-up textile articles, except apparel (ISIC rev. 4 basis)",million PKR,monthly,2019-06-30,2026-06-30,85,https://www.sbp.org.pk/economic-data
sbp_credit_loans_by_borrower,Credit and loans to the private sector,sbp,monetary,Manufacture of magnetic and optical media (ISIC rev. 4 basis),million PKR,monthly,2019-06-30,2026-06-30,85,https://www.sbp.org.pk/economic-data
sbp_credit_loans_by_borrower,Credit and loans to the private sector,sbp,monetary,Manufacture of man-made fibres (ISIC rev. 4 basis),million PKR,monthly,2019-06-30,2026-06-30,85,https://www.sbp.org.pk/economic-data
sbp_credit_loans_by_borrower,Credit and loans to the private sector,sbp,monetary,"Manufacture of measuring, testing, navigating and control equipment (ISIC rev. 4 basis)",million PKR,monthly,2019-06-30,2026-06-30,85,https://www.sbp.org.pk/economic-data
sbp_credit_loans_by_borrower,Credit and loans to the private sector,sbp,monetary,Manufacture of medical and dental instruments and supplies (ISIC rev. 4 basis),million PKR,monthly,2019-06-30,2026-06-30,85,https://www.sbp.org.pk/economic-data
sbp_credit_loans_by_borrower,Credit and loans to the private sector,sbp,monetary,"Manufacture of metal-forming machinery, machine tools and metallurgy (ISIC rev. 4 basis)",million PKR,monthly,2019-06-30,2026-06-30,85,https://www.sbp.org.pk/economic-data
sbp_credit_loans_by_borrower,Credit and loans to the private sector,sbp,monetary,Manufacture of motor vehicles (ISIC rev. 4 basis),million PKR,monthly,2019-06-30,2026-06-30,85,https://www.sbp.org.pk/economic-data
sbp_credit_loans_by_borrower,Credit and loans to the private sector,sbp,monetary,Manufacture of motorcycles (ISIC rev. 4 basis),million PKR,monthly,2019-06-30,2026-06-30,85,https://www.sbp.org.pk/economic-data
sbp_credit_loans_by_borrower,Credit and loans to the private sector,sbp,monetary,Manufacture of musical instruments (ISIC rev. 4 basis),million PKR,monthly,2019-06-30,2026-06-30,85,https://www.sbp.org.pk/economic-data
sbp_credit_loans_by_borrower,Credit and loans to the private sector,sbp,monetary,Manufacture of office machinery and equipment (except computers and peripheral equipment) (ISIC rev. 4 basis),million PKR,monthly,2019-06-30,2026-06-30,85,https://www.sbp.org.pk/economic-data
sbp_credit_loans_by_borrower,Credit and loans to the private sector,sbp,monetary,Manufacture of optical instruments and photographic equipment (ISIC rev. 4 basis),million PKR,monthly,2019-06-30,2026-06-30,85,https://www.sbp.org.pk/economic-data
sbp_credit_loans_by_borrower,Credit and loans to the private sector,sbp,monetary,Manufacture of other beverages n.e.c (ISIC rev. 4 basis),million PKR,monthly,2019-06-30,2026-06-30,85,https://www.sbp.org.pk/economic-data
sbp_credit_loans_by_borrower,Credit and loans to the private sector,sbp,monetary,Manufacture of other chemical products n.e.c. (ISIC rev. 4 basis),million PKR,monthly,2019-06-30,2026-06-30,85,https://www.sbp.org.pk/economic-data
sbp_credit_loans_by_borrower,Credit and loans to the private sector,sbp,monetary,Manufacture of other domestic appliances (ISIC rev. 4 basis),million PKR,monthly,2019-06-30,2026-06-30,85,https://www.sbp.org.pk/economic-data
sbp_credit_loans_by_borrower,Credit and loans to the private sector,sbp,monetary,Manufacture of other electrical equipment n.e.c (ISIC rev. 4 basis),million PKR,monthly,2019-06-30,2026-06-30,85,https://www.sbp.org.pk/economic-data
sbp_credit_loans_by_borrower,Credit and loans to the private sector,sbp,monetary,Manufacture of other electronic and electric wires and cables (ISIC rev. 4 basis),million PKR,monthly,2019-06-30,2026-06-30,85,https://www.sbp.org.pk/economic-data
sbp_credit_loans_by_borrower,Credit and loans to the private sector,sbp,monetary,Manufacture of other fabricated metal products n.e.c. (ISIC rev. 4 basis),million PKR,monthly,2019-06-30,2026-06-30,85,https://www.sbp.org.pk/economic-data
sbp_credit_loans_by_borrower,Credit and loans to the private sector,sbp,monetary,"Manufacture of other food products n.e.c., (ISIC rev. 4 basis)",million PKR,monthly,2019-06-30,2026-06-30,85,https://www.sbp.org.pk/economic-data
sbp_credit_loans_by_borrower,Credit and loans to the private sector,sbp,monetary,Manufacture of other general-purpose machinery (ISIC rev. 4 basis),million PKR,monthly,2019-06-30,2026-06-30,85,https://www.sbp.org.pk/economic-data
sbp_credit_loans_by_borrower,Credit and loans to the private sector,sbp,monetary,Manufacture of other non-metallic mineral products n.e.c. (ISIC rev. 4 basis),million PKR,monthly,2019-06-30,2026-06-30,85,https://www.sbp.org.pk/economic-data
sbp_credit_loans_by_borrower,Credit and loans to the private sector,sbp,monetary,Manufacture of other porcelain and ceramic products (ISIC rev. 4 basis),million PKR,monthly,2019-06-30,2026-06-30,85,https://www.sbp.org.pk/economic-data
sbp_credit_loans_by_borrower,Credit and loans to the private sector,sbp,monetary,Manufacture of other rubber products (ISIC rev. 4 basis),million PKR,monthly,2019-06-30,2026-06-30,85,https://www.sbp.org.pk/economic-data
sbp_credit_loans_by_borrower,Credit and loans to the private sector,sbp,monetary,Manufacture of other special-purpose machinery (ISIC rev. 4 basis),million PKR,monthly,2019-06-30,2026-06-30,85,https://www.sbp.org.pk/economic-data
sbp_credit_loans_by_borrower,Credit and loans to the private sector,sbp,monetary,Manufacture of other textiles n.e.c. (ISIC rev. 4 basis),million PKR,monthly,2019-06-30,2026-06-30,85,https://www.sbp.org.pk/economic-data
sbp_credit_loans_by_borrower,Credit and loans to the private sector,sbp,monetary,Manufacture of other transport equipment n.e.c. (ISIC rev. 4 basis),million PKR,monthly,2019-06-30,2026-06-30,85,https://www.sbp.org.pk/economic-data
sbp_credit_loans_by_borrower,Credit and loans to the private sector,sbp,monetary,"Manufacture of ovens, furnaces and furnace burners (ISIC rev. 4 basis)",million PKR,monthly,2019-06-30,2026-06-30,85,https://www.sbp.org.pk/economic-data
sbp_credit_loans_by_borrower,Credit and loans to the private sector,sbp,monetary,"Manufacture of paints, varnishes and similar coatings, printing ink and mastics (ISIC rev. 4 basis)",million PKR,monthly,2019-06-30,2026-06-30,85,https://www.sbp.org.pk/economic-data
sbp_credit_loans_by_borrower,Credit and loans to the private sector,sbp,monetary,Manufacture of parts and accessories for motor vehicles (ISIC rev. 4 basis),million PKR,monthly,2019-06-30,2026-06-30,85,https://www.sbp.org.pk/economic-data
sbp_credit_loans_by_borrower,Credit and loans to the private sector,sbp,monetary,Manufacture of pesticides and other agrochemical products (ISIC rev. 4 basis),million PKR,monthly,2019-06-30,2026-06-30,85,https://www.sbp.org.pk/economic-data
sbp_credit_loans_by_borrower,Credit and loans to the private sector,sbp,monetary,Manufacture of plastics and synthetic rubber in primary forms (ISIC rev. 4 basis),million PKR,monthly,2019-06-30,2026-06-30,85,https://www.sbp.org.pk/economic-data
sbp_credit_loans_by_borrower,Credit and loans to the private sector,sbp,monetary,Manufacture of plastics products (ISIC rev. 4 basis),million PKR,monthly,2019-06-30,2026-06-30,85,https://www.sbp.org.pk/economic-data
sbp_credit_loans_by_borrower,Credit and loans to the private sector,sbp,monetary,Manufacture of prepared animal feeds (ISIC rev. 4 basis),million PKR,monthly,2019-06-30,2026-06-30,85,https://www.sbp.org.pk/economic-data
sbp_credit_loans_by_borrower,Credit and loans to the private sector,sbp,monetary,"Manufacture of pumps, compressors, taps and valves (ISIC rev. 4 basis)",million PKR,monthly,2019-06-30,2026-06-30,85,https://www.sbp.org.pk/economic-data
sbp_credit_loans_by_borrower,Credit and loans to the private sector,sbp,monetary,Manufacture of railway locomotives and rolling stock (ISIC rev. 4 basis),million PKR,monthly,2019-06-30,2026-06-30,85,https://www.sbp.org.pk/economic-data
sbp_credit_loans_by_borrower,Credit and loans to the private sector,sbp,monetary,Manufacture of refined petroleum products (ISIC rev. 4 basis),million PKR,monthly,2019-06-30,2026-06-30,85,https://www.sbp.org.pk/economic-data
sbp_credit_loans_by_borrower,Credit and loans to the private sector,sbp,monetary,Manufacture of refractory products (ISIC rev. 4 basis),million PKR,monthly,2019-06-30,2026-06-30,85,https://www.sbp.org.pk/economic-data
sbp_credit_loans_by_borrower,Credit and loans to the private sector,sbp,monetary,Manufacture of rubber tyres and tubes; retreading and rebuilding of rubber tyres (ISIC rev. 4 basis),million PKR,monthly,2019-06-30,2026-06-30,85,https://www.sbp.org.pk/economic-data
sbp_credit_loans_by_borrower,Credit and loans to the private sector,sbp,monetary,"Manufacture of soap and detergents, cleaning and polishing preparations, perfumes and toilet preparations (ISIC rev. 4 basis)",million PKR,monthly,2019-06-30,2026-06-30,85,https://www.sbp.org.pk/economic-data
sbp_credit_loans_by_borrower,Credit and loans to the private sector,sbp,monetary,Manufacture of soft drinks and other bottled waters (ISIC rev. 4 basis),million PKR,monthly,2019-06-30,2026-06-30,85,https://www.sbp.org.pk/economic-data
sbp_credit_loans_by_borrower,Credit and loans to the private sector,sbp,monetary,Manufacture of soft drinks; production of mineral waters and other bottled waters (ISIC rev. 4 basis),million PKR,monthly,2019-06-30,2026-06-30,85,https://www.sbp.org.pk/economic-data
sbp_credit_loans_by_borrower,Credit and loans to the private sector,sbp,monetary,Manufacture of sports goods (ISIC rev. 4 basis),million PKR,monthly,2019-06-30,2026-06-30,85,https://www.sbp.org.pk/economic-data
sbp_credit_loans_by_borrower,Credit and loans to the private sector,sbp,monetary,Manufacture of starches and starch products (ISIC rev. 4 basis),million PKR,monthly,2019-06-30,2026-06-30,85,https://www.sbp.org.pk/economic-data
sbp_credit_loans_by_borrower,Credit and loans to the private sector,sbp,monetary,Manufacture of structural metal products (ISIC rev. 4 basis),million PKR,monthly,2019-06-30,2026-06-30,85,https://www.sbp.org.pk/economic-data
sbp_credit_loans_by_borrower,Credit and loans to the private sector,sbp,monetary,Manufacture of sugar (ISIC rev. 4 basis),million PKR,monthly,2019-06-30,2026-06-30,85,https://www.sbp.org.pk/economic-data
sbp_credit_loans_by_borrower,Credit and loans to the private sector,sbp,monetary,"Manufacture of tanks, reservoirs and containers of metal (ISIC rev. 4 basis)",million PKR,monthly,2019-06-30,2026-06-30,85,https://www.sbp.org.pk/economic-data
sbp_credit_loans_by_borrower,Credit and loans to the private sector,sbp,monetary,Manufacture of vegetable and animal oils and fats (ISIC rev. 4 basis),million PKR,monthly,2019-06-30,2026-06-30,85,https://www.sbp.org.pk/economic-data
sbp_credit_loans_by_borrower,Credit and loans to the private sector,sbp,monetary,Manufacture of watches and clocks (ISIC rev. 4 basis),million PKR,monthly,2019-06-30,2026-06-30,85,https://www.sbp.org.pk/economic-data
sbp_credit_loans_by_borrower,Credit and loans to the private sector,sbp,monetary,"Manufacture of wearing apparel, (ISIC rev. 4 basis)",million PKR,monthly,2019-06-30,2026-06-30,85,https://www.sbp.org.pk/economic-data
sbp_credit_loans_by_borrower,Credit and loans to the private sector,sbp,monetary,Manufacture of wiring devices (ISIC rev. 4 basis),million PKR,monthly,2019-06-30,2026-06-30,85,https://www.sbp.org.pk/economic-data
sbp_credit_loans_by_borrower,Credit and loans to the private sector,sbp,monetary,Manufacturing,million PKR,monthly,2006-06-30,2019-06-30,157,https://www.sbp.org.pk/economic-data
sbp_credit_loans_by_borrower,Credit and loans to the private sector,sbp,monetary,Marine aquaculture (ISIC rev. 4 basis),million PKR,monthly,2019-06-30,2026-06-30,85,https://www.sbp.org.pk/economic-data
sbp_credit_loans_by_borrower,Credit and loans to the private sector,sbp,monetary,Marine fishing (ISIC rev. 4 basis),million PKR,monthly,2019-06-30,2026-06-30,85,https://www.sbp.org.pk/economic-data
sbp_credit_loans_by_borrower,Credit and loans to the private sector,sbp,monetary,Medical and dental practice activities (ISIC rev. 4 basis),million PKR,monthly,2019-06-30,2026-06-30,85,https://www.sbp.org.pk/economic-data
sbp_credit_loans_by_borrower,Credit and loans to the private sector,sbp,monetary,"Medical, precision and optical instruments, watches and clocks",million PKR,monthly,2006-06-30,2019-06-30,157,https://www.sbp.org.pk/economic-data
sbp_credit_loans_by_borrower,Credit and loans to the private sector,sbp,monetary,Mining and Quarrying,million PKR,monthly,2006-06-30,2019-06-30,157,https://www.sbp.org.pk/economic-data
sbp_credit_loans_by_borrower,Credit and loans to the private sector,sbp,monetary,Mining of chemical and fertilizer minerals (ISIC rev. 4 basis),million PKR,monthly,2019-06-30,2026-06-30,85,https://www.sbp.org.pk/economic-data
sbp_credit_loans_by_borrower,Credit and loans to the private sector,sbp,monetary,"Mining of coal, lignite and extraction of peat",million PKR,monthly,2006-06-30,2019-06-30,157,https://www.sbp.org.pk/economic-data
sbp_credit_loans_by_borrower,Credit and loans to the private sector,sbp,monetary,Mining of iron ores (ISIC rev. 4 basis),million PKR,monthly,2019-06-30,2026-06-30,85,https://www.sbp.org.pk/economic-data
sbp_credit_loans_by_borrower,Credit and loans to the private sector,sbp,monetary,Mining of other metal ores n.e.c (ISIC rev. 4 basis),million PKR,monthly,2019-06-30,2026-06-30,85,https://www.sbp.org.pk/economic-data
sbp_credit_loans_by_borrower,Credit and loans to the private sector,sbp,monetary,"Motor vehicles, trailers and semi-trailers",million PKR,monthly,2006-06-30,2019-06-30,157,https://www.sbp.org.pk/economic-data
sbp_credit_loans_by_borrower,Credit and loans to the private sector,sbp,monetary,N. Education (ISIC rev. 4 basis),million PKR,monthly,2019-06-30,2026-06-30,85,https://www.sbp.org.pk/economic-data
sbp_credit_loans_by_borrower,Credit and loans to the private sector,sbp,monetary,News agency activities (ISIC rev. 4 basis),million PKR,monthly,2019-06-30,2026-06-30,85,https://www.sbp.org.pk/economic-data
sbp_credit_loans_by_borrower,Credit and loans to the private sector,sbp,monetary,Non residential (ISIC rev. 4 basis),million PKR,monthly,2019-06-30,2026-06-30,85,https://www.sbp.org.pk/economic-data
sbp_credit_loans_by_borrower,Credit and loans to the private sector,sbp,monetary,Non-specialized wholesale trade (ISIC rev. 4 basis),million PKR,monthly,2019-06-30,2026-06-30,85,https://www.sbp.org.pk/economic-data
sbp_credit_loans_by_borrower,Credit and loans to the private sector,sbp,monetary,O. Human health and social work activities (ISIC rev. 4 basis),million PKR,monthly,2019-06-30,2026-06-30,85,https://www.sbp.org.pk/economic-data
sbp_credit_loans_by_borrower,Credit and loans to the private sector,sbp,monetary,"Office, accounting and computing machinery",million PKR,monthly,2006-06-30,2019-06-30,157,https://www.sbp.org.pk/economic-data
sbp_credit_loans_by_borrower,Credit and loans to the private sector,sbp,monetary,Other,million PKR,monthly,2006-06-30,2019-06-30,157,https://www.sbp.org.pk/economic-data
sbp_credit_loans_by_borrower,Credit and loans to the private sector,sbp,monetary,Other accommodation n.e.c (ISIC rev. 4 basis),million PKR,monthly,2019-06-30,2026-06-30,85,https://www.sbp.org.pk/economic-data
sbp_credit_loans_by_borrower,Credit and loans to the private sector,sbp,monetary,"Other community, social and personal service activities",million PKR,monthly,2006-06-30,2019-06-30,157,https://www.sbp.org.pk/economic-data
sbp_credit_loans_by_borrower,Credit and loans to the private sector,sbp,monetary,Other education n.e.c. (ISIC rev. 4 basis),million PKR,monthly,2019-06-30,2026-06-30,85,https://www.sbp.org.pk/economic-data
sbp_credit_loans_by_borrower,Credit and loans to the private sector,sbp,monetary,Other human health activities (ISIC rev. 4 basis),million PKR,monthly,2019-06-30,2026-06-30,85,https://www.sbp.org.pk/economic-data
sbp_credit_loans_by_borrower,Credit and loans to the private sector,sbp,monetary,Other information service activities n.e.c. (ISIC rev. 4 basis),million PKR,monthly,2019-06-30,2026-06-30,85,https://www.sbp.org.pk/economic-data
sbp_credit_loans_by_borrower,Credit and loans to the private sector,sbp,monetary,Other information technology and computer service activities (ISIC rev. 4 basis),million PKR,monthly,2019-06-30,2026-06-30,85,https://www.sbp.org.pk/economic-data
sbp_credit_loans_by_borrower,Credit and loans to the private sector,sbp,monetary,Other manufacturing n.e.c.,million PKR,monthly,2006-06-30,2019-06-30,157,https://www.sbp.org.pk/economic-data
sbp_credit_loans_by_borrower,Credit and loans to the private sector,sbp,monetary,Other manufacturing n.e.c. (ISIC rev. 4 basis),million PKR,monthly,2019-06-30,2026-06-30,85,https://www.sbp.org.pk/economic-data
sbp_credit_loans_by_borrower,Credit and loans to the private sector,sbp,monetary,Other mining and quarrying n.e.c. (ISIC rev. 4 basis),million PKR,monthly,2019-06-30,2026-06-30,85,https://www.sbp.org.pk/economic-data
sbp_credit_loans_by_borrower,Credit and loans to the private sector,sbp,monetary,Other non-metallic mineral products,million PKR,monthly,2006-06-30,2019-06-30,157,https://www.sbp.org.pk/economic-data
sbp_credit_loans_by_borrower,Credit and loans to the private sector,sbp,monetary,Other passenger land transport (ISIC rev. 4 basis),million PKR,monthly,2019-06-30,2026-06-30,85,https://www.sbp.org.pk/economic-data
sbp_credit_loans_by_borrower,Credit and loans to the private sector,sbp,monetary,Other private business n.e.c,million PKR,monthly,2006-06-30,2019-06-30,157,https://www.sbp.org.pk/economic-data
sbp_credit_loans_by_borrower,Credit and loans to the private sector,sbp,monetary,Other publishing activities n.e.c (ISIC rev. 4 basis),million PKR,monthly,2019-06-30,2026-06-30,85,https://www.sbp.org.pk/economic-data
sbp_credit_loans_by_borrower,Credit and loans to the private sector,sbp,monetary,Other retail sale in non-specialized stores (ISIC rev. 4 basis),million PKR,monthly,2019-06-30,2026-06-30,85,https://www.sbp.org.pk/economic-data
sbp_credit_loans_by_borrower,Credit and loans to the private sector,sbp,monetary,Other retail sale of new goods in specialized stores (ISIC rev. 4 basis),million PKR,monthly,2019-06-30,2026-06-30,85,https://www.sbp.org.pk/economic-data
sbp_credit_loans_by_borrower,Credit and loans to the private sector,sbp,monetary,Other telecommunications activities n.e.c (ISIC rev. 4 basis),million PKR,monthly,2019-06-30,2026-06-30,85,https://www.sbp.org.pk/economic-data
sbp_credit_loans_by_borrower,Credit and loans to the private sector,sbp,monetary,Other transport equipment,million PKR,monthly,2006-06-30,2019-06-30,157,https://www.sbp.org.pk/economic-data
sbp_credit_loans_by_borrower,Credit and loans to the private sector,sbp,monetary,Other transportation support activities n.e.c (ISIC rev. 4 basis),million PKR,monthly,2019-06-30,2026-06-30,85,https://www.sbp.org.pk/economic-data
sbp_credit_loans_by_borrower,Credit and loans to the private sector,sbp,monetary,Others,million PKR,monthly,2006-06-30,2019-06-30,157,https://www.sbp.org.pk/economic-data
sbp_credit_loans_by_borrower,Credit and loans to the private sector,sbp,monetary,Others (ISIC rev. 4 basis),million PKR,monthly,2019-06-30,2026-06-30,85,https://www.sbp.org.pk/economic-data
sbp_credit_loans_by_borrower,Credit and loans to the private sector,sbp,monetary,Others retail sale n.e.c (ISIC rev. 4 basis),million PKR,monthly,2019-06-30,2026-06-30,85,https://www.sbp.org.pk/economic-data
sbp_credit_loans_by_borrower,Credit and loans to the private sector,sbp,monetary,"P. Arts, entertainment and recreation (ISIC rev. 4 basis)",million PKR,monthly,2019-06-30,2026-06-30,85,https://www.sbp.org.pk/economic-data
sbp_credit_loans_by_borrower,Credit and loans to the private sector,sbp,monetary,"Paper, paperboard and products",million PKR,monthly,2006-06-30,2019-06-30,157,https://www.sbp.org.pk/economic-data
sbp_credit_loans_by_borrower,Credit and loans to the private sector,sbp,monetary,Passenger air transport (ISIC rev. 4 basis),million PKR,monthly,2019-06-30,2026-06-30,85,https://www.sbp.org.pk/economic-data
sbp_credit_loans_by_borrower,Credit and loans to the private sector,sbp,monetary,"Passenger rail transport, interurban (ISIC rev. 4 basis)",million PKR,monthly,2019-06-30,2026-06-30,85,https://www.sbp.org.pk/economic-data
sbp_credit_loans_by_borrower,Credit and loans to the private sector,sbp,monetary,Personal loans,million PKR,monthly,2006-06-30,2019-06-30,157,https://www.sbp.org.pk/economic-data
sbp_credit_loans_by_borrower,Credit and loans to the private sector,sbp,monetary,Post-harvest crop activities (ISIC rev. 4 basis),million PKR,monthly,2019-06-30,2026-06-30,85,https://www.sbp.org.pk/economic-data
sbp_credit_loans_by_borrower,Credit and loans to the private sector,sbp,monetary,Pre-primary and primary education (ISIC rev. 4 basis),million PKR,monthly,2019-06-30,2026-06-30,85,https://www.sbp.org.pk/economic-data
sbp_credit_loans_by_borrower,Credit and loans to the private sector,sbp,monetary,Preparation and spinning of textile fibres (ISIC rev. 4 basis),million PKR,monthly,2019-06-30,2026-06-30,85,https://www.sbp.org.pk/economic-data
sbp_credit_loans_by_borrower,Credit and loans to the private sector,sbp,monetary,Printing (ISIC rev. 4 basis),million PKR,monthly,2019-06-30,2026-06-30,85,https://www.sbp.org.pk/economic-data
sbp_credit_loans_by_borrower,Credit and loans to the private sector,sbp,monetary,"Printing, publishing and allied industries",million PKR,monthly,2006-06-30,2019-06-30,157,https://www.sbp.org.pk/economic-data
sbp_credit_loans_by_borrower,Credit and loans to the private sector,sbp,monetary,"Processing and preserving of fish, crustaceans and molluscs (ISIC rev. 4 basis)",million PKR,monthly,2019-06-30,2026-06-30,85,https://www.sbp.org.pk/economic-data
sbp_credit_loans_by_borrower,Credit and loans to the private sector,sbp,monetary,Processing and preserving of fruit and vegetables (ISIC rev. 4 basis),million PKR,monthly,2019-06-30,2026-06-30,85,https://www.sbp.org.pk/economic-data
sbp_credit_loans_by_borrower,Credit and loans to the private sector,sbp,monetary,Processing and preserving of meat (ISIC rev. 4 basis),million PKR,monthly,2019-06-30,2026-06-30,85,https://www.sbp.org.pk/economic-data
sbp_credit_loans_by_borrower,Credit and loans to the private sector,sbp,monetary,"Processing/blending of spices, tea, coffee etc. (ISIC rev. 4 basis)",million PKR,monthly,2019-06-30,2026-06-30,85,https://www.sbp.org.pk/economic-data
sbp_credit_loans_by_borrower,Credit and loans to the private sector,sbp,monetary,Production of mineral waters (ISIC rev. 4 basis),million PKR,monthly,2019-06-30,2026-06-30,85,https://www.sbp.org.pk/economic-data
sbp_credit_loans_by_borrower,Credit and loans to the private sector,sbp,monetary,"Publishing of newspapers, journals and periodicals (ISIC rev. 4 basis)",million PKR,monthly,2019-06-30,2026-06-30,85,https://www.sbp.org.pk/economic-data
sbp_credit_loans_by_borrower,Credit and loans to the private sector,sbp,monetary,Q. Other service activities (ISIC rev. 4 basis),million PKR,monthly,2019-06-30,2026-06-30,85,https://www.sbp.org.pk/economic-data
sbp_credit_loans_by_borrower,Credit and loans to the private sector,sbp,monetary,"Quarrying of stone, sand and clay",million PKR,monthly,2006-06-30,2019-06-30,157,https://www.sbp.org.pk/economic-data
sbp_credit_loans_by_borrower,Credit and loans to the private sector,sbp,monetary,"Quarrying of stone, sand and clay (ISIC rev. 4 basis)",million PKR,monthly,2019-06-30,2026-06-30,85,https://www.sbp.org.pk/economic-data
sbp_credit_loans_by_borrower,Credit and loans to the private sector,sbp,monetary,"Radio, television and communication equipment and apparatus",million PKR,monthly,2006-06-30,2019-06-30,157,https://www.sbp.org.pk/economic-data
sbp_credit_loans_by_borrower,Credit and loans to the private sector,sbp,monetary,Raising of cattle and buffaloes (ISIC rev. 4 basis),million PKR,monthly,2019-06-30,2026-06-30,85,https://www.sbp.org.pk/economic-data
sbp_credit_loans_by_borrower,Credit and loans to the private sector,sbp,monetary,Raising of other animals and mixed farming (ISIC rev. 4 basis),million PKR,monthly,2019-06-30,2026-06-30,85,https://www.sbp.org.pk/economic-data
sbp_credit_loans_by_borrower,Credit and loans to the private sector,sbp,monetary,Raising of poultry (ISIC rev. 4 basis),million PKR,monthly,2019-06-30,2026-06-30,85,https://www.sbp.org.pk/economic-data
sbp_credit_loans_by_borrower,Credit and loans to the private sector,sbp,monetary,Raising of sheep and goats (ISIC rev. 4 basis),million PKR,monthly,2019-06-30,2026-06-30,85,https://www.sbp.org.pk/economic-data
sbp_credit_loans_by_borrower,Credit and loans to the private sector,sbp,monetary,"Real estate, renting and business activities",million PKR,monthly,2006-06-30,2019-06-30,157,https://www.sbp.org.pk/economic-data
sbp_credit_loans_by_borrower,Credit and loans to the private sector,sbp,monetary,Renting and leasing of motor vehicles (ISIC rev. 4 basis),million PKR,monthly,2019-06-30,2026-06-30,85,https://www.sbp.org.pk/economic-data
sbp_credit_loans_by_borrower,Credit and loans to the private sector,sbp,monetary,"Renting and leasing of other machinery, equipment and tangible goods n.e.c (ISIC rev. 4 basis)",million PKR,monthly,2019-06-30,2026-06-30,85,https://www.sbp.org.pk/economic-data
sbp_credit_loans_by_borrower,Credit and loans to the private sector,sbp,monetary,Renting and leasing of recreational and sports goods (ISIC rev. 4 basis),million PKR,monthly,2019-06-30,2026-06-30,85,https://www.sbp.org.pk/economic-data
sbp_credit_loans_by_borrower,Credit and loans to the private sector,sbp,monetary,Reproduction of recorded media (ISIC rev. 4 basis),million PKR,monthly,2019-06-30,2026-06-30,85,https://www.sbp.org.pk/economic-data
sbp_credit_loans_by_borrower,Credit and loans to the private sector,sbp,monetary,Residential (ISIC rev. 4 basis),million PKR,monthly,2019-06-30,2026-06-30,85,https://www.sbp.org.pk/economic-data
sbp_credit_loans_by_borrower,Credit and loans to the private sector,sbp,monetary,"Retail sale in non-specialized stores with food, beverages or tobacco predominating (ISIC rev. 4 basis)",million PKR,monthly,2019-06-30,2026-06-30,85,https://www.sbp.org.pk/economic-data
sbp_credit_loans_by_borrower,Credit and loans to the private sector,sbp,monetary,Retail sale of audio and video equipment in specialized stores (ISIC rev. 4 basis),million PKR,monthly,2019-06-30,2026-06-30,85,https://www.sbp.org.pk/economic-data
sbp_credit_loans_by_borrower,Credit and loans to the private sector,sbp,monetary,Retail sale of automotive fuel in specialized stores/pumps (ISIC rev. 4 basis),million PKR,monthly,2019-06-30,2026-06-30,85,https://www.sbp.org.pk/economic-data
sbp_credit_loans_by_borrower,Credit and loans to the private sector,sbp,monetary,Retail sale of beverages in specialized stores (ISIC rev. 4 basis),million PKR,monthly,2019-06-30,2026-06-30,85,https://www.sbp.org.pk/economic-data
sbp_credit_loans_by_borrower,Credit and loans to the private sector,sbp,monetary,"Retail sale of books, newspapers and stationary in specialized stores (ISIC rev. 4 basis)",million PKR,monthly,2019-06-30,2026-06-30,85,https://www.sbp.org.pk/economic-data
sbp_credit_loans_by_borrower,Credit and loans to the private sector,sbp,monetary,"Retail sale of carpets, rugs, wall and floor coverings in specialized stores (ISIC rev. 4 basis)",million PKR,monthly,2019-06-30,2026-06-30,85,https://www.sbp.org.pk/economic-data
sbp_credit_loans_by_borrower,Credit and loans to the private sector,sbp,monetary,"Retail sale of clothing, footwear and leather articles in specialized stores (ISIC rev. 4 basis)",million PKR,monthly,2019-06-30,2026-06-30,85,https://www.sbp.org.pk/economic-data
sbp_credit_loans_by_borrower,Credit and loans to the private sector,sbp,monetary,"Retail sale of computers, peripheral units, software and telecommunications equipment in specialized stores (ISIC rev. 4 basis)",million PKR,monthly,2019-06-30,2026-06-30,85,https://www.sbp.org.pk/economic-data
sbp_credit_loans_by_borrower,Credit and loans to the private sector,sbp,monetary,"Retail sale of electrical household appliances, furniture, lighting equipment and other household articles in specialized stores (ISIC rev. 4 basis)",million PKR,monthly,2019-06-30,2026-06-30,85,https://www.sbp.org.pk/economic-data
sbp_credit_loans_by_borrower,Credit and loans to the private sector,sbp,monetary,Retail sale of food in specialized stores (ISIC rev. 4 basis),million PKR,monthly,2019-06-30,2026-06-30,85,https://www.sbp.org.pk/economic-data
sbp_credit_loans_by_borrower,Credit and loans to the private sector,sbp,monetary,Retail sale of games and toys in specialized stores (ISIC rev. 4 basis),million PKR,monthly,2019-06-30,2026-06-30,85,https://www.sbp.org.pk/economic-data
sbp_credit_loans_by_borrower,Credit and loans to the private sector,sbp,monetary,"Retail sale of hardware, paints and glass in specialized stores (ISIC rev. 4 basis)",million PKR,monthly,2019-06-30,2026-06-30,85,https://www.sbp.org.pk/economic-data
sbp_credit_loans_by_borrower,Credit and loans to the private sector,sbp,monetary,Retail sale of music and video recordings in specialized stores (ISIC rev. 4 basis),million PKR,monthly,2019-06-30,2026-06-30,85,https://www.sbp.org.pk/economic-data
sbp_credit_loans_by_borrower,Credit and loans to the private sector,sbp,monetary,"Retail sale of pharmaceutical and medical goods, cosmetic and toilet articles in specialized stores (ISIC rev. 4 basis)",million PKR,monthly,2019-06-30,2026-06-30,85,https://www.sbp.org.pk/economic-data
sbp_credit_loans_by_borrower,Credit and loans to the private sector,sbp,monetary,Retail sale of second-hand goods (ISIC rev. 4 basis),million PKR,monthly,2019-06-30,2026-06-30,85,https://www.sbp.org.pk/economic-data
sbp_credit_loans_by_borrower,Credit and loans to the private sector,sbp,monetary,Retail sale of sporting equipment in specialized stores (ISIC rev. 4 basis),million PKR,monthly,2019-06-30,2026-06-30,85,https://www.sbp.org.pk/economic-data
sbp_credit_loans_by_borrower,Credit and loans to the private sector,sbp,monetary,Retail sale of textiles in specialized stores (ISIC rev. 4 basis),million PKR,monthly,2019-06-30,2026-06-30,85,https://www.sbp.org.pk/economic-data
sbp_credit_loans_by_borrower,Credit and loans to the private sector,sbp,monetary,Retail sale of tobacco products in specialized stores (ISIC rev. 4 basis),million PKR,monthly,2019-06-30,2026-06-30,85,https://www.sbp.org.pk/economic-data
sbp_credit_loans_by_borrower,Credit and loans to the private sector,sbp,monetary,Retail trade,million PKR,monthly,2006-06-30,2019-06-30,157,https://www.sbp.org.pk/economic-data
sbp_credit_loans_by_borrower,Credit and loans to the private sector,sbp,monetary,Rubber and plastics products,million PKR,monthly,2006-06-30,2019-06-30,157,https://www.sbp.org.pk/economic-data
sbp_credit_loans_by_borrower,Credit and loans to the private sector,sbp,monetary,Sale of motor vehicle parts and accessories (ISIC rev. 4 basis),million PKR,monthly,2019-06-30,2026-06-30,85,https://www.sbp.org.pk/economic-data
sbp_credit_loans_by_borrower,Credit and loans to the private sector,sbp,monetary,Sale of motor vehicles (ISIC rev. 4 basis),million PKR,monthly,2019-06-30,2026-06-30,85,https://www.sbp.org.pk/economic-data
sbp_credit_loans_by_borrower,Credit and loans to the private sector,sbp,monetary,"Sale, maintenance and repair of motor vehicles and motorcycles",million PKR,monthly,2006-06-30,2019-06-30,157,https://www.sbp.org.pk/economic-data
sbp_credit_loans_by_borrower,Credit and loans to the private sector,sbp,monetary,"Sale, maintenance and repair of motorcycles and related parts and accessories (ISIC rev. 4 basis)",million PKR,monthly,2019-06-30,2026-06-30,85,https://www.sbp.org.pk/economic-data
sbp_credit_loans_by_borrower,Credit and loans to the private sector,sbp,monetary,Sea and coastal freight water transport (ISIC rev. 4 basis),million PKR,monthly,2019-06-30,2026-06-30,85,https://www.sbp.org.pk/economic-data
sbp_credit_loans_by_borrower,Credit and loans to the private sector,sbp,monetary,Sea and coastal passenger water transport (ISIC rev. 4 basis),million PKR,monthly,2019-06-30,2026-06-30,85,https://www.sbp.org.pk/economic-data
sbp_credit_loans_by_borrower,Credit and loans to the private sector,sbp,monetary,Seed processing for propagation (ISIC rev. 4 basis),million PKR,monthly,2019-06-30,2026-06-30,85,https://www.sbp.org.pk/economic-data
sbp_credit_loans_by_borrower,Credit and loans to the private sector,sbp,monetary,Service activities related to printing (ISIC rev. 4 basis),million PKR,monthly,2019-06-30,2026-06-30,85,https://www.sbp.org.pk/economic-data
sbp_credit_loans_by_borrower,Credit and loans to the private sector,sbp,monetary,Ship Breaking and materials recovery (ISIC rev. 4 basis),million PKR,monthly,2019-06-30,2026-06-30,85,https://www.sbp.org.pk/economic-data
sbp_credit_loans_by_borrower,Credit and loans to the private sector,sbp,monetary,Ship breaking and waste / scrape (junk) etc.,million PKR,monthly,2006-06-30,2019-06-30,157,https://www.sbp.org.pk/economic-data
sbp_credit_loans_by_borrower,Credit and loans to the private sector,sbp,monetary,Short term accommodation activities (Hotels etc) (ISIC rev. 4 basis),million PKR,monthly,2019-06-30,2026-06-30,85,https://www.sbp.org.pk/economic-data
sbp_credit_loans_by_borrower,Credit and loans to the private sector,sbp,monetary,Software publishing (ISIC rev. 4 basis),million PKR,monthly,2019-06-30,2026-06-30,85,https://www.sbp.org.pk/economic-data
sbp_credit_loans_by_borrower,Credit and loans to the private sector,sbp,monetary,Sports and recreation education (ISIC rev. 4 basis),million PKR,monthly,2019-06-30,2026-06-30,85,https://www.sbp.org.pk/economic-data
sbp_credit_loans_by_borrower,Credit and loans to the private sector,sbp,monetary,Sports goods,million PKR,monthly,2006-06-30,2019-06-30,157,https://www.sbp.org.pk/economic-data
sbp_credit_loans_by_borrower,Credit and loans to the private sector,sbp,monetary,Steam and air conditioning supply (ISIC rev. 4 basis),million PKR,monthly,2019-06-30,2026-06-30,85,https://www.sbp.org.pk/economic-data
sbp_credit_loans_by_borrower,Credit and loans to the private sector,sbp,monetary,Support activities for animal production (ISIC rev. 4 basis),million PKR,monthly,2019-06-30,2026-06-30,85,https://www.sbp.org.pk/economic-data
sbp_credit_loans_by_borrower,Credit and loans to the private sector,sbp,monetary,Support activities for crop production (ISIC rev. 4 basis),million PKR,monthly,2019-06-30,2026-06-30,85,https://www.sbp.org.pk/economic-data
sbp_credit_loans_by_borrower,Credit and loans to the private sector,sbp,monetary,Support activities for crop production excluding Agr. Machinery and Equip. (ISIC rev. 4 basis),million PKR,monthly,2019-06-30,2026-06-30,85,https://www.sbp.org.pk/economic-data
sbp_credit_loans_by_borrower,Credit and loans to the private sector,sbp,monetary,Tanning and dressing of leather,million PKR,monthly,2006-06-30,2019-06-30,157,https://www.sbp.org.pk/economic-data
sbp_credit_loans_by_borrower,Credit and loans to the private sector,sbp,monetary,Tanning and dressing of leather; dressing and dyeing of fur (ISIC rev. 4 basis),million PKR,monthly,2019-06-30,2026-06-30,85,https://www.sbp.org.pk/economic-data
sbp_credit_loans_by_borrower,Credit and loans to the private sector,sbp,monetary,Tanning and dressing of leather; manufacture of luggage and footwear,million PKR,monthly,2006-06-30,2019-06-30,157,https://www.sbp.org.pk/economic-data
sbp_credit_loans_by_borrower,Credit and loans to the private sector,sbp,monetary,Technical and vocational secondary education (ISIC rev. 4 basis),million PKR,monthly,2019-06-30,2026-06-30,85,https://www.sbp.org.pk/economic-data
sbp_credit_loans_by_borrower,Credit and loans to the private sector,sbp,monetary,Textiles,million PKR,monthly,2006-06-30,2019-06-30,157,https://www.sbp.org.pk/economic-data
sbp_credit_loans_by_borrower,Credit and loans to the private sector,sbp,monetary,Tobacco products,million PKR,monthly,2006-06-30,2019-06-30,157,https://www.sbp.org.pk/economic-data
sbp_credit_loans_by_borrower,Credit and loans to the private sector,sbp,monetary,Total Credit (1+2),million PKR,monthly,2006-06-30,2019-06-30,157,https://www.sbp.org.pk/economic-data
sbp_credit_loans_by_borrower,Credit and loans to the private sector,sbp,monetary,Total Credit (1+2) (ISIC rev. 4 basis),million PKR,monthly,2019-06-30,2026-06-30,85,https://www.sbp.org.pk/economic-data
sbp_credit_loans_by_borrower,Credit and loans to the private sector,sbp,monetary,Transport via pipeline (ISIC rev. 4 basis),million PKR,monthly,2019-06-30,2026-06-30,85,https://www.sbp.org.pk/economic-data
sbp_credit_loans_by_borrower,Credit and loans to the private sector,sbp,monetary,"Transport, storage and communications",million PKR,monthly,2006-06-30,2019-06-30,157,https://www.sbp.org.pk/economic-data
sbp_credit_loans_by_borrower,Credit and loans to the private sector,sbp,monetary,Urban and suburban passenger land transport (ISIC rev. 4 basis),million PKR,monthly,2019-06-30,2026-06-30,85,https://www.sbp.org.pk/economic-data
sbp_credit_loans_by_borrower,Credit and loans to the private sector,sbp,monetary,Warehousing and storage (ISIC rev. 4 basis),million PKR,monthly,2019-06-30,2026-06-30,85,https://www.sbp.org.pk/economic-data
sbp_credit_loans_by_borrower,Credit and loans to the private sector,sbp,monetary,"Waste Collection, treatment and disposal activities (ISIC rev. 4 basis)",million PKR,monthly,2019-06-30,2026-06-30,85,https://www.sbp.org.pk/economic-data
sbp_credit_loans_by_borrower,Credit and loans to the private sector,sbp,monetary,"Waste Collection, treatment and disposal activities n.e.c (ISIC rev. 4 basis)",million PKR,monthly,2019-06-30,2026-06-30,85,https://www.sbp.org.pk/economic-data
sbp_credit_loans_by_borrower,Credit and loans to the private sector,sbp,monetary,"Wearing apparel, readymade garments",million PKR,monthly,2006-06-30,2019-06-30,157,https://www.sbp.org.pk/economic-data
sbp_credit_loans_by_borrower,Credit and loans to the private sector,sbp,monetary,Weaving of textiles (ISIC rev. 4 basis),million PKR,monthly,2019-06-30,2026-06-30,85,https://www.sbp.org.pk/economic-data
sbp_credit_loans_by_borrower,Credit and loans to the private sector,sbp,monetary,Web portals (ISIC rev. 4 basis),million PKR,monthly,2019-06-30,2026-06-30,85,https://www.sbp.org.pk/economic-data
sbp_credit_loans_by_borrower,Credit and loans to the private sector,sbp,monetary,Wholesale and commission trade,million PKR,monthly,2006-06-30,2019-06-30,157,https://www.sbp.org.pk/economic-data
sbp_credit_loans_by_borrower,Credit and loans to the private sector,sbp,monetary,"Wholesale of agricultural machinery, equipment and supplies (ISIC rev. 4 basis)",million PKR,monthly,2019-06-30,2026-06-30,85,https://www.sbp.org.pk/economic-data
sbp_credit_loans_by_borrower,Credit and loans to the private sector,sbp,monetary,Wholesale of agricultural raw materials and live animals (ISIC rev. 4 basis),million PKR,monthly,2019-06-30,2026-06-30,85,https://www.sbp.org.pk/economic-data
sbp_credit_loans_by_borrower,Credit and loans to the private sector,sbp,monetary,"Wholesale of computers, computer peripheral equipment and software (ISIC rev. 4 basis)",million PKR,monthly,2019-06-30,2026-06-30,85,https://www.sbp.org.pk/economic-data
sbp_credit_loans_by_borrower,Credit and loans to the private sector,sbp,monetary,"Wholesale of construction materials, hardware, plumbing and heating equipment and supplies (ISIC rev. 4 basis)",million PKR,monthly,2019-06-30,2026-06-30,85,https://www.sbp.org.pk/economic-data
sbp_credit_loans_by_borrower,Credit and loans to the private sector,sbp,monetary,Wholesale of electronic and telecommunications equipment and parts (ISIC rev. 4 basis),million PKR,monthly,2019-06-30,2026-06-30,85,https://www.sbp.org.pk/economic-data
sbp_credit_loans_by_borrower,Credit and loans to the private sector,sbp,monetary,Wholesale of fertilizers and agrochemical products (ISIC rev. 4 basis),million PKR,monthly,2019-06-30,2026-06-30,85,https://www.sbp.org.pk/economic-data
sbp_credit_loans_by_borrower,Credit and loans to the private sector,sbp,monetary,"Wholesale of food, beverages and tobacco (ISIC rev. 4 basis)",million PKR,monthly,2019-06-30,2026-06-30,85,https://www.sbp.org.pk/economic-data
sbp_credit_loans_by_borrower,Credit and loans to the private sector,sbp,monetary,Wholesale of metals and metal ores (ISIC rev. 4 basis),million PKR,monthly,2019-06-30,2026-06-30,85,https://www.sbp.org.pk/economic-data
sbp_credit_loans_by_borrower,Credit and loans to the private sector,sbp,monetary,Wholesale of other household goods (ISIC rev. 4 basis),million PKR,monthly,2019-06-30,2026-06-30,85,https://www.sbp.org.pk/economic-data
sbp_credit_loans_by_borrower,Credit and loans to the private sector,sbp,monetary,Wholesale of other machinery and equipment (ISIC rev. 4 basis),million PKR,monthly,2019-06-30,2026-06-30,85,https://www.sbp.org.pk/economic-data
sbp_credit_loans_by_borrower,Credit and loans to the private sector,sbp,monetary,Wholesale of paper in bulk (ISIC rev. 4 basis),million PKR,monthly,2019-06-30,2026-06-30,85,https://www.sbp.org.pk/economic-data
sbp_credit_loans_by_borrower,Credit and loans to the private sector,sbp,monetary,Wholesale of plastic materials in primary forms (ISIC rev. 4 basis),million PKR,monthly,2019-06-30,2026-06-30,85,https://www.sbp.org.pk/economic-data
sbp_credit_loans_by_borrower,Credit and loans to the private sector,sbp,monetary,"Wholesale of solid, liquid and gaseous fuels and related products (ISIC rev. 4 basis)",million PKR,monthly,2019-06-30,2026-06-30,85,https://www.sbp.org.pk/economic-data
sbp_credit_loans_by_borrower,Credit and loans to the private sector,sbp,monetary,"Wholesale of textiles, clothing and footwear (ISIC rev. 4 basis)",million PKR,monthly,2019-06-30,2026-06-30,85,https://www.sbp.org.pk/economic-data
sbp_credit_loans_by_borrower,Credit and loans to the private sector,sbp,monetary,Wholesale of waste and scrap and other products n.e.c. (ISIC rev. 4 basis),million PKR,monthly,2019-06-30,2026-06-30,85,https://www.sbp.org.pk/economic-data
sbp_credit_loans_by_borrower,Credit and loans to the private sector,sbp,monetary,Wholesale on a fee or contract basis (ISIC rev. 4 basis),million PKR,monthly,2019-06-30,2026-06-30,85,https://www.sbp.org.pk/economic-data
sbp_credit_loans_by_borrower,Credit and loans to the private sector,sbp,monetary,Wired telecommunications activities (ISIC rev. 4 basis),million PKR,monthly,2019-06-30,2026-06-30,85,https://www.sbp.org.pk/economic-data
sbp_credit_loans_by_borrower,Credit and loans to the private sector,sbp,monetary,Wireless telecommunications activities (ISIC rev. 4 basis),million PKR,monthly,2019-06-30,2026-06-30,85,https://www.sbp.org.pk/economic-data
sbp_credit_loans_by_borrower,Credit and loans to the private sector,sbp,monetary,"Wood and of products of wood and cork,",million PKR,monthly,2006-06-30,2019-06-30,157,https://www.sbp.org.pk/economic-data
sbp_credit_loans_by_borrower,Credit and loans to the private sector,sbp,monetary,a) Hydal (ISIC rev. 4 basis),million PKR,monthly,2019-06-30,2026-06-30,85,https://www.sbp.org.pk/economic-data
sbp_credit_loans_by_borrower,Credit and loans to the private sector,sbp,monetary,a- Wheat Processing (ISIC rev. 4 basis),million PKR,monthly,2019-06-30,2026-06-30,85,https://www.sbp.org.pk/economic-data
sbp_credit_loans_by_borrower,Credit and loans to the private sector,sbp,monetary,a. Exports,million PKR,monthly,2006-06-30,2019-06-30,157,https://www.sbp.org.pk/economic-data
sbp_credit_loans_by_borrower,Credit and loans to the private sector,sbp,monetary,a. Leather wear (ISIC rev. 4 basis),million PKR,monthly,2019-06-30,2026-06-30,85,https://www.sbp.org.pk/economic-data
sbp_credit_loans_by_borrower,Credit and loans to the private sector,sbp,monetary,a. Manufacture of bed wear (ISIC rev. 4 basis),million PKR,monthly,2019-06-30,2026-06-30,85,https://www.sbp.org.pk/economic-data
sbp_credit_loans_by_borrower,Credit and loans to the private sector,sbp,monetary,a. Spinning of fibres,million PKR,monthly,2006-06-30,2019-06-30,157,https://www.sbp.org.pk/economic-data
sbp_credit_loans_by_borrower,Credit and loans to the private sector,sbp,monetary,b) Thermal (ISIC rev. 4 basis),million PKR,monthly,2019-06-30,2026-06-30,85,https://www.sbp.org.pk/economic-data
sbp_credit_loans_by_borrower,Credit and loans to the private sector,sbp,monetary,b- Rice Processing (ISIC rev. 4 basis),million PKR,monthly,2019-06-30,2026-06-30,85,https://www.sbp.org.pk/economic-data
sbp_credit_loans_by_borrower,Credit and loans to the private sector,sbp,monetary,b. Imports,million PKR,monthly,2006-06-30,2019-06-30,157,https://www.sbp.org.pk/economic-data
sbp_credit_loans_by_borrower,Credit and loans to the private sector,sbp,monetary,b. Manufacture of other made up textile articles (ISIC rev. 4 basis),million PKR,monthly,2019-06-30,2026-06-30,85,https://www.sbp.org.pk/economic-data
sbp_credit_loans_by_borrower,Credit and loans to the private sector,sbp,monetary,b. Rubber and Plastic wear (ISIC rev. 4 basis),million PKR,monthly,2019-06-30,2026-06-30,85,https://www.sbp.org.pk/economic-data
sbp_credit_loans_by_borrower,Credit and loans to the private sector,sbp,monetary,b. Weaving of textiles,million PKR,monthly,2006-06-30,2019-06-30,157,https://www.sbp.org.pk/economic-data
sbp_credit_loans_by_borrower,Credit and loans to the private sector,sbp,monetary,c) Coal Based (ISIC rev. 4 basis),million PKR,monthly,2019-06-30,2026-06-30,85,https://www.sbp.org.pk/economic-data
sbp_credit_loans_by_borrower,Credit and loans to the private sector,sbp,monetary,c- Others (ISIC rev. 4 basis),million PKR,monthly,2019-06-30,2026-06-30,85,https://www.sbp.org.pk/economic-data
sbp_credit_loans_by_borrower,Credit and loans to the private sector,sbp,monetary,c. Domestic whole sales,million PKR,monthly,2006-06-30,2019-06-30,157,https://www.sbp.org.pk/economic-data
sbp_credit_loans_by_borrower,Credit and loans to the private sector,sbp,monetary,c. Finishing of textilesá,million PKR,monthly,2006-06-30,2019-06-30,157,https://www.sbp.org.pk/economic-data
sbp_credit_loans_by_borrower,Credit and loans to the private sector,sbp,monetary,d) Wind (ISIC rev. 4 basis),million PKR,monthly,2019-06-30,2026-06-30,85,https://www.sbp.org.pk/economic-data
sbp_credit_loans_by_borrower,Credit and loans to the private sector,sbp,monetary,e) Solar (ISIC rev. 4 basis),million PKR,monthly,2019-06-30,2026-06-30,85,https://www.sbp.org.pk/economic-data
sbp_credit_loans_by_borrower,Credit and loans to the private sector,sbp,monetary,f) Other (ISIC rev. 4 basis),million PKR,monthly,2019-06-30,2026-06-30,85,https://www.sbp.org.pk/economic-data
sbp_credit_loans_by_borrower,Credit and loans to the private sector,sbp,monetary,"i. Printing of books, brochures and other related (ISIC rev. 4 basis)",million PKR,monthly,2019-06-30,2026-06-30,85,https://www.sbp.org.pk/economic-data
sbp_credit_loans_by_borrower,Credit and loans to the private sector,sbp,monetary,"ii. Printing of newspapers, journals, periodicals and related printing (ISIC rev. 4 basis)",million PKR,monthly,2019-06-30,2026-06-30,85,https://www.sbp.org.pk/economic-data
sbp_interest_rate_corridor,SBP standing facility usage (ceiling / floor amounts and institutions),sbp,monetary,Ceiling — Amount,million PKR / count,daily,2009-08-13,2026-08-07,1684,https://www.sbp.org.pk/ecodata/index2.asp
sbp_interest_rate_corridor,SBP standing facility usage (ceiling / floor amounts and institutions),sbp,monetary,Ceiling — Institutions,million PKR / count,daily,2009-08-13,2026-08-07,1684,https://www.sbp.org.pk/ecodata/index2.asp
sbp_interest_rate_corridor,SBP standing facility usage (ceiling / floor amounts and institutions),sbp,monetary,Floor — Amount,million PKR / count,daily,2009-08-13,2026-08-04,1942,https://www.sbp.org.pk/ecodata/index2.asp
sbp_interest_rate_corridor,SBP standing facility usage (ceiling / floor amounts and institutions),sbp,monetary,Floor — Institutions,million PKR / count,daily,2009-08-13,2026-08-04,1942,https://www.sbp.org.pk/ecodata/index2.asp
sbp_interest_rates,"Structure of interest rates (policy rate, KIBOR, lending/deposit rates)",sbp,monetary,"Deposit rate — fresh (marginal) (PKR, all banks)",%,monthly,2017-06-30,2026-06-30,21,https://www.sbp.org.pk/ecodata/index2.asp
sbp_interest_rates,"Structure of interest rates (policy rate, KIBOR, lending/deposit rates)",sbp,monetary,"Deposit rate — outstanding (stocks) (PKR, all banks)",%,monthly,2017-06-30,2026-06-30,21,https://www.sbp.org.pk/ecodata/index2.asp
sbp_interest_rates,"Structure of interest rates (policy rate, KIBOR, lending/deposit rates)",sbp,monetary,KIBOR 1-month,%,daily,2026-06-18,2026-07-31,29,https://www.sbp.org.pk/ecodata/index2.asp
sbp_interest_rates,"Structure of interest rates (policy rate, KIBOR, lending/deposit rates)",sbp,monetary,KIBOR 1-month (monthly average),%,monthly,2025-07-31,2026-07-31,13,https://www.sbp.org.pk/ecodata/index2.asp
sbp_interest_rates,"Structure of interest rates (policy rate, KIBOR, lending/deposit rates)",sbp,monetary,KIBOR 3-month,%,daily,2026-06-18,2026-07-31,29,https://www.sbp.org.pk/ecodata/index2.asp
sbp_interest_rates,"Structure of interest rates (policy rate, KIBOR, lending/deposit rates)",sbp,monetary,KIBOR 3-month (monthly average),%,monthly,2025-07-31,2026-07-31,13,https://www.sbp.org.pk/ecodata/index2.asp
sbp_interest_rates,"Structure of interest rates (policy rate, KIBOR, lending/deposit rates)",sbp,monetary,KIBOR 6-month,%,daily,2026-06-18,2026-07-31,29,https://www.sbp.org.pk/ecodata/index2.asp
sbp_interest_rates,"Structure of interest rates (policy rate, KIBOR, lending/deposit rates)",sbp,monetary,KIBOR 6-month (monthly average),%,monthly,2025-07-31,2026-07-31,13,https://www.sbp.org.pk/ecodata/index2.asp
sbp_interest_rates,"Structure of interest rates (policy rate, KIBOR, lending/deposit rates)",sbp,monetary,"Lending rate — fresh (marginal) (PKR, all banks)",%,monthly,2017-06-30,2026-06-30,21,https://www.sbp.org.pk/ecodata/index2.asp
sbp_interest_rates,"Structure of interest rates (policy rate, KIBOR, lending/deposit rates)",sbp,monetary,"Lending rate — outstanding (stocks) (PKR, all banks)",%,monthly,2017-06-30,2026-06-30,21,https://www.sbp.org.pk/ecodata/index2.asp
sbp_interest_rates,"Structure of interest rates (policy rate, KIBOR, lending/deposit rates)",sbp,monetary,Minimum rate of return on saving deposits,%,irregular,2023-01-24,2026-04-28,13,https://www.sbp.org.pk/ecodata/index2.asp
sbp_interest_rates,"Structure of interest rates (policy rate, KIBOR, lending/deposit rates)",sbp,monetary,SBP Policy Rate (target),%,irregular,2023-01-24,2026-04-28,13,https://www.sbp.org.pk/ecodata/index2.asp
sbp_interest_rates,"Structure of interest rates (policy rate, KIBOR, lending/deposit rates)",sbp,monetary,SBP Repo Rate (floor),%,irregular,2023-01-24,2026-04-28,13,https://www.sbp.org.pk/ecodata/index2.asp
sbp_interest_rates,"Structure of interest rates (policy rate, KIBOR, lending/deposit rates)",sbp,monetary,SBP Reverse Repo Rate (ceiling),%,irregular,2023-01-24,2026-04-28,13,https://www.sbp.org.pk/ecodata/index2.asp
sbp_interest_rates,"Structure of interest rates (policy rate, KIBOR, lending/deposit rates)",sbp,monetary,T-bill 1-month cut-off yield,%,irregular,2025-03-19,2026-07-22,35,https://www.sbp.org.pk/ecodata/index2.asp
sbp_interest_rates,"Structure of interest rates (policy rate, KIBOR, lending/deposit rates)",sbp,monetary,T-bill 1-month weighted average yield,%,irregular,2025-03-26,2026-07-22,34,https://www.sbp.org.pk/ecodata/index2.asp
sbp_interest_rates,"Structure of interest rates (policy rate, KIBOR, lending/deposit rates)",sbp,monetary,T-bill 12-month cut-off yield,%,irregular,2024-11-13,2026-07-22,44,https://www.sbp.org.pk/ecodata/index2.asp
sbp_interest_rates,"Structure of interest rates (policy rate, KIBOR, lending/deposit rates)",sbp,monetary,T-bill 12-month weighted average yield,%,irregular,2024-11-13,2026-07-22,44,https://www.sbp.org.pk/ecodata/index2.asp
sbp_interest_rates,"Structure of interest rates (policy rate, KIBOR, lending/deposit rates)",sbp,monetary,T-bill 3-month cut-off yield,%,irregular,2024-11-13,2026-07-22,44,https://www.sbp.org.pk/ecodata/index2.asp
sbp_interest_rates,"Structure of interest rates (policy rate, KIBOR, lending/deposit rates)",sbp,monetary,T-bill 3-month weighted average yield,%,irregular,2024-11-13,2026-07-22,44,https://www.sbp.org.pk/ecodata/index2.asp
sbp_interest_rates,"Structure of interest rates (policy rate, KIBOR, lending/deposit rates)",sbp,monetary,T-bill 6-month cut-off yield,%,irregular,2024-11-13,2026-07-22,44,https://www.sbp.org.pk/ecodata/index2.asp
sbp_interest_rates,"Structure of interest rates (policy rate, KIBOR, lending/deposit rates)",sbp,monetary,T-bill 6-month weighted average yield,%,irregular,2024-11-13,2026-07-22,44,https://www.sbp.org.pk/ecodata/index2.asp
